datetime,symbol,shares,price,reason
2010-03-16 09:41:00,TQQQ,-1558,105.01,entry
2010-03-16 10:45:00,TQQQ,1558,105.42,exit
2010-03-17 09:35:00,TQQQ,1923,107.58,entry
2010-03-17 09:36:00,TQQQ,-1923,107.13,exit
2010-03-22 09:36:00,TQQQ,865,105.988,entry
2010-03-22 15:30:00,TQQQ,-865,110.07,exit
2010-03-24 09:36:00,TQQQ,-2448,110.75,entry
2010-03-24 09:45:00,TQQQ,2448,111.01,exit
2010-03-29 09:39:00,TQQQ,958,112.52,entry
2010-03-29 10:00:00,TQQQ,-958,111.8509,exit
2010-03-30 09:35:00,TQQQ,2198,112.95,entry
2010-03-30 09:38:00,TQQQ,-2198,112.567,exit
2010-04-08 09:36:00,TQQQ,-1998,112.77,entry
2010-04-08 10:31:00,TQQQ,1998,113.25,exit
2010-04-16 10:15:00,TQQQ,1334,124.42,entry
2010-04-16 10:37:00,TQQQ,-1334,123.93,exit
2010-04-21 10:18:00,TQQQ,-1065,123.8713,entry
2010-04-21 10:46:00,TQQQ,1065,124.52,exit
2010-04-22 09:36:00,TQQQ,-1064,119.83,entry
2010-04-22 10:15:00,TQQQ,1064,120.42,exit
2010-04-26 09:36:00,TQQQ,1473,128.43,entry
2010-04-26 09:45:00,TQQQ,-1473,128.0,exit
2010-04-28 09:35:00,TQQQ,-1266,120.0934,entry
2010-04-28 14:25:00,TQQQ,1266,120.22,exit
2010-04-29 09:37:00,TQQQ,785,122.14,entry
2010-04-29 15:30:00,TQQQ,-785,125.85,exit
2010-05-26 09:39:00,TQQQ,455,89.43,entry
2010-05-26 11:27:00,TQQQ,-455,88.12,exit
2010-06-10 09:52:00,TQQQ,675,84.48,entry
2010-06-10 12:20:00,TQQQ,-675,83.59,exit
2010-06-23 09:37:00,TQQQ,-793,93.27,entry
2010-06-23 14:30:00,TQQQ,793,94.41,exit
2010-06-28 09:42:00,TQQQ,-850,87.22,entry
2010-06-28 10:47:00,TQQQ,850,88.02,exit
2010-06-29 09:39:00,TQQQ,-605,82.071,entry
2010-06-29 15:30:00,TQQQ,605,76.5,exit
2010-07-07 09:35:00,TQQQ,808,74.73,entry
2010-07-07 09:47:00,TQQQ,-808,73.9152,exit
2010-07-12 09:35:00,TQQQ,645,84.59,entry
2010-07-12 10:50:00,TQQQ,-645,83.67,exit
2010-07-14 10:21:00,TQQQ,1064,88.96,entry
2010-07-14 13:52:00,TQQQ,-1064,88.18,exit
2010-07-16 09:39:00,TQQQ,-1220,87.64,entry
2010-07-16 13:46:00,TQQQ,1220,82.82,exit
2010-07-19 09:44:00,TQQQ,761,83.66,entry
2010-07-19 10:09:00,TQQQ,-761,82.5,exit
2010-07-22 09:40:00,TQQQ,655,88.189,entry
2010-07-22 15:30:00,TQQQ,-655,90.22,exit
2010-07-23 09:38:00,TQQQ,997,88.64,entry
2010-07-23 09:58:00,TQQQ,-997,87.97,exit
2010-07-26 09:38:00,TQQQ,-1117,90.8804,entry
2010-07-26 09:55:00,TQQQ,1117,91.48,exit
2010-08-02 09:43:00,TQQQ,-1052,92.26,entry
2010-08-02 09:49:00,TQQQ,1052,92.95,exit
2010-08-04 09:43:00,TQQQ,740,95.97,entry
2010-08-04 10:10:00,TQQQ,-740,94.79,exit
2010-08-17 10:05:00,TQQQ,851,86.27,entry
2010-08-17 10:20:00,TQQQ,-851,85.4501,exit
2010-08-23 10:04:00,TQQQ,-1253,85.14,entry
2010-08-23 15:30:00,TQQQ,1253,82.36,exit
2010-08-25 09:39:00,TQQQ,980,76.6,entry
2010-08-25 09:51:00,TQQQ,-980,75.74,exit
2010-08-26 09:35:00,TQQQ,-1296,79.54,entry
2010-08-26 09:42:00,TQQQ,1296,80.25,exit
2010-08-27 09:37:00,TQQQ,-1090,77.41,entry
2010-08-27 10:26:00,TQQQ,1090,77.65,exit
2010-08-31 09:40:00,TQQQ,-884,74.8,entry
2010-08-31 09:46:00,TQQQ,884,75.64,exit
2010-09-01 09:59:00,TQQQ,666,80.7,entry
2010-09-01 15:30:00,TQQQ,-666,82.32,exit
2010-09-09 09:47:00,TQQQ,-1305,92.92,entry
2010-09-09 10:06:00,TQQQ,1305,93.44,exit
2010-09-10 09:35:00,TQQQ,-1352,91.89,entry
2010-09-10 09:49:00,TQQQ,1352,92.4,exit
2010-09-15 09:51:00,TQQQ,1654,97.95,entry
2010-09-15 15:30:00,TQQQ,-1654,100.3,exit
2010-09-27 09:40:00,TQQQ,-973,112.19,entry
2010-09-27 10:29:00,TQQQ,973,112.88,exit
2010-09-29 09:35:00,TQQQ,1385,111.04,entry
2010-09-29 10:19:00,TQQQ,-1385,110.55,exit
2010-10-01 09:41:00,TQQQ,-917,111.13,entry
2010-10-01 15:30:00,TQQQ,917,109.19,exit
2010-10-05 09:43:00,TQQQ,1211,109.7,entry
2010-10-05 15:30:00,TQQQ,-1211,113.37,exit
2010-10-07 09:36:00,TQQQ,-1010,111.06,entry
2010-10-07 10:29:00,TQQQ,1010,111.82,exit
2010-10-08 09:35:00,TQQQ,-905,110.51,entry
2010-10-08 09:42:00,TQQQ,905,111.34,exit
2010-10-13 09:39:00,TQQQ,-1579,117.45,entry
2010-10-13 09:45:00,TQQQ,1579,117.97,exit
2010-10-14 09:36:00,TQQQ,-1012,117.94,entry
2010-10-14 09:40:00,TQQQ,1012,118.69,exit
2010-10-15 09:35:00,TQQQ,-1227,122.04,entry
2010-10-15 11:15:00,TQQQ,1227,122.65,exit
2010-10-18 09:35:00,TQQQ,-650,124.75,entry
2010-10-18 09:45:00,TQQQ,650,125.74,exit
2010-10-20 09:43:00,TQQQ,906,122.82,entry
2010-10-20 10:10:00,TQQQ,-906,121.96,exit
2010-10-21 09:35:00,TQQQ,-1213,124.81,entry
2010-10-21 09:36:00,TQQQ,1213,125.6,exit
2010-10-25 09:35:00,TQQQ,799,129.3,entry
2010-10-25 11:04:00,TQQQ,-799,128.43,exit
2010-10-26 09:35:00,TQQQ,-1051,125.35,entry
2010-10-26 09:53:00,TQQQ,1051,125.94,exit
2010-10-28 09:43:00,TQQQ,-926,131.21,entry
2010-10-28 15:30:00,TQQQ,926,130.9445,exit
2010-10-29 09:36:00,TQQQ,851,132.02,entry
2010-10-29 10:44:00,TQQQ,-851,131.11,exit
2010-11-09 09:36:00,TQQQ,-790,143.0,entry
2010-11-09 10:15:00,TQQQ,790,143.96,exit
2010-11-10 09:35:00,TQQQ,-736,139.74,entry
2010-11-10 11:50:00,TQQQ,736,140.58,exit
2010-11-12 09:54:00,TQQQ,568,138.76,entry
2010-11-12 10:14:00,TQQQ,-568,137.7,exit
2010-11-15 09:48:00,TQQQ,-1094,134.0,entry
2010-11-15 15:30:00,TQQQ,1094,132.01,exit
2010-11-17 09:35:00,TQQQ,575,125.63,entry
2010-11-17 15:26:00,TQQQ,-575,124.35,exit
2010-11-18 09:40:00,TQQQ,878,131.1391,entry
2010-11-18 15:30:00,TQQQ,-878,132.658,exit
2010-11-22 09:37:00,TQQQ,692,131.64,entry
2010-11-22 12:36:00,TQQQ,-692,130.63,exit
2010-11-26 09:35:00,TQQQ,1015,134.63,entry
2010-11-26 13:09:00,TQQQ,-1015,134.75,forced_eod
2010-12-02 09:35:00,TQQQ,637,138.841,entry
2010-12-02 15:30:00,TQQQ,-637,141.49,exit
2010-12-03 09:36:00,TQQQ,720,141.02,entry
2010-12-03 15:30:00,TQQQ,-720,141.89,exit
2010-12-07 09:37:00,TQQQ,-854,146.05,entry
2010-12-07 15:30:00,TQQQ,854,143.3576,exit
2010-12-08 09:45:00,TQQQ,796,144.54,entry
2010-12-08 09:48:00,TQQQ,-796,143.7,exit
2010-12-13 09:37:00,TQQQ,-1195,148.25,entry
2010-12-13 10:31:00,TQQQ,1195,148.8,exit
2010-12-14 09:48:00,TQQQ,-1390,145.9524,entry
2010-12-14 09:56:00,TQQQ,1390,146.63,exit
2010-12-15 10:00:00,TQQQ,1286,146.79,entry
2010-12-15 12:44:00,TQQQ,-1286,146.2726,exit
2010-12-28 09:36:00,TQQQ,-1610,150.65,entry
2010-12-28 15:32:00,TQQQ,1610,149.9099,exit
2010-12-30 10:02:00,TQQQ,-972,149.34,entry
2010-12-30 15:30:00,TQQQ,972,149.88,exit
2011-01-05 09:39:00,TQQQ,1540,153.36,entry
2011-01-05 11:31:00,TQQQ,-1540,157.45,exit
2011-01-07 09:38:00,TQQQ,-1105,159.45,entry
2011-01-07 10:14:00,TQQQ,1105,160.14,exit
2011-01-10 09:36:00,TQQQ,-1095,157.25,entry
2011-01-10 09:40:00,TQQQ,1095,157.99,exit
2011-01-13 09:36:00,TQQQ,-1672,164.85,entry
2011-01-13 10:07:00,TQQQ,1672,165.26,exit
2011-01-14 09:55:00,TQQQ,-795,164.4,entry
2011-01-14 10:00:00,TQQQ,795,165.99,exit
2011-01-19 09:35:00,TQQQ,-707,170.0,entry
2011-01-19 15:30:00,TQQQ,707,163.99,exit
2011-01-21 09:40:00,TQQQ,-1850,162.99,entry
2011-01-21 09:42:00,TQQQ,1850,163.37,exit
2011-01-24 09:35:00,TQQQ,747,159.0,entry
2011-01-24 09:58:00,TQQQ,-747,158.04,exit
2011-01-25 09:38:00,TQQQ,-932,160.9,entry
2011-01-25 09:43:00,TQQQ,932,161.9,exit
2011-01-28 09:56:00,TQQQ,-550,168.7301,entry
2011-01-28 12:01:00,TQQQ,550,156.84,exit
2011-01-31 09:35:00,TQQQ,-671,157.11,entry
2011-01-31 11:27:00,TQQQ,671,158.3,exit
2011-02-01 09:35:00,TQQQ,555,164.5,entry
2011-02-01 15:30:00,TQQQ,-555,169.09,exit
2011-02-02 09:48:00,TQQQ,1311,168.39,entry
2011-02-02 10:02:00,TQQQ,-1311,167.52,exit
2011-02-04 10:01:00,TQQQ,972,169.7896,entry
2011-02-04 10:15:00,TQQQ,-972,168.88,exit
2011-02-08 09:53:00,TQQQ,913,175.0,entry
2011-02-08 11:05:00,TQQQ,-913,174.16,exit
2011-03-11 09:35:00,TQQQ,796,79.92,entry
2011-03-11 09:54:00,TQQQ,-796,79.0001,exit
2011-03-15 09:47:00,TQQQ,697,74.28,entry
2011-03-15 10:08:00,TQQQ,-697,73.2101,exit
2011-04-15 09:37:00,TQQQ,-1649,80.62,entry
2011-04-15 10:02:00,TQQQ,1649,81.25,exit
2011-04-20 10:02:00,TQQQ,1475,86.131,entry
2011-04-20 15:30:00,TQQQ,-1475,86.769,exit
2011-04-21 09:35:00,TQQQ,-1492,88.73,entry
2011-04-21 11:39:00,TQQQ,1492,89.25,exit
2011-04-26 09:40:00,TQQQ,-2060,89.75,entry
2011-04-26 09:49:00,TQQQ,2060,90.17,exit
2011-04-27 09:54:00,TQQQ,2677,91.9886,entry
2011-04-27 09:56:00,TQQQ,-2677,91.71,exit
2011-05-06 09:35:00,TQQQ,1224,91.81,entry
2011-05-06 09:42:00,TQQQ,-1224,91.14,exit
2011-05-13 09:40:00,TQQQ,-1411,91.09,entry
2011-05-13 09:54:00,TQQQ,1411,91.5599,exit
2011-05-24 09:40:00,TQQQ,-1976,82.27,entry
2011-05-24 15:30:00,TQQQ,1976,81.46,exit
2011-05-26 09:35:00,TQQQ,1121,81.74,entry
2011-05-26 15:31:00,TQQQ,-1121,83.79,exit
2011-06-09 09:46:00,TQQQ,-1732,74.81,entry
2011-06-09 09:53:00,TQQQ,1732,75.2,exit
2011-06-14 09:37:00,TQQQ,2857,74.42,entry
2011-06-14 15:30:00,TQQQ,-2857,75.4,exit
2011-06-16 10:00:00,TQQQ,-1240,70.33,entry
2011-06-16 10:05:00,TQQQ,1240,71.0,exit
2011-06-17 09:38:00,TQQQ,-1849,71.501,entry
2011-06-17 15:30:00,TQQQ,1849,69.28,exit
2011-06-20 09:40:00,TQQQ,1939,69.43,entry
2011-06-20 15:30:00,TQQQ,-1939,70.1,exit
2011-06-21 09:35:00,TQQQ,-1362,70.37,entry
2011-06-21 09:41:00,TQQQ,1362,70.9399,exit
2011-06-22 09:39:00,TQQQ,2855,74.449,entry
2011-06-22 15:30:00,TQQQ,-2855,74.29,exit
2011-06-23 09:44:00,TQQQ,-2434,70.54,entry
2011-06-23 09:49:00,TQQQ,2434,70.9399,exit
2011-06-29 09:35:00,TQQQ,-918,77.8,entry
2011-06-29 10:39:00,TQQQ,918,78.7,exit
2011-07-01 09:35:00,TQQQ,-1603,81.82,entry
2011-07-01 09:43:00,TQQQ,1603,82.29,exit
2011-07-11 09:46:00,TQQQ,2197,88.76,entry
2011-07-11 10:10:00,TQQQ,-2197,88.33,exit
2011-07-12 09:35:00,TQQQ,-1165,85.35,entry
2011-07-12 10:05:00,TQQQ,1165,85.94,exit
2011-07-13 10:16:00,TQQQ,2042,86.4995,entry
2011-07-13 14:22:00,TQQQ,-2042,86.06,exit
2011-07-14 09:36:00,TQQQ,-1643,85.2225,entry
2011-07-14 09:40:00,TQQQ,1643,85.67,exit
2011-07-20 09:36:00,TQQQ,-1566,90.68,entry
2011-07-20 15:31:00,TQQQ,1566,88.84,exit
2011-07-21 09:35:00,TQQQ,-726,87.71,entry
2011-07-21 09:43:00,TQQQ,726,88.71,exit
2011-07-22 09:35:00,TQQQ,891,91.57,entry
2011-07-22 09:59:00,TQQQ,-891,90.79,exit
2011-07-25 09:35:00,TQQQ,1102,91.549,entry
2011-07-25 15:30:00,TQQQ,-1102,92.72,exit
2011-07-28 09:36:00,TQQQ,-1971,85.72,entry
2011-07-28 09:47:00,TQQQ,1971,86.43,exit
2011-07-29 09:57:00,TQQQ,1274,85.16,entry
2011-07-29 10:03:00,TQQQ,-1274,84.5,exit
2011-08-01 09:35:00,TQQQ,-1091,88.35,entry
2011-08-01 12:07:00,TQQQ,1091,81.99,exit
2011-08-03 09:39:00,TQQQ,-1818,78.09,entry
2011-08-03 09:53:00,TQQQ,1818,78.54,exit
2011-08-09 09:41:00,TQQQ,-742,57.1,entry
2011-08-09 09:55:00,TQQQ,742,58.29,exit
2011-08-10 10:00:00,TQQQ,-769,57.79,entry
2011-08-10 10:06:00,TQQQ,769,59.0,exit
2011-08-11 09:36:00,TQQQ,923,59.6504,entry
2011-08-11 09:43:00,TQQQ,-923,58.7108,exit
2011-08-29 09:36:00,TQQQ,905,65.3,entry
2011-08-29 15:30:00,TQQQ,-905,67.26,exit
2011-09-09 09:37:00,TQQQ,-1188,64.0,entry
2011-09-09 09:49:00,TQQQ,1188,64.65,exit
2011-09-12 09:38:00,TQQQ,931,61.0,entry
2011-09-12 13:37:00,TQQQ,-931,60.14,exit
2011-09-15 09:35:00,TQQQ,-1173,70.97,entry
2011-09-15 10:01:00,TQQQ,1173,71.6701,exit
2011-09-16 09:49:00,TQQQ,1195,74.09,entry
2011-09-16 10:44:00,TQQQ,-1195,73.326,exit
2011-09-21 09:35:00,TQQQ,905,75.9,entry
2011-09-21 09:41:00,TQQQ,-905,75.0,exit
2011-09-23 09:35:00,TQQQ,887,62.8143,entry
2011-09-23 15:30:00,TQQQ,-887,65.34,exit
2011-09-26 09:35:00,TQQQ,-1149,65.2999,entry
2011-09-26 11:42:00,TQQQ,1149,66.05,exit
2011-09-27 09:37:00,TQQQ,-934,69.5808,entry
2011-09-27 09:50:00,TQQQ,934,70.38,exit
2011-09-30 09:37:00,TQQQ,-1346,60.82,entry
2011-09-30 09:42:00,TQQQ,1346,61.69,exit
2011-10-06 10:11:00,TQQQ,909,63.1,entry
2011-10-06 15:30:00,TQQQ,-909,63.88,exit
2011-10-20 09:35:00,TQQQ,-963,73.11,entry
2011-10-20 09:46:00,TQQQ,963,73.906,exit
2011-10-25 09:35:00,TQQQ,-1247,78.6801,entry
2011-10-25 10:40:00,TQQQ,1247,79.24,exit
2011-10-28 09:35:00,TQQQ,912,81.39,entry
2011-10-28 09:50:00,TQQQ,-912,80.5,exit
2011-10-31 09:35:00,TQQQ,-1301,78.83,entry
2011-10-31 10:11:00,TQQQ,1301,79.5801,exit
2011-11-04 09:53:00,TQQQ,-1493,76.47,entry
2011-11-04 13:16:00,TQQQ,1493,77.08,exit
2011-11-11 10:04:00,TQQQ,908,75.62,entry
2011-11-11 15:30:00,TQQQ,-908,76.64,exit
2011-11-17 09:36:00,TQQQ,-1219,72.4099,entry
2011-11-17 15:30:00,TQQQ,1219,68.42,exit
2011-11-18 09:39:00,TQQQ,-1430,68.07,entry
2011-11-18 10:47:00,TQQQ,1430,68.628,exit
2011-11-28 09:38:00,TQQQ,1466,63.23,entry
2011-11-28 15:30:00,TQQQ,-1466,63.31,exit
2011-12-02 09:38:00,TQQQ,-1342,72.671,entry
2011-12-02 10:02:00,TQQQ,1342,73.28,exit
2011-12-05 09:37:00,TQQQ,-1383,73.25,entry
2011-12-05 10:10:00,TQQQ,1383,73.82,exit
2011-12-09 09:36:00,TQQQ,1463,70.2599,entry
2011-12-09 09:42:00,TQQQ,-1463,69.76,exit
2011-12-12 09:36:00,TQQQ,-1732,69.32,entry
2011-12-12 15:30:00,TQQQ,1732,69.1,exit
2011-12-16 09:36:00,TQQQ,1139,65.81,entry
2011-12-16 12:00:00,TQQQ,-1139,65.18,exit
2011-12-20 09:38:00,TQQQ,916,67.0,entry
2011-12-20 15:30:00,TQQQ,-916,68.27,exit
2011-12-21 09:35:00,TQQQ,-1416,66.5,entry
2011-12-21 15:30:00,TQQQ,1416,65.39,exit
2011-12-28 09:45:00,TQQQ,-1061,68.5,entry
2011-12-28 15:30:00,TQQQ,1061,66.64,exit
2012-01-03 09:37:00,TQQQ,2011,72.484,entry
2012-01-03 12:14:00,TQQQ,-2011,72.089,exit
2012-01-06 09:41:00,TQQQ,-1476,74.0526,entry
2012-01-06 10:15:00,TQQQ,1476,74.579,exit
2012-01-09 09:35:00,TQQQ,-2234,75.44,entry
2012-01-09 15:30:00,TQQQ,2234,74.96,exit
2012-01-13 09:40:00,TQQQ,-2589,76.12,entry
2012-01-13 09:46:00,TQQQ,2589,76.39,exit
2012-01-20 10:14:00,TQQQ,2771,82.8157,entry
2012-01-20 11:04:00,TQQQ,-2771,82.547,exit
2012-01-23 09:35:00,TQQQ,2092,83.57,entry
2012-01-23 11:15:00,TQQQ,-2092,83.24,exit
2012-01-26 09:36:00,TQQQ,-2079,86.35,entry
2012-01-26 09:42:00,TQQQ,2079,86.74,exit
2012-02-06 09:35:00,TQQQ,-2271,91.26,entry
2012-02-06 09:49:00,TQQQ,2271,91.569,exit
2012-02-08 09:52:00,TQQQ,2418,93.73,entry
2012-02-08 10:41:00,TQQQ,-2418,93.37,exit
2012-02-13 09:46:00,TQQQ,-1626,96.422,entry
2012-02-13 09:53:00,TQQQ,1626,96.84,exit
2012-02-15 09:40:00,TQQQ,-1571,99.0,entry
2012-02-15 09:47:00,TQQQ,1571,99.52,exit
2012-02-22 09:42:00,TQQQ,1779,99.56,entry
2012-02-22 10:32:00,TQQQ,-1779,99.0,exit
2012-02-23 09:35:00,TQQQ,-1799,98.32,entry
2012-02-23 10:06:00,TQQQ,1799,98.69,exit
2012-02-27 09:35:00,TQQQ,-2251,99.34,entry
2012-02-27 10:00:00,TQQQ,2251,99.6799,exit
2012-03-01 09:52:00,TQQQ,1752,105.42,entry
2012-03-01 10:00:00,TQQQ,-1752,104.21,exit
2012-03-05 09:35:00,TQQQ,-2605,105.236,entry
2012-03-05 09:40:00,TQQQ,2605,105.54,exit
2012-03-13 10:08:00,TQQQ,-1266,107.76,entry
2012-03-13 10:14:00,TQQQ,1266,108.27,exit
2012-03-14 09:46:00,TQQQ,1194,113.62,entry
2012-03-14 11:34:00,TQQQ,-1194,113.07,exit
2012-03-16 09:37:00,TQQQ,-1271,114.33,entry
2012-03-16 10:37:00,TQQQ,1271,114.84,exit
2012-03-20 09:41:00,TQQQ,-1667,114.45,entry
2012-03-20 10:08:00,TQQQ,1667,114.98,exit
2012-03-23 09:35:00,TQQQ,-1659,116.65,entry
2012-03-23 15:30:00,TQQQ,1659,116.5,exit
2012-03-28 09:36:00,TQQQ,2122,123.96,entry
2012-03-28 09:46:00,TQQQ,-2122,123.58,exit
2012-04-04 10:01:00,TQQQ,-810,119.292,entry
2012-04-04 15:30:00,TQQQ,810,118.23,exit
2012-04-11 09:39:00,TQQQ,-1042,114.0,entry
2012-04-11 09:56:00,TQQQ,1042,114.67,exit
2012-04-13 09:35:00,TQQQ,-1343,115.4299,entry
2012-04-13 09:47:00,TQQQ,1343,116.12,exit
2012-04-16 09:39:00,TQQQ,-942,112.96,entry
2012-04-16 15:30:00,TQQQ,942,108.835,exit
2012-04-20 09:44:00,TQQQ,-1031,111.17,entry
2012-04-20 09:50:00,TQQQ,1031,112.0,exit
2012-04-25 09:40:00,TQQQ,1085,111.64,entry
2012-04-25 15:30:00,TQQQ,-1085,112.5,exit
2012-04-26 09:36:00,TQQQ,1247,113.5,entry
2012-04-26 10:57:00,TQQQ,-1247,112.76,exit
2012-05-01 09:35:00,TQQQ,904,114.83,entry
2012-05-01 15:30:00,TQQQ,-904,116.197,exit
2012-05-07 09:36:00,TQQQ,565,103.631,entry
2012-05-07 15:30:00,TQQQ,-565,104.88,exit
2012-05-09 09:35:00,TQQQ,1550,100.1,entry
2012-05-09 10:16:00,TQQQ,-1550,99.57,exit
2012-05-10 09:36:00,TQQQ,-948,102.52,entry
2012-05-10 15:30:00,TQQQ,948,101.82,exit
2012-06-20 09:35:00,TQQQ,-1826,50.43,entry
2012-06-20 09:58:00,TQQQ,1826,50.7899,exit
2012-06-22 10:01:00,TQQQ,2639,47.62,entry
2012-06-22 10:29:00,TQQQ,-2639,47.36,exit
2012-07-02 10:01:00,TQQQ,-1119,49.4,entry
2012-07-02 10:16:00,TQQQ,1119,50.03,exit
2012-07-05 09:35:00,TQQQ,2224,51.6999,entry
2012-07-05 09:48:00,TQQQ,-2224,51.417,exit
2012-07-09 09:35:00,TQQQ,2029,50.05,entry
2012-07-09 09:41:00,TQQQ,-2029,49.72,exit
2012-07-10 09:39:00,TQQQ,2016,50.7299,entry
2012-07-10 09:48:00,TQQQ,-2016,50.36,exit
2012-07-11 09:45:00,TQQQ,-2393,47.53,entry
2012-07-11 09:50:00,TQQQ,2393,47.8,exit
2012-07-13 09:38:00,TQQQ,2246,46.75,entry
2012-07-13 09:53:00,TQQQ,-2246,46.48,exit
2012-07-18 09:35:00,TQQQ,1628,48.7001,entry
2012-07-18 15:30:00,TQQQ,-1628,50.35,exit
2012-07-19 09:35:00,TQQQ,2112,51.773,entry
2012-07-19 10:01:00,TQQQ,-2112,51.4618,exit
2012-07-20 09:41:00,TQQQ,-2050,51.49,entry
2012-07-20 15:30:00,TQQQ,2050,50.16,exit
2012-07-24 09:37:00,TQQQ,-2419,48.164,entry
2012-07-24 15:30:00,TQQQ,2419,46.61,exit
2012-07-26 09:36:00,TQQQ,2308,48.6,entry
2012-07-26 09:45:00,TQQQ,-2308,48.25,exit
2012-07-30 09:35:00,TQQQ,2049,52.2,entry
2012-07-30 09:52:00,TQQQ,-2049,51.82,exit
2012-07-31 09:35:00,TQQQ,2386,51.65,entry
2012-07-31 09:55:00,TQQQ,-2386,51.3251,exit
2012-08-03 09:35:00,TQQQ,-1640,52.19,entry
2012-08-03 09:45:00,TQQQ,1640,52.736,exit
2012-08-14 09:40:00,TQQQ,-2401,56.7503,entry
2012-08-14 09:44:00,TQQQ,2401,57.05,exit
2012-08-15 09:50:00,TQQQ,2146,56.87,entry
2012-08-15 10:23:00,TQQQ,-2146,56.57,exit
2012-08-21 10:00:00,TQQQ,2199,60.9497,entry
2012-08-21 10:57:00,TQQQ,-2199,60.6,exit
2012-08-22 09:38:00,TQQQ,-2645,58.63,entry
2012-08-22 09:45:00,TQQQ,2645,58.93,exit
2012-08-23 09:35:00,TQQQ,-2103,58.8132,entry
2012-08-23 09:39:00,TQQQ,2103,59.13,exit
2012-08-27 09:40:00,TQQQ,-2664,60.06,entry
2012-08-27 11:15:00,TQQQ,2664,60.29,exit
2012-08-28 09:36:00,TQQQ,-3583,59.54,entry
2012-08-28 09:38:00,TQQQ,3583,59.83,exit
2012-08-29 09:36:00,TQQQ,3462,60.25,entry
2012-08-29 09:54:00,TQQQ,-3462,60.04,exit
2012-09-11 09:35:00,TQQQ,2497,60.4601,entry
2012-09-11 09:38:00,TQQQ,-2497,60.1699,exit
2012-09-12 09:38:00,TQQQ,3395,60.78,entry
2012-09-12 09:41:00,TQQQ,-3395,60.54,exit
2012-09-19 09:37:00,TQQQ,-1733,64.28,entry
2012-09-19 09:54:00,TQQQ,1733,64.65,exit
2012-09-20 09:39:00,TQQQ,3444,64.37,entry
2012-09-20 09:43:00,TQQQ,-3444,64.1301,exit
2012-09-25 09:35:00,TQQQ,-2699,64.0499,entry
2012-09-25 09:39:00,TQQQ,2699,64.28,exit
2012-10-01 10:00:00,TQQQ,1734,61.95,entry
2012-10-01 11:57:00,TQQQ,-1734,61.46,exit
2012-10-05 09:44:00,TQQQ,-1844,63.14,entry
2012-10-05 09:53:00,TQQQ,1844,63.55,exit
2012-10-17 09:36:00,TQQQ,-2835,58.08,entry
2012-10-17 09:39:00,TQQQ,2835,58.3299,exit
2012-10-22 09:35:00,TQQQ,1340,53.42,entry
2012-10-22 11:19:00,TQQQ,-1340,52.92,exit
2012-11-02 09:40:00,TQQQ,-2109,53.62,entry
2012-11-02 15:30:00,TQQQ,2109,51.92,exit
2012-11-06 09:44:00,TQQQ,-2744,52.52,entry
2012-11-06 09:56:00,TQQQ,2744,52.7601,exit
2012-11-07 09:36:00,TQQQ,-2058,50.79,entry
2012-11-07 09:46:00,TQQQ,2058,51.11,exit
2012-11-08 09:46:00,TQQQ,2662,49.88,entry
2012-11-08 09:51:00,TQQQ,-2662,49.65,exit
2012-11-09 09:35:00,TQQQ,2708,47.23,entry
2012-11-09 09:51:00,TQQQ,-2708,46.95,exit
2012-11-20 09:35:00,TQQQ,-2564,47.69,entry
2012-11-20 09:46:00,TQQQ,2564,47.9299,exit
2012-11-21 09:35:00,TQQQ,2607,48.49,entry
2012-11-21 10:03:00,TQQQ,-2607,48.24,exit
2012-12-04 10:00:00,TQQQ,-2061,52.04,entry
2012-12-04 10:11:00,TQQQ,2061,52.33,exit
2012-12-05 09:47:00,TQQQ,-2458,51.69,entry
2012-12-05 12:36:00,TQQQ,2458,51.71,exit
2012-12-07 09:35:00,TQQQ,-2634,52.1001,entry
2012-12-07 15:30:00,TQQQ,2634,50.46,exit
2012-12-10 09:45:00,TQQQ,1837,50.75,entry
2012-12-10 15:30:00,TQQQ,-1837,51.14,exit
2012-12-11 09:35:00,TQQQ,1428,52.6383,entry
2012-12-11 15:30:00,TQQQ,-1428,52.96,exit
2012-12-12 09:44:00,TQQQ,-3004,53.54,entry
2012-12-12 12:52:00,TQQQ,3004,53.7685,exit
2012-12-17 09:35:00,TQQQ,1843,50.42,entry
2012-12-17 10:21:00,TQQQ,-1843,50.05,exit
2012-12-20 09:37:00,TQQQ,-1604,53.46,entry
2012-12-20 14:16:00,TQQQ,1604,53.87,exit
2012-12-27 10:16:00,TQQQ,-1639,49.86,entry
2012-12-27 15:30:00,TQQQ,1639,50.14,exit
2012-12-28 09:35:00,TQQQ,3085,49.32,entry
2012-12-28 10:11:00,TQQQ,-3085,49.03,exit
2013-01-03 09:35:00,TQQQ,-2308,56.15,entry
2013-01-03 09:57:00,TQQQ,2308,56.44,exit
2013-01-04 09:36:00,TQQQ,-2362,55.41,entry
2013-01-04 09:47:00,TQQQ,2362,55.65,exit
2013-01-09 09:53:00,TQQQ,3016,55.51,entry
2013-01-09 12:51:00,TQQQ,-3016,55.31,exit
2013-01-15 09:43:00,TQQQ,-2996,54.87,entry
2013-01-15 12:18:00,TQQQ,2996,55.11,exit
2013-01-28 09:35:00,TQQQ,3143,56.28,entry
2013-01-28 10:10:00,TQQQ,-3143,56.01,exit
2013-01-29 09:37:00,TQQQ,-1847,55.68,entry
2013-01-29 09:51:00,TQQQ,1847,56.0,exit
2013-01-30 10:24:00,TQQQ,-1778,56.27,entry
2013-01-30 10:58:00,TQQQ,1778,56.61,exit
2013-02-04 09:51:00,TQQQ,2830,56.89,entry
2013-02-04 10:04:00,TQQQ,-2830,56.6799,exit
2013-02-05 09:35:00,TQQQ,1424,55.53,entry
2013-02-05 15:30:00,TQQQ,-1424,57.1799,exit
2013-02-07 09:38:00,TQQQ,-3225,56.41,entry
2013-02-07 09:46:00,TQQQ,3225,56.65,exit
2013-02-08 09:38:00,TQQQ,2416,57.77,entry
2013-02-08 15:30:00,TQQQ,-2416,58.4596,exit
2013-02-19 09:48:00,TQQQ,3572,58.37,entry
2013-02-19 10:52:00,TQQQ,-3572,58.2117,exit
2013-02-25 10:00:00,TQQQ,2501,57.61,entry
2013-02-25 10:21:00,TQQQ,-2501,57.278,exit
2013-02-26 09:35:00,TQQQ,2946,54.4401,entry
2013-02-26 09:44:00,TQQQ,-2946,54.17,exit
2013-03-01 09:37:00,TQQQ,-2365,54.97,entry
2013-03-01 10:01:00,TQQQ,2365,55.254,exit
2013-03-04 09:40:00,TQQQ,1496,56.49,entry
2013-03-04 10:11:00,TQQQ,-1496,56.1,exit
2013-03-06 09:35:00,TQQQ,-1841,60.05,entry
2013-03-06 15:30:00,TQQQ,1841,59.4815,exit
2013-03-08 09:35:00,TQQQ,-1744,60.34,entry
2013-03-08 15:30:00,TQQQ,1744,60.29,exit
2013-03-15 09:38:00,TQQQ,-2453,60.2499,entry
2013-03-15 15:30:00,TQQQ,2453,59.61,exit
2013-03-20 09:37:00,TQQQ,-2591,60.333,entry
2013-03-20 15:30:00,TQQQ,2591,60.25,exit
2013-03-21 09:35:00,TQQQ,2621,59.0,entry
2013-03-21 10:05:00,TQQQ,-2621,58.65,exit
2013-04-02 09:37:00,TQQQ,2271,60.91,entry
2013-04-02 15:30:00,TQQQ,-2271,60.99,exit
2013-04-10 09:35:00,TQQQ,1560,61.27,entry
2013-04-10 15:30:00,TQQQ,-1560,63.45,exit
2013-04-23 09:49:00,TQQQ,2763,61.45,entry
2013-04-23 13:09:00,TQQQ,-2763,60.39,exit
2013-04-25 09:35:00,TQQQ,1715,62.74,entry
2013-04-25 15:06:00,TQQQ,-1715,62.34,exit
2013-04-30 09:56:00,TQQQ,-1878,63.58,entry
2013-04-30 10:16:00,TQQQ,1878,63.88,exit
2013-05-01 09:42:00,TQQQ,-2578,65.0,entry
2013-05-01 09:43:00,TQQQ,2578,65.36,exit
2013-05-02 09:35:00,TQQQ,972,65.241,entry
2013-05-02 15:30:00,TQQQ,-972,66.96,exit
2013-05-03 09:35:00,TQQQ,2228,69.0,entry
2013-05-03 15:30:00,TQQQ,-2228,69.13,exit
2013-05-06 09:39:00,TQQQ,1862,69.8291,entry
2013-05-06 09:52:00,TQQQ,-1862,69.48,exit
2013-05-08 09:36:00,TQQQ,-2091,69.35,entry
2013-05-08 09:45:00,TQQQ,2091,69.674,exit
2013-05-09 09:37:00,TQQQ,2088,70.766,entry
2013-05-09 09:49:00,TQQQ,-2088,70.41,exit
2013-05-13 09:36:00,TQQQ,1622,71.8,entry
2013-05-13 09:51:00,TQQQ,-1622,71.45,exit
2013-05-14 09:38:00,TQQQ,2417,72.45,entry
2013-05-14 15:00:00,TQQQ,-2417,72.41,exit
2013-05-16 09:37:00,TQQQ,2796,74.11,entry
2013-05-16 09:43:00,TQQQ,-2796,73.835,exit
2013-05-21 09:35:00,TQQQ,1788,75.4395,entry
2013-05-21 09:40:00,TQQQ,-1788,75.14,exit
2013-05-29 09:45:00,TQQQ,-1805,72.75,entry
2013-05-29 09:56:00,TQQQ,1805,73.06,exit
2013-05-30 09:35:00,TQQQ,2414,73.5504,entry
2013-05-30 15:30:00,TQQQ,-2414,74.83,exit
2013-06-03 09:40:00,TQQQ,-2565,72.0,entry
2013-06-03 10:21:00,TQQQ,2565,72.31,exit
2013-06-04 09:38:00,TQQQ,2031,73.2628,entry
2013-06-04 11:00:00,TQQQ,-2031,72.85,exit
2013-06-05 09:38:00,TQQQ,1259,71.06,entry
2013-06-05 10:15:00,TQQQ,-1259,70.62,exit
2013-06-06 09:35:00,TQQQ,1637,69.321,entry
2013-06-06 09:54:00,TQQQ,-1637,68.95,exit
2013-06-07 09:42:00,TQQQ,-1605,70.1,entry
2013-06-07 09:48:00,TQQQ,1605,70.5,exit
2013-06-10 10:07:00,TQQQ,-1523,72.37,entry
2013-06-10 10:21:00,TQQQ,1523,72.81,exit
2013-06-11 09:36:00,TQQQ,-1534,69.85,entry
2013-06-11 09:41:00,TQQQ,1534,70.2599,exit
2013-06-13 09:35:00,TQQQ,-1200,67.42,entry
2013-06-13 09:43:00,TQQQ,1200,67.8696,exit
2013-06-17 09:44:00,TQQQ,1635,71.32,entry
2013-06-17 14:45:00,TQQQ,-1635,70.9701,exit
2013-06-18 09:38:00,TQQQ,1598,72.02,entry
2013-06-18 09:45:00,TQQQ,-1598,71.69,exit
2013-06-24 09:36:00,TQQQ,-901,62.06,entry
2013-06-24 13:44:00,TQQQ,901,62.66,exit
2013-07-01 09:45:00,TQQQ,1988,68.47,entry
2013-07-01 14:14:00,TQQQ,-1988,68.1889,exit
2013-07-09 09:35:00,TQQQ,-1189,71.0,entry
2013-07-09 11:11:00,TQQQ,1189,71.48,exit
2013-07-10 09:35:00,TQQQ,1720,72.03,entry
2013-07-10 15:30:00,TQQQ,-1720,73.11,exit
2013-07-24 09:37:00,TQQQ,-2089,76.99,entry
2013-07-24 15:30:00,TQQQ,2089,75.8301,exit
2013-07-25 09:36:00,TQQQ,-2389,76.55,entry
2013-07-25 09:55:00,TQQQ,2389,76.7837,exit
2013-07-29 09:35:00,TQQQ,2134,78.36,entry
2013-07-29 11:07:00,TQQQ,-2134,78.05,exit
2013-08-08 09:39:00,TQQQ,-1413,82.64,entry
2013-08-08 12:00:00,TQQQ,1413,83.02,exit
2013-08-09 09:35:00,TQQQ,1604,82.99,entry
2013-08-09 10:06:00,TQQQ,-1604,82.48,exit
2013-08-13 09:36:00,TQQQ,1371,83.18,entry
2013-08-13 09:40:00,TQQQ,-1371,82.76,exit
2013-08-19 09:35:00,TQQQ,1629,78.9901,entry
2013-08-19 15:10:00,TQQQ,-1629,78.68,exit
2013-08-22 09:35:00,TQQQ,898,80.11,entry
2013-08-22 15:30:00,TQQQ,-898,80.41,exit
2013-08-23 09:35:00,TQQQ,-1267,81.96,entry
2013-08-23 10:55:00,TQQQ,1267,82.36,exit
2013-08-30 09:35:00,TQQQ,-1699,79.68,entry
2013-08-30 15:30:00,TQQQ,1699,78.56,exit
2013-09-04 09:35:00,TQQQ,-1360,80.0899,entry
2013-09-04 09:45:00,TQQQ,1360,80.5996,exit
2013-09-06 09:39:00,TQQQ,-1755,83.14,entry
2013-09-06 10:48:00,TQQQ,1755,83.23,exit
2013-09-09 09:35:00,TQQQ,1201,84.68,entry
2013-09-09 10:10:00,TQQQ,-1201,84.0342,exit
2013-09-11 09:36:00,TQQQ,1526,85.97,entry
2013-09-11 09:53:00,TQQQ,-1526,85.59,exit
2013-09-13 10:01:00,TQQQ,-1528,86.3,entry
2013-09-13 14:00:00,TQQQ,1528,86.64,exit
2013-09-16 09:39:00,TQQQ,-1572,88.2498,entry
2013-09-16 15:30:00,TQQQ,1572,85.7,exit
2013-09-17 09:50:00,TQQQ,1421,86.94,entry
2013-09-17 15:30:00,TQQQ,-1421,87.78,exit
2013-09-20 09:47:00,TQQQ,-1887,91.67,entry
2013-09-20 09:54:00,TQQQ,1887,91.95,exit
2013-09-24 09:36:00,TQQQ,-2344,90.08,entry
2013-09-24 09:46:00,TQQQ,2344,90.42,exit
2013-09-26 09:35:00,TQQQ,1675,90.58,entry
2013-09-26 11:02:00,TQQQ,-1675,90.27,exit
2013-10-07 09:35:00,TQQQ,1751,89.75,entry
2013-10-07 15:30:00,TQQQ,-1751,90.12,exit
2013-10-09 09:35:00,TQQQ,-1233,84.3,entry
2013-10-09 14:58:00,TQQQ,1233,84.36,exit
2013-10-14 09:35:00,TQQQ,897,89.795,entry
2013-10-14 15:30:00,TQQQ,-897,92.49,exit
2013-10-15 09:42:00,TQQQ,-1282,92.11,entry
2013-10-15 09:49:00,TQQQ,1282,92.57,exit
2013-10-16 09:53:00,TQQQ,962,93.6928,entry
2013-10-16 15:30:00,TQQQ,-962,94.35,exit
2013-10-18 09:35:00,TQQQ,-1851,98.4958,entry
2013-10-18 09:44:00,TQQQ,1851,98.78,exit
2013-10-21 10:03:00,TQQQ,1387,102.36,entry
2013-10-21 10:12:00,TQQQ,-1387,101.8,exit
2013-10-22 09:41:00,TQQQ,1699,103.24,entry
2013-10-22 10:00:00,TQQQ,-1699,102.91,exit
2013-10-23 09:42:00,TQQQ,1537,101.185,entry
2013-10-23 09:44:00,TQQQ,-1537,100.63,exit
2013-10-25 09:37:00,TQQQ,-999,103.74,entry
2013-10-25 09:42:00,TQQQ,999,104.34,exit
2013-10-31 09:54:00,TQQQ,-1458,102.7928,entry
2013-10-31 10:14:00,TQQQ,1458,103.15,exit
2013-11-05 09:57:00,TQQQ,-1246,102.091,entry
2013-11-05 10:05:00,TQQQ,1246,102.5,exit
2013-11-12 09:35:00,TQQQ,1031,101.39,entry
2013-11-12 12:08:00,TQQQ,-1031,100.9,exit
2013-11-13 09:35:00,TQQQ,1570,100.7814,entry
2013-11-13 13:25:00,TQQQ,-1570,103.95,exit
2013-11-15 09:35:00,TQQQ,-1988,106.55,entry
2013-11-15 09:47:00,TQQQ,1988,106.8412,exit
2013-11-18 09:35:00,TQQQ,1635,107.82,entry
2013-11-18 09:42:00,TQQQ,-1635,107.1701,exit
2013-11-19 09:54:00,TQQQ,1033,104.95,entry
2013-11-19 11:23:00,TQQQ,-1033,104.41,exit
2013-11-21 09:35:00,TQQQ,1334,104.44,entry
2013-11-21 09:41:00,TQQQ,-1334,103.97,exit
2013-11-22 09:35:00,TQQQ,1359,106.75,entry
2013-11-22 09:37:00,TQQQ,-1359,106.24,exit
2013-11-27 09:43:00,TQQQ,1556,110.97,entry
2013-11-27 15:30:00,TQQQ,-1556,112.01,exit
2013-12-05 09:44:00,TQQQ,-1321,113.05,entry
2013-12-05 09:55:00,TQQQ,1321,113.44,exit
2013-12-06 09:38:00,TQQQ,-1336,115.2765,entry
2013-12-06 12:38:00,TQQQ,1336,115.66,exit
2013-12-12 09:42:00,TQQQ,1376,112.76,entry
2013-12-12 09:47:00,TQQQ,-1376,112.22,exit
2013-12-13 09:40:00,TQQQ,-1837,112.2503,entry
2013-12-13 15:30:00,TQQQ,1837,111.44,exit
2013-12-18 09:44:00,TQQQ,-1533,111.65,entry
2013-12-18 14:00:00,TQQQ,1533,107.63,exit
2013-12-19 09:50:00,TQQQ,-1643,114.45,entry
2013-12-19 10:46:00,TQQQ,1643,114.8099,exit
2013-12-20 09:37:00,TQQQ,1042,115.96,entry
2013-12-20 15:30:00,TQQQ,-1042,118.438,exit
2013-12-23 09:37:00,TQQQ,-1630,120.47,entry
2013-12-23 09:39:00,TQQQ,1630,120.87,exit
2013-12-27 09:36:00,TQQQ,-1707,123.3328,entry
2013-12-27 10:07:00,TQQQ,1707,123.66,exit
2013-12-30 09:37:00,TQQQ,-1306,121.26,entry
2013-12-30 11:15:00,TQQQ,1306,121.81,exit
2013-12-31 09:57:00,TQQQ,1780,122.8596,entry
2013-12-31 10:15:00,TQQQ,-1780,122.54,exit
2014-01-03 10:26:00,TQQQ,-1441,120.56,entry
2014-01-03 10:41:00,TQQQ,1441,120.95,exit
2014-01-08 09:35:00,TQQQ,1515,120.72,entry
2014-01-08 09:48:00,TQQQ,-1515,120.08,exit
2014-01-09 09:40:00,TQQQ,-1313,122.0,entry
2014-01-09 10:02:00,TQQQ,1313,122.5,exit
2014-01-10 09:42:00,TQQQ,-1080,120.76,entry
2014-01-10 15:30:00,TQQQ,1080,120.76,exit
2014-01-13 09:35:00,TQQQ,1161,121.34,entry
2014-01-13 09:45:00,TQQQ,-1161,120.7,exit
2014-01-14 09:35:00,TQQQ,1472,117.68,entry
2014-01-14 09:48:00,TQQQ,-1472,117.31,exit
2014-01-15 09:35:00,TQQQ,993,124.4901,entry
2014-01-15 15:30:00,TQQQ,-993,125.68,exit
2014-01-16 10:06:00,TQQQ,1462,125.73,entry
2014-01-16 10:09:00,TQQQ,-1462,125.3108,exit
2014-02-26 09:45:00,TQQQ,-2466,66.76,entry
2014-02-26 10:24:00,TQQQ,2466,67.08,exit
2014-03-10 10:12:00,TQQQ,-2102,67.07,entry
2014-03-10 11:25:00,TQQQ,2102,67.47,exit
2014-03-12 09:41:00,TQQQ,-1926,65.8,entry
2014-03-12 10:03:00,TQQQ,1926,66.13,exit
2014-03-13 09:43:00,TQQQ,-1666,67.89,entry
2014-03-13 09:58:00,TQQQ,1666,68.2,exit
2014-03-17 09:35:00,TQQQ,2096,64.92,entry
2014-03-17 15:30:00,TQQQ,-2096,65.53,exit
2014-03-18 09:37:00,TQQQ,1895,65.73,entry
2014-03-18 15:30:00,TQQQ,-1895,67.5,exit
2014-03-20 10:07:00,TQQQ,1040,66.5,entry
2014-03-20 15:30:00,TQQQ,-1040,66.62,exit
2014-03-24 09:37:00,TQQQ,-728,64.3,entry
2014-03-24 15:30:00,TQQQ,728,63.29,exit
2014-03-25 09:54:00,TQQQ,1383,64.45,entry
2014-03-25 10:25:00,TQQQ,-1383,64.02,exit
2014-03-27 09:35:00,TQQQ,-719,59.76,entry
2014-03-27 10:05:00,TQQQ,719,60.56,exit
2014-03-31 09:59:00,TQQQ,1332,62.34,entry
2014-03-31 11:10:00,TQQQ,-1332,61.92,exit
2014-04-01 09:42:00,TQQQ,1072,63.2,entry
2014-04-01 15:30:00,TQQQ,-1072,64.24,exit
2014-04-02 09:36:00,TQQQ,-1751,65.07,entry
2014-04-02 09:38:00,TQQQ,1751,65.38,exit
2014-04-03 10:25:00,TQQQ,-1740,64.92,entry
2014-04-03 15:30:00,TQQQ,1740,63.5,exit
2014-04-08 09:35:00,TQQQ,1055,57.85,entry
2014-04-08 09:47:00,TQQQ,-1055,57.29,exit
2014-04-10 09:35:00,TQQQ,-1147,60.82,entry
2014-04-10 15:02:00,TQQQ,1147,55.7201,exit
2014-04-11 09:35:00,TQQQ,-1583,54.0001,entry
2014-04-11 09:36:00,TQQQ,1583,54.4221,exit
2014-04-17 09:54:00,TQQQ,-1660,56.8396,entry
2014-04-17 09:57:00,TQQQ,1660,57.25,exit
2014-04-23 09:35:00,TQQQ,-1632,60.021,entry
2014-04-23 15:30:00,TQQQ,1632,59.17,exit
2014-04-24 09:36:00,TQQQ,-976,60.96,entry
2014-04-24 15:30:00,TQQQ,976,60.77,exit
2014-04-25 09:51:00,TQQQ,-1732,59.1404,entry
2014-04-25 15:30:00,TQQQ,1732,57.96,exit
2014-04-29 09:35:00,TQQQ,-1223,58.53,entry
2014-04-29 09:40:00,TQQQ,1223,59.1303,exit
2014-05-02 09:35:00,TQQQ,1750,61.58,entry
2014-05-02 09:42:00,TQQQ,-1750,61.15,exit
2014-05-09 09:39:00,TQQQ,-1618,57.47,entry
2014-05-09 09:52:00,TQQQ,1618,57.905,exit
2014-05-13 09:36:00,TQQQ,-2863,61.6952,entry
2014-05-13 09:40:00,TQQQ,2863,62.05,exit
2014-05-16 09:35:00,TQQQ,-2225,59.3,entry
2014-05-16 12:22:00,TQQQ,2225,59.61,exit
2014-05-20 09:35:00,TQQQ,-1889,61.6,entry
2014-05-20 09:37:00,TQQQ,1889,61.96,exit
2014-05-22 10:06:00,TQQQ,-2600,63.01,entry
2014-05-22 10:10:00,TQQQ,2600,63.31,exit
2014-05-27 09:47:00,TQQQ,2304,66.3862,entry
2014-05-27 15:30:00,TQQQ,-2304,67.25,exit
2014-05-30 09:35:00,TQQQ,-2032,67.99,entry
2014-05-30 10:12:00,TQQQ,2032,68.32,exit
2014-06-03 09:39:00,TQQQ,3028,67.7,entry
2014-06-03 11:40:00,TQQQ,-3028,67.4276,exit
2014-06-04 09:49:00,TQQQ,2592,67.75,entry
2014-06-04 15:30:00,TQQQ,-2592,68.79,exit
2014-06-05 09:36:00,TQQQ,2496,69.4,entry
2014-06-05 09:40:00,TQQQ,-2496,68.95,exit
2014-06-06 09:46:00,TQQQ,-2070,70.99,entry
2014-06-06 09:49:00,TQQQ,2070,71.34,exit
2014-06-09 09:37:00,TQQQ,-2171,71.42,entry
2014-06-09 10:49:00,TQQQ,2171,71.71,exit
2014-06-10 09:35:00,TQQQ,1877,71.82,entry
2014-06-10 09:57:00,TQQQ,-1877,71.5,exit
2014-06-11 09:35:00,TQQQ,3157,71.4,entry
2014-06-11 14:07:00,TQQQ,-3157,71.12,exit
2014-06-13 09:38:00,TQQQ,-2114,70.4938,entry
2014-06-13 10:33:00,TQQQ,2114,70.84,exit
2014-06-18 09:36:00,TQQQ,-4046,70.892,entry
2014-06-18 09:38:00,TQQQ,4046,71.05,exit
2014-06-24 09:35:00,TQQQ,2918,72.5,entry
2014-06-24 15:08:00,TQQQ,-2918,72.4801,exit
2014-06-25 09:35:00,TQQQ,1432,72.002,entry
2014-06-25 15:30:00,TQQQ,-1432,73.48,exit
2014-06-26 09:37:00,TQQQ,-1989,73.04,entry
2014-06-26 15:08:00,TQQQ,1989,73.33,exit
2014-06-27 09:36:00,TQQQ,2449,73.6,entry
2014-06-27 10:07:00,TQQQ,-2449,73.3514,exit
2014-06-30 09:35:00,TQQQ,1866,74.6399,entry
2014-06-30 15:30:00,TQQQ,-1866,75.06,exit
2014-07-01 09:35:00,TQQQ,2304,75.88,entry
2014-07-01 15:30:00,TQQQ,-2304,77.56,exit
2014-07-02 09:35:00,TQQQ,3290,77.6386,entry
2014-07-02 10:13:00,TQQQ,-3290,77.43,exit
2014-07-16 09:37:00,TQQQ,-1621,79.79,entry
2014-07-16 09:44:00,TQQQ,1621,80.17,exit
2014-07-17 09:36:00,TQQQ,2051,79.23,entry
2014-07-17 10:15:00,TQQQ,-2051,78.92,exit
2014-07-18 09:35:00,TQQQ,1266,78.01,entry
2014-07-18 09:44:00,TQQQ,-1266,77.38,exit
2014-07-22 09:35:00,TQQQ,2116,80.91,entry
2014-07-22 09:42:00,TQQQ,-2116,80.55,exit
2014-07-23 09:54:00,TQQQ,2313,82.32,entry
2014-07-23 09:57:00,TQQQ,-2313,81.97,exit
2014-07-28 09:39:00,TQQQ,-1783,81.17,entry
2014-07-28 13:25:00,TQQQ,1783,81.495,exit
2014-07-29 09:41:00,TQQQ,-2554,81.6614,entry
2014-07-29 09:44:00,TQQQ,2554,81.92,exit
2014-07-30 09:37:00,TQQQ,2464,82.75,entry
2014-07-30 09:39:00,TQQQ,-2464,82.4199,exit
2014-07-31 09:35:00,TQQQ,2496,80.0501,entry
2014-07-31 09:53:00,TQQQ,-2496,79.761,exit
2014-08-01 09:35:00,TQQQ,1473,77.1,entry
2014-08-01 10:14:00,TQQQ,-1473,76.61,exit
2014-08-05 09:35:00,TQQQ,1896,77.0001,entry
2014-08-05 09:48:00,TQQQ,-1896,76.58,exit
2014-08-06 09:35:00,TQQQ,1323,74.95,entry
2014-08-06 15:30:00,TQQQ,-1323,75.81,exit
2014-09-03 09:38:00,TQQQ,-3138,90.092,entry
2014-09-03 11:40:00,TQQQ,3138,88.35,exit
2014-09-05 09:35:00,TQQQ,-959,87.55,entry
2014-09-05 09:47:00,TQQQ,959,88.15,exit
2014-09-08 09:35:00,TQQQ,2601,89.62,entry
2014-09-08 12:05:00,TQQQ,-2601,89.38,exit
2014-09-12 09:37:00,TQQQ,-1970,88.8,entry
2014-09-12 15:30:00,TQQQ,1970,87.885,exit
2014-09-17 09:36:00,TQQQ,1784,88.1746,entry
2014-09-17 09:41:00,TQQQ,-1784,87.81,exit
2014-09-18 09:43:00,TQQQ,2557,89.15,entry
2014-09-18 15:30:00,TQQQ,-2557,89.87,exit
2014-09-19 09:35:00,TQQQ,-1447,90.6399,entry
2014-09-19 10:05:00,TQQQ,1447,91.11,exit
2014-09-24 09:35:00,TQQQ,1431,87.5219,entry
2014-09-24 09:44:00,TQQQ,-1431,87.03,exit
2014-09-26 09:35:00,TQQQ,2205,84.8522,entry
2014-09-26 09:41:00,TQQQ,-2205,84.5486,exit
2014-10-08 09:59:00,TQQQ,-1595,80.3,entry
2014-10-08 10:00:00,TQQQ,1595,80.66,exit
2014-10-09 09:39:00,TQQQ,1651,85.52,entry
2014-10-09 09:41:00,TQQQ,-1651,85.12,exit
2014-10-10 10:09:00,TQQQ,-809,78.6,entry
2014-10-10 12:31:00,TQQQ,809,79.61,exit
2014-10-13 09:38:00,TQQQ,725,75.75,entry
2014-10-13 09:42:00,TQQQ,-725,74.9228,exit
2014-10-14 09:35:00,TQQQ,988,73.52,entry
2014-10-14 09:49:00,TQQQ,-988,72.767,exit
2014-10-15 09:35:00,TQQQ,1202,68.6101,entry
2014-10-15 09:37:00,TQQQ,-1202,68.03,exit
2014-10-17 09:36:00,TQQQ,-961,71.0086,entry
2014-10-17 09:57:00,TQQQ,961,71.62,exit
2014-10-30 09:35:00,TQQQ,1501,87.5486,entry
2014-10-30 09:56:00,TQQQ,-1501,87.1756,exit
2014-10-31 09:35:00,TQQQ,-1292,92.32,entry
2014-10-31 15:30:00,TQQQ,1292,91.7357,exit
2014-11-04 09:40:00,TQQQ,1287,92.48,entry
2014-11-04 09:45:00,TQQQ,-1287,92.04,exit
2014-11-05 09:35:00,TQQQ,-1182,93.17,entry
2014-11-05 15:30:00,TQQQ,1182,91.52,exit
2014-11-07 09:38:00,TQQQ,-1081,92.6599,entry
2014-11-07 15:30:00,TQQQ,1081,92.02,exit
2014-11-14 09:44:00,TQQQ,-1941,95.901,entry
2014-11-14 09:56:00,TQQQ,1941,96.19,exit
2014-11-21 09:35:00,TQQQ,-2181,100.84,entry
2014-11-21 13:30:00,TQQQ,2181,98.1999,exit
2014-11-24 09:36:00,TQQQ,1641,100.14,entry
2014-11-24 09:42:00,TQQQ,-1641,99.7686,exit
2014-11-25 09:35:00,TQQQ,1386,102.3886,entry
2014-11-25 09:52:00,TQQQ,-1386,101.92,exit
2014-11-28 09:59:00,TQQQ,1666,105.08,entry
2014-11-28 15:35:00,TQQQ,-1666,104.95,exit
2014-12-03 09:55:00,TQQQ,-1492,102.75,entry
2014-12-03 13:30:00,TQQQ,1492,103.188,exit
2014-12-04 09:39:00,TQQQ,1360,103.36,entry
2014-12-04 10:42:00,TQQQ,-1360,102.93,exit
2014-12-05 09:35:00,TQQQ,1795,104.07,entry
2014-12-05 09:38:00,TQQQ,-1795,103.7301,exit
2014-12-11 09:35:00,TQQQ,1306,98.7372,entry
2014-12-11 15:30:00,TQQQ,-1306,100.52,exit
2014-12-15 09:35:00,TQQQ,1170,97.45,entry
2014-12-15 09:45:00,TQQQ,-1170,96.8186,exit
2014-12-22 09:41:00,TQQQ,1658,100.68,entry
2014-12-22 15:30:00,TQQQ,-1658,101.28,exit
2014-12-23 09:36:00,TQQQ,-1288,101.75,entry
2014-12-23 15:30:00,TQQQ,1288,100.56,exit
2014-12-29 09:36:00,TQQQ,1353,102.99,entry
2014-12-29 09:46:00,TQQQ,-1353,102.4823,exit
2014-12-30 09:35:00,TQQQ,1739,102.3,entry
2014-12-30 09:56:00,TQQQ,-1739,101.74,exit
2015-01-02 09:35:00,TQQQ,984,99.78,entry
2015-01-02 09:54:00,TQQQ,-984,98.96,exit
2015-01-09 09:35:00,TQQQ,-866,97.16,entry
2015-01-09 09:40:00,TQQQ,866,97.9175,exit
2015-01-12 09:35:00,TQQQ,-755,95.096,entry
2015-01-12 15:30:00,TQQQ,755,92.16,exit
2015-01-29 09:40:00,TQQQ,-722,88.7199,entry
2015-01-29 10:07:00,TQQQ,722,89.54,exit
2015-02-02 09:35:00,TQQQ,-792,90.36,entry
2015-02-02 11:31:00,TQQQ,792,91.3,exit
2015-02-03 09:44:00,TQQQ,1039,94.82,entry
2015-02-03 10:02:00,TQQQ,-1039,94.0,exit
2015-02-06 09:42:00,TQQQ,-1088,97.3822,entry
2015-02-06 10:11:00,TQQQ,1088,97.96,exit
2015-02-09 09:40:00,TQQQ,1078,95.7168,entry
2015-02-09 10:23:00,TQQQ,-1078,95.15,exit
2015-02-24 09:35:00,TQQQ,-1225,110.67,entry
2015-02-24 09:47:00,TQQQ,1225,111.15,exit
2015-02-27 09:38:00,TQQQ,1952,112.85,entry
2015-02-27 09:41:00,TQQQ,-1952,112.51,exit
2015-03-03 09:41:00,TQQQ,-1390,112.68,entry
2015-03-03 15:30:00,TQQQ,1390,112.65,exit
2015-03-04 09:35:00,TQQQ,-1216,110.9025,entry
2015-03-04 11:14:00,TQQQ,1216,111.4,exit
2015-03-05 09:36:00,TQQQ,-1601,111.801,entry
2015-03-05 09:47:00,TQQQ,1601,112.25,exit
2015-03-06 09:38:00,TQQQ,-2054,111.1801,entry
2015-03-06 09:41:00,TQQQ,2054,111.51,exit
2015-03-11 09:36:00,TQQQ,-1804,102.95,entry
2015-03-11 09:46:00,TQQQ,1804,103.3,exit
2015-03-17 09:36:00,TQQQ,993,105.35,entry
2015-03-17 09:49:00,TQQQ,-993,104.65,exit
2015-03-19 09:38:00,TQQQ,1130,110.28,entry
2015-03-19 09:44:00,TQQQ,-1130,109.63,exit
2015-03-24 09:35:00,TQQQ,-1265,110.94,entry
2015-03-24 09:50:00,TQQQ,1265,111.5422,exit
2015-03-25 09:35:00,TQQQ,-863,109.99,entry
2015-03-25 15:08:00,TQQQ,863,103.78,exit
2015-03-30 09:38:00,TQQQ,1254,105.436,entry
2015-03-30 10:23:00,TQQQ,-1254,104.9399,exit
2015-04-01 09:35:00,TQQQ,-1101,101.99,entry
2015-04-01 15:30:00,TQQQ,1101,100.37,exit
2015-04-02 09:49:00,TQQQ,1363,101.7,entry
2015-04-02 10:32:00,TQQQ,-1363,101.18,exit
2015-04-10 09:38:00,TQQQ,-1830,107.4745,entry
2015-04-10 10:00:00,TQQQ,1830,107.89,exit
2015-04-13 09:36:00,TQQQ,939,110.28,entry
2015-04-13 13:05:00,TQQQ,-939,109.6424,exit
2015-04-15 09:35:00,TQQQ,-1333,107.94,entry
2015-04-15 09:41:00,TQQQ,1333,108.41,exit
2015-04-16 09:35:00,TQQQ,1091,109.07,entry
2015-04-16 10:21:00,TQQQ,-1091,108.44,exit
2015-04-20 09:35:00,TQQQ,1810,105.8,entry
2015-04-20 09:39:00,TQQQ,-1810,105.39,exit
2015-04-21 09:36:00,TQQQ,-1422,110.17,entry
2015-04-21 13:30:00,TQQQ,1422,110.56,exit
2015-04-22 09:39:00,TQQQ,-1511,110.26,entry
2015-04-22 11:10:00,TQQQ,1511,110.67,exit
2015-04-28 09:43:00,TQQQ,-1191,116.191,entry
2015-04-28 11:04:00,TQQQ,1191,116.26,exit
2015-05-04 09:35:00,TQQQ,988,114.38,entry
2015-05-04 11:34:00,TQQQ,-988,113.8,exit
2015-05-05 09:36:00,TQQQ,1220,112.31,entry
2015-05-05 09:38:00,TQQQ,-1220,111.8347,exit
2015-05-12 09:39:00,TQQQ,-1071,107.012,entry
2015-05-12 10:38:00,TQQQ,1071,107.6704,exit
2015-05-14 09:42:00,TQQQ,-846,111.03,entry
2015-05-14 10:09:00,TQQQ,846,111.82,exit
2015-05-22 09:39:00,TQQQ,1029,117.2652,entry
2015-05-22 11:31:00,TQQQ,-1029,116.7201,exit
2015-05-26 09:35:00,TQQQ,-740,115.13,entry
2015-05-26 15:30:00,TQQQ,740,112.04,exit
2015-05-28 09:36:00,TQQQ,1290,117.96,entry
2015-05-28 09:40:00,TQQQ,-1290,117.52,exit
2015-06-01 09:35:00,TQQQ,-739,116.07,entry
2015-06-01 12:59:00,TQQQ,739,116.83,exit
2015-06-02 09:35:00,TQQQ,-819,114.23,entry
2015-06-02 10:10:00,TQQQ,819,115.1127,exit
2015-06-04 09:40:00,TQQQ,486,115.58,entry
2015-06-04 11:05:00,TQQQ,-486,114.2919,exit
2015-06-08 09:44:00,TQQQ,-817,111.7282,entry
2015-06-08 15:30:00,TQQQ,817,109.71,exit
2015-06-10 09:35:00,TQQQ,816,110.48,entry
2015-06-10 15:30:00,TQQQ,-816,113.87,exit
2015-06-19 09:36:00,TQQQ,-1229,116.51,entry
2015-06-19 15:30:00,TQQQ,1229,115.21,exit
2015-06-22 10:06:00,TQQQ,1219,118.08,entry
2015-06-22 10:33:00,TQQQ,-1219,117.6,exit
2015-06-24 09:35:00,TQQQ,1088,117.79,entry
2015-06-24 12:09:00,TQQQ,-1088,117.2,exit
2015-06-25 09:37:00,TQQQ,-939,116.62,entry
2015-06-25 10:21:00,TQQQ,939,117.205,exit
2015-06-26 09:35:00,TQQQ,-1382,114.56,entry
2015-06-26 09:54:00,TQQQ,1382,115.16,exit
2015-07-15 09:47:00,TQQQ,1189,116.56,entry
2015-07-15 14:31:00,TQQQ,-1189,116.02,exit
2015-07-20 09:35:00,TQQQ,-1294,126.25,entry
2015-07-20 09:50:00,TQQQ,1294,126.74,exit
2015-07-23 10:15:00,TQQQ,1255,123.65,entry
2015-07-23 11:38:00,TQQQ,-1255,123.21,exit
2015-07-27 09:35:00,TQQQ,-1325,115.15,entry
2015-07-27 09:50:00,TQQQ,1325,115.73,exit
2015-07-31 09:35:00,TQQQ,-1166,121.36,entry
2015-07-31 10:47:00,TQQQ,1166,121.8901,exit
2015-08-04 09:38:00,TQQQ,-617,118.21,entry
2015-08-04 09:44:00,TQQQ,617,119.14,exit
2015-08-06 09:35:00,TQQQ,-599,120.87,entry
2015-08-06 15:30:00,TQQQ,599,114.74,exit
2015-08-10 09:35:00,TQQQ,647,118.69,entry
2015-08-10 10:37:00,TQQQ,-647,117.78,exit
2015-08-14 09:35:00,TQQQ,908,114.866,entry
2015-08-14 09:46:00,TQQQ,-908,114.2001,exit
2015-08-18 09:41:00,TQQQ,-867,116.98,entry
2015-08-18 10:04:00,TQQQ,867,117.6921,exit
2015-08-19 09:35:00,TQQQ,-867,114.6,entry
2015-08-19 10:12:00,TQQQ,867,115.2269,exit
2015-08-20 09:58:00,TQQQ,-1073,110.5899,entry
2015-08-20 14:49:00,TQQQ,1073,105.68,exit
2015-08-28 09:35:00,TQQQ,575,98.67,entry
2015-08-28 09:45:00,TQQQ,-575,97.5201,exit
2015-09-10 09:39:00,TQQQ,721,93.58,entry
2015-09-10 10:10:00,TQQQ,-721,92.57,exit
2015-09-18 09:38:00,TQQQ,666,98.65,entry
2015-09-18 13:55:00,TQQQ,-666,97.81,exit
2015-09-25 09:35:00,TQQQ,-742,95.179,entry
2015-09-25 09:50:00,TQQQ,742,96.04,exit
2015-09-29 09:40:00,TQQQ,-627,82.46,entry
2015-09-29 09:56:00,TQQQ,627,83.47,exit
2015-10-01 09:35:00,TQQQ,-470,86.406,entry
2015-10-01 15:00:00,TQQQ,470,87.568,exit
2015-10-02 09:51:00,TQQQ,-1047,84.215,entry
2015-10-02 09:55:00,TQQQ,1047,85.1,exit
2015-10-06 09:58:00,TQQQ,642,97.35,entry
2015-10-06 10:04:00,TQQQ,-642,96.52,exit
2015-10-16 09:36:00,TQQQ,-1284,102.99,entry
2015-10-16 10:01:00,TQQQ,1284,103.44,exit
2015-10-22 09:35:00,TQQQ,-697,104.69,entry
2015-10-22 09:39:00,TQQQ,697,105.46,exit
2015-10-26 09:48:00,TQQQ,-1029,116.84,entry
2015-10-26 09:56:00,TQQQ,1029,117.3616,exit
2015-10-27 09:39:00,TQQQ,974,118.15,entry
2015-10-27 10:19:00,TQQQ,-974,117.57,exit
2015-10-30 09:51:00,TQQQ,-1166,121.27,entry
2015-10-30 10:00:00,TQQQ,1166,121.79,exit
2015-11-04 09:44:00,TQQQ,-1216,125.706,entry
2015-11-04 15:30:00,TQQQ,1216,124.75,exit
2015-11-06 09:35:00,TQQQ,1574,123.928,entry
2015-11-06 09:37:00,TQQQ,-1574,123.51,exit
2015-11-09 10:00:00,TQQQ,-883,122.03,entry
2015-11-09 15:30:00,TQQQ,883,119.5847,exit
2015-11-10 09:57:00,TQQQ,1072,118.985,entry
2015-11-10 10:03:00,TQQQ,-1072,118.38,exit
2015-11-11 09:35:00,TQQQ,-1022,119.5,entry
2015-11-11 09:37:00,TQQQ,1022,120.04,exit
2015-11-12 09:43:00,TQQQ,-797,116.75,entry
2015-11-12 09:47:00,TQQQ,797,117.5,exit
2015-11-24 09:35:00,TQQQ,946,120.179,entry
2015-11-24 10:15:00,TQQQ,-946,119.52,exit
2015-11-30 09:36:00,TQQQ,-1221,122.5,entry
2015-11-30 09:46:00,TQQQ,1221,122.944,exit
2015-12-07 09:43:00,TQQQ,-928,123.64,entry
2015-12-07 15:30:00,TQQQ,928,122.2389,exit
2015-12-08 09:39:00,TQQQ,1150,119.6,entry
2015-12-08 10:20:00,TQQQ,-1150,118.97,exit
2015-12-10 10:11:00,TQQQ,-882,116.96,entry
2015-12-10 10:15:00,TQQQ,882,117.59,exit
2015-12-14 09:35:00,TQQQ,597,111.49,entry
2015-12-14 09:40:00,TQQQ,-597,110.136,exit
2015-12-15 09:40:00,TQQQ,615,116.7579,entry
2015-12-15 11:40:00,TQQQ,-615,115.9377,exit
2015-12-17 09:35:00,TQQQ,-908,120.82,entry
2015-12-17 15:30:00,TQQQ,908,116.43,exit
2015-12-18 09:48:00,TQQQ,712,114.23,entry
2015-12-18 10:01:00,TQQQ,-712,113.36,exit
2015-12-22 09:36:00,TQQQ,-632,112.46,entry
2015-12-22 10:26:00,TQQQ,632,113.29,exit
2015-12-31 09:50:00,TQQQ,-638,116.12,entry
2015-12-31 11:45:00,TQQQ,638,116.98,exit
2016-01-04 09:42:00,TQQQ,-708,105.42,entry
2016-01-04 15:30:00,TQQQ,708,103.97,exit
2016-01-05 09:35:00,TQQQ,-892,107.8201,entry
2016-01-05 15:30:00,TQQQ,892,106.4601,exit
2016-01-06 09:36:00,TQQQ,820,101.9772,entry
2016-01-06 14:50:00,TQQQ,-820,101.25,exit
2016-01-12 09:35:00,TQQQ,934,95.5405,entry
2016-01-12 10:24:00,TQQQ,-934,94.97,exit
2016-02-05 09:36:00,TQQQ,-587,81.281,entry
2016-02-05 15:30:00,TQQQ,587,74.92,exit
2016-02-11 09:44:00,TQQQ,810,69.895,entry
2016-02-11 11:05:00,TQQQ,-810,69.05,exit
2016-02-12 09:45:00,TQQQ,-735,72.66,entry
2016-02-12 11:14:00,TQQQ,735,73.5092,exit
2016-02-18 09:35:00,TQQQ,-622,84.33,entry
2016-02-18 15:30:00,TQQQ,622,82.5101,exit
2016-03-04 09:35:00,TQQQ,-544,91.27,entry
2016-03-04 10:45:00,TQQQ,544,92.4,exit
2016-03-11 10:07:00,TQQQ,-959,91.964,entry
2016-03-11 10:23:00,TQQQ,959,92.5501,exit
2016-03-17 09:36:00,TQQQ,1113,97.1573,entry
2016-03-17 09:39:00,TQQQ,-1113,96.66,exit
2016-03-18 09:37:00,TQQQ,-1345,97.47,entry
2016-03-18 11:04:00,TQQQ,1345,97.8697,exit
2016-03-21 09:35:00,TQQQ,1553,97.72,entry
2016-03-21 10:10:00,TQQQ,-1553,97.2696,exit
2016-03-23 09:41:00,TQQQ,-1612,98.54,entry
2016-03-23 15:30:00,TQQQ,1612,96.93,exit
2016-03-28 09:35:00,TQQQ,-945,97.2093,entry
2016-03-28 10:24:00,TQQQ,945,97.8,exit
2016-04-06 09:36:00,TQQQ,1357,102.6,entry
2016-04-06 09:37:00,TQQQ,-1357,102.08,exit
2016-04-07 09:36:00,TQQQ,1694,105.05,entry
2016-04-07 09:46:00,TQQQ,-1694,104.68,exit
2016-04-20 09:37:00,TQQQ,-1135,105.37,entry
2016-04-20 09:50:00,TQQQ,1135,105.87,exit
2016-04-25 09:35:00,TQQQ,1499,100.99,entry
2016-04-25 09:50:00,TQQQ,-1499,100.6,exit
2016-04-26 10:13:00,TQQQ,-1582,101.3606,entry
2016-04-26 10:18:00,TQQQ,1582,101.6999,exit
2016-04-29 09:39:00,TQQQ,793,94.55,entry
2016-04-29 09:42:00,TQQQ,-793,93.77,exit
2016-05-03 09:36:00,TQQQ,1239,93.64,entry
2016-05-03 09:46:00,TQQQ,-1239,93.0701,exit
2016-05-06 09:35:00,TQQQ,1415,89.9003,entry
2016-05-06 10:24:00,TQQQ,-1415,89.46,exit
2016-05-09 09:35:00,TQQQ,828,92.881,entry
2016-05-09 15:30:00,TQQQ,-828,93.3799,exit
2016-05-13 09:37:00,TQQQ,899,93.3959,entry
2016-05-13 10:30:00,TQQQ,-899,92.514,exit
2016-05-18 09:41:00,TQQQ,781,91.87,entry
2016-05-18 14:26:00,TQQQ,-781,91.213,exit
2016-05-19 09:41:00,TQQQ,1194,91.92,entry
2016-05-19 09:46:00,TQQQ,-1194,91.4,exit
2016-05-20 09:35:00,TQQQ,828,92.89,entry
2016-05-20 15:30:00,TQQQ,-828,93.75,exit
2016-05-23 09:35:00,TQQQ,1114,94.88,entry
2016-05-23 11:34:00,TQQQ,-1114,94.41,exit
2016-05-24 09:35:00,TQQQ,1226,95.8564,entry
2016-05-24 15:30:00,TQQQ,-1226,99.38,exit
2016-06-03 09:35:00,TQQQ,-1201,104.004,entry
2016-06-03 15:30:00,TQQQ,1201,104.085,exit
2016-06-13 09:49:00,TQQQ,1086,99.562,entry
2016-06-13 11:37:00,TQQQ,-1086,99.04,exit
2016-06-15 10:23:00,TQQQ,-1336,98.095,entry
2016-06-15 10:47:00,TQQQ,1336,98.5,exit
2016-06-20 09:40:00,TQQQ,1951,98.32,entry
2016-06-20 13:14:00,TQQQ,-1951,97.98,exit
2016-06-21 09:38:00,TQQQ,1115,97.27,entry
2016-06-21 10:06:00,TQQQ,-1115,96.7,exit
2016-06-23 09:36:00,TQQQ,-1459,98.15,entry
2016-06-23 10:03:00,TQQQ,1459,98.5,exit
2016-06-27 09:37:00,TQQQ,-1019,85.4799,entry
2016-06-27 15:30:00,TQQQ,1019,82.06,exit
2016-06-29 09:48:00,TQQQ,1087,91.1499,entry
2016-06-29 15:30:00,TQQQ,-1087,93.39,exit
2016-07-06 09:35:00,TQQQ,-910,93.94,entry
2016-07-06 09:54:00,TQQQ,910,94.56,exit
2016-07-11 09:35:00,TQQQ,912,105.72,entry
2016-07-11 10:25:00,TQQQ,-912,105.12,exit
2016-07-13 09:39:00,TQQQ,-1008,106.97,entry
2016-07-13 09:47:00,TQQQ,1008,107.54,exit
2016-07-22 09:35:00,TQQQ,-1096,111.41,entry
2016-07-22 09:47:00,TQQQ,1096,111.93,exit
2016-08-04 09:39:00,TQQQ,1952,118.58,entry
2016-08-04 09:58:00,TQQQ,-1952,118.2189,exit
2016-08-09 09:35:00,TQQQ,1326,123.11,entry
2016-08-09 14:34:00,TQQQ,-1326,122.7,exit
2016-08-15 09:35:00,TQQQ,934,125.137,entry
2016-08-15 15:30:00,TQQQ,-934,125.78,exit
2016-08-16 09:35:00,TQQQ,-624,123.9,entry
2016-08-16 15:30:00,TQQQ,624,124.23,exit
2016-08-18 10:13:00,TQQQ,1473,124.49,entry
2016-08-18 12:18:00,TQQQ,-1473,124.122,exit
2016-08-22 09:35:00,TQQQ,-1551,123.01,entry
2016-08-22 09:39:00,TQQQ,1551,123.5348,exit
2016-08-24 09:35:00,TQQQ,1337,125.29,entry
2016-08-24 09:50:00,TQQQ,-1337,124.7,exit
2016-08-29 09:37:00,TQQQ,1546,123.21,entry
2016-08-29 10:37:00,TQQQ,-1546,122.86,exit
2016-09-02 09:36:00,TQQQ,-921,123.68,entry
2016-09-02 09:44:00,TQQQ,921,124.24,exit
2016-09-09 09:38:00,TQQQ,1201,121.3601,entry
2016-09-09 09:55:00,TQQQ,-1201,120.73,exit
2016-09-13 09:37:00,TQQQ,1097,119.3,entry
2016-09-13 09:48:00,TQQQ,-1097,118.83,exit
2016-09-20 09:50:00,TQQQ,1188,124.47,entry
2016-09-20 10:15:00,TQQQ,-1188,123.83,exit
2016-09-26 09:36:00,TQQQ,-867,124.612,entry
2016-09-26 10:12:00,TQQQ,867,125.2456,exit
2016-09-27 09:35:00,TQQQ,581,125.06,entry
2016-09-27 15:30:00,TQQQ,-581,127.459,exit
2016-10-11 09:37:00,TQQQ,-709,128.97,entry
2016-10-11 15:30:00,TQQQ,709,124.368,exit
2016-10-13 09:40:00,TQQQ,-1075,121.17,entry
2016-10-13 11:25:00,TQQQ,1075,121.67,exit
2016-10-14 09:37:00,TQQQ,1187,125.5234,entry
2016-10-14 09:39:00,TQQQ,-1187,125.07,exit
2016-10-18 09:35:00,TQQQ,-1186,126.2101,entry
2016-10-18 09:48:00,TQQQ,1186,126.73,exit
2016-10-31 09:38:00,TQQQ,-1281,123.86,entry
2016-10-31 09:49:00,TQQQ,1281,124.3682,exit
2016-11-01 09:37:00,TQQQ,-1594,122.86,entry
2016-11-01 13:15:00,TQQQ,1594,119.65,exit
2016-11-10 09:38:00,TQQQ,-918,125.28,entry
2016-11-10 09:40:00,TQQQ,918,126.01,exit
2016-11-15 09:36:00,TQQQ,514,118.434,entry
2016-11-15 15:30:00,TQQQ,-514,120.45,exit
2016-11-16 09:35:00,TQQQ,892,118.97,entry
2016-11-16 15:30:00,TQQQ,-892,121.5935,exit
2016-11-23 09:36:00,TQQQ,-699,125.8,entry
2016-11-23 15:30:00,TQQQ,699,126.0,exit
2016-11-30 09:50:00,TQQQ,-694,127.32,entry
2016-11-30 15:30:00,TQQQ,694,124.5,exit
2016-12-02 09:35:00,TQQQ,762,117.97,entry
2016-12-02 09:51:00,TQQQ,-762,117.23,exit
2016-12-06 09:36:00,TQQQ,-559,119.95,entry
2016-12-06 09:50:00,TQQQ,559,121.21,exit
2016-12-07 09:38:00,TQQQ,1347,120.94,entry
2016-12-07 09:40:00,TQQQ,-1347,120.37,exit
2016-12-09 09:38:00,TQQQ,1352,128.71,entry
2016-12-09 09:40:00,TQQQ,-1352,128.18,exit
2016-12-12 09:36:00,TQQQ,-1034,127.1,entry
2016-12-12 09:39:00,TQQQ,1034,127.84,exit
2016-12-13 09:35:00,TQQQ,759,129.97,entry
2016-12-13 15:30:00,TQQQ,-759,133.65,exit
2016-12-14 09:57:00,TQQQ,1208,133.82,entry
2016-12-14 10:04:00,TQQQ,-1208,133.3497,exit
2016-12-16 09:35:00,TQQQ,1233,133.9428,entry
2016-12-16 09:36:00,TQQQ,-1233,133.09,exit
2016-12-20 09:38:00,TQQQ,1306,134.2481,entry
2016-12-20 10:04:00,TQQQ,-1306,133.75,exit
2016-12-27 09:35:00,TQQQ,1097,134.234,entry
2016-12-27 15:30:00,TQQQ,-1097,135.36,exit
2017-01-03 09:35:00,TQQQ,957,130.1889,entry
2017-01-03 09:38:00,TQQQ,-957,129.335,exit
2017-01-09 09:37:00,TQQQ,1433,139.13,entry
2017-01-09 10:05:00,TQQQ,-1433,138.48,exit
2017-01-11 10:27:00,TQQQ,1481,141.0172,entry
2017-01-11 11:23:00,TQQQ,-1481,140.5,exit
2017-02-13 09:41:00,TQQQ,3054,79.47,entry
2017-02-13 15:30:00,TQQQ,-3054,80.02,exit
2017-02-14 10:04:00,TQQQ,-2094,79.56,entry
2017-02-14 10:11:00,TQQQ,2094,79.8899,exit
2017-02-15 09:41:00,TQQQ,2119,80.83,entry
2017-02-15 15:30:00,TQQQ,-2119,82.139,exit
2017-02-17 09:37:00,TQQQ,3276,81.94,entry
2017-02-17 15:30:00,TQQQ,-3276,82.77,exit
2017-02-23 09:36:00,TQQQ,-3583,84.44,entry
2017-02-23 11:01:00,TQQQ,3583,82.8206,exit
2017-02-27 09:39:00,TQQQ,-2688,83.0738,entry
2017-02-27 09:49:00,TQQQ,2688,83.33,exit
2017-03-01 09:40:00,TQQQ,-1895,84.64,entry
2017-03-01 10:00:00,TQQQ,1895,85.055,exit
2017-03-03 09:36:00,TQQQ,2723,84.85,entry
2017-03-03 09:59:00,TQQQ,-2723,84.62,exit
2017-03-10 09:40:00,TQQQ,-2744,85.843,entry
2017-03-10 09:52:00,TQQQ,2744,86.07,exit
2017-03-13 09:35:00,TQQQ,3085,86.1418,entry
2017-03-13 09:58:00,TQQQ,-3085,85.95,exit
2017-03-15 09:35:00,TQQQ,-2505,85.9205,entry
2017-03-15 12:33:00,TQQQ,2505,86.19,exit
2017-03-16 09:35:00,TQQQ,-3158,87.54,entry
2017-03-16 15:30:00,TQQQ,3158,86.99,exit
2017-03-17 10:07:00,TQQQ,-3964,87.16,entry
2017-03-17 10:12:00,TQQQ,3964,87.34,exit
2017-03-24 09:35:00,TQQQ,2624,85.55,entry
2017-03-24 12:20:00,TQQQ,-2624,85.25,exit
2017-03-28 09:35:00,TQQQ,1952,85.53,entry
2017-03-28 09:47:00,TQQQ,-1952,85.0301,exit
2017-03-30 09:36:00,TQQQ,-1546,87.68,entry
2017-03-30 09:42:00,TQQQ,1546,88.0792,exit
2017-04-03 09:35:00,TQQQ,2212,88.8104,entry
2017-04-03 10:06:00,TQQQ,-2212,88.45,exit
2017-04-04 09:35:00,TQQQ,2720,87.66,entry
2017-04-04 09:37:00,TQQQ,-2720,87.4308,exit
2017-04-06 09:44:00,TQQQ,-2580,87.4,entry
2017-04-06 09:54:00,TQQQ,2580,87.7924,exit
2017-04-07 09:52:00,TQQQ,-1871,87.09,entry
2017-04-07 10:34:00,TQQQ,1871,87.39,exit
2017-04-10 09:35:00,TQQQ,1854,88.036,entry
2017-04-10 11:31:00,TQQQ,-1854,87.6888,exit
2017-04-12 10:12:00,TQQQ,-2409,85.86,entry
2017-04-12 10:17:00,TQQQ,2409,86.23,exit
2017-04-13 09:37:00,TQQQ,2338,85.1697,entry
2017-04-13 13:05:00,TQQQ,-2338,84.912,exit
2017-04-17 09:36:00,TQQQ,2037,85.34,entry
2017-04-17 09:41:00,TQQQ,-2037,85.0101,exit
2017-04-19 09:40:00,TQQQ,1750,87.4344,entry
2017-04-19 13:04:00,TQQQ,-1750,87.0999,exit
2017-04-20 10:10:00,TQQQ,1750,87.7222,entry
2017-04-20 10:27:00,TQQQ,-1750,87.4,exit
2017-04-24 09:36:00,TQQQ,-2055,90.92,entry
2017-04-24 09:39:00,TQQQ,2055,91.285,exit
2017-04-28 09:37:00,TQQQ,-1261,95.45,entry
2017-04-28 15:30:00,TQQQ,1261,95.13,exit
2017-05-01 09:37:00,TQQQ,2267,96.51,entry
2017-05-01 15:30:00,TQQQ,-2267,98.06,exit
2017-05-02 09:40:00,TQQQ,-3074,97.93,entry
2017-05-02 11:34:00,TQQQ,3074,98.15,exit
2017-05-03 09:37:00,TQQQ,-1839,97.2014,entry
2017-05-03 15:30:00,TQQQ,1839,97.01,exit
2017-05-04 09:35:00,TQQQ,-1825,97.0613,entry
2017-05-04 10:27:00,TQQQ,1825,97.48,exit
2017-05-10 09:35:00,TQQQ,-2063,99.94,entry
2017-05-10 13:03:00,TQQQ,2063,100.22,exit
2017-05-12 10:22:00,TQQQ,3002,100.586,entry
2017-05-12 10:26:00,TQQQ,-3002,100.25,exit
2017-05-16 09:36:00,TQQQ,-2755,102.08,entry
2017-05-16 09:47:00,TQQQ,2755,102.3,exit
2017-05-23 09:43:00,TQQQ,-1050,101.4418,entry
2017-05-23 15:30:00,TQQQ,1050,101.27,exit
2017-05-24 09:35:00,TQQQ,-2139,102.07,entry
2017-05-24 14:12:00,TQQQ,2139,102.407,exit
2017-05-25 09:39:00,TQQQ,-1710,103.6199,entry
2017-05-25 09:48:00,TQQQ,1710,103.96,exit
2017-05-30 09:35:00,TQQQ,1075,106.49,entry
2017-05-30 15:30:00,TQQQ,-1075,106.53,exit
2017-06-01 09:45:00,TQQQ,2571,107.12,entry
2017-06-01 09:54:00,TQQQ,-2571,106.48,exit
2017-06-02 09:35:00,TQQQ,1815,108.83,entry
2017-06-02 09:39:00,TQQQ,-1815,108.43,exit
2017-06-08 09:37:00,TQQQ,-847,111.01,entry
2017-06-08 15:30:00,TQQQ,847,110.76,exit
2017-06-09 09:37:00,TQQQ,-2057,111.41,entry
2017-06-09 09:45:00,TQQQ,2057,111.6765,exit
2017-06-13 09:40:00,TQQQ,1161,103.73,entry
2017-06-13 10:07:00,TQQQ,-1161,103.18,exit
2017-06-14 09:35:00,TQQQ,-1811,104.45,entry
2017-06-14 11:59:00,TQQQ,1811,104.73,exit
2017-06-15 09:42:00,TQQQ,-861,98.7,entry
2017-06-15 11:13:00,TQQQ,861,99.29,exit
2017-06-20 10:00:00,TQQQ,-1101,103.57,entry
2017-06-20 10:11:00,TQQQ,1101,104.0384,exit
2017-06-22 09:35:00,TQQQ,-1422,105.07,entry
2017-06-22 10:50:00,TQQQ,1422,105.472,exit
2017-06-26 09:35:00,TQQQ,1545,108.51,entry
2017-06-26 09:40:00,TQQQ,-1545,108.18,exit
2017-07-06 09:36:00,TQQQ,1117,95.94,entry
2017-07-06 09:39:00,TQQQ,-1117,95.0,exit
2017-07-10 09:35:00,TQQQ,787,98.956,entry
2017-07-10 09:50:00,TQQQ,-787,98.2698,exit
2017-07-12 09:53:00,TQQQ,-839,102.84,entry
2017-07-12 10:20:00,TQQQ,839,103.45,exit
2017-07-13 09:38:00,TQQQ,1243,105.08,entry
2017-07-13 10:28:00,TQQQ,-1243,104.47,exit
2017-07-14 10:02:00,TQQQ,-1061,105.85,entry
2017-07-14 11:11:00,TQQQ,1061,106.35,exit
2017-07-25 09:54:00,TQQQ,1570,112.66,entry
2017-07-25 10:35:00,TQQQ,-1570,112.33,exit
2017-08-02 09:37:00,TQQQ,-1431,112.28,entry
2017-08-02 10:44:00,TQQQ,1431,109.0,exit
2017-08-04 09:59:00,TQQQ,-827,110.08,entry
2017-08-04 10:27:00,TQQQ,827,110.74,exit
2017-08-14 09:36:00,TQQQ,1151,110.158,entry
2017-08-14 15:30:00,TQQQ,-1151,111.02,exit
2017-08-16 09:38:00,TQQQ,-1691,111.72,entry
2017-08-16 10:37:00,TQQQ,1691,112.063,exit
2017-08-18 09:38:00,TQQQ,-1510,104.862,entry
2017-08-18 10:15:00,TQQQ,1510,105.26,exit
2017-08-21 09:57:00,TQQQ,-1311,104.16,entry
2017-08-21 11:42:00,TQQQ,1311,104.57,exit
2017-08-28 09:37:00,TQQQ,-1628,106.67,entry
2017-08-28 09:45:00,TQQQ,1628,107.01,exit
2017-08-31 09:35:00,TQQQ,1609,113.5865,entry
2017-08-31 15:30:00,TQQQ,-1609,115.3501,exit
2017-09-06 09:36:00,TQQQ,-1214,112.9463,entry
2017-09-06 13:13:00,TQQQ,1214,113.38,exit
2017-09-13 09:47:00,TQQQ,-1737,114.7078,entry
2017-09-13 09:55:00,TQQQ,1737,115.23,exit
2017-09-14 09:35:00,TQQQ,-690,114.0,entry
2017-09-14 09:48:00,TQQQ,690,114.759,exit
2017-09-20 10:24:00,TQQQ,-1274,114.75,entry
2017-09-20 15:30:00,TQQQ,1274,113.71,exit
2017-09-21 09:35:00,TQQQ,-1246,113.37,entry
2017-09-21 15:30:00,TQQQ,1246,112.9212,exit
2017-09-22 09:36:00,TQQQ,955,111.81,entry
2017-09-22 10:57:00,TQQQ,-955,111.18,exit
2017-09-25 09:35:00,TQQQ,-976,109.75,entry
2017-09-25 10:09:00,TQQQ,976,110.28,exit
2017-09-26 09:40:00,TQQQ,1000,110.46,entry
2017-09-26 09:54:00,TQQQ,-1000,109.79,exit
2017-09-27 09:35:00,TQQQ,1403,111.37,entry
2017-09-27 10:10:00,TQQQ,-1403,110.85,exit
2017-09-28 10:26:00,TQQQ,936,111.84,entry
2017-09-28 11:16:00,TQQQ,-936,111.2,exit
2017-09-29 09:35:00,TQQQ,1889,112.8499,entry
2017-09-29 09:45:00,TQQQ,-1889,112.5838,exit
2017-10-06 09:39:00,TQQQ,1433,118.36,entry
2017-10-06 10:55:00,TQQQ,-1433,117.88,exit
2017-10-11 09:40:00,TQQQ,-1677,118.89,entry
2017-10-11 09:44:00,TQQQ,1677,119.18,exit
2017-10-12 09:35:00,TQQQ,2115,120.1028,entry
2017-10-12 09:41:00,TQQQ,-2115,119.78,exit
2017-10-23 09:37:00,TQQQ,-2084,122.15,entry
2017-10-23 15:19:00,TQQQ,2084,119.9,exit
2017-10-24 09:36:00,TQQQ,-1629,119.65,entry
2017-10-24 10:39:00,TQQQ,1629,119.975,exit
2017-10-31 09:38:00,TQQQ,-1378,129.2,entry
2017-10-31 09:40:00,TQQQ,1378,129.66,exit
2017-11-09 10:09:00,TQQQ,1215,133.3132,entry
2017-11-09 10:38:00,TQQQ,-1215,132.744,exit
2017-11-10 09:39:00,TQQQ,1199,133.37,entry
2017-11-10 09:47:00,TQQQ,-1199,132.95,exit
2017-11-13 09:40:00,TQQQ,1465,132.84,entry
2017-11-13 15:30:00,TQQQ,-1465,134.473,exit
2017-11-15 09:35:00,TQQQ,-1081,130.31,entry
2017-11-15 10:34:00,TQQQ,1081,130.8,exit
2017-11-16 09:35:00,TQQQ,1128,133.71,entry
2017-11-16 15:30:00,TQQQ,-1128,136.27,exit
2017-12-13 09:41:00,TQQQ,1420,140.24,entry
2017-12-13 09:44:00,TQQQ,-1420,139.7895,exit
2017-12-14 10:15:00,TQQQ,1351,140.02,entry
2017-12-14 11:15:00,TQQQ,-1351,139.57,exit
2017-12-15 09:35:00,TQQQ,-1399,139.72,entry
2017-12-15 10:02:00,TQQQ,1399,140.09,exit
2017-12-18 09:36:00,TQQQ,-963,145.49,entry
2017-12-18 09:41:00,TQQQ,963,146.18,exit
2017-12-19 09:36:00,TQQQ,-1440,145.88,entry
2017-12-19 15:30:00,TQQQ,1440,144.37,exit
2017-12-26 09:36:00,TQQQ,-1146,140.4504,entry
2017-12-26 10:31:00,TQQQ,1146,140.9899,exit
2017-12-29 09:35:00,TQQQ,-992,141.07,entry
2017-12-29 15:30:00,TQQQ,992,140.31,exit
2018-01-03 09:37:00,TQQQ,892,147.427,entry
2018-01-03 15:30:00,TQQQ,-892,150.1892,exit
2018-01-08 09:45:00,TQQQ,907,156.374,entry
2018-01-08 10:08:00,TQQQ,-907,155.56,exit
2018-01-18 10:01:00,TQQQ,-1226,165.675,entry
2018-01-18 10:39:00,TQQQ,1226,166.25,exit
2018-01-19 09:52:00,TQQQ,-922,167.71,entry
2018-01-19 14:36:00,TQQQ,922,168.3,exit
2018-01-23 09:40:00,TQQQ,1266,175.8,entry
2018-01-23 09:57:00,TQQQ,-1266,175.38,exit
2018-01-24 09:35:00,TQQQ,-1130,178.525,entry
2018-01-24 10:01:00,TQQQ,1130,178.985,exit
2018-01-31 09:38:00,TQQQ,967,178.8842,entry
2018-01-31 09:58:00,TQQQ,-967,178.02,exit
2018-02-08 09:42:00,TQQQ,-425,148.13,entry
2018-02-08 12:55:00,TQQQ,425,135.74,exit
2018-02-09 09:56:00,TQQQ,503,137.03,entry
2018-02-09 09:59:00,TQQQ,-503,135.83,exit
2018-02-12 09:41:00,TQQQ,507,142.25,entry
2018-02-12 09:51:00,TQQQ,-507,140.99,exit
2018-02-13 09:37:00,TQQQ,446,142.7,entry
2018-02-13 09:49:00,TQQQ,-446,141.49,exit
2018-02-14 09:35:00,TQQQ,493,145.25,entry
2018-02-14 15:30:00,TQQQ,-493,153.92,exit
2018-02-15 09:35:00,TQQQ,-336,155.6101,entry
2018-02-15 09:39:00,TQQQ,336,157.32,exit
2018-02-20 09:35:00,TQQQ,472,160.2233,entry
2018-02-20 15:21:00,TQQQ,-472,158.85,exit
2018-02-21 09:48:00,TQQQ,511,164.4703,entry
2018-02-21 09:53:00,TQQQ,-511,163.405,exit
2018-03-07 09:35:00,TQQQ,420,167.88,entry
2018-03-07 11:59:00,TQQQ,-420,166.5289,exit
2018-03-14 09:35:00,TQQQ,-473,180.621,entry
2018-03-14 10:01:00,TQQQ,473,181.78,exit
2018-03-22 09:36:00,TQQQ,450,159.245,entry
2018-03-22 10:45:00,TQQQ,-450,157.9552,exit
2018-03-26 09:39:00,TQQQ,734,150.379,entry
2018-03-26 09:50:00,TQQQ,-734,149.51,exit
2018-03-27 09:35:00,TQQQ,-427,157.57,entry
2018-03-27 10:04:00,TQQQ,427,158.8656,exit
2018-03-29 09:37:00,TQQQ,-379,137.3633,entry
2018-03-29 10:39:00,TQQQ,379,138.8064,exit
2018-04-02 09:35:00,TQQQ,565,141.47,entry
2018-04-02 09:44:00,TQQQ,-565,140.2,exit
2018-04-03 09:50:00,TQQQ,-428,133.1317,entry
2018-04-03 11:00:00,TQQQ,428,134.5242,exit
2018-04-06 09:35:00,TQQQ,368,141.4689,entry
2018-04-06 10:43:00,TQQQ,-368,139.82,exit
2018-04-10 09:40:00,TQQQ,-488,141.299,entry
2018-04-10 10:23:00,TQQQ,488,142.4,exit
2018-04-11 09:59:00,TQQQ,500,144.439,entry
2018-04-11 10:05:00,TQQQ,-500,143.305,exit
2018-04-27 09:36:00,TQQQ,-364,150.38,entry
2018-04-27 15:30:00,TQQQ,364,146.01,exit
2018-05-02 09:35:00,TQQQ,-557,147.3726,entry
2018-05-02 09:52:00,TQQQ,557,148.53,exit
2018-05-21 09:37:00,TQQQ,479,165.8875,entry
2018-05-21 10:08:00,TQQQ,-479,164.8276,exit
2018-06-27 09:40:00,TQQQ,-2714,58.36,entry
2018-06-27 09:45:00,TQQQ,2714,58.56,exit
2018-06-28 09:35:00,TQQQ,1723,55.5695,entry
2018-06-28 09:45:00,TQQQ,-1723,55.23,exit
2018-06-29 09:41:00,TQQQ,1908,58.1,entry
2018-06-29 10:15:00,TQQQ,-1908,57.81,exit
2018-07-03 09:35:00,TQQQ,-1613,58.5,entry
2018-07-03 15:35:00,TQQQ,1613,56.3299,exit
2018-07-10 09:50:00,TQQQ,-1865,62.64,entry
2018-07-10 10:03:00,TQQQ,1865,62.99,exit
2018-07-12 09:37:00,TQQQ,1597,63.1399,entry
2018-07-12 15:30:00,TQQQ,-1597,64.7801,exit
2018-07-17 09:35:00,TQQQ,1809,63.33,entry
2018-07-17 15:23:00,TQQQ,-1809,66.27,exit
2018-07-19 09:35:00,TQQQ,1427,65.49,entry
2018-07-19 09:49:00,TQQQ,-1427,65.0599,exit
2018-07-25 09:45:00,TQQQ,2198,66.45,entry
2018-07-25 10:06:00,TQQQ,-2198,66.19,exit
2018-07-27 09:35:00,TQQQ,-1832,66.38,entry
2018-07-27 12:36:00,TQQQ,1832,63.15,exit
2018-08-02 09:35:00,TQQQ,2053,61.36,entry
2018-08-02 13:04:00,TQQQ,-2053,64.229,exit
2018-08-03 09:37:00,TQQQ,-1570,64.61,entry
2018-08-03 10:03:00,TQQQ,1570,65.07,exit
2018-08-06 09:52:00,TQQQ,1735,65.57,entry
2018-08-06 15:30:00,TQQQ,-1735,66.52,exit
2018-08-07 09:35:00,TQQQ,1545,67.6,entry
2018-08-07 09:45:00,TQQQ,-1545,67.1375,exit
2018-08-10 09:36:00,TQQQ,2005,66.35,entry
2018-08-10 09:54:00,TQQQ,-2005,66.03,exit
2018-08-13 09:35:00,TQQQ,2207,66.4799,entry
2018-08-13 11:25:00,TQQQ,-2207,66.1847,exit
2018-08-14 09:41:00,TQQQ,-2316,66.04,entry
2018-08-14 10:37:00,TQQQ,2316,66.3316,exit
2018-08-17 10:06:00,TQQQ,-1526,63.792,entry
2018-08-17 11:42:00,TQQQ,1526,64.2847,exit
2018-08-20 09:41:00,TQQQ,-2201,64.96,entry
2018-08-20 15:30:00,TQQQ,2201,64.88,exit
2018-08-21 09:45:00,TQQQ,2688,65.63,entry
2018-08-21 15:30:00,TQQQ,-2688,65.58,exit
2018-08-22 09:35:00,TQQQ,1755,65.58,entry
2018-08-22 09:52:00,TQQQ,-1755,65.2,exit
2018-08-23 09:35:00,TQQQ,2159,66.3799,entry
2018-08-23 11:18:00,TQQQ,-2159,66.0999,exit
2018-08-24 10:01:00,TQQQ,1502,67.078,entry
2018-08-24 15:30:00,TQQQ,-1502,67.58,exit
2018-08-30 10:18:00,TQQQ,2870,72.42,entry
2018-08-30 14:23:00,TQQQ,-2870,71.99,exit
2018-09-04 09:35:00,TQQQ,-944,71.1,entry
2018-09-04 10:49:00,TQQQ,944,71.8,exit
2018-09-17 09:35:00,TQQQ,-1526,68.2428,entry
2018-09-17 15:30:00,TQQQ,1526,66.2964,exit
2018-09-21 09:38:00,TQQQ,3274,70.4,entry
2018-09-21 09:52:00,TQQQ,-3274,70.1702,exit
2018-09-25 10:25:00,TQQQ,-2014,68.62,entry
2018-09-25 10:34:00,TQQQ,2014,68.92,exit
2018-09-27 09:39:00,TQQQ,1666,70.78,entry
2018-09-27 15:30:00,TQQQ,-1666,71.2699,exit
2018-09-28 09:36:00,TQQQ,2125,71.07,entry
2018-09-28 09:44:00,TQQQ,-2125,70.73,exit
2018-10-02 09:50:00,TQQQ,2340,71.74,entry
2018-10-02 09:54:00,TQQQ,-2340,71.47,exit
2018-10-03 09:35:00,TQQQ,2134,72.3,entry
2018-10-03 09:39:00,TQQQ,-2134,71.99,exit
2018-10-19 09:36:00,TQQQ,2120,58.29,entry
2018-10-19 11:29:00,TQQQ,-2120,57.97,exit
2018-10-23 09:36:00,TQQQ,1215,54.5,entry
2018-10-23 09:40:00,TQQQ,-1215,53.91,exit
2018-10-24 09:48:00,TQQQ,-1083,55.8299,entry
2018-10-24 15:30:00,TQQQ,1083,50.7946,exit
2018-10-26 09:36:00,TQQQ,851,49.6355,entry
2018-10-26 10:05:00,TQQQ,-851,48.7,exit
2018-10-29 09:41:00,TQQQ,-1555,51.55,entry
2018-10-29 10:00:00,TQQQ,1555,51.99,exit
2018-11-02 09:38:00,TQQQ,1337,54.24,entry
2018-11-02 09:58:00,TQQQ,-1337,53.65,exit
2018-11-05 09:38:00,TQQQ,-1084,51.1,entry
2018-11-05 14:45:00,TQQQ,1084,51.7774,exit
2018-11-06 09:35:00,TQQQ,875,52.69,entry
2018-11-06 11:03:00,TQQQ,-875,51.9701,exit
2018-11-08 09:36:00,TQQQ,-1468,56.2239,entry
2018-11-08 09:46:00,TQQQ,1468,56.73,exit
2018-11-13 09:35:00,TQQQ,1126,50.5005,entry
2018-11-13 09:43:00,TQQQ,-1126,49.96,exit
2018-11-15 09:35:00,TQQQ,1109,47.69,entry
2018-11-15 10:04:00,TQQQ,-1109,47.04,exit
2018-11-20 09:36:00,TQQQ,1033,42.43,entry
2018-11-20 09:52:00,TQQQ,-1033,41.7844,exit
2018-11-23 09:36:00,TQQQ,1390,43.072,entry
2018-11-23 11:59:00,TQQQ,-1390,42.65,exit
2018-11-29 09:36:00,TQQQ,-1753,49.3614,entry
2018-11-29 12:40:00,TQQQ,1753,49.7499,exit
2018-11-30 09:35:00,TQQQ,-1567,49.25,entry
2018-11-30 09:48:00,TQQQ,1567,49.7,exit
2018-12-03 09:36:00,TQQQ,-1670,53.62,entry
2018-12-03 10:25:00,TQQQ,1670,53.97,exit
2018-12-04 09:53:00,TQQQ,-1228,52.17,entry
2018-12-04 10:08:00,TQQQ,1228,52.6299,exit
2018-12-06 09:35:00,TQQQ,975,44.99,entry
2018-12-06 09:54:00,TQQQ,-975,44.32,exit
2018-12-13 09:54:00,TQQQ,-1485,46.77,entry
2018-12-13 10:01:00,TQQQ,1485,47.1601,exit
2018-12-17 09:36:00,TQQQ,-1942,42.035,entry
2018-12-17 10:14:00,TQQQ,1942,42.34,exit
2018-12-19 09:39:00,TQQQ,1525,41.14,entry
2018-12-19 14:02:00,TQQQ,-1525,40.69,exit
2018-12-21 10:17:00,TQQQ,947,37.359,entry
2018-12-21 10:25:00,TQQQ,-947,36.75,exit
2018-12-26 09:36:00,TQQQ,1107,32.1899,entry
2018-12-26 09:57:00,TQQQ,-1107,31.7,exit
2018-12-27 09:48:00,TQQQ,-1059,33.8963,entry
2018-12-27 10:02:00,TQQQ,1059,34.47,exit
2018-12-28 09:35:00,TQQQ,-1085,36.26,entry
2018-12-28 09:44:00,TQQQ,1085,36.9,exit
2019-01-02 09:36:00,TQQQ,1345,35.44,entry
2019-01-02 15:30:00,TQQQ,-1345,37.03,exit
2019-01-14 09:35:00,TQQQ,-1961,39.92,entry
2019-01-14 09:40:00,TQQQ,1961,40.24,exit
2019-01-28 09:40:00,TQQQ,-1896,42.52,entry
2019-01-28 10:21:00,TQQQ,1896,42.84,exit
2019-01-30 09:38:00,TQQQ,2628,43.58,entry
2019-01-30 09:48:00,TQQQ,-2628,43.3,exit
2019-02-04 09:47:00,TQQQ,2173,46.82,entry
2019-02-04 15:30:00,TQQQ,-2173,47.83,exit
2019-02-07 09:35:00,TQQQ,-2480,47.29,entry
2019-02-07 09:59:00,TQQQ,2480,47.5142,exit
2019-02-11 09:35:00,TQQQ,2084,48.0701,entry
2019-02-11 09:39:00,TQQQ,-2084,47.79,exit
2019-02-13 09:35:00,TQQQ,2534,50.1126,entry
2019-02-13 10:06:00,TQQQ,-2534,49.85,exit
2019-02-15 09:35:00,TQQQ,-2205,50.08,entry
2019-02-15 10:41:00,TQQQ,2205,50.3301,exit
2019-02-19 09:35:00,TQQQ,1872,50.0589,entry
2019-02-19 15:30:00,TQQQ,-1872,50.53,exit
2019-02-20 09:41:00,TQQQ,2556,50.76,entry
2019-02-20 12:05:00,TQQQ,-2556,50.49,exit
2019-02-27 09:40:00,TQQQ,2174,51.26,entry
2019-02-27 09:51:00,TQQQ,-2174,51.01,exit
2019-02-28 09:39:00,TQQQ,2352,51.2,entry
2019-02-28 10:02:00,TQQQ,-2352,50.95,exit
2019-03-01 09:37:00,TQQQ,-3392,51.925,entry
2019-03-01 09:45:00,TQQQ,3392,52.131,exit
2019-03-04 09:39:00,TQQQ,3597,53.23,entry
2019-03-04 09:50:00,TQQQ,-3597,53.02,exit
2019-03-05 09:45:00,TQQQ,-2027,51.795,entry
2019-03-05 10:05:00,TQQQ,2027,52.2,exit
2019-03-06 09:36:00,TQQQ,-3414,52.1,entry
2019-03-06 09:45:00,TQQQ,3414,52.28,exit
2019-03-07 09:35:00,TQQQ,-1955,50.55,entry
2019-03-07 15:30:00,TQQQ,1955,49.08,exit
2019-03-14 09:35:00,TQQQ,-2696,54.09,entry
2019-03-14 09:50:00,TQQQ,2696,54.3352,exit
2019-03-18 09:47:00,TQQQ,1932,55.84,entry
2019-03-18 11:23:00,TQQQ,-1932,55.56,exit
2019-03-20 09:35:00,TQQQ,-2729,56.05,entry
2019-03-20 09:52:00,TQQQ,2729,56.275,exit
2019-03-21 09:35:00,TQQQ,1608,56.97,entry
2019-03-21 15:30:00,TQQQ,-1608,59.5999,exit
2019-03-25 09:35:00,TQQQ,1241,55.39,entry
2019-03-25 09:46:00,TQQQ,-1241,54.87,exit
2019-03-26 09:39:00,TQQQ,2494,57.05,entry
2019-03-26 10:32:00,TQQQ,-2494,56.7996,exit
2019-04-08 09:37:00,TQQQ,-1805,60.65,entry
2019-04-08 10:21:00,TQQQ,1805,60.97,exit
2019-04-11 09:37:00,TQQQ,-3207,62.11,entry
2019-04-11 15:30:00,TQQQ,3207,61.5,exit
2019-04-17 09:38:00,TQQQ,-2931,64.2,entry
2019-04-17 15:30:00,TQQQ,2931,63.58,exit
2019-04-22 09:38:00,TQQQ,2370,63.3953,entry
2019-04-22 15:30:00,TQQQ,-2370,64.35,exit
2019-04-24 09:42:00,TQQQ,-3056,66.95,entry
2019-04-24 10:35:00,TQQQ,3056,67.22,exit
2019-05-03 09:45:00,TQQQ,-2779,65.8284,entry
2019-05-03 09:46:00,TQQQ,2779,66.0944,exit
2019-05-10 09:59:00,TQQQ,-1657,59.97,entry
2019-05-10 13:20:00,TQQQ,1657,60.0899,exit
2019-05-14 09:38:00,TQQQ,2521,55.99,entry
2019-05-14 09:47:00,TQQQ,-2521,55.56,exit
2019-05-15 09:37:00,TQQQ,1462,56.07,entry
2019-05-15 15:30:00,TQQQ,-1462,59.3167,exit
2019-05-17 09:39:00,TQQQ,1282,59.6599,entry
2019-05-17 10:14:00,TQQQ,-1282,59.2,exit
2019-05-22 09:36:00,TQQQ,1976,57.14,entry
2019-05-22 10:57:00,TQQQ,-1976,56.8039,exit
2019-05-28 09:35:00,TQQQ,1224,55.18,entry
2019-05-28 10:14:00,TQQQ,-1224,54.7043,exit
2019-06-17 09:37:00,TQQQ,2374,58.2683,entry
2019-06-17 15:30:00,TQQQ,-2374,58.7088,exit
2019-06-20 09:36:00,TQQQ,-1781,63.9189,entry
2019-06-20 09:50:00,TQQQ,1781,64.27,exit
2019-06-26 09:35:00,TQQQ,1969,61.75,entry
2019-06-26 11:13:00,TQQQ,-1969,61.45,exit
2019-06-27 09:56:00,TQQQ,2305,61.9279,entry
2019-06-27 10:02:00,TQQQ,-2305,61.67,exit
2019-07-01 09:45:00,TQQQ,-1870,65.0,entry
2019-07-01 10:03:00,TQQQ,1870,65.31,exit
2019-07-08 09:37:00,TQQQ,-1487,64.19,entry
2019-07-08 11:12:00,TQQQ,1487,64.5961,exit
2019-07-11 09:38:00,TQQQ,2577,68.02,entry
2019-07-11 09:42:00,TQQQ,-2577,67.79,exit
2019-07-12 09:40:00,TQQQ,2386,67.88,entry
2019-07-12 10:23:00,TQQQ,-2386,67.6479,exit
2019-07-15 09:37:00,TQQQ,-2233,68.59,entry
2019-07-15 11:17:00,TQQQ,2233,68.8399,exit
2019-07-16 09:45:00,TQQQ,2900,69.025,entry
2019-07-16 10:12:00,TQQQ,-2900,68.825,exit
2019-07-19 09:37:00,TQQQ,-2279,68.24,entry
2019-07-19 15:30:00,TQQQ,2279,66.3,exit
2019-07-22 09:40:00,TQQQ,2139,66.67,entry
2019-07-22 15:30:00,TQQQ,-2139,67.3058,exit
2019-07-23 09:37:00,TQQQ,-2706,68.05,entry
2019-07-23 13:56:00,TQQQ,2706,68.2723,exit
2019-07-24 09:35:00,TQQQ,2473,68.2443,entry
2019-07-24 15:30:00,TQQQ,-2473,70.0,exit
2019-07-25 09:37:00,TQQQ,-1488,68.7637,entry
2019-07-25 15:30:00,TQQQ,1488,68.25,exit
2019-07-29 09:38:00,TQQQ,-2408,69.47,entry
2019-07-29 15:30:00,TQQQ,2408,69.35,exit
2019-07-30 09:36:00,TQQQ,1195,68.415,entry
2019-07-30 15:30:00,TQQQ,-1195,68.491,exit
2019-08-08 09:42:00,TQQQ,-1678,58.94,entry
2019-08-08 09:53:00,TQQQ,1678,59.34,exit
2019-08-09 09:35:00,TQQQ,1968,61.735,entry
2019-08-09 09:42:00,TQQQ,-1968,61.38,exit
2019-08-14 09:39:00,TQQQ,1309,59.72,entry
2019-08-14 09:42:00,TQQQ,-1309,59.24,exit
2019-08-20 09:35:00,TQQQ,-1439,60.85,entry
2019-08-20 10:11:00,TQQQ,1439,61.32,exit
2019-08-28 09:38:00,TQQQ,-1120,56.4,entry
2019-08-28 09:48:00,TQQQ,1120,57.0894,exit
2019-08-29 09:46:00,TQQQ,1441,61.165,entry
2019-08-29 10:11:00,TQQQ,-1441,60.655,exit
2019-09-05 09:36:00,TQQQ,2161,63.64,entry
2019-09-05 15:30:00,TQQQ,-2161,64.755,exit
2019-09-06 09:35:00,TQQQ,-1322,64.151,entry
2019-09-06 09:49:00,TQQQ,1322,64.69,exit
2019-09-10 09:35:00,TQQQ,-1775,62.398,entry
2019-09-10 11:51:00,TQQQ,1775,62.74,exit
2019-09-12 10:10:00,TQQQ,726,67.2427,entry
2019-09-12 10:50:00,TQQQ,-726,66.3,exit
2019-09-16 09:40:00,TQQQ,1846,64.39,entry
2019-09-16 10:54:00,TQQQ,-1846,64.02,exit
2019-09-23 10:05:00,TQQQ,-1893,63.01,entry
2019-09-23 10:29:00,TQQQ,1893,63.34,exit
2019-09-26 09:35:00,TQQQ,-1572,62.08,entry
2019-09-26 15:25:00,TQQQ,1572,62.5001,exit
2019-09-27 09:38:00,TQQQ,-2140,62.14,entry
2019-09-27 14:13:00,TQQQ,2140,59.44,exit
2019-09-30 09:50:00,TQQQ,2120,60.8901,entry
2019-09-30 15:30:00,TQQQ,-2120,61.43,exit
2019-10-07 10:26:00,TQQQ,1825,61.38,entry
2019-10-07 14:50:00,TQQQ,-1825,60.93,exit
2019-10-09 09:53:00,TQQQ,-2332,59.24,entry
2019-10-09 10:00:00,TQQQ,2332,59.53,exit
2019-10-10 09:35:00,TQQQ,2317,60.15,entry
2019-10-10 15:30:00,TQQQ,-2317,61.1314,exit
2019-10-14 10:07:00,TQQQ,2145,63.77,entry
2019-10-14 10:24:00,TQQQ,-2145,63.47,exit
2019-10-15 09:38:00,TQQQ,1883,64.55,entry
2019-10-15 15:30:00,TQQQ,-1883,66.12,exit
2019-10-23 09:35:00,TQQQ,-2930,63.48,entry
2019-10-23 09:38:00,TQQQ,2930,63.9,exit
2019-10-24 09:53:00,TQQQ,-2146,65.51,entry
2019-10-24 11:08:00,TQQQ,2146,65.8,exit
2019-10-25 09:37:00,TQQQ,2039,65.8334,entry
2019-10-25 15:30:00,TQQQ,-2039,67.74,exit
2019-10-28 09:36:00,TQQQ,2006,69.43,entry
2019-10-28 09:51:00,TQQQ,-2006,69.0346,exit
2019-10-31 09:49:00,TQQQ,-2063,69.24,entry
2019-10-31 15:30:00,TQQQ,2063,68.79,exit
2019-11-04 09:40:00,TQQQ,2711,72.8671,entry
2019-11-04 09:45:00,TQQQ,-2711,72.589,exit
2019-11-05 09:36:00,TQQQ,-2058,72.4099,entry
2019-11-05 10:00:00,TQQQ,2058,72.77,exit
2019-11-06 09:35:00,TQQQ,-2436,71.8712,entry
2019-11-06 15:30:00,TQQQ,2436,71.865,exit
2019-11-08 09:36:00,TQQQ,3238,72.6058,entry
2019-11-08 09:59:00,TQQQ,-3238,72.2032,exit
2019-11-12 09:36:00,TQQQ,2326,73.88,entry
2019-11-12 14:44:00,TQQQ,-2326,73.55,exit
2019-11-13 09:35:00,TQQQ,1635,73.63,entry
2019-11-13 09:50:00,TQQQ,-1635,73.18,exit
2019-11-14 09:35:00,TQQQ,2683,73.52,entry
2019-11-14 09:44:00,TQQQ,-2683,73.2263,exit
2019-11-19 09:42:00,TQQQ,-3432,76.12,entry
2019-11-19 14:07:00,TQQQ,3432,76.3,exit
2019-11-20 09:42:00,TQQQ,3178,75.56,entry
2019-11-20 09:43:00,TQQQ,-3178,75.2744,exit
2019-11-22 09:55:00,TQQQ,-2742,74.2,entry
2019-11-22 09:58:00,TQQQ,2742,74.42,exit
2019-11-26 09:45:00,TQQQ,-2789,76.65,entry
2019-11-26 09:48:00,TQQQ,2789,76.91,exit
2019-12-06 09:41:00,TQQQ,3307,76.89,entry
2019-12-06 15:30:00,TQQQ,-3307,77.3685,exit
2019-12-09 09:35:00,TQQQ,2650,77.44,entry
2019-12-09 11:44:00,TQQQ,-2650,77.1738,exit
2019-12-10 09:35:00,TQQQ,-3081,76.1501,entry
2019-12-10 09:54:00,TQQQ,3081,76.4496,exit
2019-12-11 09:40:00,TQQQ,-3607,76.4,entry
2019-12-11 09:42:00,TQQQ,3607,76.58,exit
2019-12-16 09:37:00,TQQQ,2570,81.81,entry
2019-12-16 15:30:00,TQQQ,-2570,82.23,exit
2019-12-19 10:29:00,TQQQ,1993,83.1998,entry
2019-12-19 15:30:00,TQQQ,-1993,83.805,exit
2019-12-23 10:05:00,TQQQ,-3386,85.75,entry
2019-12-23 10:56:00,TQQQ,3386,85.94,exit
2019-12-24 09:35:00,TQQQ,-2268,85.635,entry
2019-12-24 13:00:00,TQQQ,2268,85.95,exit
2019-12-27 09:37:00,TQQQ,-3408,88.71,entry
2019-12-27 15:30:00,TQQQ,3408,87.96,exit
2020-01-07 09:35:00,TQQQ,1914,90.4132,entry
2020-01-07 09:38:00,TQQQ,-1914,89.83,exit
2020-01-09 09:38:00,TQQQ,2128,94.75,entry
2020-01-09 09:41:00,TQQQ,-2128,94.4273,exit
2020-01-13 09:57:00,TQQQ,1821,95.21,entry
2020-01-13 10:39:00,TQQQ,-1821,94.87,exit
2020-01-22 09:35:00,TQQQ,1867,101.42,entry
2020-01-22 15:04:00,TQQQ,-1867,101.091,exit
2020-01-28 09:35:00,TQQQ,-1435,94.37,entry
2020-01-28 10:05:00,TQQQ,1435,94.83,exit
2020-02-11 09:35:00,TQQQ,-1148,111.8711,entry
2020-02-11 09:46:00,TQQQ,1148,112.4099,exit
2020-02-12 09:40:00,TQQQ,1447,113.6,entry
2020-02-12 09:43:00,TQQQ,-1447,113.14,exit
2020-02-19 09:40:00,TQQQ,1206,117.32,entry
2020-02-19 15:30:00,TQQQ,-1206,118.24,exit
2020-02-20 10:06:00,TQQQ,1253,117.89,entry
2020-02-20 10:20:00,TQQQ,-1253,117.391,exit
2020-02-21 09:35:00,TQQQ,-577,112.0317,entry
2020-02-21 15:30:00,TQQQ,577,107.39,exit
2020-03-04 10:23:00,TQQQ,709,84.78,entry
2020-03-04 10:33:00,TQQQ,-709,83.92,exit
2020-03-05 09:36:00,TQQQ,476,83.963,entry
2020-03-05 09:52:00,TQQQ,-476,82.54,exit
2020-03-09 09:52:00,TQQQ,565,62.649,entry
2020-03-09 14:02:00,TQQQ,-565,62.43,exit
2020-03-11 10:08:00,TQQQ,665,67.09,entry
2020-03-11 10:20:00,TQQQ,-665,65.91,exit
2020-03-12 09:35:00,TQQQ,-778,49.01,entry
2020-03-12 09:57:00,TQQQ,778,50.165,exit
2020-03-13 09:36:00,TQQQ,-551,51.2231,entry
2020-03-13 15:30:00,TQQQ,551,49.91,exit
2020-03-19 09:40:00,TQQQ,-428,36.605,entry
2020-03-19 09:51:00,TQQQ,428,38.01,exit
2020-03-25 09:35:00,TQQQ,484,45.29,entry
2020-03-25 09:52:00,TQQQ,-484,43.85,exit
2020-03-26 09:40:00,TQQQ,567,45.55,entry
2020-03-26 09:46:00,TQQQ,-567,44.34,exit
2020-04-02 10:10:00,TQQQ,670,42.62,entry
2020-04-02 14:10:00,TQQQ,-670,41.75,exit
2020-04-14 09:35:00,TQQQ,994,60.51,entry
2020-04-14 15:30:00,TQQQ,-994,63.83,exit
2020-04-17 09:35:00,TQQQ,-786,66.7079,entry
2020-04-17 15:30:00,TQQQ,786,65.74,exit
2020-04-20 09:36:00,TQQQ,1099,65.9069,entry
2020-04-20 09:44:00,TQQQ,-1099,65.2525,exit
2020-04-21 09:35:00,TQQQ,-712,61.8,entry
2020-04-21 15:30:00,TQQQ,712,58.62,exit
2020-04-23 09:35:00,TQQQ,769,64.37,entry
2020-04-23 12:45:00,TQQQ,-769,62.539,exit
2020-04-24 09:36:00,TQQQ,-970,61.94,entry
2020-04-24 10:22:00,TQQQ,970,62.67,exit
2020-04-28 09:38:00,TQQQ,-1097,67.175,entry
2020-04-28 15:30:00,TQQQ,1097,64.16,exit
2020-04-30 09:35:00,TQQQ,-839,69.23,entry
2020-04-30 09:50:00,TQQQ,839,70.0257,exit
2020-05-04 09:50:00,TQQQ,1158,62.99,entry
2020-05-04 15:30:00,TQQQ,-1158,65.335,exit
2020-05-05 09:48:00,TQQQ,1115,68.56,entry
2020-05-05 15:30:00,TQQQ,-1115,68.55,exit
2020-05-06 09:35:00,TQQQ,960,70.34,entry
2020-05-06 09:55:00,TQQQ,-960,69.6225,exit
2020-05-08 09:35:00,TQQQ,-1079,72.68,entry
2020-05-08 09:45:00,TQQQ,1079,73.31,exit
2020-05-11 09:36:00,TQQQ,1245,74.15,entry
2020-05-11 15:30:00,TQQQ,-1245,77.4205,exit
2020-05-12 09:35:00,TQQQ,-883,76.835,entry
2020-05-12 11:15:00,TQQQ,883,77.605,exit
2020-05-14 09:36:00,TQQQ,1089,68.9295,entry
2020-05-14 09:39:00,TQQQ,-1089,68.21,exit
2020-05-15 09:44:00,TQQQ,1080,69.66,entry
2020-05-15 09:48:00,TQQQ,-1080,69.01,exit
2020-05-19 09:39:00,TQQQ,937,78.205,entry
2020-05-19 15:30:00,TQQQ,-937,78.265,exit
2020-05-22 09:36:00,TQQQ,-1142,77.37,entry
2020-05-22 09:48:00,TQQQ,1142,78.05,exit
2020-05-26 09:36:00,TQQQ,-878,82.11,entry
2020-05-26 15:30:00,TQQQ,878,79.8,exit
2020-05-27 09:35:00,TQQQ,-1188,77.62,entry
2020-05-27 14:00:00,TQQQ,1188,78.0102,exit
2020-05-28 09:35:00,TQQQ,1265,79.53,entry
2020-05-28 15:30:00,TQQQ,-1265,80.83,exit
2020-05-29 09:46:00,TQQQ,851,80.89,entry
2020-05-29 10:07:00,TQQQ,-851,79.8184,exit
2020-06-01 09:43:00,TQQQ,965,82.8599,entry
2020-06-01 15:30:00,TQQQ,-965,83.89,exit
2020-06-02 09:48:00,TQQQ,-794,83.02,entry
2020-06-02 10:00:00,TQQQ,794,83.9,exit
2020-06-03 09:59:00,TQQQ,1194,86.675,entry
2020-06-03 10:12:00,TQQQ,-1194,85.96,exit
2020-06-05 09:35:00,TQQQ,598,87.0601,entry
2020-06-05 15:30:00,TQQQ,-598,90.4189,exit
2020-06-09 09:35:00,TQQQ,1654,91.51,entry
2020-06-09 15:30:00,TQQQ,-1654,94.74,exit
2020-06-12 09:36:00,TQQQ,1369,88.7001,entry
2020-06-12 09:38:00,TQQQ,-1369,88.1601,exit
2020-06-16 09:35:00,TQQQ,-1307,92.68,entry
2020-06-16 09:42:00,TQQQ,1307,93.357,exit
2020-06-17 09:57:00,TQQQ,-1297,93.35,entry
2020-06-17 10:17:00,TQQQ,1297,93.955,exit
2020-06-24 09:35:00,TQQQ,1022,99.7887,entry
2020-06-24 09:49:00,TQQQ,-1022,98.97,exit
2020-06-26 09:40:00,TQQQ,-539,94.52,entry
2020-06-26 15:30:00,TQQQ,539,90.3,exit
2020-06-29 09:35:00,TQQQ,-845,88.2496,entry
2020-06-29 10:13:00,TQQQ,845,89.1805,exit
2020-06-30 09:37:00,TQQQ,905,93.4425,entry
2020-06-30 15:30:00,TQQQ,-905,96.67,exit
2020-07-01 10:19:00,TQQQ,883,99.17,entry
2020-07-01 15:30:00,TQQQ,-883,101.93,exit
2020-07-02 09:36:00,TQQQ,1119,105.37,entry
2020-07-02 09:38:00,TQQQ,-1119,104.62,exit
2020-07-08 09:40:00,TQQQ,967,111.528,entry
2020-07-08 11:07:00,TQQQ,-967,110.52,exit
2020-07-13 09:36:00,TQQQ,1000,123.025,entry
2020-07-13 10:02:00,TQQQ,-1000,122.3,exit
2020-07-15 09:36:00,TQQQ,-877,113.81,entry
2020-07-15 09:41:00,TQQQ,877,114.91,exit
2020-07-20 09:54:00,TQQQ,1222,113.59,entry
2020-07-20 14:14:00,TQQQ,-1222,119.23,exit
2020-07-21 09:35:00,TQQQ,-986,122.27,entry
2020-07-21 15:30:00,TQQQ,986,117.9,exit
2020-07-22 09:53:00,TQQQ,632,119.67,entry
2020-07-22 10:29:00,TQQQ,-632,118.4277,exit
2020-07-23 10:14:00,TQQQ,-744,116.5993,entry
2020-07-23 10:31:00,TQQQ,744,117.705,exit
2020-07-24 09:36:00,TQQQ,-625,103.0938,entry
2020-07-24 10:06:00,TQQQ,625,104.29,exit
2020-07-27 09:35:00,TQQQ,800,109.329,entry
2020-07-27 11:28:00,TQQQ,-800,108.23,exit
2020-07-28 09:38:00,TQQQ,-793,109.795,entry
2020-07-28 09:45:00,TQQQ,793,110.75,exit
2020-08-03 09:41:00,TQQQ,919,123.56,entry
2020-08-03 10:47:00,TQQQ,-919,122.62,exit
2020-08-12 09:48:00,TQQQ,532,123.1801,entry
2020-08-12 15:30:00,TQQQ,-532,126.94,exit
2020-08-13 09:38:00,TQQQ,739,129.4399,entry
2020-08-13 09:54:00,TQQQ,-739,128.15,exit
2020-08-14 09:46:00,TQQQ,-815,127.51,entry
2020-08-14 15:30:00,TQQQ,815,126.35,exit
2020-08-19 09:36:00,TQQQ,952,136.18,entry
2020-08-19 09:41:00,TQQQ,-952,135.03,exit
2020-08-20 09:35:00,TQQQ,962,132.59,entry
2020-08-20 15:30:00,TQQQ,-962,138.04,exit
2020-08-25 09:35:00,TQQQ,868,143.618,entry
2020-08-25 09:54:00,TQQQ,-868,142.52,exit
2020-08-31 09:36:00,TQQQ,-804,157.87,entry
2020-08-31 09:40:00,TQQQ,804,159.1599,exit
2020-09-09 09:38:00,TQQQ,-498,127.07,entry
2020-09-09 10:00:00,TQQQ,498,128.92,exit
2020-09-10 10:03:00,TQQQ,514,138.01,entry
2020-09-10 10:44:00,TQQQ,-514,136.11,exit
2020-09-17 09:35:00,TQQQ,709,119.0899,entry
2020-09-17 12:11:00,TQQQ,-709,117.645,exit
2020-09-18 09:36:00,TQQQ,-782,121.6645,entry
2020-09-18 13:27:00,TQQQ,782,112.285,exit
2020-09-21 09:48:00,TQQQ,628,113.05,entry
2020-09-21 10:02:00,TQQQ,-628,111.76,exit
2020-09-24 09:40:00,TQQQ,-675,109.4002,entry
2020-09-24 09:42:00,TQQQ,675,110.69,exit
2020-10-02 09:37:00,TQQQ,362,131.05,entry
2020-10-02 11:37:00,TQQQ,-362,128.6001,exit
2020-10-14 10:25:00,TQQQ,-602,153.6499,entry
2020-10-14 11:05:00,TQQQ,602,154.92,exit
2020-10-20 09:59:00,TQQQ,804,140.34,entry
2020-10-20 10:37:00,TQQQ,-804,139.39,exit
2020-10-21 09:35:00,TQQQ,614,140.62,entry
2020-10-21 11:10:00,TQQQ,-614,139.3511,exit
2020-10-23 09:35:00,TQQQ,-680,137.45,entry
2020-10-23 15:30:00,TQQQ,680,138.0199,exit
2020-10-26 09:36:00,TQQQ,640,137.57,entry
2020-10-26 10:32:00,TQQQ,-640,136.28,exit
2020-10-27 10:22:00,TQQQ,-681,132.83,entry
2020-10-27 10:34:00,TQQQ,681,133.94,exit
2020-10-29 09:54:00,TQQQ,753,123.69,entry
2020-10-29 15:30:00,TQQQ,-753,129.16,exit
2020-11-04 10:04:00,TQQQ,444,137.7,entry
2020-11-04 15:30:00,TQQQ,-444,139.75,exit
2020-11-12 09:36:00,TQQQ,809,145.355,entry
2020-11-12 09:47:00,TQQQ,-809,144.415,exit
2020-11-27 10:00:00,TQQQ,895,157.08,entry
2020-11-27 15:38:00,TQQQ,-895,157.3901,exit
2020-12-02 09:39:00,TQQQ,-839,160.69,entry
2020-12-02 09:59:00,TQQQ,839,161.63,exit
2020-12-03 10:01:00,TQQQ,1098,166.5776,entry
2020-12-03 10:59:00,TQQQ,-1098,165.84,exit
2020-12-07 09:35:00,TQQQ,974,168.929,entry
2020-12-07 15:30:00,TQQQ,-974,170.03,exit
2020-12-08 09:39:00,TQQQ,-963,168.5499,entry
2020-12-08 11:32:00,TQQQ,963,169.4786,exit
2020-12-09 09:35:00,TQQQ,-952,170.3323,entry
2020-12-09 09:42:00,TQQQ,952,171.295,exit
2020-12-14 09:35:00,TQQQ,747,164.7702,entry
2020-12-14 15:30:00,TQQQ,-747,166.665,exit
2020-12-16 09:37:00,TQQQ,-791,169.5338,entry
2020-12-16 09:55:00,TQQQ,791,170.5041,exit
2020-12-18 09:35:00,TQQQ,-1055,176.52,entry
2020-12-18 15:30:00,TQQQ,1055,171.5399,exit
2020-12-24 09:36:00,TQQQ,963,174.16,entry
2020-12-24 11:51:00,TQQQ,-963,173.253,exit
2020-12-28 09:51:00,TQQQ,-1108,178.0,entry
2020-12-28 10:52:00,TQQQ,1108,178.72,exit
2021-01-12 09:35:00,TQQQ,750,183.675,entry
2021-01-12 09:46:00,TQQQ,-750,182.2,exit
2021-01-13 09:50:00,TQQQ,987,182.849,entry
2021-01-13 10:01:00,TQQQ,-987,181.7,exit
2021-01-14 09:35:00,TQQQ,824,186.5775,entry
2021-01-14 09:37:00,TQQQ,-824,185.66,exit
2021-01-20 09:35:00,TQQQ,602,192.911,entry
2021-01-20 15:30:00,TQQQ,-602,199.33,exit
2021-02-26 09:38:00,TQQQ,1186,91.2001,entry
2021-02-26 09:48:00,TQQQ,-1186,90.2701,exit
2021-03-01 09:36:00,TQQQ,-775,92.32,entry
2021-03-01 09:45:00,TQQQ,775,93.43,exit
2021-03-02 09:36:00,TQQQ,-917,96.23,entry
2021-03-02 15:30:00,TQQQ,917,93.47,exit
2021-03-10 09:36:00,TQQQ,-1025,87.97,entry
2021-03-10 09:46:00,TQQQ,1025,88.739,exit
2021-03-16 09:44:00,TQQQ,1183,93.95,entry
2021-03-16 14:06:00,TQQQ,-1183,93.06,exit
2021-03-25 09:36:00,TQQQ,824,84.69,entry
2021-03-25 10:37:00,TQQQ,-824,83.73,exit
2021-03-30 09:42:00,TQQQ,-1149,85.95,entry
2021-03-30 10:43:00,TQQQ,1149,86.6814,exit
2021-04-14 10:23:00,TQQQ,-1205,109.77,entry
2021-04-14 15:30:00,TQQQ,1205,107.01,exit
2021-04-15 09:39:00,TQQQ,1444,110.2753,entry
2021-04-15 10:01:00,TQQQ,-1444,109.69,exit
2021-04-22 09:40:00,TQQQ,-1612,108.04,entry
2021-04-22 10:25:00,TQQQ,1612,108.6982,exit
2021-04-23 09:50:00,TQQQ,1313,106.74,entry
2021-04-23 15:30:00,TQQQ,-1313,110.0399,exit
2021-04-28 09:35:00,TQQQ,-1324,108.4,entry
2021-04-28 09:45:00,TQQQ,1324,109.06,exit
2021-04-30 09:38:00,TQQQ,1565,107.98,entry
2021-04-30 13:47:00,TQQQ,-1565,107.46,exit
2021-05-03 09:35:00,TQQQ,-2020,108.06,entry
2021-05-03 10:07:00,TQQQ,2020,108.99,exit
2021-05-13 10:00:00,TQQQ,1110,91.75,entry
2021-05-13 11:08:00,TQQQ,-1110,90.87,exit
2021-05-14 09:58:00,TQQQ,1408,93.52,entry
2021-05-14 10:07:00,TQQQ,-1408,92.95,exit
2021-05-17 10:01:00,TQQQ,-874,93.1886,entry
2021-05-17 10:20:00,TQQQ,874,94.13,exit
2021-05-18 09:50:00,TQQQ,-1517,94.47,entry
2021-05-18 09:57:00,TQQQ,1517,94.99,exit
2021-05-20 09:35:00,TQQQ,1028,95.07,entry
2021-05-20 15:30:00,TQQQ,-1028,98.7166,exit
2021-05-24 09:36:00,TQQQ,1397,99.28,entry
2021-05-24 15:30:00,TQQQ,-1397,101.96,exit
2021-05-25 09:36:00,TQQQ,-1614,102.5,entry
2021-05-25 15:30:00,TQQQ,1614,101.55,exit
2021-05-27 09:47:00,TQQQ,-1262,101.55,entry
2021-05-27 10:09:00,TQQQ,1262,102.21,exit
2021-06-02 09:45:00,TQQQ,1420,102.57,entry
2021-06-02 10:02:00,TQQQ,-1420,101.9316,exit
2021-06-04 09:35:00,TQQQ,1436,101.55,entry
2021-06-04 15:30:00,TQQQ,-1436,103.975,exit
2021-06-16 09:48:00,TQQQ,1885,111.21,entry
2021-06-16 10:40:00,TQQQ,-1885,110.7713,exit
2021-06-24 09:35:00,TQQQ,1646,118.43,entry
2021-06-24 13:19:00,TQQQ,-1646,117.8,exit
2021-07-02 09:36:00,TQQQ,1903,125.11,entry
2021-07-02 10:31:00,TQQQ,-1903,124.61,exit
2021-07-12 09:37:00,TQQQ,-1987,130.54,entry
2021-07-12 15:30:00,TQQQ,1987,130.535,exit
2021-07-13 09:47:00,TQQQ,1446,131.24,entry
2021-07-13 13:41:00,TQQQ,-1446,130.65,exit
2021-07-21 09:35:00,TQQQ,979,127.21,entry
2021-07-21 15:30:00,TQQQ,-979,128.56,exit
2021-07-22 09:36:00,TQQQ,1593,130.745,entry
2021-07-22 12:21:00,TQQQ,-1593,130.1402,exit
2021-08-02 09:35:00,TQQQ,-1265,133.97,entry
2021-08-02 11:08:00,TQQQ,1265,134.67,exit
2021-08-03 09:52:00,TQQQ,-976,132.41,entry
2021-08-03 11:48:00,TQQQ,976,133.37,exit
2021-08-04 09:52:00,TQQQ,-1061,134.49,entry
2021-08-04 09:56:00,TQQQ,1061,135.33,exit
2021-08-06 09:37:00,TQQQ,1271,137.81,entry
2021-08-06 09:45:00,TQQQ,-1271,136.89,exit
2021-08-10 10:18:00,TQQQ,-1477,137.0203,entry
2021-08-10 15:30:00,TQQQ,1477,135.085,exit
2021-08-12 09:36:00,TQQQ,-1012,132.73,entry
2021-08-12 10:17:00,TQQQ,1012,133.55,exit
2021-08-13 09:40:00,TQQQ,-2107,135.645,entry
2021-08-13 09:45:00,TQQQ,2107,136.22,exit
2021-08-16 09:38:00,TQQQ,1884,136.59,entry
2021-08-16 09:46:00,TQQQ,-1884,136.12,exit
2021-08-20 09:45:00,TQQQ,1088,133.77,entry
2021-08-20 15:30:00,TQQQ,-1088,135.741,exit
2021-08-23 09:36:00,TQQQ,1112,138.1813,entry
2021-08-23 15:30:00,TQQQ,-1112,142.23,exit
2021-08-24 09:35:00,TQQQ,-1552,142.22,entry
2021-08-24 09:37:00,TQQQ,1552,142.83,exit
2021-08-25 09:36:00,TQQQ,1821,144.16,entry
2021-08-25 09:50:00,TQQQ,-1821,143.67,exit
2021-08-26 10:05:00,TQQQ,2067,143.4,entry
2021-08-26 10:15:00,TQQQ,-2067,142.935,exit
2021-08-27 10:02:00,TQQQ,576,143.43,entry
2021-08-27 15:30:00,TQQQ,-576,145.43,exit
2021-09-09 09:35:00,TQQQ,1854,151.3399,entry
2021-09-09 11:21:00,TQQQ,-1854,150.91,exit
2021-09-13 09:35:00,TQQQ,-1454,147.72,entry
2021-09-13 15:30:00,TQQQ,1454,144.66,exit
2021-09-24 09:37:00,TQQQ,848,139.735,entry
2021-09-24 09:48:00,TQQQ,-848,138.66,exit
2021-09-29 09:49:00,TQQQ,761,129.32,entry
2021-09-29 10:32:00,TQQQ,-761,128.18,exit
2021-10-04 09:35:00,TQQQ,-786,123.85,entry
2021-10-04 15:30:00,TQQQ,786,117.53,exit
2021-10-05 09:35:00,TQQQ,1053,121.44,entry
2021-10-05 09:37:00,TQQQ,-1053,120.2107,exit
2021-10-06 09:35:00,TQQQ,734,121.7599,entry
2021-10-06 09:59:00,TQQQ,-734,120.62,exit
2021-10-13 09:35:00,TQQQ,1130,126.37,entry
2021-10-13 09:43:00,TQQQ,-1130,125.5417,exit
2021-10-22 09:35:00,TQQQ,1232,144.15,entry
2021-10-22 09:46:00,TQQQ,-1232,143.47,exit
2021-10-26 09:36:00,TQQQ,987,149.38,entry
2021-10-26 11:34:00,TQQQ,-987,148.52,exit
2021-10-27 09:42:00,TQQQ,792,148.9605,entry
2021-10-27 10:05:00,TQQQ,-792,147.8,exit
2021-10-28 09:35:00,TQQQ,-1592,149.89,entry
2021-10-28 09:45:00,TQQQ,1592,150.73,exit
2021-10-29 09:37:00,TQQQ,870,150.2401,entry
2021-10-29 15:30:00,TQQQ,-870,153.56,exit
2021-11-01 09:35:00,TQQQ,-1145,154.845,entry
2021-11-01 11:32:00,TQQQ,1145,155.56,exit
2021-11-05 09:35:00,TQQQ,1102,173.1437,entry
2021-11-05 09:48:00,TQQQ,-1102,172.15,exit
2021-11-09 09:35:00,TQQQ,-1465,170.79,entry
2021-11-09 13:39:00,TQQQ,1465,165.31,exit
2021-11-11 09:37:00,TQQQ,-1363,161.8284,entry
2021-11-11 09:53:00,TQQQ,1363,162.53,exit
2021-11-12 09:35:00,TQQQ,-1608,161.07,entry
2021-11-12 10:19:00,TQQQ,1608,161.7,exit
2021-11-15 09:38:00,TQQQ,1374,167.22,entry
2021-11-15 09:42:00,TQQQ,-1374,166.59,exit
2021-11-17 09:51:00,TQQQ,-841,167.96,entry
2021-11-17 10:05:00,TQQQ,841,169.05,exit
2021-11-30 09:46:00,TQQQ,1096,170.21,entry
2021-11-30 10:37:00,TQQQ,-1096,169.43,exit
2021-12-09 09:35:00,TQQQ,889,169.86,entry
2021-12-09 09:52:00,TQQQ,-889,168.85,exit
2021-12-13 09:53:00,TQQQ,-575,165.58,entry
2021-12-13 10:13:00,TQQQ,575,167.05,exit
2021-12-14 09:37:00,TQQQ,546,155.94,entry
2021-12-14 10:03:00,TQQQ,-546,154.4008,exit
2021-12-15 09:47:00,TQQQ,-708,153.4501,entry
2021-12-15 10:39:00,TQQQ,708,154.78,exit
2021-12-16 09:37:00,TQQQ,-687,165.4,entry
2021-12-16 14:14:00,TQQQ,687,153.74,exit
2021-12-20 09:35:00,TQQQ,883,145.8,entry
2021-12-20 09:40:00,TQQQ,-883,144.36,exit
2021-12-27 09:35:00,TQQQ,578,169.53,entry
2021-12-27 15:30:00,TQQQ,-578,172.7701,exit
2021-12-28 09:35:00,TQQQ,-643,172.84,entry
2021-12-28 09:55:00,TQQQ,643,174.24,exit
2021-12-30 10:00:00,TQQQ,1122,171.85,entry
2021-12-30 15:30:00,TQQQ,-1122,171.62,exit
2022-01-03 09:37:00,TQQQ,433,170.7499,entry
2022-01-03 09:46:00,TQQQ,-433,168.73,exit
2022-01-04 09:50:00,TQQQ,-789,170.16,entry
2022-01-04 15:30:00,TQQQ,789,164.7601,exit
2022-01-07 09:35:00,TQQQ,-773,147.3,entry
2022-01-07 09:40:00,TQQQ,773,148.74,exit
2022-01-11 09:41:00,TQQQ,-674,141.57,entry
2022-01-11 09:51:00,TQQQ,674,143.61,exit
2022-01-12 10:10:00,TQQQ,721,155.69,entry
2022-01-12 10:30:00,TQQQ,-721,154.51,exit
2022-02-14 09:37:00,TQQQ,1756,53.5169,entry
2022-02-14 09:45:00,TQQQ,-1756,52.96,exit
2022-02-25 09:42:00,TQQQ,-1209,48.93,entry
2022-02-25 09:49:00,TQQQ,1209,49.65,exit
2022-02-28 09:57:00,TQQQ,1704,51.25,entry
2022-02-28 10:11:00,TQQQ,-1704,50.5594,exit
2022-03-01 09:36:00,TQQQ,1466,52.575,entry
2022-03-01 09:45:00,TQQQ,-1466,51.95,exit
2022-03-07 09:41:00,TQQQ,-1828,47.72,entry
2022-03-07 15:17:00,TQQQ,1828,43.1799,exit
2022-03-08 09:55:00,TQQQ,-1983,41.83,entry
2022-03-08 10:54:00,TQQQ,1983,42.345,exit
2022-03-10 09:39:00,TQQQ,-1883,44.17,entry
2022-03-10 09:45:00,TQQQ,1883,44.73,exit
2022-03-17 09:39:00,TQQQ,2072,47.82,entry
2022-03-17 10:54:00,TQQQ,-2072,47.3828,exit
2022-03-28 09:35:00,TQQQ,1818,57.745,entry
2022-03-28 11:34:00,TQQQ,-1818,57.235,exit
2022-03-31 09:35:00,TQQQ,-1750,59.89,entry
2022-03-31 10:46:00,TQQQ,1750,60.5717,exit
2022-04-06 09:35:00,TQQQ,-2066,54.58,entry
2022-04-06 15:00:00,TQQQ,2066,55.07,exit
2022-04-08 09:37:00,TQQQ,-2052,52.5282,entry
2022-04-08 10:52:00,TQQQ,2052,52.95,exit
2022-04-11 09:39:00,TQQQ,-2076,49.32,entry
2022-04-11 09:44:00,TQQQ,2076,49.885,exit
2022-04-12 09:36:00,TQQQ,-1615,49.36,entry
2022-04-12 09:43:00,TQQQ,1615,49.8814,exit
2022-04-18 10:12:00,TQQQ,1589,47.375,entry
2022-04-18 11:23:00,TQQQ,-1589,46.85,exit
2022-04-19 09:47:00,TQQQ,1564,47.39,entry
2022-04-19 15:30:00,TQQQ,-1564,50.24,exit
2022-04-20 09:35:00,TQQQ,-2025,49.99,entry
2022-04-20 15:30:00,TQQQ,2025,48.155,exit
2022-04-25 09:35:00,TQQQ,2576,41.17,entry
2022-04-25 09:44:00,TQQQ,-2576,40.58,exit
2022-04-26 09:35:00,TQQQ,-1797,41.42,entry
2022-04-26 15:30:00,TQQQ,1797,38.66,exit
2022-05-02 09:35:00,TQQQ,-2154,35.92,entry
2022-05-02 09:42:00,TQQQ,2154,36.665,exit
2022-05-03 09:45:00,TQQQ,-1419,37.31,entry
2022-05-03 09:51:00,TQQQ,1419,37.9317,exit
2022-05-05 09:43:00,TQQQ,-2315,39.79,entry
2022-05-05 11:52:00,TQQQ,2315,36.025,exit
2022-05-06 09:35:00,TQQQ,-1138,34.101,entry
2022-05-06 10:17:00,TQQQ,1138,35.11,exit
2022-05-09 09:36:00,TQQQ,2125,33.09,entry
2022-05-09 09:46:00,TQQQ,-2125,32.48,exit
2022-05-12 09:37:00,TQQQ,-1731,27.0012,entry
2022-05-12 09:43:00,TQQQ,1731,27.53,exit
2022-05-25 09:35:00,TQQQ,2833,27.0,entry
2022-05-25 15:30:00,TQQQ,-2833,28.33,exit
2022-05-26 09:35:00,TQQQ,2074,28.42,entry
2022-05-26 15:30:00,TQQQ,-2074,30.19,exit
2022-05-31 09:37:00,TQQQ,-1928,32.46,entry
2022-05-31 10:46:00,TQQQ,1928,33.02,exit
2022-06-01 09:36:00,TQQQ,3291,34.26,entry
2022-06-01 09:40:00,TQQQ,-3291,33.9592,exit
2022-06-02 09:42:00,TQQQ,2659,32.105,entry
2022-06-02 15:30:00,TQQQ,-2659,34.41,exit
2022-06-03 10:00:00,TQQQ,2705,33.5584,entry
2022-06-03 10:05:00,TQQQ,-2705,33.09,exit
2022-06-07 09:35:00,TQQQ,2709,31.69,entry
2022-06-07 15:30:00,TQQQ,-2709,33.21,exit
2022-06-09 09:51:00,TQQQ,1810,32.73,entry
2022-06-09 11:04:00,TQQQ,-1810,32.1701,exit
2022-06-13 09:37:00,TQQQ,2759,24.885,entry
2022-06-13 09:39:00,TQQQ,-2759,24.46,exit
2022-06-16 09:38:00,TQQQ,-3672,22.6199,entry
2022-06-16 09:46:00,TQQQ,3672,23.0299,exit
2022-06-17 09:40:00,TQQQ,3111,22.635,entry
2022-06-17 10:16:00,TQQQ,-3111,22.295,exit
2022-06-22 09:45:00,TQQQ,3362,24.09,entry
2022-06-22 15:30:00,TQQQ,-3362,24.5381,exit
2022-06-23 09:35:00,TQQQ,-2448,24.47,entry
2022-06-23 10:00:00,TQQQ,2448,24.93,exit
2022-06-24 09:36:00,TQQQ,3493,26.55,entry
2022-06-24 15:30:00,TQQQ,-3493,27.4464,exit
2022-06-30 09:36:00,TQQQ,-2682,23.635,entry
2022-06-30 11:23:00,TQQQ,2682,24.0835,exit
2022-07-01 09:35:00,TQQQ,-2524,23.3,entry
2022-07-01 09:41:00,TQQQ,2524,23.6999,exit
2022-07-07 09:37:00,TQQQ,3577,26.89,entry
2022-07-07 15:30:00,TQQQ,-3577,27.8785,exit
2022-07-08 09:36:00,TQQQ,4487,27.2,entry
2022-07-08 09:50:00,TQQQ,-4487,26.82,exit
2022-07-11 09:35:00,TQQQ,-2537,26.71,entry
2022-07-11 15:30:00,TQQQ,2537,26.175,exit
2022-07-12 09:35:00,TQQQ,5184,26.725,entry
2022-07-12 09:45:00,TQQQ,-5184,26.515,exit
2022-07-15 09:35:00,TQQQ,4659,26.64,entry
2022-07-15 09:39:00,TQQQ,-4659,26.3501,exit
2022-07-18 09:46:00,TQQQ,3762,27.8578,entry
2022-07-18 10:11:00,TQQQ,-3762,27.5699,exit
2022-07-20 09:37:00,TQQQ,3291,28.8979,entry
2022-07-20 15:30:00,TQQQ,-3291,30.05,exit
2022-07-21 09:35:00,TQQQ,-2215,29.5296,entry
2022-07-21 09:39:00,TQQQ,2215,29.985,exit
2022-07-22 10:00:00,TQQQ,-3995,30.5395,entry
2022-07-22 10:12:00,TQQQ,3995,30.805,exit
2022-07-26 09:36:00,TQQQ,-4059,28.11,entry
2022-07-26 15:30:00,TQQQ,4059,27.18,exit
2022-07-29 09:35:00,TQQQ,-3115,31.74,entry
2022-07-29 09:39:00,TQQQ,3115,32.1,exit
2022-08-02 09:39:00,TQQQ,3430,32.9986,entry
2022-08-02 09:55:00,TQQQ,-3430,32.665,exit
2022-08-04 09:35:00,TQQQ,3088,35.95,entry
2022-08-04 09:38:00,TQQQ,-3088,35.63,exit
2022-08-10 09:35:00,TQQQ,-3007,35.6925,entry
2022-08-10 09:46:00,TQQQ,3007,36.0436,exit
2022-08-12 09:35:00,TQQQ,-4243,36.2901,entry
2022-08-12 09:40:00,TQQQ,4243,36.77,exit
2022-08-18 10:00:00,TQQQ,-2950,36.735,entry
2022-08-18 10:06:00,TQQQ,2950,37.0606,exit
2022-08-19 09:38:00,TQQQ,-3229,36.245,entry
2022-08-19 15:30:00,TQQQ,3229,35.425,exit
2022-08-22 09:35:00,TQQQ,-4213,33.52,entry
2022-08-22 09:43:00,TQQQ,4213,33.7862,exit
2022-08-23 09:35:00,TQQQ,4353,32.81,entry
2022-08-23 09:39:00,TQQQ,-4353,32.53,exit
2022-08-25 09:37:00,TQQQ,-5835,33.0201,entry
2022-08-25 09:54:00,TQQQ,5835,33.27,exit
2022-08-26 10:09:00,TQQQ,3102,34.565,entry
2022-08-26 10:13:00,TQQQ,-3102,34.165,exit
2022-08-30 09:37:00,TQQQ,-4693,29.585,entry
2022-08-30 13:45:00,TQQQ,4693,27.575,exit
2022-08-31 09:35:00,TQQQ,-2761,28.5746,entry
2022-08-31 09:40:00,TQQQ,2761,28.955,exit
2022-09-01 10:02:00,TQQQ,-3352,26.725,entry
2022-09-01 14:25:00,TQQQ,3352,27.0364,exit
2022-09-06 09:38:00,TQQQ,-3263,26.4888,entry
2022-09-06 11:43:00,TQQQ,3263,26.79,exit
2022-09-09 09:37:00,TQQQ,5004,29.0502,entry
2022-09-09 15:30:00,TQQQ,-5004,29.92,exit
2022-09-12 09:40:00,TQQQ,4967,30.5769,entry
2022-09-12 11:56:00,TQQQ,-4967,30.2902,exit
2022-09-16 09:48:00,TQQQ,-4774,23.8217,entry
2022-09-16 10:06:00,TQQQ,4774,24.0501,exit
2022-09-19 09:41:00,TQQQ,3723,24.39,entry
2022-09-19 15:30:00,TQQQ,-3723,25.16,exit
2022-09-26 09:35:00,TQQQ,3589,21.6475,entry
2022-09-26 11:25:00,TQQQ,-3589,21.34,exit
2022-09-27 09:37:00,TQQQ,3564,22.2301,entry
2022-09-27 09:49:00,TQQQ,-3564,21.905,exit
2022-09-30 09:55:00,TQQQ,4307,20.5102,entry
2022-09-30 10:16:00,TQQQ,-4307,20.27,exit
2022-10-03 09:39:00,TQQQ,-5207,19.4608,entry
2022-10-03 09:45:00,TQQQ,5207,19.7311,exit
2022-10-06 09:36:00,TQQQ,4765,22.695,entry
2022-10-06 10:00:00,TQQQ,-4765,22.41,exit
2022-10-07 09:44:00,TQQQ,-3656,20.485,entry
2022-10-07 15:30:00,TQQQ,3656,19.265,exit
2022-10-10 09:35:00,TQQQ,-4740,19.205,entry
2022-10-10 15:30:00,TQQQ,4740,18.975,exit
2022-10-13 09:42:00,TQQQ,4660,16.675,entry
2022-10-13 11:20:00,TQQQ,-4660,18.87,exit
2022-10-19 09:35:00,TQQQ,4255,19.7999,entry
2022-10-19 09:40:00,TQQQ,-4255,19.5299,exit
2022-10-20 09:44:00,TQQQ,6816,19.595,entry
2022-10-20 13:07:00,TQQQ,-6816,19.385,exit
2022-10-24 10:02:00,TQQQ,-4366,20.26,entry
2022-10-24 10:59:00,TQQQ,4366,20.5895,exit
2022-10-25 09:45:00,TQQQ,4949,21.84,entry
2022-10-25 15:30:00,TQQQ,-4949,22.585,exit
2022-10-26 09:37:00,TQQQ,5056,21.3199,entry
2022-10-26 14:44:00,TQQQ,-5056,21.0965,exit
2022-10-31 09:46:00,TQQQ,-3864,20.8996,entry
2022-10-31 11:50:00,TQQQ,3864,21.21,exit
2022-11-02 10:14:00,TQQQ,-5236,19.945,entry
2022-11-02 14:00:00,TQQQ,5236,20.4201,exit
2022-11-07 09:36:00,TQQQ,-4393,17.88,entry
2022-11-07 10:15:00,TQQQ,4393,18.155,exit
2022-11-08 09:40:00,TQQQ,-7323,18.605,entry
2022-11-08 09:52:00,TQQQ,7323,18.775,exit
2022-11-10 09:37:00,TQQQ,-5501,19.985,entry
2022-11-10 09:49:00,TQQQ,5501,20.23,exit
2022-11-11 09:35:00,TQQQ,-4925,21.175,entry
2022-11-11 09:44:00,TQQQ,4925,21.44,exit
2022-11-14 09:37:00,TQQQ,-6909,22.02,entry
2022-11-14 09:39:00,TQQQ,6909,22.205,exit
2022-11-15 09:36:00,TQQQ,-5848,23.615,entry
2022-11-15 10:02:00,TQQQ,5848,23.79,exit
2022-11-21 10:05:00,TQQQ,-5566,21.415,entry
2022-11-21 15:30:00,TQQQ,5566,21.2199,exit
2022-11-28 09:36:00,TQQQ,4322,22.1401,entry
2022-11-28 10:21:00,TQQQ,-4322,21.87,exit
2022-11-30 09:44:00,TQQQ,5643,21.07,entry
2022-11-30 10:00:00,TQQQ,-5643,20.8286,exit
2022-12-01 09:35:00,TQQQ,5456,23.8645,entry
2022-12-01 10:11:00,TQQQ,-5456,23.5904,exit
2022-12-07 09:35:00,TQQQ,4219,20.88,entry
2022-12-07 09:46:00,TQQQ,-4219,20.55,exit
2022-12-08 09:35:00,TQQQ,-5271,20.57,entry
2022-12-08 09:52:00,TQQQ,5271,20.76,exit
2022-12-14 09:36:00,TQQQ,5617,22.5402,entry
2022-12-14 14:01:00,TQQQ,-5617,22.08,exit
2022-12-16 09:49:00,TQQQ,3299,19.7801,entry
2022-12-16 10:00:00,TQQQ,-3299,19.4701,exit
2022-12-20 09:42:00,TQQQ,-5448,17.7985,entry
2022-12-20 09:56:00,TQQQ,5448,18.037,exit
2022-12-23 09:35:00,TQQQ,-3370,17.02,entry
2022-12-23 10:17:00,TQQQ,3370,17.3999,exit
2022-12-27 09:35:00,TQQQ,-6122,17.2199,entry
2022-12-27 15:30:00,TQQQ,6122,16.97,exit
2022-12-29 09:36:00,TQQQ,6632,16.805,entry
2022-12-29 15:30:00,TQQQ,-6632,17.4099,exit
2023-01-03 09:48:00,TQQQ,-4426,17.4699,entry
2023-01-03 15:30:00,TQQQ,4426,16.9573,exit
2023-01-05 09:38:00,TQQQ,-5441,16.485,entry
2023-01-05 10:08:00,TQQQ,5441,16.665,exit
2023-01-09 09:45:00,TQQQ,5973,18.3457,entry
2023-01-09 15:11:00,TQQQ,-5973,18.18,exit
2023-01-13 09:50:00,TQQQ,7953,19.35,entry
2023-01-13 15:30:00,TQQQ,-7953,20.04,exit
2023-01-17 09:38:00,TQQQ,-5805,19.905,entry
2023-01-17 09:48:00,TQQQ,5805,20.0991,exit
2023-01-18 10:00:00,TQQQ,5765,20.785,entry
2023-01-18 10:18:00,TQQQ,-5765,20.5635,exit
2023-01-24 09:41:00,TQQQ,7480,21.5,entry
2023-01-24 10:05:00,TQQQ,-7480,21.255,exit
2023-01-30 10:23:00,TQQQ,-6868,22.435,entry
2023-01-30 15:30:00,TQQQ,6868,21.895,exit
2023-02-02 09:47:00,TQQQ,5589,26.266,entry
2023-02-02 09:51:00,TQQQ,-5589,26.0402,exit
2023-02-06 09:45:00,TQQQ,4847,25.18,entry
2023-02-06 09:53:00,TQQQ,-4847,24.89,exit
2023-02-08 09:53:00,TQQQ,-4838,25.82,entry
2023-02-08 10:15:00,TQQQ,4838,26.0301,exit
2023-02-09 09:35:00,TQQQ,-5800,25.7792,entry
2023-02-09 10:21:00,TQQQ,5800,25.95,exit
2023-02-10 09:35:00,TQQQ,4534,24.084,entry
2023-02-10 09:38:00,TQQQ,-4534,23.8589,exit
2023-02-13 09:35:00,TQQQ,-5432,23.8927,entry
2023-02-13 09:39:00,TQQQ,5432,24.105,exit
2023-02-15 09:42:00,TQQQ,4598,25.385,entry
2023-02-15 09:53:00,TQQQ,-4598,25.085,exit
2023-03-06 10:08:00,TQQQ,7187,23.99,entry
2023-03-06 13:36:00,TQQQ,-7187,23.835,exit
2023-03-08 09:36:00,TQQQ,-8357,22.714,entry
2023-03-08 10:24:00,TQQQ,8357,22.844,exit
2023-03-09 09:35:00,TQQQ,6353,23.3,entry
2023-03-09 12:02:00,TQQQ,-6353,23.1201,exit
2023-03-16 09:36:00,TQQQ,-7314,22.74,entry
2023-03-16 09:38:00,TQQQ,7314,22.905,exit
2023-03-17 10:26:00,TQQQ,-4123,24.745,entry
2023-03-17 15:30:00,TQQQ,4123,24.5892,exit
2023-03-20 09:35:00,TQQQ,-5358,24.16,entry
2023-03-20 09:41:00,TQQQ,5358,24.3334,exit
2023-03-21 09:58:00,TQQQ,7872,25.535,entry
2023-03-21 10:05:00,TQQQ,-7872,25.3899,exit
2023-03-24 09:36:00,TQQQ,-4729,25.17,entry
2023-03-24 09:55:00,TQQQ,4729,25.377,exit
2023-03-28 09:36:00,TQQQ,-3967,24.75,entry
2023-03-28 15:30:00,TQQQ,3967,24.5499,exit
2023-03-31 09:37:00,TQQQ,5503,27.2099,entry
2023-03-31 15:30:00,TQQQ,-5503,28.2799,exit
2023-04-03 09:36:00,TQQQ,5811,27.9101,entry
2023-04-03 10:48:00,TQQQ,-5811,27.7099,exit
2023-04-06 09:35:00,TQQQ,-5290,26.15,entry
2023-04-06 10:00:00,TQQQ,5290,26.394,exit
2023-04-11 09:40:00,TQQQ,-6487,27.1035,entry
2023-04-11 15:30:00,TQQQ,6487,27.14,exit
2023-04-12 09:40:00,TQQQ,-3666,27.1,entry
2023-04-12 15:30:00,TQQQ,3666,26.1457,exit
2023-04-13 09:38:00,TQQQ,4078,26.8399,entry
2023-04-13 15:30:00,TQQQ,-4078,27.6599,exit
2023-04-17 09:35:00,TQQQ,7093,27.48,entry
2023-04-17 09:45:00,TQQQ,-7093,27.32,exit
2023-04-19 09:35:00,TQQQ,6767,27.1105,entry
2023-04-19 09:43:00,TQQQ,-6767,26.97,exit
2023-04-20 09:35:00,TQQQ,7160,26.892,entry
2023-04-20 15:05:00,TQQQ,-7160,26.73,exit
2023-04-21 09:50:00,TQQQ,-5686,26.55,entry
2023-04-21 10:23:00,TQQQ,5686,26.73,exit
2023-04-24 09:35:00,TQQQ,5648,26.955,entry
2023-04-24 10:06:00,TQQQ,-5648,26.785,exit
2023-04-26 09:41:00,TQQQ,-6861,25.795,entry
2023-04-26 09:48:00,TQQQ,6861,25.9601,exit
2023-04-28 09:36:00,TQQQ,-6489,27.5133,entry
2023-04-28 10:05:00,TQQQ,6489,27.68,exit
2023-05-04 09:44:00,TQQQ,-5370,26.51,entry
2023-05-04 11:07:00,TQQQ,5370,26.7215,exit
2023-05-05 09:39:00,TQQQ,7755,27.2587,entry
2023-05-05 14:57:00,TQQQ,-7755,28.4401,exit
2023-05-16 09:35:00,TQQQ,6814,29.226,entry
2023-05-16 15:30:00,TQQQ,-6814,29.5893,exit
2023-05-18 09:36:00,TQQQ,7095,30.63,entry
2023-05-18 15:30:00,TQQQ,-7095,31.6799,exit
2023-05-22 09:38:00,TQQQ,4437,32.04,entry
2023-05-22 15:30:00,TQQQ,-4437,32.045,exit
2023-05-24 09:35:00,TQQQ,6573,30.4214,entry
2023-05-24 09:46:00,TQQQ,-6573,30.251,exit
2023-05-26 09:36:00,TQQQ,5965,33.07,entry
2023-05-26 12:21:00,TQQQ,-5965,34.7899,exit
2023-05-31 09:38:00,TQQQ,6939,35.23,entry
2023-05-31 10:12:00,TQQQ,-6939,35.03,exit
2023-06-01 09:35:00,TQQQ,-5207,34.47,entry
2023-06-01 09:39:00,TQQQ,5207,34.6759,exit
2023-06-05 09:36:00,TQQQ,4201,37.14,entry
2023-06-05 14:32:00,TQQQ,-4201,36.84,exit
2023-06-09 09:35:00,TQQQ,8071,36.91,entry
2023-06-09 10:50:00,TQQQ,-8071,36.7201,exit
2023-06-12 10:05:00,TQQQ,-4651,36.8955,entry
2023-06-12 10:24:00,TQQQ,4651,37.1798,exit
2023-06-13 09:35:00,TQQQ,5921,39.52,entry
2023-06-13 09:36:00,TQQQ,-5921,39.3402,exit
2023-06-14 09:36:00,TQQQ,-4789,39.05,entry
2023-06-14 09:40:00,TQQQ,4789,39.27,exit
2023-06-21 09:45:00,TQQQ,-3529,39.77,entry
2023-06-21 15:30:00,TQQQ,3529,39.22,exit
2023-06-22 09:36:00,TQQQ,3900,38.695,entry
2023-06-22 15:30:00,TQQQ,-3900,39.685,exit
2023-06-26 09:36:00,TQQQ,5007,39.05,entry
2023-06-26 10:40:00,TQQQ,-5007,38.81,exit
2023-06-27 09:35:00,TQQQ,3137,38.165,entry
2023-06-27 10:10:00,TQQQ,-3137,37.74,exit
2023-06-28 09:36:00,TQQQ,5383,38.995,entry
2023-06-28 09:46:00,TQQQ,-5383,38.75,exit
2023-06-30 09:40:00,TQQQ,7102,40.5657,entry
2023-06-30 15:30:00,TQQQ,-7102,41.165,exit
2023-07-05 09:36:00,TQQQ,5194,41.1142,entry
2023-07-05 15:30:00,TQQQ,-5194,41.4987,exit
2023-07-13 09:35:00,TQQQ,4424,43.256,entry
2023-07-13 10:26:00,TQQQ,-4424,42.97,exit
2023-07-14 09:35:00,TQQQ,4954,44.63,entry
2023-07-14 13:01:00,TQQQ,-4954,44.4101,exit
2023-07-17 09:36:00,TQQQ,5290,44.6201,entry
2023-07-17 09:44:00,TQQQ,-5290,44.3631,exit
2023-07-18 09:36:00,TQQQ,-4771,44.5999,entry
2023-07-18 10:45:00,TQQQ,4771,44.8288,exit
2023-07-25 09:35:00,TQQQ,5092,43.435,entry
2023-07-25 10:52:00,TQQQ,-5092,43.2281,exit
2023-07-27 09:35:00,TQQQ,5928,45.36,entry
2023-07-27 10:09:00,TQQQ,-5928,45.1771,exit
2023-07-28 09:39:00,TQQQ,4297,44.5199,entry
2023-07-28 15:30:00,TQQQ,-4297,45.25,exit
2023-07-31 09:55:00,TQQQ,-2345,44.96,entry
2023-07-31 10:56:00,TQQQ,2345,45.4337,exit
2023-08-01 10:14:00,TQQQ,-4437,44.4399,entry
2023-08-01 10:30:00,TQQQ,4437,44.7028,exit
2023-08-02 09:35:00,TQQQ,-4073,43.2499,entry
2023-08-02 15:30:00,TQQQ,4073,41.7055,exit
2023-08-03 09:36:00,TQQQ,6047,41.4001,entry
2023-08-03 10:27:00,TQQQ,-6047,41.19,exit
2023-08-10 09:35:00,TQQQ,4635,40.895,entry
2023-08-10 11:02:00,TQQQ,-4635,40.6101,exit
2023-08-14 09:38:00,TQQQ,5719,38.945,entry
2023-08-14 15:30:00,TQQQ,-5719,40.0779,exit
2023-08-17 09:36:00,TQQQ,-5355,38.0001,entry
2023-08-17 15:30:00,TQQQ,5355,36.7701,exit
2023-08-18 09:48:00,TQQQ,5334,35.8713,entry
2023-08-18 09:56:00,TQQQ,-5334,35.6378,exit
2023-08-21 09:35:00,TQQQ,4446,37.239,entry
2023-08-21 11:10:00,TQQQ,-4446,36.8701,exit
2023-08-23 09:45:00,TQQQ,5611,38.6245,entry
2023-08-23 15:30:00,TQQQ,-5611,39.955,exit
2023-08-25 09:36:00,TQQQ,6259,37.74,entry
2023-08-25 09:38:00,TQQQ,-6259,37.52,exit
2023-08-28 09:35:00,TQQQ,4238,39.1428,entry
2023-08-28 09:37:00,TQQQ,-4238,38.855,exit
2023-08-29 09:42:00,TQQQ,3995,39.1729,entry
2023-08-29 15:30:00,TQQQ,-3995,41.485,exit
2023-09-01 09:35:00,TQQQ,-4081,42.9,entry
2023-09-01 15:30:00,TQQQ,4081,42.25,exit
2023-09-05 09:58:00,TQQQ,-6256,41.755,entry
2023-09-05 10:11:00,TQQQ,6256,42.035,exit
2023-09-06 10:00:00,TQQQ,-4650,41.7499,entry
2023-09-06 15:30:00,TQQQ,4650,41.0499,exit
2023-09-12 09:40:00,TQQQ,5161,41.6181,entry
2023-09-12 10:25:00,TQQQ,-5161,41.3297,exit
2023-09-14 09:49:00,TQQQ,-6079,41.2393,entry
2023-09-14 10:37:00,TQQQ,6079,41.445,exit
2023-09-15 09:37:00,TQQQ,-5669,41.17,entry
2023-09-15 15:30:00,TQQQ,5669,39.8695,exit
2023-09-19 09:41:00,TQQQ,5426,39.5316,entry
2023-09-19 09:48:00,TQQQ,-5426,39.2941,exit
2023-09-20 10:14:00,TQQQ,-6974,39.425,entry
2023-09-20 15:30:00,TQQQ,6974,38.42,exit
2023-09-26 09:49:00,TQQQ,-9170,35.1442,entry
2023-09-26 15:30:00,TQQQ,9170,34.23,exit
2023-09-27 09:44:00,TQQQ,8722,35.0638,entry
2023-09-27 09:50:00,TQQQ,-8722,34.91,exit
2023-09-28 09:52:00,TQQQ,7180,34.5157,entry
2023-09-28 10:31:00,TQQQ,-7180,34.33,exit
2023-10-03 09:37:00,TQQQ,8283,35.955,entry
2023-10-03 10:02:00,TQQQ,-8283,35.64,exit
2023-10-04 09:35:00,TQQQ,6342,35.1515,entry
2023-10-04 10:02:00,TQQQ,-6342,34.85,exit
2023-10-09 09:35:00,TQQQ,-5584,36.225,entry
2023-10-09 09:41:00,TQQQ,5584,36.499,exit
2023-10-11 09:37:00,TQQQ,5260,39.38,entry
2023-10-11 09:43:00,TQQQ,-5260,39.1242,exit
2023-10-13 09:35:00,TQQQ,-6751,38.945,entry
2023-10-13 09:40:00,TQQQ,6751,39.1699,exit
2023-10-20 10:11:00,TQQQ,-3860,35.0105,entry
2023-10-20 15:30:00,TQQQ,3860,34.37,exit
2023-10-23 09:35:00,TQQQ,-5044,33.415,entry
2023-10-23 09:52:00,TQQQ,5044,33.77,exit
2023-10-24 09:40:00,TQQQ,4505,35.25,entry
2023-10-24 09:45:00,TQQQ,-4505,34.945,exit
2023-10-30 09:37:00,TQQQ,4118,32.2728,entry
2023-10-30 10:18:00,TQQQ,-4118,31.917,exit
2023-10-31 09:35:00,TQQQ,-4164,31.9001,entry
2023-10-31 10:17:00,TQQQ,4164,32.2266,exit
2023-11-03 09:43:00,TQQQ,7629,36.939,entry
2023-11-03 10:27:00,TQQQ,-7629,36.74,exit
2023-11-07 09:36:00,TQQQ,-5270,38.0044,entry
2023-11-07 09:43:00,TQQQ,5270,38.24,exit
2023-11-08 09:55:00,TQQQ,7714,39.405,entry
2023-11-08 09:58:00,TQQQ,-7714,39.185,exit
2023-11-09 09:36:00,TQQQ,-7897,39.16,entry
2023-11-09 09:53:00,TQQQ,7897,39.3361,exit
2023-11-14 09:42:00,TQQQ,5408,42.6898,entry
2023-11-14 15:30:00,TQQQ,-5408,43.2101,exit
2023-11-21 10:17:00,TQQQ,-7043,43.795,entry
2023-11-21 15:30:00,TQQQ,7043,43.875,exit
2023-11-29 09:35:00,TQQQ,6308,45.5998,entry
2023-11-29 10:04:00,TQQQ,-6308,45.355,exit
2023-12-12 09:43:00,TQQQ,-6099,45.645,entry
2023-12-12 09:49:00,TQQQ,6099,45.9258,exit
2023-12-13 09:35:00,TQQQ,7513,47.691,entry
2023-12-13 09:45:00,TQQQ,-7513,47.5,exit
2023-12-15 09:36:00,TQQQ,7279,49.215,entry
2023-12-15 13:41:00,TQQQ,-7279,48.855,exit
2023-12-18 09:36:00,TQQQ,6458,49.7219,entry
2023-12-18 09:48:00,TQQQ,-6458,49.5171,exit
2023-12-19 09:42:00,TQQQ,5119,50.775,entry
2023-12-19 09:46:00,TQQQ,-5119,50.5051,exit
2023-12-27 10:00:00,TQQQ,8147,51.6199,entry
2023-12-27 10:06:00,TQQQ,-8147,51.47,exit
2023-12-28 09:38:00,TQQQ,-7259,51.69,entry
2023-12-28 10:51:00,TQQQ,7259,51.855,exit
2024-01-02 09:36:00,TQQQ,-4952,49.005,entry
2024-01-02 15:30:00,TQQQ,4952,47.51,exit
2024-01-03 09:35:00,TQQQ,4902,47.3497,entry
2024-01-03 10:10:00,TQQQ,-4902,47.056,exit
2024-01-04 09:35:00,TQQQ,6103,46.17,entry
2024-01-04 09:47:00,TQQQ,-6103,45.9492,exit
2024-01-08 09:35:00,TQQQ,5141,46.7399,entry
2024-01-08 15:30:00,TQQQ,-5141,48.615,exit
2024-01-11 09:35:00,TQQQ,3944,50.8614,entry
2024-01-11 09:42:00,TQQQ,-3944,50.5123,exit
2024-01-12 10:00:00,TQQQ,-4737,50.29,entry
2024-01-12 10:07:00,TQQQ,4737,50.584,exit
2024-01-16 10:13:00,TQQQ,7417,50.09,entry
2024-01-16 12:07:00,TQQQ,-7417,49.905,exit
2024-01-22 09:35:00,TQQQ,4821,55.872,entry
2024-01-22 09:36:00,TQQQ,-4821,55.585,exit
2024-01-24 09:35:00,TQQQ,-4470,56.53,entry
2024-01-24 10:08:00,TQQQ,4470,56.8501,exit
2024-01-26 10:28:00,TQQQ,4842,55.89,entry
2024-01-26 12:36:00,TQQQ,-4842,55.63,exit
2024-02-01 10:08:00,TQQQ,4330,53.64,entry
2024-02-01 10:52:00,TQQQ,-4330,53.33,exit
2024-02-06 09:35:00,TQQQ,-4043,57.125,entry
2024-02-06 15:30:00,TQQQ,4043,56.3199,exit
2024-02-07 09:38:00,TQQQ,-7072,57.4,entry
2024-02-07 09:50:00,TQQQ,7072,57.595,exit
2024-02-14 09:35:00,TQQQ,-5490,57.71,entry
2024-02-14 10:06:00,TQQQ,5490,57.9635,exit
2024-02-16 09:44:00,TQQQ,-4053,58.7,entry
2024-02-16 15:30:00,TQQQ,4053,57.82,exit
2024-02-21 10:04:00,TQQQ,3714,55.23,entry
2024-02-21 10:26:00,TQQQ,-3714,54.795,exit
2024-02-26 09:44:00,TQQQ,-3130,59.695,entry
2024-02-26 10:23:00,TQQQ,3130,60.0798,exit
2024-02-29 09:35:00,TQQQ,4581,60.4798,entry
2024-02-29 09:43:00,TQQQ,-4581,60.17,exit
2024-03-01 10:00:00,TQQQ,4400,61.255,entry
2024-03-01 15:30:00,TQQQ,-4400,63.225,exit
2024-03-04 10:05:00,TQQQ,-4746,62.6401,entry
2024-03-04 10:35:00,TQQQ,4746,62.9399,exit
2024-03-06 09:35:00,TQQQ,-6443,60.5999,entry
2024-03-06 11:50:00,TQQQ,6443,60.83,exit
2024-03-08 09:48:00,TQQQ,3577,63.3,entry
2024-03-08 11:04:00,TQQQ,-3577,62.88,exit
2024-03-13 09:40:00,TQQQ,-4273,60.94,entry
2024-03-13 15:30:00,TQQQ,4273,60.47,exit
2024-03-14 09:37:00,TQQQ,3639,61.065,entry
2024-03-14 09:45:00,TQQQ,-3639,60.61,exit
2024-03-15 09:37:00,TQQQ,-3769,58.37,entry
2024-03-15 10:47:00,TQQQ,3769,58.7,exit
2024-03-18 09:35:00,TQQQ,3909,60.3699,entry
2024-03-18 09:57:00,TQQQ,-3909,60.03,exit
2024-03-19 09:37:00,TQQQ,-4080,58.1099,entry
2024-03-19 10:43:00,TQQQ,4080,58.42,exit
2024-03-21 09:48:00,TQQQ,-3857,63.3,entry
2024-03-21 10:21:00,TQQQ,3857,63.654,exit
2024-03-25 09:51:00,TQQQ,5520,61.7284,entry
2024-03-25 15:30:00,TQQQ,-5520,62.27,exit
2024-03-26 09:59:00,TQQQ,6176,62.8201,entry
2024-03-26 10:28:00,TQQQ,-6176,62.5801,exit
2024-03-27 09:35:00,TQQQ,-4160,62.0597,entry
2024-03-27 15:30:00,TQQQ,4160,61.16,exit
2024-04-05 09:37:00,TQQQ,-3359,58.1199,entry
2024-04-05 09:41:00,TQQQ,3359,58.5,exit
2024-04-08 09:35:00,TQQQ,-3484,59.7,entry
2024-04-08 10:01:00,TQQQ,3484,60.055,exit
2024-04-09 09:49:00,TQQQ,-4112,60.392,entry
2024-04-09 15:30:00,TQQQ,4112,60.1899,exit
2024-04-10 09:35:00,TQQQ,3998,58.7,entry
2024-04-10 09:45:00,TQQQ,-3998,58.3,exit
2024-04-12 09:46:00,TQQQ,4288,60.23,entry
2024-04-12 10:02:00,TQQQ,-4288,59.9504,exit
2024-04-18 09:35:00,TQQQ,-2994,53.3,entry
2024-04-18 10:16:00,TQQQ,2994,53.6999,exit
2024-04-19 09:38:00,TQQQ,-4124,51.775,entry
2024-04-19 09:42:00,TQQQ,4124,52.1235,exit
2024-04-26 09:38:00,TQQQ,3287,54.43,entry
2024-04-26 15:30:00,TQQQ,-3287,55.68,exit
2024-05-01 09:56:00,TQQQ,-4434,51.8488,entry
2024-05-01 10:39:00,TQQQ,4434,52.1199,exit
2024-05-02 09:35:00,TQQQ,-3158,52.46,entry
2024-05-02 13:13:00,TQQQ,3158,52.9399,exit
2024-05-10 09:40:00,TQQQ,3436,59.812,entry
2024-05-10 10:10:00,TQQQ,-3436,59.43,exit
2024-05-13 09:39:00,TQQQ,-4578,59.5,entry
2024-05-13 15:30:00,TQQQ,4578,59.4851,exit
2024-05-20 09:35:00,TQQQ,3564,63.5401,entry
2024-05-20 15:30:00,TQQQ,-3564,64.3999,exit
2024-05-21 09:36:00,TQQQ,6243,63.705,entry
2024-05-21 09:45:00,TQQQ,-6243,63.495,exit
2024-05-24 09:45:00,TQQQ,4364,64.4301,entry
2024-05-24 09:50:00,TQQQ,-4364,64.1,exit
2024-05-28 09:36:00,TQQQ,-4253,65.58,entry
2024-05-28 10:50:00,TQQQ,4253,65.855,exit
2024-05-29 09:37:00,TQQQ,4650,64.68,entry
2024-05-29 15:30:00,TQQQ,-4650,65.08,exit
2024-05-31 09:46:00,TQQQ,-5795,62.32,entry
2024-05-31 10:35:00,TQQQ,5795,60.25,exit
2024-06-03 09:40:00,TQQQ,7328,63.905,entry
2024-06-03 09:51:00,TQQQ,-7328,63.4702,exit
2024-06-05 09:35:00,TQQQ,-6195,64.802,entry
2024-06-05 09:45:00,TQQQ,6195,65.055,exit
2024-06-10 09:35:00,TQQQ,4593,66.95,entry
2024-06-10 09:46:00,TQQQ,-4593,66.6,exit
2024-06-11 10:29:00,TQQQ,5367,67.64,entry
2024-06-11 15:30:00,TQQQ,-5367,68.795,exit
2024-06-17 09:35:00,TQQQ,-5471,74.03,entry
2024-06-17 10:05:00,TQQQ,5471,74.33,exit
2024-07-03 09:51:00,TQQQ,3742,77.58,entry
2024-07-03 15:32:00,TQQQ,-3742,79.11,exit
2024-07-05 09:38:00,TQQQ,3253,80.1651,entry
2024-07-05 09:45:00,TQQQ,-3253,79.62,exit
2024-07-10 09:35:00,TQQQ,-5999,83.03,entry
2024-07-10 09:43:00,TQQQ,5999,83.264,exit
2024-07-11 09:40:00,TQQQ,-5897,84.638,entry
2024-07-11 09:44:00,TQQQ,5897,84.92,exit
2024-07-15 09:39:00,TQQQ,5278,81.835,entry
2024-07-15 09:43:00,TQQQ,-5278,81.51,exit
2024-07-16 09:39:00,TQQQ,3758,82.2898,entry
2024-07-16 09:43:00,TQQQ,-3758,81.94,exit
2024-07-18 09:36:00,TQQQ,-3442,75.25,entry
2024-07-18 15:13:00,TQQQ,3442,71.646,exit
2024-07-19 09:39:00,TQQQ,2074,73.46,entry
2024-07-19 09:47:00,TQQQ,-2074,72.7588,exit
2024-07-23 09:35:00,TQQQ,4683,73.99,entry
2024-07-23 10:47:00,TQQQ,-4683,73.7001,exit
2024-07-24 09:35:00,TQQQ,-2533,69.48,entry
2024-07-24 15:30:00,TQQQ,2533,65.57,exit
2024-07-26 09:42:00,TQQQ,-3078,64.205,entry
2024-07-26 09:44:00,TQQQ,3078,64.73,exit
2024-08-06 10:02:00,TQQQ,2508,55.05,entry
2024-08-06 15:30:00,TQQQ,-2508,56.51,exit
2024-08-07 09:37:00,TQQQ,3036,58.25,entry
2024-08-07 09:55:00,TQQQ,-3036,57.785,exit
2024-09-03 09:35:00,TQQQ,-2582,66.39,entry
2024-09-03 15:30:00,TQQQ,2582,62.5898,exit
2024-09-04 09:41:00,TQQQ,2644,61.725,entry
2024-09-04 10:00:00,TQQQ,-2644,60.81,exit
2024-09-05 09:35:00,TQQQ,4109,61.7701,entry
2024-09-05 11:25:00,TQQQ,-4109,61.145,exit
2024-09-06 09:36:00,TQQQ,-3346,61.16,entry
2024-09-06 11:48:00,TQQQ,3346,57.021,exit
2024-09-09 09:50:00,TQQQ,4217,58.965,entry
2024-09-09 10:24:00,TQQQ,-4217,58.6,exit
2024-09-11 09:35:00,TQQQ,-3527,60.5001,entry
2024-09-11 12:03:00,TQQQ,3527,60.52,exit
2024-09-12 09:37:00,TQQQ,3525,64.905,entry
2024-09-12 09:47:00,TQQQ,-3525,64.24,exit
2024-09-17 09:35:00,TQQQ,-4692,67.43,entry
2024-09-17 10:08:00,TQQQ,4692,67.765,exit
2024-09-24 09:53:00,TQQQ,-5170,70.92,entry
2024-09-24 11:32:00,TQQQ,5170,71.2489,exit
2024-09-25 09:35:00,TQQQ,4212,71.7301,entry
2024-09-25 09:41:00,TQQQ,-4212,71.37,exit
2024-09-26 09:35:00,TQQQ,-2377,74.1,entry
2024-09-26 15:30:00,TQQQ,2377,73.24,exit
2024-09-30 09:36:00,TQQQ,2607,72.2526,entry
2024-09-30 10:03:00,TQQQ,-2607,71.71,exit
2024-10-02 10:11:00,TQQQ,4197,69.3,entry
2024-10-02 15:30:00,TQQQ,-4197,70.02,exit
2024-10-04 09:51:00,TQQQ,-5586,71.555,entry
2024-10-04 15:21:00,TQQQ,5586,71.5802,exit
2024-10-07 10:16:00,TQQQ,5475,71.32,entry
2024-10-07 10:46:00,TQQQ,-5475,71.06,exit
2024-10-10 10:05:00,TQQQ,3882,73.75,entry
2024-10-10 15:30:00,TQQQ,-3882,73.955,exit
2024-10-14 09:35:00,TQQQ,4175,75.92,entry
2024-10-14 11:00:00,TQQQ,-4175,75.4599,exit
2024-10-16 09:35:00,TQQQ,-3234,72.55,entry
2024-10-16 10:25:00,TQQQ,3234,73.09,exit
2024-10-21 09:36:00,TQQQ,3250,74.6574,entry
2024-10-21 10:44:00,TQQQ,-3250,74.1401,exit
2024-10-23 10:02:00,TQQQ,-3909,73.815,entry
2024-10-23 10:34:00,TQQQ,3909,74.22,exit
2024-10-24 09:48:00,TQQQ,-3315,72.6893,entry
2024-10-24 10:01:00,TQQQ,3315,73.1869,exit
2024-10-25 09:35:00,TQQQ,3081,75.4291,entry
2024-10-25 13:42:00,TQQQ,-3081,74.971,exit
2024-10-28 09:42:00,TQQQ,-3999,75.52,entry
2024-10-28 10:26:00,TQQQ,3999,75.865,exit
2024-10-30 09:39:00,TQQQ,-3788,75.995,entry
2024-10-30 10:01:00,TQQQ,3788,76.36,exit
2024-11-01 09:39:00,TQQQ,3950,70.63,entry
2024-11-01 15:30:00,TQQQ,-3950,71.0299,exit
2024-11-05 09:37:00,TQQQ,2719,71.7599,entry
2024-11-05 15:30:00,TQQQ,-2719,72.8299,exit
2024-11-07 09:36:00,TQQQ,4281,80.695,entry
2024-11-07 15:30:00,TQQQ,-4281,82.7301,exit
2024-11-15 09:35:00,TQQQ,-3232,76.785,entry
2024-11-15 15:30:00,TQQQ,3232,74.18,exit
2024-11-19 09:39:00,TQQQ,5558,74.98,entry
2024-11-19 09:50:00,TQQQ,-5558,74.63,exit
2024-11-22 09:35:00,TQQQ,4428,78.08,entry
2024-11-22 09:37:00,TQQQ,-4428,77.72,exit
2024-11-25 09:53:00,TQQQ,-2333,79.2345,entry
2024-11-25 15:30:00,TQQQ,2333,78.3872,exit
2024-11-26 09:37:00,TQQQ,4503,79.93,entry
2024-11-26 09:41:00,TQQQ,-4503,79.5399,exit
2024-11-27 09:39:00,TQQQ,-3554,78.5112,entry
2024-11-27 15:30:00,TQQQ,3554,77.5812,exit
2024-12-03 09:39:00,TQQQ,3728,82.235,entry
2024-12-03 15:30:00,TQQQ,-3728,82.95,exit
2024-12-06 09:38:00,TQQQ,4652,86.31,entry
2024-12-06 15:30:00,TQQQ,-4652,87.655,exit
2024-12-11 09:35:00,TQQQ,5263,87.245,entry
2024-12-11 15:30:00,TQQQ,-5263,89.55,exit
2024-12-12 10:09:00,TQQQ,-5391,87.61,entry
2024-12-12 10:19:00,TQQQ,5391,87.985,exit
2024-12-16 09:40:00,TQQQ,3967,91.32,entry
2024-12-16 09:42:00,TQQQ,-3967,90.8699,exit
2024-12-17 10:01:00,TQQQ,-4042,91.65,entry
2024-12-17 11:00:00,TQQQ,4042,92.08,exit
2024-12-19 09:36:00,TQQQ,-2484,83.58,entry
2024-12-19 15:30:00,TQQQ,2484,82.36,exit
2024-12-30 09:42:00,TQQQ,-2912,80.301,entry
2024-12-30 10:45:00,TQQQ,2912,81.0499,exit
2025-01-03 09:38:00,TQQQ,3260,80.7594,entry
2025-01-03 09:51:00,TQQQ,-3260,80.23,exit
2025-01-06 09:40:00,TQQQ,3272,85.7,entry
2025-01-06 13:44:00,TQQQ,-3272,85.19,exit
2025-01-07 09:35:00,TQQQ,-3048,85.0454,entry
2025-01-07 09:45:00,TQQQ,3048,85.595,exit
2025-01-10 09:37:00,TQQQ,-2426,77.73,entry
2025-01-10 13:57:00,TQQQ,2426,78.56,exit
2025-01-14 09:53:00,TQQQ,-3218,76.735,entry
2025-01-14 10:08:00,TQQQ,3218,77.3,exit
2025-01-16 09:46:00,TQQQ,-2488,80.9101,entry
2025-01-16 11:07:00,TQQQ,2488,81.6,exit
2025-01-17 09:38:00,TQQQ,-1989,82.4,entry
2025-01-17 11:22:00,TQQQ,1989,83.2,exit
2025-01-22 09:49:00,TQQQ,2965,87.67,entry
2025-01-22 15:30:00,TQQQ,-2965,88.035,exit
2025-01-28 09:35:00,TQQQ,-2334,78.7007,entry
2025-01-28 09:57:00,TQQQ,2334,79.375,exit
2025-01-29 09:37:00,TQQQ,-3437,82.1201,entry
2025-01-29 14:47:00,TQQQ,3437,82.58,exit
2025-01-31 09:52:00,TQQQ,3579,85.67,entry
2025-01-31 13:30:00,TQQQ,-3579,85.25,exit
2025-02-03 09:36:00,TQQQ,2953,78.9998,entry
2025-02-03 09:46:00,TQQQ,-2953,78.46,exit
2025-02-04 09:35:00,TQQQ,3885,81.44,entry
2025-02-04 15:30:00,TQQQ,-3885,83.2819,exit
2025-02-07 09:36:00,TQQQ,2637,87.12,entry
2025-02-07 09:57:00,TQQQ,-2637,86.47,exit
2025-02-11 09:35:00,TQQQ,2653,85.04,entry
2025-02-11 12:06:00,TQQQ,-2653,84.4399,exit
2025-02-12 09:36:00,TQQQ,3681,82.8497,entry
2025-02-12 15:30:00,TQQQ,-3681,85.3733,exit
2025-02-20 09:44:00,TQQQ,-4015,89.5307,entry
2025-02-20 15:30:00,TQQQ,4015,88.7484,exit
2025-02-21 09:37:00,TQQQ,-3680,89.0399,entry
2025-02-21 13:58:00,TQQQ,3680,84.73,exit
2025-02-24 09:35:00,TQQQ,-3457,84.175,entry
2025-02-24 15:30:00,TQQQ,3457,81.875,exit
2025-02-25 09:43:00,TQQQ,-3632,79.525,entry
2025-02-25 15:30:00,TQQQ,3632,78.27,exit
2025-03-05 09:36:00,TQQQ,-3273,68.98,entry
2025-03-05 09:40:00,TQQQ,3273,69.5959,exit
2025-03-07 09:35:00,TQQQ,4101,66.24,entry
2025-03-07 09:36:00,TQQQ,-4101,65.65,exit
2025-03-10 09:53:00,TQQQ,-2668,62.96,entry
2025-03-10 15:30:00,TQQQ,2668,59.8588,exit
2025-03-14 09:35:00,TQQQ,2941,60.63,entry
2025-03-14 10:00:00,TQQQ,-2941,59.9401,exit
2025-03-20 09:35:00,TQQQ,2936,61.5189,entry
2025-03-20 14:29:00,TQQQ,-2936,60.905,exit
2025-03-27 09:36:00,TQQQ,-3125,62.0,entry
2025-03-27 09:50:00,TQQQ,3125,62.61,exit
2025-04-01 09:35:00,TQQQ,-3873,56.3201,entry
2025-04-01 09:40:00,TQQQ,3873,56.7793,exit
2025-04-02 09:35:00,TQQQ,2697,57.1799,entry
2025-04-02 15:30:00,TQQQ,-2697,59.405,exit
2025-04-07 09:36:00,TQQQ,-2498,36.0,entry
2025-04-07 09:48:00,TQQQ,2498,36.76,exit
2025-04-09 09:38:00,TQQQ,2871,39.88,entry
2025-04-09 10:52:00,TQQQ,-2871,39.08,exit
2025-04-11 10:22:00,TQQQ,-2572,45.0,entry
2025-04-11 10:33:00,TQQQ,2572,45.79,exit
2025-05-13 09:35:00,TQQQ,3201,67.2096,entry
2025-05-13 15:30:00,TQQQ,-3201,69.69,exit
2025-05-14 09:36:00,TQQQ,3970,70.448,entry
2025-05-14 09:44:00,TQQQ,-3970,69.8893,exit
2025-05-19 09:36:00,TQQQ,3392,69.2646,entry
2025-05-19 15:30:00,TQQQ,-3392,71.05,exit
2025-05-21 09:42:00,TQQQ,3618,70.05,entry
2025-05-21 13:22:00,TQQQ,-3618,69.41,exit
2025-05-27 09:35:00,TQQQ,-4848,68.5903,entry
2025-05-27 09:46:00,TQQQ,4848,68.96,exit
2025-05-30 09:35:00,TQQQ,-4138,69.47,entry
2025-05-30 10:12:00,TQQQ,4138,70.04,exit
