date,equity,cash
2015-01-02,100000.0,100000.0
2015-01-05,100000.0,100000.0
2015-01-06,100000.0,100000.0
2015-01-07,100000.0,100000.0
2015-01-08,100000.0,100000.0
2015-01-09,100000.0,100000.0
2015-01-12,100000.0,100000.0
2015-01-13,100000.0,100000.0
2015-01-14,100000.0,100000.0
2015-01-15,100000.0,100000.0
2015-01-16,100000.0,100000.0
2015-01-20,100000.0,100000.0
2015-01-21,100000.0,100000.0
2015-01-22,100000.0,100000.0
2015-01-23,100000.0,100000.0
2015-01-26,100000.0,100000.0
2015-01-27,100000.0,100000.0
2015-01-28,100000.0,100000.0
2015-01-29,100000.0,100000.0
2015-01-30,100000.0,100000.0
2015-02-02,100000.0,100000.0
2015-02-03,100000.0,100000.0
2015-02-04,100000.0,100000.0
2015-02-05,100000.0,100000.0
2015-02-06,100000.0,100000.0
2015-02-09,100000.0,100000.0
2015-02-10,100000.0,100000.0
2015-02-11,100000.0,100000.0
2015-02-12,100000.0,100000.0
2015-02-13,100000.0,100000.0
2015-02-17,100000.0,100000.0
2015-02-18,100000.0,100000.0
2015-02-19,100000.0,100000.0
2015-02-20,100000.0,100000.0
2015-02-23,100000.0,100000.0
2015-02-24,100000.0,100000.0
2015-02-25,100000.0,100000.0
2015-02-26,100000.0,100000.0
2015-02-27,100000.0,100000.0
2015-03-02,100000.0,100000.0
2015-03-03,100000.0,100000.0
2015-03-04,100000.0,100000.0
2015-03-05,100000.0,100000.0
2015-03-06,100000.0,100000.0
2015-03-09,100000.0,100000.0
2015-03-10,100000.0,100000.0
2015-03-11,100000.0,100000.0
2015-03-12,100000.0,100000.0
2015-03-13,100000.0,100000.0
2015-03-16,100000.0,100000.0
2015-03-17,100000.0,100000.0
2015-03-18,100000.0,100000.0
2015-03-19,100000.0,100000.0
2015-03-20,100000.0,100000.0
2015-03-23,100000.0,100000.0
2015-03-24,100000.0,100000.0
2015-03-25,100000.0,100000.0
2015-03-26,100000.0,100000.0
2015-03-27,100000.0,100000.0
2015-03-30,100000.0,100000.0
2015-03-31,100000.0,100000.0
2015-04-01,100000.0,100000.0
2015-04-02,100000.0,100000.0
2015-04-06,100000.0,100000.0
2015-04-07,100000.0,100000.0
2015-04-08,100000.0,100000.0
2015-04-09,100000.0,100000.0
2015-04-10,100000.0,100000.0
2015-04-13,100000.0,100000.0
2015-04-14,100000.0,100000.0
2015-04-15,100000.0,100000.0
2015-04-16,100000.0,100000.0
2015-04-17,100000.0,100000.0
2015-04-20,100000.0,100000.0
2015-04-21,100000.0,100000.0
2015-04-22,100000.0,100000.0
2015-04-23,100000.0,100000.0
2015-04-24,100000.0,100000.0
2015-04-27,100000.0,100000.0
2015-04-28,100000.0,100000.0
2015-04-29,100000.0,100000.0
2015-04-30,100000.0,100000.0
2015-05-01,100000.0,100000.0
2015-05-04,100000.0,100000.0
2015-05-05,100000.0,100000.0
2015-05-06,100000.0,100000.0
2015-05-07,100000.0,100000.0
2015-05-08,100000.0,100000.0
2015-05-11,100000.0,100000.0
2015-05-12,100000.0,100000.0
2015-05-13,100000.0,100000.0
2015-05-14,100000.0,100000.0
2015-05-15,100000.0,100000.0
2015-05-18,100000.0,100000.0
2015-05-19,100000.0,100000.0
2015-05-20,100000.0,100000.0
2015-05-21,100000.0,100000.0
2015-05-22,100000.0,100000.0
2015-05-26,100000.0,100000.0
2015-05-27,100000.0,100000.0
2015-05-28,100000.0,100000.0
2015-05-29,100000.0,100000.0
2015-06-01,100000.0,100000.0
2015-06-02,100000.0,100000.0
2015-06-03,100000.0,100000.0
2015-06-04,100000.0,100000.0
2015-06-05,100000.0,100000.0
2015-06-08,100000.0,100000.0
2015-06-09,100000.0,100000.0
2015-06-10,100000.0,100000.0
2015-06-11,100000.0,100000.0
2015-06-12,100000.0,100000.0
2015-06-15,100000.0,100000.0
2015-06-16,100000.0,100000.0
2015-06-17,100000.0,100000.0
2015-06-18,100000.0,100000.0
2015-06-19,100000.0,100000.0
2015-06-22,100000.0,100000.0
2015-06-23,100000.0,100000.0
2015-06-24,100000.0,100000.0
2015-06-25,100000.0,100000.0
2015-06-26,100000.0,100000.0
2015-06-29,100000.0,100000.0
2015-06-30,100000.0,100000.0
2015-07-01,100000.0,100000.0
2015-07-02,100000.0,100000.0
2015-07-06,100000.0,100000.0
2015-07-07,98999.61392462422,84.44078695943608
2015-07-08,96714.42851412465,84.44078695943608
2015-07-09,97369.65000689198,84.44078695943608
2015-07-10,98861.96305716207,84.44078695943608
2015-07-13,100623.94182169606,84.44078695943608
2015-07-14,100786.03680215652,79.31026731307793
2015-07-15,99999.46179090317,79.31026731307793
2015-07-16,105233.53185449417,79.31026731307793
2015-07-17,105955.85928140457,79.31026731307793
2015-07-20,105822.51693235214,79.31026731307793
2015-07-21,105655.06268782371,8.350993106305395
2015-07-22,104062.61413855308,8.350993106305395
2015-07-23,103207.00995154136,8.350993106305395
2015-07-24,105186.79540915244,8.350993106305395
2015-07-27,103568.24547476524,8.350993106305395
2015-07-28,103803.10414055275,11565.76957157539
2015-07-29,104246.73476246285,11565.76957157539
2015-07-30,105440.1526549189,11565.76957157539
2015-07-31,105867.95607403206,11565.76957157539
2015-08-03,105486.77096489357,11565.76957157539
2015-08-04,107043.90736980364,9678.57843608781
2015-08-05,108652.02064723894,9678.57843608781
2015-08-06,108261.21800441667,9678.57843608781
2015-08-07,107389.33041877672,9678.57843608781
2015-08-10,107564.596078109,9678.57843608781
2015-08-11,107605.11309843905,5075.17988615877
2015-08-12,107237.02082186587,5075.17988615877
2015-08-13,107978.39522486574,5075.17988615877
2015-08-14,108659.88710909731,5075.17988615877
2015-08-17,109433.20833712466,5075.17988615877
2015-08-18,109072.8361459907,3350.1207233604
2015-08-19,108202.38750135264,3350.1207233604
2015-08-20,104855.00759183726,3350.1207233604
2015-08-21,100631.27278863749,3350.1207233604
2015-08-24,95176.87720071635,3350.1207233604
2015-08-25,95609.44045931338,21941.24736315249
2015-08-26,101223.45893961428,21941.24736315249
2015-08-27,104357.9477587366,21941.24736315249
2015-08-28,104194.8274927759,21941.24736315249
2015-08-31,102811.27181917666,21941.24736315249
2015-09-01,98939.44423508689,15703.893471003026
2015-09-02,100554.41693389461,15703.893471003026
2015-09-03,98895.18870639846,15703.893471003026
2015-09-04,97746.52112907216,15703.893471003026
2015-09-08,98705.46704459235,15703.893471003026
2015-09-09,99104.84939958634,14973.772292156833
2015-09-10,99720.3831873137,14973.772292156833
2015-09-11,99883.05218126359,14973.772292156833
2015-09-14,99069.28817655625,14973.772292156833
2015-09-15,100159.4546708296,15670.887326164064
2015-09-16,101541.67499248487,15670.887326164064
2015-09-17,102363.57982341749,15670.887326164064
2015-09-18,101818.77789012891,15670.887326164064
2015-09-21,102199.28547374708,15670.887326164064
2015-09-22,101281.93709700658,11553.526097708484
2015-09-23,101732.46880000188,11553.526097708484
2015-09-24,102192.42672007634,11553.526097708484
2015-09-25,101086.81245844915,11553.526097708484
2015-09-28,98276.5946125324,11553.526097708484
2015-09-29,97256.37949013844,12731.661723555468
2015-09-30,100038.46212852135,12731.661723555468
2015-10-01,100885.79668951168,12731.661723555468
2015-10-02,102138.72993236914,12731.661723555468
2015-10-05,104508.83963269129,12731.661723555468
2015-10-06,103245.53715005428,6785.976229338947
2015-10-07,102282.08087792904,6785.976229338947
2015-10-08,103775.79502740414,6785.976229338947
2015-10-09,104655.75322404415,6785.976229338947
2015-10-12,105302.6411367944,6785.976229338947
2015-10-13,104120.44818446756,5298.246729649309
2015-10-14,104025.51114670158,5298.246729649309
2015-10-15,104163.97122768284,5298.246729649309
2015-10-16,104822.95964459301,5298.246729649309
2015-10-19,105552.20062795997,5298.246729649309
2015-10-20,104010.43288186919,2488.0488906277315
2015-10-21,103411.48962549101,2488.0488906277315
2015-10-22,105188.92027429472,2488.0488906277315
2015-10-23,108840.24044946562,2488.0488906277315
2015-10-26,110075.24727014433,2488.0488906277315
2015-10-27,110404.54141800034,5866.648345872041
2015-10-28,110841.17640297044,5866.648345872041
2015-10-29,111680.18606559861,5866.648345872041
2015-10-30,110824.6909007274,5866.648345872041
2015-11-02,111447.38788978684,5866.648345872041
2015-11-03,111203.20890114366,6419.635994649514
2015-11-04,112195.88611290514,6419.635994649514
2015-11-05,113730.97005913316,6419.635994649514
2015-11-06,113891.3059508568,6419.635994649514
2015-11-09,112880.56281349718,6419.635994649514
2015-11-10,113691.97115189335,7274.0445428540415
2015-11-11,114842.07538086674,7274.0445428540415
2015-11-12,113936.63168961307,7274.0445428540415
2015-11-13,111127.89284760258,7274.0445428540415
2015-11-16,112330.25139099857,7274.0445428540415
2015-11-17,112389.25088204203,6388.442799461463
2015-11-18,114783.70330513774,6388.442799461463
2015-11-19,114613.8830384141,6388.442799461463
2015-11-20,116104.71143425761,6388.442799461463
2015-11-23,116524.31459130107,6388.442799461463
2015-11-24,115427.9810309238,4155.18237064548
2015-11-25,115574.68451832003,4155.18237064548
2015-11-27,115811.15139530368,4155.18237064548
2015-11-30,114467.50871418185,4155.18237064548
2015-12-01,116740.56893545455,4032.6201744682135
2015-12-02,116124.81224829024,4032.6201744682135
2015-12-03,115298.91235357588,4032.6201744682135
2015-12-04,117008.07659918135,4032.6201744682135
2015-12-07,116568.23688131636,4032.6201744682135
2015-12-08,116937.77810775884,3666.599412080137
2015-12-09,114137.12190734991,3666.599412080137
2015-12-10,114207.6312762464,3666.599412080137
2015-12-11,112233.36516677984,3666.599412080137
2015-12-14,113907.11013900884,3666.599412080137
2015-12-15,113358.15992804858,5560.597114289738
2015-12-16,115745.10318728778,5560.597114289738
2015-12-17,114808.17348357532,5560.597114289738
2015-12-18,112906.20008632037,5560.597114289738
2015-12-21,113300.93117686603,5560.597114289738
2015-12-22,113650.4767628109,6673.317747155383
2015-12-23,114025.33963970299,6673.317747155383
2015-12-24,113736.74289516563,6673.317747155383
2015-12-28,115147.95758632774,6673.317747155383
2015-12-29,117149.19049657622,6926.831403863827
2015-12-30,116508.79949773589,6926.831403863827
2015-12-31,114834.8968564395,6926.831403863827
2016-01-04,111507.30182088653,6926.831403863827
2016-01-05,111550.75569731095,3176.4527264247104
2016-01-06,111346.0637913356,3176.4527264247104
2016-01-07,107964.3658352504,3176.4527264247104
2016-01-08,106855.50404554703,3176.4527264247104
2016-01-11,107726.5942135463,3176.4527264247104
2016-01-12,108836.45606315337,2256.3177469988923
2016-01-13,103977.24463641844,2256.3177469988923
2016-01-14,105644.48440635405,2256.3177469988923
2016-01-15,102767.73289764128,2256.3177469988923
2016-01-19,103999.77324664794,2256.3177469988923
2016-01-20,103473.27367875146,640.403300257191
2016-01-21,103368.20694920587,640.403300257191
2016-01-22,105591.49900815057,640.403300257191
2016-01-25,104005.34379956292,640.403300257191
2016-01-26,104220.25315916655,6988.074611784197
2016-01-27,101532.53978312132,6988.074611784197
2016-01-28,106068.13387215254,6988.074611784197
2016-01-29,105003.7268093836,6988.074611784197
2016-02-01,105355.64713275549,6988.074611784197
2016-02-02,104837.00599571165,1825.676544269877
2016-02-03,102218.25424929555,1825.676544269877
2016-02-04,100545.84429200586,1825.676544269877
2016-02-05,95927.17438002523,1825.676544269877
2016-02-08,94260.51871272024,1825.676544269877
2016-02-09,93060.3027955635,69788.74628368454
2016-02-10,92961.16130081253,69788.74628368454
2016-02-11,92399.34242740707,69788.74628368454
2016-02-12,93439.38440528946,69788.74628368454
2016-02-16,94329.7338458641,69788.74628368454
2016-02-17,95288.04683861368,47249.42046913736
2016-02-18,94633.13441738718,47249.42046913736
2016-02-19,94921.26387486093,47249.42046913736
2016-02-22,95356.88178619974,47249.42046913736
2016-02-23,94939.12785209197,25290.258107075875
2016-02-24,95511.817261944,25290.258107075875
2016-02-25,96164.32363278646,25290.258107075875
2016-02-26,95562.93370909471,25290.258107075875
2016-02-29,95424.1721082427,25290.258107075875
2016-03-01,97629.76606285927,33947.65668058751
2016-03-02,97652.19298959133,33947.65668058751
2016-03-03,97386.27731037495,33947.65668058751
2016-03-04,97950.64175594208,33947.65668058751
2016-03-07,96936.09280336258,33947.65668058751
2016-03-08,96555.74966446072,25441.42885271221
2016-03-09,96988.19015780598,25441.42885271221
2016-03-10,97050.62904671341,25441.42885271221
2016-03-11,98060.18369898706,25441.42885271221
2016-03-14,98082.60699943214,25441.42885271221
2016-03-15,97876.19268078421,22457.871530958168
2016-03-16,98417.90794224356,22457.871530958168
2016-03-17,99057.26278347586,22457.871530958168
2016-03-18,99312.47316784476,22457.871530958168
2016-03-21,99322.08781666373,22457.871530958168
2016-03-22,98943.98742479902,12465.398021586956
2016-03-23,98816.25969345194,12465.398021586956
2016-03-24,99096.49562747103,12465.398021586956
2016-03-28,99621.44605398994,12465.398021586956
2016-03-29,100512.50176021432,13064.87714979028
2016-03-30,101061.71958669995,13064.87714979028
2016-03-31,100716.40512761449,13064.87714979028
2016-04-01,102237.00739631032,13064.87714979028
2016-04-04,101706.28568276738,13064.87714979028
2016-04-05,100866.7255047507,5983.240351671675
2016-04-06,101681.00885050962,5983.240351671675
2016-04-07,100689.89550977419,5983.240351671675
2016-04-08,101293.18735110233,5983.240351671675
2016-04-11,101011.93626623819,5983.240351671675
2016-04-12,101591.14284471012,9.46074554659208
2016-04-13,102519.78633270002,9.46074554659208
2016-04-14,102503.10003081299,9.46074554659208
2016-04-15,103170.24849257208,9.46074554659208
2016-04-18,103799.71187165714,9.46074554659208
2016-04-19,102813.04292992532,3.3755032795600073
2016-04-20,102181.25386194169,3.3755032795600073
2016-04-21,102314.41592983186,3.3755032795600073
2016-04-22,98544.92173037707,3.3755032795600073
2016-04-25,99168.16534189164,3.3755032795600073
2016-04-26,98094.419786871,2634.1789411311593
2016-04-27,98234.49115318112,2634.1789411311593
2016-04-28,96748.248574019,2634.1789411311593
2016-04-29,97502.64987242274,2634.1789411311593
2016-05-02,98633.71925336175,2634.1789411311593
2016-05-03,97978.03686582274,6366.5870892328685
2016-05-04,97681.22009550757,6366.5870892328685
2016-05-05,97565.80707734055,6366.5870892328685
2016-05-06,98692.3456040544,6366.5870892328685
2016-05-09,98871.51749782986,6366.5870892328685
2016-05-10,100362.21531494398,5.994299013811542
2016-05-11,99622.79524429579,5.994299013811542
2016-05-12,99443.96516187926,5.994299013811542
2016-05-13,101645.08368500014,5.994299013811542
2016-05-16,102392.87281807204,5.994299013811542
2016-05-17,100633.35157956174,14.595468416715903
2016-05-18,100537.13583935788,14.595468416715903
2016-05-19,100082.04637326291,14.595468416715903
2016-05-20,100570.61742199949,14.595468416715903
2016-05-23,99927.31598462156,14.595468416715903
2016-05-24,101868.96551890062,9.91846270249573
2016-05-25,102110.63967604325,9.91846270249573
2016-05-26,102704.18583864854,9.91846270249573
2016-05-27,103149.71286863969,9.91846270249573
2016-05-31,103645.25948519395,9.91846270249573
2016-06-01,103420.70232056701,57.9588017376625
2016-06-02,103421.73656128967,57.9588017376625
2016-06-03,102475.3988957318,57.9588017376625
2016-06-06,102267.32875489318,57.9588017376625
2016-06-07,102027.84819340907,9.821925403695786
2016-06-08,102999.65386891566,9.821925403695786
2016-06-09,103002.13643956385,9.821925403695786
2016-06-10,101875.5396835824,9.821925403695786
2016-06-13,101298.69791722498,9.821925403695786
2016-06-14,101567.09679849853,59.78511198271735
2016-06-15,101476.63176687469,59.78511198271735
2016-06-16,101865.94335385074,59.78511198271735
2016-06-17,100577.88937099685,59.78511198271735
2016-06-20,101655.48266442528,59.78511198271735
2016-06-21,102341.86667988746,39.192089419055264
2016-06-22,100595.90143642871,39.192089419055264
2016-06-23,102248.64016864746,39.192089419055264
2016-06-24,98612.30056617706,39.192089419055264
2016-06-27,97412.7986892268,39.192089419055264
2016-06-28,98591.44310081282,21291.000647190005
2016-06-29,99502.25960195341,21291.000647190005
2016-06-30,100379.56177842894,21291.000647190005
2016-07-01,100424.7667020587,21291.000647190005
2016-07-05,100994.2920607356,21291.000647190005
2016-07-06,101821.69327147602,1802.5658043205694
2016-07-07,102551.66869195102,1802.5658043205694
2016-07-08,104310.09190519451,1802.5658043205694
2016-07-11,105362.88288577198,1802.5658043205694
2016-07-12,105485.48586367913,1126.217539542401
2016-07-13,105436.9506132538,1126.217539542401
2016-07-14,105714.99407827207,1126.217539542401
2016-07-15,105105.80381058999,1126.217539542401
2016-07-18,105633.72348939725,1126.217539542401
2016-07-19,106267.15274446183,2370.5933568971627
2016-07-20,106762.59698312455,2370.5933568971627
2016-07-21,105932.50839715176,2370.5933568971627
2016-07-22,106808.01467077904,2370.5933568971627
2016-07-25,107188.49615590744,2370.5933568971627
2016-07-26,107339.18040141853,5102.014418218456
2016-07-27,107410.33558878693,5102.014418218456
2016-07-28,108042.31484541687,5102.014418218456
2016-07-29,109626.8403737286,5102.014418218456
2016-08-01,109850.09613976273,5102.014418218456
2016-08-02,109130.71006222659,624.6895987599455
2016-08-03,108761.69946881228,624.6895987599455
2016-08-04,109692.07100745135,624.6895987599455
2016-08-05,110625.03075953417,624.6895987599455
2016-08-08,110712.53384037905,624.6895987599455
2016-08-09,110861.17782630288,6526.380520718928
2016-08-10,110830.1795975145,6526.380520718928
2016-08-11,111204.69634832704,6526.380520718928
2016-08-12,112142.81317331159,6526.380520718928
2016-08-15,111793.1807907995,6526.380520718928
2016-08-16,111107.44892646406,5796.986866250963
2016-08-17,110776.70275999639,5796.986866250963
2016-08-18,111047.65689863298,5796.986866250963
2016-08-19,110750.8847537193,5796.986866250963
2016-08-22,110949.1085276756,5796.986866250963
2016-08-23,111277.90979908436,4758.922832832028
2016-08-24,110563.69187818497,4758.922832832028
2016-08-25,110500.89117036789,4758.922832832028
2016-08-26,111152.75443695515,4758.922832832028
2016-08-29,111629.94721375435,4758.922832832028
2016-08-30,110988.5055242251,3121.362960882044
2016-08-31,110998.03424460397,3121.362960882044
2016-09-01,111909.1985026072,3121.362960882044
2016-09-02,112045.44737011896,3121.362960882044
2016-09-06,113371.91347653375,3121.362960882044
2016-09-07,112872.57313541717,2664.2962850744293
2016-09-08,112713.8636676485,2664.2962850744293
2016-09-09,109330.53577594108,2664.2962850744293
2016-09-12,111051.23517600841,2664.2962850744293
2016-09-13,109612.06290143078,843.6995045477663
2016-09-14,110063.05625432079,843.6995045477663
2016-09-15,111628.92036407535,843.6995045477663
2016-09-16,112022.86041658466,843.6995045477663
2016-09-19,112154.0765260989,843.6995045477663
2016-09-20,112373.59684586685,968.8762508646832
2016-09-21,113863.41391205948,968.8762508646832
2016-09-22,114880.34986126583,968.8762508646832
2016-09-23,114441.96061563652,968.8762508646832
2016-09-26,113504.2465544955,968.8762508646832
2016-09-27,115581.0931008373,2074.869130185677
2016-09-28,116141.82755427701,2074.869130185677
2016-09-29,115827.44710712774,2074.869130185677
2016-09-30,116633.10702257497,2074.869130185677
2016-10-03,116450.8088453327,2074.869130185677
2016-10-04,116068.11179555977,1341.4381734284252
2016-10-05,116408.65916265572,1341.4381734284252
2016-10-06,116102.96050609673,1341.4381734284252
2016-10-07,115839.02859701241,1341.4381734284252
2016-10-10,116260.98830570305,1341.4381734284252
2016-10-11,114965.67571233521,3309.2823433757803
2016-10-12,114901.24259148847,3309.2823433757803
2016-10-13,113857.14517365705,3309.2823433757803
2016-10-14,113867.7123582245,3309.2823433757803
2016-10-17,113389.21700059186,3309.2823433757803
2016-10-18,114848.70235977408,51.44188986059498
2016-10-19,115401.12541613814,51.44188986059498
2016-10-20,115310.40264353987,51.44188986059498
2016-10-21,116099.64428577658,51.44188986059498
2016-10-24,118649.52277026411,51.44188986059498
2016-10-25,118480.70607442824,243.2993846651657
2016-10-26,117556.41074092356,243.2993846651657
2016-10-27,116405.58526475397,243.2993846651657
2016-10-28,115332.77674992052,243.2993846651657
2016-10-31,115502.71156103579,243.2993846651657
2016-11-01,114200.32554634976,5089.534988965266
2016-11-02,113508.41410311627,5089.534988965266
2016-11-03,111452.06560965943,5089.534988965266
2016-11-04,111199.16448863912,5089.534988965266
2016-11-07,114464.0893150227,5089.534988965266
2016-11-08,114391.981865623,2799.520332076554
2016-11-09,113513.11309025527,2799.520332076554
2016-11-10,110582.92933199645,2799.520332076554
2016-11-11,118930.98633549453,2799.520332076554
2016-11-14,116213.95491669417,2799.520332076554
2016-11-15,118090.65106865087,20172.807845555926
2016-11-16,120972.23379274526,20172.807845555926
2016-11-17,122499.22740312734,20172.807845555926
2016-11-18,123213.6079258553,20172.807845555926
2016-11-21,123977.38535829702,20172.807845555926
2016-11-22,123171.60383666528,3633.3861204482446
2016-11-23,122876.54415381921,3633.3861204482446
2016-11-25,123071.12869227899,3633.3861204482446
2016-11-28,122825.75980676187,3633.3861204482446
2016-11-29,123319.72349933481,13710.338475740904
2016-11-30,122056.232166327,13710.338475740904
2016-12-01,117906.54311565256,13710.338475740904
2016-12-02,118678.33942130899,13710.338475740904
2016-12-05,120981.7605276475,13710.338475740904
2016-12-06,123915.27114359308,32546.619057811982
2016-12-07,125522.82678977419,32546.619057811982
2016-12-08,127510.81678191591,32546.619057811982
2016-12-09,127490.18502894808,32546.619057811982
2016-12-12,128072.17908493448,32546.619057811982
2016-12-13,128608.0257497276,22.420529886603617
2016-12-14,128008.26506762159,22.420529886603617
2016-12-15,129177.58034662854,22.420529886603617
2016-12-16,128202.82854227674,22.420529886603617
2016-12-19,130049.390493914,22.420529886603617
2016-12-20,131602.38507348922,2.9504392805483803
2016-12-21,131522.21475679305,2.9504392805483803
2016-12-22,131278.61972219375,2.9504392805483803
2016-12-23,131372.54089052108,2.9504392805483803
2016-12-27,132800.333850688,2.9504392805483803
2016-12-28,129579.02333454957,10.087160395288748
2016-12-29,129874.7560315596,10.087160395288748
2016-12-30,127600.59737591614,10.087160395288748
2017-01-03,127671.81254582276,10.087160395288748
2017-01-04,127444.56211057685,1476.674717579108
2017-01-05,126877.5390907862,1476.674717579108
2017-01-06,128202.12204137824,1476.674717579108
2017-01-09,128870.20096364997,1476.674717579108
2017-01-10,129241.76039590371,7835.707892317892
2017-01-11,129118.62516679299,7835.707892317892
2017-01-12,127804.99281110299,7835.707892317892
2017-01-13,127696.97463502419,7835.707892317892
2017-01-17,126216.98369683755,7835.707892317892
2017-01-18,126342.42770392433,3407.858787603527
2017-01-19,126401.18609435097,3407.858787603527
2017-01-20,127519.51796347633,3407.858787603527
2017-01-23,127827.79038626686,3407.858787603527
2017-01-24,129566.38234047136,6979.83805183611
2017-01-25,130759.53035835466,6979.83805183611
2017-01-26,130932.810154955,6979.83805183611
2017-01-27,132060.41094307147,6979.83805183611
2017-01-30,131316.1147470876,6979.83805183611
2017-01-31,130826.67176927287,2434.0511523600358
2017-02-01,132231.8220588084,2434.0511523600358
2017-02-02,132489.7139655467,2434.0511523600358
2017-02-03,133483.0501033183,2434.0511523600358
2017-02-06,133748.5926562663,2434.0511523600358
2017-02-07,134668.69677291726,909.5144494614633
2017-02-08,134939.75224433755,909.5144494614633
2017-02-09,135616.82518516397,909.5144494614633
2017-02-10,135753.01009879922,909.5144494614633
2017-02-13,136668.00502525186,909.5144494614633
2017-02-14,137296.37513144035,76.3182218791917
2017-02-15,138301.4259699108,76.3182218791917
2017-02-16,138980.43575270195,76.3182218791917
2017-02-17,139442.28133375663,76.3182218791917
2017-02-21,140237.9794729473,76.3182218791917
2017-02-22,140195.59943266708,7.358088215186399
2017-02-23,139867.26266356307,7.358088215186399
2017-02-24,140084.3165595134,7.358088215186399
2017-02-27,139918.87782355148,7.358088215186399
2017-02-28,139553.24189812888,65.12008340108935
2017-03-01,141456.2540212368,65.12008340108935
2017-03-02,140638.39082391013,65.12008340108935
2017-03-03,140866.66424615134,65.12008340108935
2017-03-06,140600.77553612937,65.12008340108935
2017-03-07,140613.6939120503,47.598109743190435
2017-03-08,140588.1513552876,47.598109743190435
2017-03-09,140639.83443023878,47.598109743190435
2017-03-10,141289.53813888747,47.598109743190435
2017-03-13,141306.82706024367,47.598109743190435
2017-03-14,140993.67283231273,73.79408246531762
2017-03-15,141690.99358350292,73.79408246531762
2017-03-16,141761.356460395,73.79408246531762
2017-03-17,143039.19216138378,73.79408246531762
2017-03-20,143299.01128369823,73.79408246531762
2017-03-21,141972.5984158721,81.96859600210882
2017-03-22,143004.18306972648,81.96859600210882
2017-03-23,142851.44540264274,81.96859600210882
2017-03-24,143185.0715108123,81.96859600210882
2017-03-27,143241.0427518096,81.96859600210882
2017-03-28,143929.87853972637,80.1814839097301
2017-03-29,144526.04302184307,80.1814839097301
2017-03-30,144644.63998000347,80.1814839097301
2017-03-31,145132.8885266038,80.1814839097301
2017-04-03,144825.92921797954,80.1814839097301
2017-04-04,145664.7746734286,170.56921192652862
2017-04-05,145299.42505070215,170.56921192652862
2017-04-06,144996.6135329867,170.56921192652862
2017-04-07,144697.52431866174,170.56921192652862
2017-04-10,145143.97093388086,170.56921192652862
2017-04-11,144623.1081094273,31.49476714214893
2017-04-12,143862.33925528606,31.49476714214893
2017-04-13,143067.03753752788,31.49476714214893
2017-04-17,144676.98225302776,31.49476714214893
2017-04-18,144589.37473350327,148.56130462448482
2017-04-19,144670.86971526901,148.56130462448482
2017-04-20,145728.79345374863,148.56130462448482
2017-04-21,145992.07565360825,148.56130462448482
2017-04-24,147837.2445970134,148.56130462448482
2017-04-25,148428.85783241314,27.05959938092201
2017-04-26,148087.81509635967,27.05959938092201
2017-04-27,148784.8340248875,27.05959938092201
2017-04-28,149831.5685524754,27.05959938092201
2017-05-01,151529.91308830303,27.05959938092201
2017-05-02,151656.46532331005,4237.466952185787
2017-05-03,151271.61184583203,4237.466952185787
2017-05-04,150769.58277783886,4237.466952185787
2017-05-05,151372.64902768628,4237.466952185787
2017-05-08,152120.0256641914,4237.466952185787
2017-05-09,152080.88028615696,24.32769101841518
2017-05-10,152045.3893479703,24.32769101841518
2017-05-11,151788.4441174863,24.32769101841518
2017-05-12,152259.78993695957,24.32769101841518
2017-05-15,152951.6566666959,24.32769101841518
2017-05-16,153711.3652017714,197.86352521194556
2017-05-17,149456.40227299943,197.86352521194556
2017-05-18,149005.34360486284,197.86352521194556
2017-05-19,149523.5692957045,197.86352521194556
2017-05-22,151014.96561795488,197.86352521194556
2017-05-23,151469.3987143234,63.13498522794907
2017-05-24,152270.82768084563,63.13498522794907
2017-05-25,153892.3153135971,63.13498522794907
2017-05-26,153938.51792742766,63.13498522794907
2017-05-30,154329.1382658676,63.13498522794907
2017-05-31,153612.4688694992,76.8371518173185
2017-06-01,153847.589814476,76.8371518173185
2017-06-02,155933.518796257,76.8371518173185
2017-06-05,156073.3484509506,76.8371518173185
2017-06-06,156069.40534032116,40.859575398069865
2017-06-07,156272.3024731947,40.859575398069865
2017-06-08,155339.79858601818,40.859575398069865
2017-06-09,152265.80478490124,40.859575398069865
2017-06-12,151102.31673253307,40.859575398069865
2017-06-13,152343.78583322125,57.41581521588569
2017-06-14,152283.47831521588,57.41581521588569
2017-06-15,151477.4604395445,57.41581521588569
2017-06-16,148773.98475823956,57.41581521588569
2017-06-19,149966.86354623394,57.41581521588569
2017-06-20,149748.170679119,99.73942377842968
2017-06-21,150975.6095981864,99.73942377842968
2017-06-22,150319.26044276037,99.73942377842968
2017-06-23,151796.7334537772,99.73942377842968
2017-06-26,151131.7853565482,99.73942377842968
2017-06-27,148780.3963668009,743.6915633341267
2017-06-28,150230.86394950355,743.6915633341267
2017-06-29,147951.52437278235,743.6915633341267
2017-06-30,148337.963780131,743.6915633341267
2017-07-03,146739.5174605509,743.6915633341267
2017-07-05,148200.24419535813,2.9898046415664794
2017-07-06,147322.68198908982,2.9898046415664794
2017-07-07,148861.44329203782,2.9898046415664794
2017-07-10,149509.0166791838,2.9898046415664794
2017-07-11,149341.42024264627,1027.3678706675191
2017-07-12,151204.29272876077,1027.3678706675191
2017-07-13,151405.5249904185,1027.3678706675191
2017-07-14,152653.1216472178,1027.3678706675191
2017-07-17,153283.05571399027,1027.3678706675191
2017-07-18,154621.1185352741,0.2647144733018649
2017-07-19,155593.35593914372,0.2647144733018649
2017-07-20,155976.4096577106,0.2647144733018649
2017-07-21,155569.10747265202,0.2647144733018649
2017-07-24,156479.4091007648,0.2647144733018649
2017-07-25,156336.00120949742,76.29213356969922
2017-07-26,157364.93336892125,76.29213356969922
2017-07-27,155336.81419014928,76.29213356969922
2017-07-28,154319.57347512242,76.29213356969922
2017-07-31,153095.00603890416,76.29213356969922
2017-08-01,153531.69940675187,53.20652879166573
2017-08-02,154563.02953446793,53.20652879166573
2017-08-03,154481.07105744767,53.20652879166573
2017-08-04,155001.46131623673,53.20652879166573
2017-08-07,156054.3946772902,53.20652879166573
2017-08-08,156061.0022251347,487.31996652873204
2017-08-09,156209.19910928997,487.31996652873204
2017-08-10,153437.7213718632,487.31996652873204
2017-08-11,154749.63118479046,487.31996652873204
2017-08-14,157070.50422403606,487.31996652873204
2017-08-15,158058.15585252296,4901.791663375004
2017-08-16,158340.6136581565,4901.791663375004
2017-08-17,155863.53752442848,4901.791663375004
2017-08-18,155588.7565109397,4901.791663375004
2017-08-21,155971.21994325172,4901.791663375004
2017-08-22,157631.21783160127,2906.047154416208
2017-08-23,156873.75856493867,2906.047154416208
2017-08-24,156180.75360583223,2906.047154416208
2017-08-25,156135.47246645845,2906.047154416208
2017-08-28,156511.31297396577,2906.047154416208
2017-08-29,157549.15169625994,260.75155311342405
2017-08-30,158940.88613658663,260.75155311342405
2017-08-31,160659.49383359667,260.75155311342405
2017-09-01,160385.95246320483,260.75155311342405
2017-09-05,158817.13062625643,260.75155311342405
2017-09-06,158765.64728600517,52.05435235040159
2017-09-07,159841.82432610527,52.05435235040159
2017-09-08,158361.35026986137,52.05435235040159
2017-09-11,160812.37932259575,52.05435235040159
2017-09-12,160341.087788162,67.43716102578037
2017-09-13,160180.8302350614,67.43716102578037
2017-09-14,159058.78870063758,67.43716102578037
2017-09-15,159790.156147537,67.43716102578037
2017-09-18,159623.2101483915,67.43716102578037
2017-09-19,160546.35864888204,5372.877731428269
2017-09-20,157889.84209071173,5372.877731428269
2017-09-21,156114.15608702673,5372.877731428269
2017-09-22,155461.1370521642,5372.877731428269
2017-09-25,151553.34078894628,5372.877731428269
2017-09-26,152330.4970603705,13125.143338751834
2017-09-27,154205.1057182074,13125.143338751834
2017-09-28,154033.87850339417,13125.143338751834
2017-09-29,155380.39077908997,13125.143338751834
2017-10-02,154775.80742414002,13125.143338751834
2017-10-03,154978.1578976283,10075.81369749402
2017-10-04,154598.1832768092,10075.81369749402
2017-10-05,157007.72504774426,10075.81369749402
2017-10-06,157635.9088665614,10075.81369749402
2017-10-09,157863.9717899928,10075.81369749402
2017-10-10,157738.72073387026,9989.624965895395
2017-10-11,159147.3445513141,9989.624965895395
2017-10-12,159371.12378715395,9989.624965895395
2017-10-13,159896.80546974062,9989.624965895395
2017-10-16,159913.93017600893,9989.624965895395
2017-10-17,159801.60583496338,14992.085695269161
2017-10-18,159848.338998797,14992.085695269161
2017-10-19,162694.23793220764,14992.085695269161
2017-10-20,163909.95178413636,14992.085695269161
2017-10-23,162043.4855537439,14992.085695269161
2017-10-24,162408.8942245035,17659.96511969852
2017-10-25,161659.45237813282,17659.96511969852
2017-10-26,162129.46684727955,17659.96511969852
2017-10-27,168855.2341297655,17659.96511969852
2017-10-30,169639.2928775339,17659.96511969852
2017-10-31,170113.96841320363,42.25597700443632
2017-11-01,170326.77638086645,42.25597700443632
2017-11-02,170806.82931932775,42.25597700443632
2017-11-03,172568.80439028112,42.25597700443632
2017-11-06,172793.80100521413,42.25597700443632
2017-11-07,173443.19898600003,99.94609922788516
2017-11-08,174168.41574568173,99.94609922788516
2017-11-09,173228.8430742683,99.94609922788516
2017-11-10,172644.66578573606,99.94609922788516
2017-11-13,172401.39971680066,99.94609922788516
2017-11-14,171714.69608800052,26.41818349001369
2017-11-15,170545.70074574588,26.41818349001369
2017-11-16,172137.6926280701,26.41818349001369
2017-11-17,170659.78291432498,26.41818349001369
2017-11-20,170571.24644581912,26.41818349001369
2017-11-21,173354.67510919538,143.282328891413
2017-11-22,173439.70177774396,143.282328891413
2017-11-24,174145.2477486607,143.282328891413
2017-11-27,175156.25827722516,143.282328891413
2017-11-28,174722.0547714277,3.0243682905061178
2017-11-29,170313.63341141184,3.0243682905061178
2017-11-30,171490.10991669138,3.0243682905061178
2017-12-01,170248.04256058176,3.0243682905061178
2017-12-04,167218.28520966013,3.0243682905061178
2017-12-05,167099.45917282283,4.871402360797219
2017-12-06,168234.75867996394,4.871402360797219
2017-12-07,168317.28105125605,4.871402360797219
2017-12-08,168779.70628318965,4.871402360797219
2017-12-11,170277.21524772822,4.871402360797219
2017-12-12,169935.50026794078,24.13269134165421
2017-12-13,170487.5288552821,24.13269134165421
2017-12-14,170726.3803872645,24.13269134165421
2017-12-15,172607.6948327601,24.13269134165421
2017-12-18,173882.07356353404,24.13269134165421
2017-12-19,173074.495258797,13.627790916729282
2017-12-20,173155.0290779956,13.627790916729282
2017-12-21,172810.14260147887,13.627790916729282
2017-12-22,172739.12571381408,13.627790916729282
2017-12-26,171482.89809082824,13.627790916729282
2017-12-27,171664.21699033445,89.46057782835624
2017-12-28,171835.19686017698,89.46057782835624
2017-12-29,170973.94717298215,89.46057782835624
2018-01-02,173171.0249622888,89.46057782835624
2018-01-03,175111.44545443397,42.10911639076585
2018-01-04,175569.43853838783,42.10911639076585
2018-01-05,177908.68186076026,42.10911639076585
2018-01-08,178690.7632854734,42.10911639076585
2018-01-09,178402.5920462857,27.755914236127865
2018-01-10,178240.78048088652,27.755914236127865
2018-01-11,178615.15017082792,27.755914236127865
2018-01-12,180986.42773964506,27.755914236127865
2018-01-16,180596.3093848477,27.755914236127865
2018-01-17,182792.96160785513,24.28507892446487
2018-01-18,182714.36461154776,24.28507892446487
2018-01-19,183375.0853833373,24.28507892446487
2018-01-22,185046.49175922232,24.28507892446487
2018-01-23,186173.09578727695,43.090931167336265
2018-01-24,185280.62997840854,43.090931167336265
2018-01-25,184824.81971763584,43.090931167336265
2018-01-26,186124.6240312955,43.090931167336265
2018-01-29,184925.8588449857,43.090931167336265
2018-01-30,183524.17301421557,9.962221674059037
2018-01-31,183434.82061248217,9.962221674059037
2018-02-01,183548.84543853198,9.962221674059037
2018-02-02,177140.7368798772,9.962221674059037
2018-02-05,169366.6891656438,9.962221674059037
2018-02-06,174313.80281964605,6177.243112004442
2018-02-07,170918.6409391529,6177.243112004442
2018-02-08,163444.4034933216,6177.243112004442
2018-02-09,166753.91496411627,6177.243112004442
2018-02-12,169832.25666180914,6177.243112004442
2018-02-13,171640.04962067417,2094.275008247395
2018-02-14,175042.55644898227,2094.275008247395
2018-02-15,179137.95826630405,2094.275008247395
2018-02-16,178524.631339119,2094.275008247395
2018-02-20,179656.84482483676,2094.275008247395
2018-02-21,177870.37078085827,1485.2191332905095
2018-02-22,177955.83332243847,1485.2191332905095
2018-02-23,181839.4867381184,1485.2191332905095
2018-02-26,184528.49460783886,1485.2191332905095
2018-02-27,182171.60534055415,3066.8269820946807
2018-02-28,181561.18209989253,3066.8269820946807
2018-03-01,178484.2627731103,3066.8269820946807
2018-03-02,179906.4147125024,3066.8269820946807
2018-03-05,181709.05165250483,3066.8269820946807
2018-03-06,183295.27939347926,4412.160718247324
2018-03-07,184273.89575223628,4412.160718247324
2018-03-08,184130.75032357874,4412.160718247324
2018-03-09,188402.45514039698,4412.160718247324
2018-03-12,188654.93738488856,4412.160718247324
2018-03-13,186953.78403620643,9579.314663933943
2018-03-14,186746.54602723045,9579.314663933943
2018-03-15,186788.44114594383,9579.314663933943
2018-03-16,188000.775940942,9579.314663933943
2018-03-19,184451.73177962226,9579.314663933943
2018-03-20,188377.74567757003,10406.93062172285
2018-03-21,187271.15499840133,10406.93062172285
2018-03-22,182537.97635612838,10406.93062172285
2018-03-23,177696.01659593932,10406.93062172285
2018-03-26,186760.1996503865,10406.93062172285
2018-03-27,176492.40812960675,6142.820791159182
2018-03-28,172415.89624062588,6142.820791159182
2018-03-29,176325.32004633953,6142.820791159182
2018-04-02,169810.6563839059,6142.820791159182
2018-04-03,172318.49720132575,2872.3578799985344
2018-04-04,176129.45510423408,2872.3578799985344
2018-04-05,176815.79752576575,2872.3578799985344
2018-04-06,172336.748623731,2872.3578799985344
2018-04-09,172906.07980191932,2872.3578799985344
2018-04-10,178049.40541309814,501.297841973118
2018-04-11,177580.2111062477,501.297841973118
2018-04-12,181233.67026609878,501.297841973118
2018-04-13,179765.67893166046,501.297841973118
2018-04-16,180507.87026876907,501.297841973118
2018-04-17,186821.57323301444,128.4980663121578
2018-04-18,187471.15898454795,128.4980663121578
2018-04-19,186062.6433090032,128.4980663121578
2018-04-20,184142.13641107688,128.4980663121578
2018-04-23,183220.16439855704,128.4980663121578
2018-04-24,177988.25294133925,1752.8197710206578
2018-04-25,177459.1330301454,1752.8197710206578
2018-04-26,181778.22256299757,1752.8197710206578
2018-04-27,183969.68369123244,1752.8197710206578
2018-04-30,182709.6415998628,1752.8197710206578
2018-05-01,184585.2811572704,1472.2201392802788
2018-05-02,182510.99608875843,1472.2201392802788
2018-05-03,183981.11548878285,1472.2201392802788
2018-05-04,186582.3029906902,1472.2201392802788
2018-05-07,188908.4437606487,1472.2201392802788
2018-05-08,189530.26257139404,1.8678193684463622
2018-05-09,192345.2976217862,1.8678193684463622
2018-05-10,193443.71849495132,1.8678193684463622
2018-05-11,191969.05501800735,1.8678193684463622
2018-05-14,191440.19740778167,1.8678193684463622
2018-05-15,188673.99773392646,31.81456170050933
2018-05-16,189010.221018171,31.81456170050933
2018-05-17,187307.69489417045,31.81456170050933
2018-05-18,186971.7369626519,31.81456170050933
2018-05-21,187909.45972380607,31.81456170050933
2018-05-22,187734.80558269186,16.29650371236812
2018-05-23,189455.942816426,16.29650371236812
2018-05-24,189611.90629451437,16.29650371236812
2018-05-25,189170.0855051772,16.29650371236812
2018-05-29,188350.9222819106,16.29650371236812
2018-05-30,190708.25448646143,225.9990967710346
2018-05-31,190843.32213296488,225.9990967710346
2018-06-01,193746.0479358633,225.9990967710346
2018-06-04,196108.13928403452,225.9990967710346
2018-06-05,197409.45210296384,33.03855497113307
2018-06-06,197918.03933698407,33.03855497113307
2018-06-07,195069.29466993085,33.03855497113307
2018-06-08,195724.24041253797,33.03855497113307
2018-06-11,195504.8801410841,33.03855497113307
2018-06-12,196627.70998511382,37.00880179473461
2018-06-13,198854.9148114688,37.00880179473461
2018-06-14,201386.62708411284,37.00880179473461
2018-06-15,199181.7479566104,37.00880179473461
2018-06-18,200135.79128012725,37.00880179473461
2018-06-19,200757.11081520986,30.260305566313036
2018-06-20,202232.76984230947,30.260305566313036
2018-06-21,201173.11433999013,30.260305566313036
2018-06-22,199809.0518705077,30.260305566313036
2018-06-25,194659.78000466299,30.260305566313036
2018-06-26,196823.30680926744,11594.371075472263
2018-06-27,194264.54732974473,11594.371075472263
2018-06-28,195867.44767459336,11594.371075472263
2018-06-29,196204.88672717515,11594.371075472263
2018-07-02,197187.440358004,11594.371075472263
2018-07-03,195866.3241122287,4919.40245848113
2018-07-05,197234.74351911957,4919.40245848113
2018-07-06,198841.715275101,4919.40245848113
2018-07-09,200222.38358335907,4919.40245848113
2018-07-10,200543.1165052886,7838.605068826197
2018-07-11,200264.30481400443,7838.605068826197
2018-07-12,204426.98992600394,7838.605068826197
2018-07-13,205113.44739975882,7838.605068826197
2018-07-16,204610.15533890677,7838.605068826197
2018-07-17,207602.7090146951,23475.68952159208
2018-07-18,207236.53662089628,23475.68952159208
2018-07-19,206068.3100431375,23475.68952159208
2018-07-20,206816.72190837187,23475.68952159208
2018-07-23,207604.40512065214,23475.68952159208
2018-07-24,208030.01266453523,26400.411193587963
2018-07-25,211255.6858517911,26400.411193587963
2018-07-26,209728.31922886628,26400.411193587963
2018-07-27,207452.10815403718,26400.411193587963
2018-07-30,203968.58926365632,26400.411193587963
2018-07-31,204381.91503604152,22163.299191314953
2018-08-01,206272.7716339419,22163.299191314953
2018-08-02,209764.19302066066,22163.299191314953
2018-08-03,210025.45261843898,22163.299191314953
2018-08-06,211081.48029788234,22163.299191314953
2018-08-07,211683.6932093608,19811.8431651103
2018-08-08,212760.71972913618,19811.8431651103
2018-08-09,211818.32291669722,19811.8431651103
2018-08-10,211669.4934031474,19811.8431651103
2018-08-13,211602.36949415083,19811.8431651103
2018-08-14,213711.42115228123,6484.1331426376855
2018-08-15,211378.61275689548,6484.1331426376855
2018-08-16,212005.14863793796,6484.1331426376855
2018-08-17,212564.3387243027,6484.1331426376855
2018-08-20,212803.5712835068,6484.1331426376855
2018-08-21,212941.68984032082,6086.650812153086
2018-08-22,214688.6304492991,6086.650812153086
2018-08-23,215070.4373722117,6086.650812153086
2018-08-24,216590.20921898293,6086.650812153086
2018-08-27,217652.4988575022,6086.650812153086
2018-08-28,218417.32272815067,11278.562001221962
2018-08-29,221741.32470416385,11278.562001221962
2018-08-30,221679.29593371708,11278.562001221962
2018-08-31,222764.36082171756,11278.562001221962
2018-09-04,223952.09230517704,11278.562001221962
2018-09-05,220426.86743234773,13803.57982706209
2018-09-06,220243.85583185335,13803.57982706209
2018-09-07,220982.65838693758,13803.57982706209
2018-09-10,221981.61365961214,13803.57982706209
2018-09-11,224004.1685576882,25286.94361261983
2018-09-12,223787.5097594704,25286.94361261983
2018-09-13,224248.63878779073,25286.94361261983
2018-09-14,223327.1614165749,25286.94361261983
2018-09-17,219905.04345087666,25286.94361261983
2018-09-18,222211.46014181842,8045.601987521555
2018-09-19,220359.83054129352,8045.601987521555
2018-09-20,222038.57327810992,8045.601987521555
2018-09-21,221942.44445578326,8045.601987521555
2018-09-24,222456.53851858844,8045.601987521555
2018-09-25,223666.98522305637,4942.857186557346
2018-09-26,223723.929242374,4942.857186557346
2018-09-27,224929.54606747776,4942.857186557346
2018-09-28,225169.96003461033,4942.857186557346
2018-10-01,226455.87256360202,4942.857186557346
2018-10-02,225611.6983651567,2424.1840600419673
2018-10-03,224356.0490960527,2424.1840600419673
2018-10-04,220854.1967172075,2424.1840600419673
2018-10-05,216748.8631448198,2424.1840600419673
2018-10-08,215354.9457215715,2424.1840600419673
2018-10-09,216075.0376189911,220.6348861419906
2018-10-10,206007.94310605165,220.6348861419906
2018-10-11,203669.46511685487,220.6348861419906
2018-10-12,210827.28127896425,220.6348861419906
2018-10-15,206445.1739410126,220.6348861419906
2018-10-16,213355.80156565236,11539.32366037892
2018-10-17,213055.4209389739,11539.32366037892
2018-10-18,210450.85433054494,11539.32366037892
2018-10-19,210007.23517466115,11539.32366037892
2018-10-22,211530.22474146413,11539.32366037892
2018-10-23,210743.94147535178,13501.820202311019
2018-10-24,203468.60541959616,13501.820202311019
2018-10-25,207728.20016904685,13501.820202311019
2018-10-26,202678.37078901145,13501.820202311019
2018-10-29,200896.74145170065,13501.820202311019
2018-10-30,203011.5947468981,52080.74086506216
2018-10-31,205763.19149525015,52080.74086506216
2018-11-01,206648.757840465,52080.74086506216
2018-11-02,203459.82317097037,52080.74086506216
2018-11-05,203880.6665814623,52080.74086506216
2018-11-06,205856.03578304715,60159.318673366965
2018-11-07,209048.23304867215,60159.318673366965
2018-11-08,209111.93909191556,60159.318673366965
2018-11-09,207682.8327381558,60159.318673366965
2018-11-12,203910.55182766385,60159.318673366965
2018-11-13,203456.37976478555,68753.77987312296
2018-11-14,202253.583400955,68753.77987312296
2018-11-15,204287.77010749796,68753.77987312296
2018-11-16,204493.3297617338,68753.77987312296
2018-11-19,203512.56319831827,68753.77987312296
2018-11-20,199182.12720276148,56791.414273989496
2018-11-21,199043.85900856287,56791.414273989496
2018-11-23,198758.76314331323,56791.414273989496
2018-11-26,200352.23009468347,56791.414273989496
2018-11-27,200918.03381125838,99968.07652823837
2018-11-28,202390.36325614364,99968.07652823837
2018-11-29,201306.32594840438,99968.07652823837
2018-11-30,204263.3408409825,99968.07652823837
2018-12-03,204158.633954691,99968.07652823837
2018-12-04,200673.44672954927,56407.82813442599
2018-12-06,202181.6469649161,56407.82813442599
2018-12-07,197686.00498188386,56407.82813442599
2018-12-10,199751.32909000764,56407.82813442599
2018-12-11,201281.92287870945,77589.49757238924
2018-12-12,201538.94920393528,77589.49757238924
2018-12-13,202881.93059202732,77589.49757238924
2018-12-14,198585.16814085544,77589.49757238924
2018-12-17,195183.26352545322,77589.49757238924
2018-12-18,192893.9108023707,97910.20380736032
2018-12-19,191217.68417883554,97910.20380736032
2018-12-20,188377.14482641855,97910.20380736032
2018-12-21,189569.81881285348,97910.20380736032
2018-12-24,184032.73455382028,97910.20380736032
2018-12-26,185409.484034069,185409.484034069
2018-12-27,185409.484034069,185409.484034069
2018-12-28,185409.484034069,185409.484034069
2018-12-31,185409.484034069,185409.484034069
2019-01-02,186853.9508094914,92694.32251359294
2019-01-03,181177.137098325,92694.32251359294
2019-01-04,184223.60849763226,92694.32251359294
2019-01-07,187722.8049335606,92694.32251359294
2019-01-08,188247.63325677032,141857.5501345169
2019-01-09,188687.5330351364,141857.5501345169
2019-01-10,189578.39845643158,141857.5501345169
2019-01-11,189895.1845549118,141857.5501345169
2019-01-14,188116.2162207138,141857.5501345169
2019-01-15,190336.06504178589,74725.28362012452
2019-01-16,189533.06813550537,74725.28362012452
2019-01-17,190331.2248451764,74725.28362012452
2019-01-18,184014.9335835034,74725.28362012452
2019-01-22,181476.556081062,74725.28362012452
2019-01-23,180606.74444746022,116011.58048414237
2019-01-24,181927.1811578179,116011.58048414237
2019-01-25,183071.16749738698,116011.58048414237
2019-01-28,182970.246869793,116011.58048414237
2019-01-29,180873.55729486232,160.8376674819374
2019-01-30,185209.82905771022,160.8376674819374
2019-01-31,185283.60465432887,160.8376674819374
2019-02-01,184452.38428308253,160.8376674819374
2019-02-04,188444.53993798976,160.8376674819374
2019-02-05,188450.83588625627,1592.6824495955125
2019-02-06,189076.09665133196,1592.6824495955125
2019-02-07,185755.72059084612,1592.6824495955125
2019-02-08,188183.0214731856,1592.6824495955125
2019-02-11,188734.04941584307,1592.6824495955125
2019-02-12,191193.63878869292,5925.426603786896
2019-02-13,190190.69298028227,5925.426603786896
2019-02-14,192072.26987313505,5925.426603786896
2019-02-15,193477.4841103482,5925.426603786896
2019-02-19,194159.60134743925,5925.426603786896
2019-02-20,194662.29972575308,2.3898536980341305
2019-02-21,195025.89074824454,2.3898536980341305
2019-02-22,196006.7448742211,2.3898536980341305
2019-02-25,196734.7883331597,2.3898536980341305
2019-02-26,197294.64372290135,20.285129914292156
2019-02-27,197211.5143283701,20.285129914292156
2019-02-28,198182.1105884409,20.285129914292156
2019-03-01,198134.6232990122,20.285129914292156
2019-03-04,197288.80723227025,20.285129914292156
2019-03-05,197402.18786814492,2977.1535282401255
2019-03-06,195689.96743586342,2977.1535282401255
2019-03-07,193530.96121409218,2977.1535282401255
2019-03-08,193015.48478892128,2977.1535282401255
2019-03-11,197391.67739680092,2977.1535282401255
2019-03-12,198380.9511393585,2763.251809982292
2019-03-13,199393.6635550537,2763.251809982292
2019-03-14,199259.0199450531,2763.251809982292
2019-03-15,201199.34655561828,2763.251809982292
2019-03-18,203157.66209402465,2763.251809982292
2019-03-19,205949.70657409367,3219.121666561925
2019-03-20,205427.62693465885,3219.121666561925
2019-03-21,210598.16658843693,3219.121666561925
2019-03-22,205632.36454833683,3219.121666561925
2019-03-25,205541.28928054508,3219.121666561925
2019-03-26,207988.19091733568,9923.312583290259
2019-03-27,207366.56830533617,9923.312583290259
2019-03-28,208052.3602441179,9923.312583290259
2019-03-29,209556.70562680834,9923.312583290259
2019-04-01,211305.80854734057,9923.312583290259
2019-04-02,210601.43275475028,4183.391422505411
2019-04-03,211528.88652061942,4183.391422505411
2019-04-04,211241.02127861502,4183.391422505411
2019-04-05,211778.14251732352,4183.391422505411
2019-04-08,212460.44755577567,4183.391422505411
2019-04-09,211677.0292883394,16794.69371705033
2019-04-10,212893.2910223482,16794.69371705033
2019-04-11,211760.6888800142,16794.69371705033
2019-04-12,212889.506674814,16794.69371705033
2019-04-15,214495.4994345186,16794.69371705033
2019-04-16,214111.97140968352,11237.33433998138
2019-04-17,215427.86520851165,11237.33433998138
2019-04-18,216129.39140022307,11237.33433998138
2019-04-22,215664.15006721526,11237.33433998138
2019-04-23,217750.37982438022,8466.104346017191
2019-04-24,217791.1988971036,8466.104346017191
2019-04-25,218031.62895462924,8466.104346017191
2019-04-26,218098.9455668729,8466.104346017191
2019-04-29,218928.98501084262,8466.104346017191
2019-04-30,220107.7638650623,3609.0456262317293
2019-05-01,217321.04401642949,3609.0456262317293
2019-05-02,215731.75859315068,3609.0456262317293
2019-05-03,217879.18603760868,3609.0456262317293
2019-05-06,216860.55900818974,3609.0456262317293
2019-05-07,213086.077814644,8535.339914863727
2019-05-08,213248.86858612837,8535.339914863727
2019-05-09,213089.81655365767,8535.339914863727
2019-05-10,215638.98610932173,8535.339914863727
2019-05-13,210393.90236908736,8535.339914863727
2019-05-14,212146.1482308157,28643.045604015173
2019-05-15,214248.65750053007,28643.045604015173
2019-05-16,217426.6416733511,28643.045604015173
2019-05-17,217073.22040870268,28643.045604015173
2019-05-20,214887.40036323149,28643.045604015173
2019-05-21,215297.8070508325,36753.957075246566
2019-05-22,215467.1827527368,36753.957075246566
2019-05-23,213543.69658482907,36753.957075246566
2019-05-24,213371.4542371118,36753.957075246566
2019-05-28,212337.9536496484,36753.957075246566
2019-05-29,210717.32834336653,29969.884098981758
2019-05-30,211471.21499726668,29969.884098981758
2019-05-31,208977.9411096324,29969.884098981758
2019-06-03,207332.65311906234,29969.884098981758
2019-06-04,210573.80412217815,42548.58422013957
2019-06-05,213327.24915239055,42548.58422013957
2019-06-06,216528.301818101,42548.58422013957
2019-06-07,219615.06778642375,42548.58422013957
2019-06-10,220844.46487352092,42548.58422013957
2019-06-11,220496.5155696685,35893.392400723176
2019-06-12,219636.40080068656,35893.392400723176
2019-06-13,220066.32537649223,35893.392400723176
2019-06-14,218951.29395864555,35893.392400723176
2019-06-17,219009.9987010772,35893.392400723176
2019-06-18,220257.3224869391,38788.54048162905
2019-06-19,221001.84445578067,38788.54048162905
2019-06-20,223230.0097389838,38788.54048162905
2019-06-21,222697.0055428168,38788.54048162905
2019-06-24,223200.5692902228,38788.54048162905
2019-06-25,220538.7031795003,27025.536721370405
2019-06-26,219944.81306566973,27025.536721370405
2019-06-27,219837.57824053545,27025.536721370405
2019-06-28,218886.0971690633,27025.536721370405
2019-07-01,219916.1276904561,27025.536721370405
2019-07-02,221323.04430337338,25120.315619901692
2019-07-03,223734.60904641537,25120.315619901692
2019-07-05,222967.8393320599,25120.315619901692
2019-07-08,222737.38518853573,25120.315619901692
2019-07-09,223184.210760637,23925.228476091106
2019-07-10,225797.28146986553,23925.228476091106
2019-07-11,226589.26341108867,23925.228476091106
2019-07-12,227283.98843626567,23925.228476091106
2019-07-15,228708.99708036968,23925.228476091106
2019-07-16,227492.5951799833,24694.58874077431
2019-07-17,226654.69970268838,24694.58874077431
2019-07-18,226875.05204338662,24694.58874077431
2019-07-19,224957.7002291166,24694.58874077431
2019-07-22,225679.5710558378,24694.58874077431
2019-07-23,226499.57507721108,23011.87519851844
2019-07-24,226544.22452560585,23011.87519851844
2019-07-25,225494.49445358437,23011.87519851844
2019-07-26,227281.11359802407,23011.87519851844
2019-07-29,226930.4771234147,23011.87519851844
2019-07-30,226160.10649307515,25849.682207186484
2019-07-31,220470.8619938686,25849.682207186484
2019-08-01,220113.63645370747,25849.682207186484
2019-08-02,218424.24610527302,25849.682207186484
2019-08-05,212294.51458366658,25849.682207186484
2019-08-06,214901.41606962588,78085.5533071747
2019-08-07,216470.88135588076,78085.5533071747
2019-08-08,222742.7000967255,78085.5533071747
2019-08-09,222368.58751737978,78085.5533071747
2019-08-12,219312.93480741885,78085.5533071747
2019-08-13,222550.5997101305,33660.18504872304
2019-08-14,217936.5109955309,33660.18504872304
2019-08-15,217373.00841679555,33660.18504872304
2019-08-16,219615.60035481435,33660.18504872304
2019-08-19,221594.69311299306,33660.18504872304
2019-08-20,220534.76550846698,22371.86727696062
2019-08-21,222709.09335308673,22371.86727696062
2019-08-22,223131.97751980426,22371.86727696062
2019-08-23,217787.36292439105,22371.86727696062
2019-08-26,221661.03947430255,22371.86727696062
2019-08-27,224827.12267121626,23947.75894364668
2019-08-28,224970.0433827336,23947.75894364668
2019-08-29,227642.62699708296,23947.75894364668
2019-08-30,227296.5428257878,23947.75894364668
2019-09-03,225531.42502412153,23947.75894364668
2019-09-04,228495.66967263515,32086.68916573817
2019-09-05,229350.95820107753,32086.68916573817
2019-09-06,230882.70234933193,32086.68916573817
2019-09-09,228847.6119715243,32086.68916573817
2019-09-10,227665.92053465455,13105.38224081605
2019-09-11,227307.773401781,13105.38224081605
2019-09-12,228172.2344098529,13105.38224081605
2019-09-13,227143.83835844605,13105.38224081605
2019-09-16,225236.06762365907,13105.38224081605
2019-09-17,226582.39003101274,20310.0494567482
2019-09-18,226751.64026752397,20310.0494567482
2019-09-19,227246.12931743547,20310.0494567482
2019-09-20,225484.1214591591,20310.0494567482
2019-09-23,225984.92708507463,20310.0494567482
2019-09-24,224968.3998916009,23467.156758055968
2019-09-25,225408.75206445245,23467.156758055968
2019-09-26,225763.84453271417,23467.156758055968
2019-09-27,224174.35167382745,23467.156758055968
2019-09-30,225868.01389001397,23467.156758055968
2019-10-01,224460.28446967906,41485.82164390391
2019-10-02,221922.47851188487,41485.82164390391
2019-10-03,225123.25137336558,41485.82164390391
2019-10-04,227716.4799919874,41485.82164390391
2019-10-07,226851.27271659678,41485.82164390391
2019-10-08,225106.0310802459,33809.246414184505
2019-10-09,227567.8563098907,33809.246414184505
2019-10-10,228087.12050628656,33809.246414184505
2019-10-11,228830.66867446894,33809.246414184505
2019-10-14,228759.4755840301,33809.246414184505
2019-10-15,229932.5625701408,20577.25913004682
2019-10-16,229380.9767299156,20577.25913004682
2019-10-17,230184.09227900312,20577.25913004682
2019-10-18,228956.68613199994,20577.25913004682
2019-10-21,229474.9829860191,20577.25913004682
2019-10-22,229460.53238593152,51870.484816656615
2019-10-23,230122.1674758058,51870.484816656615
2019-10-24,230347.61219321302,51870.484816656615
2019-10-25,230153.32263098768,51870.484816656615
2019-10-28,231623.3358527284,51870.484816656615
2019-10-29,229229.75089127204,5038.822432104557
2019-10-30,230863.8060670533,5038.822432104557
2019-10-31,230106.0651002564,5038.822432104557
2019-11-01,230626.78796631476,5038.822432104557
2019-11-04,231188.81992966315,5038.822432104557
2019-11-05,231098.6929486519,7912.706162763245
2019-11-06,231509.816422773,7912.706162763245
2019-11-07,232536.89131290972,7912.706162763245
2019-11-08,232757.25090153277,7912.706162763245
2019-11-11,231615.70191319048,7912.706162763245
2019-11-12,231699.90329475742,64.33431740146989
2019-11-13,232642.8676120792,64.33431740146989
2019-11-14,233984.25633735996,64.33431740146989
2019-11-15,236145.03202553134,64.33431740146989
2019-11-18,235695.8818485294,64.33431740146989
2019-11-19,235304.08043267496,675.2639043546515
2019-11-20,233791.8622091032,675.2639043546515
2019-11-21,233506.362186215,675.2639043546515
2019-11-22,233229.15100457438,675.2639043546515
2019-11-25,234813.08913018473,675.2639043546515
2019-11-26,235205.60827725378,5092.058216981561
2019-11-27,236196.6933640763,5092.058216981561
2019-11-29,235118.43743603674,5092.058216981561
2019-12-02,232665.31323330846,5092.058216981561
2019-12-03,231511.65094797092,4113.08792154269
2019-12-04,232988.80209772068,4113.08792154269
2019-12-05,233092.76459924656,4113.08792154269
2019-12-06,235329.2786144443,4113.08792154269
2019-12-09,233953.80979196506,4113.08792154269
2019-12-10,234298.15071640917,2855.6953559965696
2019-12-11,235245.99073563525,2855.6953559965696
2019-12-12,236271.5872169585,2855.6953559965696
2019-12-13,237540.40427933642,2855.6953559965696
2019-12-16,239235.65733872363,2855.6953559965696
2019-12-17,239097.60826311941,14015.462946041778
2019-12-18,238026.14074908133,14015.462946041778
2019-12-19,239094.0194111907,14015.462946041778
2019-12-20,240033.87452135916,14015.462946041778
2019-12-23,240165.95137225027,14015.462946041778
2019-12-24,240235.22117728472,11455.974038307664
2019-12-26,243286.5133220601,11455.974038307664
2019-12-27,243289.0109874654,11455.974038307664
2019-12-30,242677.8707668233,11455.974038307664
2019-12-31,242857.6671737507,9781.127569563698
2020-01-02,244950.7751678303,9781.127569563698
2020-01-03,243596.7244933918,9781.127569563698
2020-01-06,245037.31945646554,9781.127569563698
2020-01-07,243957.20489370797,9181.424086212843
2020-01-08,246935.48690664742,9181.424086212843
2020-01-09,250532.07089102242,9181.424086212843
2020-01-10,250338.12382376168,9181.424086212843
2020-01-13,253302.17639029,9181.424086212843
2020-01-14,251631.23424626575,2729.7967386363644
2020-01-15,252392.84393407093,2729.7967386363644
2020-01-16,255226.3552789806,2729.7967386363644
2020-01-17,257961.943177235,2729.7967386363644
2020-01-21,259319.23369694935,2729.7967386363644
2020-01-22,259892.66607333967,8.411190527163853
2020-01-23,260806.04306461164,8.411190527163853
2020-01-24,258880.52787448713,8.411190527163853
2020-01-27,255117.4219021971,8.411190527163853
2020-01-28,258405.45876201976,540.6778782306837
2020-01-29,260549.18932995189,540.6778782306837
2020-01-30,261019.8911961018,540.6778782306837
2020-01-31,255345.94843944896,540.6778782306837
2020-02-03,256539.3628605305,540.6778782306837
2020-02-04,261532.4505665234,1775.2467472484932
2020-02-05,262951.33960460935,1775.2467472484932
2020-02-06,265453.6528675488,1775.2467472484932
2020-02-07,265933.3686649731,1775.2467472484932
2020-02-10,268383.5775196484,1775.2467472484932
2020-02-11,266439.7868577562,3905.0488969407816
2020-02-12,268874.89617172105,3905.0488969407816
2020-02-13,269202.59078994615,3905.0488969407816
2020-02-14,270445.41165939195,3905.0488969407816
2020-02-18,270378.2356416307,3905.0488969407816
2020-02-19,271717.27719648264,2405.9478355207357
2020-02-20,270092.49217756174,2405.9478355207357
2020-02-21,266801.7841087141,2405.9478355207357
2020-02-24,257896.21898420237,2405.9478355207357
2020-02-25,252755.50637620268,17269.545316632368
2020-02-26,254711.67317002593,17269.545316632368
2020-02-27,243139.46276658354,17269.545316632368
2020-02-28,240293.04202073393,17269.545316632368
2020-03-02,255665.56350510893,17269.545316632368
2020-03-03,247917.88159452687,16.68826566946518
2020-03-04,259668.83641325246,16.68826566946518
2020-03-05,252775.77855192433,16.68826566946518
2020-03-06,247603.9133785845,16.68826566946518
2020-03-09,231715.26098905812,16.68826566946518
2020-03-10,242509.94740782256,360.15187988753314
2020-03-11,234333.06566534514,360.15187988753314
2020-03-12,210378.58234892364,360.15187988753314
2020-03-13,234497.42797146316,360.15187988753314
2020-03-16,205203.21992645736,360.15187988753314
2020-03-17,209498.41870620367,157989.13815810796
2020-03-18,201239.21251418706,157989.13815810796
2020-03-19,209191.89960982915,157989.13815810796
2020-03-20,209178.73161056158,157989.13815810796
2020-03-23,209988.12851455327,157989.13815810796
2020-03-24,216617.96241147481,69290.98705060445
2020-03-25,217440.45459897481,69290.98705060445
2020-03-26,220239.13853604757,69290.98705060445
2020-03-27,216550.4708114382,69290.98705060445
2020-03-30,218361.86549909078,69290.98705060445
2020-03-31,215316.26623996644,13737.10144313721
2020-04-01,205265.8261998549,13737.10144313721
2020-04-02,207339.25416454225,13737.10144313721
2020-04-03,204520.56574186235,13737.10144313721
2020-04-06,220753.55632432847,13737.10144313721
2020-04-07,222245.27370669885,12437.314092421968
2020-04-08,224982.81761052652,12437.314092421968
2020-04-09,224977.89460160775,12437.314092421968
2020-04-13,233406.52167441888,12437.314092421968
2020-04-14,247985.14931236286,15.736405716142144
2020-04-15,248460.91954933185,15.736405716142144
2020-04-16,256922.92055259724,15.736405716142144
2020-04-17,256009.33762107868,15.736405716142144
2020-04-20,254413.65006385822,15.736405716142144
2020-04-21,241613.86774244808,90.10038557553344
2020-04-22,250874.43694105648,90.10038557553344
2020-04-23,249048.80973616146,90.10038557553344
2020-04-24,252317.04226866268,90.10038557553344
2020-04-27,255428.6373919537,90.10038557553344
2020-04-28,248635.01657531701,1980.6365017696662
2020-04-29,252735.61922882043,1980.6365017696662
2020-04-30,251937.86877582513,1980.6365017696662
2020-05-01,237065.8820776745,1980.6365017696662
2020-05-04,246903.09573028528,1980.6365017696662
2020-05-05,249813.5460244044,316.6681843622986
2020-05-06,251615.14591415966,316.6681843622986
2020-05-07,252164.71643742168,316.6681843622986
2020-05-08,255306.248310171,316.6681843622986
2020-05-11,261535.3807965144,316.6681843622986
2020-05-12,254592.85531596726,62.914318843544606
2020-05-13,252322.77415971344,62.914318843544606
2020-05-14,257953.80513791626,62.914318843544606
2020-05-15,261622.34496478623,62.914318843544606
2020-05-18,264817.55020217487,62.914318843544606
2020-05-19,265369.7328355315,66342.64722800284
2020-05-20,267442.21347785025,66342.64722800284
2020-05-21,262910.2872483733,66342.64722800284
2020-05-22,263521.43409895926,66342.64722800284
2020-05-26,258660.54430556326,66342.64722800284
2020-05-27,256164.8891302046,16.309330552503525
2020-05-28,253904.9472890791,16.309330552503525
2020-05-29,260751.06221827833,16.309330552503525
2020-06-01,265697.43275508255,16.309330552503525
2020-06-02,264944.2922117976,63.91848113814331
2020-06-03,264515.77233054914,63.91848113814331
2020-06-04,262323.97371413984,63.91848113814331
2020-06-05,267120.4212477473,63.91848113814331
2020-06-08,271824.59905936994,63.91848113814331
2020-06-09,275910.0737360191,67.58862764352034
2020-06-10,285876.5311630439,67.58862764352034
2020-06-11,273402.5830820274,67.58862764352034
2020-06-12,271701.0775535774,67.58862764352034
2020-06-15,277681.0713813972,67.58862764352034
2020-06-16,280332.1350291889,6342.8775981585795
2020-06-17,282400.18661343266,6342.8775981585795
2020-06-18,283679.360859267,6342.8775981585795
2020-06-19,283556.1877139728,6342.8775981585795
2020-06-22,288803.1978133838,6342.8775981585795
2020-06-23,291698.6719306954,3420.3282655724197
2020-06-24,285376.1481222161,3420.3282655724197
2020-06-25,290140.33904399956,3420.3282655724197
2020-06-26,282322.5792831429,3420.3282655724197
2020-06-29,287113.22233524406,3420.3282655724197
2020-06-30,295687.72401357803,8137.9803164116165
2020-07-01,300160.40655637893,8137.9803164116165
2020-07-02,305539.82765794906,8137.9803164116165
2020-07-06,320863.40197302017,8137.9803164116165
2020-07-07,319965.2308060232,7078.9301277700015
2020-07-08,326048.6051804128,7078.9301277700015
2020-07-09,331594.8995720449,7078.9301277700015
2020-07-10,337148.6485916677,7078.9301277700015
2020-07-13,328500.81983915,7078.9301277700015
2020-07-14,332937.34838739,24583.29496732321
2020-07-15,332220.0227915343,24583.29496732321
2020-07-16,327789.6617266234,24583.29496732321
2020-07-17,327169.0276266631,24583.29496732321
2020-07-20,341582.485850006,24583.29496732321
2020-07-21,337189.1414085297,27219.569013205037
2020-07-22,339696.63956984563,27219.569013205037
2020-07-23,328831.3371406464,27219.569013205037
2020-07-24,326087.72032698675,27219.569013205037
2020-07-27,333660.44019087835,27219.569013205037
2020-07-28,328795.09703206434,8810.033433431508
2020-07-29,332745.7058882655,8810.033433431508
2020-07-30,334186.6725630702,8810.033433431508
2020-07-31,341928.66663503065,8810.033433431508
2020-08-03,352146.97325276746,8810.033433431508
2020-08-04,356164.73965768964,9142.431395818327
2020-08-05,357057.452758123,9142.431395818327
2020-08-06,363357.3857949272,9142.431395818327
2020-08-07,357414.7358162895,9142.431395818327
2020-08-10,356110.3253739372,9142.431395818327
2020-08-11,347570.43955704995,9161.062275860982
2020-08-12,358161.5517568333,9161.062275860982
2020-08-13,359057.5945787174,9161.062275860982
2020-08-14,359863.2418851597,9161.062275860982
2020-08-17,367167.8767213566,9161.062275860982
2020-08-18,369981.72948211036,8919.129720147444
2020-08-19,368062.6850714048,8919.129720147444
2020-08-20,371632.48688262305,8919.129720147444
2020-08-21,379566.28935759864,8919.129720147444
2020-08-24,381190.9995397886,8919.129720147444
2020-08-25,382360.89456794824,8904.658796769036
2020-08-26,389989.82147739496,8904.658796769036
2020-08-27,387997.95982597437,8904.658796769036
2020-08-28,393314.8504166421,8904.658796769036
2020-08-31,395888.0116705712,8904.658796769036
2020-09-01,404015.2796551717,511.43131132249255
2020-09-02,410022.815352155,511.43131132249255
2020-09-03,383996.9638831151,511.43131132249255
2020-09-04,378476.0410134328,511.43131132249255
2020-09-08,360352.5469128621,511.43131132249255
2020-09-09,375598.21623800474,40.03737066467329
2020-09-10,365087.15580557066,40.03737066467329
2020-09-11,361449.34244726377,40.03737066467329
2020-09-14,369471.9491405316,40.03737066467329
2020-09-15,372708.16693859885,211.60189419574453
2020-09-16,366675.89838009665,211.60189419574453
2020-09-17,363177.1252973635,211.60189419574453
2020-09-18,356765.46760159323,211.60189419574453
2020-09-21,361351.55924206565,211.60189419574453
2020-09-22,367866.90080615197,760.2042243114556
2020-09-23,358149.1174876324,760.2042243114556
2020-09-24,361704.84492083703,760.2042243114556
2020-09-25,368166.6107279888,760.2042243114556
2020-09-28,375193.0023419491,760.2042243114556
2020-09-29,375263.6283972619,6367.361150061859
2020-09-30,379596.05845001916,6367.361150061859
2020-10-01,383054.2184784768,6367.361150061859
2020-10-02,372590.4939959405,6367.361150061859
2020-10-05,381977.49108246545,6367.361150061859
2020-10-06,379118.18121473154,13132.736108225174
2020-10-07,385201.1700987037,13132.736108225174
2020-10-08,386521.4681963142,13132.736108225174
2020-10-09,391363.2185968574,13132.736108225174
2020-10-12,401655.89328424295,13132.736108225174
2020-10-13,403161.7355858305,21630.626464507874
2020-10-14,399476.69799580367,21630.626464507874
2020-10-15,397474.598180435,21630.626464507874
2020-10-16,396484.74286618026,21630.626464507874
2020-10-19,389926.1505333403,21630.626464507874
2020-10-20,392203.4868459602,11530.970140447207
2020-10-21,389918.5930127998,11530.970140447207
2020-10-22,386979.6556053062,11530.970140447207
2020-10-23,389016.4521732231,11530.970140447207
2020-10-26,381893.6971120735,11530.970140447207
2020-10-27,385932.2593232595,15100.497966905743
2020-10-28,371701.8361970388,15100.497966905743
2020-10-29,377082.183126589,15100.497966905743
2020-10-30,367113.2045403921,15100.497966905743
2020-11-02,368696.62620176905,15100.497966905743
2020-11-03,375413.0411714723,31867.03418866897
2020-11-04,389437.36033384106,31867.03418866897
2020-11-05,398048.799157541,31867.03418866897
2020-11-06,400379.0098718812,31867.03418866897
2020-11-09,388685.8627390077,31867.03418866897
2020-11-10,374987.39354586275,69.5891139474843
2020-11-11,387514.2077338663,69.5891139474843
2020-11-12,387501.6024701563,69.5891139474843
2020-11-13,387982.11618017824,69.5891139474843
2020-11-16,393203.10444330843,69.5891139474843
2020-11-17,392040.32672406634,1228.380579962337
2020-11-18,389519.0699262758,1228.380579962337
2020-11-19,392921.7904691835,1228.380579962337
2020-11-20,389015.8409071108,1228.380579962337
2020-11-23,389724.8371000429,1228.380579962337
2020-11-24,392318.2683595403,14590.885503171288
2020-11-25,396674.75397813163,14590.885503171288
2020-11-27,399261.50295960746,14590.885503171288
2020-11-30,399886.6357263311,14590.885503171288
2020-12-01,406460.6841508408,13089.004169609121
2020-12-02,406340.30412116245,13089.004169609121
2020-12-03,401566.20798316196,13089.004169609121
2020-12-04,406519.43396010593,13089.004169609121
2020-12-07,408161.6124860306,13089.004169609121
2020-12-08,410476.642946435,87.54202480417916
2020-12-09,397787.3942167292,87.54202480417916
2020-12-10,400603.4599477778,87.54202480417916
2020-12-11,398413.36052150826,87.54202480417916
2020-12-14,407267.508924676,87.54202480417916
2020-12-15,409013.9276530623,121.16060994853706
2020-12-16,407400.6988017439,121.16060994853706
2020-12-17,412774.9015776991,121.16060994853706
2020-12-18,418270.53457807295,121.16060994853706
2020-12-21,409026.4317252516,121.16060994853706
2020-12-22,408084.6629438308,36.87796305685288
2020-12-23,404723.6164350417,36.87796305685288
2020-12-24,409035.2114591506,36.87796305685288
2020-12-28,411211.74165629415,36.87796305685288
2020-12-29,411084.9982348232,71.53358180804935
2020-12-30,415476.0074244289,71.53358180804935
2020-12-31,418791.18229015154,71.53358180804935
2021-01-04,416672.387551382,71.53358180804935
2021-01-05,418423.7617577202,2.763979781346279
2021-01-06,412596.72940718004,2.763979781346279
2021-01-07,429137.6141518242,2.763979781346279
2021-01-08,438092.7522457726,2.763979781346279
2021-01-11,429340.1929825432,2.763979781346279
2021-01-12,432453.9060878998,41.90672876892495
2021-01-13,431808.27685358585,41.90672876892495
2021-01-14,427971.6344967133,41.90672876892495
2021-01-15,422378.61097528995,41.90672876892495
2021-01-19,427867.10120203556,41.90672876892495
2021-01-20,431154.2731990355,8718.33467669662
2021-01-21,436122.2791957396,8718.33467669662
2021-01-22,437796.78287310776,8718.33467669662
2021-01-25,445881.27649493393,8718.33467669662
2021-01-26,448239.37604920124,78.22919098589045
2021-01-27,439159.1016885445,78.22919098589045
2021-01-28,437178.874855201,78.22919098589045
2021-01-29,426317.4772836373,78.22919098589045
2021-02-01,442273.44104401325,78.22919098589045
2021-02-02,447461.90952532686,166.28508608737866
2021-02-03,443682.57201426424,166.28508608737866
2021-02-04,447912.24205058016,166.28508608737866
2021-02-05,446673.71318476595,166.28508608737866
2021-02-08,453162.1729511539,166.28508608737866
2021-02-09,451922.19160510774,39.25623370878748
2021-02-10,452586.91418697115,39.25623370878748
2021-02-11,456957.60039474245,39.25623370878748
2021-02-12,457754.9564633536,39.25623370878748
2021-02-16,458391.1133332419,39.25623370878748
2021-02-17,454328.09532320185,717.4451605050144
2021-02-18,454101.8666282861,717.4451605050144
2021-02-19,451295.16540205164,717.4451605050144
2021-02-22,438869.8080745904,717.4451605050144
2021-02-23,436874.3019243149,8.088205900550065
2021-02-24,439912.8563104538,8.088205900550065
2021-02-25,420644.24375781097,8.088205900550065
2021-02-26,428166.91343554534,8.088205900550065
2021-03-01,440249.30558642425,8.088205900550065
2021-03-02,434783.68037518323,101.70382031265763
2021-03-03,424396.9694872743,101.70382031265763
2021-03-04,418553.2522517091,101.70382031265763
2021-03-05,428265.9328013307,101.70382031265763
2021-03-08,417858.0028048402,101.70382031265763
2021-03-09,427661.88439588743,1289.7246897716923
2021-03-10,426912.3726008435,1289.7246897716923
2021-03-11,437088.8162234326,1289.7246897716923
2021-03-12,432502.63507108885,1289.7246897716923
2021-03-15,436870.292919447,1289.7246897716923
2021-03-16,441827.2423537454,10799.252226181909
2021-03-17,441774.7568572244,10799.252226181909
2021-03-18,430613.59229118435,10799.252226181909
2021-03-19,433596.9039099893,10799.252226181909
2021-03-22,438968.9940283975,10799.252226181909
2021-03-23,437371.8170852951,4452.182579069512
2021-03-24,432195.4454536728,4452.182579069512
2021-03-25,432550.38813784637,4452.182579069512
2021-03-26,442837.77460864105,4452.182579069512
2021-03-29,443365.78757098236,4452.182579069512
2021-03-30,437754.96550648496,64.14099781798723
2021-03-31,439832.74089710996,64.14099781798723
2021-04-01,448341.95045368955,64.14099781798723
2021-04-05,460655.34348576353,64.14099781798723
2021-04-06,458194.4453393317,11.056675086108498
2021-04-07,462575.95167935855,11.056675086108498
2021-04-08,465272.6726304389,11.056675086108498
2021-04-09,468141.07417691714,11.056675086108498
2021-04-12,464662.165168891,11.056675086108498
2021-04-13,466883.54756233416,86.23197242936294
2021-04-14,462190.4321067067,86.23197242936294
2021-04-15,468884.6819846364,86.23197242936294
2021-04-16,471864.0958029958,86.23197242936294
2021-04-19,470697.4673011037,86.23197242936294
2021-04-20,466543.94162123493,259.7126173287097
2021-04-21,467948.0997633248,259.7126173287097
2021-04-22,462719.5090498238,259.7126173287097
2021-04-23,470454.5907911568,259.7126173287097
2021-04-26,471300.92862074665,259.7126173287097
2021-04-27,469729.83462232375,368.16335767530745
2021-04-28,473271.50847333693,368.16335767530745
2021-04-29,477271.1436890962,368.16335767530745
2021-04-30,474283.1385316255,368.16335767530745
2021-05-03,472762.75886243605,368.16335767530745
2021-05-04,465018.4179582487,76.86720751627035
2021-05-05,463076.23022936686,76.86720751627035
2021-05-06,469752.90433215006,76.86720751627035
2021-05-07,472075.68935107096,76.86720751627035
2021-05-10,461919.7257127653,76.86720751627035
2021-05-11,456918.26337622723,97.52193640786936
2021-05-12,444904.71800421795,97.52193640786936
2021-05-13,451570.61683844647,97.52193640786936
2021-05-14,459826.8909397038,97.52193640786936
2021-05-17,459555.77044104657,97.52193640786936
2021-05-18,456552.5817701313,339.6041318867028
2021-05-19,455947.6695539448,339.6041318867028
2021-05-20,462341.532819936,339.6041318867028
2021-05-21,459531.29472942086,339.6041318867028
2021-05-24,469185.73923320504,339.6041318867028
2021-05-25,470450.9804712727,245.8233133747708
2021-05-26,472228.7115656331,245.8233133747708
2021-05-27,468902.0240351155,245.8233133747708
2021-05-28,467587.9563471272,245.8233133747708
2021-06-01,468469.0140940144,245.8233133747708
2021-06-02,468430.81200133514,93.55972777556963
2021-06-03,467181.03732787323,93.55972777556963
2021-06-04,474047.94507323456,93.55972777556963
2021-06-07,474370.0890933151,93.55972777556963
2021-06-08,474530.46413810377,249.94622428538878
2021-06-09,475520.77217490796,249.94622428538878
2021-06-10,479013.5684548152,249.94622428538878
2021-06-11,479058.27761466627,249.94622428538878
2021-06-14,483515.81695945386,249.94622428538878
2021-06-15,481774.8106145194,188.90839283972775
2021-06-16,479336.9035329154,188.90839283972775
2021-06-17,483897.2928838065,188.90839283972775
2021-06-18,478185.34709828405,188.90839283972775
2021-06-21,483707.9327229789,188.90839283972775
2021-06-22,487917.00029510877,1156.454030460314
2021-06-23,486916.0387548866,1156.454030460314
2021-06-24,488265.69700378797,1156.454030460314
2021-06-25,487904.029828495,1156.454030460314
2021-06-28,490369.10884613416,1156.454030460314
2021-06-29,490648.3505032559,77.61877565582108
2021-06-30,490072.97069673735,77.61877565582108
2021-07-01,491273.6542370816,77.61877565582108
2021-07-02,499086.8428738614,77.61877565582108
2021-07-06,502222.8724225064,77.61877565582108
2021-07-07,505981.4881240412,1810.8444930597507
2021-07-08,503653.89905086,1810.8444930597507
2021-07-09,506615.05082240544,1810.8444930597507
2021-07-12,507503.2927810236,1810.8444930597507
2021-07-13,510544.0440794713,5816.432827640265
2021-07-14,516049.5851561315,5816.432827640265
2021-07-15,514462.5062987096,5816.432827640265
2021-07-16,513705.4232908971,5816.432827640265
2021-07-19,507321.9105955846,5816.432827640265
2021-07-20,512086.9482493696,593.4354472455898
2021-07-21,514795.09651902295,593.4354472455898
2021-07-22,518282.9617839155,593.4354472455898
2021-07-23,530397.230048686,593.4354472455898
2021-07-26,532817.9358134565,593.4354472455898
2021-07-27,528282.2859521275,237.29635862172063
2021-07-28,530077.9339013463,237.29635862172063
2021-07-29,531130.4510827428,237.29635862172063
2021-07-30,529594.5380578404,237.29635862172063
2021-08-02,529826.5823998814,237.29635862172063
2021-08-03,533203.2041811657,762.4172243786115
2021-08-04,530869.7454561901,762.4172243786115
2021-08-05,535787.7262148571,762.4172243786115
2021-08-06,534581.6047854137,762.4172243786115
2021-08-09,536375.8534121227,762.4172243786115
2021-08-10,536363.2256636719,9878.554109106404
2021-08-11,536259.7733016113,9878.554109106404
2021-08-12,538924.9085402588,9878.554109106404
2021-08-13,541686.3526320556,9878.554109106404
2021-08-16,545177.4664931396,9878.554109106404
2021-08-17,541751.0784447684,4585.841742803121
2021-08-18,536701.4465401664,4585.841742803121
2021-08-19,544516.1512215629,4585.841742803121
2021-08-20,552659.8429863944,4585.841742803121
2021-08-23,557155.8314202323,4585.841742803121
2021-08-24,559226.5084767701,15721.46076253679
2021-08-25,560194.21450094,15721.46076253679
2021-08-26,557204.8055501344,15721.46076253679
2021-08-27,561983.4232564332,15721.46076253679
2021-08-30,566025.4270787599,15721.46076253679
2021-08-31,565381.8703258806,18290.09566767741
2021-09-01,566442.332228499,18290.09566767741
2021-09-02,564764.1269329363,18290.09566767741
2021-09-03,565877.6550586992,18290.09566767741
2021-09-07,565292.074251967,18290.09566767741
2021-09-08,565275.6096464271,14179.33076916883
2021-09-09,564132.6640516395,14179.33076916883
2021-09-10,557296.0536848182,14179.33076916883
2021-09-13,559481.7009092445,14179.33076916883
2021-09-14,559891.7547290458,5465.5073726309565
2021-09-15,564994.7130725516,5465.5073726309565
2021-09-16,563881.8270747794,5465.5073726309565
2021-09-17,555272.3870608939,5465.5073726309565
2021-09-20,545854.009161724,5465.5073726309565
2021-09-21,546049.968139886,38.56951928051876
2021-09-22,550068.4737398616,38.56951928051876
2021-09-23,554108.9561464778,38.56951928051876
2021-09-24,559202.1824648372,38.56951928051876
2021-09-27,552897.3023073665,38.56951928051876
2021-09-28,536677.1587530468,5274.854523310459
2021-09-29,533534.5910688732,5274.854523310459
2021-09-30,528349.34432281,5274.854523310459
2021-10-01,538011.4805799816,5274.854523310459
2021-10-04,527891.3473821972,5274.854523310459
2021-10-05,536668.3549777049,33.31502256573049
2021-10-06,539481.7065707225,33.31502256573049
2021-10-07,546383.271256544,33.31502256573049
2021-10-08,547637.4978114147,33.31502256573049
2021-10-11,545129.2868281383,33.31502256573049
2021-10-12,537827.4118572373,116.27326165623592
2021-10-13,541616.1608501573,116.27326165623592
2021-10-14,554478.9065738816,116.27326165623592
2021-10-15,555624.1366306443,116.27326165623592
2021-10-18,558943.5162769456,116.27326165623592
2021-10-19,562883.4098258554,169.92008739100766
2021-10-20,560754.5796332895,169.92008739100766
2021-10-21,562100.8923698007,169.92008739100766
2021-10-22,553006.7784705698,169.92008739100766
2021-10-25,554064.0802360117,169.92008739100766
2021-10-26,561008.5881341062,92.22418528427443
2021-10-27,574921.7615540586,92.22418528427443
2021-10-28,576261.3261826597,92.22418528427443
2021-10-29,582050.170295056,92.22418528427443
2021-11-01,573275.073104199,92.22418528427443
2021-11-02,583166.9657794795,297.7307979426114
2021-11-03,586862.8557254634,297.7307979426114
2021-11-04,590416.3352863154,297.7307979426114
2021-11-05,593104.5461437068,297.7307979426114
2021-11-08,588855.6247913203,297.7307979426114
2021-11-09,589993.0593184815,1372.4953231201507
2021-11-10,585721.2435454712,1372.4953231201507
2021-11-11,584320.6329116211,1372.4953231201507
2021-11-12,589567.5248946534,1372.4953231201507
2021-11-15,591661.6472625122,1372.4953231201507
2021-11-16,594599.1133824083,494.2306004258852
2021-11-17,594289.905031273,494.2306004258852
2021-11-18,591612.4380779954,494.2306004258852
2021-11-19,590386.7081356737,494.2306004258852
2021-11-22,587526.9980908128,494.2306004258852
2021-11-23,589401.5450643856,562.4036650020862
2021-11-24,590291.4895757992,562.4036650020862
2021-11-26,579239.8728803952,562.4036650020862
2021-11-29,592039.7238287289,562.4036650020862
2021-11-30,578322.376054358,24.276792120409766
2021-12-01,575481.9357047791,24.276792120409766
2021-12-02,576085.2794204468,24.276792120409766
2021-12-03,577297.4450278992,24.276792120409766
2021-12-06,582977.2287612671,24.276792120409766
2021-12-07,596550.1026116224,9.930347523308228
2021-12-08,595459.7527733656,9.930347523308228
2021-12-09,591702.0992623182,9.930347523308228
2021-12-10,618975.3871575209,9.930347523308228
2021-12-13,613593.7858467909,9.930347523308228
2021-12-14,605360.5935229459,73.60280028963825
2021-12-15,617578.4677294889,73.60280028963825
2021-12-16,607392.8729113736,73.60280028963825
2021-12-17,599496.7181719937,73.60280028963825
2021-12-20,598405.5636309781,73.60280028963825
2021-12-21,603588.857090566,41.72531566364705
2021-12-22,612472.236713979,41.72531566364705
2021-12-23,613649.9001356099,41.72531566364705
2021-12-27,621879.864323232,41.72531566364705
2021-12-28,619851.520610141,193.51563577577326
2021-12-29,621198.5872147552,193.51563577577326
2021-12-30,618436.7521775238,193.51563577577326
2021-12-31,616558.2067063324,193.51563577577326
2022-01-03,615759.6488755218,193.51563577577326
2022-01-04,612167.3730727698,29.292903092095457
2022-01-05,593170.249293473,29.292903092095457
2022-01-06,592141.9040481116,29.292903092095457
2022-01-07,588706.9583694007,29.292903092095457
2022-01-10,588601.0355636146,29.292903092095457
2022-01-11,591068.8280475648,42500.74925880754
2022-01-12,592578.1988666566,42500.74925880754
2022-01-13,583591.6717441591,42500.74925880754
2022-01-14,584479.0196979555,42500.74925880754
2022-01-18,573213.0708988222,42500.74925880754
2022-01-19,570999.5432679899,77600.2429178007
2022-01-20,564516.5729310758,77600.2429178007
2022-01-21,559298.1797006376,77600.2429178007
2022-01-24,560711.7914331205,77600.2429178007
2022-01-25,553362.4725467948,127970.49100611487
2022-01-26,553535.4009945182,127970.49100611487
2022-01-27,550611.2313930778,127970.49100611487
2022-01-28,561855.5795261649,127970.49100611487
2022-01-31,568600.0514919547,127970.49100611487
2022-02-01,568348.0128354636,119231.0374745933
2022-02-02,576286.0206365195,119231.0374745933
2022-02-03,571811.4150685874,119231.0374745933
2022-02-04,569597.1477002708,119231.0374745933
2022-02-07,567768.1601323691,119231.0374745933
2022-02-08,571963.7555913732,143765.6592931554
2022-02-09,575804.548285465,143765.6592931554
2022-02-10,566022.2819280431,143765.6592931554
2022-02-11,560303.5652227208,143765.6592931554
2022-02-14,558557.0585241124,143765.6592931554
2022-02-15,564384.166495687,252284.1339792075
2022-02-16,563946.9351419272,252284.1339792075
2022-02-17,560109.1124795737,252284.1339792075
2022-02-18,560006.2115396323,252284.1339792075
2022-02-22,558376.5761178794,252284.1339792075
2022-02-23,549518.4326066531,170135.34525771503
2022-02-24,550317.4119996584,170135.34525771503
2022-02-25,558551.9775895632,170135.34525771503
2022-02-28,554254.1586465396,170135.34525771503
2022-03-01,547884.4556577471,141086.579639223
2022-03-02,556572.8948209551,141086.579639223
2022-03-03,555413.301173952,141086.579639223
2022-03-04,558170.6857145098,141086.579639223
2022-03-07,548753.644519594,141086.579639223
2022-03-08,548816.7238529501,279156.3826587974
2022-03-09,554812.0952709494,279156.3826587974
2022-03-10,553981.9206455527,279156.3826587974
2022-03-11,550314.127219039,279156.3826587974
2022-03-14,547604.5692241965,279156.3826587974
2022-03-15,550810.7671957365,550810.7671957365
2022-03-16,550810.7671957365,550810.7671957365
2022-03-17,550810.7671957365,550810.7671957365
2022-03-18,550810.7671957365,550810.7671957365
2022-03-21,550810.7671957365,550810.7671957365
2022-03-22,551403.7234943386,413133.2510822292
2022-03-23,550069.0018146511,413133.2510822292
2022-03-24,551079.9295490261,413133.2510822292
2022-03-25,550486.7569416042,413133.2510822292
2022-03-28,552834.8184650417,413133.2510822292
2022-03-29,554007.0075053885,414751.9873027517
2022-03-30,555592.5989970877,414751.9873027517
2022-03-31,555441.1346416189,414751.9873027517
2022-04-01,555372.7435283377,414751.9873027517
2022-04-04,555265.2157573416,414751.9873027517
2022-04-05,555305.3627596532,415839.5375643407
2022-04-06,557600.9697542822,415839.5375643407
2022-04-07,563239.5451937353,415839.5375643407
2022-04-08,561297.8316317236,415839.5375643407
2022-04-11,557571.9429598486,415839.5375643407
2022-04-12,556788.5718989492,418069.248778832
2022-04-13,559110.2912593008,418069.248778832
2022-04-14,558943.2438960195,418069.248778832
2022-04-18,556969.8973384023,418069.248778832
2022-04-19,559876.2365107656,418069.248778832
2022-04-20,562078.5991206289,418069.248778832
2022-04-21,559265.358520043,418069.248778832
2022-04-22,554483.5971064687,418069.248778832
2022-04-25,553650.8574214102,418069.248778832
2022-04-26,541540.570809166,124108.02569655614
2022-04-27,542852.7958534164,124108.02569655614
2022-04-28,551774.5327842636,124108.02569655614
2022-04-29,534701.543892662,124108.02569655614
2022-05-02,534167.8939521713,124108.02569655614
2022-05-03,535042.0067312738,401791.25157380314
2022-05-04,539167.6138784906,401791.25157380314
2022-05-05,532326.9131948969,401791.25157380314
2022-05-06,528804.3896963617,401791.25157380314
2022-05-09,527661.3345816156,401791.25157380314
2022-05-10,529125.0280872654,397901.87684214825
2022-05-11,528489.9487415623,397901.87684214825
2022-05-12,528290.9969593358,397901.87684214825
2022-05-13,530831.4362903904,397901.87684214825
2022-05-16,532170.5092884373,397901.87684214825
2022-05-17,534212.7143840202,265947.74371141277
2022-05-18,517613.2098826774,265947.74371141277
2022-05-19,510312.80497545085,265947.74371141277
2022-05-20,510405.1357859977,265947.74371141277
2022-05-23,509219.9328288444,265947.74371141277
2022-05-24,509564.9797536536,509564.9797536536
2022-05-25,509564.9797536536,509564.9797536536
2022-05-26,509564.9797536536,509564.9797536536
2022-05-27,509564.9797536536,509564.9797536536
2022-05-31,509564.9797536536,509564.9797536536
2022-06-01,505217.5269692994,254779.12234436045
2022-06-02,506915.83661209117,254779.12234436045
2022-06-03,502611.3072618104,254779.12234436045
2022-06-06,502684.5595086671,254779.12234436045
2022-06-07,504519.6349788777,251198.8013912312
2022-06-08,499816.5636516682,251198.8013912312
2022-06-09,493841.29460107005,251198.8013912312
2022-06-10,488848.04291497386,251198.8013912312
2022-06-13,477302.16149102367,251198.8013912312
2022-06-14,475089.24230801006,358453.7490829124
2022-06-15,476336.87513576885,358453.7490829124
2022-06-16,475769.0718063011,358453.7490829124
2022-06-17,475791.5111983909,358453.7490829124
2022-06-21,478518.3702987327,358453.7490829124
2022-06-22,478218.1896600069,478218.1896600069
2022-06-23,478218.1896600069,478218.1896600069
2022-06-24,478218.1896600069,478218.1896600069
2022-06-27,478218.1896600069,478218.1896600069
2022-06-28,475957.0694298055,358692.5501426961
2022-06-29,477901.7979454305,358692.5501426961
2022-06-30,477851.74386828206,358692.5501426961
2022-07-01,479803.6642784383,358692.5501426961
2022-07-05,479531.95651476644,358692.5501426961
2022-07-06,480733.03628968116,360166.49026917334
2022-07-07,480492.92020081397,360166.49026917334
2022-07-08,481566.51187561866,360166.49026917334
2022-07-11,480570.5989727866,360166.49026917334
2022-07-12,482341.27269684337,482341.27269684337
2022-07-13,482341.27269684337,482341.27269684337
2022-07-14,482341.27269684337,482341.27269684337
2022-07-15,482341.27269684337,482341.27269684337
2022-07-18,482341.27269684337,482341.27269684337
2022-07-19,482341.27269684337,482341.27269684337
2022-07-20,482341.27269684337,482341.27269684337
2022-07-21,482341.27269684337,482341.27269684337
2022-07-22,482341.27269684337,482341.27269684337
2022-07-25,482341.27269684337,482341.27269684337
2022-07-26,482341.27269684337,482341.27269684337
2022-07-27,482341.27269684337,482341.27269684337
2022-07-28,482341.27269684337,482341.27269684337
2022-07-29,482341.27269684337,482341.27269684337
2022-08-01,482341.27269684337,482341.27269684337
2022-08-02,482414.8894574838,99055.70056893394
2022-08-03,488593.846763392,99055.70056893394
2022-08-04,487310.8710096078,99055.70056893394
2022-08-05,481552.8318250375,99055.70056893394
2022-08-08,481444.1938092904,99055.70056893394
2022-08-09,479585.668492294,112308.63072679106
2022-08-10,485722.61775682034,112308.63072679106
2022-08-11,481775.99426744046,112308.63072679106
2022-08-12,488696.3657426602,112308.63072679106
2022-08-15,493967.7231492764,112308.63072679106
2022-08-16,495487.2394571495,101797.78198339464
2022-08-17,496260.4655008507,101797.78198339464
2022-08-18,496605.1891031456,101797.78198339464
2022-08-19,492438.43727209093,101797.78198339464
2022-08-22,485556.4148264122,101797.78198339464
2022-08-23,485564.77313454624,135925.9338095951
2022-08-24,486633.82614357944,135925.9338095951
2022-08-25,489050.44543679233,135925.9338095951
2022-08-26,478337.236910181,135925.9338095951
2022-08-29,476299.8779319095,135925.9338095951
2022-08-30,471687.28315352555,136309.00451277845
2022-08-31,469787.2116355812,136309.00451277845
2022-09-01,473025.45365523454,136309.00451277845
2022-09-02,467420.1027183449,136309.00451277845
2022-09-06,466798.30047225114,136309.00451277845
2022-09-07,473959.52438782086,149802.7956280552
2022-09-08,474244.848087772,149802.7956280552
2022-09-09,478920.57825134625,149802.7956280552
2022-09-12,482174.3789868199,149802.7956280552
2022-09-13,465564.0078442997,120730.848969788
2022-09-14,468391.53041204874,120730.848969788
2022-09-15,464451.064683289,120730.848969788
2022-09-16,464592.45662054484,120730.848969788
2022-09-19,468915.91739019816,120730.848969788
2022-09-20,468209.577708694,87932.00114009045
2022-09-21,463103.308970901,87932.00114009045
2022-09-22,458516.84740779066,87932.00114009045
2022-09-23,449823.57316157484,87932.00114009045
2022-09-26,452261.8067431178,87932.00114009045
2022-09-27,454065.15543582395,208298.33700015498
2022-09-28,456392.08526065305,208298.33700015498
2022-09-29,447005.1545202966,208298.33700015498
2022-09-30,442288.0349676843,208298.33700015498
2022-10-03,439333.969812655,208298.33700015498
2022-10-04,444226.06705987017,222199.41697442095
2022-10-05,440641.14408623736,222199.41697442095
2022-10-06,438714.4709294991,222199.41697442095
2022-10-07,427972.5687078194,222199.41697442095
2022-10-10,428176.4224981026,222199.41697442095
2022-10-11,426863.582696639,426863.582696639
2022-10-12,426863.582696639,426863.582696639
2022-10-13,426863.582696639,426863.582696639
2022-10-14,426863.582696639,426863.582696639
2022-10-17,426863.582696639,426863.582696639
2022-10-18,426995.76131270744,320257.4747831664
2022-10-19,425959.2415373168,320257.4747831664
2022-10-20,424800.7719938598,320257.4747831664
2022-10-21,425776.3168852172,320257.4747831664
2022-10-24,428593.2393705688,320257.4747831664
2022-10-25,428950.8024357867,321501.0957097125
2022-10-26,429433.00015917537,321501.0957097125
2022-10-27,429318.4809636187,321501.0957097125
2022-10-28,431337.62799731013,321501.0957097125
2022-10-31,430945.8495854449,321501.0957097125
2022-11-01,430451.7492065283,322764.4216613623
2022-11-02,428950.45632933103,322764.4216613623
2022-11-03,428676.4013061377,322764.4216613623
2022-11-04,429272.1522827002,322764.4216613623
2022-11-07,430124.07992552244,322764.4216613623
2022-11-08,430421.96582029783,322764.4216613623
2022-11-09,429135.15078733885,322764.4216613623
2022-11-10,431011.7330627295,322764.4216613623
2022-11-11,428837.2544860693,322764.4216613623
2022-11-14,428050.87734983885,322764.4216613623
2022-11-15,428817.295651419,428817.295651419
2022-11-16,428817.295651419,428817.295651419
2022-11-17,428817.295651419,428817.295651419
2022-11-18,428817.295651419,428817.295651419
2022-11-21,428817.295651419,428817.295651419
2022-11-22,428244.04841495695,321678.2586200351
2022-11-23,428382.40107608977,321678.2586200351
2022-11-25,427823.17957950773,321678.2586200351
2022-11-28,427696.3277728671,321678.2586200351
2022-11-29,426691.72631774493,251798.2292016561
2022-11-30,431115.73506103107,251798.2292016561
2022-12-01,429901.9873651082,251798.2292016561
2022-12-02,428516.80038390704,251798.2292016561
2022-12-05,425937.9480737264,251798.2292016561
2022-12-06,424814.0453258237,278527.20096547215
2022-12-07,424566.1879039487,278527.20096547215
2022-12-08,426470.94650990574,278527.20096547215
2022-12-09,427133.15757710545,278527.20096547215
2022-12-12,428561.8346477231,278527.20096547215
2022-12-13,429986.22183906054,323480.0528327129
2022-12-14,429690.82018195605,323480.0528327129
2022-12-15,427889.3396674297,323480.0528327129
2022-12-16,427941.4776526592,323480.0528327129
2022-12-19,428520.72714911913,323480.0528327129
2022-12-20,428450.12469657144,321720.9015215226
2022-12-21,429198.04736502847,321720.9015215226
2022-12-22,428367.68329032144,321720.9015215226
2022-12-23,429056.7090166398,321720.9015215226
2022-12-27,429533.7527788468,321720.9015215226
2022-12-28,428765.6236481335,322528.92084356805
2022-12-29,428900.0625061657,322528.92084356805
2022-12-30,428128.4774231579,322528.92084356805
2023-01-03,427397.8460144665,322528.92084356805
2023-01-04,427134.80718594964,320635.36034757074
2023-01-05,426022.05868131097,320635.36034757074
2023-01-06,428402.3124197143,320635.36034757074
2023-01-09,427349.03487760003,320635.36034757074
2023-01-10,426482.4262081718,316783.3281780815
2023-01-11,426621.61170927045,316783.3281780815
2023-01-12,425290.3204685783,316783.3281780815
2023-01-13,424949.8481022453,316783.3281780815
2023-01-17,425440.7304836845,316783.3281780815
2023-01-18,421499.2711485594,235924.97147357158
2023-01-19,418720.4325789183,235924.97147357158
2023-01-20,419946.55805957015,235924.97147357158
2023-01-23,421028.6505087584,235924.97147357158
2023-01-24,422053.1347821648,210827.48024114923
2023-01-25,421909.2379010613,210827.48024114923
2023-01-26,425835.65940985037,210827.48024114923
2023-01-27,425519.0550397332,210827.48024114923
2023-01-30,423782.5056622918,210827.48024114923
2023-01-31,427360.1773292331,111191.70876233856
2023-02-01,435506.82789914886,111191.70876233856
2023-02-02,439419.14881437103,111191.70876233856
2023-02-03,435159.2663566379,111191.70876233856
2023-02-06,435005.21438520233,111191.70876233856
2023-02-07,439565.64520120114,103042.0872406909
2023-02-08,435779.5160450885,103042.0872406909
2023-02-09,433903.24214028806,103042.0872406909
2023-02-10,427223.63876199216,103042.0872406909
2023-02-13,433493.5132546374,103042.0872406909
2023-02-14,435024.82354345545,193127.33601942286
2023-02-15,436220.20559110865,193127.33601942286
2023-02-16,430893.68014135584,193127.33601942286
2023-02-17,428516.96934118494,193127.33601942286
2023-02-21,422044.5495242141,193127.33601942286
2023-02-22,420343.65750397166,187303.59823883494
2023-02-23,420759.1760052534,187303.59823883494
2023-02-24,417246.10502899607,187303.59823883494
2023-02-27,420637.1520222517,187303.59823883494
2023-02-28,421467.7398802569,170999.92158191703
2023-03-01,417955.0070311358,170999.92158191703
2023-03-02,421445.9898268511,170999.92158191703
2023-03-03,430569.87314289116,170999.92158191703
2023-03-06,428703.28189533256,170999.92158191703
2023-03-07,425786.2895590924,209837.07172461972
2023-03-08,429825.58731147274,209837.07172461972
2023-03-09,425203.33406516537,209837.07172461972
2023-03-10,421999.58899756894,209837.07172461972
2023-03-13,422571.9560553692,209837.07172461972
2023-03-14,432308.20195340784,157902.87440061246
2023-03-15,432870.8098177877,157902.87440061246
2023-03-16,441821.5661425558,157902.87440061246
2023-03-17,438898.8795886007,157902.87440061246
2023-03-20,442733.36616468104,157902.87440061246
2023-03-21,445404.93504412856,126743.85941012588
2023-03-22,443238.7918041536,126743.85941012588
2023-03-23,449797.1103008577,126743.85941012588
2023-03-24,449592.36838610854,126743.85941012588
2023-03-27,445648.7002399751,126743.85941012588
2023-03-28,443569.15799899545,121115.21127124278
2023-03-29,448786.76351161447,121115.21127124278
2023-03-30,453685.91879268136,121115.21127124278
2023-03-31,459131.5627574488,121115.21127124278
2023-04-03,460845.67653460946,121115.21127124278
2023-04-04,459088.00305931765,168688.77157776552
2023-04-05,457997.5132102271,168688.77157776552
2023-04-06,457949.72257034975,168688.77157776552
2023-04-10,458274.27810089785,168688.77157776552
2023-04-11,455957.4390775761,125165.08691998333
2023-04-12,452885.83046551555,125165.08691998333
2023-04-13,457670.47821637004,125165.08691998333
2023-04-14,456040.7832052311,125165.08691998333
2023-04-17,457484.5808088383,125165.08691998333
2023-04-18,459673.4317466662,113000.70345229367
2023-04-19,458877.3383933947,113000.70345229367
2023-04-20,456108.1634513781,113000.70345229367
2023-04-21,456443.9653846667,113000.70345229367
2023-04-24,456417.3914558337,113000.70345229367
2023-04-25,454007.0079447743,108240.3518397328
2023-04-26,456191.0116946217,108240.3518397328
2023-04-27,459979.0369250294,108240.3518397328
2023-04-28,463803.52322645154,108240.3518397328
2023-05-01,468653.30599470105,108240.3518397328
2023-05-02,462774.9203156448,90582.80776681672
2023-05-03,461465.42516793974,90582.80776681672
2023-05-04,460721.9345826126,90582.80776681672
2023-05-05,470236.60709848173,90582.80776681672
2023-05-08,470336.62783517607,90582.80776681672
2023-05-09,467245.7090874213,121545.86843495547
2023-05-10,470157.3613129157,121545.86843495547
2023-05-11,470095.1258392829,121545.86843495547
2023-05-12,469909.81546788395,121545.86843495547
2023-05-15,470757.80014805973,121545.86843495547
2023-05-16,471353.59327570273,92589.47345606162
2023-05-17,474874.7137495644,92589.47345606162
2023-05-18,481598.25887171103,92589.47345606162
2023-05-19,481325.42058245017,92589.47345606162
2023-05-22,477663.8184363015,92589.47345606162
2023-05-23,474102.6490610221,43619.036413011825
2023-05-24,474367.9059274772,43619.036413011825
2023-05-25,480868.7496088126,43619.036413011825
2023-05-26,497024.51392918616,43619.036413011825
2023-05-30,498493.2141893485,43619.036413011825
2023-05-31,497496.7752360651,342.1477832147366
2023-06-01,503170.8545054743,342.1477832147366
2023-06-02,505418.36360734195,342.1477832147366
2023-06-05,505824.8490390131,342.1477832147366
2023-06-06,501735.7451003335,40060.74435265283
2023-06-07,497933.8609565041,40060.74435265283
2023-06-08,503329.4205840371,40060.74435265283
2023-06-09,506403.011789634,40060.74435265283
2023-06-12,510904.8596328042,40060.74435265283
2023-06-13,513987.7336627858,20600.666146458905
2023-06-14,517582.8675624745,20600.666146458905
2023-06-15,523506.32090872695,20600.666146458905
2023-06-16,519616.1571895497,20600.666146458905
2023-06-20,518472.2288753407,20600.666146458905
2023-06-21,514150.1913379472,36723.84677160201
2023-06-22,518431.6025241655,36723.84677160201
2023-06-23,517386.6270526689,36723.84677160201
2023-06-26,511443.1976550859,36723.84677160201
2023-06-27,517531.9741197061,13557.08816008082
2023-06-28,519191.2693124246,13557.08816008082
2023-06-29,518750.2676263284,13557.08816008082
2023-06-30,527696.2302003335,13557.08816008082
2023-07-03,527060.4055505227,13557.08816008082
2023-07-05,529404.3876686783,16297.190185615591
2023-07-06,526906.7884484024,16297.190185615591
2023-07-07,521648.64496237953,16297.190185615591
2023-07-10,523123.3059654923,16297.190185615591
2023-07-11,524399.908901953,43.72495343616174
2023-07-12,526359.3404624694,43.72495343616174
2023-07-13,533604.9293639892,43.72495343616174
2023-07-14,528493.5224769347,43.72495343616174
2023-07-17,532653.8010604613,43.72495343616174
2023-07-18,540168.6931552436,12602.017637207706
2023-07-19,545807.591096833,12602.017637207706
2023-07-20,530514.1074008491,12602.017637207706
2023-07-21,525417.3631152656,12602.017637207706
2023-07-24,526656.7341441658,12602.017637207706
2023-07-25,530131.2096644364,4262.775067421051
2023-07-26,526593.9448595963,4262.775067421051
2023-07-27,520164.91090116126,4262.775067421051
2023-07-28,524684.711686226,4262.775067421051
2023-07-31,525079.5365992509,4262.775067421051
2023-08-01,528033.4219886056,32151.83732902925
2023-08-02,519270.4693022958,32151.83732902925
2023-08-03,518967.47370064177,32151.83732902925
2023-08-04,511154.79601967253,32151.83732902925
2023-08-07,514105.6277037851,32151.83732902925
2023-08-08,511839.9333467918,36694.49786476666
2023-08-09,503812.8918581443,36694.49786476666
2023-08-10,504491.77208809427,36694.49786476666
2023-08-11,501300.4575663047,36694.49786476666
2023-08-14,506997.8249330955,36694.49786476666
2023-08-15,501760.96280939464,39577.25339014415
2023-08-16,495882.47397501353,39577.25339014415
2023-08-17,491546.840765785,39577.25339014415
2023-08-18,491726.6096637953,39577.25339014415
2023-08-21,496405.90823252086,39577.25339014415
2023-08-22,495019.25050101965,20982.830693585536
2023-08-23,505084.2672818729,20982.830693585536
2023-08-24,492037.48095832556,20982.830693585536
2023-08-25,495178.496552808,20982.830693585536
2023-08-28,499686.79275642126,20982.830693585536
2023-08-29,512435.4280706447,971.0126043360615
2023-08-30,514002.6773687404,971.0126043360615
2023-08-31,518542.1537557643,971.0126043360615
2023-09-01,514409.15696011,971.0126043360615
2023-09-05,516430.4997182887,971.0126043360615
2023-09-06,509654.41829962214,6798.107325501014
2023-09-07,503932.9861783453,6798.107325501014
2023-09-08,502106.5345830389,6798.107325501014
2023-09-11,505930.6412496038,6798.107325501014
2023-09-12,498044.12220234587,718.7007088155951
2023-09-13,497870.2201103659,718.7007088155951
2023-09-14,498085.21248478605,718.7007088155951
2023-09-15,485327.12089009,718.7007088155951
2023-09-18,486478.8886551352,718.7007088155951
2023-09-19,487382.2520800884,5245.692128306186
2023-09-20,481268.1745158489,5245.692128306186
2023-09-21,467796.62187302666,5245.692128306186
2023-09-22,470910.997788554,5245.692128306186
2023-09-25,472301.542584544,5245.692128306186
2023-09-26,467668.08083134703,14.504758654152454
2023-09-27,470562.3907220941,14.504758654152454
2023-09-28,476423.8324106317,14.504758654152454
2023-09-29,476108.3170374017,14.504758654152454
2023-10-02,485148.8461244684,14.504758654152454
2023-10-03,476483.0483206775,100.3116416003395
2023-10-04,481788.8600920703,100.3116416003395
2023-10-05,481369.25817098876,100.3116416003395
2023-10-06,487350.7873076465,100.3116416003395
2023-10-09,488916.85794821044,100.3116416003395
2023-10-10,492167.7666859666,35.684795860353006
2023-10-11,499260.68499040994,35.684795860353006
2023-10-12,499972.669289116,35.684795860353006
2023-10-13,492276.8508801499,35.684795860353006
2023-10-16,497785.11230516824,35.684795860353006
2023-10-17,495449.5876981253,179.77264227809064
2023-10-18,492820.5152799124,179.77264227809064
2023-10-19,486727.34249701444,179.77264227809064
2023-10-20,478673.5762692923,179.77264227809064
2023-10-23,479238.81455817167,179.77264227809064
2023-10-24,479565.15674679354,50428.26035397126
2023-10-25,451976.9716958292,50428.26035397126
2023-10-26,441667.6465157755,50428.26035397126
2023-10-27,443435.37825863436,50428.26035397126
2023-10-30,452938.31141750887,50428.26035397126
2023-10-31,454603.79021325015,180823.57686486148
2023-11-01,459544.60240807437,180823.57686486148
2023-11-02,460714.4816500177,180823.57686486148
2023-11-03,463418.30876793765,180823.57686486148
2023-11-06,466907.5158297052,180823.57686486148
2023-11-07,471346.50673672266,14777.549823728245
2023-11-08,471841.63763424463,14777.549823728245
2023-11-09,468306.84492870874,14777.549823728245
2023-11-10,479247.8586692483,14777.549823728245
2023-11-13,477164.2543220193,14777.549823728245
2023-11-14,484208.9355599339,20425.233777707355
2023-11-15,480610.86892480205,20425.233777707355
2023-11-16,483705.8699471409,20425.233777707355
2023-11-17,483340.67962426494,20425.233777707355
2023-11-20,491870.5800759251,20425.233777707355
2023-11-21,487415.9418155277,23533.390324744007
2023-11-22,488035.04539218784,23533.390324744007
2023-11-24,485273.0485164249,23533.390324744007
2023-11-27,483125.7576304996,23533.390324744007
2023-11-28,484848.0512952858,28048.83695889054
2023-11-29,480979.75339031755,28048.83695889054
2023-11-30,475802.1763486916,28048.83695889054
2023-12-01,474449.41296291887,28048.83695889054
2023-12-04,467238.5430440956,28048.83695889054
2023-12-05,468270.2234503237,28087.653557440368
2023-12-06,465637.9718634096,28087.653557440368
2023-12-07,473257.0964666811,28087.653557440368
2023-12-08,478323.24483551655,28087.653557440368
2023-12-11,485755.743973395,28087.653557440368
2023-12-12,494257.77722205373,6034.54969062061
2023-12-13,498683.2493823931,6034.54969062061
2023-12-14,495148.2102664873,6034.54969062061
2023-12-15,501498.2430766985,6034.54969062061
2023-12-18,509950.90485419484,6034.54969062061
2023-12-19,511419.7578304331,4675.072626880827
2023-12-20,504336.6156795542,4675.072626880827
2023-12-21,508792.2945354502,4675.072626880827
2023-12-22,508648.92390709324,4675.072626880827
2023-12-26,510063.59548454685,4675.072626880827
2023-12-27,512222.295147012,1698.9942589504808
2023-12-28,512748.6957932217,1698.9942589504808
2023-12-29,510370.1408158047,1698.9942589504808
2024-01-02,498330.5003777249,1698.9942589504808
2024-01-03,494936.96996021346,1580.9720849998557
2024-01-04,495139.13318729476,1580.9720849998557
2024-01-05,499481.79573535995,1580.9720849998557
2024-01-08,513138.5586099632,1580.9720849998557
2024-01-09,515124.4031686266,209.6697854478698
2024-01-10,525096.2309274157,209.6697854478698
2024-01-11,525942.9729318102,209.6697854478698
2024-01-12,529994.4864968737,209.6697854478698
2024-01-16,529387.4805612047,209.6697854478698
2024-01-17,528675.7299141107,39.05040971619849
2024-01-18,538141.8949836908,39.05040971619849
2024-01-19,548747.3081459223,39.05040971619849
2024-01-22,548671.4309639154,39.05040971619849
2024-01-23,551111.5893974609,448.26752474976365
2024-01-24,556405.5760994263,448.26752474976365
2024-01-25,557473.0696144409,448.26752474976365
2024-01-26,556581.2880974121,448.26752474976365
2024-01-29,564026.0872459717,448.26752474976365
2024-01-30,562001.4558705207,13337.506201636366
2024-01-31,540231.0090893622,13337.506201636366
2024-02-01,547453.198054206,13337.506201636366
2024-02-02,584231.9758290168,13337.506201636366
2024-02-05,583377.4826496955,13337.506201636366
2024-02-06,582114.5213219203,27966.33420339007
2024-02-07,591524.2371117153,27966.33420339007
2024-02-08,590798.307805685,27966.33420339007
2024-02-09,599882.9155937709,27966.33420339007
2024-02-12,595215.0553185024,27966.33420339007
2024-02-13,587583.1489022765,17979.726897576867
2024-02-14,594458.236724237,17979.726897576867
2024-02-15,590747.9117806945,17979.726897576867
2024-02-16,588850.7091973815,17979.726897576867
2024-02-20,581274.3368829284,17979.726897576867
2024-02-21,578628.7701104998,12508.921096217542
2024-02-22,610628.2324594378,12508.921096217542
2024-02-23,611015.9690317034,12508.921096217542
2024-02-26,612558.6941827654,12508.921096217542
2024-02-27,612139.9834161055,51539.09342434523
2024-02-28,611642.057993437,51539.09342434523
2024-02-29,616644.8601098311,51539.09342434523
2024-03-01,627331.5724511397,51539.09342434523
2024-03-04,628505.9600091231,51539.09342434523
2024-03-05,616622.8402644469,58298.80223191516
2024-03-06,619047.2352877929,58298.80223191516
2024-03-07,630601.1405459716,58298.80223191516
2024-03-08,610634.4561740233,58298.80223191516
2024-03-11,604254.2402392699,58298.80223191516
2024-03-12,617072.2771112699,54629.3315546293
2024-03-13,617927.9626734037,54629.3315546293
2024-03-14,625710.1580927152,54629.3315546293
2024-03-15,616027.2678034086,54629.3315546293
2024-03-18,623064.6884271879,54629.3315546293
2024-03-19,625886.0842056286,34877.11025619619
2024-03-20,632480.9247436535,34877.11025619619
2024-03-21,632898.3267669689,34877.11025619619
2024-03-22,634590.6363983166,34877.11025619619
2024-03-25,631943.8046798718,34877.11025619619
2024-03-26,628830.3655400291,20326.566345693183
2024-03-27,626720.7817997948,20326.566345693183
2024-03-28,626316.2429814354,20326.566345693183
2024-04-01,628600.0938115135,20326.566345693183
2024-04-02,623900.8177226679,20420.57913624213
2024-04-03,626453.8015025752,20420.57913624213
2024-04-04,619127.9734233515,20420.57913624213
2024-04-05,631369.4226421015,20420.57913624213
2024-04-08,630782.7248271601,20420.57913624213
2024-04-09,630625.166255225,17950.16073917274
2024-04-10,629805.6228668583,17950.16073917274
2024-04-11,641008.5629989994,17950.16073917274
2024-04-12,633056.8484794986,17950.16073917274
2024-04-15,621160.9145119083,17950.16073917274
2024-04-16,623538.5248535093,7441.882504266097
2024-04-17,617318.5943153318,7441.882504266097
2024-04-18,610153.9763153013,7441.882504266097
2024-04-19,592391.5997856077,7441.882504266097
2024-04-22,597445.9097946103,7441.882504266097
2024-04-23,604990.0261241128,4724.5178538491455
2024-04-24,604690.701233976,4724.5178538491455
2024-04-25,595152.350037687,4724.5178538491455
2024-04-26,621157.9950877358,4724.5178538491455
2024-04-29,613730.460572355,4724.5178538491455
2024-04-30,602745.3179398598,40120.847168070206
2024-05-01,598457.9720307412,40120.847168070206
2024-05-02,608906.8312150063,40120.847168070206
2024-05-03,618818.4488144936,40120.847168070206
2024-05-06,629672.2501298012,40120.847168070206
2024-05-07,632899.5446827253,14137.362653001217
2024-05-08,632343.2277195295,14137.362653001217
2024-05-09,638302.0050556501,14137.362653001217
2024-05-10,638937.292569383,14137.362653001217
2024-05-13,634769.6380665144,14137.362653001217
2024-05-14,637260.8085128278,41962.160689494165
2024-05-15,642780.0924712629,41962.160689494165
2024-05-16,640527.9728728742,41962.160689494165
2024-05-17,643564.2418967695,41962.160689494165
2024-05-20,647236.4584189863,41962.160689494165
2024-05-21,649673.4912461961,11598.481472941703
2024-05-22,648291.9058503831,11598.481472941703
2024-05-23,643542.2149324144,11598.481472941703
2024-05-24,649567.4510011399,11598.481472941703
2024-05-28,652157.5392045701,11598.481472941703
2024-05-29,651560.1605214553,22440.743895478812
2024-05-30,642829.4899587112,22440.743895478812
2024-05-31,637773.1673573928,22440.743895478812
2024-06-03,642208.4725789505,22440.743895478812
2024-06-04,645804.3024854754,46567.627558717606
2024-06-05,653700.6159315204,46567.627558717606
2024-06-06,659696.417170534,46567.627558717606
2024-06-07,656204.9210462664,46567.627558717606
2024-06-10,660534.954936037,46567.627558717606
2024-06-11,664970.3393716498,121150.27129456234
2024-06-12,666748.8458184882,121150.27129456234
2024-06-13,664001.7350930853,121150.27129456234
2024-06-14,667827.3884973212,121150.27129456234
2024-06-17,672910.2774820013,121150.27129456234
2024-06-18,670244.6144162633,148792.47214331405
2024-06-20,671393.5492154576,148792.47214331405
2024-06-21,671294.2624875524,148792.47214331405
2024-06-24,669368.5286618688,148792.47214331405
2024-06-25,675355.4908262789,143016.98040452605
2024-06-26,680098.8476072848,143016.98040452605
2024-06-27,682735.6079527438,143016.98040452605
2024-06-28,675838.1520506442,143016.98040452605
2024-07-01,680473.0998045504,143016.98040452605
2024-07-02,687257.9530065955,135908.19351562866
2024-07-03,687401.6908300818,135908.19351562866
2024-07-05,701450.5096167029,135908.19351562866
2024-07-08,697553.6901434363,135908.19351562866
2024-07-09,697125.0207238593,130565.82118467471
2024-07-10,700469.0063348212,130565.82118467471
2024-07-11,682703.8190179267,130565.82118467471
2024-07-12,680929.5356164374,130565.82118467471
2024-07-15,682433.8921075263,130565.82118467471
2024-07-16,679052.8604596143,91759.632111836
2024-07-17,670712.2221844678,91759.632111836
2024-07-18,662745.171387959,91759.632111836
2024-07-19,661301.1817486768,91759.632111836
2024-07-22,668291.1323102002,91759.632111836
2024-07-23,671385.640218572,78705.3972833913
2024-07-24,654167.5893762868,78705.3972833913
2024-07-25,645083.2012651723,78705.3972833913
2024-07-26,648181.6606882375,78705.3972833913
2024-07-29,648980.9327905935,78705.3972833913
2024-07-30,644306.8581020848,36134.757088901286
2024-07-31,652092.4918301122,36134.757088901286
2024-08-01,651612.7955410497,36134.757088901286
2024-08-02,636045.8492825048,36134.757088901286
2024-08-05,618666.8032314794,36134.757088901286
2024-08-06,630366.2425069103,120860.15421955683
2024-08-07,623618.0864323864,120860.15421955683
2024-08-08,644090.6267003308,120860.15421955683
2024-08-09,650234.7592915783,120860.15421955683
2024-08-12,653678.6735524426,120860.15421955683
2024-08-13,665235.1393229341,111260.81382244581
2024-08-14,669077.8626658296,111260.81382244581
2024-08-15,677465.2639185762,111260.81382244581
2024-08-16,678289.8488337373,111260.81382244581
2024-08-19,685265.778940854,111260.81382244581
2024-08-20,688333.6641007678,62722.91303265259
2024-08-21,690252.1166154162,62722.91303265259
2024-08-22,683867.796608092,62722.91303265259
2024-08-23,683971.5699845569,62722.91303265259
2024-08-26,684934.7281266467,62722.91303265259
2024-08-27,690828.6782618558,131783.56939039595
2024-08-28,681977.8772975004,131783.56939039595
2024-08-29,682110.5962611234,131783.56939039595
2024-08-30,686405.4572077787,131783.56939039595
2024-09-03,669394.9054194486,131783.56939039595
2024-09-04,672399.0115314595,131685.13814126173
2024-09-05,673599.700801479,131685.13814126173
2024-09-06,659792.9890552632,131685.13814126173
2024-09-09,667824.8185230367,131685.13814126173
2024-09-10,666731.9379892407,115576.92672825445
2024-09-11,671593.0086374341,115576.92672825445
2024-09-12,678902.1884088574,115576.92672825445
2024-09-13,681353.6711359082,115576.92672825445
2024-09-16,679604.5655450879,115576.92672825445
2024-09-17,680995.3245656367,110668.07217763623
2024-09-18,677823.3227574702,110668.07217763623
2024-09-19,690647.5758778926,110668.07217763623
2024-09-20,691603.5125462885,110668.07217763623
2024-09-23,695007.8447453852,110668.07217763623
2024-09-24,696373.2004252017,90208.62875466941
2024-09-25,697486.9160395205,90208.62875466941
2024-09-26,693567.4445429385,90208.62875466941
2024-09-27,688472.0540018618,90208.62875466941
2024-09-30,691515.1262827456,90208.62875466941
2024-10-01,684926.6369929675,78473.52730516232
2024-10-02,686751.5015864733,78473.52730516232
2024-10-03,686722.8179316882,78473.52730516232
2024-10-04,695478.3889842394,78473.52730516232
2024-10-07,684230.9603648547,78473.52730516232
2024-10-08,696465.1401364922,159192.48379493947
2024-10-09,700679.1431424737,159192.48379493947
2024-10-10,699589.0148313164,159192.48379493947
2024-10-11,699332.3710324883,159192.48379493947
2024-10-14,698143.7397000908,159192.48379493947
2024-10-15,693198.9093552443,83377.47476204358
2024-10-16,689620.1330414625,83377.47476204358
2024-10-17,686269.2810517164,83377.47476204358
2024-10-18,706276.9135056349,83377.47476204358
2024-10-21,709480.4422303053,83377.47476204358
2024-10-22,710991.9986965123,41980.42646140485
2024-10-23,701789.9842616979,41980.42646140485
2024-10-24,701902.5069057408,41980.42646140485
2024-10-25,703030.7476283971,41980.42646140485
2024-10-28,703051.1618740025,41980.42646140485
2024-10-29,708586.527179021,37245.25389410893
2024-10-30,704475.5523483936,37245.25389410893
2024-10-31,687117.3855774585,37245.25389410893
2024-11-01,687741.570727605,37245.25389410893
2024-11-04,686625.865474004,37245.25389410893
2024-11-05,692083.0123548841,61811.15317824826
2024-11-06,703737.1014662122,61811.15317824826
2024-11-07,719022.9204664563,61811.15317824826
2024-11-08,721139.1445570325,61811.15317824826
2024-11-11,720918.8284101819,61811.15317824826
2024-11-12,724326.3676455242,74160.93447902026
2024-11-13,721501.5377505047,74160.93447902026
2024-11-14,716122.6980440838,74160.93447902026
2024-11-15,700874.2008364422,74160.93447902026
2024-11-18,709268.3572237713,74160.93447902026
2024-11-19,718389.0751677179,67558.20790392392
2024-11-20,721154.3596525812,67558.20790392392
2024-11-21,728006.7496214532,67558.20790392392
2024-11-22,727947.230609002,67558.20790392392
2024-11-25,721990.1398649835,67558.20790392392
2024-11-26,730694.9581589422,64927.07602164355
2024-11-27,727394.2452759466,64927.07602164355
2024-11-29,732562.05653617,64927.07602164355
2024-12-02,740910.6749596319,64927.07602164355
2024-12-03,749951.7682100944,60605.998984020174
2024-12-04,756695.5575014763,60605.998984020174
2024-12-05,755406.8096453361,60605.998984020174
2024-12-06,760845.813704174,60605.998984020174
2024-12-09,750011.2979494743,60605.998984020174
2024-12-10,749079.4664983326,60369.02931876708
2024-12-11,758414.0670003467,60369.02931876708
2024-12-12,754499.408919292,60369.02931876708
2024-12-13,748368.5030660206,60369.02931876708
2024-12-16,748042.0074529224,60369.02931876708
2024-12-17,745558.3343474402,62346.460934354196
2024-12-18,731090.5859801306,62346.460934354196
2024-12-19,731309.9315154089,62346.460934354196
2024-12-20,736004.6642119421,62346.460934354196
2024-12-23,744408.617199613,62346.460934354196
2024-12-24,751992.0200324885,25424.78943403879
2024-12-26,750975.6652809016,25424.78943403879
2024-12-27,741582.5125099055,25424.78943403879
2024-12-30,733880.4285560481,25424.78943403879
2024-12-31,727187.546033511,8124.196538576944
2025-01-02,728827.7562919949,8124.196538576944
2025-01-03,737471.7300087308,8124.196538576944
2025-01-06,750074.1503502225,8124.196538576944
2025-01-07,737712.7754376763,6666.939072930196
2025-01-08,738239.9481442804,6666.939072930196
2025-01-10,732675.4408810968,6666.939072930196
2025-01-13,724564.2809842462,6666.939072930196
2025-01-14,721457.4094757251,37073.21227876474
2025-01-15,734179.9981178455,37073.21227876474
2025-01-16,725210.8691887073,37073.21227876474
2025-01-17,733993.6171554737,37073.21227876474
2025-01-21,734330.2935051136,37073.21227876474
2025-01-22,747632.2854239716,37320.19404671331
2025-01-23,754744.9890296235,37320.19404671331
2025-01-24,751893.8271491303,37320.19404671331
2025-01-27,729581.2111518158,37320.19404671331
2025-01-28,736444.8686170272,46772.12929817953
2025-01-29,738587.2054700545,46772.12929817953
2025-01-30,743955.6858777694,46772.12929817953
2025-01-31,746656.6057691268,46772.12929817953
2025-02-03,754528.2828931502,46772.12929817953
2025-02-04,763841.7417787374,34311.42089784755
2025-02-05,770614.2914880575,34311.42089784755
2025-02-06,774648.0867341817,34311.42089784755
2025-02-07,769763.9387697042,34311.42089784755
2025-02-10,778580.7527650655,34311.42089784755
2025-02-11,774416.3858017173,30405.305708333486
2025-02-12,778068.4249405112,30405.305708333486
2025-02-13,787612.2295059409,30405.305708333486
2025-02-14,792698.5304702964,30405.305708333486
2025-02-18,781401.4684738364,30405.305708333486
2025-02-19,781536.9008142332,37141.11198061511
2025-02-20,772533.2037469725,37141.11198061511
2025-02-21,765830.5670739989,37141.11198061511
2025-02-24,759893.0248987059,37141.11198061511
2025-02-25,763477.2800883208,41085.174493685816
2025-02-26,759632.1754397308,41085.174493685816
2025-02-27,749809.7706660186,41085.174493685816
2025-02-28,761444.6500109588,41085.174493685816
2025-03-03,754493.7214373504,41085.174493685816
2025-03-04,748589.2497581252,63127.027162910344
2025-03-05,757112.9856513747,63127.027162910344
2025-03-06,737329.5619376906,63127.027162910344
2025-03-07,727148.5830711134,63127.027162910344
2025-03-10,704209.3905204543,63127.027162910344
2025-03-11,698282.4435597612,472504.95544635784
2025-03-12,698881.79513752,472504.95544635784
2025-03-13,695828.2944585038,472504.95544635784
2025-03-14,699371.6018315507,472504.95544635784
2025-03-17,700171.9735203935,472504.95544635784
2025-03-18,694894.6043023213,291781.87561122025
2025-03-19,704815.1761101827,291781.87561122025
2025-03-20,700426.9738167867,291781.87561122025
2025-03-21,701599.8597573384,291781.87561122025
2025-03-24,705576.4378518208,291781.87561122025
2025-03-25,710005.5278111869,219644.07951177887
2025-03-26,704284.2685071402,219644.07951177887
2025-03-27,702430.3286191397,219644.07951177887
2025-03-28,687622.3256017142,219644.07951177887
2025-03-31,689769.4838887625,219644.07951177887
2025-04-01,688050.0076404228,343320.59109074017
2025-04-02,689427.5983310356,343320.59109074017
2025-04-03,674462.4260211601,343320.59109074017
2025-04-04,655335.290790142,343320.59109074017
2025-04-07,657184.8376384391,343320.59109074017
2025-04-08,666315.4262222674,666315.4262222674
2025-04-09,666315.4262222674,666315.4262222674
2025-04-10,666315.4262222674,666315.4262222674
2025-04-11,666315.4262222674,666315.4262222674
2025-04-14,666315.4262222674,666315.4262222674
2025-04-15,669458.31649274,333646.3773981965
2025-04-16,665344.4894358552,333646.3773981965
2025-04-17,671851.8823649323,333646.3773981965
2025-04-21,668269.1134669221,333646.3773981965
2025-04-22,680847.8116930935,336676.7621935818
2025-04-23,681809.0021075222,336676.7621935818
2025-04-24,689665.9013689968,336676.7621935818
2025-04-25,690737.9671038601,336676.7621935818
2025-04-28,692459.7957552883,336676.7621935818
2025-04-29,697099.869568347,345796.84108018776
2025-04-30,698546.1599278441,345796.84108018776
2025-05-01,699621.4863133421,345796.84108018776
2025-05-02,705092.5966649046,345796.84108018776
2025-05-05,702744.6793522825,345796.84108018776
2025-05-06,702724.986202799,265640.4367643225
2025-05-07,704897.5238004553,265640.4367643225
2025-05-08,704225.0364957678,265640.4367643225
2025-05-09,703746.5430875646,265640.4367643225
2025-05-12,702504.6989713537,265640.4367643225
2025-05-13,706718.1195073077,367599.48078202683
2025-05-14,710046.849556441,367599.48078202683
2025-05-15,714661.3851170489,367599.48078202683
2025-05-16,717201.8886952349,367599.48078202683
2025-05-19,718859.0135579058,367599.48078202683
2025-05-20,722036.5883564985,264941.81446886424
2025-05-21,719678.3834843672,264941.81446886424
2025-05-22,719799.5051121748,264941.81446886424
2025-05-23,716979.8736424482,264941.81446886424
2025-05-27,728448.8055729902,264941.81446886424
2025-05-28,726737.0464086777,140635.1517782456
2025-05-29,728345.8544378525,140635.1517782456
2025-05-30,725788.8398504502,140635.1517782456
2025-06-02,732099.7565832383,140635.1517782456
2025-06-03,738667.9376586768,18338.482633957523
2025-06-04,745335.5443405005,18338.482633957523
2025-06-05,739963.0689071509,18338.482633957523
2025-06-06,739720.2165511939,18338.482633957523
2025-06-09,733784.8101638647,18338.482633957523
2025-06-10,729783.0343395108,58079.87465628327
2025-06-11,730515.1973338956,58079.87465628327
2025-06-12,734341.0451732511,58079.87465628327
2025-06-13,725355.3102184171,58079.87465628327
2025-06-16,733775.7740245694,58079.87465628327
2025-06-17,730172.4082446204,78004.36011839977
2025-06-18,732022.3612399207,78004.36011839977
2025-06-20,733871.6892581092,78004.36011839977
2025-06-23,746265.8299899207,78004.36011839977
2025-06-24,755809.7038711142,97324.22878871666
2025-06-25,753947.569990499,97324.22878871666
2025-06-26,763653.1717208456,97324.22878871666
2025-06-27,766118.3800643515,97324.22878871666
2025-06-30,773408.7560714316,97324.22878871666
2025-07-01,759980.4296507338,101651.10352463515
2025-07-02,758087.6629881362,101651.10352463515
2025-07-03,766081.3484281996,101651.10352463515
2025-07-07,763976.559197853,101651.10352463515
2025-07-08,759536.1687943493,92636.23944254262
2025-07-09,766357.2792832409,92636.23944254262
2025-07-10,756502.6724259411,92636.23944254262
2025-07-11,752055.028840736,92636.23944254262
2025-07-14,756211.2202164684,92636.23944254262
2025-07-15,753830.8150765069,108669.05341879214
2025-07-16,750683.4992653497,108669.05341879214
2025-07-17,759178.22935263,108669.05341879214
2025-07-18,747556.025937713,108669.05341879214
2025-07-21,754589.6191231378,108669.05341879214
2025-07-22,739188.4543658834,37413.83283725793
2025-07-23,744298.1294147115,37413.83283725793
2025-07-24,748305.7270709615,37413.83283725793
2025-07-25,749642.5353290181,37413.83283725793
2025-07-28,751185.2462665181,37413.83283725793
2025-07-29,748605.0243273465,31612.719555923184
2025-07-30,755980.6764345852,31612.719555923184
2025-07-31,757614.5583849637,31612.719555923184
2025-08-01,746477.7587633816,31612.719555923184
2025-08-04,764181.1250735013,31612.719555923184
2025-08-05,751986.318859601,4038.848812604003
2025-08-06,764093.2757306338,4038.848812604003
2025-08-07,766339.8233762026,4038.848812604003
2025-08-08,777905.9313321352,4038.848812604003
2025-08-11,774946.0333295107,4038.848812604003
2025-08-12,784816.473072156,165.93190394312478
2025-08-13,773874.9471627321,165.93190394312478
2025-08-14,776387.2570077028,165.93190394312478
2025-08-15,765615.9739800539,165.93190394312478
2025-08-18,768004.1634865847,165.93190394312478
2025-08-19,751601.9420062872,160.32198828182118
2025-08-20,749293.7562763067,160.32198828182118
2025-08-21,746795.4825336309,160.32198828182118
2025-08-22,752429.6561176153,160.32198828182118
2025-08-25,754232.0439960333,160.32198828182118
2025-08-26,760827.2374390028,728.5838135146187
2025-08-27,763021.5928314589,728.5838135146187
2025-08-28,770584.40040287,728.5838135146187
2025-08-29,756060.7706497572,728.5838135146187
2025-09-02,751451.4194992445,728.5838135146187
2025-09-03,754406.9927733592,8256.570333783937
2025-09-04,759584.5367186717,8256.570333783937
2025-09-05,764792.728750532,8256.570333783937
2025-09-08,771826.6191466502,8256.570333783937
2025-09-09,774130.9834934785,48.82857099319153
2025-09-10,793447.1391102388,48.82857099319153
2025-09-11,782111.6384846284,48.82857099319153
2025-09-12,780762.9113270356,48.82857099319153
2025-09-15,787218.5615574433,48.82857099319153
2025-09-16,782281.549804532,273.38719161695917
2025-09-17,779111.9545591706,273.38719161695917
2025-09-18,789017.1431272859,273.38719161695917
2025-09-19,794399.9223936433,273.38719161695917
2025-09-22,795336.0324858064,273.38719161695917
2025-09-23,787958.2984605703,241.86726245017417
2025-09-24,781159.4983049306,241.86726245017417
2025-09-25,780704.5483079824,241.86726245017417
2025-09-26,781553.1074205312,241.86726245017417
2025-09-29,783786.6156907949,241.86726245017417
2025-09-30,787933.1513342125,661.3465856773291
2025-10-01,792901.1152929527,661.3465856773291
2025-10-02,795722.6637243492,661.3465856773291
2025-10-03,795089.9641088707,661.3465856773291
2025-10-06,803006.369687484,661.3465856773291
2025-10-07,796087.7240494841,36.91206828301074
2025-10-08,801552.6342972869,36.91206828301074
2025-10-09,798967.9638108367,36.91206828301074
2025-10-10,776521.415104782,36.91206828301074
2025-10-13,788882.6953171843,36.91206828301074
2025-10-14,787267.2431543281,582.8834741523078
2025-10-15,795801.3930261543,582.8834741523078
2025-10-16,795831.2049768378,582.8834741523078
2025-10-17,802384.1691492011,582.8834741523078
2025-10-20,808331.293508332,582.8834741523078
2025-10-21,802226.5202106806,40030.19874614201
2025-10-22,784052.7399677606,40030.19874614201
2025-10-23,784215.9561695429,40030.19874614201
2025-10-24,789801.3793415399,40030.19874614201
2025-10-27,803437.297195849,40030.19874614201
2025-10-28,808989.4598870383,8527.890657912343
2025-10-29,814262.6788582908,8527.890657912343
2025-10-30,814619.0520806418,8527.890657912343
2025-10-31,816164.184084426,8527.890657912343
2025-11-03,824829.8840661155,8527.890657912343
2025-11-04,801511.6414307565,1338.7703980417173
2025-11-05,809353.64667978,1338.7703980417173
2025-11-06,801171.6759156198,1338.7703980417173
2025-11-07,791969.773922822,1338.7703980417173
2025-11-10,819222.912518403,1338.7703980417173
2025-11-11,817647.2767374608,53.85188699690298
2025-11-12,818045.7847330662,53.85188699690298
2025-11-13,811239.4479639622,53.85188699690298
2025-11-14,810688.0890772435,53.85188699690298
2025-11-17,818404.2330820652,53.85188699690298
2025-11-18,816116.8972043808,27108.608950596667
2025-11-19,833950.8163327988,27108.608950596667
2025-11-20,818564.0214261826,27108.608950596667
2025-11-21,831977.2458219345,27108.608950596667
2025-11-24,869943.8732938584,27108.608950596667
2025-11-25,879020.552006082,3398.581913308625
2025-11-26,878710.6938212676,3398.581913308625
2025-11-28,883729.5759318633,3398.581913308625
2025-12-01,871990.8496135039,3398.581913308625
2025-12-02,875455.1155997501,281.9136954532005
2025-12-03,881586.5363608585,281.9136954532005
2025-12-04,877258.1588584171,281.9136954532005
2025-12-05,884292.95103371,281.9136954532005
2025-12-08,880619.040084003,281.9136954532005
2025-12-09,888422.9635352374,291.8170966386788
2025-12-10,897530.0645179034,291.8170966386788
2025-12-11,882228.5508460284,291.8170966386788
2025-12-12,859300.5845221758,291.8170966386788
2025-12-15,850705.5451697588,291.8170966386788
2025-12-16,846242.0380458604,23879.806211448755
2025-12-17,824806.6919536362,23879.806211448755
2025-12-18,836507.4703731309,23879.806211448755
2025-12-19,850696.7625636826,23879.806211448755
2025-12-22,853378.938932396,23879.806211448755
2025-12-23,862713.6935745907,8771.02536932945
2025-12-24,862938.5708481503,8771.02536932945
2025-12-26,863475.5047699643,8771.02536932945
2025-12-29,860934.128526373,8771.02536932945
2025-12-30,859511.0556699289,2338.4008695138764
2025-12-31,856263.5915891184,2338.4008695138764
2026-01-02,857942.0791837228,2338.4008695138764
2026-01-05,856697.5230771555,2338.4008695138764
2026-01-06,849557.198419734,1136.9711553297066
2026-01-07,858697.7248479567,1136.9711553297066
2026-01-08,858424.3743535719,1136.9711553297066
2026-01-09,862437.1201726637,1136.9711553297066
2026-01-12,867825.2524968825,1136.9711553297066
2026-01-13,877718.7059436543,5314.453410695263
2026-01-14,872834.214793752,5314.453410695263
2026-01-15,872049.9959216816,5314.453410695263
2026-01-16,866332.3841052754,5314.453410695263
2026-01-20,841885.5500446064,5314.453410695263
2026-01-21,854708.3400289923,93963.01883148252
2026-01-22,859382.3265097052,93963.01883148252
2026-01-23,858195.7784445196,93963.01883148252
2026-01-26,871181.6468984991,93963.01883148252
2026-01-27,877727.677714073,50289.404101096894
2026-01-28,882050.7467448347,50289.404101096894
2026-01-29,884102.449488365,50289.404101096894
2026-01-30,876319.8829905622,50289.404101096894
2026-02-02,890776.106745445,50289.404101096894
2026-02-03,897964.2913037718,100111.52941717513
2026-02-04,884629.8597699583,100111.52941717513
2026-02-05,886358.2125760496,100111.52941717513
2026-02-06,883835.2492734373,100111.52941717513
2026-02-09,889196.5812665403,100111.52941717513
2026-02-10,880653.7561255554,88.230689154032
2026-02-11,872411.4039984802,88.230689154032
2026-02-12,838125.6762000183,88.230689154032
2026-02-13,833119.9044180969,88.230689154032
2026-02-17,830608.208876715,88.230689154032
2026-02-18,833797.0651917869,176811.02916578588
2026-02-19,833476.6026826316,176811.02916578588
2026-02-20,849918.2759919578,176811.02916578588
2026-02-23,845916.1316132956,176811.02916578588
2026-02-24,846802.1015743976,152651.8179287678
2026-02-25,851132.7546353107,152651.8179287678
2026-02-26,834815.0387539631,152651.8179287678
2026-02-27,837259.8910336262,152651.8179287678
2026-03-02,831807.2580532795,152651.8179287678
2026-03-03,819354.7401995972,154793.73330262455
2026-03-04,827074.6348376587,154793.73330262455
2026-03-05,820438.6925006226,154793.73330262455
2026-03-06,810146.0218310669,154793.73330262455
2026-03-09,812701.6375232056,154793.73330262455
2026-03-10,813833.3294707653,548635.0010558483
2026-03-11,812718.6250182507,548635.0010558483
2026-03-12,811770.9830504772,548635.0010558483
2026-03-13,813378.1639434216,548635.0010558483
2026-03-16,810230.056414735,548635.0010558483
2026-03-17,803869.3489264019,43760.77481446351
2026-03-18,792805.2806738385,43760.77481446351
2026-03-19,789447.4019430645,43760.77481446351
2026-03-20,778152.4247396954,43760.77481446351
2026-03-23,784171.7956045636,43760.77481446351
2026-03-24,791025.363379451,34800.82529351347
2026-03-25,807667.9706716263,34800.82529351347
2026-03-26,789352.9173192703,34800.82529351347
2026-03-27,781541.7136602127,34800.82529351347
2026-03-30,773606.6083669388,34800.82529351347
2026-03-31,776243.0967387236,389649.68520918256
2026-04-01,775477.676206497,389649.68520918256
2026-04-02,781989.2954386747,389649.68520918256
2026-04-06,782344.8161601103,389649.68520918256
2026-04-07,778692.0122283772,122140.15576780583
2026-04-08,791760.1914123371,122140.15576780583
2026-04-09,796130.9355682209,122140.15576780583
2026-04-10,787522.6799987629,122140.15576780583
2026-04-13,783083.8045638874,122140.15576780583
2026-04-14,788320.6923838531,289.4653635894938
2026-04-15,804783.9963084137,289.4653635894938
2026-04-16,814847.5574503815,289.4653635894938
2026-04-17,829525.401887027,289.4653635894938
2026-04-20,829326.736085025,289.4653635894938
2026-04-21,819993.5323721707,58313.982186013454
2026-04-22,839487.3963248074,58313.982186013454
2026-04-23,836910.6530386746,58313.982186013454
2026-04-24,847833.5042654813,58313.982186013454
2026-04-27,857200.0141836941,58313.982186013454
2026-04-28,850491.3257601468,73610.27145411655
2026-04-29,849603.9508669584,73610.27145411655
2026-04-30,890172.2985232084,73610.27145411655
2026-05-01,895220.1875918119,73610.27145411655
2026-05-04,888887.7274782865,73610.27145411655
2026-05-05,900598.0504609394,32703.20933545113
2026-05-06,921035.0825959492,32703.20933545113
2026-05-07,919129.6556855488,32703.20933545113
2026-05-08,933087.7791291523,32703.20933545113
2026-05-11,922091.0670319843,32703.20933545113
2026-05-12,918735.060305455,1971.2805050399238
2026-05-13,941583.6421535995,1971.2805050399238
2026-05-14,953405.1266659286,1971.2805050399238
2026-05-15,938094.9524105575,1971.2805050399238
2026-05-18,933124.5230434921,1971.2805050399238
2026-05-19,916849.0840090881,92.31376067508245
2026-05-20,920568.3039340149,92.31376067508245
2026-05-21,924745.3295077453,92.31376067508245
2026-05-22,924996.2734622131,92.31376067508245
2026-05-26,930909.793222345,92.31376067508245
2026-05-27,934091.5457013835,34710.58683144942
2026-05-28,936850.9060605754,34710.58683144942
2026-05-29,933265.508988737,34710.58683144942
2026-06-01,929205.3761457194,34710.58683144942
2026-06-02,933702.5685885738,50279.405220348744
2026-06-03,924743.8838809322,50279.405220348744
2026-06-04,929534.5833972286,50279.405220348744
2026-06-05,905543.840095837,50279.405220348744
2026-06-08,901489.052231152,50279.405220348744
2026-06-09,890211.7841038263,48461.411026433714
2026-06-10,876584.5688175714,48461.411026433714
2026-06-11,887456.2384495294,48461.411026433714
2026-06-12,885342.9341129815,48461.411026433714
2026-06-15,901754.4936070001,48461.411026433714
2026-06-16,900140.0995275975,41153.254770517466
2026-06-17,885879.2239019872,41153.254770517466
2026-06-18,899523.7922308446,41153.254770517466
2026-06-22,882817.7958853246,41153.254770517466
2026-06-23,871222.2123206517,65415.54596170403
2026-06-24,867754.0699866674,65415.54596170403
2026-06-25,853791.5027182958,65415.54596170403
2026-06-26,845048.198267307,65415.54596170403
2026-06-29,868495.5957358739,65415.54596170403
2026-06-30,884709.4179608589,3943.3937222724453
2026-07-01,885806.9913861519,3943.3937222724453
2026-07-02,885340.0649182564,3943.3937222724453
2026-07-06,905710.5728757149,3943.3937222724453
2026-07-07,895255.5690397002,26754.365884182633
2026-07-08,893363.3436979033,26754.365884182633
2026-07-09,902113.9191068389,26754.365884182633
2026-07-10,905066.3694547393,26754.365884182633
2026-07-13,894286.0195096709,26754.365884182633
2026-07-14,902392.4696833884,17579.396906593895
2026-07-15,918287.3322474753,17579.396906593895
2026-07-16,894854.6711222922,17579.396906593895
2026-07-17,887005.0681407248,17579.396906593895
2026-07-20,888546.6283671652,17579.396906593895
2026-07-21,890711.5837243962,31046.03358401532
2026-07-22,884778.9182886052,31046.03358401532
2026-07-23,850271.5539697575,31046.03358401532
2026-07-24,858610.8534768986,31046.03358401532
2026-07-27,866602.8388208317,31046.03358401532
2026-07-28,864273.8706739135,277456.6050489135
2026-07-29,848872.6758039184,277456.6050489135
2026-07-30,866421.2514722534,277456.6050489135
2026-07-31,852329.7369840331,277456.6050489135
2026-08-03,851402.401450891,277456.6050489135
2026-08-04,877461.3658604899,110120.79592183023
2026-08-05,870639.7839055338,110120.79592183023
2026-08-06,872077.3207783976,110120.79592183023
2026-08-07,875314.2215276042,110120.79592183023
2026-08-10,868931.368279008,110120.79592183023
2026-08-11,861549.2953770753,73660.24032336437
2026-08-12,869874.8017705079,73660.24032336437
2026-08-13,853350.677487671,73660.24032336437
2026-08-14,859573.8938420411,73660.24032336437
2026-08-17,858274.9910405275,73660.24032336437
2026-08-18,849586.683375654,424646.29784708965
2026-08-19,846468.5244095896,424646.29784708965
2026-08-20,843969.68569499,424646.29784708965
2026-08-21,844270.9020646189,424646.29784708965
2026-08-24,837777.485316572,424646.29784708965
2026-08-25,845390.1650713023,607304.2196977672
2026-08-26,848064.0277422008,607304.2196977672
2026-08-27,849311.4904192027,607304.2196977672
2026-08-28,853264.0796220836,607304.2196977672
2026-08-31,850980.024324232,607304.2196977672
2026-09-01,855779.732248706,516671.4868721191
2026-09-02,855492.9190468017,516671.4868721191
2026-09-03,859021.9343818848,516671.4868721191
2026-09-04,851856.5713142578,516671.4868721191
2026-09-08,849028.3577675049,516671.4868721191
2026-09-09,851960.8192536402,113463.20575876714
2026-09-10,847446.7337433863,113463.20575876714
2026-09-11,858086.5541474391,113463.20575876714
2026-09-14,841998.5026337672,113463.20575876714
2026-09-15,842873.858312591,298294.61345480295
2026-09-16,843466.4319972834,298294.61345480295
2026-09-17,853984.5312099298,298294.61345480295
2026-09-18,856656.8729305109,298294.61345480295
2026-09-21,865608.628347381,298294.61345480295
2026-09-22,864497.574302978,191.87737304638722
2026-09-23,845407.0021746821,191.87737304638722
2026-09-24,852818.6872027583,191.87737304638722
2026-09-25,858571.1170886225,191.87737304638722
2026-09-28,850601.4242327876,191.87737304638722
2026-09-29,841811.6152234934,139187.12273081767
2026-09-30,847506.8722425364,139187.12273081767
2026-10-01,848691.8788648508,139187.12273081767
2026-10-02,860806.3560377024,139187.12273081767
2026-10-05,863673.8849378489,139187.12273081767
