date,symbol,shares,close
2015-07-07,NFLX,2228,9.409143447875977
2015-07-07,AMZN,851,21.836000442504883
2015-07-07,TSLA,1301,17.858667373657227
2015-07-07,AVGO,1625,10.036861419677734
2015-07-07,ADBE,246,80.58999633789062
2015-07-08,NFLX,2228,9.350713729858398
2015-07-08,AMZN,851,21.485000610351562
2015-07-08,TSLA,1301,16.997333526611328
2015-07-08,AVGO,1625,9.674948692321777
2015-07-08,ADBE,246,79.98999786376953
2015-07-09,NFLX,2228,9.572713851928711
2015-07-09,AMZN,851,21.719499588012695
2015-07-09,TSLA,1301,17.19466781616211
2015-07-09,AVGO,1625,9.420323371887207
2015-07-09,ADBE,246,80.47000122070312
2015-07-10,NFLX,2228,9.722857475280762
2015-07-10,AMZN,851,22.175500869750977
2015-07-10,TSLA,1301,17.27666664123535
2015-07-10,AVGO,1625,9.810192108154297
2015-07-10,ADBE,246,80.58999633789062
2015-07-13,NFLX,2228,10.10871410369873
2015-07-13,AMZN,851,22.778499603271484
2015-07-13,TSLA,1301,17.477333068847656
2015-07-13,AVGO,1625,9.760327339172363
2015-07-13,ADBE,246,81.44000244140625
2015-07-14,NFLX,2377,10.037142753601074
2015-07-14,AMZN,864,23.278499603271484
2015-07-14,ADBE,270,81.88999938964844
2015-07-14,META,191,88.82921600341797
2015-07-14,PEP,257,68.71258544921875
2015-07-15,NFLX,2377,9.812999725341797
2015-07-15,AMZN,864,23.059499740600586
2015-07-15,ADBE,270,82.12000274658203
2015-07-15,META,191,88.9084701538086
2015-07-15,PEP,257,68.16079711914062
2015-07-16,NFLX,2377,11.581000328063965
2015-07-16,AMZN,864,23.77400016784668
2015-07-16,ADBE,270,82.5199966430664
2015-07-16,META,191,89.98812103271484
2015-07-16,PEP,257,68.54987335205078
2015-07-17,NFLX,2377,11.47700023651123
2015-07-17,AMZN,864,24.15049934387207
2015-07-17,ADBE,270,82.0999984741211
2015-07-17,META,191,94.06903839111328
2015-07-17,PEP,257,68.4649887084961
2015-07-20,NFLX,2377,11.055000305175781
2015-07-20,AMZN,864,24.405000686645508
2015-07-20,ADBE,270,82.08999633789062
2015-07-20,META,191,96.98114013671875
2015-07-20,PEP,257,68.83989715576172
2015-07-21,NFLX,1926,11.25100040435791
2015-07-21,AMZN,790,24.399999618530273
2015-07-21,ADBE,263,81.19000244140625
2015-07-21,META,196,97.45660400390625
2015-07-21,AAPL,832,29.142812728881836
2015-07-22,NFLX,1926,11.149999618530273
2015-07-22,AMZN,790,24.41349983215332
2015-07-22,ADBE,263,80.7300033569336
2015-07-22,META,196,96.119384765625
2015-07-22,AAPL,832,27.910226821899414
2015-07-23,NFLX,1926,11.010000228881836
2015-07-23,AMZN,790,24.108999252319336
2015-07-23,ADBE,263,80.63999938964844
2015-07-23,META,196,94.53458404541016
2015-07-23,AAPL,832,27.89686393737793
2015-07-24,NFLX,1926,10.934000015258789
2015-07-24,AMZN,790,26.47100067138672
2015-07-24,ADBE,263,80.9800033569336
2015-07-24,META,196,96.03026580810547
2015-07-24,AAPL,832,27.749755859375
2015-07-27,NFLX,1926,10.642999649047852
2015-07-27,AMZN,790,26.570499420166016
2015-07-27,ADBE,263,79.93000030517578
2015-07-27,META,196,93.27661895751953
2015-07-27,AAPL,832,27.364152908325195
2015-07-28,NFLX,1955,10.6899995803833
2015-07-28,AMZN,971,26.30150032043457
2015-07-28,ADBE,227,80.58999633789062
2015-07-28,META,174,94.3860092163086
2015-07-28,PEP,163,67.99100494384766
2015-07-29,NFLX,1955,10.708000183105469
2015-07-29,AMZN,971,26.450000762939453
2015-07-29,ADBE,227,80.25
2015-07-29,META,174,96.06986999511719
2015-07-29,PEP,163,68.28813934326172
2015-07-30,NFLX,1955,11.156000137329102
2015-07-30,AMZN,971,26.83799934387207
2015-07-30,ADBE,227,81.29000091552734
2015-07-30,META,174,94.3067626953125
2015-07-30,PEP,163,68.35888671875
2015-07-31,NFLX,1955,11.430999755859375
2015-07-31,AMZN,971,26.8075008392334
2015-07-31,ADBE,227,81.98999786376953
2015-07-31,META,174,93.11815643310547
2015-07-31,PEP,163,68.16079711914062
2015-08-03,NFLX,1955,11.255999565124512
2015-08-03,AMZN,971,26.75149917602539
2015-08-03,ADBE,227,81.4000015258789
2015-08-03,META,174,93.24691772460938
2015-08-03,PEP,163,68.93897247314453
2015-08-04,NFLX,1745,12.114999771118164
2015-08-04,AMZN,993,26.594999313354492
2015-08-04,ADBE,234,82.05999755859375
2015-08-04,META,160,93.16767120361328
2015-08-04,PEP,227,69.1936264038086
2015-08-05,NFLX,1745,12.371000289916992
2015-08-05,AMZN,993,26.850500106811523
2015-08-05,ADBE,234,83.37999725341797
2015-08-05,META,160,95.52508544921875
2015-08-05,PEP,227,70.1698989868164
2015-08-06,NFLX,1745,12.645000457763672
2015-08-06,AMZN,993,26.472999572753906
2015-08-06,ADBE,234,82.19000244140625
2015-08-06,META,160,94.21762084960938
2015-08-06,PEP,227,70.14160919189453
2015-08-07,NFLX,1745,12.35200023651123
2015-08-07,AMZN,993,26.131000518798828
2015-08-07,ADBE,234,82.69000244140625
2015-08-07,META,160,93.4053955078125
2015-08-07,PEP,227,70.10618591308594
2015-08-10,NFLX,1745,12.303000450134277
2015-08-10,AMZN,993,26.200000762939453
2015-08-10,ADBE,234,83.62000274658203
2015-08-10,META,160,93.25682067871094
2015-08-10,PEP,227,70.09915924072266
2015-08-11,NFLX,1503,12.27400016784668
2015-08-11,AMZN,1021,26.37299919128418
2015-08-11,ADBE,253,83.9000015258789
2015-08-11,PEP,278,69.76664733886719
2015-08-11,COST,136,121.56948852539062
2015-08-12,NFLX,1503,12.050999641418457
2015-08-12,AMZN,1021,26.295499801635742
2015-08-12,ADBE,253,83.81999969482422
2015-08-12,PEP,278,69.59686279296875
2015-08-12,COST,136,122.40511322021484
2015-08-13,NFLX,1503,12.373000144958496
2015-08-13,AMZN,1021,26.482999801635742
2015-08-13,ADBE,253,84.30999755859375
2015-08-13,PEP,278,69.88692474365234
2015-08-13,COST,136,121.38572692871094
2015-08-14,NFLX,1503,12.33899974822998
2015-08-14,AMZN,1021,26.576000213623047
2015-08-14,ADBE,253,86.12000274658203
2015-08-14,PEP,278,70.19818878173828
2015-08-14,COST,136,122.07086181640625
2015-08-17,NFLX,1503,12.53600025177002
2015-08-17,AMZN,1021,26.76099967956543
2015-08-17,ADBE,253,86.7699966430664
2015-08-17,PEP,278,70.64385986328125
2015-08-17,COST,136,122.07086181640625
2015-08-18,NFLX,1343,12.404999732971191
2015-08-18,AMZN,1022,26.750999450683594
2015-08-18,ADBE,294,86.44999694824219
2015-08-18,PEP,292,70.58020782470703
2015-08-18,COST,129,121.68650817871094
2015-08-19,NFLX,1343,12.206000328063965
2015-08-19,AMZN,1022,26.645999908447266
2015-08-19,ADBE,294,85.4800033569336
2015-08-19,PEP,292,70.0284194946289
2015-08-19,COST,129,121.3021469116211
2015-08-20,NFLX,1343,11.24899959564209
2015-08-20,AMZN,1022,25.788999557495117
2015-08-20,ADBE,294,82.69000244140625
2015-08-20,PEP,292,69.31391906738281
2015-08-20,COST,129,120.0821533203125
2015-08-21,NFLX,1343,10.395999908447266
2015-08-21,AMZN,1022,24.723499298095703
2015-08-21,ADBE,294,78.87000274658203
2015-08-21,PEP,292,68.09004974365234
2015-08-21,COST,129,116.13823699951172
2015-08-24,NFLX,1343,9.687999725341797
2015-08-24,AMZN,1022,23.168500900268555
2015-08-24,ADBE,294,74.2699966430664
2015-08-24,PEP,292,64.96321105957031
2015-08-24,COST,129,111.10797119140625
2015-08-25,NFLX,2310,10.152000427246094
2015-08-25,AMZN,1022,23.318500518798828
2015-08-25,META,88,82.21259307861328
2015-08-25,GOOGL,350,30.3348445892334
2015-08-25,GOOG,296,28.82993507385254
2015-08-26,NFLX,2310,11.012999534606934
2015-08-26,AMZN,1022,25.03849983215332
2015-08-26,META,88,86.36283874511719
2015-08-26,GOOGL,350,32.67606735229492
2015-08-26,GOOG,296,31.136089324951172
2015-08-27,NFLX,2310,11.765999794006348
2015-08-27,AMZN,1022,25.918500900268555
2015-08-27,META,88,88.8787612915039
2015-08-27,GOOGL,350,33.083187103271484
2015-08-27,GOOG,296,31.58137321472168
2015-08-28,NFLX,2310,11.762999534606934
2015-08-28,AMZN,1022,25.90049934387207
2015-08-28,META,88,90.14659881591797
2015-08-28,GOOGL,350,32.673583984375
2015-08-28,GOOG,296,31.223262786865234
2015-08-31,NFLX,2310,11.503000259399414
2015-08-31,AMZN,1022,25.644500732421875
2015-08-31,META,88,88.58159637451172
2015-08-31,GOOGL,350,32.08567810058594
2015-08-31,GOOG,296,30.622453689575195
2015-09-01,NFLX,2224,10.579000473022461
2015-09-01,AMZN,1003,24.82699966430664
2015-09-01,META,163,86.4024658203125
2015-09-01,GOOGL,356,31.181289672851562
2015-09-01,NVDA,18409,0.5226917266845703
2015-09-02,NFLX,2224,10.543999671936035
2015-09-02,AMZN,1003,25.52750015258789
2015-09-02,META,163,89.0372314453125
2015-09-02,GOOGL,356,31.941553115844727
2015-09-02,NVDA,18409,0.5384498834609985
2015-09-03,NFLX,2224,10.105999946594238
2015-09-03,AMZN,1003,25.236000061035156
2015-09-03,META,163,87.31373596191406
2015-09-03,GOOGL,356,31.552261352539062
2015-09-03,NVDA,18409,0.5399043560028076
2015-09-04,NFLX,2224,9.878999710083008
2015-09-04,AMZN,1003,24.950000762939453
2015-09-04,META,163,87.42269897460938
2015-09-04,GOOGL,356,31.151569366455078
2015-09-04,NVDA,18409,0.5272976756095886
2015-09-08,NFLX,2224,9.494999885559082
2015-09-08,AMZN,1003,25.87700080871582
2015-09-08,META,163,88.68065643310547
2015-09-08,GOOGL,356,31.890539169311523
2015-09-08,NVDA,18409,0.5498442649841309
2015-09-09,NFLX,1885,9.918000221252441
2015-09-09,AMZN,952,25.844499588012695
2015-09-09,META,159,89.58201599121094
2015-09-09,COST,102,116.71473693847656
2015-09-09,ADBE,187,78.5199966430664
2015-09-10,NFLX,1885,9.947999954223633
2015-09-10,AMZN,952,26.11199951171875
2015-09-10,META,159,91.10740661621094
2015-09-10,COST,102,116.99049377441406
2015-09-10,ADBE,187,78.69999694824219
2015-09-11,NFLX,1885,9.75100040435791
2015-09-11,AMZN,952,26.472000122070312
2015-09-11,META,159,91.1767349243164
2015-09-11,COST,102,117.8594970703125
2015-09-11,ADBE,187,79.19000244140625
2015-09-14,NFLX,1885,9.569000244140625
2015-09-14,AMZN,952,26.069000244140625
2015-09-14,META,159,91.43425750732422
2015-09-14,COST,102,117.9430923461914
2015-09-14,ADBE,187,78.45999908447266
2015-09-15,NFLX,1904,9.916000366210938
2015-09-15,AMZN,948,26.118499755859375
2015-09-15,META,187,92.01868438720703
2015-09-15,COST,99,119.01263427734375
2015-09-15,GOOGL,360,32.94005584716797
2015-09-16,NFLX,1904,10.407999992370605
2015-09-16,AMZN,948,26.36949920654297
2015-09-16,META,187,92.56344604492188
2015-09-16,COST,99,119.99860382080078
2015-09-16,GOOGL,360,32.962345123291016
2015-09-17,NFLX,1904,10.420999526977539
2015-09-17,AMZN,948,26.943500518798828
2015-09-17,META,187,93.44501495361328
2015-09-17,COST,99,119.78135681152344
2015-09-17,GOOGL,360,33.26694107055664
2015-09-18,NFLX,1904,10.26200008392334
2015-09-18,AMZN,948,27.01300048828125
2015-09-18,META,187,93.50444793701172
2015-09-18,COST,99,118.49459075927734
2015-09-18,GOOGL,360,32.73450469970703
2015-09-21,NFLX,1904,10.029999732971191
2015-09-21,AMZN,948,27.41950035095215
2015-09-21,META,187,94.64354705810547
2015-09-21,COST,99,119.66439819335938
2015-09-21,GOOGL,360,33.03464889526367
2015-09-22,NFLX,1579,9.847000122070312
2015-09-22,AMZN,934,26.920000076293945
2015-09-22,META,187,92.07810974121094
2015-09-22,COST,105,119.19647979736328
2015-09-22,ADBE,228,84.66000366210938
2015-09-23,NFLX,1579,9.807000160217285
2015-09-23,AMZN,934,26.803499221801758
2015-09-23,META,187,93.07853698730469
2015-09-23,COST,105,121.51937866210938
2015-09-23,ADBE,228,85.5
2015-09-24,NFLX,1579,10.37600040435791
2015-09-24,AMZN,934,26.6875
2015-09-24,META,187,93.51435089111328
2015-09-24,COST,105,121.0514907836914
2015-09-24,ADBE,228,83.91000366210938
2015-09-25,NFLX,1579,10.223999977111816
2015-09-25,AMZN,934,26.212499618530273
2015-09-25,META,187,91.88990020751953
2015-09-25,COST,105,121.61966705322266
2015-09-25,ADBE,228,83.12999725341797
2015-09-28,NFLX,1579,9.946999549865723
2015-09-28,AMZN,934,25.202999114990234
2015-09-28,META,187,88.3636703491211
2015-09-28,COST,105,119.94847106933594
2015-09-28,ADBE,228,80.5199966430664
2015-09-29,NFLX,1840,9.835000038146973
2015-09-29,AMZN,971,24.803499221801758
2015-09-29,META,164,85.84777069091797
2015-09-29,COST,132,120.09053802490234
2015-09-29,NVDA,21595,0.5748152136802673
2015-09-30,NFLX,1840,10.326000213623047
2015-09-30,AMZN,971,25.594499588012695
2015-09-30,META,164,89.0471420288086
2015-09-30,COST,132,120.80082702636719
2015-09-30,NVDA,21595,0.5976040959358215
2015-10-01,NFLX,1840,10.597999572753906
2015-10-01,AMZN,971,26.035999298095703
2015-10-01,META,164,90.08717346191406
2015-10-01,COST,132,120.79243469238281
2015-10-01,NVDA,21595,0.5859672427177429
2015-10-02,NFLX,1840,10.611000061035156
2015-10-02,AMZN,971,26.62700080871582
2015-10-02,META,164,91.19654846191406
2015-10-02,COST,132,121.87869262695312
2015-10-02,NVDA,21595,0.6012405157089233
2015-10-05,NFLX,1840,11.125
2015-10-05,AMZN,971,27.18400001525879
2015-10-05,META,164,93.11815643310547
2015-10-05,COST,132,123.7253646850586
2015-10-05,NVDA,21595,0.6162717342376709
2015-10-06,NFLX,1484,10.833000183105469
2015-10-06,AMZN,957,26.874000549316406
2015-10-06,META,156,91.91961669921875
2015-10-06,COST,170,124.00946807861328
2015-10-06,ADBE,226,85.1500015258789
2015-10-07,NFLX,1484,10.8100004196167
2015-10-07,AMZN,957,27.097000122070312
2015-10-07,META,156,91.5234146118164
2015-10-07,COST,170,123.6334228515625
2015-10-07,ADBE,226,80.6500015258789
2015-10-08,NFLX,1484,11.493000030517578
2015-10-08,AMZN,957,26.658000946044922
2015-10-08,META,156,91.59276580810547
2015-10-08,COST,170,126.72510528564453
2015-10-08,ADBE,226,82.26000213623047
2015-10-09,NFLX,1484,11.333000183105469
2015-10-09,AMZN,957,26.989999771118164
2015-10-09,META,156,92.35545349121094
2015-10-09,COST,170,128.6553192138672
2015-10-09,ADBE,226,83.81999969482422
2015-10-12,NFLX,1484,11.345000267028809
2015-10-12,AMZN,957,27.50950050354004
2015-10-12,META,156,93.36577606201172
2015-10-12,COST,170,128.37124633789062
2015-10-12,ADBE,226,83.91999816894531
2015-10-13,NFLX,1328,10.972999572753906
2015-10-13,AMZN,958,27.44499969482422
2015-10-13,COST,204,127.24319458007812
2015-10-13,NVDA,22621,0.6400303244590759
2015-10-13,PEP,251,69.80880737304688
2015-10-14,NFLX,1328,11.02299976348877
2015-10-14,AMZN,958,27.241500854492188
2015-10-14,COST,204,125.20436096191406
2015-10-14,NVDA,22621,0.6633042097091675
2015-10-14,PEP,251,69.50226593017578
2015-10-15,NFLX,1328,10.109000205993652
2015-10-15,AMZN,958,28.121999740600586
2015-10-15,COST,204,126.81702423095703
2015-10-15,NVDA,22621,0.6650011539459229
2015-10-15,PEP,251,70.06546783447266
2015-10-16,NFLX,1328,9.89900016784668
2015-10-16,AMZN,958,28.538000106811523
2015-10-16,COST,204,127.0593032836914
2015-10-16,NVDA,22621,0.6754260063171387
2015-10-16,PEP,251,71.07779693603516
2015-10-19,NFLX,1328,10.168999671936035
2015-10-19,AMZN,958,28.657499313354492
2015-10-19,COST,204,128.0286102294922
2015-10-19,NVDA,22621,0.6742137670516968
2015-10-19,PEP,251,71.41996765136719
2015-10-20,AMZN,922,28.04400062561035
2015-10-20,COST,164,129.1482696533203
2015-10-20,PEP,236,71.48414611816406
2015-10-20,GOOGL,610,33.67952346801758
2015-10-20,GOOG,530,32.208927154541016
2015-10-21,AMZN,922,27.78849983215332
2015-10-21,COST,164,129.69146728515625
2015-10-21,PEP,236,71.46990203857422
2015-10-21,GOOGL,610,33.273380279541016
2015-10-21,GOOG,530,31.82902717590332
2015-10-22,AMZN,922,28.195499420166016
2015-10-22,COST,164,132.14797973632812
2015-10-22,PEP,236,73.48745727539062
2015-10-22,GOOGL,610,33.7359733581543
2015-10-22,GOOG,530,32.283714294433594
2015-10-23,AMZN,922,29.951499938964844
2015-10-23,COST,164,130.13426208496094
2015-10-23,PEP,236,73.02405548095703
2015-10-23,GOOGL,610,35.627479553222656
2015-10-23,GOOG,530,34.770660400390625
2015-10-26,AMZN,922,30.430500030517578
2015-10-26,COST,164,130.96151733398438
2015-10-26,PEP,236,73.10246276855469
2015-10-26,GOOGL,610,36.211421966552734
2015-10-26,GOOG,530,35.304603576660156
2015-10-27,AMZN,903,30.550500869750977
2015-10-27,COST,163,131.8221893310547
2015-10-27,PEP,244,73.38763427734375
2015-10-27,GOOGL,548,36.295623779296875
2015-10-27,META,172,102.71621704101562
2015-10-28,AMZN,903,30.854999542236328
2015-10-28,COST,163,131.8221893310547
2015-10-28,PEP,244,73.24504852294922
2015-10-28,GOOGL,548,36.49869155883789
2015-10-28,META,172,103.21146392822266
2015-10-29,AMZN,903,31.327499389648438
2015-10-29,COST,163,132.25668334960938
2015-10-29,PEP,244,73.28781127929688
2015-10-29,GOOGL,548,36.89145278930664
2015-10-29,META,172,103.88502502441406
2015-10-30,AMZN,903,31.295000076293945
2015-10-30,COST,163,132.1230010986328
2015-10-30,PEP,244,72.85295104980469
2015-10-30,GOOGL,548,36.52196502685547
2015-10-30,META,172,101.00262451171875
2015-11-02,AMZN,903,31.417499542236328
2015-11-02,COST,163,132.98365783691406
2015-11-02,PEP,244,72.28976440429688
2015-11-02,GOOGL,548,37.03458786010742
2015-11-02,META,172,102.32991027832031
2015-11-03,AMZN,884,31.265499114990234
2015-11-03,COST,173,132.6912078857422
2015-11-03,GOOGL,554,37.08808135986328
2015-11-03,META,166,101.60684204101562
2015-11-03,GOOG,469,35.76921081542969
2015-11-04,AMZN,884,32.04750061035156
2015-11-04,COST,173,131.3124542236328
2015-11-04,GOOGL,554,37.409523010253906
2015-11-04,META,166,102.95393371582031
2015-11-04,GOOG,469,36.06391525268555
2015-11-05,AMZN,884,32.782501220703125
2015-11-05,COST,173,130.57716369628906
2015-11-05,GOOGL,554,37.67499923706055
2015-11-05,META,166,107.72821044921875
2015-11-05,GOOG,469,36.21944808959961
2015-11-06,AMZN,884,32.96849822998047
2015-11-06,COST,173,131.646728515625
2015-11-06,GOOGL,554,37.72106170654297
2015-11-06,META,166,106.0839614868164
2015-11-06,GOOG,469,36.34376907348633
2015-11-09,AMZN,884,32.77450180053711
2015-11-09,COST,173,129.6497039794922
2015-11-09,GOOGL,554,37.38277053833008
2015-11-09,META,166,105.47974395751953
2015-11-09,GOOG,469,35.90442657470703
2015-11-10,AMZN,865,32.98400115966797
2015-11-10,COST,148,131.03196716308594
2015-11-10,GOOGL,600,37.555633544921875
2015-11-10,META,166,106.88627624511719
2015-11-10,GOOG,505,36.07432174682617
2015-11-11,AMZN,865,33.662498474121094
2015-11-11,COST,148,131.01522827148438
2015-11-11,GOOGL,600,37.90184020996094
2015-11-11,META,166,107.97583770751953
2015-11-11,GOOG,505,36.42499542236328
2015-11-12,AMZN,865,33.279998779296875
2015-11-12,COST,148,130.68849182128906
2015-11-12,GOOGL,600,37.46994400024414
2015-11-12,META,166,106.99523162841797
2015-11-12,GOOG,505,36.218448638916016
2015-11-13,AMZN,865,32.11750030517578
2015-11-13,COST,148,128.73654174804688
2015-11-13,GOOGL,600,36.65470504760742
2015-11-13,META,166,102.9638442993164
2015-11-13,GOOG,505,35.51362609863281
2015-11-16,AMZN,865,32.390499114990234
2015-11-16,COST,148,131.0654754638672
2015-11-16,GOOGL,600,37.167327880859375
2015-11-16,META,166,103.05299377441406
2015-11-16,GOOG,505,36.106021881103516
2015-11-17,AMZN,866,32.165000915527344
2015-11-17,COST,156,133.1095428466797
2015-11-17,GOOGL,603,36.947418212890625
2015-11-17,META,157,104.13264465332031
2015-11-17,GOOG,522,35.92473220825195
2015-11-18,AMZN,866,33.176998138427734
2015-11-18,COST,156,135.08665466308594
2015-11-18,GOOGL,603,37.642303466796875
2015-11-18,META,157,106.74759674072266
2015-11-18,GOOG,522,36.652835845947266
2015-11-19,AMZN,866,33.063499450683594
2015-11-19,COST,156,136.4102783203125
2015-11-19,GOOGL,603,37.63883972167969
2015-11-19,META,157,105.25194549560547
2015-11-19,GOOG,522,36.57408142089844
2015-11-20,AMZN,866,33.42250061035156
2015-11-20,COST,156,136.63644409179688
2015-11-20,GOOGL,603,38.48379898071289
2015-11-20,META,157,106.30187225341797
2015-11-20,GOOG,522,37.47504425048828
2015-11-23,AMZN,866,33.949501037597656
2015-11-23,COST,156,136.92965698242188
2015-11-23,GOOGL,603,38.46894454956055
2015-11-23,META,157,105.93537902832031
2015-11-23,GOOG,522,37.4443473815918
2015-11-24,AMZN,859,33.557498931884766
2015-11-24,COST,194,135.87408447265625
2015-11-24,GOOGL,567,38.118770599365234
2015-11-24,META,160,104.73686218261719
2015-11-24,GOOG,478,37.062957763671875
2015-11-25,AMZN,859,33.766998291015625
2015-11-25,COST,194,136.04165649414062
2015-11-25,GOOGL,567,38.10044479370117
2015-11-25,META,160,104.40999603271484
2015-11-25,GOOG,478,37.056522369384766
2015-11-27,AMZN,859,33.66299819946289
2015-11-27,COST,194,137.03860473632812
2015-11-27,GOOGL,567,38.23466873168945
2015-11-27,META,160,104.44961547851562
2015-11-27,GOOG,478,37.1610221862793
2015-11-30,AMZN,859,33.2400016784668
2015-11-30,COST,194,135.22903442382812
2015-11-30,GOOGL,567,37.78296661376953
2015-11-30,META,160,103.2510986328125
2015-11-30,GOOG,478,36.781620025634766
2015-12-01,AMZN,856,33.952999114990234
2015-12-01,COST,179,135.12014770507812
2015-12-01,GOOGL,635,38.820098876953125
2015-12-01,META,144,106.10377502441406
2015-12-01,GOOG,514,37.992156982421875
2015-12-02,AMZN,856,33.800498962402344
2015-12-02,COST,179,134.9525909423828
2015-12-02,GOOGL,635,38.52589797973633
2015-12-02,META,144,105.06371307373047
2015-12-02,GOOG,514,37.76134490966797
2015-12-03,AMZN,856,33.3125
2015-12-03,COST,179,137.114013671875
2015-12-03,GOOGL,635,38.04794692993164
2015-12-03,META,144,103.38976287841797
2015-12-03,GOOG,514,37.27395248413086
2015-12-04,AMZN,856,33.63199996948242
2015-12-04,COST,179,139.73614501953125
2015-12-04,GOOGL,635,38.5932502746582
2015-12-04,META,144,105.17269897460938
2015-12-04,GOOG,514,37.98076248168945
2015-12-07,AMZN,856,33.49150085449219
2015-12-07,COST,179,140.00421142578125
2015-12-07,GOOGL,635,38.285186767578125
2015-12-07,META,144,104.60810089111328
2015-12-07,GOOG,514,37.8044319152832
2015-12-08,AMZN,871,33.86650085449219
2015-12-08,COST,190,141.47027587890625
2015-12-08,GOOGL,610,38.39168167114258
2015-12-08,GOOG,498,37.76084518432617
2015-12-08,PEP,204,71.91312408447266
2015-12-09,AMZN,871,33.239498138427734
2015-12-09,COST,190,133.80482482910156
2015-12-09,GOOGL,610,37.76811218261719
2015-12-09,GOOG,498,37.22789001464844
2015-12-09,PEP,204,71.16649627685547
2015-12-10,AMZN,871,33.11600112915039
2015-12-10,COST,190,135.59762573242188
2015-12-10,GOOGL,610,37.64379119873047
2015-12-10,GOOG,498,37.121395111083984
2015-12-10,PEP,204,71.0013656616211
2015-12-11,AMZN,871,32.00749969482422
2015-12-11,COST,190,134.05621337890625
2015-12-11,GOOGL,610,37.167327880859375
2015-12-11,GOOG,498,36.59686279296875
2015-12-11,PEP,204,70.19728088378906
2015-12-14,AMZN,871,32.89550018310547
2015-12-14,COST,190,135.5808563232422
2015-12-14,GOOGL,610,37.76762008666992
2015-12-14,GOOG,498,37.037696838378906
2015-12-14,PEP,204,70.31934356689453
2015-12-15,AMZN,864,32.93199920654297
2015-12-15,COST,130,135.12014770507812
2015-12-15,GOOGL,688,37.646270751953125
2015-12-15,GOOG,565,36.82124328613281
2015-12-15,NFLX,1271,11.859999656677246
2015-12-16,AMZN,864,33.78850173950195
2015-12-16,COST,130,136.35165405273438
2015-12-16,GOOGL,688,38.4634895324707
2015-12-16,GOOG,565,37.548851013183594
2015-12-16,NFLX,1271,12.263999938964844
2015-12-17,AMZN,864,33.532501220703125
2015-12-17,COST,130,134.609130859375
2015-12-17,GOOGL,688,38.12868118286133
2015-12-17,GOOG,565,37.11991882324219
2015-12-17,NFLX,1271,12.25100040435791
2015-12-18,AMZN,864,33.207000732421875
2015-12-18,COST,130,132.11265563964844
2015-12-18,GOOGL,688,37.48579406738281
2015-12-18,GOOG,565,36.618656158447266
2015-12-18,NFLX,1271,11.802000045776367
2015-12-21,AMZN,864,33.22549819946289
2015-12-21,COST,130,133.52845764160156
2015-12-21,GOOGL,688,37.68144226074219
2015-12-21,GOOG,565,37.037696838378906
2015-12-21,NFLX,1271,11.663000106811523
2015-12-22,AMZN,854,33.157501220703125
2015-12-22,COST,117,135.06985473632812
2015-12-22,GOOGL,693,37.99494552612305
2015-12-22,GOOG,579,37.14814376831055
2015-12-22,NFLX,1292,11.62399959564209
2015-12-23,AMZN,854,33.185001373291016
2015-12-23,COST,117,135.4720001220703
2015-12-23,GOOGL,693,38.063297271728516
2015-12-23,GOOG,579,37.16350555419922
2015-12-23,NFLX,1292,11.815999984741211
2015-12-24,AMZN,854,33.13949966430664
2015-12-24,COST,117,135.5054931640625
2015-12-24,GOOGL,693,37.93105697631836
2015-12-24,GOOG,579,37.06889724731445
2015-12-24,NFLX,1292,11.732999801635742
2015-12-28,AMZN,854,33.7599983215332
2015-12-28,COST,117,135.01126098632812
2015-12-28,GOOGL,693,38.74332809448242
2015-12-28,GOOG,579,37.76778030395508
2015-12-28,NFLX,1292,11.711000442504883
2015-12-29,AMZN,854,34.69850158691406
2015-12-29,COST,114,136.26788330078125
2015-12-29,GOOGL,696,39.32380294799805
2015-12-29,GOOG,582,38.46567153930664
2015-12-29,META,144,106.24244689941406
2015-12-30,AMZN,854,34.45349884033203
2015-12-30,COST,114,136.30978393554688
2015-12-30,GOOGL,696,39.14253616333008
2015-12-30,GOOG,582,38.18829345703125
2015-12-30,META,144,105.21231079101562
2015-12-31,AMZN,854,33.794498443603516
2015-12-31,COST,114,135.2960662841797
2015-12-31,GOOGL,696,38.5338249206543
2015-12-31,GOOG,582,37.587982177734375
2015-12-31,META,144,103.6671142578125
2016-01-04,AMZN,854,31.84950065612793
2016-01-04,COST,114,133.65414428710938
2016-01-04,GOOGL,696,37.61407470703125
2016-01-04,GOOG,582,36.74397277832031
2016-01-04,META,144,101.25025177001953
2016-01-05,AMZN,868,31.68950080871582
2016-01-05,COST,117,133.98081970214844
2016-01-05,GOOGL,720,37.71759796142578
2016-01-05,GOOG,597,36.78062438964844
2016-01-05,META,158,101.75542449951172
2016-01-06,AMZN,868,31.63249969482422
2016-01-06,COST,117,132.74093627929688
2016-01-06,GOOGL,720,37.60862350463867
2016-01-06,GOOG,597,36.83213424682617
2016-01-06,META,158,101.99315643310547
2016-01-07,AMZN,868,30.39699935913086
2016-01-07,COST,117,129.6999053955078
2016-01-07,GOOGL,720,36.70075988769531
2016-01-07,GOOG,597,35.978721618652344
2016-01-07,META,158,96.99104309082031
2016-01-08,AMZN,868,30.352500915527344
2016-01-08,COST,117,127.42963409423828
2016-01-08,GOOGL,720,36.20102310180664
2016-01-08,GOOG,597,35.3883171081543
2016-01-08,META,158,96.40665435791016
2016-01-11,AMZN,868,30.886999130249023
2016-01-11,COST,117,129.6161651611328
2016-01-11,GOOGL,720,36.308006286621094
2016-01-11,GOOG,597,35.465576171875
2016-01-11,META,158,96.58494567871094
2016-01-12,AMZN,870,30.894500732421875
2016-01-12,GOOGL,736,36.91572570800781
2016-01-12,GOOG,618,35.96287155151367
2016-01-12,NFLX,1313,11.657999992370605
2016-01-12,ADBE,167,89.81999969482422
2016-01-13,AMZN,870,29.090499877929688
2016-01-13,GOOGL,736,35.63936233520508
2016-01-13,GOOG,618,34.6993408203125
2016-01-13,NFLX,1313,10.656000137329102
2016-01-13,ADBE,167,88.30000305175781
2016-01-14,AMZN,870,29.649999618530273
2016-01-14,GOOGL,736,36.22480392456055
2016-01-14,GOOG,618,35.400699615478516
2016-01-14,NFLX,1313,10.706000328063965
2016-01-14,ADBE,167,89.80000305175781
2016-01-15,AMZN,870,28.509000778198242
2016-01-15,GOOGL,736,35.18964767456055
2016-01-15,GOOG,618,34.39670181274414
2016-01-15,NFLX,1313,10.404000282287598
2016-01-15,ADBE,167,89.16999816894531
2016-01-19,AMZN,870,28.724000930786133
2016-01-19,GOOGL,736,35.6151008605957
2016-01-19,GOOG,618,34.7602653503418
2016-01-19,NFLX,1313,10.788999557495117
2016-01-19,ADBE,167,89.18000030517578
2016-01-20,AMZN,908,28.588499069213867
2016-01-20,GOOGL,673,35.58934783935547
2016-01-20,GOOG,561,34.59482955932617
2016-01-20,NFLX,1413,10.77400016784668
2016-01-20,ADBE,208,87.94000244140625
2016-01-21,AMZN,908,28.750999450683594
2016-01-21,GOOGL,673,35.99102020263672
2016-01-21,GOOG,561,34.99801254272461
2016-01-21,NFLX,1413,10.234999656677246
2016-01-21,ADBE,208,88.0
2016-01-22,AMZN,908,29.819000244140625
2016-01-22,GOOGL,673,36.92166519165039
2016-01-22,GOOG,561,35.92226028442383
2016-01-22,NFLX,1413,10.071999549865723
2016-01-22,ADBE,208,89.62999725341797
2016-01-25,AMZN,908,29.826499938964844
2016-01-25,GOOGL,673,36.33524703979492
2016-01-25,GOOG,561,35.249629974365234
2016-01-25,NFLX,1413,9.911999702453613
2016-01-25,ADBE,208,86.7699966430664
2016-01-26,AMZN,867,30.0625
2016-01-26,GOOGL,718,36.343666076660156
2016-01-26,GOOG,604,35.31748962402344
2016-01-26,NFLX,1202,9.782999992370605
2016-01-26,NVDA,17156,0.6984325647354126
2016-01-27,AMZN,867,29.167499542236328
2016-01-27,GOOGL,718,35.54080581665039
2016-01-27,GOOG,604,34.671112060546875
2016-01-27,NFLX,1202,9.114999771118164
2016-01-27,NVDA,17156,0.6901587247848511
2016-01-28,AMZN,867,31.767499923706055
2016-01-28,GOOGL,718,37.06233215332031
2016-01-28,GOOG,604,36.205074310302734
2016-01-28,NFLX,1202,9.440999984741211
2016-01-28,NVDA,17156,0.6826145648956299
2016-01-29,AMZN,867,29.350000381469727
2016-01-29,GOOGL,718,37.708675384521484
2016-01-29,GOOG,604,36.798954010009766
2016-01-29,NFLX,1202,9.184000015258789
2016-01-29,NVDA,17156,0.7127906680107117
2016-02-01,AMZN,867,28.74049949645996
2016-02-01,GOOGL,718,38.175235748291016
2016-02-01,GOOG,604,37.24720001220703
2016-02-01,NFLX,1202,9.409000396728516
2016-02-01,NVDA,17156,0.7130340933799744
2016-02-02,GOOGL,677,38.67746353149414
2016-02-02,GOOG,689,37.873775482177734
2016-02-02,NVDA,17634,0.6828579306602478
2016-02-02,MSFT,469,46.11479568481445
2016-02-02,ADBE,194,87.94999694824219
2016-02-03,GOOGL,677,37.115821838378906
2016-02-03,GOOG,689,36.0064582824707
2016-02-03,NVDA,17634,0.6862648129463196
2016-02-03,MSFT,469,45.38393020629883
2016-02-03,ADBE,194,87.98999786376953
2016-02-04,GOOGL,677,36.157432556152344
2016-02-04,GOOG,689,35.0683479309082
2016-02-04,NVDA,17634,0.686508297920227
2016-02-04,MSFT,469,45.24470520019531
2016-02-04,ADBE,194,86.36000061035156
2016-02-05,GOOGL,677,34.8563232421875
2016-02-05,GOOG,689,33.85780334472656
2016-02-05,NVDA,17634,0.6431906819343567
2016-02-05,MSFT,469,43.64374542236328
2016-02-05,ADBE,194,79.19999694824219
2016-02-08,GOOGL,677,34.876129150390625
2016-02-08,GOOG,689,33.81670379638672
2016-02-08,NVDA,17634,0.6137445569038391
2016-02-08,MSFT,469,42.99117660522461
2016-02-08,ADBE,194,74.94000244140625
2016-02-09,AVGO,2557,9.101117134094238
2016-02-10,AVGO,2557,9.062344551086426
2016-02-11,AVGO,2557,8.842626571655273
2016-02-12,AVGO,2557,9.249369621276855
2016-02-16,AVGO,2557,9.597570419311523
2016-02-17,AVGO,2447,9.935123443603516
2016-02-17,PEP,332,71.46800994873047
2016-02-18,AVGO,2447,9.660670280456543
2016-02-18,PEP,332,71.51823425292969
2016-02-19,AVGO,2447,9.78231143951416
2016-02-19,PEP,332,71.48954010009766
2016-02-22,AVGO,2447,9.932085037231445
2016-02-22,PEP,332,71.69773864746094
2016-02-23,AVGO,2243,9.743539810180664
2016-02-23,PEP,332,71.4608154296875
2016-02-23,NVDA,31299,0.7690060138702393
2016-02-24,AVGO,2243,9.909276008605957
2016-02-24,PEP,332,71.56134033203125
2016-02-24,NVDA,31299,0.7743598222732544
2016-02-25,AVGO,2243,10.071216583251953
2016-02-25,PEP,332,72.27203369140625
2016-02-25,NVDA,31299,0.7760635018348694
2016-02-26,AVGO,2243,10.119873046875
2016-02-26,PEP,332,70.61369323730469
2016-02-26,NVDA,31299,0.7709528803825378
2016-02-29,AVGO,2243,10.18525505065918
2016-02-29,PEP,332,70.22603607177734
2016-02-29,NVDA,31299,0.7659459710121155
2016-03-01,AVGO,1363,10.524332046508789
2016-03-01,NVDA,31218,0.7998955845832825
2016-03-01,META,224,108.77814483642578
2016-03-02,AVGO,1363,10.413333892822266
2016-03-02,NVDA,31218,0.8045362234115601
2016-03-02,META,224,108.90692138671875
2016-03-03,AVGO,1363,10.440699577331543
2016-03-03,NVDA,31218,0.7974531650543213
2016-03-03,META,224,108.54042053222656
2016-03-04,AVGO,1363,11.104413032531738
2016-03-04,NVDA,31218,0.7950107455253601
2016-03-04,META,224,107.3617172241211
2016-03-07,AVGO,1363,10.910544395446777
2016-03-07,NVDA,31218,0.7898816466331482
2016-03-07,META,224,104.72695922851562
2016-03-08,NVDA,30809,0.7754714488983154
2016-03-08,META,217,104.925048828125
2016-03-08,AMD,97,2.299999952316284
2016-03-08,PEP,336,72.11602783203125
2016-03-09,NVDA,30809,0.7749829292297363
2016-03-09,META,217,106.49006652832031
2016-03-09,AMD,97,2.259999990463257
2016-03-09,PEP,336,72.44865417480469
2016-03-10,NVDA,30809,0.7737616300582886
2016-03-10,META,217,106.30187225341797
2016-03-10,AMD,97,2.259999990463257
2016-03-10,PEP,336,72.86801147460938
2016-03-11,NVDA,30809,0.7869507670402527
2016-03-11,META,217,108.37205505371094
2016-03-11,AMD,97,2.5199999809265137
2016-03-11,PEP,336,73.25122833251953
2016-03-14,NVDA,30809,0.7889047861099243
2016-03-14,META,217,108.84748077392578
2016-03-14,AMD,97,2.7200000286102295
2016-03-14,PEP,336,72.77400970458984
2016-03-15,META,216,109.62008666992188
2016-03-15,AMD,1216,2.490000009536743
2016-03-15,PEP,336,73.13553619384766
2016-03-15,AVGO,1638,11.287636756896973
2016-03-15,CSCO,281,20.106239318847656
2016-03-16,META,216,111.11576843261719
2016-03-16,AMD,1216,2.630000114440918
2016-03-16,PEP,336,72.90415954589844
2016-03-16,AVGO,1638,11.337217330932617
2016-03-16,CSCO,281,20.266159057617188
2016-03-17,META,216,109.9667739868164
2016-03-17,AMD,1216,2.799999952316284
2016-03-17,PEP,336,73.6561279296875
2016-03-17,AVGO,1638,11.559948921203613
2016-03-17,CSCO,281,20.491504669189453
2016-03-18,META,216,110.39268493652344
2016-03-18,AMD,1216,2.930000066757202
2016-03-18,PEP,336,73.23676300048828
2016-03-18,AVGO,1638,11.631649017333984
2016-03-18,CSCO,281,20.5932674407959
2016-03-21,META,216,110.78890228271484
2016-03-21,AMD,1216,2.799999952316284
2016-03-21,PEP,336,73.4175033569336
2016-03-21,AVGO,1638,11.662160873413086
2016-03-21,CSCO,281,20.491504669189453
2016-03-22,META,139,111.18511199951172
2016-03-22,PEP,338,72.86077117919922
2016-03-22,AVGO,1046,11.804800033569336
2016-03-22,NVDA,29983,0.8267621397972107
2016-03-22,TSLA,593,15.616000175476074
2016-03-23,META,139,111.47235870361328
2016-03-23,PEP,338,72.88968658447266
2016-03-23,AVGO,1046,11.669787406921387
2016-03-23,NVDA,29983,0.8409286141395569
2016-03-23,TSLA,593,14.838666915893555
2016-03-24,META,139,111.97752380371094
2016-03-24,PEP,338,72.79566955566406
2016-03-24,AVGO,1046,11.670553207397461
2016-03-24,NVDA,29983,0.842149555683136
2016-03-24,TSLA,593,15.183333396911621
2016-03-28,META,139,112.61143493652344
2016-03-28,PEP,338,73.01261138916016
2016-03-28,AVGO,1046,11.678179740905762
2016-03-28,NVDA,29983,0.8506978750228882
2016-03-28,TSLA,593,15.350666999816895
2016-03-29,META,130,115.03819274902344
2016-03-29,PEP,340,73.29460144042969
2016-03-29,AVGO,1205,11.756747245788574
2016-03-29,NVDA,29382,0.8643758296966553
2016-03-29,TSLA,522,15.342000007629395
2016-03-30,META,130,113.61186218261719
2016-03-30,PEP,340,74.2490234375
2016-03-30,AVGO,1205,11.970328330993652
2016-03-30,NVDA,29382,0.8734127879142761
2016-03-30,TSLA,522,15.12600040435791
2016-03-31,META,130,113.01756286621094
2016-03-31,PEP,340,74.09716796875
2016-03-31,AVGO,1205,11.7849702835083
2016-03-31,NVDA,29382,0.8702376484870911
2016-03-31,TSLA,522,15.317999839782715
2016-04-01,META,130,114.95896911621094
2016-04-01,PEP,340,75.03713989257812
2016-04-01,AVGO,1205,12.036686897277832
2016-04-01,NVDA,29382,0.8829384446144104
2016-04-01,TSLA,522,15.839332580566406
2016-04-04,META,130,111.48226165771484
2016-04-04,PEP,340,75.06604766845703
2016-04-04,AVGO,1205,11.900150299072266
2016-04-04,NVDA,29382,0.8743899464607239
2016-04-04,TSLA,522,16.465999603271484
2016-04-05,PEP,337,74.54546356201172
2016-04-05,AVGO,899,11.825397491455078
2016-04-05,NVDA,25547,0.8731685876846313
2016-04-05,MSFT,522,47.8129768371582
2016-04-05,ADBE,126,94.16999816894531
2016-04-06,PEP,337,75.13835144042969
2016-04-06,AVGO,899,12.016855239868164
2016-04-06,NVDA,25547,0.8743899464607239
2016-04-06,MSFT,522,48.30373764038086
2016-04-06,ADBE,126,95.4000015258789
2016-04-07,PEP,337,74.906982421875
2016-04-07,AVGO,899,11.820822715759277
2016-04-07,NVDA,25547,0.8653528094291687
2016-04-07,MSFT,522,47.7253532409668
2016-04-07,ADBE,126,93.77999877929688
2016-04-08,PEP,337,75.97708129882812
2016-04-08,AVGO,899,11.91082763671875
2016-04-08,NVDA,25547,0.8709703683853149
2016-04-08,MSFT,522,47.69029998779297
2016-04-08,ADBE,126,94.06999969482422
2016-04-11,PEP,337,75.4131088256836
2016-04-11,AVGO,899,11.86963939666748
2016-04-11,NVDA,25547,0.8763436675071716
2016-04-11,MSFT,522,47.593910217285156
2016-04-11,ADBE,126,92.94999694824219
2016-04-12,PEP,308,75.85414123535156
2016-04-12,NVDA,18183,0.8753668665885925
2016-04-12,MSFT,356,47.891849517822266
2016-04-12,GOOGL,613,37.85577392578125
2016-04-12,GOOG,599,36.80588150024414
2016-04-13,PEP,308,75.28294372558594
2016-04-13,NVDA,18183,0.8973485231399536
2016-04-13,MSFT,356,48.505306243896484
2016-04-13,GOOGL,613,38.23169708251953
2016-04-13,GOOG,599,37.233341217041016
2016-04-14,PEP,308,74.58885192871094
2016-04-14,NVDA,18183,0.8997910618782043
2016-04-14,MSFT,356,48.51405334472656
2016-04-14,GOOGL,613,38.40406036376953
2016-04-14,GOOG,599,37.306644439697266
2016-04-15,PEP,308,75.02989196777344
2016-04-15,NVDA,18183,0.9068740606307983
2016-04-15,MSFT,356,48.768192291259766
2016-04-15,GOOGL,613,38.63238525390625
2016-04-15,GOOG,599,37.59392547607422
2016-04-18,PEP,308,74.99372863769531
2016-04-18,NVDA,18183,0.9029662013053894
2016-04-18,MSFT,356,49.478031158447266
2016-04-18,GOOGL,613,39.01276397705078
2016-04-18,GOOG,599,37.97085952758789
2016-04-19,PEP,266,75.42755889892578
2016-04-19,NVDA,18095,0.8868460059165955
2016-04-19,MSFT,355,49.416690826416016
2016-04-19,GOOGL,654,38.4466552734375
2016-04-19,GOOG,643,37.34280014038086
2016-04-20,PEP,266,74.0682601928711
2016-04-20,NVDA,18095,0.8902656435966492
2016-04-20,MSFT,355,48.715606689453125
2016-04-20,GOOGL,654,38.38077926635742
2016-04-20,GOOG,643,37.2803955078125
2016-04-21,PEP,266,73.01983642578125
2016-04-21,NVDA,18095,0.889288604259491
2016-04-21,MSFT,355,48.88212203979492
2016-04-21,GOOGL,654,38.63238525390625
2016-04-21,GOOG,643,37.600860595703125
2016-04-22,PEP,266,73.73564147949219
2016-04-22,NVDA,18095,0.8858693838119507
2016-04-22,MSFT,355,45.37675094604492
2016-04-22,GOOGL,654,36.540794372558594
2016-04-22,GOOG,643,35.601295471191406
2016-04-25,PEP,266,74.32853698730469
2016-04-25,NVDA,18095,0.8902656435966492
2016-04-25,MSFT,355,45.665958404541016
2016-04-25,GOOGL,654,36.76069641113281
2016-04-25,GOOG,643,35.81824493408203
2016-04-26,PEP,333,74.1839370727539
2016-04-26,NVDA,23801,0.8909984230995178
2016-04-26,GOOGL,547,35.9266357421875
2016-04-26,GOOG,542,35.07478713989258
2016-04-26,AMZN,353,30.8439998626709
2016-04-27,PEP,333,74.20562744140625
2016-04-27,NVDA,23801,0.9112706780433655
2016-04-27,GOOGL,547,35.732975006103516
2016-04-27,GOOG,542,34.96086120605469
2016-04-27,AMZN,353,30.328500747680664
2016-04-28,PEP,333,74.45145416259766
2016-04-28,NVDA,23801,0.8841594457626343
2016-04-28,GOOGL,547,34.92070388793945
2016-04-28,GOOG,542,34.226810455322266
2016-04-28,AMZN,353,30.100000381469727
2016-04-29,PEP,333,74.4442367553711
2016-04-29,NVDA,23801,0.8677952289581299
2016-04-29,GOOGL,547,35.06037521362305
2016-04-29,GOOG,542,34.325382232666016
2016-04-29,AMZN,353,32.97949981689453
2016-05-02,PEP,333,74.7840347290039
2016-05-02,NVDA,23801,0.879274308681488
2016-05-02,GOOGL,547,35.38380432128906
2016-05-02,GOOG,542,34.582942962646484
2016-05-02,AMZN,353,34.192501068115234
2016-05-03,PEP,329,74.87806701660156
2016-05-03,NVDA,21853,0.8687722086906433
2016-05-03,AMZN,488,33.566001892089844
2016-05-03,META,184,116.31596374511719
2016-05-03,ADBE,109,93.66000366210938
2016-05-04,PEP,329,75.21066284179688
2016-05-04,NVDA,21853,0.8489884734153748
2016-05-04,AMZN,488,33.54499816894531
2016-05-04,META,184,116.94000244140625
2016-05-04,ADBE,109,92.94000244140625
2016-05-05,PEP,329,75.3480224609375
2016-05-05,NVDA,21853,0.8541176319122314
2016-05-05,AMZN,488,32.954498291015625
2016-05-05,META,184,116.69235229492188
2016-05-05,ADBE,109,93.5
2016-05-06,PEP,329,75.89031982421875
2016-05-06,NVDA,21853,0.8629104495048523
2016-05-06,AMZN,488,33.6974983215332
2016-05-06,META,184,118.3564224243164
2016-05-06,ADBE,109,94.30000305175781
2016-05-09,PEP,329,76.12166595458984
2016-05-09,NVDA,21853,0.8616892099380493
2016-05-09,AMZN,488,33.98749923706055
2016-05-09,META,184,118.10879516601562
2016-05-09,ADBE,109,94.61000061035156
2016-05-10,PEP,286,77.05441284179688
2016-05-10,NVDA,21416,0.8782978057861328
2016-05-10,META,161,119.3568344116211
2016-05-10,GOOGL,531,36.62053680419922
2016-05-10,GOOG,582,35.81972122192383
2016-05-11,PEP,286,76.43982696533203
2016-05-11,NVDA,21416,0.8807401657104492
2016-05-11,META,161,118.3861312866211
2016-05-11,GOOGL,531,36.18319320678711
2016-05-11,GOOG,582,35.42892837524414
2016-05-12,PEP,286,76.71456146240234
2016-05-12,NVDA,21416,0.8687722086906433
2016-05-12,META,161,119.13892364501953
2016-05-12,GOOGL,531,36.060359954833984
2016-05-12,GOOG,582,35.33086395263672
2016-05-13,PEP,286,75.32633972167969
2016-05-13,NVDA,21416,1.0009074211120605
2016-05-13,META,161,118.6733627319336
2016-05-13,GOOGL,531,35.8998908996582
2016-05-13,GOOG,582,35.20802307128906
2016-05-16,PEP,286,75.29017639160156
2016-05-16,NVDA,21416,1.0304605960845947
2016-05-16,META,161,117.54420471191406
2016-05-16,GOOGL,531,36.170806884765625
2016-05-16,GOOG,582,35.488365173339844
2016-05-17,PEP,247,74.01762390136719
2016-05-17,META,172,116.23670959472656
2016-05-17,GOOGL,617,35.670074462890625
2016-05-17,GOOG,686,34.980186462402344
2016-05-17,AMZN,470,34.76350021362305
2016-05-18,PEP,247,72.96199798583984
2016-05-18,META,172,116.53387451171875
2016-05-18,GOOGL,617,35.74882888793945
2016-05-18,GOOG,686,34.999996185302734
2016-05-18,AMZN,470,34.872501373291016
2016-05-19,PEP,247,73.26567077636719
2016-05-19,META,172,115.70184326171875
2016-05-19,GOOGL,617,35.428367614746094
2016-05-19,GOOG,686,34.68745040893555
2016-05-19,AMZN,470,34.92599868774414
2016-05-20,PEP,247,72.37632751464844
2016-05-20,META,172,116.23670959472656
2016-05-20,GOOGL,617,35.745357513427734
2016-05-20,GOOG,686,35.15403747558594
2016-05-20,AMZN,470,35.13999938964844
2016-05-23,PEP,247,72.60771942138672
2016-05-23,META,172,114.86980438232422
2016-05-23,GOOGL,617,35.52446365356445
2016-05-23,GOOG,686,34.881614685058594
2016-05-23,AMZN,470,34.837501525878906
2016-05-24,META,195,116.58340454101562
2016-05-24,GOOG,701,35.66667938232422
2016-05-24,AMZN,518,35.209999084472656
2016-05-24,ADBE,171,99.62999725341797
2016-05-24,NVDA,16968,1.1107633113861084
2016-05-25,META,195,116.77159881591797
2016-05-25,GOOG,701,35.923255920410156
2016-05-25,AMZN,518,35.41749954223633
2016-05-25,ADBE,171,99.61000061035156
2016-05-25,NVDA,16968,1.1061104536056519
2016-05-26,META,195,118.33660125732422
2016-05-26,GOOG,701,35.86628341674805
2016-05-26,AMZN,518,35.74549865722656
2016-05-26,ADBE,171,99.37000274658203
2016-05-26,NVDA,16968,1.1178646087646484
2016-05-27,META,195,118.24744415283203
2016-05-27,GOOG,701,36.28928756713867
2016-05-27,AMZN,518,35.61199951171875
2016-05-27,ADBE,171,100.13999938964844
2016-05-27,NVDA,16968,1.1239861249923706
2016-05-31,META,195,117.6828842163086
2016-05-31,GOOG,701,36.44084167480469
2016-05-31,AMZN,518,36.13949966430664
2016-05-31,ADBE,171,99.47000122070312
2016-05-31,NVDA,16968,1.144066333770752
2016-06-01,META,173,117.65315246582031
2016-06-01,GOOG,671,36.36308288574219
2016-06-01,AMZN,463,35.97200012207031
2016-06-01,ADBE,190,100.04000091552734
2016-06-01,GOOGL,619,37.070247650146484
2016-06-02,META,173,117.80175018310547
2016-06-02,GOOG,671,36.177337646484375
2016-06-02,AMZN,463,36.4119987487793
2016-06-02,ADBE,190,100.16999816894531
2016-06-02,GOOGL,619,36.86272430419922
2016-06-03,META,173,117.34611511230469
2016-06-03,GOOG,671,35.77812576293945
2016-06-03,AMZN,463,36.277000427246094
2016-06-03,ADBE,190,98.69999694824219
2016-06-03,GOOGL,619,36.44618606567383
2016-06-06,META,173,117.6630630493164
2016-06-06,GOOG,671,35.4913330078125
2016-06-06,AMZN,463,36.33649826049805
2016-06-06,ADBE,190,99.12000274658203
2016-06-06,GOOGL,619,36.15892791748047
2016-06-07,META,163,116.642822265625
2016-06-07,GOOG,624,35.496299743652344
2016-06-07,ADBE,195,98.5199966430664
2016-06-07,GOOGL,581,36.209930419921875
2016-06-07,PEP,276,74.66009521484375
2016-06-08,META,163,117.26685333251953
2016-06-08,GOOG,624,36.07233810424805
2016-06-08,ADBE,195,98.68000030517578
2016-06-08,GOOGL,581,36.79636001586914
2016-06-08,PEP,276,75.1627197265625
2016-06-09,META,163,117.43524169921875
2016-06-09,GOOG,624,36.08720016479492
2016-06-09,ADBE,195,98.06999969482422
2016-06-09,GOOGL,581,36.77605438232422
2016-06-09,PEP,276,75.51239013671875
2016-06-10,META,163,115.51364135742188
2016-06-10,GOOG,624,35.63299560546875
2016-06-10,ADBE,195,97.08999633789062
2016-06-10,GOOGL,581,36.31394958496094
2016-06-10,PEP,276,75.25743103027344
2016-06-13,META,163,112.86898040771484
2016-06-13,GOOG,624,35.580989837646484
2016-06-13,ADBE,195,96.95999908447266
2016-06-13,GOOGL,581,36.24906921386719
2016-06-13,PEP,276,75.07530975341797
2016-06-14,META,177,113.8495864868164
2016-06-14,ADBE,212,96.9800033569336
2016-06-14,PEP,324,75.1991958618164
2016-06-14,AMZN,524,35.96500015258789
2016-06-14,NVDA,15319,1.147984504699707
2016-06-15,META,177,113.51280212402344
2016-06-15,ADBE,212,97.0199966430664
2016-06-15,PEP,324,74.92961120605469
2016-06-15,AMZN,524,35.7130012512207
2016-06-15,NVDA,15319,1.159738540649414
2016-06-16,META,177,113.3048095703125
2016-06-16,ADBE,212,97.19000244140625
2016-06-16,PEP,324,75.65080261230469
2016-06-16,AMZN,524,35.8754997253418
2016-06-16,NVDA,15319,1.1643909215927124
2016-06-17,META,177,111.94779205322266
2016-06-17,ADBE,212,95.58000183105469
2016-06-17,PEP,324,75.33029174804688
2016-06-17,AMZN,524,35.31949996948242
2016-06-17,NVDA,15319,1.144066333770752
2016-06-20,META,177,112.29448699951172
2016-06-20,ADBE,212,97.98999786376953
2016-06-20,PEP,324,75.30115509033203
2016-06-20,AMZN,524,35.70050048828125
2016-06-20,NVDA,15319,1.1646358966827393
2016-06-21,META,168,113.2948989868164
2016-06-21,ADBE,253,99.72000122070312
2016-06-21,PEP,297,75.81834411621094
2016-06-21,AMZN,518,35.79100036621094
2016-06-21,NVDA,14671,1.1575342416763306
2016-06-22,META,168,112.82936096191406
2016-06-22,ADBE,253,94.01000213623047
2016-06-22,PEP,297,75.57067108154297
2016-06-22,AMZN,518,35.529998779296875
2016-06-22,NVDA,14671,1.156554937362671
2016-06-23,META,168,113.9882583618164
2016-06-23,ADBE,253,96.20999908447266
2016-06-23,PEP,297,76.08059692382812
2016-06-23,AMZN,518,36.104000091552734
2016-06-23,NVDA,14671,1.1874092817306519
2016-06-24,META,168,111.0167236328125
2016-06-24,ADBE,253,92.19999694824219
2016-06-24,PEP,297,74.28857421875
2016-06-24,AMZN,518,34.948001861572266
2016-06-24,NVDA,14671,1.1198233366012573
2016-06-27,META,168,107.93623352050781
2016-06-27,ADBE,253,90.8499984741211
2016-06-27,PEP,297,74.3978271484375
2016-06-27,AMZN,518,34.56800079345703
2016-06-27,NVDA,14671,1.1078243255615234
2016-06-28,PEP,330,74.4051284790039
2016-06-28,AMZN,702,35.397499084472656
2016-06-28,NVDA,21782,1.1239861249923706
2016-06-28,AMD,667,5.119999885559082
2016-06-29,PEP,330,75.11901092529297
2016-06-29,AMZN,702,35.779998779296875
2016-06-29,NVDA,21782,1.1423522233963013
2016-06-29,AMD,667,5.130000114440918
2016-06-30,PEP,330,77.17328643798828
2016-06-30,AMZN,702,35.78099822998047
2016-06-30,NVDA,21782,1.1511677503585815
2016-06-30,AMD,667,5.139999866485596
2016-07-01,PEP,330,76.94744873046875
2016-07-01,AMZN,702,36.284000396728516
2016-07-01,NVDA,21782,1.1425970792770386
2016-07-01,AMD,667,5.070000171661377
2016-07-05,PEP,330,77.52293395996094
2016-07-05,AMZN,702,36.404998779296875
2016-07-05,NVDA,21782,1.1594938039779663
2016-07-05,AMD,667,4.960000038146973
2016-07-06,PEP,325,77.15872192382812
2016-07-06,AMZN,626,36.88050079345703
2016-07-06,NVDA,17590,1.1668400764465332
2016-07-06,META,164,115.59288024902344
2016-07-06,ADBE,130,95.18000030517578
2016-07-07,PEP,325,78.30238342285156
2016-07-07,AMZN,626,36.82849884033203
2016-07-07,NVDA,17590,1.197204828262329
2016-07-07,META,164,114.75094604492188
2016-07-07,ADBE,130,95.13999938964844
2016-07-08,PEP,325,78.87060546875
2016-07-08,AMZN,626,37.29050064086914
2016-07-08,NVDA,17590,1.245200276374817
2016-07-08,META,164,116.12776184082031
2016-07-08,ADBE,130,96.79000091552734
2016-07-11,PEP,325,79.33680725097656
2016-07-11,AMZN,626,37.68899917602539
2016-07-11,NVDA,17590,1.2738513946533203
2016-07-11,META,164,116.75180053710938
2016-07-11,ADBE,130,97.13999938964844
2016-07-12,PEP,334,79.2493896484375
2016-07-12,AMZN,608,37.410499572753906
2016-07-12,NVDA,15951,1.2929513454437256
2016-07-12,META,166,116.81122589111328
2016-07-12,COST,108,140.09127807617188
2016-07-13,PEP,334,80.0652847290039
2016-07-13,AMZN,608,37.131500244140625
2016-07-13,NVDA,15951,1.29246187210083
2016-07-13,META,166,115.672119140625
2016-07-13,COST,108,140.512451171875
2016-07-14,PEP,334,80.10169982910156
2016-07-14,AMZN,608,37.060001373291016
2016-07-14,NVDA,15951,1.3056851625442505
2016-07-14,META,166,116.17730712890625
2016-07-14,COST,108,140.64732360839844
2016-07-15,PEP,334,79.88317108154297
2016-07-15,AMZN,608,36.77199935913086
2016-07-15,NVDA,15951,1.2905027866363525
2016-07-15,META,166,115.75137329101562
2016-07-15,COST,108,140.20086669921875
2016-07-18,PEP,334,79.55535888671875
2016-07-18,AMZN,608,36.80350112915039
2016-07-18,NVDA,15951,1.2971144914627075
2016-07-18,META,166,118.23756408691406
2016-07-18,COST,108,141.12757873535156
2016-07-19,PEP,333,79.78844451904297
2016-07-19,AMZN,565,36.997501373291016
2016-07-19,NVDA,17423,1.3105827569961548
2016-07-19,META,146,119.46578979492188
2016-07-19,COST,114,141.64149475097656
2016-07-20,PEP,333,79.3440933227539
2016-07-20,AMZN,565,37.2859992980957
2016-07-20,NVDA,17423,1.3277240991592407
2016-07-20,META,146,120.76335906982422
2016-07-20,COST,114,141.57406616210938
2016-07-21,PEP,333,79.09642028808594
2016-07-21,AMZN,565,37.221500396728516
2016-07-21,NVDA,17423,1.303236722946167
2016-07-21,META,146,119.46578979492188
2016-07-21,COST,114,140.74000549316406
2016-07-22,PEP,333,79.54080963134766
2016-07-22,AMZN,565,37.24300003051758
2016-07-22,NVDA,17423,1.3387435674667358
2016-07-22,META,146,119.85209655761719
2016-07-22,COST,114,141.0938720703125
2016-07-25,PEP,333,79.41693115234375
2016-07-25,AMZN,565,36.980499267578125
2016-07-25,NVDA,17423,1.3634763956069946
2016-07-25,META,146,120.47610473632812
2016-07-25,COST,114,141.51510620117188
2016-07-26,PEP,338,78.81959533691406
2016-07-26,NVDA,16281,1.386739730834961
2016-07-26,META,139,120.06999969482422
2016-07-26,GOOGL,434,37.525421142578125
2016-07-26,GOOG,548,36.574581146240234
2016-07-27,PEP,338,78.29513549804688
2016-07-27,NVDA,16281,1.37278151512146
2016-07-27,META,139,122.1698989868164
2016-07-27,GOOGL,434,37.739383697509766
2016-07-27,GOOG,548,36.74051284790039
2016-07-28,PEP,338,78.76861572265625
2016-07-28,NVDA,16281,1.3757197856903076
2016-07-28,META,139,123.81413269042969
2016-07-28,GOOGL,434,37.93105697631836
2016-07-28,GOOG,548,36.9455680847168
2016-07-29,PEP,338,79.3440933227539
2016-07-29,NVDA,16281,1.3982487916946411
2016-07-29,META,139,122.76421356201172
2016-07-29,GOOGL,434,39.194034576416016
2016-07-29,GOOG,548,38.078826904296875
2016-08-01,PEP,338,79.35137176513672
2016-08-01,NVDA,16281,1.3891880512237549
2016-08-01,META,139,123.13067626953125
2016-08-01,GOOGL,434,39.669517517089844
2016-08-01,GOOG,548,38.281410217285156
2016-08-02,PEP,283,79.19841766357422
2016-08-02,NVDA,12388,1.372291922569275
2016-08-02,META,193,121.92225646972656
2016-08-02,GOOGL,1,39.62890625
2016-08-02,GOOG,477,38.1917610168457
2016-08-02,AMZN,718,38.02899932861328
2016-08-03,PEP,283,78.70308685302734
2016-08-03,NVDA,12388,1.3759645223617554
2016-08-03,META,193,121.34777069091797
2016-08-03,GOOGL,1,39.56946563720703
2016-08-03,GOOG,477,38.2962760925293
2016-08-03,AMZN,718,37.731998443603516
2016-08-04,PEP,283,78.9798583984375
2016-08-04,NVDA,12388,1.4014320373535156
2016-08-04,META,193,123.18021392822266
2016-08-04,GOOGL,1,39.486751556396484
2016-08-04,GOOG,477,38.218509674072266
2016-08-04,AMZN,718,38.03850173950195
2016-08-05,PEP,283,79.15471649169922
2016-08-05,NVDA,12388,1.4251854419708252
2016-08-05,META,193,123.96273040771484
2016-08-05,GOOGL,1,39.96619415283203
2016-08-05,GOOG,477,38.74403381347656
2016-08-05,AMZN,718,38.29899978637695
2016-08-08,PEP,283,78.7759017944336
2016-08-08,NVDA,12388,1.4384087324142456
2016-08-08,META,193,124.0716781616211
2016-08-08,GOOGL,1,39.88199234008789
2016-08-08,GOOG,477,38.72125244140625
2016-08-08,AMZN,718,38.327999114990234
2016-08-09,PEP,226,78.87788391113281
2016-08-09,NVDA,11183,1.4420819282531738
2016-08-09,META,195,123.87357330322266
2016-08-09,GOOG,476,38.84507369995117
2016-08-09,AMZN,722,38.41550064086914
2016-08-10,PEP,226,79.27125549316406
2016-08-10,NVDA,11183,1.432776689529419
2016-08-10,META,195,123.69528198242188
2016-08-10,GOOG,476,38.865875244140625
2016-08-10,AMZN,722,38.428001403808594
2016-08-11,PEP,226,79.0235824584961
2016-08-11,NVDA,11183,1.4619166851043701
2016-08-11,META,195,123.71509552001953
2016-08-11,GOOG,476,38.87429428100586
2016-08-11,AMZN,722,38.5620002746582
2016-08-12,PEP,226,79.10372161865234
2016-08-12,NVDA,11183,1.5437058210372925
2016-08-12,META,195,123.69528198242188
2016-08-12,GOOG,476,38.79356002807617
2016-08-12,AMZN,722,38.62799835205078
2016-08-15,PEP,226,79.19841766357422
2016-08-15,NVDA,11183,1.542236328125
2016-08-15,META,195,122.7245864868164
2016-08-15,GOOG,476,38.75492858886719
2016-08-15,AMZN,722,38.42449951171875
2016-08-16,PEP,215,78.6739273071289
2016-08-16,NVDA,18111,1.5329310894012451
2016-08-16,META,160,122.13027954101562
2016-08-16,GOOG,348,38.492408752441406
2016-08-16,AMZN,725,38.20199966430664
2016-08-17,PEP,215,79.01631927490234
2016-08-17,NVDA,18111,1.4974241256713867
2016-08-17,META,160,123.19011688232422
2016-08-17,GOOG,348,38.629608154296875
2016-08-17,AMZN,725,38.23149871826172
2016-08-18,PEP,215,78.87788391113281
2016-08-18,NVDA,18111,1.520687222480774
2016-08-18,META,160,122.73448944091797
2016-08-18,GOOG,348,38.51024627685547
2016-08-18,AMZN,725,38.222999572753906
2016-08-19,PEP,215,78.79776000976562
2016-08-19,NVDA,18111,1.5246055126190186
2016-08-19,META,160,122.38780212402344
2016-08-19,GOOG,348,38.40721893310547
2016-08-19,AMZN,725,37.865501403808594
2016-08-22,PEP,215,78.64479064941406
2016-08-22,NVDA,18111,1.5309722423553467
2016-08-22,META,160,122.97221374511719
2016-08-22,GOOG,348,38.24525833129883
2016-08-22,AMZN,725,37.9739990234375
2016-08-23,PEP,247,78.58650207519531
2016-08-23,NVDA,15633,1.5433608293533325
2016-08-23,META,168,123.19011688232422
2016-08-23,GOOG,378,38.24178695678711
2016-08-23,AMZN,730,38.122501373291016
2016-08-24,PEP,247,78.75403594970703
2016-08-24,NVDA,15633,1.519564151763916
2016-08-24,META,168,122.3085708618164
2016-08-24,GOOG,378,38.12092971801758
2016-08-24,AMZN,730,37.86249923706055
2016-08-25,PEP,247,78.58650207519531
2016-08-25,NVDA,15633,1.5095057487487793
2016-08-25,META,168,122.71466827392578
2016-08-25,GOOG,378,38.10953903198242
2016-08-25,AMZN,730,37.96099853515625
2016-08-26,PEP,247,78.27327728271484
2016-08-26,NVDA,15633,1.5217725038528442
2016-08-26,META,168,123.77452850341797
2016-08-26,GOOG,378,38.11598205566406
2016-08-26,AMZN,730,38.45000076293945
2016-08-29,PEP,247,78.66663360595703
2016-08-29,NVDA,15633,1.5207912921905518
2016-08-29,META,168,125.33954620361328
2016-08-29,GOOG,378,38.24525833129883
2016-08-29,AMZN,730,38.56449890136719
2016-08-30,PEP,300,78.09843444824219
2016-08-30,NVDA,14978,1.5119593143463135
2016-08-30,META,152,124.64617919921875
2016-08-30,AMZN,724,38.37900161743164
2016-08-30,CSCO,645,23.347084045410156
2016-08-31,PEP,300,78.31338500976562
2016-08-31,NVDA,14978,1.5048446655273438
2016-08-31,META,152,124.92353057861328
2016-08-31,AMZN,724,38.45800018310547
2016-08-31,CSCO,645,23.273059844970703
2016-09-01,PEP,300,78.70954895019531
2016-09-01,NVDA,14978,1.5492491722106934
2016-09-01,META,152,124.9730453491211
2016-09-01,AMZN,724,38.53099822998047
2016-09-01,CSCO,645,23.376699447631836
2016-09-02,PEP,300,79.13502502441406
2016-09-02,NVDA,14978,1.5340383052825928
2016-09-02,META,152,125.30982208251953
2016-09-02,AMZN,724,38.62200164794922
2016-09-02,CSCO,645,23.561750411987305
2016-09-06,PEP,300,79.17169189453125
2016-09-06,NVDA,14978,1.5485131740570068
2016-09-06,META,152,128.49928283691406
2016-09-06,AMZN,724,39.44350051879883
2016-09-06,CSCO,645,23.591360092163086
2016-09-07,PEP,321,78.65082550048828
2016-09-07,NVDA,13929,1.5256973505020142
2016-09-07,META,147,129.80674743652344
2016-09-07,AMZN,718,39.2239990234375
2016-09-07,GOOG,426,38.65140914916992
2016-09-08,PEP,321,78.40875244140625
2016-09-08,NVDA,13929,1.5367372035980225
2016-09-08,META,147,129.0341796875
2016-09-08,AMZN,718,39.202999114990234
2016-09-08,GOOG,426,38.40227127075195
2016-09-09,PEP,321,76.3326187133789
2016-09-09,NVDA,13929,1.4601949453353882
2016-09-09,META,147,125.89421844482422
2016-09-09,AMZN,718,38.00699996948242
2016-09-09,GOOG,426,37.62661361694336
2016-09-12,PEP,321,77.77783203125
2016-09-12,NVDA,13929,1.490370273590088
2016-09-12,META,147,127.46912384033203
2016-09-12,AMZN,718,38.574501037597656
2016-09-12,GOOG,426,38.0902214050293
2016-09-13,PEP,270,76.728759765625
2016-09-13,NVDA,15543,1.4687812328338623
2016-09-13,META,170,126.00318145751953
2016-09-13,AMZN,719,38.050498962402344
2016-09-13,GOOG,437,37.62810516357422
2016-09-14,PEP,270,77.06623077392578
2016-09-14,NVDA,15543,1.4817836284637451
2016-09-14,META,170,126.55787658691406
2016-09-14,AMZN,719,38.054500579833984
2016-09-14,GOOG,437,37.766788482666016
2016-09-15,PEP,270,77.38166809082031
2016-09-15,NVDA,15543,1.5379638671875
2016-09-15,META,170,127.13237762451172
2016-09-15,AMZN,719,38.484500885009766
2016-09-15,GOOG,437,38.22594451904297
2016-09-16,PEP,270,77.23497009277344
2016-09-16,NVDA,15543,1.54164457321167
2016-09-16,META,170,127.8455581665039
2016-09-16,AMZN,719,38.92599868774414
2016-09-16,GOOG,437,38.08329391479492
2016-09-19,PEP,270,77.52106475830078
2016-09-19,NVDA,15543,1.5620062351226807
2016-09-19,META,170,127.42949676513672
2016-09-19,AMZN,719,38.755001068115234
2016-09-19,GOOG,437,37.92578125
2016-09-20,PEP,250,77.98326110839844
2016-09-20,NVDA,15173,1.5477772951126099
2016-09-20,META,169,127.41962432861328
2016-09-20,AMZN,725,39.01100158691406
2016-09-20,GOOG,487,38.20859909057617
2016-09-21,PEP,250,78.59217071533203
2016-09-21,NVDA,15173,1.5911999940872192
2016-09-21,META,169,128.70726013183594
2016-09-21,AMZN,725,39.48699951171875
2016-09-21,GOOG,487,38.44684982299805
2016-09-22,PEP,250,79.09832763671875
2016-09-22,NVDA,15173,1.595125675201416
2016-09-22,META,169,128.84596252441406
2016-09-22,AMZN,725,40.23500061035156
2016-09-22,GOOG,487,38.99118423461914
2016-09-23,PEP,250,78.74620819091797
2016-09-23,NVDA,15173,1.5934079885482788
2016-09-23,META,169,126.74607849121094
2016-09-23,AMZN,725,40.287498474121094
2016-09-23,GOOG,487,38.975830078125
2016-09-26,PEP,250,78.518798828125
2016-09-26,NVDA,15173,1.5784430503845215
2016-09-26,META,169,126.10223388671875
2016-09-26,AMZN,725,39.95800018310547
2016-09-26,GOOG,487,38.34728240966797
2016-09-27,NVDA,14094,1.6324156522750854
2016-09-27,META,162,127.46912384033203
2016-09-27,AMZN,709,40.80550003051758
2016-09-27,GOOG,556,38.78316116333008
2016-09-27,GOOGL,482,40.15440368652344
2016-09-28,NVDA,14094,1.638303518295288
2016-09-28,META,162,128.00401306152344
2016-09-28,AMZN,709,41.43600082397461
2016-09-28,GOOG,556,38.711341857910156
2016-09-28,GOOGL,482,40.121219635009766
2016-09-29,NVDA,14094,1.6535135507583618
2016-09-29,META,162,126.87483215332031
2016-09-29,AMZN,709,41.45249938964844
2016-09-29,GOOG,556,38.38691711425781
2016-09-29,GOOGL,482,39.75370788574219
2016-09-30,NVDA,14094,1.6809910535812378
2016-09-30,META,162,127.05314636230469
2016-09-30,AMZN,709,41.865501403808594
2016-09-30,GOOG,556,38.499839782714844
2016-09-30,GOOGL,482,39.82404327392578
2016-10-03,NVDA,14094,1.679273247718811
2016-10-03,META,162,127.54838562011719
2016-10-03,AMZN,709,41.83700180053711
2016-10-03,GOOG,556,38.265560150146484
2016-10-03,GOOGL,482,39.641780853271484
2016-10-04,NVDA,11948,1.675593376159668
2016-10-04,META,181,126.97389221191406
2016-10-04,AMZN,696,41.701499938964844
2016-10-04,CSCO,925,23.39822769165039
2016-10-04,PEP,268,78.5701675415039
2016-10-05,NVDA,11948,1.6738762855529785
2016-10-05,META,181,127.251220703125
2016-10-05,AMZN,696,42.21799850463867
2016-10-05,CSCO,925,23.57735252380371
2016-10-05,PEP,268,77.77051544189453
2016-10-06,NVDA,11948,1.6520415544509888
2016-10-06,META,181,127.51866149902344
2016-10-06,AMZN,696,42.08300018310547
2016-10-06,CSCO,925,23.495254516601562
2016-10-06,PEP,268,78.0566177368164
2016-10-07,NVDA,11948,1.6400203704833984
2016-10-07,META,181,127.76628875732422
2016-10-07,AMZN,696,41.971500396728516
2016-10-07,CSCO,925,23.48779296875
2016-10-07,PEP,268,77.75580596923828
2016-10-10,NVDA,11948,1.6461540460586548
2016-10-10,META,181,129.0044403076172
2016-10-10,AMZN,696,42.08549880981445
2016-10-10,CSCO,925,23.48779296875
2016-10-10,PEP,268,77.924560546875
2016-10-11,NVDA,12935,1.6223571300506592
2016-10-11,META,204,127.65734100341797
2016-10-11,AMZN,691,41.54999923706055
2016-10-11,CSCO,720,23.16685676574707
2016-10-11,GOOG,496,38.786128997802734
2016-10-12,NVDA,12935,1.6297167539596558
2016-10-12,META,204,127.82574462890625
2016-10-12,AMZN,691,41.704498291015625
2016-10-12,CSCO,720,22.644407272338867
2016-10-12,GOOG,496,38.93818664550781
2016-10-13,NVDA,12935,1.6032217741012573
2016-10-13,META,204,126.6073989868164
2016-10-13,AMZN,691,41.4640007019043
2016-10-13,CSCO,720,22.51753044128418
2016-10-13,GOOG,496,38.5444221496582
2016-10-14,NVDA,12935,1.6189219951629639
2016-10-14,META,204,126.66682434082031
2016-10-14,AMZN,691,41.14799880981445
2016-10-14,CSCO,720,22.524988174438477
2016-10-14,GOOG,496,38.561256408691406
2016-10-17,NVDA,12935,1.6095999479293823
2016-10-17,META,204,126.33004760742188
2016-10-17,AMZN,691,40.647499084472656
2016-10-17,CSCO,720,22.554847717285156
2016-10-17,GOOG,496,38.6320915222168
2016-10-18,NVDA,13338,1.6341326236724854
2016-10-18,META,214,127.35028839111328
2016-10-18,AMZN,694,40.88249969482422
2016-10-18,GOOG,514,39.38991165161133
2016-10-18,GOOGL,421,40.68733596801758
2016-10-19,NVDA,13338,1.630698323249817
2016-10-19,META,214,128.8756561279297
2016-10-19,AMZN,694,40.884498596191406
2016-10-19,GOOG,514,39.698978424072266
2016-10-19,GOOGL,421,40.952308654785156
2016-10-20,NVDA,13338,1.6616097688674927
2016-10-20,META,214,128.76669311523438
2016-10-20,AMZN,694,40.51599884033203
2016-10-20,GOOG,514,39.474609375
2016-10-20,GOOGL,421,40.69426345825195
2016-10-21,NVDA,13338,1.6569488048553467
2016-10-21,META,214,130.8170928955078
2016-10-21,AMZN,694,40.949501037597656
2016-10-21,GOOG,514,39.59348678588867
2016-10-21,GOOGL,421,40.81462097167969
2016-10-24,NVDA,13338,1.7347174882888794
2016-10-24,META,214,132.01560974121094
2016-10-24,AMZN,694,41.90449905395508
2016-10-24,GOOG,514,40.27403259277344
2016-10-24,GOOGL,421,41.39311981201172
2016-10-25,NVDA,14525,1.7631756067276
2016-10-25,META,224,131.03500366210938
2016-10-25,AMZN,681,41.75899887084961
2016-10-25,GOOG,440,40.00459289550781
2016-10-25,GOOGL,420,41.03700256347656
2016-10-26,NVDA,14525,1.7702898979187012
2016-10-26,META,224,129.79685974121094
2016-10-26,AMZN,681,41.12950134277344
2016-10-26,GOOG,440,39.5786247253418
2016-10-26,GOOGL,420,40.71754455566406
2016-10-27,NVDA,14525,1.7339811325073242
2016-10-27,META,224,128.4596710205078
2016-10-27,AMZN,681,40.917999267578125
2016-10-27,GOOG,440,39.394378662109375
2016-10-27,GOOGL,420,40.48228454589844
2016-10-28,NVDA,14525,1.7310378551483154
2016-10-28,META,224,130.04446411132812
2016-10-28,AMZN,681,38.816001892089844
2016-10-28,GOOG,440,39.39537048339844
2016-10-28,GOOGL,420,40.59174346923828
2016-10-31,NVDA,14525,1.7457573413848877
2016-10-31,META,224,129.747314453125
2016-10-31,AMZN,681,39.49100112915039
2016-10-31,GOOG,440,38.85894012451172
2016-10-31,GOOGL,420,40.1132926940918
2016-11-01,NVDA,16549,1.693993091583252
2016-11-01,META,223,128.27145385742188
2016-11-01,GOOGL,413,39.894371032714844
2016-11-01,MSFT,339,53.10044479370117
2016-11-01,AVGO,1389,12.95531940460205
2016-11-02,NVDA,16549,1.6868782043457031
2016-11-02,META,223,125.96355438232422
2016-11-02,GOOGL,413,39.049415588378906
2016-11-02,MSFT,339,52.771888732910156
2016-11-02,AVGO,1389,13.243902206420898
2016-11-03,NVDA,16549,1.6672521829605103
2016-11-03,META,223,118.86156463623047
2016-11-03,GOOGL,413,38.74085998535156
2016-11-03,MSFT,339,52.576541900634766
2016-11-03,AVGO,1389,13.27690601348877
2016-11-04,NVDA,16549,1.657684564590454
2016-11-04,META,223,119.60445404052734
2016-11-04,GOOGL,413,38.68686294555664
2016-11-04,MSFT,339,52.132564544677734
2016-11-04,AVGO,1389,13.213967323303223
2016-11-07,NVDA,16549,1.7484560012817383
2016-11-07,META,223,120.99117279052734
2016-11-07,GOOGL,413,39.72350311279297
2016-11-07,MSFT,339,53.65097427368164
2016-11-07,AVGO,1389,13.581596374511719
2016-11-08,NVDA,16324,1.7457573413848877
2016-11-08,MSFT,347,53.695377349853516
2016-11-08,AVGO,1830,13.584668159484863
2016-11-08,CSCO,1023,23.136999130249023
2016-11-08,ADBE,147,108.38999938964844
2016-11-09,NVDA,16324,1.7163176536560059
2016-11-09,MSFT,347,53.428993225097656
2016-11-09,AVGO,1830,13.309904098510742
2016-11-09,CSCO,1023,23.40568733215332
2016-11-09,ADBE,147,107.86000061035156
2016-11-10,NVDA,16324,1.6625908613204956
2016-11-10,MSFT,347,52.12367248535156
2016-11-10,AVGO,1830,12.889317512512207
2016-11-10,CSCO,1023,23.136999130249023
2016-11-10,ADBE,147,104.08000183105469
2016-11-11,NVDA,16324,2.158153533935547
2016-11-11,MSFT,347,52.407840728759766
2016-11-11,AVGO,1830,12.858616828918457
2016-11-11,CSCO,1023,23.40568733215332
2016-11-11,ADBE,147,103.68000030517578
2016-11-14,NVDA,16324,2.051926851272583
2016-11-14,MSFT,347,51.60866165161133
2016-11-14,AVGO,1830,12.57004165649414
2016-11-14,CSCO,1023,23.413156509399414
2016-11-14,ADBE,147,102.41999816894531
2016-11-15,NVDA,5116,2.1144862174987793
2016-11-15,MSFT,422,52.62778854370117
2016-11-15,CSCO,1251,23.659452438354492
2016-11-15,ADBE,152,103.66000366210938
2016-11-15,AMD,2803,6.96999979019165
2016-11-16,NVDA,5116,2.247943878173828
2016-11-16,MSFT,422,53.325077056884766
2016-11-16,CSCO,1251,23.562423706054688
2016-11-16,ADBE,152,104.08000183105469
2016-11-16,AMD,2803,7.670000076293945
2016-11-17,NVDA,5116,2.2665908336639404
2016-11-17,MSFT,422,54.21009826660156
2016-11-17,CSCO,1251,22.427961349487305
2016-11-17,ADBE,152,105.80999755859375
2016-11-17,AMD,2803,8.460000038146973
2016-11-18,NVDA,5116,2.290386199951172
2016-11-18,MSFT,422,53.95083999633789
2016-11-18,CSCO,1251,22.524988174438477
2016-11-18,ADBE,152,105.0199966430664
2016-11-18,AMD,2803,8.710000038146973
2016-11-21,NVDA,5116,2.2810637950897217
2016-11-21,MSFT,422,54.406768798828125
2016-11-21,CSCO,1251,22.427961349487305
2016-11-21,ADBE,152,105.6500015258789
2016-11-21,AMD,2803,8.9399995803833
2016-11-22,NVDA,7310,2.2975006103515625
2016-11-22,MSFT,570,54.639198303222656
2016-11-22,ADBE,226,105.20999908447266
2016-11-22,AMD,3176,8.6899995803833
2016-11-22,AMZN,515,39.26649856567383
2016-11-23,NVDA,7310,2.308802604675293
2016-11-23,MSFT,570,53.99554443359375
2016-11-23,ADBE,226,104.20999908447266
2016-11-23,AMD,3176,8.800000190734863
2016-11-23,AMZN,515,39.00600051879883
2016-11-25,NVDA,7310,2.3134713172912598
2016-11-25,MSFT,570,54.111751556396484
2016-11-25,ADBE,226,105.0199966430664
2016-11-25,AMD,3176,8.770000457763672
2016-11-25,AMZN,515,39.01850128173828
2016-11-28,NVDA,7310,2.3122432231903076
2016-11-28,MSFT,570,54.18327713012695
2016-11-28,ADBE,226,104.5
2016-11-28,AMD,3176,8.829999923706055
2016-11-28,AMZN,515,38.3385009765625
2016-11-29,NVDA,8950,2.2911131381988525
2016-11-29,MSFT,569,54.612388610839844
2016-11-29,ADBE,251,104.94999694824219
2016-11-29,AMD,3426,8.930000305175781
2016-11-29,NFLX,93,11.75100040435791
2016-11-30,NVDA,8950,2.265315294265747
2016-11-30,MSFT,569,53.870391845703125
2016-11-30,ADBE,251,102.80999755859375
2016-11-30,AMD,3426,8.90999984741211
2016-11-30,NFLX,93,11.699999809265137
2016-12-01,NVDA,8950,2.153278112411499
2016-12-01,MSFT,569,52.92279052734375
2016-12-01,ADBE,251,99.51000213623047
2016-12-01,AMD,3426,8.390000343322754
2016-12-01,NFLX,93,11.722000122070312
2016-12-02,NVDA,8950,2.1731793880462646
2016-12-02,MSFT,569,52.967491149902344
2016-12-02,ADBE,251,99.7300033569336
2016-12-02,AMD,3426,8.529999732971191
2016-12-02,NFLX,93,12.081000328063965
2016-12-05,NVDA,8950,2.2574522495269775
2016-12-05,MSFT,569,53.834632873535156
2016-12-05,ADBE,251,101.94999694824219
2016-12-05,AMD,3426,8.680000305175781
2016-12-05,NFLX,93,11.916000366210938
2016-12-06,NVDA,12389,2.2945523262023926
2016-12-06,MSFT,566,53.593257904052734
2016-12-06,AMD,3411,9.449999809265137
2016-12-06,NFLX,30,12.456999778747559
2016-12-07,NVDA,12389,2.335829496383667
2016-12-07,MSFT,566,54.862693786621094
2016-12-07,AMD,3411,9.5600004196167
2016-12-07,NFLX,30,12.538999557495117
2016-12-08,NVDA,12389,2.2967641353607178
2016-12-08,MSFT,566,54.54085922241211
2016-12-08,AMD,3411,10.34000015258789
2016-12-08,NFLX,30,12.324000358581543
2016-12-09,NVDA,12389,2.2559783458709717
2016-12-09,MSFT,566,55.39906311035156
2016-12-09,AMD,3411,10.34000015258789
2016-12-09,NFLX,30,12.288000106811523
2016-12-12,NVDA,12389,2.201188087463379
2016-12-12,MSFT,566,55.57786178588867
2016-12-12,AMD,3411,10.680000305175781
2016-12-12,NFLX,30,12.282999992370605
2016-12-13,MSFT,554,56.30198669433594
2016-12-13,AMD,2647,10.539999961853027
2016-12-13,AVGO,1585,13.771936416625977
2016-12-13,ADBE,174,106.1500015258789
2016-12-13,PEP,374,78.06498718261719
2016-12-14,MSFT,554,56.033782958984375
2016-12-14,AMD,2647,10.550000190734863
2016-12-14,AVGO,1585,13.710188865661621
2016-12-14,ADBE,174,105.80999755859375
2016-12-14,PEP,374,77.20772552490234
2016-12-15,MSFT,554,55.944393157958984
2016-12-15,AMD,2647,10.859999656677246
2016-12-15,AVGO,1585,13.89466381072998
2016-12-15,ADBE,174,105.0999984741211
2016-12-15,PEP,374,77.82113647460938
2016-12-16,MSFT,554,55.694087982177734
2016-12-16,AMD,2647,10.65999984741211
2016-12-16,AVGO,1585,13.77193832397461
2016-12-16,ADBE,174,103.55000305175781
2016-12-16,PEP,374,78.24235534667969
2016-12-19,MSFT,554,56.874114990234375
2016-12-19,AMD,2647,10.949999809265137
2016-12-19,AVGO,1585,13.929401397705078
2016-12-19,ADBE,174,105.29000091552734
2016-12-19,PEP,374,77.90240478515625
2016-12-20,MSFT,557,56.80260467529297
2016-12-20,AMD,2403,11.510000228881836
2016-12-20,AVGO,1835,14.053677558898926
2016-12-20,ADBE,164,105.7699966430664
2016-12-20,AAPL,1085,26.882097244262695
2016-12-21,MSFT,557,56.80260467529297
2016-12-21,AMD,2403,11.470000267028809
2016-12-21,AVGO,1835,14.070653915405273
2016-12-21,ADBE,164,105.51000213623047
2016-12-21,AAPL,1085,26.907384872436523
2016-12-22,MSFT,557,56.811546325683594
2016-12-22,AMD,2403,11.600000381469727
2016-12-22,AVGO,1835,13.940206527709961
2016-12-22,ADBE,164,104.72000122070312
2016-12-22,AAPL,1085,26.73039436340332
2016-12-23,MSFT,557,56.53440475463867
2016-12-23,AMD,2403,11.579999923706055
2016-12-23,AVGO,1835,14.0436372756958
2016-12-23,ADBE,164,105.0199966430664
2016-12-23,AAPL,1085,26.78325653076172
2016-12-27,MSFT,557,56.570159912109375
2016-12-27,AMD,2403,12.069999694824219
2016-12-27,AVGO,1835,14.072196960449219
2016-12-27,ADBE,164,104.9800033569336
2016-12-27,AAPL,1085,26.953357696533203
2016-12-28,MSFT,539,56.31093215942383
2016-12-28,AMD,2243,11.550000190734863
2016-12-28,AVGO,1847,13.90855598449707
2016-12-28,AAPL,1208,26.838424682617188
2016-12-28,NVDA,5663,2.6842262744903564
2016-12-29,MSFT,539,56.230472564697266
2016-12-29,AMD,2243,11.59000015258789
2016-12-29,AVGO,1847,13.88386058807373
2016-12-29,AAPL,1208,26.831531524658203
2016-12-29,NVDA,5663,2.737787961959839
2016-12-30,MSFT,539,55.55104064941406
2016-12-30,AMD,2243,11.34000015258789
2016-12-30,AVGO,1847,13.644575119018555
2016-12-30,AAPL,1208,26.622358322143555
2016-12-30,NVDA,5663,2.6225569248199463
2017-01-03,MSFT,539,55.944393157958984
2017-01-03,AMD,2243,11.430000305175781
2017-01-03,AVGO,1847,13.765758514404297
2017-01-03,AAPL,1208,26.69820785522461
2017-01-03,NVDA,5663,2.5063421726226807
2017-01-04,MSFT,542,55.694087982177734
2017-01-04,AMD,2243,11.430000305175781
2017-01-04,AVGO,1813,13.667731285095215
2017-01-04,AAPL,1200,26.668331146240234
2017-01-04,GOOGL,334,40.00780487060547
2017-01-05,MSFT,542,55.694087982177734
2017-01-05,AMD,2243,11.239999771118164
2017-01-05,AVGO,1813,13.452376365661621
2017-01-05,AAPL,1200,26.80394744873047
2017-01-05,GOOGL,334,40.267826080322266
2017-01-06,MSFT,542,56.176822662353516
2017-01-06,AMD,2243,11.319999694824219
2017-01-06,AVGO,1813,13.630684852600098
2017-01-06,AAPL,1200,27.102758407592773
2017-01-06,GOOGL,334,40.87158203125
2017-01-09,MSFT,542,55.99802780151367
2017-01-09,AMD,2243,11.489999771118164
2017-01-09,AVGO,1813,13.660017967224121
2017-01-09,AAPL,1200,27.351015090942383
2017-01-09,GOOGL,334,40.969146728515625
2017-01-10,MSFT,479,55.98014450073242
2017-01-10,AMD,1868,11.4399995803833
2017-01-10,AVGO,1759,13.937891006469727
2017-01-10,AAPL,1182,27.37859344482422
2017-01-10,GOOG,410,39.861942291259766
2017-01-11,MSFT,479,56.48969268798828
2017-01-11,AMD,1868,11.199999809265137
2017-01-11,AVGO,1759,13.849124908447266
2017-01-11,AAPL,1182,27.525707244873047
2017-01-11,GOOG,410,40.016483306884766
2017-01-12,MSFT,479,55.97120666503906
2017-01-12,AMD,1868,10.760000228881836
2017-01-12,AVGO,1759,13.805901527404785
2017-01-12,AAPL,1182,27.41077423095703
2017-01-12,GOOG,410,39.9397087097168
2017-01-13,MSFT,479,56.051658630371094
2017-01-13,AMD,1868,10.579999923706055
2017-01-13,AVGO,1759,13.928627014160156
2017-01-13,AAPL,1182,27.362504959106445
2017-01-13,GOOG,410,40.014991760253906
2017-01-17,MSFT,479,55.899688720703125
2017-01-17,AMD,1868,9.819999694824219
2017-01-17,AVGO,1759,13.825197219848633
2017-01-17,AAPL,1182,27.583166122436523
2017-01-17,GOOG,410,39.85302734375
2017-01-18,MSFT,381,55.87287521362305
2017-01-18,AVGO,1478,14.281381607055664
2017-01-18,AAPL,1108,27.580869674682617
2017-01-18,CSCO,1388,22.60549545288086
2017-01-18,ADBE,171,108.79000091552734
2017-01-19,MSFT,381,55.694087982177734
2017-01-19,AVGO,1478,14.3230619430542
2017-01-19,AAPL,1108,27.532604217529297
2017-01-19,CSCO,1388,22.567852020263672
2017-01-19,ADBE,171,109.79000091552734
2017-01-20,MSFT,381,56.08743667602539
2017-01-20,AVGO,1478,14.749137878417969
2017-01-20,AAPL,1108,27.583166122436523
2017-01-20,CSCO,1388,22.658185958862305
2017-01-20,ADBE,171,110.70999908447266
2017-01-23,MSFT,381,56.28409194946289
2017-01-23,AVGO,1478,14.742965698242188
2017-01-23,AAPL,1108,27.6015682220459
2017-01-23,CSCO,1388,22.78615379333496
2017-01-23,ADBE,171,110.97000122070312
2017-01-24,MSFT,367,56.78470993041992
2017-01-24,AVGO,1404,15.263982772827148
2017-01-24,AAPL,962,27.576276779174805
2017-01-24,CSCO,1402,23.034568786621094
2017-01-24,ADBE,189,113.72000122070312
2017-01-25,MSFT,367,56.92776107788086
2017-01-25,AVGO,1404,15.629088401794434
2017-01-25,AAPL,962,28.015304565429688
2017-01-25,CSCO,1402,23.10983657836914
2017-01-25,ADBE,189,114.25
2017-01-26,MSFT,367,57.4552001953125
2017-01-26,AVGO,1404,15.759537696838379
2017-01-26,AAPL,962,28.029096603393555
2017-01-26,CSCO,1402,23.139951705932617
2017-01-26,ADBE,189,112.87999725341797
2017-01-27,MSFT,367,58.805084228515625
2017-01-27,AVGO,1404,15.878409385681152
2017-01-27,AAPL,962,28.031394958496094
2017-01-27,CSCO,1402,23.320619583129883
2017-01-27,ADBE,189,113.98999786376953
2017-01-30,MSFT,367,58.224002838134766
2017-01-30,AVGO,1404,15.686209678649902
2017-01-30,AAPL,962,27.95784568786621
2017-01-30,CSCO,1402,23.207704544067383
2017-01-30,ADBE,189,113.81999969482422
2017-01-31,MSFT,363,57.794898986816406
2017-01-31,AAPL,1164,27.893482208251953
2017-01-31,CSCO,1415,23.124902725219727
2017-01-31,ADBE,186,113.37999725341797
2017-01-31,NFLX,1502,14.071000099182129
2017-02-01,MSFT,363,56.83835983276367
2017-02-01,AAPL,1164,29.594446182250977
2017-02-01,CSCO,1415,22.95928955078125
2017-02-01,ADBE,186,113.36000061035156
2017-02-01,NFLX,1502,14.07800006866455
2017-02-02,MSFT,363,56.471824645996094
2017-02-02,AAPL,1164,29.543886184692383
2017-02-02,CSCO,1415,23.47117042541504
2017-02-02,ADBE,186,113.16000366210938
2017-02-02,NFLX,1502,13.920000076293945
2017-02-03,MSFT,363,56.92776107788086
2017-02-03,AAPL,1164,29.67029571533203
2017-02-03,CSCO,1415,23.576557159423828
2017-02-03,ADBE,186,115.16999816894531
2017-02-03,NFLX,1502,14.024999618530273
2017-02-06,MSFT,363,56.89199447631836
2017-02-06,AAPL,1164,29.948423385620117
2017-02-06,CSCO,1415,23.561504364013672
2017-02-06,ADBE,186,114.45999908447266
2017-02-06,NFLX,1502,14.097000122070312
2017-02-07,MSFT,416,56.70426559448242
2017-02-07,AAPL,861,30.233461380004883
2017-02-07,CSCO,1419,23.67441749572754
2017-02-07,ADBE,235,114.95999908447266
2017-02-07,NFLX,1634,14.399999618530273
2017-02-08,MSFT,416,56.62381362915039
2017-02-08,AAPL,861,30.35068130493164
2017-02-08,CSCO,1419,23.538921356201172
2017-02-08,ADBE,235,116.12999725341797
2017-02-08,NFLX,1634,14.473999977111816
2017-02-09,MSFT,416,57.26746368408203
2017-02-09,AAPL,861,30.56998634338379
2017-02-09,CSCO,1419,23.712059020996094
2017-02-09,ADBE,235,116.44000244140625
2017-02-09,NFLX,1634,14.413999557495117
2017-02-10,MSFT,416,57.21382141113281
2017-02-10,AAPL,861,30.500734329223633
2017-02-10,CSCO,1419,23.719573974609375
2017-02-10,ADBE,235,116.8499984741211
2017-02-10,NFLX,1634,14.482000350952148
2017-02-13,MSFT,416,57.85748291015625
2017-02-13,AAPL,861,30.77084732055664
2017-02-13,CSCO,1419,24.065855026245117
2017-02-13,ADBE,235,117.6500015258789
2017-02-13,NFLX,1634,14.319999694824219
2017-02-14,MSFT,437,58.073333740234375
2017-02-14,AAPL,875,31.170225143432617
2017-02-14,CSCO,1046,24.32179069519043
2017-02-14,ADBE,282,117.58000183105469
2017-02-14,AMZN,621,41.81949996948242
2017-02-15,MSFT,437,58.037376403808594
2017-02-15,AAPL,875,31.28333854675293
2017-02-15,CSCO,1046,24.70569610595703
2017-02-15,ADBE,282,118.7300033569336
2017-02-15,AMZN,621,42.1349983215332
2017-02-16,MSFT,437,58.028350830078125
2017-02-16,AAPL,875,31.24639892578125
2017-02-16,CSCO,1046,25.292850494384766
2017-02-16,ADBE,282,118.93000030517578
2017-02-16,AMZN,621,42.207000732421875
2017-02-17,MSFT,437,58.11830139160156
2017-02-17,AAPL,875,31.331825256347656
2017-02-17,CSCO,1046,25.398235321044922
2017-02-17,ADBE,282,119.66999816894531
2017-02-17,AMZN,621,42.253501892089844
2017-02-21,MSFT,437,58.001373291015625
2017-02-21,AAPL,875,31.558055877685547
2017-02-21,CSCO,1046,25.691818237304688
2017-02-21,ADBE,282,119.62999725341797
2017-02-21,AMZN,621,42.821998596191406
2017-02-22,MSFT,407,57.88445281982422
2017-02-22,AAPL,953,31.6527099609375
2017-02-22,CSCO,1336,25.661710739135742
2017-02-22,ADBE,228,119.47000122070312
2017-02-22,AMZN,583,42.78049850463867
2017-02-23,MSFT,407,58.11830139160156
2017-02-23,AAPL,953,31.51880645751953
2017-02-23,CSCO,1336,25.624067306518555
2017-02-23,ADBE,228,118.83000183105469
2017-02-23,AMZN,583,42.609500885009766
2017-02-24,MSFT,407,58.11830139160156
2017-02-24,AAPL,953,31.548826217651367
2017-02-24,CSCO,1336,25.8348445892334
2017-02-24,ADBE,228,119.30999755859375
2017-02-24,AMZN,583,42.262001037597656
2017-02-27,MSFT,407,57.76755142211914
2017-02-27,AAPL,953,31.611146926879883
2017-02-27,CSCO,1336,25.789676666259766
2017-02-27,ADBE,228,118.77999877929688
2017-02-27,AMZN,583,42.43199920654297
2017-02-28,MSFT,443,57.54269790649414
2017-02-28,AAPL,938,31.625003814697266
2017-02-28,CSCO,1360,25.729463577270508
2017-02-28,ADBE,202,118.33999633789062
2017-02-28,AMZN,602,42.25199890136719
2017-03-01,MSFT,443,58.4061164855957
2017-03-01,AAPL,938,32.271392822265625
2017-03-01,CSCO,1360,25.92518424987793
2017-03-01,ADBE,202,120.3499984741211
2017-03-01,AMZN,602,42.65399932861328
2017-03-02,MSFT,443,57.56968307495117
2017-03-02,AAPL,938,32.07979965209961
2017-03-02,CSCO,1360,25.887542724609375
2017-03-02,ADBE,202,119.9000015258789
2017-03-02,AMZN,602,42.445499420166016
2017-03-03,MSFT,443,57.785526275634766
2017-03-03,AAPL,938,32.26909637451172
2017-03-03,CSCO,1360,25.8122615814209
2017-03-03,ADBE,202,120.04000091552734
2017-03-03,AMZN,602,42.49399948120117
2017-03-06,MSFT,443,57.80350875854492
2017-03-06,AAPL,938,32.167518615722656
2017-03-06,CSCO,1360,25.736989974975586
2017-03-06,ADBE,202,120.1500015258789
2017-03-06,AMZN,602,42.330501556396484
2017-03-07,MSFT,417,57.920433044433594
2017-03-07,AAPL,775,32.20908737182617
2017-03-07,CSCO,1350,25.744510650634766
2017-03-07,ADBE,267,119.9800033569336
2017-03-07,AMZN,583,42.30099868774414
2017-03-08,MSFT,417,58.45106887817383
2017-03-08,AAPL,775,32.08903503417969
2017-03-08,CSCO,1350,25.60902214050293
2017-03-08,ADBE,267,119.5999984741211
2017-03-08,AMZN,583,42.525001525878906
2017-03-09,MSFT,417,58.21723175048828
2017-03-09,AAPL,775,32.01515579223633
2017-03-09,CSCO,1350,25.64665412902832
2017-03-09,ADBE,267,119.91000366210938
2017-03-09,AMZN,583,42.650001525878906
2017-03-10,MSFT,417,58.397117614746094
2017-03-10,AAPL,775,32.121341705322266
2017-03-10,CSCO,1350,25.789676666259766
2017-03-10,ADBE,267,121.08999633789062
2017-03-10,AMZN,583,42.62300109863281
2017-03-13,MSFT,417,58.199249267578125
2017-03-13,AAPL,775,32.13520050048828
2017-03-13,CSCO,1350,25.669231414794922
2017-03-13,ADBE,267,121.80000305175781
2017-03-13,AMZN,583,42.72949981689453
2017-03-14,MSFT,428,57.9294319152832
2017-03-14,AAPL,735,32.08672332763672
2017-03-14,CSCO,1224,25.684293746948242
2017-03-14,ADBE,288,121.44000244140625
2017-03-14,AMZN,613,42.62649917602539
2017-03-15,MSFT,428,58.235233306884766
2017-03-15,AAPL,735,32.42607879638672
2017-03-15,CSCO,1224,25.774625778198242
2017-03-15,ADBE,288,122.11000061035156
2017-03-15,AMZN,613,42.64849853515625
2017-03-16,MSFT,428,58.13628005981445
2017-03-16,AAPL,735,32.47916793823242
2017-03-16,CSCO,1224,25.767093658447266
2017-03-16,ADBE,288,122.3499984741211
2017-03-16,AMZN,613,42.67100143432617
2017-03-17,MSFT,428,58.34315490722656
2017-03-17,AAPL,735,32.31758117675781
2017-03-17,CSCO,1224,25.767093658447266
2017-03-17,ADBE,288,127.01000213623047
2017-03-17,AMZN,613,42.615501403808594
2017-03-20,MSFT,428,58.397117614746094
2017-03-20,AAPL,735,32.65693283081055
2017-03-20,CSCO,1224,25.80473518371582
2017-03-20,ADBE,288,126.30999755859375
2017-03-20,AMZN,613,42.8484992980957
2017-03-21,MSFT,480,57.749549865722656
2017-03-21,CSCO,1279,25.503633499145508
2017-03-21,ADBE,197,125.06999969482422
2017-03-21,AMZN,766,42.15999984741211
2017-03-21,PEP,296,83.17009735107422
2017-03-22,MSFT,480,58.487060546875
2017-03-22,CSCO,1279,25.669231414794922
2017-03-22,ADBE,197,126.20999908447266
2017-03-22,AMZN,766,42.40299987792969
2017-03-22,PEP,296,83.35611724853516
2017-03-23,MSFT,480,58.34315490722656
2017-03-23,CSCO,1279,25.563858032226562
2017-03-23,ADBE,197,126.87000274658203
2017-03-23,AMZN,766,42.36899948120117
2017-03-23,PEP,296,83.1775131225586
2017-03-24,MSFT,480,58.442081451416016
2017-03-24,CSCO,1279,25.65418815612793
2017-03-24,ADBE,197,127.69999694824219
2017-03-24,AMZN,766,42.28049850463867
2017-03-24,PEP,296,83.43052673339844
2017-03-27,MSFT,480,58.55000686645508
2017-03-27,CSCO,1279,25.586435317993164
2017-03-27,ADBE,197,128.25
2017-03-27,AMZN,766,42.340999603271484
2017-03-27,PEP,296,83.2147445678711
2017-03-28,MSFT,496,58.72089385986328
2017-03-28,CSCO,1244,25.60902214050293
2017-03-28,ADBE,224,128.69000244140625
2017-03-28,AMZN,637,42.79999923706055
2017-03-28,PEP,320,83.67609405517578
2017-03-29,MSFT,496,58.88276290893555
2017-03-29,CSCO,1244,25.398235321044922
2017-03-29,ADBE,224,129.5800018310547
2017-03-29,AMZN,637,43.715999603271484
2017-03-29,PEP,320,83.6612319946289
2017-03-30,MSFT,496,59.09864044189453
2017-03-30,CSCO,1244,25.398235321044922
2017-03-30,ADBE,224,129.61000061035156
2017-03-30,AMZN,637,43.81700134277344
2017-03-30,PEP,320,83.47518157958984
2017-03-31,MSFT,496,59.2335319519043
2017-03-31,CSCO,1244,25.44340705871582
2017-03-31,ADBE,224,130.1300048828125
2017-03-31,AMZN,637,44.32699966430664
2017-03-31,PEP,320,83.23705291748047
2017-04-03,MSFT,496,58.95473861694336
2017-04-03,CSCO,1244,25.277803421020508
2017-04-03,ADBE,224,129.58999633789062
2017-04-03,AMZN,637,44.57550048828125
2017-04-03,PEP,320,83.23705291748047
2017-04-04,MSFT,484,59.11661911010742
2017-04-04,CSCO,1169,25.368921279907227
2017-04-04,ADBE,238,130.0399932861328
2017-04-04,AMZN,721,45.34149932861328
2017-04-04,META,168,140.38543701171875
2017-04-05,MSFT,484,58.96372604370117
2017-04-05,CSCO,1169,25.057594299316406
2017-04-05,ADBE,238,129.88999938964844
2017-04-05,AMZN,721,45.4640007019043
2017-04-05,META,168,140.50428771972656
2017-04-06,MSFT,484,59.11661911010742
2017-04-06,CSCO,1169,25.11834144592285
2017-04-06,ADBE,238,130.14999389648438
2017-04-06,AMZN,721,44.91400146484375
2017-04-06,META,168,139.83074951171875
2017-04-07,MSFT,484,59.071659088134766
2017-04-07,CSCO,1169,25.027223587036133
2017-04-07,ADBE,238,130.22000122070312
2017-04-07,AMZN,721,44.74399948120117
2017-04-07,META,168,139.44442749023438
2017-04-10,MSFT,484,58.936744689941406
2017-04-10,CSCO,1169,25.06519317626953
2017-04-10,ADBE,238,130.16000366210938
2017-04-10,AMZN,721,45.35200119018555
2017-04-10,META,168,139.7019805908203
2017-04-11,MSFT,471,58.89176559448242
2017-04-11,CSCO,1027,24.996856689453125
2017-04-11,ADBE,246,129.9499969482422
2017-04-11,AMZN,695,45.11800003051758
2017-04-11,META,201,138.59259033203125
2017-04-12,MSFT,471,58.66692352294922
2017-04-12,CSCO,1027,24.769060134887695
2017-04-12,ADBE,246,129.3800048828125
2017-04-12,AMZN,695,44.811500549316406
2017-04-12,META,201,138.25584411621094
2017-04-13,MSFT,471,58.415103912353516
2017-04-13,CSCO,1027,24.6171875
2017-04-13,ADBE,246,129.0500030517578
2017-04-13,AMZN,695,44.23350143432617
2017-04-13,META,201,138.067626953125
2017-04-17,MSFT,471,58.89176559448242
2017-04-17,CSCO,1027,24.76146125793457
2017-04-17,ADBE,246,129.99000549316406
2017-04-17,AMZN,695,45.0994987487793
2017-04-17,META,201,140.078369140625
2017-04-18,MSFT,473,58.81081771850586
2017-04-18,CSCO,1007,24.807016372680664
2017-04-18,ADBE,250,129.80999755859375
2017-04-18,AMZN,627,45.18899917602539
2017-04-18,META,221,139.6227569580078
2017-04-19,MSFT,473,58.49603271484375
2017-04-19,CSCO,1007,24.791831970214844
2017-04-19,ADBE,250,130.22000122070312
2017-04-19,AMZN,627,44.959999084472656
2017-04-19,META,221,140.92031860351562
2017-04-20,MSFT,473,58.909759521484375
2017-04-20,CSCO,1007,24.92852210998535
2017-04-20,ADBE,250,131.4199981689453
2017-04-20,AMZN,627,45.10300064086914
2017-04-20,META,221,142.43580627441406
2017-04-21,MSFT,473,59.719207763671875
2017-04-21,CSCO,1007,24.920923233032227
2017-04-21,ADBE,250,131.52000427246094
2017-04-21,AMZN,627,44.92649841308594
2017-04-21,META,221,142.3169403076172
2017-04-24,MSFT,473,60.735511779785156
2017-04-24,CSCO,1007,25.270206451416016
2017-04-24,ADBE,250,132.88999938964844
2017-04-24,AMZN,627,45.37049865722656
2017-04-24,META,221,144.08998107910156
2017-04-25,MSFT,533,61.086265563964844
2017-04-25,ADBE,241,133.49000549316406
2017-04-25,AMZN,596,45.38100051879883
2017-04-25,META,207,145.10028076171875
2017-04-25,PEP,313,84.94853973388672
2017-04-26,MSFT,533,61.005313873291016
2017-04-26,ADBE,241,132.7899932861328
2017-04-26,AMZN,596,45.464500427246094
2017-04-26,META,207,145.16961669921875
2017-04-26,PEP,313,84.3309326171875
2017-04-27,MSFT,533,61.40103530883789
2017-04-27,ADBE,241,133.3800048828125
2017-04-27,AMZN,596,45.91899871826172
2017-04-27,META,207,146.29879760742188
2017-04-27,PEP,313,83.81746673583984
2017-04-28,MSFT,533,61.57194137573242
2017-04-28,ADBE,241,133.74000549316406
2017-04-28,AMZN,596,46.2495002746582
2017-04-28,META,207,148.82460021972656
2017-04-28,PEP,313,84.293701171875
2017-05-01,MSFT,533,62.426334381103516
2017-05-01,ADBE,241,135.11000061035156
2017-05-01,AMZN,596,47.4114990234375
2017-05-01,META,207,151.01365661621094
2017-05-01,PEP,313,83.54960632324219
2017-05-02,MSFT,606,62.32742691040039
2017-05-02,ADBE,271,135.0
2017-05-02,META,165,151.33062744140625
2017-05-02,AAPL,687,34.05360794067383
2017-05-02,CSCO,950,25.99915313720703
2017-05-03,MSFT,606,62.12958526611328
2017-05-03,ADBE,271,134.85000610351562
2017-05-03,META,165,150.35992431640625
2017-05-03,AAPL,687,33.949729919433594
2017-05-03,CSCO,950,26.006750106811523
2017-05-04,MSFT,606,61.886741638183594
2017-05-04,ADBE,271,134.61000061035156
2017-05-04,META,165,149.41891479492188
2017-05-04,AAPL,687,33.827369689941406
2017-05-04,CSCO,950,25.953596115112305
2017-05-05,MSFT,606,62.05763244628906
2017-05-05,ADBE,271,134.83999633789062
2017-05-05,META,165,148.814697265625
2017-05-05,AAPL,687,34.38834762573242
2017-05-05,CSCO,950,26.11305046081543
2017-05-08,MSFT,606,62.003639221191406
2017-05-08,ADBE,271,135.1199951171875
2017-05-08,META,165,149.62692260742188
2017-05-08,AAPL,687,35.32332992553711
2017-05-08,CSCO,950,26.037120819091797
2017-05-09,MSFT,606,62.09359359741211
2017-05-09,ADBE,236,135.60000610351562
2017-05-09,META,150,149.05239868164062
2017-05-09,AAPL,962,35.549564361572266
2017-05-09,CSCO,1005,25.74098777770996
2017-05-10,MSFT,606,62.33643341064453
2017-05-10,ADBE,236,136.14999389648438
2017-05-10,META,150,148.86424255371094
2017-05-10,AAPL,962,35.38104248046875
2017-05-10,CSCO,1005,25.619487762451172
2017-05-11,MSFT,606,61.57194137573242
2017-05-11,ADBE,236,136.2899932861328
2017-05-11,META,150,148.61659240722656
2017-05-11,AAPL,962,35.68704605102539
2017-05-11,CSCO,1005,25.535974502563477
2017-05-12,MSFT,606,61.500003814697266
2017-05-12,ADBE,236,136.83999633789062
2017-05-12,META,150,148.90383911132812
2017-05-12,AAPL,962,36.18540573120117
2017-05-12,CSCO,1005,25.399288177490234
2017-05-15,MSFT,606,61.54498291015625
2017-05-15,ADBE,236,137.60000610351562
2017-05-15,META,150,148.7651824951172
2017-05-15,AAPL,962,36.09269714355469
2017-05-15,CSCO,1005,25.991558074951172
2017-05-16,MSFT,594,62.784156799316406
2017-05-16,ADBE,241,138.02999877929688
2017-05-16,META,161,148.35906982421875
2017-05-16,AAPL,1011,36.03938293457031
2017-05-16,CSCO,869,26.044713973999023
2017-05-17,MSFT,594,61.038421630859375
2017-05-17,ADBE,241,134.3300018310547
2017-05-17,META,161,143.475830078125
2017-05-17,AAPL,1011,34.82933044433594
2017-05-17,CSCO,869,25.680234909057617
2017-05-18,MSFT,594,61.2464485168457
2017-05-18,ADBE,241,134.5399932861328
2017-05-18,META,161,146.2591552734375
2017-05-18,AAPL,1011,35.36016845703125
2017-05-18,CSCO,869,23.827499389648438
2017-05-19,MSFT,594,61.228370666503906
2017-05-19,ADBE,241,136.42999267578125
2017-05-19,META,161,146.65538024902344
2017-05-19,AAPL,1011,35.4807014465332
2017-05-19,CSCO,869,23.69841194152832
2017-05-22,MSFT,594,61.91582489013672
2017-05-22,ADBE,241,138.86000061035156
2017-05-22,META,161,146.8336639404297
2017-05-22,AAPL,1011,35.69629669189453
2017-05-22,CSCO,869,23.986957550048828
2017-05-23,MSFT,514,62.12385559082031
2017-05-23,ADBE,229,139.52000427246094
2017-05-23,AAPL,910,35.652252197265625
2017-05-23,AMZN,473,48.57699966430664
2017-05-23,PEP,375,85.61080169677734
2017-05-24,MSFT,514,62.20528793334961
2017-05-24,ADBE,229,141.1199951171875
2017-05-24,AAPL,910,35.545631408691406
2017-05-24,AMZN,473,49.01750183105469
2017-05-24,PEP,375,86.36238098144531
2017-05-25,MSFT,514,62.97412872314453
2017-05-25,ADBE,229,142.85000610351562
2017-05-25,AAPL,910,35.66847229003906
2017-05-25,AMZN,473,49.66899871826172
2017-05-25,PEP,375,87.45621490478516
2017-05-26,MSFT,514,63.28169250488281
2017-05-26,ADBE,229,141.88999938964844
2017-05-26,AAPL,910,35.608211517333984
2017-05-26,AMZN,473,49.78900146484375
2017-05-26,PEP,375,87.73896789550781
2017-05-30,MSFT,514,63.68873977661133
2017-05-30,ADBE,229,142.41000366210938
2017-05-30,AAPL,910,35.62211990356445
2017-05-30,AMZN,473,49.834999084472656
2017-05-30,PEP,375,87.8133773803711
2017-05-31,MSFT,509,63.173118591308594
2017-05-31,ADBE,223,141.86000061035156
2017-05-31,AAPL,858,35.41116714477539
2017-05-31,AMZN,507,49.73099899291992
2017-05-31,PEP,390,87.5624008178711
2017-06-01,MSFT,509,63.408302307128906
2017-06-01,ADBE,223,141.3800048828125
2017-06-01,AAPL,858,35.50853729248047
2017-06-01,AMZN,507,49.79750061035156
2017-06-01,PEP,390,87.83212280273438
2017-06-02,MSFT,509,64.90987396240234
2017-06-02,ADBE,223,143.47999572753906
2017-06-02,AAPL,858,36.03475570678711
2017-06-02,AMZN,507,50.33649826049805
2017-06-02,PEP,390,88.16177368164062
2017-06-05,MSFT,509,65.38021850585938
2017-06-05,ADBE,223,143.58999633789062
2017-06-05,AAPL,858,35.68239212036133
2017-06-05,AMZN,507,50.56700134277344
2017-06-05,PEP,390,88.31909942626953
2017-06-06,MSFT,487,65.5973129272461
2017-06-06,ADBE,220,143.02999877929688
2017-06-06,AAPL,855,35.802921295166016
2017-06-06,PEP,362,88.18427276611328
2017-06-06,COST,187,160.86550903320312
2017-06-07,MSFT,487,65.47972869873047
2017-06-07,ADBE,220,143.6199951171875
2017-06-07,AAPL,855,36.01618576049805
2017-06-07,PEP,362,87.6972427368164
2017-06-07,COST,187,161.5303497314453
2017-06-08,MSFT,487,65.08171844482422
2017-06-08,ADBE,220,142.6300048828125
2017-06-08,AAPL,855,35.92810821533203
2017-06-08,PEP,362,86.82814025878906
2017-06-08,COST,187,160.83006286621094
2017-06-09,MSFT,487,63.607337951660156
2017-06-09,ADBE,220,138.0500030517578
2017-06-09,AAPL,855,34.53493118286133
2017-06-09,PEP,362,86.86561584472656
2017-06-09,COST,187,159.91685485839844
2017-06-12,MSFT,487,63.118865966796875
2017-06-12,ADBE,220,137.25
2017-06-12,AAPL,855,33.70969772338867
2017-06-12,PEP,362,87.08287048339844
2017-06-12,COST,187,159.26084899902344
2017-06-13,MSFT,511,63.90580749511719
2017-06-13,ADBE,207,139.08999633789062
2017-06-13,AAPL,696,33.98091125488281
2017-06-13,PEP,389,87.15033721923828
2017-06-13,COST,208,160.0321044921875
2017-06-14,MSFT,511,63.56208801269531
2017-06-14,ADBE,207,138.25
2017-06-14,AAPL,696,33.6494255065918
2017-06-14,PEP,389,87.93699645996094
2017-06-14,COST,208,161.060546875
2017-06-15,MSFT,511,63.22740173339844
2017-06-15,ADBE,207,137.52000427246094
2017-06-15,AAPL,696,33.44775390625
2017-06-15,PEP,389,87.81714630126953
2017-06-15,COST,208,159.63314819335938
2017-06-16,MSFT,511,63.3178596496582
2017-06-16,ADBE,207,137.83999633789062
2017-06-16,AAPL,696,32.97949981689453
2017-06-16,PEP,389,87.55489349365234
2017-06-16,COST,208,148.1522979736328
2017-06-19,MSFT,511,64.10481262207031
2017-06-19,ADBE,207,140.35000610351562
2017-06-19,AAPL,696,33.92295837402344
2017-06-19,PEP,389,87.87706756591797
2017-06-19,COST,208,145.696533203125
2017-06-20,MSFT,510,63.2364387512207
2017-06-20,ADBE,257,140.91000366210938
2017-06-20,AAPL,647,33.61466598510742
2017-06-20,PEP,420,88.37155151367188
2017-06-20,META,148,150.80564880371094
2017-06-21,MSFT,510,63.56208801269531
2017-06-21,ADBE,257,144.24000549316406
2017-06-21,AAPL,647,33.81401443481445
2017-06-21,PEP,420,87.9744644165039
2017-06-21,META,148,152.4498748779297
2017-06-22,MSFT,510,63.553062438964844
2017-06-22,ADBE,257,143.69000244140625
2017-06-22,AAPL,647,33.758384704589844
2017-06-22,PEP,420,87.02294158935547
2017-06-22,META,148,151.94471740722656
2017-06-23,MSFT,510,64.41236877441406
2017-06-23,ADBE,257,145.41000366210938
2017-06-23,AAPL,647,33.9090461730957
2017-06-23,PEP,420,87.62982940673828
2017-06-23,META,148,153.598876953125
2017-06-26,MSFT,510,63.797264099121094
2017-06-26,ADBE,257,144.9600067138672
2017-06-26,AAPL,647,33.802425384521484
2017-06-26,PEP,420,87.74971008300781
2017-06-26,META,148,152.13291931152344
2017-06-27,MSFT,490,62.60326385498047
2017-06-27,ADBE,260,142.5399932861328
2017-06-27,AAPL,682,33.31793212890625
2017-06-27,PEP,407,86.86561584472656
2017-06-27,META,149,149.1514892578125
2017-06-28,MSFT,490,63.136966705322266
2017-06-28,ADBE,260,143.80999755859375
2017-06-28,AAPL,682,33.80473709106445
2017-06-28,PEP,407,87.19527435302734
2017-06-28,META,149,151.7862548828125
2017-06-29,MSFT,490,61.95201110839844
2017-06-29,ADBE,260,141.24000549316406
2017-06-29,AAPL,682,33.30635452270508
2017-06-29,PEP,407,86.29619598388672
2017-06-29,META,149,149.60711669921875
2017-06-30,MSFT,490,62.35000228881836
2017-06-30,ADBE,260,141.44000244140625
2017-06-30,AAPL,682,33.38516616821289
2017-06-30,PEP,407,86.52845764160156
2017-06-30,META,149,149.5476837158203
2017-07-03,MSFT,490,61.66255569458008
2017-07-03,ADBE,260,138.41000366210938
2017-07-03,AAPL,682,33.264617919921875
2017-07-03,PEP,407,86.49102020263672
2017-07-03,META,149,147.02186584472656
2017-07-05,MSFT,489,62.4857063293457
2017-07-05,ADBE,253,141.2100067138672
2017-07-05,AAPL,839,33.401390075683594
2017-07-05,PEP,367,86.38609313964844
2017-07-05,META,149,148.91375732421875
2017-07-06,MSFT,489,62.02436828613281
2017-07-06,ADBE,253,140.75
2017-07-06,AAPL,839,33.08612060546875
2017-07-06,PEP,367,86.25872802734375
2017-07-06,META,149,147.40817260742188
2017-07-07,MSFT,489,62.829410552978516
2017-07-07,ADBE,253,142.22000122070312
2017-07-07,AAPL,839,33.42225646972656
2017-07-07,PEP,367,86.5434341430664
2017-07-07,META,149,150.0033416748047
2017-07-10,MSFT,489,63.299774169921875
2017-07-10,ADBE,253,143.33999633789062
2017-07-10,AAPL,839,33.62623977661133
2017-07-10,PEP,367,85.61438751220703
2017-07-10,META,149,152.0437774658203
2017-07-11,MSFT,507,63.308815002441406
2017-07-11,ADBE,260,142.92999267578125
2017-07-11,AAPL,932,33.735198974609375
2017-07-11,PEP,284,85.21731567382812
2017-07-11,AMZN,471,49.70650100708008
2017-07-12,MSFT,507,64.35808563232422
2017-07-12,ADBE,260,145.91000366210938
2017-07-12,AAPL,932,33.78388595581055
2017-07-12,PEP,284,85.98902130126953
2017-07-12,AMZN,471,50.32550048828125
2017-07-13,MSFT,507,64.91887664794922
2017-07-13,ADBE,260,145.0500030517578
2017-07-13,AAPL,932,34.254459381103516
2017-07-13,PEP,284,85.42708587646484
2017-07-13,AMZN,471,50.03150177001953
2017-07-14,MSFT,507,65.8324966430664
2017-07-14,ADBE,260,146.16000366210938
2017-07-14,AAPL,932,34.54884719848633
2017-07-14,PEP,284,86.10889434814453
2017-07-14,AMZN,471,50.09049987792969
2017-07-17,MSFT,507,66.34806060791016
2017-07-17,ADBE,260,146.39999389648438
2017-07-17,AAPL,932,34.66937255859375
2017-07-17,PEP,284,86.10889434814453
2017-07-17,AMZN,471,50.50199890136719
2017-07-18,MSFT,486,66.30284118652344
2017-07-18,ADBE,252,147.88999938964844
2017-07-18,AAPL,910,34.789939880371094
2017-07-18,AMZN,540,51.22249984741211
2017-07-18,META,160,161.3149871826172
2017-07-19,MSFT,486,66.80941772460938
2017-07-19,ADBE,252,148.9199981689453
2017-07-19,AAPL,910,35.00783920288086
2017-07-19,AMZN,540,51.34349822998047
2017-07-19,META,160,162.58282470703125
2017-07-20,MSFT,486,67.1350326538086
2017-07-20,ADBE,252,149.94000244140625
2017-07-20,AAPL,910,34.850196838378906
2017-07-20,AMZN,540,51.435001373291016
2017-07-20,META,160,162.9691162109375
2017-07-21,MSFT,486,66.7460708618164
2017-07-21,ADBE,252,149.52000427246094
2017-07-21,AAPL,910,34.83396911621094
2017-07-21,AMZN,540,51.28350067138672
2017-07-21,META,160,162.87005615234375
2017-07-24,MSFT,486,66.57421875
2017-07-24,ADBE,252,149.52999877929688
2017-07-24,AAPL,910,35.255863189697266
2017-07-24,AMZN,540,51.9474983215332
2017-07-24,META,160,164.42518615722656
2017-07-25,MSFT,432,67.10789489746094
2017-07-25,ADBE,254,148.2100067138672
2017-07-25,AAPL,931,35.40653991699219
2017-07-25,AMZN,536,51.993499755859375
2017-07-25,PEP,330,87.24773406982422
2017-07-26,MSFT,432,66.98126220703125
2017-07-26,ADBE,254,149.77999877929688
2017-07-26,AAPL,931,35.57344055175781
2017-07-26,AMZN,536,52.63999938964844
2017-07-26,PEP,330,87.80213165283203
2017-07-27,MSFT,432,66.17620849609375
2017-07-27,ADBE,254,146.1999969482422
2017-07-27,AAPL,931,34.90119171142578
2017-07-27,AMZN,536,52.29999923706055
2017-07-27,PEP,330,87.91452026367188
2017-07-28,MSFT,432,66.0676498413086
2017-07-28,ADBE,254,146.72999572753906
2017-07-28,AAPL,931,34.655487060546875
2017-07-28,AMZN,536,51.00199890136719
2017-07-28,PEP,330,87.36759948730469
2017-07-31,MSFT,432,65.76011657714844
2017-07-31,ADBE,254,146.49000549316406
2017-07-31,AAPL,931,34.47698211669922
2017-07-31,AMZN,536,49.388999938964844
2017-07-31,PEP,330,87.36759948730469
2017-08-01,MSFT,442,65.6515884399414
2017-08-01,ADBE,242,147.36000061035156
2017-08-01,AAPL,845,34.78297805786133
2017-08-01,PEP,407,86.85063171386719
2017-08-01,META,143,168.2485809326172
2017-08-02,MSFT,442,65.36212158203125
2017-08-02,ADBE,242,147.1300048828125
2017-08-02,AAPL,845,36.42650604248047
2017-08-02,PEP,407,86.61837768554688
2017-08-02,META,143,167.6938934326172
2017-08-03,MSFT,442,65.26261901855469
2017-08-03,ADBE,242,147.7899932861328
2017-08-03,AAPL,845,36.062557220458984
2017-08-03,PEP,407,87.13536071777344
2017-08-03,META,143,166.9906005859375
2017-08-04,MSFT,442,65.74202728271484
2017-08-04,ADBE,242,147.7100067138672
2017-08-04,AAPL,845,36.25263595581055
2017-08-04,PEP,407,87.18778991699219
2017-08-04,META,143,168.01083374023438
2017-08-07,MSFT,442,65.48876190185547
2017-08-07,ADBE,242,148.44000244140625
2017-08-07,AAPL,845,36.81361389160156
2017-08-07,PEP,407,87.62982940673828
2017-08-07,META,143,170.3484649658203
2017-08-08,MSFT,417,65.841552734375
2017-08-08,ADBE,247,147.80999755859375
2017-08-08,AAPL,746,37.1080207824707
2017-08-08,PEP,444,87.44252014160156
2017-08-08,META,148,169.60556030273438
2017-08-09,MSFT,417,65.55208587646484
2017-08-09,ADBE,247,148.35000610351562
2017-08-09,AAPL,746,37.33518981933594
2017-08-09,PEP,444,87.38257598876953
2017-08-09,META,148,169.5560302734375
2017-08-10,MSFT,417,64.59326171875
2017-08-10,ADBE,247,144.9199981689453
2017-08-10,AAPL,746,36.145992279052734
2017-08-10,PEP,444,87.19527435302734
2017-08-10,META,148,165.8118896484375
2017-08-11,MSFT,417,65.57920837402344
2017-08-11,ADBE,247,146.47000122070312
2017-08-11,AAPL,746,36.648658752441406
2017-08-11,PEP,444,87.29267120361328
2017-08-11,META,148,166.48544311523438
2017-08-14,MSFT,417,66.56514739990234
2017-08-14,ADBE,247,149.16000366210938
2017-08-14,AAPL,746,37.20021057128906
2017-08-14,PEP,444,88.28914642333984
2017-08-14,META,148,169.130126953125
2017-08-15,MSFT,428,66.58335876464844
2017-08-15,ADBE,224,150.36000061035156
2017-08-15,AAPL,709,37.60749053955078
2017-08-15,PEP,446,89.13578033447266
2017-08-15,META,145,169.37777709960938
2017-08-16,MSFT,428,66.97434997558594
2017-08-16,ADBE,224,151.8000030517578
2017-08-16,AAPL,709,37.45619583129883
2017-08-16,PEP,446,89.23320007324219
2017-08-16,META,145,168.38723754882812
2017-08-17,MSFT,428,65.83768463134766
2017-08-17,ADBE,224,148.22999572753906
2017-08-17,AAPL,709,36.73710250854492
2017-08-17,PEP,446,88.70121002197266
2017-08-17,META,145,165.32656860351562
2017-08-18,MSFT,428,65.91950225830078
2017-08-18,ADBE,224,147.97000122070312
2017-08-18,AAPL,709,36.653324127197266
2017-08-18,PEP,446,88.10933685302734
2017-08-18,META,145,165.82183837890625
2017-08-21,MSFT,428,65.61032104492188
2017-08-21,ADBE,224,149.25999450683594
2017-08-21,AAPL,709,36.58584213256836
2017-08-21,PEP,446,88.60382843017578
2017-08-21,META,145,166.18829345703125
2017-08-22,MSFT,450,66.5287857055664
2017-08-22,ADBE,226,152.25
2017-08-22,AAPL,689,37.183921813964844
2017-08-22,PEP,442,88.34910583496094
2017-08-22,META,153,168.03065490722656
2017-08-23,MSFT,450,66.12867736816406
2017-08-23,ADBE,226,151.10000610351562
2017-08-23,AAPL,689,37.23046875
2017-08-23,PEP,442,87.87706756591797
2017-08-23,META,153,167.10946655273438
2017-08-24,MSFT,450,66.10139465332031
2017-08-24,ADBE,226,150.80999755859375
2017-08-24,AAPL,689,37.06524658203125
2017-08-24,PEP,442,87.07537078857422
2017-08-24,META,153,166.14869689941406
2017-08-25,MSFT,450,66.21963500976562
2017-08-25,ADBE,226,151.4499969482422
2017-08-25,AAPL,689,37.20254898071289
2017-08-25,PEP,442,86.79816436767578
2017-08-25,META,153,164.74212646484375
2017-08-28,MSFT,450,66.22869110107422
2017-08-28,ADBE,226,151.7899932861328
2017-08-28,AAPL,689,37.57722091674805
2017-08-28,PEP,442,86.56592559814453
2017-08-28,META,153,165.65341186523438
2017-08-29,MSFT,528,66.42874908447266
2017-08-29,ADBE,258,152.13999938964844
2017-08-29,AAPL,866,37.91234588623047
2017-08-29,META,173,166.45578002929688
2017-08-29,NVDA,5255,4.059554576873779
2017-08-30,MSFT,528,67.3017807006836
2017-08-30,ADBE,258,153.6699981689453
2017-08-30,AAPL,866,38.01473617553711
2017-08-30,META,173,168.30799865722656
2017-08-30,NVDA,5255,4.083708763122559
2017-08-31,MSFT,528,67.99285125732422
2017-08-31,ADBE,258,155.16000366210938
2017-08-31,AAPL,866,38.1660041809082
2017-08-31,META,173,170.33853149414062
2017-08-31,NVDA,5255,4.17638635635376
2017-09-01,MSFT,528,67.23809814453125
2017-09-01,ADBE,258,155.05999755859375
2017-09-01,AAPL,866,38.177642822265625
2017-09-01,META,173,170.38804626464844
2017-09-01,NVDA,5255,4.201529026031494
2017-09-05,MSFT,528,66.93801879882812
2017-09-05,ADBE,258,154.27999877929688
2017-09-05,AAPL,866,37.71917724609375
2017-09-05,META,173,169.10040283203125
2017-09-05,NVDA,5255,4.08937931060791
2017-09-06,MSFT,568,66.74705505371094
2017-09-06,ADBE,254,153.75999450683594
2017-09-06,AAPL,851,37.67961883544922
2017-09-06,META,171,170.45741271972656
2017-09-06,NVDA,5024,4.086913585662842
2017-09-07,MSFT,568,67.60181427001953
2017-09-07,ADBE,254,155.47000122070312
2017-09-07,AAPL,851,37.528350830078125
2017-09-07,META,171,171.56678771972656
2017-09-07,NVDA,5024,4.105894088745117
2017-09-08,MSFT,568,67.27446746826172
2017-09-08,ADBE,254,155.33999633789062
2017-09-08,AAPL,851,36.916316986083984
2017-09-08,META,171,169.3282012939453
2017-09-08,NVDA,5024,4.0346598625183105
2017-09-11,MSFT,568,67.98374938964844
2017-09-11,ADBE,254,156.8699951171875
2017-09-11,AAPL,851,37.58420944213867
2017-09-11,META,171,171.86392211914062
2017-09-11,NVDA,5024,4.165542125701904
2017-09-12,MSFT,497,67.91100311279297
2017-09-12,ADBE,235,156.30999755859375
2017-09-12,AAPL,782,37.435264587402344
2017-09-12,META,139,171.3191680908203
2017-09-12,PEP,423,86.7642822265625
2017-09-13,MSFT,497,68.39297485351562
2017-09-13,ADBE,235,156.24000549316406
2017-09-13,AAPL,782,37.153663635253906
2017-09-13,META,139,171.40829467773438
2017-09-13,PEP,423,86.34932708740234
2017-09-14,MSFT,497,67.99285125732422
2017-09-14,ADBE,235,154.9499969482422
2017-09-14,AAPL,782,36.83485412597656
2017-09-14,META,139,169.33815002441406
2017-09-14,PEP,423,86.15318298339844
2017-09-15,MSFT,497,68.4839096069336
2017-09-15,ADBE,235,154.49000549316406
2017-09-15,AAPL,782,37.20719528198242
2017-09-15,META,139,170.0116729736328
2017-09-15,PEP,423,86.6511001586914
2017-09-18,MSFT,497,68.34749603271484
2017-09-18,ADBE,235,155.77000427246094
2017-09-18,AAPL,782,36.925601959228516
2017-09-18,META,139,168.3971405029297
2017-09-18,PEP,423,86.75672149658203
2017-09-19,MSFT,581,68.60211181640625
2017-09-19,ADBE,255,156.60000610351562
2017-09-19,AAPL,763,36.93955993652344
2017-09-19,META,149,170.88333129882812
2017-09-19,NVDA,4707,4.617835521697998
2017-09-20,MSFT,581,68.1474609375
2017-09-20,ADBE,255,149.9600067138672
2017-09-20,AAPL,763,36.320533752441406
2017-09-20,META,149,170.53665161132812
2017-09-20,NVDA,4707,4.580615997314453
2017-09-21,MSFT,581,67.48360443115234
2017-09-21,ADBE,255,149.3000030517578
2017-09-21,AAPL,763,35.69684600830078
2017-09-21,META,149,169.4866943359375
2017-09-21,NVDA,4707,4.455405235290527
2017-09-22,MSFT,581,67.66547393798828
2017-09-22,ADBE,255,148.5
2017-09-22,AAPL,763,35.347755432128906
2017-09-22,META,149,168.92210388183594
2017-09-22,NVDA,4707,4.412022113800049
2017-09-25,MSFT,581,66.6197280883789
2017-09-25,ADBE,255,144.57000732421875
2017-09-25,AAPL,763,35.03592300415039
2017-09-25,META,149,161.32484436035156
2017-09-25,NVDA,4707,4.214837074279785
2017-09-26,MSFT,572,66.6197280883789
2017-09-26,AAPL,945,35.638671875
2017-09-26,META,152,162.6521759033203
2017-09-26,NVDA,5960,4.238499641418457
2017-09-26,NFLX,972,17.937999725341797
2017-09-27,MSFT,572,67.15625
2017-09-27,AAPL,945,35.892330169677734
2017-09-27,META,152,166.08926391601562
2017-09-27,NVDA,5960,4.331423282623291
2017-09-27,NFLX,972,18.19700050354004
2017-09-28,MSFT,572,67.1744384765625
2017-09-28,AAPL,945,35.6712532043457
2017-09-28,META,152,167.12928771972656
2017-09-28,NVDA,5960,4.3301897048950195
2017-09-28,NFLX,972,18.06999969482422
2017-09-29,MSFT,572,67.73822021484375
2017-09-29,AAPL,945,35.86671829223633
2017-09-29,META,152,169.24899291992188
2017-09-29,NVDA,5960,4.406353950500488
2017-09-29,NFLX,972,18.135000228881836
2017-10-02,MSFT,572,67.84735870361328
2017-10-02,AAPL,945,35.79458999633789
2017-10-02,META,152,167.8622589111328
2017-10-02,NVDA,5960,4.412022113800049
2017-10-02,NFLX,972,17.701000213623047
2017-10-03,MSFT,571,67.52906036376953
2017-10-03,AAPL,753,35.95050811767578
2017-10-03,GOOGL,505,48.1458625793457
2017-10-03,ADBE,185,148.60000610351562
2017-10-03,GOOG,579,47.44016647338867
2017-10-04,MSFT,571,67.9201431274414
2017-10-04,AAPL,753,35.7177848815918
2017-10-04,GOOGL,505,47.883358001708984
2017-10-04,ADBE,185,147.9499969482422
2017-10-04,GOOG,579,47.13753128051758
2017-10-05,MSFT,571,69.08409881591797
2017-10-05,AAPL,753,36.16229248046875
2017-10-05,GOOGL,505,48.7951774597168
2017-10-05,ADBE,185,150.25
2017-10-05,GOOG,579,48.04295349121094
2017-10-06,MSFT,571,69.1113510131836
2017-10-06,AAPL,753,36.14134216308594
2017-10-06,GOOGL,505,49.21369552612305
2017-10-06,ADBE,185,151.1199951171875
2017-10-06,GOOG,579,48.48526382446289
2017-10-09,MSFT,571,69.3750991821289
2017-10-09,AAPL,753,36.26701736450195
2017-10-09,GOOGL,505,49.147823333740234
2017-10-09,ADBE,185,151.5
2017-10-09,GOOG,579,48.39164352416992
2017-10-10,MSFT,570,69.3750991821289
2017-10-10,AAPL,703,36.28096389770508
2017-10-10,GOOGL,529,48.92444610595703
2017-10-10,ADBE,186,152.14999389648438
2017-10-10,GOOG,592,48.1737174987793
2017-10-11,MSFT,570,69.49330139160156
2017-10-11,AAPL,703,36.43224334716797
2017-10-11,GOOGL,529,49.808536529541016
2017-10-11,ADBE,186,153.64999389648438
2017-10-11,GOOG,592,48.99840545654297
2017-10-12,MSFT,570,70.12985229492188
2017-10-12,AAPL,703,36.30425262451172
2017-10-12,GOOGL,529,49.808536529541016
2017-10-12,ADBE,186,153.61000061035156
2017-10-12,GOOG,592,48.928070068359375
2017-10-13,MSFT,570,70.46632385253906
2017-10-13,AAPL,703,36.534645080566406
2017-10-13,GOOGL,529,49.918487548828125
2017-10-13,ADBE,186,153.92999267578125
2017-10-13,GOOG,592,49.01969909667969
2017-10-16,MSFT,570,70.61182403564453
2017-10-16,AAPL,703,37.20719528198242
2017-10-16,GOOGL,529,49.991790771484375
2017-10-16,ADBE,186,150.4600067138672
2017-10-16,GOOG,592,49.13460922241211
2017-10-17,MSFT,567,70.55725860595703
2017-10-17,GOOGL,514,50.07351303100586
2017-10-17,ADBE,174,150.3800048828125
2017-10-17,GOOG,580,49.143524169921875
2017-10-17,NFLX,1223,19.947999954223633
2017-10-18,MSFT,567,70.575439453125
2017-10-18,GOOGL,514,50.15970230102539
2017-10-18,ADBE,174,153.0
2017-10-18,GOOG,580,49.174739837646484
2017-10-18,NFLX,1223,19.554000854492188
2017-10-19,MSFT,567,70.84825897216797
2017-10-19,GOOGL,514,49.61983108520508
2017-10-19,ADBE,174,171.72999572753906
2017-10-19,GOOG,580,48.760650634765625
2017-10-19,NFLX,1223,19.51300048828125
2017-10-20,MSFT,567,71.66667175292969
2017-10-20,GOOGL,514,49.779815673828125
2017-10-20,ADBE,174,175.63999938964844
2017-10-20,GOOG,580,48.94639587402344
2017-10-20,NFLX,1223,19.416000366210938
2017-10-23,MSFT,567,71.68485260009766
2017-10-23,GOOGL,514,48.81251525878906
2017-10-23,ADBE,174,172.16000366210938
2017-10-23,GOOG,580,47.968162536621094
2017-10-23,NFLX,1223,19.246999740600586
2017-10-24,MSFT,565,71.71212005615234
2017-10-24,GOOGL,510,48.958621978759766
2017-10-24,GOOG,595,48.071678161621094
2017-10-24,AAPL,644,36.56024169921875
2017-10-24,NVDA,5537,4.897099494934082
2017-10-25,MSFT,565,71.50299835205078
2017-10-25,GOOGL,510,49.10572814941406
2017-10-25,GOOG,595,48.20986557006836
2017-10-25,AAPL,644,36.399662017822266
2017-10-25,NVDA,5537,4.773364543914795
2017-10-26,MSFT,565,71.62120056152344
2017-10-26,GOOGL,510,49.1037483215332
2017-10-26,GOOG,595,48.17173385620117
2017-10-26,AAPL,644,36.632381439208984
2017-10-26,NVDA,5537,4.823401927947998
2017-10-27,MSFT,565,76.21347045898438
2017-10-27,GOOGL,510,51.19633483886719
2017-10-27,GOOG,595,50.48532485961914
2017-10-27,AAPL,644,37.94491195678711
2017-10-27,NVDA,5537,4.975480556488037
2017-10-30,MSFT,565,76.28620910644531
2017-10-30,GOOGL,510,51.169593811035156
2017-10-30,GOOG,595,50.378334045410156
2017-10-30,AAPL,644,38.799007415771484
2017-10-30,NVDA,5537,5.024283409118652
2017-10-31,MSFT,545,75.64056396484375
2017-10-31,GOOGL,605,51.165130615234375
2017-10-31,GOOG,639,50.35505676269531
2017-10-31,AAPL,832,39.338905334472656
2017-10-31,NVDA,6471,5.097488880157471
2017-11-01,MSFT,545,75.64056396484375
2017-11-01,GOOGL,605,51.63862609863281
2017-11-01,GOOG,639,50.79390335083008
2017-11-01,AAPL,832,38.838558197021484
2017-11-01,NVDA,6471,5.107102394104004
2017-11-02,MSFT,545,76.4317398071289
2017-11-02,GOOGL,605,51.65694808959961
2017-11-02,GOOG,639,50.79785919189453
2017-11-02,AAPL,832,39.12247848510742
2017-11-02,NVDA,6471,5.076045036315918
2017-11-03,MSFT,545,76.51358032226562
2017-11-03,GOOGL,605,52.004638671875
2017-11-03,GOOG,639,51.13962936401367
2017-11-03,AAPL,832,40.14411544799805
2017-11-03,NVDA,6471,5.143828392028809
2017-11-06,MSFT,545,76.81365203857422
2017-11-06,GOOGL,605,51.64258575439453
2017-11-06,GOOG,639,50.81370544433594
2017-11-06,AAPL,832,40.5513801574707
2017-11-06,NVDA,6471,5.166996479034424
2017-11-07,MSFT,496,76.63179779052734
2017-11-07,GOOGL,626,52.12350082397461
2017-11-07,GOOG,647,51.181724548339844
2017-11-07,AAPL,960,40.68169403076172
2017-11-07,NVDA,1,5.226153373718262
2017-11-07,META,171,178.54000854492188
2017-11-08,MSFT,496,76.8954849243164
2017-11-08,GOOGL,626,52.415733337402344
2017-11-08,GOOG,647,51.50467300415039
2017-11-08,AAPL,960,41.014495849609375
2017-11-08,NVDA,1,5.1554107666015625
2017-11-08,META,171,177.8565216064453
2017-11-09,MSFT,496,76.46807861328125
2017-11-09,GOOGL,626,51.8922119140625
2017-11-09,GOOG,647,51.079193115234375
2017-11-09,AAPL,960,40.93070602416992
2017-11-09,NVDA,1,5.060762882232666
2017-11-09,META,171,177.5989990234375
2017-11-10,MSFT,496,76.26803588867188
2017-11-10,GOOGL,626,51.71539306640625
2017-11-10,GOOG,647,50.92118453979492
2017-11-10,AAPL,960,40.795257568359375
2017-11-10,NVDA,1,5.327455520629883
2017-11-10,META,171,176.76699829101562
2017-11-13,MSFT,496,76.32261657714844
2017-11-13,GOOGL,626,51.569278717041016
2017-11-13,GOOG,647,50.80628204345703
2017-11-13,AAPL,960,40.63176727294922
2017-11-13,NVDA,1,5.240940570831299
2017-11-13,META,171,177.07406616210938
2017-11-14,MSFT,474,76.4317398071289
2017-11-14,GOOGL,612,51.5910758972168
2017-11-14,GOOG,631,50.818668365478516
2017-11-14,AAPL,1041,40.01750183105469
2017-11-14,META,171,176.38067626953125
2017-11-15,MSFT,474,75.83767700195312
2017-11-15,GOOGL,612,51.33204650878906
2017-11-15,GOOG,631,50.56654739379883
2017-11-15,AAPL,1041,39.48967361450195
2017-11-15,META,171,176.26181030273438
2017-11-16,MSFT,474,76.03872680664062
2017-11-16,GOOGL,612,51.929351806640625
2017-11-16,GOOG,631,51.140621185302734
2017-11-16,AAPL,1041,39.96145248413086
2017-11-16,META,171,177.88626098632812
2017-11-17,MSFT,474,75.30758666992188
2017-11-17,GOOGL,612,51.3062858581543
2017-11-17,GOOG,631,50.476402282714844
2017-11-17,AAPL,1041,39.73957061767578
2017-11-17,META,171,177.30186462402344
2017-11-20,MSFT,474,75.4263916015625
2017-11-20,GOOGL,612,51.245365142822266
2017-11-20,GOOG,631,50.44123840332031
2017-11-20,AAPL,1041,39.699859619140625
2017-11-20,META,171,177.04432678222656
2017-11-21,MSFT,448,76.51398468017578
2017-11-21,GOOGL,638,52.019989013671875
2017-11-21,GOOG,636,51.23918151855469
2017-11-21,AAPL,985,40.43790054321289
2017-11-21,META,185,180.1347198486328
2017-11-22,MSFT,448,75.95646667480469
2017-11-22,GOOGL,638,52.1002311706543
2017-11-22,GOOG,636,51.311988830566406
2017-11-22,AAPL,985,40.86298370361328
2017-11-22,META,185,179.15411376953125
2017-11-24,MSFT,448,76.09355926513672
2017-11-24,GOOGL,638,52.328060150146484
2017-11-24,GOOG,636,51.54230880737305
2017-11-24,AAPL,985,40.86531448364258
2017-11-24,META,185,181.0459747314453
2017-11-27,MSFT,448,76.65105438232422
2017-11-27,GOOGL,638,53.09525680541992
2017-11-27,GOOG,636,52.21592330932617
2017-11-27,AAPL,985,40.6597785949707
2017-11-27,META,185,181.2936248779297
2017-11-28,MSFT,448,77.57412719726562
2017-11-28,GOOGL,664,52.66337585449219
2017-11-28,GOOG,668,51.87911605834961
2017-11-28,AAPL,949,40.42156219482422
2017-11-28,META,177,180.68942260742188
2017-11-29,MSFT,448,76.16667938232422
2017-11-29,GOOGL,664,51.38008117675781
2017-11-29,GOOG,668,50.603702545166016
2017-11-29,AAPL,949,39.58308792114258
2017-11-29,META,177,173.4685821533203
2017-11-30,MSFT,448,76.92523956298828
2017-11-30,GOOGL,664,51.320152282714844
2017-11-30,GOOG,668,50.5913200378418
2017-11-30,AAPL,949,40.136619567871094
2017-11-30,META,177,175.49911499023438
2017-12-01,MSFT,448,77.00750732421875
2017-12-01,GOOGL,664,50.7703857421875
2017-12-01,GOOG,668,50.03458786010742
2017-12-01,AAPL,949,39.949771881103516
2017-12-01,META,177,173.43887329101562
2017-12-04,MSFT,448,74.10122680664062
2017-12-04,GOOGL,664,50.116607666015625
2017-12-04,GOOG,668,49.465484619140625
2017-12-04,AAPL,949,39.65782928466797
2017-12-04,META,177,169.84327697753906
2017-12-05,GOOGL,590,50.49946212768555
2017-12-05,GOOG,592,49.78594970703125
2017-12-05,AAPL,957,39.62046432495117
2017-12-05,CSCO,1123,28.842050552368164
2017-12-05,PEP,420,89.33384704589844
2017-12-06,GOOGL,590,51.149288177490234
2017-12-06,GOOG,592,50.44123840332031
2017-12-06,AAPL,957,39.47331237792969
2017-12-06,CSCO,1123,28.919347763061523
2017-12-06,PEP,420,90.32906341552734
2017-12-07,GOOGL,590,51.7361946105957
2017-12-07,GOOG,592,51.06285095214844
2017-12-07,AAPL,957,39.54573440551758
2017-12-07,CSCO,1123,28.911636352539062
2017-12-07,PEP,420,88.68050384521484
2017-12-08,GOOGL,590,51.97443389892578
2017-12-08,GOOG,592,51.36598205566406
2017-12-08,AAPL,957,39.55739974975586
2017-12-08,CSCO,1123,29.073959350585938
2017-12-08,PEP,420,88.55897521972656
2017-12-11,GOOGL,590,52.10270309448242
2017-12-11,GOOG,592,51.56657791137695
2017-12-11,AAPL,957,40.32814407348633
2017-12-11,CSCO,1123,29.344520568847656
2017-12-11,PEP,420,89.18191528320312
2017-12-12,GOOGL,572,51.944217681884766
2017-12-12,GOOG,592,51.53586959838867
2017-12-12,AAPL,1020,40.101593017578125
2017-12-12,CSCO,1212,29.305877685546875
2017-12-12,PEP,373,89.18952178955078
2017-12-13,GOOGL,572,52.07398223876953
2017-12-13,GOOG,592,51.54230880737305
2017-12-13,AAPL,1020,40.23472213745117
2017-12-13,CSCO,1212,29.49139976501465
2017-12-13,PEP,373,89.49340057373047
2017-12-14,GOOGL,572,52.375118255615234
2017-12-14,GOOG,592,51.965301513671875
2017-12-14,AAPL,1020,40.2230339050293
2017-12-14,CSCO,1212,29.298145294189453
2017-12-14,PEP,373,89.6605224609375
2017-12-15,GOOGL,572,53.09476852416992
2017-12-15,GOOG,592,52.71024703979492
2017-12-15,AAPL,1020,40.63176727294922
2017-12-15,CSCO,1212,29.522323608398438
2017-12-15,PEP,373,90.57219696044922
2017-12-18,GOOGL,572,53.743099212646484
2017-12-18,GOOG,592,53.3516731262207
2017-12-18,AAPL,1020,41.203975677490234
2017-12-18,CSCO,1212,29.74650764465332
2017-12-18,PEP,373,89.68331146240234
2017-12-19,GOOGL,623,53.480098724365234
2017-12-19,GOOG,641,53.03170394897461
2017-12-19,AAPL,1026,40.76488494873047
2017-12-19,CSCO,1173,29.607358932495117
2017-12-19,PEP,324,90.1087646484375
2017-12-20,GOOGL,623,53.172019958496094
2017-12-20,GOOG,641,52.747894287109375
2017-12-20,AAPL,1026,40.720516204833984
2017-12-20,CSCO,1173,29.947505950927734
2017-12-20,PEP,324,90.42024230957031
2017-12-21,GOOGL,623,53.03780746459961
2017-12-21,GOOG,641,52.6825065612793
2017-12-21,AAPL,1026,40.874656677246094
2017-12-21,CSCO,1173,29.785158157348633
2017-12-21,PEP,324,89.84285736083984
2017-12-22,GOOGL,623,52.939247131347656
2017-12-22,GOOG,641,52.5086555480957
2017-12-22,AAPL,1026,40.874656677246094
2017-12-22,CSCO,1173,29.800622940063477
2017-12-22,PEP,324,90.10114288330078
2017-12-26,GOOGL,623,52.7901611328125
2017-12-26,GOOG,641,52.341251373291016
2017-12-26,AAPL,1026,39.83766555786133
2017-12-26,CSCO,1173,29.74650764465332
2017-12-26,PEP,324,90.32147979736328
2017-12-27,GOOG,599,51.9761962890625
2017-12-27,AAPL,971,39.84467697143555
2017-12-27,CSCO,1180,29.808353424072266
2017-12-27,PEP,358,90.6329574584961
2017-12-27,META,194,175.9349365234375
2017-12-28,GOOG,599,51.91527557373047
2017-12-28,AAPL,971,39.956787109375
2017-12-28,CSCO,1180,29.831544876098633
2017-12-28,PEP,358,90.67093658447266
2017-12-28,META,194,176.2321014404297
2017-12-29,GOOG,599,51.8290901184082
2017-12-29,AAPL,971,39.52470016479492
2017-12-29,CSCO,1180,29.607358932495117
2017-12-29,PEP,358,91.10395812988281
2017-12-29,META,194,174.7859649658203
2018-01-02,GOOG,599,52.750370025634766
2018-01-02,AAPL,971,40.23237228393555
2018-01-02,CSCO,1180,30.04026985168457
2018-01-02,PEP,358,89.69091796875
2018-01-02,META,194,179.6989288330078
2018-01-03,GOOG,631,53.61616134643555
2018-01-03,AAPL,903,40.22536849975586
2018-01-03,CSCO,1177,30.279903411865234
2018-01-03,META,194,182.91806030273438
2018-01-03,GOOGL,625,54.06156921386719
2018-01-04,GOOG,631,53.810333251953125
2018-01-04,AAPL,903,40.41221237182617
2018-01-04,CSCO,1177,30.36556625366211
2018-01-04,META,194,182.58131408691406
2018-01-04,GOOGL,625,54.271575927734375
2018-01-05,GOOG,631,54.59440994262695
2018-01-05,AAPL,903,40.872318267822266
2018-01-05,CSCO,1177,30.78611946105957
2018-01-05,META,194,185.07742309570312
2018-01-05,GOOGL,625,54.9912223815918
2018-01-08,GOOG,631,54.827693939208984
2018-01-08,AAPL,903,40.720516204833984
2018-01-08,CSCO,1177,31.10542869567871
2018-01-08,META,194,186.49383544921875
2018-01-08,GOOGL,625,55.18537521362305
2018-01-09,GOOG,627,54.794010162353516
2018-01-09,AAPL,920,40.71584701538086
2018-01-09,CSCO,1246,30.910728454589844
2018-01-09,GOOGL,621,55.11504364013672
2018-01-09,PEP,377,89.70610809326172
2018-01-10,GOOG,627,54.61322021484375
2018-01-10,AAPL,920,40.70650100708008
2018-01-10,CSCO,1246,31.082069396972656
2018-01-10,GOOGL,621,54.983795166015625
2018-01-10,PEP,377,89.25028991699219
2018-01-11,GOOG,627,54.757362365722656
2018-01-11,AAPL,920,40.93771743774414
2018-01-11,CSCO,1246,31.230045318603516
2018-01-11,GOOGL,621,55.078392028808594
2018-01-11,PEP,377,88.7944564819336
2018-01-12,GOOG,627,55.58650588989258
2018-01-12,AAPL,920,41.36045837402344
2018-01-12,CSCO,1246,31.829715728759766
2018-01-12,GOOGL,621,55.99962615966797
2018-01-12,PEP,377,89.17431640625
2018-01-16,GOOG,627,55.561737060546875
2018-01-16,AAPL,920,41.1502571105957
2018-01-16,CSCO,1246,31.572723388671875
2018-01-16,GOOGL,621,56.00210189819336
2018-01-16,PEP,377,89.5389633178711
2018-01-17,GOOG,619,56.06794738769531
2018-01-17,AAPL,867,41.82991027832031
2018-01-17,CSCO,1194,32.08672332763672
2018-01-17,GOOGL,606,56.41814422607422
2018-01-17,PEP,434,90.54180145263672
2018-01-18,GOOG,619,55.9594612121582
2018-01-18,AAPL,867,41.86725616455078
2018-01-18,CSCO,1194,32.16460418701172
2018-01-18,GOOGL,606,56.26312255859375
2018-01-18,PEP,434,90.44302368164062
2018-01-19,GOOG,619,56.34185028076172
2018-01-19,AAPL,867,41.68043899536133
2018-01-19,CSCO,1194,32.156822204589844
2018-01-19,GOOGL,606,56.63606643676758
2018-01-19,PEP,434,91.29389953613281
2018-01-22,GOOG,619,57.248268127441406
2018-01-22,AAPL,867,41.33943176269531
2018-01-22,CSCO,1194,32.44498825073242
2018-01-22,GOOGL,606,57.659332275390625
2018-01-22,PEP,434,92.3119125366211
2018-01-23,GOOG,617,57.949623107910156
2018-01-23,AAPL,884,41.34878158569336
2018-01-23,CSCO,1174,32.787662506103516
2018-01-23,GOOGL,605,58.25416946411133
2018-01-23,PEP,435,92.15235900878906
2018-01-24,GOOG,617,57.66581344604492
2018-01-24,AAPL,884,40.69014358520508
2018-01-24,CSCO,1174,32.8421630859375
2018-01-24,GOOGL,605,58.01247024536133
2018-01-24,PEP,435,92.03080749511719
2018-01-25,GOOG,617,57.96943283081055
2018-01-25,AAPL,884,39.96378707885742
2018-01-25,CSCO,1174,32.631893157958984
2018-01-25,GOOGL,605,58.54985046386719
2018-01-25,PEP,435,91.84850311279297
2018-01-26,GOOG,617,58.24037170410156
2018-01-26,AAPL,884,40.05719757080078
2018-01-26,CSCO,1174,33.14590835571289
2018-01-26,GOOGL,605,58.818294525146484
2018-01-26,PEP,435,92.5018310546875
2018-01-29,GOOG,617,58.22749328613281
2018-01-29,AAPL,884,39.22810363769531
2018-01-29,CSCO,1174,33.371761322021484
2018-01-29,GOOGL,605,58.764808654785156
2018-01-29,PEP,435,90.91403198242188
2018-01-30,GOOG,676,57.63856506347656
2018-01-30,AAPL,732,38.99686813354492
2018-01-30,CSCO,1204,32.90446853637695
2018-01-30,GOOGL,668,58.313602447509766
2018-01-30,PEP,411,91.08118438720703
2018-01-31,GOOG,676,57.94813919067383
2018-01-31,AAPL,732,39.10430145263672
2018-01-31,CSCO,1204,32.35152053833008
2018-01-31,GOOGL,668,58.5538215637207
2018-01-31,PEP,411,91.39266204833984
2018-02-01,GOOG,676,57.837188720703125
2018-02-01,AAPL,732,39.18605041503906
2018-02-01,CSCO,1204,32.476131439208984
2018-02-01,GOOGL,668,58.52261734008789
2018-02-01,PEP,411,91.39266204833984
2018-02-02,GOOG,676,55.073360443115234
2018-02-02,AAPL,732,37.485755920410156
2018-02-02,CSCO,1204,31.876461029052734
2018-02-02,GOOGL,668,55.432518005371094
2018-02-02,PEP,411,90.15432739257812
2018-02-05,GOOG,676,52.29468536376953
2018-02-05,AAPL,732,36.54920196533203
2018-02-05,CSCO,1204,30.202028274536133
2018-02-05,GOOGL,668,52.61878967285156
2018-02-05,PEP,411,86.95598602294922
2018-02-06,GOOG,545,53.523048400878906
2018-02-06,GOOGL,478,53.71040344238281
2018-02-06,AMZN,610,72.14199829101562
2018-02-06,MSFT,441,83.4689712524414
2018-02-06,ADBE,167,194.47000122070312
2018-02-07,GOOG,545,51.93707275390625
2018-02-07,GOOGL,478,52.27309036254883
2018-02-07,AMZN,610,70.83899688720703
2018-02-07,MSFT,441,81.89702606201172
2018-02-07,ADBE,167,192.33999633789062
2018-02-08,GOOG,545,49.60615158081055
2018-02-08,GOOGL,478,49.91056442260742
2018-02-08,AMZN,610,67.5250015258789
2018-02-08,MSFT,441,77.69293975830078
2018-02-08,ADBE,167,185.16000366210938
2018-02-09,GOOG,545,51.402130126953125
2018-02-09,GOOGL,478,51.82038879394531
2018-02-09,AMZN,610,66.9800033569336
2018-02-09,MSFT,441,80.59009552001953
2018-02-09,ADBE,167,187.99000549316406
2018-02-12,GOOG,545,52.10350036621094
2018-02-12,GOOGL,478,52.230987548828125
2018-02-12,AMZN,610,69.3115005493164
2018-02-12,MSFT,441,81.45834350585938
2018-02-12,ADBE,167,192.14999389648438
2018-02-13,GOOG,482,52.111412048339844
2018-02-13,AMZN,610,70.72550201416016
2018-02-13,MSFT,390,82.09808349609375
2018-02-13,ADBE,203,193.47999572753906
2018-02-13,CSCO,934,32.11009216308594
2018-02-14,GOOG,482,52.9831657409668
2018-02-14,AMZN,610,72.55249786376953
2018-02-14,MSFT,390,83.38358306884766
2018-02-14,ADBE,203,197.1300048828125
2018-02-14,CSCO,934,32.77985382080078
2018-02-15,GOOG,482,53.964866638183594
2018-02-15,AMZN,610,73.08799743652344
2018-02-15,MSFT,390,85.08230590820312
2018-02-15,ADBE,203,202.97000122070312
2018-02-15,CSCO,934,34.329689025878906
2018-02-16,GOOG,482,54.22639083862305
2018-02-16,AMZN,610,72.43450164794922
2018-02-16,MSFT,390,84.47626495361328
2018-02-16,ADBE,203,201.55999755859375
2018-02-16,CSCO,934,34.524375915527344
2018-02-20,GOOG,482,54.60580062866211
2018-02-20,AMZN,610,73.4175033569336
2018-02-20,MSFT,390,85.13738250732422
2018-02-20,ADBE,203,202.97999572753906
2018-02-20,CSCO,934,34.314109802246094
2018-02-21,AMZN,609,74.14600372314453
2018-02-21,MSFT,396,84.00796508789062
2018-02-21,ADBE,197,202.08999633789062
2018-02-21,CSCO,924,33.730003356933594
2018-02-21,NVDA,4530,5.956915855407715
2018-02-22,AMZN,609,74.26699829101562
2018-02-22,MSFT,396,84.22833251953125
2018-02-22,ADBE,197,202.61000061035156
2018-02-22,CSCO,924,33.44184875488281
2018-02-22,NVDA,4530,5.976413726806641
2018-02-23,AMZN,609,75.0
2018-02-23,MSFT,396,86.36780548095703
2018-02-23,ADBE,197,209.74000549316406
2018-02-23,CSCO,924,34.26737976074219
2018-02-23,NVDA,4530,6.069707870483398
2018-02-26,AMZN,609,76.09750366210938
2018-02-26,MSFT,396,87.61656951904297
2018-02-26,ADBE,197,212.14999389648438
2018-02-26,CSCO,924,35.32655334472656
2018-02-26,NVDA,4530,6.085750579833984
2018-02-27,AMZN,606,75.5989990234375
2018-02-27,MSFT,395,86.49633026123047
2018-02-27,ADBE,193,208.82000732421875
2018-02-27,CSCO,829,35.077335357666016
2018-02-27,GOOG,537,55.38987350463867
2018-02-28,AMZN,606,75.62249755859375
2018-02-28,MSFT,395,86.10150909423828
2018-02-28,ADBE,193,209.1300048828125
2018-02-28,CSCO,829,34.874847412109375
2018-02-28,GOOG,537,54.718223571777344
2018-03-01,AMZN,606,74.67250061035156
2018-03-01,MSFT,395,85.25675201416016
2018-03-01,ADBE,193,206.02999877929688
2018-03-01,CSCO,829,34.111610412597656
2018-03-01,GOOG,537,52.9742431640625
2018-03-02,AMZN,606,75.01249694824219
2018-03-02,MSFT,395,85.44039916992188
2018-03-02,ADBE,193,209.7899932861328
2018-03-02,CSCO,829,34.314109802246094
2018-03-02,GOOG,537,53.43983459472656
2018-03-05,AMZN,606,76.18049621582031
2018-03-05,MSFT,395,85.98213195800781
2018-03-05,ADBE,193,211.16000366210938
2018-03-05,CSCO,829,34.672359466552734
2018-03-05,GOOG,537,54.03470230102539
2018-03-06,AMZN,597,76.88200378417969
2018-03-06,MSFT,375,85.6883316040039
2018-03-06,ADBE,201,212.00999450683594
2018-03-06,NFLX,895,32.52199935913086
2018-03-06,NVDA,4874,5.976659774780273
2018-03-07,AMZN,597,77.25
2018-03-07,MSFT,375,86.18414306640625
2018-03-07,ADBE,201,216.86000061035156
2018-03-07,NFLX,895,32.11600112915039
2018-03-07,NVDA,4874,5.9687628746032715
2018-03-08,AMZN,597,77.59300231933594
2018-03-08,MSFT,375,86.7074966430664
2018-03-08,ADBE,201,216.39999389648438
2018-03-08,NFLX,895,31.700000762939453
2018-03-08,NVDA,4874,5.9524736404418945
2018-03-09,AMZN,597,78.94450378417969
2018-03-09,MSFT,375,88.64497375488281
2018-03-09,ADBE,201,221.11000061035156
2018-03-09,NFLX,895,33.14400100708008
2018-03-09,NVDA,4874,6.054897308349609
2018-03-12,AMZN,597,79.91950225830078
2018-03-12,MSFT,375,88.85618591308594
2018-03-12,ADBE,201,220.94000244140625
2018-03-12,NFLX,895,32.130001068115234
2018-03-12,NVDA,4874,6.164233207702637
2018-03-13,AMZN,589,79.40899658203125
2018-03-13,MSFT,368,86.68914794921875
2018-03-13,ADBE,213,219.75999450683594
2018-03-13,NVDA,4599,6.1136393547058105
2018-03-13,CSCO,676,35.17079544067383
2018-03-14,AMZN,589,79.55000305175781
2018-03-14,MSFT,368,86.17496490478516
2018-03-14,ADBE,213,218.44000244140625
2018-03-14,NVDA,4599,6.139059066772461
2018-03-14,CSCO,676,35.264259338378906
2018-03-15,AMZN,589,79.11599731445312
2018-03-15,MSFT,368,86.47797393798828
2018-03-15,ADBE,213,218.8699951171875
2018-03-15,NVDA,4599,6.153867721557617
2018-03-15,CSCO,676,35.303199768066406
2018-03-16,AMZN,589,78.58399963378906
2018-03-16,MSFT,368,86.8636245727539
2018-03-16,ADBE,213,225.5500030517578
2018-03-16,NVDA,4599,6.182003021240234
2018-03-16,CSCO,676,35.053977966308594
2018-03-19,AMZN,589,77.24649810791016
2018-03-19,MSFT,368,85.2934799194336
2018-03-19,ADBE,213,222.17999267578125
2018-03-19,NVDA,4599,5.948030948638916
2018-03-19,CSCO,676,34.477657318115234
2018-03-20,AMZN,596,79.32550048828125
2018-03-20,MSFT,363,85.51383972167969
2018-03-20,ADBE,208,229.75
2018-03-20,NVDA,4633,6.1597900390625
2018-03-20,CSCO,675,34.55553436279297
2018-03-21,AMZN,596,79.09300231933594
2018-03-21,MSFT,363,84.91699981689453
2018-03-21,ADBE,208,226.85000610351562
2018-03-21,NVDA,4633,6.134616851806641
2018-03-21,CSCO,675,34.50880432128906
2018-03-22,AMZN,596,77.24600219726562
2018-03-22,MSFT,363,82.44700622558594
2018-03-22,ADBE,208,220.52000427246094
2018-03-22,NVDA,4633,5.9690093994140625
2018-03-22,CSCO,675,33.543087005615234
2018-03-23,AMZN,596,74.77799987792969
2018-03-23,MSFT,363,80.0504379272461
2018-03-23,ADBE,208,215.02000427246094
2018-03-23,NVDA,4633,5.7498459815979
2018-03-23,CSCO,675,33.0368766784668
2018-03-26,AMZN,596,77.79299926757812
2018-03-26,MSFT,363,86.11068725585938
2018-03-26,ADBE,208,228.91000366210938
2018-03-26,NVDA,4633,6.033921241760254
2018-03-26,CSCO,675,34.314109802246094
2018-03-27,AMZN,599,74.85250091552734
2018-03-27,MSFT,324,82.1531753540039
2018-03-27,ADBE,205,213.8000030517578
2018-03-27,NVDA,5215,5.565974235534668
2018-03-27,NFLX,866,30.069000244140625
2018-03-28,AMZN,599,71.57099914550781
2018-03-28,MSFT,324,82.07971954345703
2018-03-28,ADBE,205,212.5399932861328
2018-03-28,NVDA,5215,5.4630560874938965
2018-03-28,NFLX,866,28.57699966430664
2018-03-29,AMZN,599,72.36699676513672
2018-03-29,MSFT,324,83.80595397949219
2018-03-29,ADBE,205,216.0800018310547
2018-03-29,NVDA,5215,5.715786933898926
2018-03-29,NFLX,866,29.53499984741211
2018-04-02,AMZN,599,68.59950256347656
2018-04-02,MSFT,324,81.28085327148438
2018-04-02,ADBE,205,212.27999877929688
2018-04-02,NVDA,5215,5.455651760101318
2018-04-02,NFLX,866,28.02899932861328
2018-04-03,AMZN,578,69.60250091552734
2018-04-03,MSFT,349,82.37353515625
2018-04-03,ADBE,201,215.92999267578125
2018-04-03,NVDA,5619,5.5617780685424805
2018-04-03,NFLX,910,28.367000579833984
2018-04-04,AMZN,578,70.52850341796875
2018-04-04,MSFT,349,84.77928161621094
2018-04-04,ADBE,201,225.0500030517578
2018-04-04,NVDA,5619,5.583745002746582
2018-04-04,NFLX,910,28.893999099731445
2018-04-05,AMZN,578,72.5875015258789
2018-04-05,MSFT,349,84.82516479492188
2018-04-05,ADBE,201,223.5399932861328
2018-04-05,NVDA,5619,5.463796615600586
2018-04-05,NFLX,910,29.39699935913086
2018-04-06,AMZN,578,70.2614974975586
2018-04-06,MSFT,349,82.85100555419922
2018-04-06,ADBE,201,218.61000061035156
2018-04-06,NVDA,5619,5.2878241539001465
2018-04-06,NFLX,910,28.885000228881836
2018-04-09,AMZN,578,70.30400085449219
2018-04-09,MSFT,349,83.34686279296875
2018-04-09,ADBE,201,219.1699981689453
2018-04-09,NVDA,5619,5.31645393371582
2018-04-09,NFLX,910,28.993000030517578
2018-04-10,AMZN,531,71.81099700927734
2018-04-10,MSFT,345,85.2843017578125
2018-04-10,ADBE,199,224.52999877929688
2018-04-10,NVDA,6471,5.6249613761901855
2018-04-10,NFLX,970,29.80699920654297
2018-04-11,AMZN,531,71.35250091552734
2018-04-11,MSFT,345,84.34770965576172
2018-04-11,ADBE,199,223.6300048828125
2018-04-11,NVDA,6471,5.583745002746582
2018-04-11,NFLX,970,30.367000579833984
2018-04-12,AMZN,531,72.42500305175781
2018-04-12,MSFT,345,85.92705535888672
2018-04-12,ADBE,199,226.9600067138672
2018-04-12,NVDA,6471,5.790074348449707
2018-04-12,NFLX,970,30.924999237060547
2018-04-13,AMZN,531,71.53949737548828
2018-04-13,MSFT,345,85.46794891357422
2018-04-13,ADBE,199,224.05999755859375
2018-04-13,NVDA,6471,5.713564395904541
2018-04-13,NFLX,970,31.165000915527344
2018-04-16,AMZN,531,72.07499694824219
2018-04-16,MSFT,345,86.46879577636719
2018-04-16,ADBE,199,226.52000427246094
2018-04-16,NVDA,6471,5.713316917419434
2018-04-16,NFLX,970,30.777999877929688
2018-04-17,AMZN,535,75.19149780273438
2018-04-17,MSFT,351,88.21341705322266
2018-04-17,ADBE,201,231.16000366210938
2018-04-17,NVDA,6334,5.862635612487793
2018-04-17,COST,182,175.30560302734375
2018-04-18,AMZN,535,76.39199829101562
2018-04-18,MSFT,351,88.55318450927734
2018-04-18,ADBE,201,231.10000610351562
2018-04-18,NVDA,6334,5.833759784698486
2018-04-18,COST,182,175.76174926757812
2018-04-19,AMZN,535,77.84549713134766
2018-04-19,MSFT,351,88.25016021728516
2018-04-19,ADBE,201,227.6199951171875
2018-04-19,NVDA,6334,5.652850151062012
2018-04-19,COST,182,174.47377014160156
2018-04-20,AMZN,535,76.37449645996094
2018-04-20,MSFT,351,87.23090362548828
2018-04-20,ADBE,201,225.24000549316406
2018-04-20,NVDA,6334,5.6447062492370605
2018-04-20,COST,182,173.1232147216797
2018-04-23,AMZN,535,75.89299774169922
2018-04-23,MSFT,351,87.55228424072266
2018-04-23,ADBE,201,225.3000030517578
2018-04-23,NVDA,6334,5.52549934387207
2018-04-23,COST,182,172.9354248046875
2018-04-24,AMZN,553,73.00450134277344
2018-04-24,MSFT,372,85.50465393066406
2018-04-24,ADBE,203,217.88999938964844
2018-04-24,NFLX,933,30.70199966430664
2018-04-24,CSCO,908,34.338741302490234
2018-04-25,AMZN,553,73.00849914550781
2018-04-25,MSFT,372,84.76091003417969
2018-04-25,ADBE,203,217.32000732421875
2018-04-25,NFLX,933,30.576000213623047
2018-04-25,CSCO,908,34.315181732177734
2018-04-26,AMZN,553,75.89800262451172
2018-04-26,MSFT,372,86.55144500732422
2018-04-26,ADBE,203,221.91000366210938
2018-04-26,NFLX,933,31.398000717163086
2018-04-26,CSCO,908,34.70771408081055
2018-04-27,AMZN,553,78.63099670410156
2018-04-27,MSFT,372,87.98384857177734
2018-04-27,ADBE,203,221.89999389648438
2018-04-27,NFLX,933,31.176000595092773
2018-04-27,CSCO,908,35.10024642944336
2018-04-30,AMZN,553,78.30650329589844
2018-04-30,MSFT,372,85.87195587158203
2018-04-30,ADBE,203,221.60000610351562
2018-04-30,NFLX,933,31.246000289916992
2018-04-30,CSCO,908,34.77052688598633
2018-05-01,AMZN,529,79.11299896240234
2018-05-01,MSFT,342,87.23090362548828
2018-05-01,ADBE,205,224.0800018310547
2018-05-01,NFLX,1103,31.329999923706055
2018-05-01,CSCO,879,35.194454193115234
2018-05-02,AMZN,529,78.48400115966797
2018-05-02,MSFT,342,85.8627700805664
2018-05-02,ADBE,205,221.10000610351562
2018-05-02,NFLX,1103,31.336000442504883
2018-05-02,CSCO,879,34.43294906616211
2018-05-03,AMZN,529,78.60399627685547
2018-05-03,MSFT,342,86.3769760131836
2018-05-03,ADBE,205,226.0500030517578
2018-05-03,NFLX,1103,31.16900062561035
2018-05-03,CSCO,879,34.88827896118164
2018-05-04,AMZN,529,79.04750061035156
2018-05-04,MSFT,342,87.3778305053711
2018-05-04,ADBE,205,228.50999450683594
2018-05-04,NFLX,1103,32.00899887084961
2018-05-04,CSCO,879,35.563438415527344
2018-05-07,AMZN,529,80.00700378417969
2018-05-07,MSFT,342,88.35115051269531
2018-05-07,ADBE,205,230.99000549316406
2018-05-07,NFLX,1103,32.625999450683594
2018-05-07,CSCO,879,35.90102005004883
2018-05-08,AMZN,511,79.61949920654297
2018-05-08,ADBE,192,234.55999755859375
2018-05-08,NFLX,997,32.68899917602539
2018-05-08,CSCO,876,35.88531494140625
2018-05-08,NVDA,6437,6.180028438568115
2018-05-09,AMZN,511,80.4000015258789
2018-05-09,ADBE,192,239.74000549316406
2018-05-09,NFLX,997,33.029998779296875
2018-05-09,CSCO,876,36.14437484741211
2018-05-09,NVDA,6437,6.312811374664307
2018-05-10,AMZN,511,80.4540023803711
2018-05-10,ADBE,192,241.14999389648438
2018-05-10,NFLX,997,32.959999084472656
2018-05-10,CSCO,876,36.348506927490234
2018-05-10,NVDA,6437,6.420171737670898
2018-05-11,AMZN,511,80.14550018310547
2018-05-11,ADBE,192,241.8800048828125
2018-05-11,NFLX,997,32.645999908447266
2018-05-11,CSCO,876,36.05803680419922
2018-05-11,NVDA,6437,6.281959533691406
2018-05-14,AMZN,511,80.0770034790039
2018-05-14,ADBE,192,238.3699951171875
2018-05-14,NFLX,997,32.85300064086914
2018-05-14,CSCO,876,35.87746810913086
2018-05-14,NVDA,6437,6.302444934844971
2018-05-15,AMZN,522,78.80599975585938
2018-05-15,ADBE,183,236.60000610351562
2018-05-15,CSCO,1001,35.704742431640625
2018-05-15,NVDA,5473,6.060575485229492
2018-05-15,MSFT,395,89.36119842529297
2018-05-16,AMZN,522,79.36399841308594
2018-05-16,ADBE,183,237.38999938964844
2018-05-16,CSCO,1001,35.45353698730469
2018-05-16,NVDA,5473,6.071678638458252
2018-05-16,MSFT,395,89.59175109863281
2018-05-17,AMZN,522,79.08799743652344
2018-05-17,ADBE,183,236.85000610351562
2018-05-17,CSCO,1001,34.118934631347656
2018-05-17,NVDA,5473,6.1136393547058105
2018-05-17,MSFT,395,88.69719696044922
2018-05-18,AMZN,522,78.71849822998047
2018-05-18,ADBE,183,238.08999633789062
2018-05-18,CSCO,1001,33.92265319824219
2018-05-18,NVDA,5473,6.069953441619873
2018-05-18,MSFT,395,88.86320495605469
2018-05-21,AMZN,522,79.27300262451172
2018-05-21,ADBE,183,238.10000610351562
2018-05-21,CSCO,1001,34.346595764160156
2018-05-21,NVDA,5473,6.0279974937438965
2018-05-21,MSFT,395,90.00674438476562
2018-05-22,AMZN,505,79.06999969482422
2018-05-22,ADBE,177,238.7899932861328
2018-05-22,CSCO,1103,34.268089294433594
2018-05-22,MSFT,384,89.91450500488281
2018-05-22,COST,186,178.48095703125
2018-05-23,AMZN,505,80.09300231933594
2018-05-23,ADBE,177,243.91000366210938
2018-05-23,CSCO,1103,34.291629791259766
2018-05-23,MSFT,384,90.98429107666016
2018-05-23,COST,186,177.73641967773438
2018-05-24,AMZN,505,80.15350341796875
2018-05-24,ADBE,177,245.14999389648438
2018-05-24,CSCO,1103,34.20527267456055
2018-05-24,MSFT,384,90.6614990234375
2018-05-24,COST,186,178.40919494628906
2018-05-25,AMZN,505,80.50749969482422
2018-05-25,ADBE,177,243.55999755859375
2018-05-25,CSCO,1103,33.96190643310547
2018-05-25,MSFT,384,90.70759582519531
2018-05-25,COST,186,177.93377685546875
2018-05-29,AMZN,505,80.64350128173828
2018-05-29,ADBE,177,242.19000244140625
2018-05-29,CSCO,1103,33.73424530029297
2018-05-29,MSFT,384,90.38481140136719
2018-05-29,COST,186,176.48057556152344
2018-05-30,AMZN,513,81.24449920654297
2018-05-30,ADBE,186,247.39999389648438
2018-05-30,MSFT,396,91.25170135498047
2018-05-30,NFLX,1034,35.354000091552734
2018-05-30,NVDA,4817,6.247813701629639
2018-05-31,AMZN,513,81.48100280761719
2018-05-31,ADBE,186,249.27999877929688
2018-05-31,MSFT,396,91.15023803710938
2018-05-31,NFLX,1034,35.15999984741211
2018-05-31,NVDA,4817,6.228057861328125
2018-06-01,AMZN,513,82.0770034790039
2018-06-01,ADBE,186,251.30999755859375
2018-06-01,MSFT,396,92.94853973388672
2018-06-01,NFLX,1034,35.99300003051758
2018-06-01,NVDA,4817,6.362155437469482
2018-06-04,AMZN,513,83.26349639892578
2018-06-04,ADBE,186,253.33999633789062
2018-06-04,MSFT,396,93.76006317138672
2018-06-04,NFLX,1034,36.180999755859375
2018-06-04,NVDA,4817,6.540707588195801
2018-06-05,AMZN,510,84.81749725341797
2018-06-05,ADBE,187,252.6999969482422
2018-06-05,MSFT,379,94.23963165283203
2018-06-05,NFLX,1064,36.58000183105469
2018-06-05,NVDA,4923,6.546140193939209
2018-06-06,AMZN,510,84.7874984741211
2018-06-06,ADBE,187,253.9499969482422
2018-06-06,MSFT,379,94.51630401611328
2018-06-06,NFLX,1064,36.744998931884766
2018-06-06,NVDA,4923,6.548114776611328
2018-06-07,AMZN,510,84.46499633789062
2018-06-07,ADBE,187,247.50999450683594
2018-06-07,MSFT,379,93.03154754638672
2018-06-07,NFLX,1064,36.13999938964844
2018-06-07,NVDA,4923,6.492549896240234
2018-06-08,AMZN,510,84.19950103759766
2018-06-08,ADBE,187,251.2100067138672
2018-06-08,MSFT,379,93.72319793701172
2018-06-08,NFLX,1064,36.05699920654297
2018-06-08,NVDA,4923,6.477238655090332
2018-06-11,AMZN,510,84.45600128173828
2018-06-11,ADBE,187,251.0
2018-06-11,MSFT,379,93.18833923339844
2018-06-11,NFLX,1064,36.14500045776367
2018-06-11,NVDA,4923,6.43624210357666
2018-06-12,AMZN,506,84.9375
2018-06-12,ADBE,182,252.58999633789062
2018-06-12,MSFT,370,93.42809295654297
2018-06-12,NFLX,1145,36.382999420166016
2018-06-12,AAPL,694,45.26515579223633
2018-06-13,AMZN,506,85.24299621582031
2018-06-13,ADBE,182,256.1300048828125
2018-06-13,MSFT,370,93.00386810302734
2018-06-13,NFLX,1145,37.99300003051758
2018-06-13,AAPL,694,44.8931884765625
2018-06-14,AMZN,506,86.19300079345703
2018-06-14,ADBE,182,258.1000061035156
2018-06-14,MSFT,370,93.52953338623047
2018-06-14,NFLX,1145,39.2869987487793
2018-06-14,AAPL,694,44.91674041748047
2018-06-15,AMZN,506,85.79850006103516
2018-06-15,ADBE,182,251.82000732421875
2018-06-15,MSFT,370,92.33988189697266
2018-06-15,NFLX,1145,39.198001861572266
2018-06-15,AAPL,694,44.45531463623047
2018-06-18,AMZN,506,86.18949890136719
2018-06-18,ADBE,182,255.69000244140625
2018-06-18,MSFT,370,93.01312255859375
2018-06-18,NFLX,1145,39.040000915527344
2018-06-18,AAPL,694,44.431785583496094
2018-06-19,AMZN,452,86.73899841308594
2018-06-19,ADBE,166,251.74000549316406
2018-06-19,NFLX,1008,40.49800109863281
2018-06-19,COST,228,186.1595001220703
2018-06-19,CSCO,1060,34.40153884887695
2018-06-20,AMZN,452,87.50399780273438
2018-06-20,ADBE,166,251.24000549316406
2018-06-20,NFLX,1008,41.67599868774414
2018-06-20,COST,228,186.5631103515625
2018-06-20,CSCO,1060,34.338741302490234
2018-06-21,AMZN,452,86.51100158691406
2018-06-21,ADBE,166,248.8300018310547
2018-06-21,NFLX,1008,41.54399871826172
2018-06-21,COST,228,188.33920288085938
2018-06-21,CSCO,1060,33.88340759277344
2018-06-22,AMZN,452,85.78350067138672
2018-06-22,ADBE,166,243.6300048828125
2018-06-22,NFLX,1008,41.10900115966797
2018-06-22,COST,228,189.3618621826172
2018-06-22,CSCO,1060,33.91480255126953
2018-06-25,AMZN,452,83.15750122070312
2018-06-25,ADBE,166,239.67999267578125
2018-06-25,NFLX,1008,38.448001861572266
2018-06-25,COST,228,189.94496154785156
2018-06-25,CSCO,1060,33.20038986206055
2018-06-26,AMZN,391,84.55449676513672
2018-06-26,ADBE,154,242.25
2018-06-26,NFLX,755,39.93899917602539
2018-06-26,COST,257,188.45587158203125
2018-06-26,MSFT,397,91.37159729003906
2018-06-27,AMZN,391,83.02549743652344
2018-06-27,ADBE,154,237.67999267578125
2018-06-27,NFLX,755,39.03900146484375
2018-06-27,COST,257,188.40208435058594
2018-06-27,MSFT,397,89.95140075683594
2018-06-28,AMZN,391,85.07250213623047
2018-06-28,ADBE,154,239.80999755859375
2018-06-28,NFLX,755,39.54199981689453
2018-06-28,COST,257,187.21792602539062
2018-06-28,MSFT,397,90.95660400390625
2018-06-29,AMZN,391,84.98999786376953
2018-06-29,ADBE,154,243.80999755859375
2018-06-29,NFLX,755,39.143001556396484
2018-06-29,COST,257,187.460205078125
2018-06-29,MSFT,397,90.93815612792969
2018-07-02,AMZN,391,85.68900299072266
2018-07-02,ADBE,154,243.25999450683594
2018-07-02,NFLX,755,39.81800079345703
2018-07-02,COST,257,186.57212829589844
2018-07-02,MSFT,397,92.2292251586914
2018-07-03,AMZN,415,84.697998046875
2018-07-03,ADBE,154,242.00999450683594
2018-07-03,COST,264,185.7916717529297
2018-07-03,MSFT,417,91.34393310546875
2018-07-03,CSCO,937,33.49871063232422
2018-07-05,AMZN,415,84.98650360107422
2018-07-05,ADBE,154,244.17999267578125
2018-07-05,COST,264,187.6036834716797
2018-07-05,MSFT,417,91.9986801147461
2018-07-05,CSCO,937,33.672786712646484
2018-07-06,AMZN,415,85.53150177001953
2018-07-06,ADBE,154,248.19000244140625
2018-07-06,COST,264,188.03427124023438
2018-07-06,MSFT,417,93.28976440429688
2018-07-06,CSCO,937,33.79146194458008
2018-07-09,AMZN,415,86.95099639892578
2018-07-09,ADBE,154,249.77000427246094
2018-07-09,COST,264,189.21829223632812
2018-07-09,MSFT,417,93.92607116699219
2018-07-09,CSCO,937,33.759803771972656
2018-07-10,AMZN,399,87.15350341796875
2018-07-10,ADBE,156,248.6300048828125
2018-07-10,COST,264,189.90003967285156
2018-07-10,MSFT,408,94.17508697509766
2018-07-10,CSCO,902,33.91012954711914
2018-07-11,AMZN,399,87.75
2018-07-11,ADBE,156,248.1199951171875
2018-07-11,COST,264,189.22723388671875
2018-07-11,MSFT,408,94.04597473144531
2018-07-11,CSCO,902,33.68069076538086
2018-07-12,AMZN,399,89.83100128173828
2018-07-12,ADBE,156,254.8699951171875
2018-07-12,COST,264,191.98121643066406
2018-07-12,MSFT,408,96.08402252197266
2018-07-12,CSCO,902,34.479793548583984
2018-07-13,AMZN,399,90.65149688720703
2018-07-13,ADBE,156,258.5899963378906
2018-07-13,COST,264,194.24169921875
2018-07-13,MSFT,408,97.22756958007812
2018-07-13,CSCO,902,33.0556526184082
2018-07-16,AMZN,399,91.12449645996094
2018-07-16,ADBE,156,254.67999267578125
2018-07-16,COST,264,192.7256622314453
2018-07-16,MSFT,408,96.7480239868164
2018-07-16,CSCO,902,33.625308990478516
2018-07-17,AMZN,388,92.19650268554688
2018-07-17,ADBE,144,258.30999755859375
2018-07-17,COST,265,192.86026000976562
2018-07-17,MSFT,387,97.70707702636719
2018-07-17,NFLX,586,37.948001861572266
2018-07-18,AMZN,388,92.14600372314453
2018-07-18,ADBE,144,259.7799987792969
2018-07-18,COST,265,192.8333282470703
2018-07-18,MSFT,387,96.9416732788086
2018-07-18,NFLX,586,37.51300048828125
2018-07-19,AMZN,388,90.64849853515625
2018-07-19,ADBE,144,257.67999267578125
2018-07-19,COST,265,195.13865661621094
2018-07-19,MSFT,387,96.27767944335938
2018-07-19,NFLX,586,36.42300033569336
2018-07-20,AMZN,388,90.68499755859375
2018-07-20,ADBE,144,257.5400085449219
2018-07-20,COST,265,196.1702117919922
2018-07-20,MSFT,387,98.00221252441406
2018-07-20,NFLX,586,36.10499954223633
2018-07-23,AMZN,388,90.0999984741211
2018-07-23,ADBE,144,259.4700012207031
2018-07-23,COST,265,196.30484008789062
2018-07-23,MSFT,387,99.5699691772461
2018-07-23,NFLX,586,36.26599884033203
2018-07-24,AMZN,408,91.46199798583984
2018-07-24,ADBE,136,257.489990234375
2018-07-24,COST,265,196.07162475585938
2018-07-24,MSFT,356,99.28404998779297
2018-07-24,AAPL,484,45.43463897705078
2018-07-25,AMZN,408,93.18049621582031
2018-07-25,ADBE,136,263.1700134277344
2018-07-25,COST,265,197.9732666015625
2018-07-25,MSFT,356,102.20745849609375
2018-07-25,AAPL,484,45.86309814453125
2018-07-26,AMZN,408,90.4000015258789
2018-07-26,ADBE,136,261.92999267578125
2018-07-26,COST,265,198.8882598876953
2018-07-26,MSFT,356,101.09159088134766
2018-07-26,AAPL,484,45.71949005126953
2018-07-27,AMZN,408,90.8635025024414
2018-07-27,ADBE,136,254.80999755859375
2018-07-27,COST,265,197.03143310546875
2018-07-27,MSFT,356,99.3025131225586
2018-07-27,AAPL,484,44.95909881591797
2018-07-30,AMZN,408,88.96099853515625
2018-07-30,ADBE,136,242.32000732421875
2018-07-30,COST,265,196.5470428466797
2018-07-30,MSFT,356,97.1722183227539
2018-07-30,AAPL,484,44.707218170166016
2018-07-31,AMZN,530,88.87200164794922
2018-07-31,ADBE,109,244.67999267578125
2018-07-31,COST,261,196.18820190429688
2018-07-31,MSFT,358,97.8270034790039
2018-07-31,AAPL,496,44.796669006347656
2018-08-01,AMZN,530,89.8584976196289
2018-08-01,ADBE,109,248.00999450683594
2018-08-01,COST,261,194.7709197998047
2018-08-01,MSFT,358,98.01142120361328
2018-08-01,AAPL,496,47.435646057128906
2018-08-02,AMZN,530,91.71649932861328
2018-08-02,ADBE,109,252.22000122070312
2018-08-02,COST,261,198.3500213623047
2018-08-02,MSFT,358,99.20108032226562
2018-08-02,AAPL,496,48.82223129272461
2018-08-03,AMZN,530,91.16449737548828
2018-08-03,ADBE,109,253.27999877929688
2018-08-03,COST,261,199.16636657714844
2018-08-03,MSFT,358,99.63448333740234
2018-08-03,AAPL,496,48.96347427368164
2018-08-06,AMZN,530,92.38749694824219
2018-08-06,ADBE,109,254.11000061035156
2018-08-06,COST,261,199.78526306152344
2018-08-06,MSFT,358,99.7175064086914
2018-08-06,AAPL,496,49.217735290527344
2018-08-07,AMZN,519,93.1240005493164
2018-08-07,ADBE,110,253.38999938964844
2018-08-07,COST,264,200.80789184570312
2018-08-07,MSFT,388,100.40913391113281
2018-08-07,AAPL,486,48.756309509277344
2018-08-08,AMZN,519,94.32599639892578
2018-08-08,ADBE,110,253.8300018310547
2018-08-08,COST,264,201.45372009277344
2018-08-08,MSFT,388,100.97169494628906
2018-08-08,AAPL,486,48.789268493652344
2018-08-09,AMZN,519,94.9260025024414
2018-08-09,ADBE,110,253.8000030517578
2018-08-09,COST,264,195.76661682128906
2018-08-09,MSFT,388,101.13768768310547
2018-08-09,AAPL,486,49.17299270629883
2018-08-10,AMZN,519,94.31500244140625
2018-08-10,ADBE,110,253.6999969482422
2018-08-10,COST,264,197.62342834472656
2018-08-10,MSFT,388,100.51982116699219
2018-08-10,AAPL,486,49.026519775390625
2018-08-13,AMZN,519,94.80999755859375
2018-08-13,ADBE,110,253.5399932861328
2018-08-13,COST,264,196.95071411132812
2018-08-13,MSFT,388,99.79126739501953
2018-08-13,AAPL,486,49.343082427978516
2018-08-14,AMZN,554,95.98249816894531
2018-08-14,ADBE,128,256.04998779296875
2018-08-14,COST,269,199.13941955566406
2018-08-14,MSFT,422,101.0362319946289
2018-08-14,AAPL,506,49.55097198486328
2018-08-15,AMZN,554,94.13099670410156
2018-08-15,ADBE,128,250.52000427246094
2018-08-15,COST,269,198.84336853027344
2018-08-15,MSFT,422,99.6661376953125
2018-08-15,AAPL,506,49.66674041748047
2018-08-16,AMZN,554,94.32599639892578
2018-08-16,ADBE,128,248.88999938964844
2018-08-16,COST,269,200.2069091796875
2018-08-16,MSFT,422,99.64761352539062
2018-08-16,AAPL,506,50.394351959228516
2018-08-17,AMZN,554,94.11100006103516
2018-08-17,ADBE,128,245.6999969482422
2018-08-17,COST,269,202.44046020507812
2018-08-17,MSFT,422,99.59208679199219
2018-08-17,AAPL,506,51.400726318359375
2018-08-20,AMZN,554,93.83550262451172
2018-08-20,ADBE,128,249.75999450683594
2018-08-20,COST,269,203.93850708007812
2018-08-20,MSFT,422,98.93479919433594
2018-08-20,AAPL,506,50.89989471435547
2018-08-21,AMZN,547,94.1709976196289
2018-08-21,ADBE,111,251.5
2018-08-21,COST,260,205.00592041015625
2018-08-21,MSFT,391,98.11090087890625
2018-08-21,AAPL,1,50.80068588256836
2018-08-21,CSCO,986,36.22038650512695
2018-08-22,AMZN,547,95.24500274658203
2018-08-22,ADBE,111,255.5399932861328
2018-08-22,COST,260,205.60694885253906
2018-08-22,MSFT,391,99.11068725585938
2018-08-22,AAPL,1,50.80303192138672
2018-08-22,CSCO,986,36.38654708862305
2018-08-23,AMZN,547,95.1449966430664
2018-08-23,ADBE,111,257.0
2018-08-23,COST,260,205.87603759765625
2018-08-23,MSFT,391,99.57357025146484
2018-08-23,AAPL,1,50.90699005126953
2018-08-23,CSCO,986,36.410274505615234
2018-08-24,AMZN,547,95.26950073242188
2018-08-24,ADBE,111,261.510009765625
2018-08-24,COST,260,207.46377563476562
2018-08-24,MSFT,391,100.3511962890625
2018-08-24,AAPL,1,51.06526565551758
2018-08-24,CSCO,986,36.64763259887695
2018-08-27,AMZN,547,96.38400268554688
2018-08-27,ADBE,111,262.3999938964844
2018-08-27,COST,260,206.34249877929688
2018-08-27,MSFT,391,101.46208953857422
2018-08-27,AAPL,1,51.48577880859375
2018-08-27,CSCO,986,36.861244201660156
2018-08-28,AMZN,544,96.64099884033203
2018-08-28,ADBE,107,263.0400085449219
2018-08-28,COST,263,206.54879760742188
2018-08-28,MSFT,381,102.07308959960938
2018-08-28,CSCO,894,37.146080017089844
2018-08-29,AMZN,544,99.90499877929688
2018-08-29,ADBE,107,268.3599853515625
2018-08-29,COST,263,206.48609924316406
2018-08-29,MSFT,381,103.70240783691406
2018-08-29,CSCO,894,37.56539535522461
2018-08-30,AMZN,544,100.11900329589844
2018-08-30,ADBE,107,266.42999267578125
2018-08-30,COST,263,207.57415771484375
2018-08-30,MSFT,381,103.63760375976562
2018-08-30,CSCO,894,37.30431365966797
2018-08-31,AMZN,544,100.635498046875
2018-08-31,ADBE,107,263.510009765625
2018-08-31,COST,263,209.64244079589844
2018-08-31,MSFT,381,103.98939514160156
2018-08-31,CSCO,894,37.79484939575195
2018-09-04,AMZN,544,101.97550201416016
2018-09-04,ADBE,107,266.67999267578125
2018-09-04,COST,263,211.0362091064453
2018-09-04,MSFT,381,103.41542053222656
2018-09-04,CSCO,894,37.76319885253906
2018-09-05,AMZN,503,99.74099731445312
2018-09-05,ADBE,106,256.1400146484375
2018-09-05,COST,264,211.87257385253906
2018-09-05,MSFT,395,100.43452453613281
2018-09-05,CSCO,901,37.399253845214844
2018-09-06,AMZN,503,97.91549682617188
2018-09-06,ADBE,106,259.75
2018-09-06,COST,264,212.8347930908203
2018-09-06,MSFT,395,100.66593170166016
2018-09-06,CSCO,901,37.407161712646484
2018-09-07,AMZN,503,97.60350036621094
2018-09-07,ADBE,106,260.8699951171875
2018-09-07,COST,264,217.1331787109375
2018-09-07,MSFT,395,100.17530059814453
2018-09-07,CSCO,901,37.225189208984375
2018-09-10,AMZN,503,96.95050048828125
2018-09-10,ADBE,106,265.3699951171875
2018-09-10,COST,264,218.67987060546875
2018-09-10,MSFT,395,101.25840759277344
2018-09-10,CSCO,901,37.24101638793945
2018-09-11,AMZN,454,99.35749816894531
2018-09-11,ADBE,96,267.0
2018-09-11,COST,253,219.6061248779297
2018-09-11,MSFT,352,102.98031616210938
2018-09-11,CSCO,972,37.2093620300293
2018-09-12,AMZN,454,99.5
2018-09-12,ADBE,96,267.7900085449219
2018-09-12,COST,253,218.0144500732422
2018-09-12,MSFT,352,103.41542053222656
2018-09-12,CSCO,972,37.098602294921875
2018-09-13,AMZN,454,99.49349975585938
2018-09-13,ADBE,96,268.5199890136719
2018-09-13,COST,253,216.9622802734375
2018-09-13,MSFT,352,104.52631378173828
2018-09-13,CSCO,972,37.37552261352539
2018-09-14,AMZN,454,98.5094985961914
2018-09-14,ADBE,96,274.69000244140625
2018-09-14,COST,253,211.66578674316406
2018-09-14,MSFT,352,104.95217895507812
2018-09-14,CSCO,972,37.502113342285156
2018-09-17,AMZN,454,95.40149688720703
2018-09-17,ADBE,96,268.25
2018-09-17,COST,253,208.62625122070312
2018-09-17,MSFT,352,103.81348419189453
2018-09-17,CSCO,972,37.272666931152344
2018-09-18,AMZN,445,97.05249786376953
2018-09-18,ADBE,116,270.7900085449219
2018-09-18,COST,263,210.73953247070312
2018-09-18,MSFT,403,104.80403900146484
2018-09-18,CSCO,1116,37.54957962036133
2018-09-19,AMZN,445,96.32099914550781
2018-09-19,ADBE,116,264.8800048828125
2018-09-19,COST,263,210.28985595703125
2018-09-19,MSFT,403,103.4061508178711
2018-09-19,CSCO,1116,37.407161712646484
2018-09-20,AMZN,445,97.21499633789062
2018-09-20,ADBE,116,266.3399963378906
2018-09-20,COST,263,210.3528289794922
2018-09-20,MSFT,403,105.1373062133789
2018-09-20,CSCO,1116,37.76319885253906
2018-09-21,AMZN,445,95.75050354003906
2018-09-21,ADBE,116,260.8800048828125
2018-09-21,COST,263,211.10812377929688
2018-09-21,MSFT,403,105.77609252929688
2018-09-21,CSCO,1116,38.41987991333008
2018-09-24,AMZN,445,96.71800231933594
2018-09-24,ADBE,116,264.0899963378906
2018-09-24,COST,263,209.831298828125
2018-09-24,MSFT,403,106.15564727783203
2018-09-24,CSCO,1116,38.32493591308594
2018-09-25,AMZN,471,98.72750091552734
2018-09-25,ADBE,116,267.8399963378906
2018-09-25,COST,264,209.46253967285156
2018-09-25,MSFT,414,105.95196533203125
2018-09-25,CSCO,1095,38.34868621826172
2018-09-26,AMZN,471,98.74250030517578
2018-09-26,ADBE,116,268.4700012207031
2018-09-26,COST,264,210.25387573242188
2018-09-26,MSFT,414,105.5168685913086
2018-09-26,CSCO,1095,38.301212310791016
2018-09-27,AMZN,471,100.64900207519531
2018-09-27,ADBE,116,269.9100036621094
2018-09-27,COST,264,210.4248046875
2018-09-27,MSFT,414,105.91495513916016
2018-09-27,CSCO,1095,38.23790740966797
2018-09-28,AMZN,471,100.1500015258789
2018-09-28,ADBE,116,269.95001220703125
2018-09-28,COST,264,211.21612548828125
2018-09-28,MSFT,414,105.87789154052734
2018-09-28,CSCO,1095,38.491092681884766
2018-10-01,AMZN,471,100.21800231933594
2018-10-01,ADBE,116,275.489990234375
2018-10-01,COST,264,211.00930786132812
2018-10-01,MSFT,414,107.02584838867188
2018-10-01,CSCO,1095,38.6651496887207
2018-10-02,AMZN,478,98.56549835205078
2018-10-02,ADBE,116,272.0
2018-10-02,COST,268,212.53797912597656
2018-10-02,MSFT,426,106.60001373291016
2018-10-02,CSCO,1087,38.775917053222656
2018-10-03,AMZN,478,97.63800048828125
2018-10-03,ADBE,116,270.510009765625
2018-10-03,COST,268,209.70533752441406
2018-10-03,MSFT,426,106.61851501464844
2018-10-03,CSCO,1087,38.87876892089844
2018-10-04,AMZN,478,95.47100067138672
2018-10-04,ADBE,116,263.7099914550781
2018-10-04,COST,268,208.33847045898438
2018-10-04,MSFT,426,104.41522979736328
2018-10-04,CSCO,1087,38.53626251220703
2018-10-05,AMZN,478,94.48249816894531
2018-10-05,ADBE,116,263.2200012207031
2018-10-05,COST,268,196.77415466308594
2018-10-05,MSFT,426,103.80422973632812
2018-10-05,CSCO,1087,38.337120056152344
2018-10-08,AMZN,478,93.22100067138672
2018-10-08,ADBE,116,254.69000244140625
2018-10-08,COST,268,201.3693084716797
2018-10-08,MSFT,426,102.61927795410156
2018-10-08,CSCO,1087,37.85123825073242
2018-10-09,AMZN,526,93.51599884033203
2018-10-09,ADBE,123,254.16000366210938
2018-10-09,COST,196,201.58514404296875
2018-10-09,MSFT,467,103.9245834350586
2018-10-09,CSCO,1252,37.82734680175781
2018-10-10,AMZN,526,87.76249694824219
2018-10-10,ADBE,123,237.91000366210938
2018-10-10,COST,196,198.7794647216797
2018-10-10,MSFT,467,98.27750396728516
2018-10-10,CSCO,1252,36.345794677734375
2018-10-11,AMZN,526,85.96800231933594
2018-10-11,ADBE,123,238.58999633789062
2018-10-11,COST,196,199.4718780517578
2018-10-11,MSFT,467,98.04609680175781
2018-10-11,CSCO,1252,35.14303207397461
2018-10-12,AMZN,526,89.43049621582031
2018-10-12,ADBE,123,248.8699951171875
2018-10-12,COST,196,204.08502197265625
2018-10-12,MSFT,467,101.43431091308594
2018-10-12,CSCO,1252,36.40951156616211
2018-10-15,AMZN,526,88.04750061035156
2018-10-15,ADBE,123,238.00999450683594
2018-10-15,COST,196,201.89088439941406
2018-10-15,MSFT,467,99.61058807373047
2018-10-15,CSCO,1252,35.58112335205078
2018-10-16,COST,260,204.7415008544922
2018-10-16,MSFT,467,102.75814819335938
2018-10-16,CSCO,1457,36.49713134765625
2018-10-16,AAPL,692,52.4803352355957
2018-10-16,AMD,394,28.18000030517578
2018-10-17,COST,260,205.46987915039062
2018-10-17,MSFT,467,102.48969268798828
2018-10-17,CSCO,1457,36.592716217041016
2018-10-17,AAPL,692,52.25354766845703
2018-10-17,AMD,394,27.299999237060547
2018-10-18,COST,260,205.5508270263672
2018-10-18,MSFT,467,100.44375610351562
2018-10-18,CSCO,1457,36.21037673950195
2018-10-18,AAPL,692,51.03219985961914
2018-10-18,AMD,394,26.6200008392334
2018-10-19,COST,260,206.53102111816406
2018-10-19,MSFT,467,100.5919189453125
2018-10-19,CSCO,1457,36.11479949951172
2018-10-19,AAPL,692,51.809417724609375
2018-10-19,AMD,394,23.65999984741211
2018-10-22,COST,260,205.98245239257812
2018-10-22,MSFT,467,101.48987579345703
2018-10-22,CSCO,1457,36.44934844970703
2018-10-22,AAPL,692,52.12596893310547
2018-10-22,AMD,394,25.030000686645508
2018-10-23,COST,256,205.70372009277344
2018-10-23,MSFT,459,100.07347869873047
2018-10-23,CSCO,1449,36.178524017333984
2018-10-23,AAPL,704,52.61735916137695
2018-10-23,AMD,366,25.09000015258789
2018-10-24,COST,256,201.2164764404297
2018-10-24,MSFT,459,94.7226333618164
2018-10-24,CSCO,1449,35.10320281982422
2018-10-24,AAPL,704,50.812496185302734
2018-10-24,AMD,366,22.790000915527344
2018-10-25,COST,256,203.5904541015625
2018-10-25,MSFT,459,100.25863647460938
2018-10-25,CSCO,1449,36.21833801269531
2018-10-25,AAPL,704,51.925167083740234
2018-10-25,AMD,366,19.270000457763672
2018-10-26,COST,256,196.20761108398438
2018-10-26,MSFT,459,99.01811218261719
2018-10-26,CSCO,1449,35.24657440185547
2018-10-26,AAPL,704,51.09832763671875
2018-10-26,AMD,366,17.6299991607666
2018-10-29,COST,256,200.0114288330078
2018-10-29,MSFT,459,96.13902282714844
2018-10-29,CSCO,1449,34.92000198364258
2018-10-29,AAPL,704,50.13920593261719
2018-10-29,AMD,366,16.850000381469727
2018-10-30,COST,251,204.9573211669922
2018-10-30,CSCO,1435,35.50944519042969
2018-10-30,AAPL,902,50.38962936401367
2018-10-30,TSLA,140,21.99333381652832
2018-10-31,COST,251,205.59579467773438
2018-10-31,CSCO,1435,36.441375732421875
2018-10-31,AAPL,902,51.70311737060547
2018-10-31,TSLA,140,22.488000869750977
2018-11-01,COST,251,206.468017578125
2018-11-01,CSCO,1435,36.361732482910156
2018-11-01,AAPL,902,52.49687194824219
2018-11-01,TSLA,140,22.95199966430664
2018-11-02,COST,251,206.9716796875
2018-11-02,CSCO,1435,36.22631072998047
2018-11-02,AAPL,902,49.01471710205078
2018-11-02,TSLA,140,23.0939998626709
2018-11-05,COST,251,210.82940673828125
2018-11-05,CSCO,1435,36.75202560424805
2018-11-05,AAPL,902,47.623268127441406
2018-11-05,TSLA,140,22.760000228881836
2018-11-06,COST,242,212.86180114746094
2018-11-06,CSCO,1391,37.038780212402344
2018-11-06,AMD,640,20.68000030517578
2018-11-06,PEP,328,89.71956634521484
2018-11-07,COST,242,216.1529541015625
2018-11-07,CSCO,1391,38.15392303466797
2018-11-07,AMD,640,21.84000015258789
2018-11-07,PEP,328,90.03107452392578
2018-11-08,COST,242,215.16146850585938
2018-11-08,CSCO,1391,38.584049224853516
2018-11-08,AMD,640,21.200000762939453
2018-11-08,PEP,328,90.38150024414062
2018-11-09,COST,242,214.29612731933594
2018-11-09,CSCO,1391,37.524662017822266
2018-11-09,AMD,640,21.030000686645508
2018-11-09,PEP,328,91.48733520507812
2018-11-12,COST,242,211.35760498046875
2018-11-12,CSCO,1391,36.33782958984375
2018-11-12,AMD,640,19.030000686645508
2018-11-12,PEP,328,91.09015655517578
2018-11-13,COST,242,211.05116271972656
2018-11-13,CSCO,1403,35.93956756591797
2018-11-13,PEP,364,91.22254180908203
2018-11-14,COST,242,210.3030242919922
2018-11-14,CSCO,1403,35.310302734375
2018-11-14,PEP,364,90.84098052978516
2018-11-15,COST,242,207.2653350830078
2018-11-15,CSCO,1403,37.25384521484375
2018-11-15,PEP,364,90.9577865600586
2018-11-16,COST,242,208.23878479003906
2018-11-16,CSCO,1403,36.919288635253906
2018-11-16,PEP,364,92.16484069824219
2018-11-19,COST,242,206.18368530273438
2018-11-19,CSCO,1403,36.441375732421875
2018-11-19,PEP,364,92.67879486083984
2018-11-20,COST,249,197.6835174560547
2018-11-20,CSCO,1411,35.43775177001953
2018-11-20,PEP,395,90.33476257324219
2018-11-20,TSLA,323,23.166000366210938
2018-11-21,COST,249,197.01651000976562
2018-11-21,CSCO,1411,35.756351470947266
2018-11-21,PEP,395,89.77408599853516
2018-11-21,TSLA,323,22.54599952697754
2018-11-23,COST,249,198.35958862304688
2018-11-23,CSCO,1411,35.477569580078125
2018-11-23,PEP,395,89.87532806396484
2018-11-23,TSLA,323,21.722000122070312
2018-11-26,COST,249,197.80970764160156
2018-11-26,CSCO,1411,36.29800796508789
2018-11-26,PEP,395,90.22576141357422
2018-11-26,TSLA,323,23.066667556762695
2018-11-27,PEP,556,90.67742156982422
2018-11-27,TSLA,2204,22.92799949645996
2018-11-28,PEP,556,92.28163146972656
2018-11-28,TSLA,2204,23.191333770751953
2018-11-29,PEP,556,92.10252380371094
2018-11-29,TSLA,2204,22.744667053222656
2018-11-30,PEP,556,94.96055603027344
2018-11-30,TSLA,2204,23.365333557128906
2018-12-03,PEP,556,92.65544891357422
2018-12-03,TSLA,2204,23.89933204650879
2018-12-04,PEP,350,91.73654174804688
2018-12-04,TSLA,553,23.979999542236328
2018-12-04,MSFT,489,100.89630126953125
2018-12-04,CSCO,1314,37.71582794189453
2018-12-06,PEP,350,91.71141052246094
2018-12-06,TSLA,553,24.20400047302246
2018-12-06,MSFT,489,101.51921844482422
2018-12-06,CSCO,1314,38.544227600097656
2018-12-07,PEP,350,90.91077423095703
2018-12-07,TSLA,553,23.864667892456055
2018-12-07,MSFT,489,97.45621490478516
2018-12-07,CSCO,1314,36.99098587036133
2018-12-10,PEP,350,91.20122528076172
2018-12-10,TSLA,553,24.343332290649414
2018-12-10,MSFT,489,100.03160858154297
2018-12-10,CSCO,1314,37.32553482055664
2018-12-11,PEP,501,92.06464385986328
2018-12-11,TSLA,1097,24.450666427612305
2018-12-11,CSCO,1325,37.50873565673828
2018-12-11,AVGO,52,20.12659454345703
2018-12-12,PEP,501,91.83699035644531
2018-12-12,TSLA,1097,24.440000534057617
2018-12-12,CSCO,1325,37.77157974243164
2018-12-12,AVGO,52,20.790302276611328
2018-12-13,PEP,501,92.89666748046875
2018-12-13,TSLA,1097,25.119333267211914
2018-12-13,CSCO,1325,37.8114128112793
2018-12-13,AVGO,52,21.06100082397461
2018-12-14,PEP,501,89.44295501708984
2018-12-14,TSLA,1097,24.380666732788086
2018-12-14,CSCO,1325,36.49713134765625
2018-12-14,AVGO,52,20.7780704498291
2018-12-17,PEP,501,88.59523010253906
2018-12-17,TSLA,1097,23.22800064086914
2018-12-17,CSCO,1325,35.20675277709961
2018-12-17,AVGO,52,20.720991134643555
2018-12-18,TSLA,2095,22.468666076660156
2018-12-18,AVGO,2329,20.571855545043945
2018-12-19,TSLA,2095,22.197999954223633
2018-12-19,AVGO,2329,20.09560775756836
2018-12-20,TSLA,2095,21.025333404541016
2018-12-20,AVGO,2329,19.930814743041992
2018-12-21,TSLA,2095,21.31800079345703
2018-12-21,AVGO,2329,20.179649353027344
2018-12-24,TSLA,2095,19.69266700744629
2018-12-24,AVGO,2329,19.264230728149414
2019-01-02,AVGO,2260,20.888256072998047
2019-01-02,TSLA,2271,20.674667358398438
2019-01-03,AVGO,2260,19.03022575378418
2019-01-03,TSLA,2271,20.02400016784668
2019-01-04,AVGO,2260,19.217266082763672
2019-01-04,TSLA,2271,21.179332733154297
2019-01-07,AVGO,2260,19.608644485473633
2019-01-07,TSLA,2271,22.33066749572754
2019-01-08,TSLA,2075,22.356666564941406
2019-01-09,TSLA,2075,22.568666458129883
2019-01-10,TSLA,2075,22.99799919128418
2019-01-11,TSLA,2075,23.150667190551758
2019-01-14,TSLA,2075,22.293333053588867
2019-01-15,TSLA,1681,22.961999893188477
2019-01-15,AVGO,1387,21.133798599243164
2019-01-15,NFLX,1345,35.4640007019043
2019-01-16,TSLA,1681,23.06999969482422
2019-01-16,AVGO,1387,20.739120483398438
2019-01-16,NFLX,1345,35.138999938964844
2019-01-17,TSLA,1681,23.15399932861328
2019-01-17,AVGO,1387,21.03822135925293
2019-01-17,NFLX,1345,35.319000244140625
2019-01-18,TSLA,1681,20.150667190551758
2019-01-18,AVGO,1387,21.490575790405273
2019-01-18,NFLX,1345,33.90999984741211
2019-01-22,TSLA,1681,19.92799949645996
2019-01-22,AVGO,1387,21.2821102142334
2019-01-22,NFLX,1345,32.51599884033203
2019-01-23,TSLA,1024,19.172666549682617
2019-01-23,AVGO,2119,21.218666076660156
2019-01-24,TSLA,1024,19.43400001525879
2019-01-24,AVGO,2119,21.715518951416016
2019-01-25,TSLA,1024,19.80266761779785
2019-01-25,AVGO,2119,22.077232360839844
2019-01-28,TSLA,1024,19.7586669921875
2019-01-28,AVGO,2119,22.05086898803711
2019-01-29,AVGO,1492,21.94375228881836
2019-01-29,NFLX,911,32.88999938964844
2019-01-29,MSFT,434,95.70829772949219
2019-01-29,CSCO,1117,36.892112731933594
2019-01-29,ADBE,148,238.27000427246094
2019-01-30,AVGO,1492,22.314533233642578
2019-01-30,NFLX,911,34.066001892089844
2019-01-30,MSFT,434,98.90663146972656
2019-01-30,CSCO,1117,37.4941291809082
2019-01-30,ADBE,148,242.6699981689453
2019-01-31,AVGO,1492,22.1027774810791
2019-01-31,NFLX,911,33.95000076293945
2019-01-31,MSFT,434,97.0936050415039
2019-01-31,CSCO,1117,37.95970153808594
2019-01-31,ADBE,148,247.82000732421875
2019-02-01,AVGO,1492,21.984127044677734
2019-02-01,NFLX,911,33.98500061035156
2019-02-01,MSFT,434,95.55953979492188
2019-02-01,CSCO,1117,37.99983215332031
2019-02-01,ADBE,148,247.3800048828125
2019-02-04,AVGO,1492,22.421653747558594
2019-02-04,NFLX,911,35.13399887084961
2019-02-04,MSFT,434,98.31158447265625
2019-02-04,CSCO,1117,38.00785446166992
2019-02-04,ADBE,148,254.74000549316406
2019-02-05,AVGO,1736,22.24696922302246
2019-02-05,NFLX,969,35.58100128173828
2019-02-05,CSCO,1241,37.935611724853516
2019-02-05,ADBE,152,254.82000732421875
2019-02-05,AMD,1199,23.309999465942383
2019-02-06,AVGO,1736,22.75865364074707
2019-02-06,NFLX,969,35.21900177001953
2019-02-06,CSCO,1241,38.11219787597656
2019-02-06,ADBE,152,254.35000610351562
2019-02-06,AMD,1199,23.260000228881836
2019-02-07,AVGO,1736,22.17198944091797
2019-02-07,NFLX,969,34.47100067138672
2019-02-07,CSCO,1241,37.48610305786133
2019-02-07,ADBE,152,253.74000549316406
2019-02-07,AMD,1199,22.670000076293945
2019-02-08,AVGO,1736,22.581501007080078
2019-02-08,NFLX,969,34.75699996948242
2019-02-08,CSCO,1241,37.87942886352539
2019-02-08,ADBE,152,257.0
2019-02-08,AMD,1199,23.049999237060547
2019-02-11,AVGO,1736,22.718278884887695
2019-02-11,NFLX,969,34.573001861572266
2019-02-11,CSCO,1241,38.19248580932617
2019-02-11,ADBE,152,258.3900146484375
2019-02-11,AMD,1199,22.959999084472656
2019-02-12,AVGO,1678,23.020671844482422
2019-02-12,NFLX,895,35.99700164794922
2019-02-12,CSCO,1251,38.44131851196289
2019-02-12,ADBE,156,261.3699951171875
2019-02-12,AMD,1120,22.81999969482422
2019-02-13,AVGO,1678,23.1796932220459
2019-02-13,NFLX,895,35.176998138427734
2019-02-13,CSCO,1251,38.12825393676758
2019-02-13,ADBE,156,260.2300109863281
2019-02-13,AMD,1120,22.850000381469727
2019-02-14,AVGO,1678,23.194528579711914
2019-02-14,NFLX,895,35.90700149536133
2019-02-14,CSCO,1251,38.85069274902344
2019-02-14,ADBE,156,260.1400146484375
2019-02-14,AMD,1120,23.1299991607666
2019-02-15,AVGO,1678,23.229957580566406
2019-02-15,NFLX,895,35.6870002746582
2019-02-15,CSCO,1251,39.67747497558594
2019-02-15,ADBE,156,259.45001220703125
2019-02-15,AMD,1120,23.68000030517578
2019-02-19,AVGO,1678,23.20771026611328
2019-02-19,NFLX,895,36.19200134277344
2019-02-19,CSCO,1251,39.85406494140625
2019-02-19,ADBE,156,257.80999755859375
2019-02-19,AMD,1120,23.950000762939453
2019-02-20,AVGO,1527,23.352731704711914
2019-02-20,CSCO,1026,39.83802795410156
2019-02-20,ADBE,134,258.1000061035156
2019-02-20,MSFT,377,100.04798889160156
2019-02-20,PEP,504,90.91860961914062
2019-02-21,AVGO,1527,23.14838981628418
2019-02-21,CSCO,1026,39.66142272949219
2019-02-21,ADBE,134,257.760009765625
2019-02-21,MSFT,377,102.15821075439453
2019-02-21,PEP,504,91.13056182861328
2019-02-22,AVGO,1527,22.78254508972168
2019-02-22,CSCO,1026,40.22331619262695
2019-02-22,ADBE,134,258.8999938964844
2019-02-22,MSFT,377,103.61480712890625
2019-02-22,PEP,504,91.64862060546875
2019-02-25,AVGO,1527,22.955577850341797
2019-02-25,CSCO,1026,40.76914978027344
2019-02-25,ADBE,134,258.6199951171875
2019-02-25,MSFT,377,104.19371795654297
2019-02-25,PEP,504,91.09915161132812
2019-02-26,AVGO,1330,22.658952713012695
2019-02-26,CSCO,1188,41.082191467285156
2019-02-26,ADBE,127,261.2200012207031
2019-02-26,MSFT,377,104.91268920898438
2019-02-26,PEP,501,91.02851104736328
2019-02-27,AVGO,1330,22.369741439819336
2019-02-27,CSCO,1188,41.41131591796875
2019-02-27,ADBE,127,262.8999938964844
2019-02-27,MSFT,377,104.73524475097656
2019-02-27,PEP,501,90.55757141113281
2019-02-28,AVGO,1330,22.688615798950195
2019-02-28,CSCO,1188,41.5557861328125
2019-02-28,ADBE,127,262.5
2019-02-28,MSFT,377,104.60454559326172
2019-02-28,PEP,501,91.50554656982422
2019-03-01,AVGO,1330,22.47355842590332
2019-03-01,CSCO,1188,41.266815185546875
2019-03-01,ADBE,127,264.010009765625
2019-03-01,MSFT,377,105.0713882446289
2019-03-01,PEP,501,91.93282318115234
2019-03-04,AVGO,1330,22.649890899658203
2019-03-04,CSCO,1188,41.0661506652832
2019-03-04,ADBE,127,258.1600036621094
2019-03-04,MSFT,377,104.81929779052734
2019-03-04,PEP,501,91.92491912841797
2019-03-05,AVGO,1510,22.824565887451172
2019-03-05,CSCO,1202,41.17852783203125
2019-03-05,ADBE,150,257.3800048828125
2019-03-05,MSFT,433,104.29641723632812
2019-03-05,AMD,1136,23.5
2019-03-06,AVGO,1510,22.358205795288086
2019-03-06,CSCO,1202,41.47553634643555
2019-03-06,ADBE,150,256.3999938964844
2019-03-06,MSFT,433,104.3431167602539
2019-03-06,AMD,1136,22.40999984741211
2019-03-07,AVGO,1510,21.877010345458984
2019-03-07,CSCO,1202,41.170494079589844
2019-03-07,ADBE,150,255.4600067138672
2019-03-07,MSFT,433,103.07322692871094
2019-03-07,AMD,1136,22.079999923706055
2019-03-08,AVGO,1510,21.76824951171875
2019-03-08,CSCO,1202,40.9939079284668
2019-03-08,ADBE,150,254.74000549316406
2019-03-08,MSFT,433,103.185302734375
2019-03-08,AMD,1136,22.010000228881836
2019-03-11,AVGO,1510,22.16951560974121
2019-03-11,CSCO,1202,41.67619323730469
2019-03-11,ADBE,150,260.9599914550781
2019-03-11,MSFT,433,105.35153198242188
2019-03-11,AMD,1136,22.959999084472656
2019-03-12,AVGO,1251,22.216480255126953
2019-03-12,CSCO,1185,41.860816955566406
2019-03-12,ADBE,124,263.510009765625
2019-03-12,MSFT,389,106.08915710449219
2019-03-12,PEP,480,92.24143981933594
2019-03-13,AVGO,1251,22.346670150756836
2019-03-13,CSCO,1185,42.214019775390625
2019-03-13,ADBE,124,264.3800048828125
2019-03-13,MSFT,389,106.91082763671875
2019-03-13,PEP,480,92.24933624267578
2019-03-14,AVGO,1251,22.09865951538086
2019-03-14,CSCO,1185,42.33442306518555
2019-03-14,ADBE,124,267.69000244140625
2019-03-14,MSFT,389,106.99488067626953
2019-03-14,PEP,480,91.39476013183594
2019-03-15,AVGO,1251,23.918785095214844
2019-03-15,CSCO,1185,42.70365524291992
2019-03-15,ADBE,124,257.0899963378906
2019-03-15,MSFT,389,108.22738647460938
2019-03-15,PEP,480,91.52135467529297
2019-03-18,AVGO,1251,24.2112979888916
2019-03-18,CSCO,1185,42.952476501464844
2019-03-18,ADBE,124,257.760009765625
2019-03-18,MSFT,389,109.77734375
2019-03-18,PEP,480,92.79534149169922
2019-03-19,CSCO,1181,42.79194641113281
2019-03-19,ADBE,102,260.4200134277344
2019-03-19,MSFT,413,109.85204315185547
2019-03-19,COST,237,214.25131225585938
2019-03-19,AMD,1134,26.0
2019-03-20,CSCO,1181,42.7518196105957
2019-03-20,ADBE,102,259.739990234375
2019-03-20,MSFT,413,109.73065948486328
2019-03-20,COST,237,214.1880340576172
2019-03-20,AMD,1134,25.700000762939453
2019-03-21,CSCO,1181,43.29765319824219
2019-03-21,ADBE,102,264.17999267578125
2019-03-21,MSFT,413,112.25169372558594
2019-03-21,COST,237,216.50189208984375
2019-03-21,AMD,1134,27.889999389648438
2019-03-22,CSCO,1181,42.33442306518555
2019-03-22,ADBE,102,259.69000244140625
2019-03-22,MSFT,413,109.29180145263672
2019-03-22,COST,237,214.71229553222656
2019-03-22,AMD,1134,26.3700008392334
2019-03-25,CSCO,1181,42.326385498046875
2019-03-25,ADBE,102,262.2699890136719
2019-03-25,MSFT,413,109.86138153076172
2019-03-25,COST,237,214.17906188964844
2019-03-25,AMD,1134,25.969999313354492
2019-03-26,CSCO,986,42.727725982666016
2019-03-26,ADBE,79,265.5899963378906
2019-03-26,MSFT,295,110.09481811523438
2019-03-26,COST,241,216.07704162597656
2019-03-26,PEP,522,96.55400848388672
2019-03-27,CSCO,986,42.65548324584961
2019-03-27,ADBE,79,262.3399963378906
2019-03-27,MSFT,295,109.0303726196289
2019-03-27,COST,241,216.3843231201172
2019-03-27,PEP,522,96.45116424560547
2019-03-28,CSCO,986,42.83208465576172
2019-03-28,ADBE,79,263.5299987792969
2019-03-28,MSFT,295,109.17975616455078
2019-03-28,COST,241,218.02024841308594
2019-03-28,PEP,522,96.41156005859375
2019-03-29,CSCO,986,43.33778381347656
2019-03-29,ADBE,79,266.489990234375
2019-03-29,MSFT,295,110.12284088134766
2019-03-29,COST,241,218.85177612304688
2019-03-29,PEP,522,96.97339630126953
2019-04-01,CSCO,986,44.1324577331543
2019-04-01,ADBE,79,272.1700134277344
2019-04-01,MSFT,295,111.13124084472656
2019-04-01,COST,241,220.70465087890625
2019-04-01,PEP,522,96.53816986083984
2019-04-02,CSCO,1127,44.38130569458008
2019-04-02,ADBE,104,271.3500061035156
2019-04-02,MSFT,298,111.28995513916016
2019-04-02,COST,240,217.36956787109375
2019-04-02,PEP,445,96.28495788574219
2019-04-03,CSCO,1127,44.65422439575195
2019-04-03,ADBE,104,271.5
2019-04-03,MSFT,298,112.01827239990234
2019-04-03,COST,240,219.15908813476562
2019-04-03,PEP,445,96.19001770019531
2019-04-04,CSCO,1127,44.54111862182617
2019-04-04,ADBE,104,267.8900146484375
2019-04-04,MSFT,298,111.44868469238281
2019-04-04,COST,240,220.8944091796875
2019-04-04,PEP,445,96.11878967285156
2019-04-05,CSCO,1127,44.5976676940918
2019-04-05,ADBE,104,267.45001220703125
2019-04-05,MSFT,298,111.94355010986328
2019-04-05,COST,240,222.22300720214844
2019-04-05,PEP,445,96.23748016357422
2019-04-08,CSCO,1127,44.823848724365234
2019-04-08,ADBE,104,268.80999755859375
2019-04-08,MSFT,298,111.9809341430664
2019-04-08,COST,240,222.81056213378906
2019-04-08,PEP,445,96.53816986083984
2019-04-09,CSCO,1186,44.57344055175781
2019-04-09,ADBE,94,268.989990234375
2019-04-09,MSFT,298,111.37398529052734
2019-04-09,COST,225,221.35536193847656
2019-04-09,PEP,349,96.67269897460938
2019-04-10,CSCO,1186,45.09042739868164
2019-04-10,ADBE,94,271.5799865722656
2019-04-10,MSFT,298,112.22369384765625
2019-04-10,COST,225,221.98802185058594
2019-04-10,PEP,349,96.56981658935547
2019-04-11,CSCO,1186,44.91270065307617
2019-04-11,ADBE,94,271.8999938964844
2019-04-11,MSFT,298,112.35441589355469
2019-04-11,COST,225,218.03834533691406
2019-04-11,PEP,349,96.27704620361328
2019-04-12,CSCO,1186,45.47006607055664
2019-04-12,ADBE,94,271.8599853515625
2019-04-12,MSFT,298,112.93331909179688
2019-04-12,COST,225,218.68002319335938
2019-04-12,PEP,349,96.72017669677734
2019-04-15,CSCO,1186,45.68818283081055
2019-04-15,ADBE,94,272.2200012207031
2019-04-15,MSFT,298,113.02668762207031
2019-04-15,COST,225,222.6387939453125
2019-04-15,PEP,349,97.85174560546875
2019-04-16,CSCO,1174,46.00321960449219
2019-04-16,ADBE,94,271.42999267578125
2019-04-16,MSFT,292,112.76525115966797
2019-04-16,COST,192,221.7440185546875
2019-04-16,PEP,494,96.86261749267578
2019-04-17,CSCO,1174,45.486228942871094
2019-04-17,ADBE,94,269.45001220703125
2019-04-17,MSFT,292,113.698974609375
2019-04-17,COST,192,221.9428253173828
2019-04-17,PEP,494,100.50257873535156
2019-04-18,CSCO,1174,45.55893325805664
2019-04-18,ADBE,94,270.57000732421875
2019-04-18,MSFT,292,115.19293975830078
2019-04-18,COST,192,222.16883850097656
2019-04-18,PEP,494,100.56585693359375
2019-04-22,CSCO,1174,45.51047134399414
2019-04-22,ADBE,94,272.2099914550781
2019-04-22,MSFT,292,115.55706787109375
2019-04-22,COST,192,220.0086669921875
2019-04-22,PEP,494,100.05152893066406
2019-04-23,CSCO,1185,45.79318618774414
2019-04-23,ADBE,105,278.489990234375
2019-04-23,MSFT,315,117.1257095336914
2019-04-23,COST,173,221.9609375
2019-04-23,PEP,502,100.56585693359375
2019-04-24,CSCO,1185,45.9466552734375
2019-04-24,ADBE,105,275.45001220703125
2019-04-24,MSFT,315,116.72420501708984
2019-04-24,COST,173,224.112060546875
2019-04-24,PEP,502,100.43136596679688
2019-04-25,CSCO,1185,45.50239181518555
2019-04-25,ADBE,105,277.6600036621094
2019-04-25,MSFT,315,120.58979797363281
2019-04-25,COST,173,221.97903442382812
2019-04-25,PEP,502,99.80623626708984
2019-04-26,CSCO,1185,45.13888931274414
2019-04-26,ADBE,105,281.9599914550781
2019-04-26,MSFT,315,121.28074645996094
2019-04-26,COST,173,220.37020874023438
2019-04-26,PEP,502,100.0198745727539
2019-04-29,CSCO,1185,45.3408317565918
2019-04-29,ADBE,105,286.1400146484375
2019-04-29,MSFT,315,121.16870880126953
2019-04-29,COST,173,220.7859649658203
2019-04-29,PEP,502,100.24935913085938
2019-04-30,CSCO,1210,45.195438385009766
2019-04-30,ADBE,116,289.25
2019-04-30,MSFT,334,121.9437026977539
2019-04-30,COST,157,221.9157257080078
2019-04-30,PEP,520,101.32552337646484
2019-05-01,CSCO,1210,44.896541595458984
2019-05-01,ADBE,116,283.3500061035156
2019-05-01,MSFT,334,119.40397644042969
2019-05-01,COST,157,218.3546600341797
2019-05-01,PEP,520,100.68456268310547
2019-05-02,CSCO,1210,44.37957000732422
2019-05-02,ADBE,116,279.6400146484375
2019-05-02,MSFT,334,117.8447036743164
2019-05-02,COST,157,219.3489227294922
2019-05-02,PEP,520,100.36015319824219
2019-05-03,CSCO,1210,44.37957000732422
2019-05-03,ADBE,116,285.5799865722656
2019-05-03,MSFT,334,120.35637664794922
2019-05-03,COST,157,221.09329223632812
2019-05-03,PEP,520,101.02481842041016
2019-05-06,CSCO,1210,44.09685516357422
2019-05-06,ADBE,116,283.6600036621094
2019-05-06,MSFT,334,119.65608978271484
2019-05-06,COST,157,220.7407989501953
2019-05-06,PEP,520,100.70830535888672
2019-05-07,CSCO,1036,43.17597579956055
2019-05-07,ADBE,103,277.07000732421875
2019-05-07,MSFT,377,117.20040893554688
2019-05-07,COST,156,217.08026123046875
2019-05-07,PEP,534,99.68753051757812
2019-05-08,CSCO,1036,43.19213104248047
2019-05-08,ADBE,103,276.7699890136719
2019-05-08,MSFT,377,117.19107055664062
2019-05-08,COST,156,218.12875366210938
2019-05-08,PEP,534,99.71920013427734
2019-05-09,CSCO,1036,42.747840881347656
2019-05-09,ADBE,103,275.7900085449219
2019-05-09,MSFT,377,117.18173217773438
2019-05-09,COST,156,220.6481170654297
2019-05-09,PEP,534,99.74292755126953
2019-05-10,CSCO,1036,43.103267669677734
2019-05-10,ADBE,103,278.4800109863281
2019-05-10,MSFT,377,118.70370483398438
2019-05-10,COST,156,223.86541748046875
2019-05-10,PEP,534,101.29385375976562
2019-05-13,CSCO,1036,41.439231872558594
2019-05-13,ADBE,103,267.70001220703125
2019-05-13,MSFT,377,115.17422485351562
2019-05-13,COST,156,219.24343872070312
2019-05-13,PEP,534,100.62126922607422
2019-05-14,CSCO,668,42.020843505859375
2019-05-14,MSFT,360,116.46277618408203
2019-05-14,COST,177,219.97752380371094
2019-05-14,PEP,523,100.8191146850586
2019-05-14,AVGO,870,25.105932235717773
2019-05-15,CSCO,668,42.36012268066406
2019-05-15,MSFT,360,118.10283660888672
2019-05-15,COST,177,221.73565673828125
2019-05-15,PEP,523,102.35420227050781
2019-05-15,AVGO,870,25.302953720092773
2019-05-16,CSCO,668,45.17927932739258
2019-05-16,MSFT,360,120.8299789428711
2019-05-16,COST,177,224.2460174560547
2019-05-16,PEP,523,103.08220672607422
2019-05-16,AVGO,870,24.714374542236328
2019-05-17,CSCO,668,45.5185432434082
2019-05-17,MSFT,360,120.02403259277344
2019-05-17,COST,177,225.07073974609375
2019-05-17,PEP,523,103.27210998535156
2019-05-17,AVGO,870,24.099197387695312
2019-05-20,CSCO,668,45.243892669677734
2019-05-20,MSFT,360,118.29025268554688
2019-05-20,COST,177,225.5691375732422
2019-05-20,PEP,523,102.86065673828125
2019-05-20,AVGO,870,22.661014556884766
2019-05-21,CSCO,666,45.65586853027344
2019-05-21,MSFT,320,118.92753601074219
2019-05-21,COST,160,226.50257873535156
2019-05-21,PEP,523,102.1168212890625
2019-05-21,AMZN,220,92.8759994506836
2019-05-22,CSCO,666,44.985408782958984
2019-05-22,MSFT,320,119.6491470336914
2019-05-22,COST,160,226.12196350097656
2019-05-22,PEP,523,102.92394256591797
2019-05-22,AMZN,220,92.98400115966797
2019-05-23,CSCO,666,43.77374267578125
2019-05-23,MSFT,320,118.2527847290039
2019-05-23,COST,160,225.23387145996094
2019-05-23,PEP,523,102.84481048583984
2019-05-23,AMZN,220,90.77400207519531
2019-05-24,CSCO,666,43.91913986206055
2019-05-24,MSFT,320,118.30900573730469
2019-05-24,COST,160,224.11915588378906
2019-05-24,PEP,523,102.47289276123047
2019-05-24,AMZN,220,91.16400146484375
2019-05-28,CSCO,666,43.5637092590332
2019-05-28,MSFT,320,118.23403930664062
2019-05-28,COST,160,223.22193908691406
2019-05-28,PEP,523,100.99317932128906
2019-05-28,AMZN,220,91.82150268554688
2019-05-29,CSCO,641,42.95787811279297
2019-05-29,MSFT,355,117.09070587158203
2019-05-29,COST,179,218.1287384033203
2019-05-29,PEP,523,101.42047119140625
2019-05-29,AMZN,215,90.95950317382812
2019-05-30,CSCO,641,43.272891998291016
2019-05-30,MSFT,355,117.83103942871094
2019-05-30,COST,179,218.8990936279297
2019-05-30,PEP,523,101.76866149902344
2019-05-30,AMZN,215,90.81600189208984
2019-05-31,CSCO,641,42.0289192199707
2019-05-31,MSFT,355,115.90984344482422
2019-05-31,COST,179,217.12274169921875
2019-05-31,PEP,523,101.28594970703125
2019-05-31,AMZN,215,88.75350189208984
2019-06-03,CSCO,641,41.82697296142578
2019-06-03,MSFT,355,112.31109619140625
2019-06-03,COST,179,218.47312927246094
2019-06-03,PEP,523,102.06143951416016
2019-06-03,AMZN,215,84.6344985961914
2019-06-04,CSCO,630,42.99825668334961
2019-06-04,MSFT,286,115.42249298095703
2019-06-04,COST,174,222.5875244140625
2019-06-04,PEP,509,102.13264465332031
2019-06-04,AMD,582,29.56999969482422
2019-06-05,CSCO,630,44.2260856628418
2019-06-05,MSFT,286,117.92475891113281
2019-06-05,COST,174,224.71728515625
2019-06-05,PEP,509,103.96845245361328
2019-06-05,AMD,582,29.5
2019-06-06,CSCO,630,44.50879669189453
2019-06-06,MSFT,286,119.78971862792969
2019-06-06,COST,174,227.66262817382812
2019-06-06,PEP,509,105.19995880126953
2019-06-06,AMD,582,31.81999969482422
2019-06-07,CSCO,630,45.17927932739258
2019-06-07,MSFT,286,123.14482879638672
2019-06-07,COST,174,232.01268005371094
2019-06-07,PEP,509,106.38760375976562
2019-06-07,AMD,582,32.40999984741211
2019-06-10,CSCO,630,45.575077056884766
2019-06-10,MSFT,286,124.26948547363281
2019-06-10,COST,174,232.77394104003906
2019-06-10,PEP,509,106.48326873779297
2019-06-10,AMD,582,33.22999954223633
2019-06-11,CSCO,592,46.1324577331543
2019-06-11,MSFT,274,123.80086517333984
2019-06-11,COST,229,233.0095672607422
2019-06-11,PEP,519,106.17240905761719
2019-06-11,AMD,460,32.40999984741211
2019-06-12,CSCO,592,45.12273406982422
2019-06-12,MSFT,274,123.22916412353516
2019-06-12,COST,229,233.11834716796875
2019-06-12,PEP,519,106.12458038330078
2019-06-12,AMD,460,32.18000030517578
2019-06-13,CSCO,592,45.37315368652344
2019-06-13,MSFT,274,124.00704956054688
2019-06-13,COST,229,235.3658447265625
2019-06-13,PEP,519,105.96515655517578
2019-06-13,AMD,460,31.389999389648438
2019-06-14,CSCO,592,44.2260856628418
2019-06-14,MSFT,274,124.12885284423828
2019-06-14,COST,229,235.76467895507812
2019-06-14,PEP,519,105.79776763916016
2019-06-14,AMD,460,30.360000610351562
2019-06-17,CSCO,592,44.75114822387695
2019-06-17,MSFT,274,124.50373077392578
2019-06-17,COST,229,236.92465209960938
2019-06-17,PEP,519,105.63036346435547
2019-06-17,AMD,460,29.200000762939453
2019-06-18,CSCO,495,45.276206970214844
2019-06-18,MSFT,286,126.66858673095703
2019-06-18,COST,231,238.11187744140625
2019-06-18,PEP,517,105.26371765136719
2019-06-18,AMZN,141,95.06849670410156
2019-06-19,CSCO,495,45.3408317565918
2019-06-19,MSFT,286,127.16534423828125
2019-06-19,COST,231,238.94561767578125
2019-06-19,PEP,517,105.89341735839844
2019-06-19,AMZN,141,95.43949890136719
2019-06-20,CSCO,495,46.37479782104492
2019-06-20,MSFT,286,128.34620666503906
2019-06-20,COST,231,242.28977966308594
2019-06-20,PEP,517,106.9376220703125
2019-06-20,AMZN,141,95.90950012207031
2019-06-21,CSCO,495,46.06782913208008
2019-06-21,MSFT,286,128.3649139404297
2019-06-21,COST,231,241.18409729003906
2019-06-21,PEP,517,106.77820587158203
2019-06-21,AMZN,141,95.56500244140625
2019-06-24,CSCO,495,46.189002990722656
2019-06-24,MSFT,286,129.1240234375
2019-06-24,COST,231,241.76406860351562
2019-06-24,PEP,517,106.92167663574219
2019-06-24,AMZN,141,95.69499969482422
2019-06-25,CSCO,571,45.300445556640625
2019-06-25,MSFT,326,125.04727172851562
2019-06-25,COST,231,241.3925323486328
2019-06-25,PEP,521,106.65863037109375
2019-06-25,ADBE,54,287.9700012207031
2019-06-26,CSCO,571,45.720489501953125
2019-06-26,MSFT,326,125.51587677001953
2019-06-26,COST,231,239.62530517578125
2019-06-26,PEP,521,105.4709701538086
2019-06-26,ADBE,54,288.7200012207031
2019-06-27,CSCO,571,45.01771545410156
2019-06-27,MSFT,326,125.7220687866211
2019-06-27,COST,231,240.68557739257812
2019-06-27,PEP,521,104.96879577636719
2019-06-27,ADBE,54,293.2300109863281
2019-06-28,CSCO,571,44.209930419921875
2019-06-28,MSFT,326,125.54402923583984
2019-06-28,COST,231,239.4893798828125
2019-06-28,PEP,521,104.5224380493164
2019-06-28,ADBE,54,294.6499938964844
2019-07-01,CSCO,571,44.218021392822266
2019-07-01,MSFT,326,127.15592193603516
2019-07-01,COST,231,238.8459014892578
2019-07-01,PEP,521,105.11225891113281
2019-07-01,ADBE,54,300.9700012207031
2019-07-02,CSCO,549,45.08234405517578
2019-07-02,MSFT,328,127.99942016601562
2019-07-02,COST,231,240.58596801757812
2019-07-02,PEP,523,105.55864715576172
2019-07-02,ADBE,62,301.3900146484375
2019-07-03,CSCO,549,45.91148376464844
2019-07-03,MSFT,328,128.8241424560547
2019-07-03,COST,231,243.9119415283203
2019-07-03,PEP,523,106.8021240234375
2019-07-03,ADBE,62,305.70001220703125
2019-07-05,CSCO,549,46.00902557373047
2019-07-05,MSFT,328,128.44923400878906
2019-07-05,COST,231,243.1053009033203
2019-07-05,PEP,523,106.02893829345703
2019-07-05,ADBE,62,303.9800109863281
2019-07-08,CSCO,549,45.67573928833008
2019-07-08,MSFT,328,128.35549926757812
2019-07-08,COST,231,244.1475372314453
2019-07-08,PEP,523,105.66226196289062
2019-07-08,ADBE,62,302.9200134277344
2019-07-09,CSCO,553,45.79768371582031
2019-07-09,MSFT,322,127.88697052001953
2019-07-09,COST,228,244.66412353515625
2019-07-09,PEP,524,105.00865936279297
2019-07-09,AMD,662,33.150001525878906
2019-07-10,CSCO,553,46.439849853515625
2019-07-10,MSFT,322,129.18963623046875
2019-07-10,COST,228,245.97821044921875
2019-07-10,PEP,524,107.13690948486328
2019-07-10,AMD,662,33.790000915527344
2019-07-11,CSCO,553,46.578033447265625
2019-07-11,MSFT,322,129.70501708984375
2019-07-11,COST,228,250.6183319091797
2019-07-11,PEP,524,107.08905792236328
2019-07-11,AMD,662,33.060001373291016
2019-07-12,CSCO,553,47.10641098022461
2019-07-12,MSFT,322,130.1736602783203
2019-07-12,COST,228,253.24658203125
2019-07-12,PEP,524,106.23617553710938
2019-07-12,AMD,662,33.209999084472656
2019-07-15,CSCO,553,47.18770217895508
2019-07-15,MSFT,322,130.1736602783203
2019-07-15,COST,228,254.27955627441406
2019-07-15,PEP,524,106.92964172363281
2019-07-15,AMD,662,34.38999938964844
2019-07-16,CSCO,582,46.83815383911133
2019-07-16,MSFT,305,128.4679718017578
2019-07-16,COST,225,254.3429718017578
2019-07-16,PEP,535,106.6506576538086
2019-07-16,AMD,652,33.849998474121094
2019-07-17,CSCO,582,46.5048828125
2019-07-17,MSFT,305,127.70889282226562
2019-07-17,COST,225,255.16773986816406
2019-07-17,PEP,535,105.83760070800781
2019-07-17,AMD,652,33.599998474121094
2019-07-18,CSCO,582,46.935707092285156
2019-07-18,MSFT,305,127.84947204589844
2019-07-18,COST,225,256.39117431640625
2019-07-18,PEP,535,105.91734313964844
2019-07-18,AMD,652,33.0
2019-07-19,CSCO,582,46.626808166503906
2019-07-19,MSFT,305,128.03688049316406
2019-07-19,COST,225,255.12240600585938
2019-07-19,PEP,535,103.6934585571289
2019-07-19,AMD,652,32.5099983215332
2019-07-22,CSCO,582,46.927574157714844
2019-07-22,MSFT,305,129.73313903808594
2019-07-22,COST,225,253.9080047607422
2019-07-22,PEP,535,103.84490966796875
2019-07-22,AMD,652,32.849998474121094
2019-07-23,CSCO,628,46.91133117675781
2019-07-23,MSFT,299,130.53907775878906
2019-07-23,COST,223,253.8445281982422
2019-07-23,PEP,543,104.21156311035156
2019-07-23,AMD,651,33.4900016784668
2019-07-24,CSCO,628,46.52113723754883
2019-07-24,MSFT,299,131.87933349609375
2019-07-24,COST,223,254.50619506835938
2019-07-24,PEP,543,102.99201202392578
2019-07-24,AMD,651,34.11000061035156
2019-07-25,CSCO,628,46.02528381347656
2019-07-25,MSFT,299,131.38262939453125
2019-07-25,COST,223,253.57273864746094
2019-07-25,PEP,543,102.81665802001953
2019-07-25,AMD,651,33.66999816894531
2019-07-26,CSCO,628,45.95212173461914
2019-07-26,MSFT,299,132.4603729248047
2019-07-26,COST,223,254.99559020996094
2019-07-26,PEP,543,104.5941390991211
2019-07-26,AMD,651,34.02000045776367
2019-07-29,CSCO,628,46.277286529541016
2019-07-29,MSFT,299,132.1697998046875
2019-07-29,COST,223,253.87179565429688
2019-07-29,PEP,543,104.84126281738281
2019-07-29,AMD,651,33.47999954223633
2019-07-30,CSCO,587,45.90334701538086
2019-07-30,MSFT,304,131.53257751464844
2019-07-30,COST,223,253.30087280273438
2019-07-30,PEP,541,104.00431060791016
2019-07-30,AMD,609,33.869998931884766
2019-07-31,CSCO,587,45.033565521240234
2019-07-31,MSFT,304,127.70889282226562
2019-07-31,COST,223,249.7936248779297
2019-07-31,PEP,541,101.87605285644531
2019-07-31,AMD,609,30.450000762939453
2019-08-01,CSCO,587,45.02543640136719
2019-08-01,MSFT,304,129.38644409179688
2019-08-01,COST,223,248.83294677734375
2019-08-01,PEP,541,101.3420639038086
2019-08-01,AMD,609,29.860000610351562
2019-08-02,CSCO,587,43.285884857177734
2019-08-02,MSFT,304,128.29928588867188
2019-08-02,COST,223,246.9569854736328
2019-08-02,PEP,541,101.9637680053711
2019-08-02,AMD,609,29.440000534057617
2019-08-05,CSCO,587,41.757667541503906
2019-08-05,MSFT,304,123.90392303466797
2019-08-05,COST,223,240.2506103515625
2019-08-05,PEP,541,99.15802764892578
2019-08-05,AMD,609,27.989999771118164
2019-08-06,MSFT,426,126.22817993164062
2019-08-06,COST,222,244.06602478027344
2019-08-06,AMD,1000,28.860000610351562
2019-08-07,MSFT,426,126.78106689453125
2019-08-07,COST,222,248.5882568359375
2019-08-07,AMD,1000,29.190000534057617
2019-08-08,MSFT,426,130.16424560546875
2019-08-08,COST,222,249.04135131835938
2019-08-08,AMD,1000,33.91999816894531
2019-08-09,MSFT,426,129.0583953857422
2019-08-09,COST,222,248.26197814941406
2019-08-09,AMD,1000,34.189998626708984
2019-08-12,MSFT,426,127.25900268554688
2019-08-12,COST,222,245.8785858154297
2019-08-12,AMD,1000,32.43000030517578
2019-08-13,MSFT,321,129.8924560546875
2019-08-13,COST,223,250.3645782470703
2019-08-13,CSCO,497,42.85506057739258
2019-08-13,ADBE,56,293.1700134277344
2019-08-13,PEP,518,103.56592559814453
2019-08-14,MSFT,321,125.98087310791016
2019-08-14,COST,223,243.01473999023438
2019-08-14,CSCO,497,41.13987350463867
2019-08-14,ADBE,56,283.6600036621094
2019-08-14,PEP,518,102.92027282714844
2019-08-15,MSFT,321,125.69878387451172
2019-08-15,COST,223,246.06881713867188
2019-08-15,CSCO,497,37.5957145690918
2019-08-15,ADBE,56,282.7099914550781
2019-08-15,PEP,518,104.19563293457031
2019-08-16,MSFT,321,128.0024871826172
2019-08-16,COST,223,248.40701293945312
2019-08-16,CSCO,497,38.17285919189453
2019-08-16,ADBE,56,287.45001220703125
2019-08-16,PEP,518,105.02459716796875
2019-08-19,MSFT,321,130.14639282226562
2019-08-19,COST,223,249.7755126953125
2019-08-19,CSCO,497,39.42469024658203
2019-08-19,ADBE,56,287.9700012207031
2019-08-19,PEP,518,105.67024230957031
2019-08-20,MSFT,346,129.06504821777344
2019-08-20,COST,222,247.38290405273438
2019-08-20,ADBE,64,285.7099914550781
2019-08-20,PEP,523,105.26371765136719
2019-08-20,AVGO,1073,23.53124237060547
2019-08-21,MSFT,346,130.5037078857422
2019-08-21,COST,222,249.8389434814453
2019-08-21,ADBE,64,291.5299987792969
2019-08-21,PEP,523,105.48690032958984
2019-08-21,AVGO,1073,24.129663467407227
2019-08-22,MSFT,346,129.55401611328125
2019-08-22,COST,222,253.68141174316406
2019-08-22,ADBE,64,287.69000244140625
2019-08-22,PEP,523,105.74198150634766
2019-08-22,AVGO,1073,24.13973045349121
2019-08-23,MSFT,346,125.42608642578125
2019-08-23,COST,222,248.325439453125
2019-08-23,ADBE,64,282.44000244140625
2019-08-23,PEP,523,103.83690643310547
2019-08-23,AVGO,1073,22.839664459228516
2019-08-26,MSFT,346,127.36312103271484
2019-08-26,COST,222,252.3582763671875
2019-08-26,ADBE,64,288.739990234375
2019-08-26,PEP,523,106.60283660888672
2019-08-26,AVGO,1073,23.266870498657227
2019-08-27,MSFT,331,127.63579559326172
2019-08-27,COST,219,264.9734802246094
2019-08-27,ADBE,61,289.45001220703125
2019-08-27,PEP,522,107.41587829589844
2019-08-27,AVGO,1162,23.128385543823242
2019-08-28,MSFT,331,127.46650695800781
2019-08-28,COST,219,266.8857421875
2019-08-28,ADBE,61,282.1300048828125
2019-08-28,PEP,522,107.75860595703125
2019-08-28,AVGO,1162,23.169509887695312
2019-08-29,MSFT,331,129.87368774414062
2019-08-29,COST,219,269.3653869628906
2019-08-29,ADBE,61,286.6300048828125
2019-08-29,PEP,522,108.42019653320312
2019-08-29,AVGO,1162,23.78303337097168
2019-08-30,MSFT,331,129.62921142578125
2019-08-30,COST,219,267.7213134765625
2019-08-30,ADBE,61,284.510009765625
2019-08-30,PEP,522,108.98611450195312
2019-08-30,AVGO,1162,23.721759796142578
2019-09-03,MSFT,331,127.91788482666016
2019-09-03,COST,219,265.25994873046875
2019-09-03,ADBE,61,282.45001220703125
2019-09-03,PEP,522,109.56804656982422
2019-09-03,AVGO,1162,23.00081443786621
2019-09-04,MSFT,334,129.41294860839844
2019-09-04,COST,213,268.95660400390625
2019-09-04,ADBE,49,284.6000061035156
2019-09-04,PEP,517,110.91510009765625
2019-09-04,AVGO,1036,23.753660202026367
2019-09-05,MSFT,334,131.68844604492188
2019-09-05,COST,213,269.72857666015625
2019-09-05,ADBE,49,287.75
2019-09-05,PEP,517,109.1373291015625
2019-09-05,AVGO,1036,24.42508888244629
2019-09-06,MSFT,334,130.79519653320312
2019-09-06,COST,213,275.89581298828125
2019-09-06,ADBE,49,284.94000244140625
2019-09-06,PEP,517,110.25293731689453
2019-09-06,AVGO,1036,24.499788284301758
2019-09-09,MSFT,334,129.30950927734375
2019-09-09,COST,213,271.5724182128906
2019-09-09,ADBE,49,279.29998779296875
2019-09-09,PEP,517,109.47442626953125
2019-09-09,AVGO,1036,24.558536529541016
2019-09-10,MSFT,394,127.95550537109375
2019-09-10,COST,210,269.75592041015625
2019-09-10,PEP,522,109.041015625
2019-09-10,AVGO,1099,24.712125778198242
2019-09-10,META,127,184.4038543701172
2019-09-11,MSFT,394,127.99308013916016
2019-09-11,COST,210,264.0246887207031
2019-09-11,PEP,522,109.44230651855469
2019-09-11,AVGO,1099,25.011754989624023
2019-09-11,META,127,186.70181274414062
2019-09-12,MSFT,394,129.30950927734375
2019-09-12,COST,210,263.298095703125
2019-09-12,PEP,522,110.18872833251953
2019-09-12,AVGO,1099,25.22745132446289
2019-09-12,META,127,185.69149780273438
2019-09-13,MSFT,394,129.12149047851562
2019-09-13,COST,210,265.1236572265625
2019-09-13,PEP,522,109.50654602050781
2019-09-13,AVGO,1099,24.3663387298584
2019-09-13,META,127,185.41415405273438
2019-09-16,MSFT,394,128.19052124023438
2019-09-16,COST,210,262.2081298828125
2019-09-16,PEP,522,108.2544937133789
2019-09-16,AVGO,1099,24.22701644897461
2019-09-16,META,127,184.45335388183594
2019-09-17,MSFT,412,129.18727111816406
2019-09-17,COST,202,264.6786193847656
2019-09-17,PEP,521,108.91260528564453
2019-09-17,AVGO,1133,24.24128532409668
2019-09-17,ADBE,54,284.69000244140625
2019-09-18,MSFT,412,130.2498016357422
2019-09-18,COST,202,265.6050720214844
2019-09-18,PEP,521,108.7520980834961
2019-09-18,AVGO,1133,24.14980125427246
2019-09-18,ADBE,54,279.7200012207031
2019-09-19,MSFT,412,132.64756774902344
2019-09-19,COST,202,261.42706298828125
2019-09-19,PEP,521,108.7360610961914
2019-09-19,AVGO,1133,24.393192291259766
2019-09-19,ADBE,54,281.260009765625
2019-09-20,MSFT,412,131.11488342285156
2019-09-20,COST,202,260.0918884277344
2019-09-20,PEP,521,108.11804962158203
2019-09-20,AVGO,1133,24.077259063720703
2019-09-20,ADBE,54,277.9100036621094
2019-09-23,MSFT,412,130.8328094482422
2019-09-23,COST,202,261.1908874511719
2019-09-23,PEP,521,108.70393371582031
2019-09-23,AVGO,1133,24.178897857666016
2019-09-23,ADBE,54,277.44000244140625
2019-09-24,MSFT,421,129.17788696289062
2019-09-24,COST,216,261.49969482421875
2019-09-24,PEP,520,108.6397476196289
2019-09-24,AVGO,1024,23.912092208862305
2019-09-24,GOOGL,160,60.3422966003418
2019-09-25,MSFT,421,131.03964233398438
2019-09-25,COST,216,262.04461669921875
2019-09-25,PEP,520,108.42300415039062
2019-09-25,AVGO,1024,23.358144760131836
2019-09-25,GOOGL,160,61.70978927612305
2019-09-26,MSFT,421,131.20889282226562
2019-09-26,COST,216,261.8175354003906
2019-09-26,PEP,520,108.92864990234375
2019-09-26,AVGO,1024,23.45470428466797
2019-09-26,GOOGL,160,61.52900695800781
2019-09-27,MSFT,421,129.50698852539062
2019-09-27,COST,216,259.719482421875
2019-09-27,PEP,520,108.83235931396484
2019-09-27,AVGO,1024,23.220081329345703
2019-09-27,GOOGL,160,60.7197151184082
2019-09-30,MSFT,421,130.7293243408203
2019-09-30,COST,216,261.68133544921875
2019-09-30,PEP,520,110.03624725341797
2019-09-30,AVGO,1024,23.38355255126953
2019-09-30,GOOGL,160,60.48147964477539
2019-10-01,MSFT,424,128.88636779785156
2019-10-01,COST,216,257.88482666015625
2019-10-01,PEP,515,110.25293731689453
2019-10-01,AAPL,160,53.880069732666016
2019-10-01,GOOG,121,59.689640045166016
2019-10-02,MSFT,424,126.6108627319336
2019-10-02,COST,216,258.9565124511719
2019-10-02,PEP,515,107.50003814697266
2019-10-02,AAPL,160,52.52941131591797
2019-10-02,GOOG,121,58.27949523925781
2019-10-03,MSFT,424,128.14356994628906
2019-10-03,COST,216,262.4897155761719
2019-10-03,PEP,515,110.702392578125
2019-10-03,AAPL,160,52.97563934326172
2019-10-03,GOOG,121,58.8342399597168
2019-10-04,MSFT,424,129.87368774414062
2019-10-04,COST,216,264.91485595703125
2019-10-04,PEP,515,112.58850860595703
2019-10-04,AAPL,160,54.46064758300781
2019-10-04,GOOG,121,59.8828125
2019-10-07,MSFT,424,128.933349609375
2019-10-07,COST,216,266.4952087402344
2019-10-07,PEP,515,111.03148651123047
2019-10-07,AAPL,160,54.472633361816406
2019-10-07,GOOG,121,59.81742858886719
2019-10-08,MSFT,386,127.5699691772461
2019-10-08,COST,213,265.11468505859375
2019-10-08,PEP,513,110.14863586425781
2019-10-08,GOOG,138,58.89862823486328
2019-10-08,AVGO,915,22.897363662719727
2019-10-09,MSFT,386,129.9865264892578
2019-10-09,COST,213,269.6650390625
2019-10-09,PEP,513,110.63822174072266
2019-10-09,GOOG,138,59.55145263671875
2019-10-09,AVGO,915,23.136228561401367
2019-10-10,MSFT,386,130.79519653320312
2019-10-10,COST,213,269.883056640625
2019-10-10,PEP,513,110.67030334472656
2019-10-10,GOOG,138,59.8664665222168
2019-10-10,AVGO,915,23.246337890625
2019-10-11,MSFT,386,131.34056091308594
2019-10-11,COST,213,270.3008117675781
2019-10-11,PEP,513,110.4696273803711
2019-10-11,GOOG,138,60.20228576660156
2019-10-11,AVGO,915,23.793506622314453
2019-10-14,MSFT,386,131.21836853027344
2019-10-14,COST,213,270.22808837890625
2019-10-14,PEP,513,110.31714630126953
2019-10-14,GOOG,138,60.285987854003906
2019-10-14,AVGO,915,23.85704231262207
2019-10-15,MSFT,395,133.11770629882812
2019-10-15,COST,212,271.018310546875
2019-10-15,PEP,519,109.41826629638672
2019-10-15,AVGO,1089,24.59054946899414
2019-10-15,AAPL,279,56.454261779785156
2019-10-16,MSFT,395,132.02691650390625
2019-10-16,COST,212,271.3725891113281
2019-10-16,PEP,519,109.49048614501953
2019-10-16,AVGO,1089,24.4346981048584
2019-10-16,AAPL,279,56.22633743286133
2019-10-17,MSFT,395,131.34996032714844
2019-10-17,COST,212,274.6604919433594
2019-10-17,PEP,519,109.92389678955078
2019-10-17,AVGO,1089,24.51516342163086
2019-10-17,AAPL,279,56.44465637207031
2019-10-18,MSFT,395,129.2061004638672
2019-10-18,COST,212,275.0783386230469
2019-10-18,PEP,519,109.35404968261719
2019-10-18,AVGO,1089,24.28647232055664
2019-10-18,AAPL,279,56.71573257446289
2019-10-21,MSFT,395,130.16514587402344
2019-10-21,COST,212,273.4615478515625
2019-10-21,PEP,519,109.24970245361328
2019-10-21,AVGO,1089,24.527029037475586
2019-10-21,AAPL,279,57.6993293762207
2019-10-22,COST,210,272.4533996582031
2019-10-22,PEP,524,109.68311309814453
2019-10-22,AAPL,397,57.567405700683594
2019-10-22,GOOGL,329,61.47502899169922
2019-10-22,GOOG,322,61.556949615478516
2019-10-23,COST,210,270.0465087890625
2019-10-23,PEP,524,110.31714630126953
2019-10-23,AAPL,397,58.33989334106445
2019-10-23,GOOGL,329,62.288780212402344
2019-10-23,GOOG,322,62.36579132080078
2019-10-24,COST,210,269.80133056640625
2019-10-24,PEP,524,110.67030334472656
2019-10-24,AAPL,397,58.43585205078125
2019-10-24,GOOGL,329,62.36208724975586
2019-10-24,GOOG,322,62.457916259765625
2019-10-25,COST,210,269.3017272949219
2019-10-25,PEP,524,109.66705322265625
2019-10-25,AAPL,397,59.15556716918945
2019-10-25,GOOGL,329,62.619144439697266
2019-10-25,GOOG,322,62.66298294067383
2019-10-28,COST,210,271.51788330078125
2019-10-28,PEP,524,109.61088562011719
2019-10-28,AAPL,397,59.74813461303711
2019-10-28,GOOGL,329,63.84150314331055
2019-10-28,GOOG,322,63.894805908203125
2019-10-29,COST,205,268.7203674316406
2019-10-29,PEP,526,109.21760559082031
2019-10-29,GOOGL,510,62.4388542175293
2019-10-29,GOOG,531,62.53865051269531
2019-10-29,MSFT,347,134.30245971679688
2019-10-30,COST,205,272.33526611328125
2019-10-30,PEP,526,109.87574005126953
2019-10-30,GOOGL,510,62.440834045410156
2019-10-30,GOOG,531,62.47278594970703
2019-10-30,MSFT,347,135.9761962890625
2019-10-31,COST,205,270.4421081542969
2019-10-31,PEP,526,110.09243774414062
2019-10-31,GOOGL,510,62.34672927856445
2019-10-31,GOOG,531,62.414337158203125
2019-10-31,MSFT,347,134.81021118164062
2019-11-01,COST,205,269.5135192871094
2019-11-01,PEP,526,109.89978790283203
2019-11-01,GOOGL,510,63.01288986206055
2019-11-01,GOOG,531,63.08943557739258
2019-11-01,MSFT,347,135.13931274414062
2019-11-04,COST,205,270.1780700683594
2019-11-04,PEP,526,108.47920989990234
2019-11-04,GOOGL,510,63.87270736694336
2019-11-04,GOOG,531,63.962669372558594
2019-11-04,MSFT,347,135.9197998046875
2019-11-05,COST,177,272.3263244628906
2019-11-05,PEP,534,107.55622100830078
2019-11-05,GOOGL,500,63.96333694458008
2019-11-05,GOOG,539,63.995361328125
2019-11-05,MSFT,376,135.835205078125
2019-11-06,COST,177,274.5017395019531
2019-11-06,PEP,534,107.9013442993164
2019-11-06,GOOGL,500,63.942054748535156
2019-11-06,GOOG,539,63.98396301269531
2019-11-06,MSFT,376,135.45904541015625
2019-11-07,COST,177,277.8149719238281
2019-11-07,PEP,534,107.0024185180664
2019-11-07,GOOGL,500,64.73104858398438
2019-11-07,GOOG,539,64.82896423339844
2019-11-07,MSFT,376,135.6470947265625
2019-11-08,COST,177,275.45745849609375
2019-11-08,PEP,534,106.84992980957031
2019-11-08,GOOGL,500,64.83308410644531
2019-11-08,GOOG,539,64.95327758789062
2019-11-08,MSFT,376,137.24562072753906
2019-11-11,COST,177,273.8373107910156
2019-11-11,PEP,534,106.25601959228516
2019-11-11,GOOGL,500,64.3021240234375
2019-11-11,GOOG,539,64.3499984741211
2019-11-11,MSFT,376,137.38661193847656
2019-11-12,COST,174,273.5278015136719
2019-11-12,PEP,503,105.92694854736328
2019-11-12,GOOGL,583,64.24913024902344
2019-11-12,GOOG,612,64.33069610595703
2019-11-12,MSFT,390,138.2893524169922
2019-11-13,COST,174,275.71234130859375
2019-11-13,PEP,503,106.97833251953125
2019-11-13,GOOGL,583,64.1981201171875
2019-11-13,GOOG,612,64.29105377197266
2019-11-13,MSFT,390,138.5150146484375
2019-11-14,COST,174,277.25067138671875
2019-11-14,PEP,503,107.01046752929688
2019-11-14,GOOGL,583,64.84049224853516
2019-11-14,GOOG,612,64.9577407836914
2019-11-14,MSFT,390,139.22024536132812
2019-11-15,COST,174,276.4040832519531
2019-11-15,PEP,503,107.39569091796875
2019-11-15,GOOGL,583,66.04850769042969
2019-11-15,GOOG,612,66.11725616455078
2019-11-15,MSFT,390,141.0161895751953
2019-11-18,COST,174,277.20513916015625
2019-11-18,PEP,503,107.5963363647461
2019-11-18,GOOGL,583,65.36995697021484
2019-11-18,GOOG,612,65.4154052734375
2019-11-18,MSFT,390,141.3640594482422
2019-11-19,COST,182,275.1114807128906
2019-11-19,PEP,413,108.00567626953125
2019-11-19,GOOG,598,65.1558837890625
2019-11-19,MSFT,416,141.41116333007812
2019-11-19,AAPL,658,64.07586669921875
2019-11-20,COST,182,273.591552734375
2019-11-20,PEP,413,107.33952331542969
2019-11-20,GOOG,598,64.54118347167969
2019-11-20,MSFT,416,141.16583251953125
2019-11-20,AAPL,658,63.32993698120117
2019-11-21,COST,182,273.318359375
2019-11-21,PEP,413,107.47595977783203
2019-11-21,GOOG,598,64.45699310302734
2019-11-21,MSFT,416,141.0337371826172
2019-11-21,AAPL,658,63.04600143432617
2019-11-22,COST,182,272.444580078125
2019-11-22,PEP,413,107.60440063476562
2019-11-22,GOOG,598,64.15931701660156
2019-11-22,MSFT,416,141.13755798339844
2019-11-22,AAPL,658,62.99066925048828
2019-11-25,COST,182,272.2078857421875
2019-11-25,PEP,413,107.41175842285156
2019-11-25,GOOG,598,64.72148132324219
2019-11-25,MSFT,416,142.6848602294922
2019-11-25,AAPL,658,64.0951156616211
2019-11-26,COST,215,274.2012634277344
2019-11-26,GOOG,533,65.0612564086914
2019-11-26,MSFT,387,143.43960571289062
2019-11-26,AAPL,719,63.59463119506836
2019-11-26,AMD,904,38.9900016784668
2019-11-27,COST,215,273.76446533203125
2019-11-27,GOOG,533,65.03352355957031
2019-11-27,MSFT,387,143.71328735351562
2019-11-27,AAPL,719,64.4488525390625
2019-11-27,AMD,904,39.40999984741211
2019-11-29,COST,215,272.8997497558594
2019-11-29,GOOG,533,64.63581085205078
2019-11-29,MSFT,387,142.8263702392578
2019-11-29,AAPL,719,64.30686950683594
2019-11-29,AMD,904,39.150001525878906
2019-12-02,COST,215,270.6969299316406
2019-12-02,GOOG,533,63.89085006713867
2019-12-02,MSFT,387,141.09982299804688
2019-12-02,AAPL,719,63.56333923339844
2019-12-02,AMD,904,38.72999954223633
2019-12-03,COST,214,269.13128662109375
2019-12-03,MSFT,379,140.87330627441406
2019-12-03,AAPL,752,62.43000411987305
2019-12-03,AMD,915,38.900001525878906
2019-12-03,META,172,196.933837890625
2019-12-04,COST,214,269.9049987792969
2019-12-04,MSFT,379,141.38279724121094
2019-12-04,AAPL,752,62.98103332519531
2019-12-04,AMD,915,39.689998626708984
2019-12-04,META,172,196.8248748779297
2019-12-05,COST,214,266.7919921875
2019-12-05,MSFT,379,141.45828247070312
2019-12-05,AAPL,752,63.90503692626953
2019-12-05,AMD,915,39.619998931884766
2019-12-05,META,172,197.46868896484375
2019-12-06,COST,214,268.47589111328125
2019-12-06,MSFT,379,143.17544555664062
2019-12-06,AAPL,752,65.13944244384766
2019-12-06,AMD,915,39.630001068115234
2019-12-06,META,172,199.1427001953125
2019-12-09,COST,214,268.6670837402344
2019-12-09,MSFT,379,142.8074493408203
2019-12-09,AAPL,752,64.22746276855469
2019-12-09,AMD,915,38.93000030517578
2019-12-09,META,172,199.4298858642578
2019-12-10,MSFT,411,142.59051513671875
2019-12-10,AAPL,707,64.60285186767578
2019-12-10,GOOGL,592,66.51160430908203
2019-12-10,GOOG,612,66.6021728515625
2019-12-10,PEP,427,110.13615417480469
2019-12-11,MSFT,411,143.12831115722656
2019-12-11,AAPL,707,65.15388488769531
2019-12-11,GOOGL,592,66.5789566040039
2019-12-11,GOOG,612,66.62000274658203
2019-12-11,PEP,427,110.80697631835938
2019-12-12,MSFT,411,144.581298828125
2019-12-12,AAPL,707,65.31988525390625
2019-12-12,GOOGL,592,66.78895568847656
2019-12-12,GOOG,612,66.88002014160156
2019-12-12,PEP,427,110.87162780761719
2019-12-13,MSFT,411,145.79840087890625
2019-12-13,AAPL,707,66.20780181884766
2019-12-13,GOOGL,592,66.70872497558594
2019-12-13,GOOG,612,66.75918579101562
2019-12-13,PEP,427,111.4858627319336
2019-12-16,MSFT,411,146.74185180664062
2019-12-16,AAPL,707,67.34114837646484
2019-12-16,GOOGL,592,67.39372253417969
2019-12-16,GOOG,612,67.4199447631836
2019-12-16,PEP,427,110.774658203125
2019-12-17,MSFT,334,145.94932556152344
2019-12-17,AAPL,652,67.47351837158203
2019-12-17,GOOG,486,67.12024688720703
2019-12-17,PEP,361,110.05533599853516
2019-12-17,COST,223,269.0220642089844
2019-12-18,MSFT,334,145.6474151611328
2019-12-18,AAPL,652,67.3122787475586
2019-12-18,GOOG,486,66.99642944335938
2019-12-18,PEP,361,109.89368438720703
2019-12-18,COST,223,265.67242431640625
2019-12-19,MSFT,334,146.91171264648438
2019-12-19,AAPL,652,67.37963104248047
2019-12-19,GOOG,486,67.16583251953125
2019-12-19,PEP,361,110.29779815673828
2019-12-19,COST,223,267.3471984863281
2019-12-20,MSFT,334,148.51565551757812
2019-12-20,AAPL,652,67.24007415771484
2019-12-20,GOOG,486,66.84635162353516
2019-12-20,PEP,361,111.46969604492188
2019-12-20,COST,223,268.3666687011719
2019-12-23,MSFT,334,148.51565551757812
2019-12-23,AAPL,652,68.33733367919922
2019-12-23,GOOG,486,66.80921173095703
2019-12-23,PEP,361,110.75846099853516
2019-12-23,COST,223,266.9831237792969
2019-12-24,MSFT,361,148.48731994628906
2019-12-24,AAPL,652,68.40229797363281
2019-12-24,PEP,338,110.63724517822266
2019-12-24,COST,224,267.82049560546875
2019-12-24,AMZN,371,89.46050262451172
2019-12-26,MSFT,361,149.70445251464844
2019-12-26,AAPL,652,69.75942993164062
2019-12-26,PEP,338,110.4756088256836
2019-12-26,COST,224,269.1859130859375
2019-12-26,AMZN,371,93.4384994506836
2019-12-27,MSFT,361,149.9780731201172
2019-12-27,AAPL,652,69.73292541503906
2019-12-27,PEP,338,111.1625747680664
2019-12-27,COST,224,267.71136474609375
2019-12-27,AMZN,371,93.48999786376953
2019-12-30,MSFT,361,148.68548583984375
2019-12-30,AAPL,652,70.1468276977539
2019-12-30,PEP,338,110.57259368896484
2019-12-30,COST,224,268.64892578125
2019-12-30,AMZN,371,92.34449768066406
2019-12-31,MSFT,381,148.7892608642578
2019-12-31,AAPL,688,70.65933990478516
2019-12-31,PEP,345,110.4594497680664
2019-12-31,COST,225,267.538330078125
2019-12-31,GOOG,445,66.2237548828125
2020-01-02,MSFT,381,151.5442657470703
2020-01-02,AAPL,688,72.27153778076172
2020-01-02,PEP,345,109.7724838256836
2020-01-02,COST,225,265.326416015625
2020-01-02,GOOG,445,67.72699737548828
2020-01-03,MSFT,381,149.65728759765625
2020-01-03,AAPL,688,71.56890869140625
2020-01-03,PEP,345,109.618896484375
2020-01-03,COST,225,265.54498291015625
2020-01-03,GOOG,445,67.3946533203125
2020-01-06,MSFT,381,150.0441436767578
2020-01-06,AAPL,688,72.13919830322266
2020-01-06,PEP,345,110.0391616821289
2020-01-06,COST,225,265.6177062988281
2020-01-06,GOOG,445,69.05642700195312
2020-01-07,MSFT,386,148.676025390625
2020-01-07,AAPL,796,71.79993438720703
2020-01-07,COST,231,265.1990051269531
2020-01-07,GOOG,432,69.01333618164062
2020-01-07,GOOGL,422,69.0979995727539
2020-01-08,MSFT,386,151.04421997070312
2020-01-08,AAPL,796,72.95492553710938
2020-01-08,COST,231,268.2392883300781
2020-01-08,GOOG,432,69.55718994140625
2020-01-08,GOOGL,422,69.58979034423828
2020-01-09,MSFT,386,152.9312286376953
2020-01-09,AAPL,796,74.50453186035156
2020-01-09,COST,231,272.544677734375
2020-01-09,GOOG,432,70.32540893554688
2020-01-09,GOOGL,422,70.32035064697266
2020-01-10,MSFT,386,152.22357177734375
2020-01-10,AAPL,796,74.67298889160156
2020-01-10,COST,231,270.5603332519531
2020-01-10,GOOG,432,70.81576538085938
2020-01-10,GOOGL,422,70.7745361328125
2020-01-13,MSFT,386,154.053955078125
2020-01-13,AAPL,796,76.26830291748047
2020-01-13,COST,231,272.9543151855469
2020-01-13,GOOG,432,71.28629302978516
2020-01-13,GOOGL,422,71.32282257080078
2020-01-14,MSFT,380,152.96896362304688
2020-01-14,AAPL,775,75.23844146728516
2020-01-14,COST,232,272.84515380859375
2020-01-14,GOOG,494,70.87272644042969
2020-01-14,GOOGL,482,70.85526275634766
2020-01-15,MSFT,380,153.95957946777344
2020-01-15,AAPL,775,74.91600036621094
2020-01-15,COST,232,273.8190612792969
2020-01-15,GOOG,494,71.28482055664062
2020-01-15,GOOGL,482,71.28170776367188
2020-01-16,MSFT,380,156.7806854248047
2020-01-16,AAPL,775,75.85443878173828
2020-01-16,COST,232,275.8306884765625
2020-01-16,GOOG,494,71.9039535522461
2020-01-16,GOOGL,482,71.82455444335938
2020-01-17,MSFT,380,157.6580810546875
2020-01-17,AAPL,775,76.69422912597656
2020-01-17,COST,232,277.3326416015625
2020-01-17,GOOG,494,73.32498168945312
2020-01-17,GOOGL,482,73.27870178222656
2020-01-21,MSFT,380,157.09202575683594
2020-01-21,AAPL,775,76.17447662353516
2020-01-21,COST,232,285.1425476074219
2020-01-21,GOOG,494,73.52361297607422
2020-01-21,GOOGL,482,73.41392517089844
2020-01-22,MSFT,369,156.3372344970703
2020-01-22,AAPL,681,76.44635009765625
2020-01-22,COST,199,283.8954772949219
2020-01-22,GOOG,463,73.60038757324219
2020-01-22,PEP,514,115.88262939453125
2020-01-23,MSFT,369,157.2996063232422
2020-01-23,AAPL,681,76.81452941894531
2020-01-23,COST,199,284.796630859375
2020-01-23,GOOG,463,73.63506317138672
2020-01-23,PEP,514,116.10081481933594
2020-01-24,MSFT,369,155.7144775390625
2020-01-24,AAPL,681,76.5931396484375
2020-01-24,COST,199,282.63934326171875
2020-01-24,GOOG,463,72.64743041992188
2020-01-24,PEP,514,115.51081085205078
2020-01-27,MSFT,369,153.11045837402344
2020-01-27,AAPL,681,74.34091186523438
2020-01-27,COST,199,281.6745300292969
2020-01-27,GOOG,463,71.02230834960938
2020-01-27,PEP,514,114.88040924072266
2020-01-28,MSFT,374,156.1107940673828
2020-01-28,AAPL,617,76.44397735595703
2020-01-28,COST,214,282.94879150390625
2020-01-28,GOOG,1,71.9465560913086
2020-01-28,PEP,521,115.12286376953125
2020-01-28,META,147,215.723876953125
2020-01-29,MSFT,374,158.54502868652344
2020-01-29,AAPL,617,78.04412078857422
2020-01-29,COST,214,281.79278564453125
2020-01-29,GOOG,1,72.24720764160156
2020-01-29,PEP,521,114.54902648925781
2020-01-29,META,147,221.1122589111328
2020-01-30,MSFT,374,163.01718139648438
2020-01-30,AAPL,617,77.93102264404297
2020-01-30,COST,214,281.6926574707031
2020-01-30,GOOG,1,72.10901641845703
2020-01-30,PEP,521,116.24626159667969
2020-01-30,META,147,207.54222106933594
2020-01-31,MSFT,374,160.6112518310547
2020-01-31,AAPL,617,74.47565460205078
2020-01-31,COST,214,278.09716796875
2020-01-31,GOOG,1,71.03864288330078
2020-01-31,PEP,521,114.78340911865234
2020-01-31,META,147,199.99452209472656
2020-02-03,MSFT,374,164.52674865722656
2020-02-03,AAPL,617,74.27113342285156
2020-02-03,COST,214,274.8931579589844
2020-02-03,GOOG,1,73.59988403320312
2020-02-03,PEP,521,115.17942810058594
2020-02-03,META,147,202.2528839111328
2020-02-04,MSFT,388,169.94247436523438
2020-02-04,AAPL,513,76.72311401367188
2020-02-04,COST,232,277.5328063964844
2020-02-04,PEP,493,115.75325775146484
2020-02-04,ADBE,90,366.739990234375
2020-02-05,MSFT,388,169.73484802246094
2020-02-05,AAPL,513,77.34871673583984
2020-02-05,COST,232,281.2193298339844
2020-02-05,PEP,493,116.62615966796875
2020-02-05,ADBE,90,365.54998779296875
2020-02-06,MSFT,388,173.25411987304688
2020-02-06,AAPL,513,78.2534408569336
2020-02-06,COST,232,283.3264465332031
2020-02-06,PEP,493,116.65042114257812
2020-02-06,ADBE,90,367.4599914550781
2020-02-07,MSFT,388,173.4994354248047
2020-02-07,AAPL,513,77.18978881835938
2020-02-07,COST,232,286.0811767578125
2020-02-07,PEP,493,117.490966796875
2020-02-07,ADBE,90,366.0899963378906
2020-02-10,MSFT,388,178.03765869140625
2020-02-10,AAPL,513,77.55640411376953
2020-02-10,COST,232,286.2270812988281
2020-02-10,PEP,493,117.72535705566406
2020-02-10,ADBE,90,370.0
2020-02-11,MSFT,310,174.01834106445312
2020-02-11,AAPL,488,77.0884780883789
2020-02-11,COST,235,283.3902893066406
2020-02-11,PEP,565,118.06477355957031
2020-02-11,ADBE,102,369.2799987792969
2020-02-12,MSFT,310,174.27310180664062
2020-02-12,AAPL,488,78.91917419433594
2020-02-12,COST,235,287.4402160644531
2020-02-12,PEP,565,118.06477355957031
2020-02-12,ADBE,102,374.2900085449219
2020-02-13,MSFT,310,173.3295440673828
2020-02-13,AAPL,488,78.35716247558594
2020-02-13,COST,235,290.249755859375
2020-02-13,PEP,565,118.3800277709961
2020-02-13,ADBE,102,374.8399963378906
2020-02-14,MSFT,310,174.87692260742188
2020-02-14,AAPL,488,78.37649536132812
2020-02-14,COST,235,290.3501281738281
2020-02-14,PEP,565,118.80029296875
2020-02-14,ADBE,102,379.6700134277344
2020-02-18,MSFT,310,176.65066528320312
2020-02-18,AAPL,488,76.94136810302734
2020-02-18,COST,235,293.7615661621094
2020-02-18,PEP,565,117.6768569946289
2020-02-18,ADBE,102,378.8500061035156
2020-02-19,MSFT,294,177.1804656982422
2020-02-19,AAPL,496,78.0556640625
2020-02-19,COST,231,294.646240234375
2020-02-19,PEP,574,117.62024688720703
2020-02-19,ADBE,112,383.2799987792969
2020-02-20,MSFT,294,174.47470092773438
2020-02-20,AAPL,496,77.2549057006836
2020-02-20,COST,231,295.61322021484375
2020-02-20,PEP,574,117.32121276855469
2020-02-20,ADBE,112,378.9599914550781
2020-02-21,MSFT,294,168.9591522216797
2020-02-21,AAPL,496,75.50625610351562
2020-02-21,COST,231,293.6703796386719
2020-02-21,PEP,574,117.87889099121094
2020-02-21,ADBE,112,372.95001220703125
2020-02-24,MSFT,294,161.67433166503906
2020-02-24,AAPL,496,71.91964721679688
2020-02-24,COST,231,286.07196044921875
2020-02-24,PEP,574,115.2845458984375
2020-02-24,ADBE,112,357.4100036621094
2020-02-25,MSFT,237,159.00643920898438
2020-02-25,AAPL,502,69.48359680175781
2020-02-25,COST,227,278.09063720703125
2020-02-25,PEP,564,114.03988647460938
2020-02-25,ADBE,102,347.79998779296875
2020-02-26,MSFT,237,160.9931640625
2020-02-26,AAPL,502,70.5858383178711
2020-02-26,COST,227,278.83856201171875
2020-02-26,PEP,564,114.75110626220703
2020-02-26,ADBE,102,351.3399963378906
2020-02-27,MSFT,237,149.64974975585938
2020-02-27,AAPL,502,65.97177124023438
2020-02-27,COST,227,267.38189697265625
2020-02-27,PEP,564,110.21696472167969
2020-02-27,ADBE,102,337.5199890136719
2020-02-28,MSFT,237,153.27320861816406
2020-02-28,AAPL,502,65.93317413330078
2020-02-28,COST,227,256.4449768066406
2020-02-28,PEP,564,106.70929718017578
2020-02-28,ADBE,102,345.1199951171875
2020-03-02,MSFT,237,163.47190856933594
2020-03-02,AAPL,502,72.07164764404297
2020-03-02,COST,227,281.98553466796875
2020-03-02,PEP,564,111.19491577148438
2020-03-02,ADBE,102,360.2799987792969
2020-03-03,MSFT,298,155.6383819580078
2020-03-03,AAPL,622,69.78268432617188
2020-03-03,COST,159,276.1385498046875
2020-03-03,PEP,540,109.57847595214844
2020-03-03,ADBE,158,348.3399963378906
2020-03-04,MSFT,298,161.3527069091797
2020-03-04,AAPL,622,73.0195083618164
2020-03-04,COST,159,292.5665588378906
2020-03-04,PEP,540,115.08245086669922
2020-03-04,ADBE,158,363.8500061035156
2020-03-05,MSFT,298,157.30348205566406
2020-03-05,AAPL,622,70.6509780883789
2020-03-05,COST,159,288.02410888671875
2020-03-05,PEP,540,112.36883544921875
2020-03-05,ADBE,158,351.0299987792969
2020-03-06,MSFT,298,152.85694885253906
2020-03-06,AAPL,622,69.71273040771484
2020-03-06,COST,159,283.9923095703125
2020-03-06,PEP,540,111.68537139892578
2020-03-06,ADBE,158,336.7699890136719
2020-03-09,MSFT,298,142.49746704101562
2020-03-09,AAPL,622,64.19902038574219
2020-03-09,COST,159,275.4544982910156
2020-03-09,PEP,540,105.90824127197266
2020-03-09,ADBE,158,305.7900085449219
2020-03-10,MSFT,312,152.24200439453125
2020-03-10,AAPL,771,68.82270812988281
2020-03-10,COST,192,282.22265625
2020-03-10,AMD,981,45.380001068115234
2020-03-10,NVDA,6611,6.4866814613342285
2020-03-11,MSFT,312,145.34510803222656
2020-03-11,AAPL,771,66.43247985839844
2020-03-11,COST,192,271.30413818359375
2020-03-11,AMD,981,45.70000076293945
2020-03-11,NVDA,6611,6.123688220977783
2020-03-12,MSFT,312,131.5609130859375
2020-03-12,AAPL,771,59.87196350097656
2020-03-12,COST,192,255.2683868408203
2020-03-12,AMD,981,39.0099983215332
2020-03-12,NVDA,6611,5.3743462562561035
2020-03-13,MSFT,312,150.2647247314453
2020-03-13,AAPL,771,67.04510498046875
2020-03-13,COST,192,275.7190246582031
2020-03-13,AMD,981,43.900001525878906
2020-03-13,NVDA,6611,5.983807563781738
2020-03-16,MSFT,312,128.1171417236328
2020-03-16,AAPL,771,58.41996765136719
2020-03-16,COST,192,258.30584716796875
2020-03-16,AMD,981,38.709999084472656
2020-03-16,NVDA,6611,4.879669189453125
2020-03-17,TSLA,1796,28.68000030517578
2020-03-18,TSLA,1796,24.08133316040039
2020-03-19,TSLA,1796,28.50933265686035
2020-03-20,TSLA,1796,28.50200080871582
2020-03-23,TSLA,1796,28.952667236328125
2020-03-24,TSLA,1691,33.66666793823242
2020-03-24,NFLX,1034,35.731998443603516
2020-03-24,AMZN,551,97.00499725341797
2020-03-25,TSLA,1691,35.95000076293945
2020-03-25,NFLX,1034,34.23899841308594
2020-03-25,AMZN,551,94.29199981689453
2020-03-26,TSLA,1691,35.21066665649414
2020-03-26,NFLX,1034,36.29899978637695
2020-03-26,AMZN,551,97.77449798583984
2020-03-27,TSLA,1691,34.29066848754883
2020-03-27,NFLX,1034,35.71200180053711
2020-03-27,AMZN,551,95.00499725341797
2020-03-30,TSLA,1691,33.47533416748047
2020-03-30,NFLX,1034,37.09600067138672
2020-03-30,AMZN,551,98.19750213623047
2020-03-31,TSLA,959,34.93333435058594
2020-03-31,AMZN,361,97.48600006103516
2020-03-31,MSFT,287,149.20513916015625
2020-03-31,AMD,1136,45.47999954223633
2020-03-31,NVDA,5863,6.549291610717773
2020-04-01,TSLA,959,32.104000091552734
2020-04-01,AMZN,361,95.38500213623047
2020-04-01,MSFT,287,143.9071044921875
2020-04-01,AMD,1136,43.65999984741211
2020-04-01,NVDA,5863,6.039212703704834
2020-04-02,TSLA,959,30.29800033569336
2020-04-02,AMZN,361,95.94149780273438
2020-04-02,MSFT,287,146.8872528076172
2020-04-02,AMD,1136,44.4900016784668
2020-04-02,NVDA,5863,6.347297668457031
2020-04-03,TSLA,959,32.000667572021484
2020-04-03,AMZN,361,95.32949829101562
2020-04-03,MSFT,287,145.5343475341797
2020-04-03,AMD,1136,42.59000015258789
2020-04-03,NVDA,5863,6.060084819793701
2020-04-06,TSLA,959,34.41600036621094
2020-04-06,AMZN,361,99.87950134277344
2020-04-06,MSFT,287,156.35740661621094
2020-04-06,AMD,1136,47.52000045776367
2020-04-06,NVDA,5863,6.668550968170166
2020-04-07,TSLA,1013,36.36333465576172
2020-04-07,AMZN,351,100.58000183105469
2020-04-07,MSFT,304,154.67344665527344
2020-04-07,NVDA,5349,6.4357476234436035
2020-04-07,COST,203,276.9595031738281
2020-04-08,TSLA,1013,36.589332580566406
2020-04-08,AMZN,351,102.1500015258789
2020-04-08,MSFT,304,156.22500610351562
2020-04-08,NVDA,5349,6.6325273513793945
2020-04-08,COST,203,279.09393310546875
2020-04-09,TSLA,1013,38.20000076293945
2020-04-09,AMZN,351,102.13800048828125
2020-04-09,MSFT,304,156.2344512939453
2020-04-09,NVDA,5349,6.53314208984375
2020-04-09,COST,203,273.6575927734375
2020-04-13,TSLA,1013,43.39666748046875
2020-04-13,AMZN,351,108.44349670410156
2020-04-13,MSFT,304,156.58448791503906
2020-04-13,NVDA,5349,6.704577922821045
2020-04-13,COST,203,273.30169677734375
2020-04-14,TSLA,819,47.32600021362305
2020-04-14,AMZN,412,114.16600036621094
2020-04-14,MSFT,255,164.33277893066406
2020-04-14,COST,210,286.5464172363281
2020-04-14,AMD,1094,54.93000030517578
2020-04-15,TSLA,819,48.65533447265625
2020-04-15,AMZN,412,115.38400268554688
2020-04-15,MSFT,255,162.61099243164062
2020-04-15,COST,210,283.0161437988281
2020-04-15,AMD,1094,54.9900016784668
2020-04-16,TSLA,819,49.680667877197266
2020-04-16,AMZN,412,120.40950012207031
2020-04-16,MSFT,255,167.49273681640625
2020-04-16,COST,210,293.3145446777344
2020-04-16,AMD,1094,56.95000076293945
2020-04-17,TSLA,819,50.259334564208984
2020-04-17,AMZN,412,118.75
2020-04-17,MSFT,255,168.9685516357422
2020-04-17,COST,210,289.9944152832031
2020-04-17,AMD,1094,56.599998474121094
2020-04-20,TSLA,819,49.75733184814453
2020-04-20,AMZN,412,119.68049621582031
2020-04-20,MSFT,255,165.6195068359375
2020-04-20,COST,210,284.6673278808594
2020-04-20,AMD,1094,56.970001220703125
2020-04-21,TSLA,821,45.781333923339844
2020-04-21,AMZN,474,116.40599822998047
2020-04-21,MSFT,246,158.7698974609375
2020-04-21,COST,196,274.86151123046875
2020-04-21,AMD,1055,52.91999816894531
2020-04-22,TSLA,821,48.807334899902344
2020-04-22,AMZN,474,118.17449951171875
2020-04-22,MSFT,246,164.1625213623047
2020-04-22,COST,196,282.2409362792969
2020-04-22,AMD,1055,55.91999816894531
2020-04-23,TSLA,821,47.04199981689453
2020-04-23,AMZN,474,119.97250366210938
2020-04-23,MSFT,246,162.17578125
2020-04-23,COST,196,278.5740661621094
2020-04-23,AMD,1055,55.900001525878906
2020-04-24,TSLA,821,48.34333419799805
2020-04-24,AMZN,474,120.51100158691406
2020-04-24,MSFT,246,165.13697814941406
2020-04-24,COST,196,283.2716979980469
2020-04-24,AMD,1055,56.18000030517578
2020-04-27,TSLA,821,53.25
2020-04-27,AMZN,474,118.80000305175781
2020-04-27,MSFT,246,164.6639404296875
2020-04-27,COST,196,281.65716552734375
2020-04-27,AMD,1055,56.4900016784668
2020-04-28,TSLA,990,51.27466583251953
2020-04-28,AMZN,460,115.7040023803711
2020-04-28,MSFT,242,160.65264892578125
2020-04-28,AMD,1122,55.5099983215332
2020-04-28,NVDA,5734,7.239006042480469
2020-04-29,TSLA,990,53.367332458496094
2020-04-29,AMZN,460,118.635498046875
2020-04-29,MSFT,242,167.8616485595703
2020-04-29,AMD,1122,53.65999984741211
2020-04-29,NVDA,5734,7.415409088134766
2020-04-30,TSLA,990,52.12533187866211
2020-04-30,AMZN,460,123.69999694824219
2020-04-30,MSFT,242,169.54566955566406
2020-04-30,AMD,1122,52.38999938964844
2020-04-30,NVDA,5734,7.2618632316589355
2020-05-01,TSLA,990,46.75466537475586
2020-05-01,AMZN,460,114.302001953125
2020-05-01,MSFT,242,165.15591430664062
2020-05-01,AMD,1122,49.880001068115234
2020-05-01,NVDA,5734,7.0258307456970215
2020-05-04,TSLA,990,50.74599838256836
2020-05-04,AMZN,460,115.79949951171875
2020-05-04,MSFT,242,169.1956329345703
2020-05-04,AMD,1122,52.560001373291016
2020-05-04,NVDA,5734,7.237266540527344
2020-05-05,AMZN,392,115.88999938964844
2020-05-05,MSFT,256,171.01205444335938
2020-05-05,AMD,1136,52.189998626708984
2020-05-05,NVDA,5546,7.298138618469238
2020-05-05,COST,215,281.514404296875
2020-05-06,AMZN,392,117.56300354003906
2020-05-06,MSFT,256,172.6961212158203
2020-05-06,AMD,1136,52.15999984741211
2020-05-06,NVDA,5546,7.398761749267578
2020-05-06,COST,215,282.40130615234375
2020-05-07,AMZN,392,118.38050079345703
2020-05-07,MSFT,256,173.6989288330078
2020-05-07,AMD,1136,51.95000076293945
2020-05-07,NVDA,5546,7.574669361114502
2020-05-07,COST,215,278.8448791503906
2020-05-08,AMZN,392,118.98049926757812
2020-05-08,MSFT,256,174.72068786621094
2020-05-08,AMD,1136,53.189998626708984
2020-05-08,NVDA,5546,7.7642412185668945
2020-05-08,COST,215,279.7042236328125
2020-05-11,AMZN,392,120.44999694824219
2020-05-11,MSFT,256,176.66961669921875
2020-05-11,AMD,1136,55.7400016784668
2020-05-11,NVDA,5546,8.015676498413086
2020-05-11,COST,215,283.71771240234375
2020-05-12,AMZN,468,117.84750366210938
2020-05-12,AMD,1057,53.7599983215332
2020-05-12,NVDA,5873,7.754302024841309
2020-05-12,NFLX,912,43.18199920654297
2020-05-12,TSLA,1068,53.96066665649414
2020-05-13,AMZN,468,118.39600372314453
2020-05-13,AMD,1057,52.18000030517578
2020-05-13,NVDA,5873,7.7319416999816895
2020-05-13,NFLX,912,43.82699966430664
2020-05-13,TSLA,1068,52.73066711425781
2020-05-14,AMZN,468,119.44249725341797
2020-05-14,AMD,1057,54.5099983215332
2020-05-14,NVDA,5873,7.980895519256592
2020-05-14,NFLX,912,44.19499969482422
2020-05-14,TSLA,1068,53.55533218383789
2020-05-15,AMZN,468,120.48899841308594
2020-05-15,AMD,1057,54.20000076293945
2020-05-15,NVDA,5873,8.438302040100098
2020-05-15,NFLX,912,45.41899871826172
2020-05-15,TSLA,1068,53.27799987792969
2020-05-18,AMZN,468,121.31300354003906
2020-05-18,AMD,1057,54.59000015258789
2020-05-18,NVDA,5873,8.696197509765625
2020-05-18,NFLX,912,45.257999420166016
2020-05-18,TSLA,1068,54.242000579833984
2020-05-19,AMZN,545,122.46649932861328
2020-05-19,NVDA,7586,8.751107215881348
2020-05-19,NFLX,1461,45.104000091552734
2020-05-20,AMZN,545,124.89700317382812
2020-05-20,NVDA,7586,8.914594650268555
2020-05-20,NFLX,1461,44.766998291015625
2020-05-21,AMZN,545,122.33699798583984
2020-05-21,NVDA,7586,8.72104549407959
2020-05-21,NFLX,1461,43.625
2020-05-22,AMZN,545,121.84400177001953
2020-05-22,NVDA,7586,8.970492362976074
2020-05-22,NFLX,1461,42.93199920654297
2020-05-26,AMZN,545,121.09300231933594
2020-05-26,NVDA,7586,8.663895606994629
2020-05-26,NFLX,1461,41.47700119018555
2020-05-27,AMZN,422,120.51950073242188
2020-05-27,NVDA,5724,8.472591400146484
2020-05-27,AAPL,704,76.93438720703125
2020-05-27,TSLA,1004,54.68199920654297
2020-05-27,AMD,905,52.7400016784668
2020-05-28,AMZN,422,120.05500030517578
2020-05-28,NVDA,5724,8.434576034545898
2020-05-28,AAPL,704,76.96826934814453
2020-05-28,TSLA,1004,53.72066879272461
2020-05-28,AMD,905,51.7400016784668
2020-05-29,AMZN,422,122.11849975585938
2020-05-29,NVDA,5724,8.820672988891602
2020-05-29,AAPL,704,76.89329528808594
2020-05-29,TSLA,1004,55.66666793823242
2020-05-29,AMD,905,53.79999923706055
2020-06-01,AMZN,422,123.552001953125
2020-06-01,NVDA,5724,8.751853942871094
2020-06-01,AAPL,704,77.83890533447266
2020-06-01,TSLA,1004,59.87333297729492
2020-06-01,AMD,905,53.630001068115234
2020-06-02,AMZN,450,123.62049865722656
2020-06-02,NVDA,5641,8.770733833312988
2020-06-02,AAPL,749,78.19924926757812
2020-06-02,TSLA,975,58.770668029785156
2020-06-02,AMD,820,53.540000915527344
2020-06-03,AMZN,450,123.91999816894531
2020-06-03,NVDA,5641,8.715330123901367
2020-06-03,AAPL,749,78.62974548339844
2020-06-03,TSLA,975,58.86399841308594
2020-06-03,AMD,820,52.72999954223633
2020-06-04,AMZN,450,123.02999877929688
2020-06-04,NVDA,5641,8.716323852539062
2020-06-04,AAPL,749,77.95256805419922
2020-06-04,TSLA,975,57.62533187866211
2020-06-04,AMD,820,52.630001068115234
2020-06-05,AMZN,450,124.1500015258789
2020-06-05,NVDA,5641,8.86894702911377
2020-06-05,AAPL,749,80.1727294921875
2020-06-05,TSLA,975,59.04399871826172
2020-06-05,AMD,820,53.099998474121094
2020-06-08,AMZN,450,126.2030029296875
2020-06-08,NVDA,5641,8.754602432250977
2020-06-08,AAPL,749,80.6467514038086
2020-06-08,TSLA,975,63.327999114990234
2020-06-08,AMD,820,52.970001220703125
2020-06-09,AMZN,479,130.04299926757812
2020-06-09,NVDA,5545,8.99422550201416
2020-06-09,AAPL,728,83.19344329833984
2020-06-09,TSLA,936,62.711334228515625
2020-06-09,COST,159,279.3476257324219
2020-06-10,AMZN,479,132.37249755859375
2020-06-10,NVDA,5545,9.313140869140625
2020-06-10,AAPL,728,85.33378601074219
2020-06-10,TSLA,936,68.336669921875
2020-06-10,COST,159,280.97503662109375
2020-06-11,AMZN,479,127.89800262451172
2020-06-11,NVDA,5545,8.745903968811035
2020-06-11,AAPL,728,81.23687744140625
2020-06-11,TSLA,936,64.85600280761719
2020-06-11,COST,159,275.0323791503906
2020-06-12,AMZN,479,127.2509994506836
2020-06-12,NVDA,5545,8.88137435913086
2020-06-12,AAPL,728,81.938232421875
2020-06-12,TSLA,936,62.35200119018555
2020-06-12,COST,159,273.0851135253906
2020-06-15,AMZN,479,128.63400268554688
2020-06-15,NVDA,5545,9.12124252319336
2020-06-15,AAPL,728,82.95159912109375
2020-06-15,TSLA,936,66.05999755859375
2020-06-15,COST,159,271.69549560546875
2020-06-16,AMZN,429,130.7635040283203
2020-06-16,NVDA,5978,9.016593933105469
2020-06-16,AAPL,830,85.14997863769531
2020-06-16,TSLA,710,65.47533416748047
2020-06-16,MSFT,255,183.641357421875
2020-06-17,AMZN,429,132.0489959716797
2020-06-17,NVDA,5978,9.183136940002441
2020-06-17,AAPL,830,85.03150177001953
2020-06-17,TSLA,710,66.11933135986328
2020-06-17,MSFT,255,184.27696228027344
2020-06-18,AMZN,429,132.69900512695312
2020-06-18,NVDA,5978,9.165237426757812
2020-06-18,AAPL,830,85.06534576416016
2020-06-18,TSLA,710,66.9306640625
2020-06-18,MSFT,255,186.250244140625
2020-06-19,AMZN,429,133.75050354003906
2020-06-19,NVDA,5978,9.208242416381836
2020-06-19,AAPL,830,84.57923126220703
2020-06-19,TSLA,710,66.72666931152344
2020-06-19,MSFT,255,185.14028930664062
2020-06-22,AMZN,429,135.6909942626953
2020-06-22,NVDA,5978,9.472222328186035
2020-06-22,AAPL,830,86.7921371459961
2020-06-22,TSLA,710,66.28800201416016
2020-06-22,MSFT,255,190.28228759765625
2020-06-23,AMZN,431,138.2205047607422
2020-06-23,NVDA,5593,9.39591121673584
2020-06-23,AAPL,826,88.64468383789062
2020-06-23,TSLA,807,66.78533172607422
2020-06-23,MSFT,256,191.55352783203125
2020-06-24,AMZN,431,136.72000122070312
2020-06-24,NVDA,5593,9.182641983032227
2020-06-24,AAPL,826,87.0799331665039
2020-06-24,TSLA,807,64.0566635131836
2020-06-24,MSFT,256,187.6923065185547
2020-06-25,AMZN,431,137.72900390625
2020-06-25,NVDA,5593,9.43568229675293
2020-06-25,AAPL,826,88.23596954345703
2020-06-25,TSLA,807,65.73200225830078
2020-06-25,MSFT,256,190.06407165527344
2020-06-26,AMZN,431,134.64349365234375
2020-06-26,NVDA,5593,9.1026029586792
2020-06-26,AAPL,826,85.52485656738281
2020-06-26,TSLA,807,63.982666015625
2020-06-26,MSFT,256,186.25978088378906
2020-06-29,AMZN,431,134.0189971923828
2020-06-29,NVDA,5593,9.147342681884766
2020-06-29,AAPL,826,87.49592590332031
2020-06-29,TSLA,807,67.29000091552734
2020-06-29,MSFT,256,188.26153564453125
2020-06-30,AMZN,363,137.9409942626953
2020-06-30,NVDA,5521,9.443388938903809
2020-06-30,AAPL,825,88.22630310058594
2020-06-30,TSLA,716,71.98733520507812
2020-06-30,MSFT,316,193.0714569091797
2020-07-01,AMZN,363,143.93499755859375
2020-07-01,NVDA,5521,9.475457191467285
2020-07-01,AAPL,825,88.05941009521484
2020-07-01,TSLA,716,74.64199829101562
2020-07-01,MSFT,316,194.200439453125
2020-07-02,AMZN,363,144.51499938964844
2020-07-02,NVDA,5521,9.557233810424805
2020-07-02,AAPL,825,88.05941009521484
2020-07-02,TSLA,716,80.57733154296875
2020-07-02,MSFT,316,195.68048095703125
2020-07-06,AMZN,363,152.8520050048828
2020-07-06,NVDA,5521,9.782931327819824
2020-07-06,AAPL,825,90.41503143310547
2020-07-06,TSLA,716,91.43866729736328
2020-07-06,MSFT,316,199.8927001953125
2020-07-07,AMZN,349,150.00599670410156
2020-07-07,NVDA,6586,9.815248489379883
2020-07-07,AAPL,890,90.13447570800781
2020-07-07,TSLA,549,92.65733337402344
2020-07-07,MSFT,328,197.568359375
2020-07-08,AMZN,349,154.0554962158203
2020-07-08,NVDA,6586,10.157526016235352
2020-07-08,AAPL,890,92.23373413085938
2020-07-08,TSLA,549,91.05867004394531
2020-07-08,MSFT,328,201.91343688964844
2020-07-09,AMZN,349,159.13150024414062
2020-07-09,NVDA,6586,10.4488525390625
2020-07-09,AAPL,890,92.63036346435547
2020-07-09,TSLA,549,92.9520034790039
2020-07-09,MSFT,328,203.32701110839844
2020-07-10,AMZN,349,160.0
2020-07-10,NVDA,6586,10.419267654418945
2020-07-10,AAPL,890,92.79239654541016
2020-07-10,TSLA,549,102.97666931152344
2020-07-10,MSFT,328,202.71035766601562
2020-07-13,AMZN,349,155.1999969482422
2020-07-13,NVDA,6586,9.994717597961426
2020-07-13,AAPL,890,92.36432647705078
2020-07-13,TSLA,549,99.80400085449219
2020-07-13,MSFT,328,196.44888305664062
2020-07-14,AMZN,306,154.1999969482422
2020-07-14,NVDA,6519,10.317605018615723
2020-07-14,AAPL,898,93.8927993774414
2020-07-14,TSLA,470,101.12000274658203
2020-07-14,MSFT,314,197.66322326660156
2020-07-15,AMZN,306,150.44349670410156
2020-07-15,NVDA,6519,10.168713569641113
2020-07-15,AAPL,898,94.5385513305664
2020-07-15,TSLA,470,103.06732940673828
2020-07-15,MSFT,314,197.369140625
2020-07-16,AMZN,306,149.9949951171875
2020-07-16,NVDA,6519,10.07674503326416
2020-07-16,AAPL,898,93.375244140625
2020-07-16,TSLA,470,100.04266357421875
2020-07-16,MSFT,314,193.46043395996094
2020-07-17,AMZN,306,148.09849548339844
2020-07-17,NVDA,6519,10.143111228942871
2020-07-17,AAPL,898,93.18658447265625
2020-07-17,TSLA,470,100.05599975585938
2020-07-17,MSFT,314,192.47381591796875
2020-07-20,AMZN,306,159.8419952392578
2020-07-20,NVDA,6519,10.450589179992676
2020-07-20,AAPL,898,95.15042877197266
2020-07-20,TSLA,470,109.53333282470703
2020-07-20,MSFT,314,200.74649047851562
2020-07-21,NVDA,6112,10.269384384155273
2020-07-21,AAPL,895,93.83718872070312
2020-07-21,TSLA,393,104.55733489990234
2020-07-21,MSFT,305,198.04273986816406
2020-07-21,COST,206,299.6346740722656
2020-07-22,NVDA,6112,10.37900447845459
2020-07-22,AAPL,895,94.10079956054688
2020-07-22,TSLA,393,106.15533447265625
2020-07-22,MSFT,305,200.88885498046875
2020-07-22,COST,206,300.1467590332031
2020-07-23,NVDA,6112,10.071767807006836
2020-07-23,AAPL,895,89.8176498413086
2020-07-23,TSLA,393,100.87133026123047
2020-07-23,MSFT,305,192.15121459960938
2020-07-23,COST,206,298.14453125
2020-07-24,NVDA,6112,10.136149406433105
2020-07-24,AAPL,895,89.59515380859375
2020-07-24,TSLA,393,94.46666717529297
2020-07-24,MSFT,305,190.97483825683594
2020-07-24,COST,206,297.8428039550781
2020-07-27,NVDA,6112,10.361851692199707
2020-07-27,AAPL,895,91.71857452392578
2020-07-27,TSLA,393,102.63999938964844
2020-07-27,MSFT,305,193.39405822753906
2020-07-27,COST,206,299.5068054199219
2020-07-28,NVDA,6408,10.157032012939453
2020-07-28,AAPL,909,90.21186828613281
2020-07-28,TSLA,416,98.43267059326172
2020-07-28,MSFT,265,191.6579132080078
2020-07-28,COST,271,299.479248046875
2020-07-29,NVDA,6408,10.405600547790527
2020-07-29,AAPL,909,91.94109344482422
2020-07-29,TSLA,416,99.94066619873047
2020-07-29,MSFT,265,193.59327697753906
2020-07-29,COST,271,298.17193603515625
2020-07-30,NVDA,6408,10.553251266479492
2020-07-30,AAPL,909,93.0535888671875
2020-07-30,TSLA,416,99.16600036621094
2020-07-30,MSFT,265,193.4414825439453
2020-07-30,COST,271,297.6038513183594
2020-07-31,NVDA,6408,10.553994178771973
2020-07-31,AAPL,909,102.79524230957031
2020-07-31,TSLA,416,95.38400268554688
2020-07-31,MSFT,265,194.49453735351562
2020-07-31,COST,271,298.2544860839844
2020-08-03,NVDA,6408,10.94723129272461
2020-08-03,AAPL,909,105.38542175292969
2020-08-03,TSLA,416,99.0
2020-08-03,MSFT,265,205.43312072753906
2020-08-03,COST,271,301.7267761230469
2020-08-04,NVDA,6756,11.163487434387207
2020-08-04,AAPL,674,106.08922576904297
2020-08-04,MSFT,296,202.34979248046875
2020-08-04,COST,291,311.3195495605469
2020-08-04,ADBE,111,446.9200134277344
2020-08-05,NVDA,6756,11.222148895263672
2020-08-05,AAPL,674,106.4737777709961
2020-08-05,MSFT,296,202.01779174804688
2020-08-05,COST,291,311.4844665527344
2020-08-05,ADBE,111,449.510009765625
2020-08-06,NVDA,6756,11.270620346069336
2020-08-06,AAPL,674,110.18855285644531
2020-08-06,MSFT,296,205.25286865234375
2020-08-06,COST,291,314.544677734375
2020-08-06,ADBE,111,464.1099853515625
2020-08-07,NVDA,6756,11.135400772094727
2020-08-07,AAPL,674,107.68331909179688
2020-08-07,MSFT,296,201.58139038085938
2020-08-07,COST,291,312.34576416015625
2020-08-07,ADBE,111,449.57000732421875
2020-08-10,NVDA,6756,11.101096153259277
2020-08-10,AAPL,674,109.24848937988281
2020-08-10,MSFT,296,197.568359375
2020-08-10,COST,291,311.511962890625
2020-08-10,ADBE,111,443.2900085449219
2020-08-11,NVDA,7326,10.787899017333984
2020-08-11,AAPL,669,105.99945068359375
2020-08-11,MSFT,269,192.94815063476562
2020-08-11,COST,284,304.5762634277344
2020-08-11,AMZN,325,154.0334930419922
2020-08-12,NVDA,7326,11.374770164489746
2020-08-12,AAPL,669,109.52227020263672
2020-08-12,MSFT,269,198.4601593017578
2020-08-12,COST,284,308.54345703125
2020-08-12,AMZN,325,158.11199951171875
2020-08-13,NVDA,7326,11.377506256103516
2020-08-13,AAPL,669,111.46053314208984
2020-08-13,MSFT,269,197.9952392578125
2020-08-13,COST,284,307.5722961425781
2020-08-13,AMZN,325,158.05099487304688
2020-08-14,NVDA,7326,11.497815132141113
2020-08-14,AAPL,669,111.36119842529297
2020-08-14,MSFT,269,198.1850128173828
2020-08-14,COST,284,308.10369873046875
2020-08-14,AMZN,325,157.4010009765625
2020-08-17,NVDA,7326,12.266387939453125
2020-08-17,AAPL,669,111.0704574584961
2020-08-17,MSFT,269,199.49424743652344
2020-08-17,COST,284,311.4753723144531
2020-08-17,AMZN,325,159.12049865722656
2020-08-18,NVDA,6864,12.190574645996094
2020-08-18,AAPL,653,111.99598693847656
2020-08-18,MSFT,284,200.6421661376953
2020-08-18,COST,294,312.1990966796875
2020-08-18,AMZN,335,165.62449645996094
2020-08-19,NVDA,6864,12.069022178649902
2020-08-19,AAPL,653,112.13652801513672
2020-08-19,MSFT,284,199.4248504638672
2020-08-19,COST,294,312.3365173339844
2020-08-19,AMZN,335,163.0240020751953
2020-08-20,NVDA,6864,12.071510314941406
2020-08-20,AAPL,653,114.62477111816406
2020-08-20,MSFT,284,204.06581115722656
2020-08-20,COST,294,312.3091735839844
2020-08-20,AMZN,335,164.86849975585938
2020-08-21,NVDA,6864,12.610908508300781
2020-08-21,AAPL,653,120.53167724609375
2020-08-21,MSFT,284,202.58221435546875
2020-08-21,COST,294,315.7356872558594
2020-08-21,AMZN,335,164.23599243164062
2020-08-24,NVDA,6864,12.647444725036621
2020-08-24,AAPL,653,121.97327423095703
2020-08-24,MSFT,284,203.21937561035156
2020-08-24,COST,294,315.2959289550781
2020-08-24,AMZN,335,165.3730010986328
2020-08-25,NVDA,6793,12.677024841308594
2020-08-25,AAPL,618,120.97261047363281
2020-08-25,MSFT,290,205.86318969726562
2020-08-25,COST,300,315.8273620605469
2020-08-25,ADBE,120,484.42999267578125
2020-08-26,NVDA,6793,12.699889183044434
2020-08-26,AAPL,618,122.61775207519531
2020-08-26,MSFT,290,210.31378173828125
2020-08-26,COST,300,315.4241638183594
2020-08-26,ADBE,120,528.489990234375
2020-08-27,NVDA,6793,12.555973052978516
2020-08-27,AAPL,618,121.15193176269531
2020-08-27,MSFT,290,215.477783203125
2020-08-27,COST,300,317.3390808105469
2020-08-27,ADBE,120,510.32000732421875
2020-08-28,NVDA,6793,13.072494506835938
2020-08-28,AAPL,618,120.95565032958984
2020-08-28,MSFT,290,217.693603515625
2020-08-28,COST,300,319.1806640625
2020-08-28,ADBE,120,516.4400024414062
2020-08-31,NVDA,6793,13.29794979095459
2020-08-31,AAPL,618,125.05752563476562
2020-08-31,MSFT,290,214.479248046875
2020-08-31,COST,300,318.5301513671875
2020-08-31,ADBE,120,513.3900146484375
2020-09-01,NVDA,7431,13.74600887298584
2020-09-01,AAPL,621,130.03890991210938
2020-09-01,MSFT,303,216.13394165039062
2020-09-01,COST,284,321.9384765625
2020-09-01,AMZN,364,174.95599365234375
2020-09-02,NVDA,7431,14.268653869628906
2020-09-02,AAPL,621,127.3447265625
2020-09-02,MSFT,303,220.29933166503906
2020-09-02,COST,284,328.791748046875
2020-09-02,AMZN,364,176.57249450683594
2020-09-03,NVDA,7431,12.944875717163086
2020-09-03,AAPL,621,117.14936828613281
2020-09-03,MSFT,303,206.65249633789062
2020-09-03,COST,284,319.1165466308594
2020-09-03,AMZN,364,168.39999389648438
2020-09-04,NVDA,7431,12.554009437561035
2020-09-04,AAPL,621,117.22689056396484
2020-09-04,MSFT,303,203.75193786621094
2020-09-04,COST,284,317.531494140625
2020-09-04,AMZN,364,164.7310028076172
2020-09-08,NVDA,7431,11.848357200622559
2020-09-08,AAPL,621,109.3381118774414
2020-09-08,MSFT,303,192.72982788085938
2020-09-08,COST,284,310.467529296875
2020-09-08,AMZN,364,157.49200439453125
2020-09-09,NVDA,7004,12.646008491516113
2020-09-09,AAPL,619,113.6992416381836
2020-09-09,MSFT,306,200.9369659423828
2020-09-09,COST,274,317.4031982421875
2020-09-09,AMZN,417,163.4304962158203
2020-09-10,NVDA,7004,12.244946479797363
2020-09-10,AAPL,619,109.98744201660156
2020-09-10,MSFT,306,195.30703735351562
2020-09-10,COST,274,311.08135986328125
2020-09-10,AMZN,417,158.7554931640625
2020-09-11,NVDA,7004,12.098491668701172
2020-09-11,AAPL,619,108.54344940185547
2020-09-11,MSFT,306,194.03268432617188
2020-09-11,COST,274,310.71490478515625
2020-09-11,AMZN,417,155.81100463867188
2020-09-14,NVDA,7004,12.802403450012207
2020-09-14,AAPL,619,111.79972839355469
2020-09-14,MSFT,306,195.34506225585938
2020-09-14,COST,274,314.1873474121094
2020-09-14,AMZN,417,155.14849853515625
2020-09-15,NVDA,6282,12.920507431030273
2020-09-15,AAPL,578,111.97418212890625
2020-09-15,MSFT,316,198.54995727539062
2020-09-15,COST,297,315.0944519042969
2020-09-15,AVGO,2179,32.25517272949219
2020-09-16,NVDA,6282,12.446596145629883
2020-09-16,AAPL,578,108.66941833496094
2020-09-16,MSFT,316,195.00271606445312
2020-09-16,COST,297,314.9295654296875
2020-09-16,AVGO,2179,32.266597747802734
2020-09-17,NVDA,6282,12.395870208740234
2020-09-17,AAPL,578,106.93467712402344
2020-09-17,MSFT,316,192.96759033203125
2020-09-17,COST,297,310.4858703613281
2020-09-17,AVGO,2179,32.16813278198242
2020-09-18,NVDA,6282,12.123111724853516
2020-09-18,AAPL,578,103.54267120361328
2020-09-18,MSFT,316,190.57107543945312
2020-09-18,COST,297,307.8105163574219
2020-09-18,AVGO,2179,31.62397003173828
2020-09-21,NVDA,6282,12.44933032989502
2020-09-21,AAPL,578,106.68269348144531
2020-09-21,MSFT,316,192.61570739746094
2020-09-21,COST,297,311.1180419921875
2020-09-21,AVGO,2179,31.207914352416992
2020-09-22,NVDA,6323,12.56917667388916
2020-09-22,AAPL,533,108.3592758178711
2020-09-22,MSFT,299,197.2565460205078
2020-09-22,COST,293,315.58917236328125
2020-09-22,AVGO,2445,32.07728576660156
2020-09-23,NVDA,6323,12.057966232299805
2020-09-23,AAPL,533,103.81403350830078
2020-09-23,MSFT,299,190.76126098632812
2020-09-23,COST,293,315.75408935546875
2020-09-23,AVGO,2445,31.190162658691406
2020-09-24,NVDA,6323,12.280997276306152
2020-09-24,AAPL,533,104.88009643554688
2020-09-24,MSFT,299,193.23387145996094
2020-09-24,COST,293,317.9255676269531
2020-09-24,AVGO,2445,31.272672653198242
2020-09-25,NVDA,6323,12.803895950317383
2020-09-25,AAPL,533,108.8147964477539
2020-09-25,MSFT,299,197.63699340820312
2020-09-25,COST,293,313.8758239746094
2020-09-25,AVGO,2445,31.652355194091797
2020-09-28,NVDA,6323,12.964268684387207
2020-09-28,AAPL,533,111.4120864868164
2020-09-28,MSFT,299,199.17762756347656
2020-09-28,COST,293,320.3259582519531
2020-09-28,AVGO,2445,32.583831787109375
2020-09-29,NVDA,6045,13.1539888381958
2020-09-29,AAPL,513,110.56892395019531
2020-09-29,MSFT,296,197.10446166992188
2020-09-29,COST,293,322.63482666015625
2020-09-29,AVGO,2469,32.314144134521484
2020-09-30,NVDA,6045,13.457084655761719
2020-09-30,AAPL,513,112.23585510253906
2020-09-30,MSFT,296,200.0240020751953
2020-09-30,COST,293,325.255126953125
2020-09-30,AVGO,2469,32.3194694519043
2020-10-01,NVDA,6045,13.540628433227539
2020-10-01,AAPL,513,113.18561553955078
2020-10-01,MSFT,296,202.04965209960938
2020-10-01,COST,293,328.42529296875
2020-10-01,AVGO,2469,32.699161529541016
2020-10-02,NVDA,6045,12.991372108459473
2020-10-02,AAPL,513,109.53193664550781
2020-10-02,MSFT,296,196.08688354492188
2020-10-02,COST,293,325.2643127441406
2020-10-02,AVGO,2469,31.655019760131836
2020-10-05,NVDA,6045,13.568473815917969
2020-10-05,AAPL,513,112.90455627441406
2020-10-05,MSFT,296,200.07159423828125
2020-10-05,COST,293,328.53521728515625
2020-10-05,AVGO,2469,32.47738265991211
2020-10-06,NVDA,5545,13.661964416503906
2020-10-06,MSFT,305,195.82057189941406
2020-10-06,COST,289,328.3245849609375
2020-10-06,AVGO,2304,32.289306640625
2020-10-06,AMZN,395,154.9980010986328
2020-10-07,NVDA,5545,13.888229370117188
2020-10-07,MSFT,305,199.54852294921875
2020-10-07,COST,289,332.60321044921875
2020-10-07,AVGO,2304,32.534156799316406
2020-10-07,AMZN,395,159.7845001220703
2020-10-08,NVDA,5545,13.76365852355957
2020-10-08,MSFT,305,200.26177978515625
2020-10-08,COST,289,334.49969482421875
2020-10-08,AVGO,2304,33.1187629699707
2020-10-08,AMZN,395,159.52749633789062
2020-10-09,NVDA,5545,13.688070297241211
2020-10-09,MSFT,305,205.23548889160156
2020-10-09,COST,289,338.5035705566406
2020-10-09,AVGO,2304,33.417724609375
2020-10-09,AMZN,395,164.33250427246094
2020-10-12,NVDA,5545,14.14880657196045
2020-10-12,MSFT,305,210.55160522460938
2020-10-12,COST,289,344.93536376953125
2020-10-12,AVGO,2304,33.92604064941406
2020-10-12,AMZN,395,172.14649963378906
2020-10-13,NVDA,5430,14.170937538146973
2020-10-13,MSFT,287,211.94009399414062
2020-10-13,COST,291,348.7834777832031
2020-10-13,AVGO,2372,33.842655181884766
2020-10-13,AMZN,360,172.18150329589844
2020-10-14,NVDA,5430,14.018765449523926
2020-10-14,MSFT,287,210.0380859375
2020-10-14,COST,291,346.6395263671875
2020-10-14,AVGO,2372,33.737083435058594
2020-10-14,AMZN,360,168.1855010986328
2020-10-15,NVDA,5430,13.894196510314941
2020-10-15,MSFT,287,208.8968963623047
2020-10-15,COST,291,345.02703857421875
2020-10-15,AVGO,2372,33.704261779785156
2020-10-15,AMZN,360,166.9324951171875
2020-10-16,NVDA,5430,13.736553192138672
2020-10-16,MSFT,287,208.8968963623047
2020-10-16,COST,291,349.5714111328125
2020-10-16,AVGO,2372,33.5907096862793
2020-10-16,AMZN,360,163.635498046875
2020-10-19,NVDA,5430,13.424508094787598
2020-10-19,MSFT,287,203.723388671875
2020-10-19,COST,291,344.0924377441406
2020-10-19,AVGO,2372,33.33522415161133
2020-10-19,AMZN,360,160.36050415039062
2020-10-20,NVDA,5527,13.571455955505371
2020-10-20,COST,284,346.612060546875
2020-10-20,AVGO,2307,33.44344711303711
2020-10-20,AMZN,412,160.85049438476562
2020-10-20,ADBE,129,494.5799865722656
2020-10-21,NVDA,5527,13.451361656188965
2020-10-21,COST,284,346.1631164550781
2020-10-21,AVGO,2307,33.005210876464844
2020-10-21,AMZN,412,159.2469940185547
2020-10-21,ADBE,129,495.9599914550781
2020-10-22,NVDA,5527,13.28849983215332
2020-10-22,COST,284,344.2666015625
2020-10-22,AVGO,2307,33.122318267822266
2020-10-22,AMZN,412,158.82000732421875
2020-10-22,ADBE,129,483.6000061035156
2020-10-23,NVDA,5527,13.51650619506836
2020-10-23,COST,284,343.2129211425781
2020-10-23,AVGO,2307,33.06464767456055
2020-10-23,AMZN,412,160.22000122070312
2020-10-23,ADBE,129,488.5
2020-10-26,NVDA,5527,13.069945335388184
2020-10-26,COST,284,339.6488342285156
2020-10-26,AVGO,2307,32.20591354370117
2020-10-26,AMZN,412,160.3520050048828
2020-10-26,ADBE,129,475.20001220703125
2020-10-27,NVDA,5218,13.324056625366211
2020-10-27,COST,284,341.49041748046875
2020-10-27,AVGO,2173,31.90074920654297
2020-10-27,AMZN,439,164.31649780273438
2020-10-27,MSFT,310,202.80091857910156
2020-10-28,NVDA,5218,12.55848217010498
2020-10-28,COST,284,334.3806457519531
2020-10-28,AVGO,2173,30.801610946655273
2020-10-28,AMZN,439,158.13900756835938
2020-10-28,MSFT,310,192.74887084960938
2020-10-29,NVDA,5218,12.953329086303711
2020-10-29,COST,284,334.93133544921875
2020-10-29,AVGO,2173,31.49355125427246
2020-10-29,AMZN,439,160.55050659179688
2020-10-29,MSFT,310,194.6888885498047
2020-10-30,NVDA,5218,12.465988159179688
2020-10-30,COST,284,328.2853088378906
2020-10-30,AVGO,2173,31.01629638671875
2020-10-30,AMZN,439,151.8074951171875
2020-10-30,MSFT,310,192.5491943359375
2020-11-02,NVDA,5218,12.512484550476074
2020-11-02,COST,284,334.4999694824219
2020-11-02,AVGO,2173,31.160005569458008
2020-11-02,AMZN,439,150.2239990234375
2020-11-02,MSFT,310,192.416015625
2020-11-03,NVDA,6022,12.948854446411133
2020-11-03,COST,275,341.4490051269531
2020-11-03,AVGO,2201,31.382673263549805
2020-11-03,GOOGL,639,81.50738525390625
2020-11-03,GOOG,618,81.73632049560547
2020-11-04,NVDA,6022,13.719400405883789
2020-11-04,COST,275,345.3137512207031
2020-11-04,AVGO,2201,32.34697723388672
2020-11-04,GOOGL,639,86.46968078613281
2020-11-04,GOOG,618,86.63591003417969
2020-11-05,NVDA,6022,14.08316421508789
2020-11-05,COST,275,353.6304931640625
2020-11-05,AVGO,2201,33.78764343261719
2020-11-05,GOOGL,639,87.2943344116211
2020-11-05,GOOG,618,87.34123229980469
2020-11-06,NVDA,6022,14.482985496520996
2020-11-06,COST,275,354.02520751953125
2020-11-06,AVGO,2201,33.76546859741211
2020-11-06,GOOGL,639,87.15715026855469
2020-11-06,GOOG,618,87.260986328125
2020-11-09,NVDA,6022,13.556788444519043
2020-11-09,COST,275,335.0599060058594
2020-11-09,AVGO,2201,33.314815521240234
2020-11-09,GOOGL,639,87.2408447265625
2020-11-09,GOOG,618,87.32292175292969
2020-11-10,NVDA,5479,12.70071029663086
2020-11-10,COST,265,336.547119140625
2020-11-10,AVGO,2062,32.213897705078125
2020-11-10,MSFT,373,200.6707000732422
2020-11-10,AMD,960,77.98999786376953
2020-11-11,NVDA,5479,13.345193862915039
2020-11-11,COST,265,342.33026123046875
2020-11-11,AVGO,2062,33.3485221862793
2020-11-11,MSFT,373,205.93922424316406
2020-11-11,AMD,960,81.27999877929688
2020-11-12,NVDA,5479,13.3837308883667
2020-11-12,COST,265,344.891357421875
2020-11-12,AVGO,2062,32.841094970703125
2020-11-12,MSFT,373,204.8836669921875
2020-11-12,AMD,960,81.83999633789062
2020-11-13,NVDA,5479,13.224848747253418
2020-11-13,COST,265,347.7646789550781
2020-11-13,AVGO,2062,33.13385009765625
2020-11-13,MSFT,373,205.90118408203125
2020-11-13,AMD,960,81.43000030517578
2020-11-16,NVDA,5479,13.441915512084961
2020-11-16,COST,265,348.63677978515625
2020-11-16,AVGO,2062,33.782325744628906
2020-11-16,MSFT,373,206.5859375
2020-11-16,AMD,960,83.7300033569336
2020-11-17,NVDA,5472,13.349418640136719
2020-11-17,COST,277,350.59210205078125
2020-11-17,MSFT,332,203.95169067382812
2020-11-17,AMD,872,83.36000061035156
2020-11-17,PEP,669,119.95221710205078
2020-11-18,NVDA,5472,13.355884552001953
2020-11-18,COST,277,350.8766174316406
2020-11-18,MSFT,332,201.2627716064453
2020-11-18,AMD,872,82.54000091552734
2020-11-18,PEP,669,118.41606140136719
2020-11-19,NVDA,5472,13.367321014404297
2020-11-19,COST,277,352.0791320800781
2020-11-19,MSFT,332,202.54049682617188
2020-11-19,AMD,872,85.54000091552734
2020-11-19,PEP,669,118.36649322509766
2020-11-20,NVDA,5472,13.01673412322998
2020-11-20,COST,277,349.857666015625
2020-11-20,MSFT,332,200.6048583984375
2020-11-20,AMD,872,84.63999938964844
2020-11-20,PEP,669,118.44906616210938
2020-11-23,NVDA,5472,13.06870174407959
2020-11-23,COST,277,350.3992919921875
2020-11-23,MSFT,332,200.3379364013672
2020-11-23,AMD,872,85.30999755859375
2020-11-23,PEP,669,118.11869049072266
2020-11-24,NVDA,5694,12.88744068145752
2020-11-24,COST,277,352.703369140625
2020-11-24,PEP,628,118.95285034179688
2020-11-24,AVGO,2015,34.79541778564453
2020-11-24,TSLA,334,185.1266632080078
2020-11-25,NVDA,5694,13.162936210632324
2020-11-25,COST,277,355.9438171386719
2020-11-25,PEP,628,119.06023406982422
2020-11-25,AVGO,2015,34.67122268676758
2020-11-25,TSLA,334,191.3333282470703
2020-11-27,NVDA,5694,13.189291954040527
2020-11-27,COST,277,356.53131103515625
2020-11-27,PEP,628,119.42363739013672
2020-11-27,AVGO,2015,35.036705017089844
2020-11-27,TSLA,334,195.25332641601562
2020-11-30,NVDA,5694,13.328782081604004
2020-11-30,COST,277,359.63409423828125
2020-11-30,PEP,628,119.1180191040039
2020-11-30,AVGO,2015,35.6248664855957
2020-11-30,TSLA,334,189.1999969482422
2020-12-01,NVDA,5294,13.317342758178711
2020-12-01,COST,279,365.08831787109375
2020-12-01,PEP,574,120.6376724243164
2020-12-01,AVGO,1978,35.890113830566406
2020-12-01,AMD,872,92.62999725341797
2020-12-02,NVDA,5294,13.471007347106934
2020-12-02,COST,279,361.2637939453125
2020-12-02,PEP,574,119.44013214111328
2020-12-02,AVGO,1978,35.815608978271484
2020-12-02,AMD,872,93.73999786376953
2020-12-03,NVDA,5294,13.32724666595459
2020-12-03,COST,279,352.3616943359375
2020-12-03,PEP,574,120.14960479736328
2020-12-03,AVGO,1978,35.46696472167969
2020-12-03,AMD,872,92.30999755859375
2020-12-04,NVDA,5294,13.488664627075195
2020-12-04,COST,279,351.7776794433594
2020-12-04,PEP,574,121.31413269042969
2020-12-04,AVGO,1978,36.52086639404297
2020-12-04,AMD,872,94.04000091552734
2020-12-07,NVDA,5294,13.536913871765137
2020-12-07,COST,279,351.68341064453125
2020-12-07,PEP,574,120.91485595703125
2020-12-07,AVGO,1978,37.337890625
2020-12-07,AMD,872,94.06999969482422
2020-12-08,NVDA,5474,13.281486511230469
2020-12-08,COST,268,355.7058410644531
2020-12-08,AVGO,2341,37.56144714355469
2020-12-08,AMD,797,92.91999816894531
2020-12-08,TSLA,371,216.6266632080078
2020-12-09,NVDA,5474,12.864383697509766
2020-12-09,COST,268,352.58770751953125
2020-12-09,AVGO,2341,36.92361068725586
2020-12-09,AMD,797,89.83000183105469
2020-12-09,TSLA,371,201.4933319091797
2020-12-10,NVDA,5474,12.905672073364258
2020-12-10,COST,268,351.17474365234375
2020-12-10,AVGO,2341,36.3753776550293
2020-12-10,AMD,797,91.66000366210938
2020-12-10,TSLA,371,209.02333068847656
2020-12-11,NVDA,5474,12.946464538574219
2020-12-11,COST,268,353.3507995605469
2020-12-11,AVGO,2341,36.001014709472656
2020-12-11,AMD,797,91.6500015258789
2020-12-11,TSLA,371,203.3300018310547
2020-12-14,NVDA,5474,13.24044418334961
2020-12-14,COST,268,352.6725158691406
2020-12-14,AVGO,2341,36.531497955322266
2020-12-14,AMD,797,94.77999877929688
2020-12-14,TSLA,371,213.27667236328125
2020-12-15,NVDA,5671,13.291932106018066
2020-12-15,COST,282,350.317626953125
2020-12-15,AVGO,2119,37.08683776855469
2020-12-15,AMD,747,97.12000274658203
2020-12-15,TSLA,396,211.0833282470703
2020-12-16,NVDA,5671,13.174534797668457
2020-12-16,COST,282,348.0190124511719
2020-12-16,AVGO,2119,37.69363021850586
2020-12-16,AMD,747,96.8499984741211
2020-12-16,TSLA,396,207.58999633789062
2020-12-17,NVDA,5671,13.27277660369873
2020-12-17,COST,282,348.8197021484375
2020-12-17,AVGO,2119,37.80009078979492
2020-12-17,AMD,747,96.83999633789062
2020-12-17,TSLA,396,218.63333129882812
2020-12-18,NVDA,5671,13.203886032104492
2020-12-18,COST,282,345.7204895019531
2020-12-18,AVGO,2119,38.87905502319336
2020-12-18,AMD,747,95.91999816894531
2020-12-18,TSLA,396,231.6666717529297
2020-12-21,NVDA,5671,13.263823509216309
2020-12-21,COST,282,343.8081359863281
2020-12-21,AVGO,2119,38.37088394165039
2020-12-21,AMD,747,93.2300033569336
2020-12-21,TSLA,396,216.6199951171875
2020-12-22,NVDA,5768,13.210103034973145
2020-12-22,COST,270,341.03863525390625
2020-12-22,AVGO,2188,38.748435974121094
2020-12-22,TSLA,372,213.44667053222656
2020-12-22,MSFT,354,213.52468872070312
2020-12-23,NVDA,5768,12.942479133605957
2020-12-23,COST,270,340.90673828125
2020-12-23,AVGO,2188,38.064918518066406
2020-12-23,TSLA,372,215.32666015625
2020-12-23,MSFT,354,210.74050903320312
2020-12-24,NVDA,5768,12.927057266235352
2020-12-24,COST,270,343.4406433105469
2020-12-24,AVGO,2188,38.60171127319336
2020-12-24,TSLA,372,220.58999633789062
2020-12-24,MSFT,354,212.39002990722656
2020-12-28,NVDA,5768,12.833791732788086
2020-12-28,COST,270,349.5450439453125
2020-12-28,AVGO,2188,38.639305114746094
2020-12-28,TSLA,372,221.22999572753906
2020-12-28,MSFT,354,214.4972686767578
2020-12-29,COST,265,351.10882568359375
2020-12-29,AVGO,2185,38.38520050048828
2020-12-29,TSLA,386,221.99667358398438
2020-12-29,MSFT,349,213.7249298095703
2020-12-29,PEP,602,122.62001037597656
2020-12-30,COST,265,352.7384033203125
2020-12-30,AVGO,2185,38.90322494506836
2020-12-30,TSLA,386,231.5933380126953
2020-12-30,MSFT,349,211.36978149414062
2020-12-30,PEP,602,122.52851867675781
2020-12-31,COST,265,354.9333801269531
2020-12-31,AVGO,2185,39.17341232299805
2020-12-31,TSLA,386,235.22332763671875
2020-12-31,MSFT,349,212.07540893554688
2020-12-31,PEP,602,123.3519515991211
2021-01-04,COST,265,358.1079406738281
2021-01-04,AVGO,2185,38.04343795776367
2021-01-04,TSLA,386,243.2566680908203
2021-01-04,MSFT,349,207.5653839111328
2021-01-04,PEP,602,119.99990844726562
2021-01-05,COST,276,353.95361328125
2021-01-05,AVGO,2113,38.30110549926758
2021-01-05,TSLA,374,245.0366668701172
2021-01-05,MSFT,334,207.76559448242188
2021-01-05,NVDA,5906,13.335953712463379
2021-01-06,COST,276,348.5653076171875
2021-01-06,AVGO,2113,38.064918518066406
2021-01-06,TSLA,374,251.9933319091797
2021-01-06,MSFT,334,202.37843322753906
2021-01-06,NVDA,5906,12.54975700378418
2021-01-07,COST,276,346.58709716796875
2021-01-07,AVGO,2113,39.669063568115234
2021-01-07,TSLA,374,272.0133361816406
2021-01-07,MSFT,334,208.137451171875
2021-01-07,NVDA,5906,13.275513648986816
2021-01-08,COST,276,348.4899597167969
2021-01-08,AVGO,2113,39.870361328125
2021-01-08,TSLA,374,293.3399963378906
2021-01-08,MSFT,334,209.40560913085938
2021-01-08,NVDA,5906,13.208610534667969
2021-01-11,COST,276,342.9038391113281
2021-01-11,AVGO,2113,39.881103515625
2021-01-11,TSLA,374,270.39666748046875
2021-01-11,MSFT,334,207.37469482421875
2021-01-11,NVDA,5906,13.551590919494629
2021-01-12,COST,259,343.082763671875
2021-01-12,AVGO,2626,40.20586395263672
2021-01-12,TSLA,313,283.14666748046875
2021-01-12,MSFT,370,204.93377685546875
2021-01-12,AMD,771,95.36000061035156
2021-01-13,COST,259,345.67340087890625
2021-01-13,AVGO,2626,40.36870193481445
2021-01-13,TSLA,313,284.8033447265625
2021-01-13,MSFT,370,206.27816772460938
2021-01-13,AMD,771,91.77999877929688
2021-01-14,COST,259,341.340087890625
2021-01-14,AVGO,2626,40.44563674926758
2021-01-14,TSLA,313,281.6666564941406
2021-01-14,MSFT,370,203.11256408691406
2021-01-14,AMD,771,90.79000091552734
2021-01-15,COST,259,341.16107177734375
2021-01-15,AVGO,2626,39.88916015625
2021-01-15,TSLA,313,275.38665771484375
2021-01-15,MSFT,370,202.75978088378906
2021-01-15,AMD,771,88.20999908447266
2021-01-19,COST,259,333.91693115234375
2021-01-19,AVGO,2626,41.089813232421875
2021-01-19,TSLA,313,281.51666259765625
2021-01-19,MSFT,370,206.37350463867188
2021-01-19,AMD,771,89.44999694824219
2021-01-20,AVGO,2619,41.32331848144531
2021-01-20,TSLA,345,283.48333740234375
2021-01-20,AMD,762,88.75
2021-01-20,AAPL,660,128.17599487304688
2021-01-20,PEP,546,117.55450439453125
2021-01-21,AVGO,2619,41.765289306640625
2021-01-21,TSLA,345,281.663330078125
2021-01-21,AMD,762,91.52999877929688
2021-01-21,AAPL,660,132.87472534179688
2021-01-21,PEP,546,116.12385559082031
2021-01-22,AVGO,2619,41.604248046875
2021-01-22,TSLA,345,282.21331787109375
2021-01-22,AMD,762,92.79000091552734
2021-01-22,AAPL,660,135.0105438232422
2021-01-22,PEP,546,115.27543640136719
2021-01-25,AVGO,2619,41.58366394042969
2021-01-25,TSLA,345,293.6000061035156
2021-01-25,AMD,762,94.12999725341797
2021-01-25,AAPL,660,138.7481689453125
2021-01-25,PEP,546,116.59793853759766
2021-01-26,AVGO,2449,41.501365661621094
2021-01-26,TSLA,302,294.36334228515625
2021-01-26,AAPL,607,138.98114013671875
2021-01-26,MSFT,376,221.52447509765625
2021-01-26,AMZN,541,166.30650329589844
2021-01-27,AVGO,2449,39.78627014160156
2021-01-27,TSLA,302,288.0533447265625
2021-01-27,AAPL,607,137.9132537841797
2021-01-27,MSFT,376,222.06796264648438
2021-01-27,AMZN,541,161.62899780273438
2021-01-28,AVGO,2449,40.4161262512207
2021-01-28,TSLA,302,278.4766540527344
2021-01-28,AAPL,607,133.08828735351562
2021-01-28,MSFT,376,227.81753540039062
2021-01-28,AMZN,541,161.88099670410156
2021-01-29,AVGO,2449,40.30517578125
2021-01-29,TSLA,302,264.510009765625
2021-01-29,AAPL,607,128.10804748535156
2021-01-29,MSFT,376,221.17169189453125
2021-01-29,AMZN,541,160.30999755859375
2021-02-01,AVGO,2449,41.75813293457031
2021-02-01,TSLA,302,279.9366760253906
2021-02-01,AAPL,607,130.22445678710938
2021-02-01,MSFT,376,228.50404357910156
2021-02-01,AMZN,541,167.1439971923828
2021-02-02,AVGO,2618,42.66533660888672
2021-02-02,AAPL,611,131.0496063232422
2021-02-02,MSFT,396,228.37054443359375
2021-02-02,AMZN,465,169.0
2021-02-02,NVDA,6414,13.487173080444336
2021-02-03,AVGO,2618,41.61945343017578
2021-02-03,AAPL,611,130.03030395507812
2021-02-03,MSFT,396,231.69821166992188
2021-02-03,AMZN,465,165.62649536132812
2021-02-03,NVDA,6414,13.461058616638184
2021-02-04,AVGO,2618,42.10615921020508
2021-02-04,AAPL,611,133.3795166015625
2021-02-04,MSFT,396,230.7542724609375
2021-02-04,AMZN,465,166.5500030517578
2021-02-04,NVDA,6414,13.594122886657715
2021-02-05,AVGO,2618,41.69282913208008
2021-02-05,AAPL,611,132.96633911132812
2021-02-05,MSFT,396,230.93539428710938
2021-02-05,AMZN,465,167.6074981689453
2021-02-05,NVDA,6414,13.521245002746582
2021-02-08,AVGO,2618,42.291358947753906
2021-02-08,AAPL,611,133.1121826171875
2021-02-08,MSFT,396,231.19285583496094
2021-02-08,AMZN,465,166.14700317382812
2021-02-08,NVDA,6414,14.364645957946777
2021-02-09,AVGO,2407,42.464027404785156
2021-02-09,AAPL,660,132.23716735839844
2021-02-09,MSFT,378,232.43243408203125
2021-02-09,AMZN,556,165.25
2021-02-09,NVDA,5825,14.190048217773438
2021-02-10,AVGO,2407,42.054264068603516
2021-02-10,AAPL,660,131.63438415527344
2021-02-10,MSFT,378,231.52662658691406
2021-02-10,AMZN,556,164.32899475097656
2021-02-10,NVDA,5825,14.688474655151367
2021-02-11,AVGO,2407,42.8004264831543
2021-02-11,AAPL,660,131.38157653808594
2021-02-11,MSFT,378,233.1189422607422
2021-02-11,AMZN,556,163.10650634765625
2021-02-11,NVDA,5825,15.172480583190918
2021-02-12,AVGO,2407,43.509918212890625
2021-02-12,AAPL,660,131.61489868164062
2021-02-12,MSFT,378,233.59564208984375
2021-02-12,AMZN,556,163.885498046875
2021-02-12,NVDA,5825,14.884464263916016
2021-02-16,AVGO,2407,43.761322021484375
2021-02-16,AAPL,660,129.49534606933594
2021-02-16,MSFT,378,232.3656768798828
2021-02-16,AMZN,556,163.44749450683594
2021-02-16,NVDA,5825,15.251569747924805
2021-02-17,AVGO,2446,43.16634750366211
2021-02-17,MSFT,391,233.3787078857422
2021-02-17,AMZN,616,165.4320068359375
2021-02-17,NVDA,5607,14.829497337341309
2021-02-17,ADBE,146,491.2300109863281
2021-02-18,AVGO,2446,43.23613357543945
2021-02-18,MSFT,391,232.98684692382812
2021-02-18,AMZN,616,166.4114990234375
2021-02-18,NVDA,5607,14.752894401550293
2021-02-18,ADBE,146,488.3699951171875
2021-02-19,AVGO,2446,43.835575103759766
2021-02-19,MSFT,391,230.2918243408203
2021-02-19,AMZN,616,162.4949951171875
2021-02-19,NVDA,5607,14.849895477294922
2021-02-19,ADBE,146,479.1199951171875
2021-02-22,AVGO,2446,42.61881637573242
2021-02-22,MSFT,391,224.1180877685547
2021-02-22,AMZN,616,159.03700256347656
2021-02-22,NVDA,5607,14.282074928283691
2021-02-22,ADBE,146,467.3299865722656
2021-02-23,AVGO,2487,42.219783782958984
2021-02-23,MSFT,403,222.93304443359375
2021-02-23,AMZN,605,159.72500610351562
2021-02-23,NVDA,5324,14.069419860839844
2021-02-23,AAPL,576,122.36870574951172
2021-02-24,AVGO,2487,43.0232048034668
2021-02-24,MSFT,403,224.15635681152344
2021-02-24,AMZN,605,157.97650146484375
2021-02-24,NVDA,5324,14.424586296081543
2021-02-24,AAPL,576,121.87285614013672
2021-02-25,AVGO,2487,40.90103530883789
2021-02-25,MSFT,403,218.84271240234375
2021-02-25,AMZN,605,152.85800170898438
2021-02-25,NVDA,5324,13.239202499389648
2021-02-25,AAPL,576,117.6337890625
2021-02-26,AVGO,2487,42.038169860839844
2021-02-26,MSFT,403,222.08245849609375
2021-02-26,AMZN,605,154.64649963378906
2021-02-26,NVDA,5324,13.644112586975098
2021-02-26,AAPL,576,117.89631652832031
2021-03-01,AVGO,2487,43.80157470703125
2021-03-01,MSFT,403,226.4404296875
2021-03-01,AMZN,605,157.3070068359375
2021-03-01,NVDA,5324,13.770709037780762
2021-03-01,AAPL,576,124.24516296386719
2021-03-02,AVGO,2182,42.99009704589844
2021-03-02,MSFT,462,223.5064239501953
2021-03-02,AAPL,609,121.64923095703125
2021-03-02,CSCO,2535,38.87659454345703
2021-03-02,GOOG,632,102.81814575195312
2021-03-03,AVGO,2182,41.42889404296875
2021-03-03,MSFT,462,217.47608947753906
2021-03-03,AAPL,609,118.67411041259766
2021-03-03,CSCO,2535,38.543514251708984
2021-03-03,GOOG,632,100.38468933105469
2021-03-04,AVGO,2182,39.686954498291016
2021-03-04,MSFT,462,216.68280029296875
2021-03-04,AAPL,609,116.79766082763672
2021-03-04,CSCO,2535,38.05668640136719
2021-03-04,GOOG,632,101.49317169189453
2021-03-05,AVGO,2182,40.27297592163086
2021-03-05,MSFT,462,221.3370361328125
2021-03-05,AAPL,609,118.05186462402344
2021-03-05,CSCO,2535,39.50004577636719
2021-03-05,GOOG,632,104.43778991699219
2021-03-08,AVGO,2182,37.688236236572266
2021-03-08,MSFT,462,217.3135986328125
2021-03-08,AAPL,609,113.1322250366211
2021-03-08,CSCO,2535,40.57615280151367
2021-03-08,GOOG,632,100.25888061523438
2021-03-09,AVGO,1803,39.687843322753906
2021-03-09,MSFT,472,223.42042541503906
2021-03-09,CSCO,2612,40.90070343017578
2021-03-09,GOOG,719,101.67200469970703
2021-03-09,GOOGL,687,101.0563735961914
2021-03-10,AVGO,1803,39.150146484375
2021-03-10,MSFT,472,222.12071228027344
2021-03-10,CSCO,2612,41.24232864379883
2021-03-10,GOOG,719,101.78741455078125
2021-03-10,GOOGL,687,100.84984588623047
2021-03-11,AVGO,1803,40.590572357177734
2021-03-11,MSFT,472,226.62197875976562
2021-03-11,CSCO,2612,41.67789077758789
2021-03-11,GOOG,719,104.74636840820312
2021-03-11,GOOGL,687,104.0370101928711
2021-03-12,AVGO,1803,40.3651237487793
2021-03-12,MSFT,472,225.30313110351562
2021-03-12,CSCO,2612,41.69496536254883
2021-03-12,GOOG,719,102.1286849975586
2021-03-12,GOOGL,687,101.53382873535156
2021-03-15,AVGO,1803,42.118690490722656
2021-03-15,MSFT,472,224.40475463867188
2021-03-15,CSCO,2612,42.19886779785156
2021-03-15,GOOG,719,102.35503387451172
2021-03-15,GOOGL,687,101.75373077392578
2021-03-16,AVGO,1835,42.781646728515625
2021-03-16,MSFT,433,227.17626953125
2021-03-16,CSCO,2607,42.42091369628906
2021-03-16,GOOG,709,103.64431762695312
2021-03-16,GOOGL,679,103.21237182617188
2021-03-17,AVGO,1835,43.265663146972656
2021-03-17,MSFT,433,226.5359649658203
2021-03-17,CSCO,2607,42.20738983154297
2021-03-17,GOOG,709,103.57298278808594
2021-03-17,GOOGL,679,103.12964630126953
2021-03-18,AVGO,1835,41.52640914916992
2021-03-18,MSFT,433,220.49600219726562
2021-03-18,CSCO,2607,41.67789077758789
2021-03-18,GOOG,709,100.85572052001953
2021-03-18,GOOGL,679,100.11434936523438
2021-03-19,AVGO,1835,42.780643463134766
2021-03-19,MSFT,433,220.14242553710938
2021-03-19,CSCO,2607,41.83161926269531
2021-03-19,GOOG,709,101.20145416259766
2021-03-19,GOOGL,679,100.39269256591797
2021-03-22,AVGO,1835,42.85456848144531
2021-03-22,MSFT,433,225.53250122070312
2021-03-22,CSCO,2607,42.95896530151367
2021-03-22,GOOG,709,100.97310638427734
2021-03-22,GOOGL,679,100.57743835449219
2021-03-23,AVGO,1749,41.8428955078125
2021-03-23,MSFT,458,227.05206298828125
2021-03-23,CSCO,2572,42.71128845214844
2021-03-23,GOOG,727,101.68489074707031
2021-03-23,META,250,287.87286376953125
2021-03-24,AVGO,1749,41.23066329956055
2021-03-24,MSFT,458,225.02598571777344
2021-03-24,CSCO,2572,42.403831481933594
2021-03-24,GOOG,727,101.2935791015625
2021-03-24,META,250,279.46337890625
2021-03-25,AVGO,1749,41.630096435546875
2021-03-25,MSFT,458,222.0442352294922
2021-03-25,CSCO,2572,43.1383171081543
2021-03-25,GOOG,727,101.2589340209961
2021-03-25,META,250,276.09564208984375
2021-03-26,AVGO,1749,43.46409225463867
2021-03-26,MSFT,458,226.0007781982422
2021-03-26,CSCO,2572,44.89767074584961
2021-03-26,GOOG,727,100.8225326538086
2021-03-26,META,250,280.3349914550781
2021-03-29,AVGO,1749,42.61472702026367
2021-03-29,MSFT,458,224.81573486328125
2021-03-29,CSCO,2572,44.854976654052734
2021-03-29,GOOG,727,101.83297729492188
2021-03-29,META,250,288.0610656738281
2021-03-30,AVGO,1,41.130577087402344
2021-03-30,MSFT,450,221.57598876953125
2021-03-30,CSCO,2267,44.21443176269531
2021-03-30,GOOG,801,101.81268310546875
2021-03-30,GOOGL,753,101.3589859008789
2021-03-30,PEP,668,119.50764465332031
2021-03-31,AVGO,1,41.80683898925781
2021-03-31,MSFT,450,225.32225036621094
2021-03-31,CSCO,2267,44.163185119628906
2021-03-31,GOOG,801,102.46102142333984
2021-03-31,GOOGL,753,102.15394592285156
2021-03-31,PEP,668,118.5937728881836
2021-04-01,AVGO,1,42.91498947143555
2021-04-01,MSFT,450,231.6106719970703
2021-04-01,CSCO,2267,44.3937873840332
2021-04-01,GOOG,801,105.88460540771484
2021-04-01,GOOGL,753,105.48523712158203
2021-04-01,PEP,668,118.45123291015625
2021-04-05,AVGO,1,44.044769287109375
2021-04-05,MSFT,450,238.0328826904297
2021-04-05,CSCO,2267,45.08192825317383
2021-04-05,GOOG,801,110.23339080810547
2021-04-05,GOOGL,753,109.90220642089844
2021-04-05,PEP,668,120.02742767333984
2021-04-06,MSFT,427,236.8765106201172
2021-04-06,CSCO,2165,44.75505828857422
2021-04-06,GOOG,823,110.19378662109375
2021-04-06,GOOGL,789,109.42176818847656
2021-04-06,META,274,303.3545837402344
2021-04-07,MSFT,427,238.8260955810547
2021-04-07,CSCO,2165,44.531402587890625
2021-04-07,GOOG,823,111.4285888671875
2021-04-07,GOOGL,789,110.896240234375
2021-04-07,META,274,310.1197204589844
2021-04-08,MSFT,427,242.0276336669922
2021-04-08,CSCO,2165,44.65182876586914
2021-04-08,GOOG,823,112.2092056274414
2021-04-08,GOOGL,789,111.46086883544922
2021-04-08,META,274,310.0503845214844
2021-04-09,MSFT,427,244.51243591308594
2021-04-09,CSCO,2165,44.806663513183594
2021-04-09,GOOG,823,113.22159576416016
2021-04-09,GOOGL,789,112.46333312988281
2021-04-09,META,274,309.4957580566406
2021-04-12,MSFT,427,244.5697784423828
2021-04-12,CSCO,2165,44.359378814697266
2021-04-12,GOOG,823,111.68168640136719
2021-04-12,GOOGL,789,111.17311096191406
2021-04-12,META,274,308.58447265625
2021-04-13,MSFT,436,247.03546142578125
2021-04-13,CSCO,1886,44.43679428100586
2021-04-13,GOOG,773,112.29983520507812
2021-04-13,GOOGL,744,111.65898895263672
2021-04-13,AMZN,620,170.0
2021-04-14,MSFT,436,244.2639617919922
2021-04-14,CSCO,1886,44.18734359741211
2021-04-14,GOOG,773,111.68416595458984
2021-04-14,GOOGL,744,111.03887939453125
2021-04-14,AMZN,620,166.64999389648438
2021-04-15,MSFT,436,248.0006866455078
2021-04-15,CSCO,1886,44.419586181640625
2021-04-15,GOOG,773,113.75555419921875
2021-04-15,GOOGL,744,113.18545532226562
2021-04-15,AMZN,620,168.95449829101562
2021-04-16,MSFT,436,249.185791015625
2021-04-16,CSCO,1886,45.41739273071289
2021-04-16,GOOG,773,113.8100357055664
2021-04-16,GOOGL,744,113.06163787841797
2021-04-16,AMZN,620,169.9720001220703
2021-04-19,MSFT,436,247.27439880371094
2021-04-19,CSCO,1886,45.46039962768555
2021-04-19,GOOG,773,114.03985595703125
2021-04-19,GOOGL,744,113.40882873535156
2021-04-19,AMZN,620,168.60049438476562
2021-04-20,MSFT,414,246.8157196044922
2021-04-20,CSCO,1932,44.54861068725586
2021-04-20,GOOG,804,113.60546875
2021-04-20,GOOGL,770,112.87641143798828
2021-04-20,AAPL,771,129.4176025390625
2021-04-21,MSFT,414,249.0328369140625
2021-04-21,CSCO,1932,44.669036865234375
2021-04-21,GOOG,804,113.588623046875
2021-04-21,GOOGL,770,112.84371948242188
2021-04-21,AAPL,771,129.7967529296875
2021-04-22,MSFT,414,245.77394104003906
2021-04-22,CSCO,1932,44.29916000366211
2021-04-22,GOOG,804,112.33201599121094
2021-04-22,GOOGL,770,111.56438446044922
2021-04-22,AAPL,771,128.28001403808594
2021-04-23,MSFT,414,249.57763671875
2021-04-23,CSCO,1932,44.65182876586914
2021-04-23,GOOG,804,114.67880249023438
2021-04-23,GOOGL,770,113.91255187988281
2021-04-23,AAPL,771,130.59400939941406
2021-04-26,MSFT,414,249.95985412597656
2021-04-26,CSCO,1932,44.419586181640625
2021-04-26,GOOG,804,115.24543762207031
2021-04-26,GOOGL,770,114.40782928466797
2021-04-26,AAPL,771,130.98292541503906
2021-04-27,MSFT,445,250.36123657226562
2021-04-27,GOOG,855,114.27364349365234
2021-04-27,GOOGL,815,113.4692611694336
2021-04-27,COST,241,349.4329528808594
2021-04-27,AMZN,489,170.8715057373047
2021-04-28,MSFT,445,243.2795867919922
2021-04-28,GOOG,855,117.87899017333984
2021-04-28,GOOGL,815,116.84019470214844
2021-04-28,COST,241,348.8477478027344
2021-04-28,AMZN,489,172.9250030517578
2021-04-29,MSFT,445,241.32044982910156
2021-04-29,GOOG,855,120.35454559326172
2021-04-29,GOOGL,815,118.5102767944336
2021-04-29,COST,241,353.3312683105469
2021-04-29,AMZN,489,173.5655059814453
2021-04-30,MSFT,445,241.0050811767578
2021-04-30,GOOG,855,119.37530517578125
2021-04-30,GOOGL,815,116.5657958984375
2021-04-30,COST,241,351.9596862792969
2021-04-30,AMZN,489,173.37100219726562
2021-05-03,MSFT,445,240.69923400878906
2021-05-03,GOOG,855,118.63482666015625
2021-05-03,GOOGL,815,116.04971313476562
2021-05-03,COST,241,358.7986145019531
2021-05-03,AMZN,489,169.32449340820312
2021-05-04,MSFT,415,236.8095703125
2021-05-04,GOOG,812,116.6080322265625
2021-05-04,GOOGL,772,114.25428771972656
2021-05-04,COST,263,354.9866638183594
2021-05-04,AMZN,546,165.593505859375
2021-05-05,MSFT,415,235.54808044433594
2021-05-05,GOOG,812,116.73136138916016
2021-05-05,GOOGL,772,114.64754486083984
2021-05-05,COST,263,352.3475341796875
2021-05-05,AMZN,546,163.52699279785156
2021-05-06,MSFT,415,238.6636505126953
2021-05-06,GOOG,812,117.95030975341797
2021-05-06,GOOGL,772,115.76589965820312
2021-05-06,COST,263,362.0524597167969
2021-05-06,AMZN,546,165.31849670410156
2021-05-07,MSFT,415,241.27267456054688
2021-05-07,GOOG,812,118.80918884277344
2021-05-07,GOOGL,772,116.48802185058594
2021-05-07,COST,263,363.5281066894531
2021-05-07,AMZN,546,164.58050537109375
2021-05-10,MSFT,415,236.2266387939453
2021-05-10,GOOG,812,115.98442077636719
2021-05-10,GOOGL,772,113.50740051269531
2021-05-10,COST,263,360.8416748046875
2021-05-10,AMZN,546,159.52450561523438
2021-05-11,MSFT,337,235.3187713623047
2021-05-11,GOOG,990,114.3548812866211
2021-05-11,GOOGL,919,112.43311309814453
2021-05-11,COST,246,357.7202453613281
2021-05-11,CSCO,1606,45.44319534301758
2021-05-12,MSFT,337,228.40911865234375
2021-05-12,GOOG,990,110.90355682373047
2021-05-12,GOOGL,919,108.97552490234375
2021-05-12,COST,246,352.0638427734375
2021-05-12,CSCO,1606,44.38517379760742
2021-05-13,MSFT,337,232.26052856445312
2021-05-13,GOOG,990,112.03732299804688
2021-05-13,GOOGL,919,110.40145874023438
2021-05-13,COST,246,358.9971923828125
2021-05-13,CSCO,1606,45.1507453918457
2021-05-14,MSFT,337,237.15362548828125
2021-05-14,GOOG,990,114.72140502929688
2021-05-14,GOOGL,919,112.8451919555664
2021-05-14,COST,246,363.6226806640625
2021-05-14,CSCO,1606,45.503421783447266
2021-05-17,MSFT,337,234.31527709960938
2021-05-17,GOOG,990,114.98143768310547
2021-05-17,GOOGL,919,113.36723327636719
2021-05-17,COST,246,363.18756103515625
2021-05-17,CSCO,1606,45.53782653808594
2021-05-18,MSFT,324,232.30828857421875
2021-05-18,GOOG,956,114.09086608886719
2021-05-18,GOOGL,898,112.05719757080078
2021-05-18,COST,272,362.099853515625
2021-05-18,CSCO,1598,45.52922439575195
2021-05-19,MSFT,324,232.88307189941406
2021-05-19,GOOG,956,114.35240173339844
2021-05-19,GOOGL,898,112.50444030761719
2021-05-19,COST,272,359.1201477050781
2021-05-19,CSCO,1598,45.1335334777832
2021-05-20,MSFT,324,236.10154724121094
2021-05-20,GOOG,956,116.69915771484375
2021-05-20,GOOGL,898,114.26022338867188
2021-05-20,COST,272,362.82806396484375
2021-05-20,CSCO,1598,45.46039962768555
2021-05-21,MSFT,324,234.8467559814453
2021-05-21,GOOG,956,116.15483093261719
2021-05-21,GOOGL,898,113.62527465820312
2021-05-21,COST,272,360.12286376953125
2021-05-21,CSCO,1598,45.09912872314453
2021-05-24,MSFT,324,240.22055053710938
2021-05-24,GOOG,956,119.2044448852539
2021-05-24,GOOGL,898,116.93923950195312
2021-05-24,COST,272,362.7051696777344
2021-05-24,CSCO,1598,45.924896240234375
2021-05-25,MSFT,331,241.1209716796875
2021-05-25,GOOG,888,119.32331848144531
2021-05-25,GOOGL,824,117.0298843383789
2021-05-25,COST,278,364.5307922363281
2021-05-25,PEP,697,124.33690643310547
2021-05-26,MSFT,331,240.90061950683594
2021-05-26,GOOG,888,120.53482818603516
2021-05-26,GOOGL,824,117.89366149902344
2021-05-26,COST,278,364.75775146484375
2021-05-26,PEP,697,124.33690643310547
2021-05-27,MSFT,331,238.81239318847656
2021-05-27,GOOG,888,118.99840545654297
2021-05-27,GOOGL,824,117.02047729492188
2021-05-27,COST,278,366.53607177734375
2021-05-27,PEP,697,122.83617401123047
2021-05-28,MSFT,331,239.1668243408203
2021-05-28,GOOG,888,119.44664001464844
2021-05-28,GOOGL,824,116.73172760009766
2021-05-28,COST,278,357.8053894042969
2021-05-28,PEP,697,124.03508758544922
2021-06-01,MSFT,331,236.98284912109375
2021-06-01,GOOG,888,120.35057830810547
2021-06-01,GOOGL,824,117.93675231933594
2021-06-01,COST,278,357.7674865722656
2021-06-01,PEP,697,123.77519226074219
2021-06-02,MSFT,354,236.8870391845703
2021-06-02,GOOG,935,119.92808532714844
2021-06-02,GOOGL,878,117.41224670410156
2021-06-02,COST,252,359.9999084472656
2021-06-02,PEP,632,124.26985931396484
2021-06-03,MSFT,354,235.3639678955078
2021-06-03,GOOG,935,119.10240173339844
2021-06-03,GOOGL,878,116.27257537841797
2021-06-03,COST,252,363.1024475097656
2021-06-03,PEP,632,124.71321105957031
2021-06-04,MSFT,354,240.23007202148438
2021-06-04,GOOG,935,121.43778991699219
2021-06-04,GOOGL,878,118.55040740966797
2021-06-04,COST,252,366.55499267578125
2021-06-04,PEP,632,124.8567886352539
2021-06-07,MSFT,354,243.1229248046875
2021-06-07,GOOG,935,122.1475601196289
2021-06-07,GOOGL,878,118.98279571533203
2021-06-07,COST,252,359.8201599121094
2021-06-07,PEP,632,124.78080749511719
2021-06-08,GOOG,957,122.9776840209961
2021-06-08,GOOGL,915,118.7916030883789
2021-06-08,COST,218,359.15802001953125
2021-06-08,PEP,692,123.61534881591797
2021-06-08,AAPL,681,123.43360900878906
2021-06-09,GOOG,957,123.40119171142578
2021-06-09,GOOGL,915,119.26214599609375
2021-06-09,COST,218,359.40399169921875
2021-06-09,PEP,692,123.38729095458984
2021-06-09,AAPL,681,123.81343078613281
2021-06-10,GOOG,957,124.89702606201172
2021-06-10,GOOGL,915,120.60881042480469
2021-06-10,COST,218,362.2890319824219
2021-06-10,PEP,692,124.65412139892578
2021-06-10,AAPL,681,122.82003784179688
2021-06-11,GOOG,957,124.51712799072266
2021-06-11,GOOGL,915,120.36466217041016
2021-06-11,COST,218,361.1727600097656
2021-06-11,PEP,692,124.73014831542969
2021-06-11,AAPL,681,124.02767944335938
2021-06-14,GOOG,957,125.16647338867188
2021-06-14,GOOGL,915,121.29133605957031
2021-06-14,COST,218,362.9984436035156
2021-06-14,PEP,692,125.47335052490234
2021-06-14,AAPL,681,127.07601165771484
2021-06-15,GOOG,950,124.8504638671875
2021-06-15,GOOGL,918,120.2750015258789
2021-06-15,COST,238,363.1402893066406
2021-06-15,PEP,673,125.48174285888672
2021-06-15,AAPL,647,126.25797271728516
2021-06-16,GOOG,950,124.51712799072266
2021-06-16,GOOGL,918,119.63409423828125
2021-06-16,COST,238,358.8838195800781
2021-06-16,PEP,673,124.23184204101562
2021-06-16,AAPL,647,126.75463104248047
2021-06-17,GOOG,950,125.18529510498047
2021-06-17,GOOGL,918,120.59593963623047
2021-06-17,COST,238,363.9347839355469
2021-06-17,PEP,673,125.43110656738281
2021-06-17,AAPL,647,128.3518829345703
2021-06-18,GOOG,950,124.38932800292969
2021-06-18,GOOGL,918,118.97883605957031
2021-06-18,COST,238,360.27423095703125
2021-06-18,PEP,673,122.81300354003906
2021-06-18,AAPL,647,127.05654907226562
2021-06-21,GOOG,950,125.26850128173828
2021-06-21,GOOGL,918,120.664306640625
2021-06-21,COST,238,365.8739013671875
2021-06-21,PEP,673,123.77579498291016
2021-06-21,AAPL,647,128.8485565185547
2021-06-22,GOOG,965,125.80787658691406
2021-06-22,GOOGL,920,121.17740631103516
2021-06-22,COST,246,370.9627990722656
2021-06-22,AAPL,681,130.48472595214844
2021-06-22,MSFT,290,254.33029174804688
2021-06-23,GOOG,965,125.27494049072266
2021-06-23,GOOGL,920,120.97582244873047
2021-06-23,COST,246,370.7642517089844
2021-06-23,AAPL,681,130.2120361328125
2021-06-23,MSFT,290,254.10037231445312
2021-06-24,GOOG,965,126.08773040771484
2021-06-24,GOOGL,920,121.34532165527344
2021-06-24,COST,246,370.85882568359375
2021-06-24,AAPL,681,129.92959594726562
2021-06-24,MSFT,290,255.46055603027344
2021-06-25,GOOG,965,125.8034439086914
2021-06-25,GOOGL,920,121.35372924804688
2021-06-25,COST,246,373.1668701171875
2021-06-25,AAPL,681,129.63746643066406
2021-06-25,MSFT,290,253.8608856201172
2021-06-28,GOOG,965,125.62959289550781
2021-06-28,GOOGL,920,121.38097381591797
2021-06-28,COST,246,375.0870056152344
2021-06-28,AAPL,681,131.2638702392578
2021-06-28,MSFT,290,257.4051818847656
2021-06-29,GOOG,941,124.83609771728516
2021-06-29,GOOGL,890,121.11995697021484
2021-06-29,COST,274,377.2152404785156
2021-06-29,AAPL,615,132.77342224121094
2021-06-29,PEP,647,124.09671020507812
2021-06-30,GOOG,941,124.14017486572266
2021-06-30,GOOGL,890,120.93869018554688
2021-06-30,COST,274,374.2640686035156
2021-06-30,AAPL,615,133.38699340820312
2021-06-30,PEP,647,125.13548278808594
2021-07-01,GOOG,941,125.18280029296875
2021-07-01,GOOGL,890,121.29033660888672
2021-07-01,COST,274,373.1857604980469
2021-07-01,AAPL,615,133.68887329101562
2021-07-01,PEP,647,125.16084289550781
2021-07-02,GOOG,941,127.5112533569336
2021-07-02,GOOGL,890,124.07683563232422
2021-07-02,COST,274,377.35711669921875
2021-07-02,AAPL,615,136.3087615966797
2021-07-02,PEP,647,125.76045227050781
2021-07-06,GOOG,941,128.55337524414062
2021-07-06,GOOGL,890,125.00052642822266
2021-07-06,COST,274,377.2814636230469
2021-07-06,AAPL,615,138.31494140625
2021-07-06,PEP,647,125.9462890625
2021-07-07,GOOG,977,128.85699462890625
2021-07-07,GOOGL,937,125.28185272216797
2021-07-07,COST,256,382.78662109375
2021-07-07,AAPL,590,140.7984619140625
2021-07-07,PEP,631,126.5036392211914
2021-07-08,GOOG,977,127.9649658203125
2021-07-08,GOOGL,937,123.86532592773438
2021-07-08,COST,256,385.12298583984375
2021-07-08,AAPL,590,139.503173828125
2021-07-08,PEP,631,126.56278228759766
2021-07-09,GOOG,977,128.35873413085938
2021-07-09,GOOGL,937,124.33535766601562
2021-07-09,COST,256,390.06060791015625
2021-07-09,AAPL,590,141.3243865966797
2021-07-09,PEP,631,126.2418212890625
2021-07-12,GOOG,977,129.33895874023438
2021-07-12,GOOGL,937,125.77863311767578
2021-07-12,COST,256,385.8134460449219
2021-07-12,AAPL,590,140.7303009033203
2021-07-12,PEP,631,126.26717376708984
2021-07-13,GOOG,978,129.76541137695312
2021-07-13,GOOGL,954,126.14118194580078
2021-07-13,COST,226,385.0378112792969
2021-07-13,AAPL,628,141.84054565429688
2021-07-13,PEP,630,129.1808624267578
2021-07-14,GOOG,978,130.84320068359375
2021-07-14,GOOGL,954,127.02823638916016
2021-07-14,COST,226,387.771484375
2021-07-14,AAPL,628,145.2589874267578
2021-07-14,PEP,630,130.5151824951172
2021-07-15,GOOG,978,130.03485107421875
2021-07-15,GOOGL,954,125.80785369873047
2021-07-15,COST,226,389.5403137207031
2021-07-15,AAPL,628,144.60643005371094
2021-07-15,PEP,630,131.11483764648438
2021-07-16,GOOG,978,130.60841369628906
2021-07-16,GOOGL,954,125.7731704711914
2021-07-16,COST,226,388.16876220703125
2021-07-16,AAPL,628,142.57095336914062
2021-07-16,PEP,630,131.59628295898438
2021-07-19,GOOG,978,128.04122924804688
2021-07-19,GOOGL,954,123.40372467041016
2021-07-19,COST,226,391.7442932128906
2021-07-19,AAPL,628,138.73377990722656
2021-07-19,PEP,630,131.57933044433594
2021-07-20,GOOG,989,129.8714141845703
2021-07-20,GOOGL,917,125.01986694335938
2021-07-20,COST,237,393.72113037109375
2021-07-20,PEP,684,131.59628295898438
2021-07-20,MSFT,318,267.5588073730469
2021-07-21,GOOG,989,131.35633850097656
2021-07-21,GOOGL,917,126.34672546386719
2021-07-21,COST,237,392.5577392578125
2021-07-21,PEP,684,131.10641479492188
2021-07-21,MSFT,318,269.55133056640625
2021-07-22,GOOG,989,132.0775146484375
2021-07-22,GOOGL,917,127.21099853515625
2021-07-22,COST,237,394.9508361816406
2021-07-22,PEP,684,131.0641632080078
2021-07-22,MSFT,318,274.0916442871094
2021-07-23,GOOG,989,136.5229034423828
2021-07-23,GOOGL,917,131.76119995117188
2021-07-23,COST,237,400.52215576171875
2021-07-23,PEP,684,132.7447967529297
2021-07-23,MSFT,318,277.4730529785156
2021-07-26,GOOG,989,138.33424377441406
2021-07-26,GOOGL,917,132.77159118652344
2021-07-26,COST,237,400.3330078125
2021-07-26,PEP,684,132.65191650390625
2021-07-26,MSFT,318,276.87908935546875
2021-07-27,GOOG,938,135.51296997070312
2021-07-27,GOOGL,878,130.65672302246094
2021-07-27,COST,246,401.3830261230469
2021-07-27,PEP,710,133.38665771484375
2021-07-27,MSFT,338,274.4747619628906
2021-07-28,GOOG,938,135.1018524169922
2021-07-28,GOOGL,878,134.8112030029297
2021-07-28,COST,246,399.377685546875
2021-07-28,PEP,710,132.16209411621094
2021-07-28,MSFT,338,274.1682434082031
2021-07-29,GOOG,938,135.25936889648438
2021-07-29,GOOGL,878,134.4976348876953
2021-07-29,COST,246,403.0262451171875
2021-07-29,PEP,710,132.4323272705078
2021-07-29,MSFT,338,274.4364929199219
2021-07-30,GOOG,938,133.95225524902344
2021-07-30,GOOGL,878,133.45655822753906
2021-07-30,COST,246,407.2338562011719
2021-07-30,PEP,710,132.55056762695312
2021-07-30,MSFT,338,272.9134216308594
2021-08-02,GOOG,938,134.7135467529297
2021-08-02,GOOGL,878,133.5833740234375
2021-08-02,COST,246,406.47576904296875
2021-08-02,PEP,710,132.01849365234375
2021-08-02,MSFT,338,272.8272399902344
2021-08-03,GOOG,985,135.00131225585938
2021-08-03,GOOGL,862,134.35153198242188
2021-08-03,COST,253,412.30401611328125
2021-08-03,PEP,657,132.3140869140625
2021-08-03,MSFT,336,275.0303649902344
2021-08-04,GOOG,985,134.75216674804688
2021-08-04,GOOGL,862,133.85179138183594
2021-08-04,COST,253,412.2755432128906
2021-08-04,PEP,657,130.1013946533203
2021-08-04,MSFT,336,274.446044921875
2021-08-05,GOOG,985,135.65512084960938
2021-08-05,GOOGL,862,134.96717834472656
2021-08-05,COST,253,419.9990539550781
2021-08-05,PEP,657,130.32098388671875
2021-08-05,MSFT,336,277.329345703125
2021-08-06,GOOG,985,135.75022888183594
2021-08-06,GOOGL,862,134.4590301513672
2021-08-06,COST,253,416.62530517578125
2021-08-06,PEP,657,130.33787536621094
2021-08-06,MSFT,336,277.2718505859375
2021-08-09,GOOG,985,136.7071533203125
2021-08-09,GOOGL,862,135.6224822998047
2021-08-09,COST,253,417.4213562011719
2021-08-09,PEP,657,130.35476684570312
2021-08-09,MSFT,336,276.1893615722656
2021-08-10,GOOG,982,136.80078125
2021-08-10,GOOGL,897,135.51748657226562
2021-08-10,COST,237,419.847412109375
2021-08-10,PEP,607,130.4222869873047
2021-08-10,MSFT,335,274.37896728515625
2021-08-11,GOOG,982,136.39761352539062
2021-08-11,GOOGL,897,134.99444580078125
2021-08-11,COST,237,421.0509338378906
2021-08-11,PEP,607,130.93748474121094
2021-08-11,MSFT,335,274.8675231933594
2021-08-12,GOOG,982,137.0910186767578
2021-08-12,GOOGL,897,135.9008026123047
2021-08-12,COST,237,422.0554504394531
2021-08-12,PEP,607,130.9628143310547
2021-08-12,MSFT,335,277.60711669921875
2021-08-13,GOOG,982,137.10739135742188
2021-08-13,GOOGL,897,136.42926025390625
2021-08-13,COST,237,424.3868103027344
2021-08-13,PEP,607,132.18734741210938
2021-08-13,MSFT,335,280.51910400390625
2021-08-16,GOOG,982,137.61256408691406
2021-08-16,GOOGL,897,137.0057830810547
2021-08-16,COST,237,429.16302490234375
2021-08-16,PEP,607,133.4795379638672
2021-08-16,MSFT,335,282.1954345703125
2021-08-17,GOOG,991,136.01222229003906
2021-08-17,GOOGL,825,135.37332153320312
2021-08-17,COST,227,428.6702575683594
2021-08-17,MSFT,365,280.7394104003906
2021-08-17,CSCO,1874,48.514461517333984
2021-08-18,GOOG,991,135.28860473632812
2021-08-18,GOOGL,825,134.1722869873047
2021-08-18,COST,227,422.86102294921875
2021-08-18,MSFT,365,279.02154541015625
2021-08-18,CSCO,1874,47.769554138183594
2021-08-19,GOOG,991,135.62887573242188
2021-08-19,GOOGL,825,134.40109252929688
2021-08-19,COST,227,430.48974609375
2021-08-19,MSFT,365,284.8182373046875
2021-08-19,CSCO,1874,49.60585021972656
2021-08-20,GOOG,991,137.13807678222656
2021-08-20,GOOGL,825,136.1341094970703
2021-08-20,COST,227,434.9722595214844
2021-08-20,MSFT,365,292.1025390625
2021-08-20,CSCO,1874,50.428707122802734
2021-08-23,GOOG,991,139.7755584716797
2021-08-23,GOOGL,825,138.72149658203125
2021-08-23,COST,227,431.1247253417969
2021-08-23,MSFT,365,292.3808898925781
2021-08-23,CSCO,1874,50.70589065551758
2021-08-24,GOOG,995,141.06240844726562
2021-08-24,GOOGL,873,139.92996215820312
2021-08-24,COST,210,428.1490173339844
2021-08-24,MSFT,366,290.4326171875
2021-08-24,CSCO,1650,51.381492614746094
2021-08-25,GOOG,995,141.6087188720703
2021-08-25,GOOGL,873,140.73976135253906
2021-08-25,COST,210,427.61834716796875
2021-08-25,MSFT,366,289.8471984863281
2021-08-25,CSCO,1650,51.40747833251953
2021-08-26,GOOG,995,140.7895050048828
2021-08-26,GOOGL,873,140.10728454589844
2021-08-26,COST,210,425.7987976074219
2021-08-26,MSFT,366,287.0447692871094
2021-08-26,CSCO,1650,51.27757263183594
2021-08-27,GOOG,995,143.19424438476562
2021-08-27,GOOGL,873,142.64663696289062
2021-08-27,COST,210,426.77496337890625
2021-08-27,MSFT,366,287.6494445800781
2021-08-27,CSCO,1650,51.12165832519531
2021-08-30,GOOG,995,144.10458374023438
2021-08-30,GOOGL,873,143.22760009765625
2021-08-30,COST,210,432.0723876953125
2021-08-30,MSFT,366,291.3635559082031
2021-08-30,CSCO,1650,51.21693801879883
2021-08-31,GOOG,982,144.09715270996094
2021-08-31,GOOGL,863,143.3335723876953
2021-08-31,COST,238,431.65533447265625
2021-08-31,MSFT,308,289.7225036621094
2021-08-31,CSCO,1759,51.12165832519531
2021-09-01,GOOG,982,144.47360229492188
2021-09-01,GOOGL,863,143.84669494628906
2021-09-01,COST,238,432.6314697265625
2021-09-01,MSFT,308,289.6744079589844
2021-09-01,CSCO,1759,51.138973236083984
2021-09-02,GOOG,982,142.8657989501953
2021-09-02,GOOGL,863,141.93637084960938
2021-09-02,COST,238,436.8487243652344
2021-09-02,MSFT,308,289.02178955078125
2021-09-02,CSCO,1759,51.56340026855469
2021-09-03,GOOG,982,143.41659545898438
2021-09-03,GOOGL,863,142.3845977783203
2021-09-03,COST,238,438.3459777832031
2021-09-03,MSFT,308,289.0122985839844
2021-09-03,CSCO,1759,51.46812057495117
2021-09-07,GOOG,982,144.1536407470703
2021-09-07,GOOGL,863,142.9205322265625
2021-09-07,COST,238,435.5504150390625
2021-09-07,MSFT,308,288.0909118652344
2021-09-07,CSCO,1759,51.000389099121094
2021-09-08,GOOG,980,143.5240936279297
2021-09-08,GOOGL,835,142.3365936279297
2021-09-08,COST,240,441.3312072753906
2021-09-08,MSFT,347,288.1197204589844
2021-09-08,CSCO,1686,50.827152252197266
2021-09-09,GOOG,980,143.55381774902344
2021-09-09,GOOGL,835,142.18798828125
2021-09-09,COST,240,441.55859375
2021-09-09,MSFT,347,285.27899169921875
2021-09-09,CSCO,1686,50.75785827636719
2021-09-10,GOOG,980,140.5894012451172
2021-09-10,GOOGL,835,139.548095703125
2021-09-10,COST,240,440.8193664550781
2021-09-10,MSFT,347,283.8009033203125
2021-09-10,CSCO,1686,50.14287567138672
2021-09-13,GOOG,980,142.11888122558594
2021-09-13,GOOGL,835,140.9908905029297
2021-09-13,COST,240,435.607177734375
2021-09-13,MSFT,347,285.0293884277344
2021-09-13,CSCO,1686,50.324764251708984
2021-09-14,GOOG,983,142.06045532226562
2021-09-14,GOOGL,813,141.2008819580078
2021-09-14,COST,235,434.4226379394531
2021-09-14,MSFT,373,287.7166442871094
2021-09-14,CSCO,1807,50.125553131103516
2021-09-15,GOOG,983,143.84356689453125
2021-09-15,GOOGL,813,143.068115234375
2021-09-15,COST,235,436.6212158203125
2021-09-15,MSFT,373,292.5440673828125
2021-09-15,CSCO,1807,49.8570442199707
2021-09-16,GOOG,983,143.01889038085938
2021-09-16,GOOGL,813,142.25633239746094
2021-09-16,COST,235,439.0661926269531
2021-09-16,MSFT,373,292.92791748046875
2021-09-16,CSCO,1807,49.65782165527344
2021-09-17,GOOG,983,140.13616943359375
2021-09-17,GOOGL,813,139.4728240966797
2021-09-17,COST,235,435.4650573730469
2021-09-17,MSFT,373,287.7933654785156
2021-09-17,CSCO,1807,49.242061614990234
2021-09-20,GOOG,983,137.71263122558594
2021-09-20,GOOGL,813,137.41192626953125
2021-09-20,COST,235,427.5331115722656
2021-09-20,MSFT,373,282.4477233886719
2021-09-20,CSCO,1807,48.410518646240234
2021-09-21,GOOG,950,138.33619689941406
2021-09-21,GOOGL,841,137.72247314453125
2021-09-21,COST,247,428.4522399902344
2021-09-21,MSFT,349,282.92755126953125
2021-09-21,CSCO,1968,47.86483383178711
2021-09-22,GOOG,950,139.61610412597656
2021-09-22,GOOGL,841,138.9612274169922
2021-09-22,COST,247,428.66070556640625
2021-09-22,MSFT,349,286.5553894042969
2021-09-22,CSCO,1968,48.09003448486328
2021-09-23,GOOG,950,140.4957733154297
2021-09-23,GOOGL,841,139.88491821289062
2021-09-23,COST,247,429.0871887207031
2021-09-23,MSFT,349,287.495849609375
2021-09-23,CSCO,1968,49.10345458984375
2021-09-24,GOOG,950,141.29470825195312
2021-09-24,GOOGL,841,140.87451171875
2021-09-24,COST,247,443.2738342285156
2021-09-24,MSFT,349,287.29437255859375
2021-09-24,CSCO,1968,49.13811111450195
2021-09-27,GOOG,950,140.17333984375
2021-09-27,GOOGL,841,139.74227905273438
2021-09-27,COST,247,436.46014404296875
2021-09-27,MSFT,349,282.3229675292969
2021-09-27,CSCO,1968,48.69635772705078
2021-09-28,GOOG,989,134.90623474121094
2021-09-28,GOOGL,901,134.5496826171875
2021-09-28,MSFT,329,272.10186767578125
2021-09-28,CSCO,2067,48.09003448486328
2021-09-28,AVGO,1954,44.94736862182617
2021-09-29,GOOG,989,133.25881958007812
2021-09-29,GOOGL,901,133.0870819091797
2021-09-29,MSFT,329,272.5625915527344
2021-09-29,CSCO,2067,48.05538558959961
2021-09-29,AVGO,1954,44.80641174316406
2021-09-30,GOOG,989,132.01510620117188
2021-09-30,GOOGL,901,132.41595458984375
2021-09-30,MSFT,329,270.5663146972656
2021-09-30,CSCO,2067,47.145904541015625
2021-09-30,AVGO,1954,44.3899040222168
2021-10-01,GOOG,989,135.18209838867188
2021-10-01,GOOGL,901,135.25595092773438
2021-10-01,MSFT,329,277.4571838378906
2021-10-01,CSCO,2067,47.76089096069336
2021-10-01,AVGO,1954,44.61143493652344
2021-10-04,GOOG,989,132.50990295410156
2021-10-04,GOOGL,901,132.39962768554688
2021-10-04,MSFT,329,271.7083435058594
2021-10-04,CSCO,2067,47.290000915527344
2021-10-04,AVGO,1954,43.56789016723633
2021-10-05,GOOG,966,134.89927673339844
2021-10-05,GOOGL,887,134.7408447265625
2021-10-05,MSFT,305,277.1308898925781
2021-10-05,CSCO,2379,47.69112777709961
2021-10-05,AVGO,1999,44.43476486206055
2021-10-06,GOOG,966,136.06521606445312
2021-10-06,GOOGL,887,136.268310546875
2021-10-06,MSFT,305,281.3056640625
2021-10-06,CSCO,2379,47.037105560302734
2021-10-06,AVGO,1999,44.7423210144043
2021-10-07,GOOG,966,137.87954711914062
2021-10-07,GOOGL,887,137.9126739501953
2021-10-07,MSFT,305,282.9755859375
2021-10-07,CSCO,2379,47.9788932800293
2021-10-07,AVGO,1999,45.21282196044922
2021-10-08,GOOG,966,138.74188232421875
2021-10-08,GOOGL,887,138.4678955078125
2021-10-08,MSFT,305,282.9755859375
2021-10-08,CSCO,2379,48.03122329711914
2021-10-08,AVGO,1999,45.114891052246094
2021-10-11,GOOG,966,137.54470825195312
2021-10-11,GOOGL,887,137.60459899902344
2021-10-11,MSFT,305,282.38055419921875
2021-10-11,CSCO,2379,47.90040969848633
2021-10-11,AVGO,1999,45.068214416503906
2021-10-12,GOOG,967,135.43020629882812
2021-10-12,GOOGL,919,135.16282653808594
2021-10-12,MSFT,305,281.0849304199219
2021-10-12,CSCO,2248,47.3336067199707
2021-10-12,AVGO,2035,44.42193603515625
2021-10-13,GOOG,967,136.6060791015625
2021-10-13,GOOGL,919,136.28518676757812
2021-10-13,MSFT,305,284.3768005371094
2021-10-13,CSCO,2248,47.63008499145508
2021-10-13,AVGO,2035,44.39723205566406
2021-10-14,GOOG,967,140.0851593017578
2021-10-14,GOOGL,919,139.82052612304688
2021-10-14,MSFT,305,290.5574035644531
2021-10-14,CSCO,2248,48.52827835083008
2021-10-14,AVGO,2035,45.54970169067383
2021-10-15,GOOG,967,140.345703125
2021-10-15,GOOGL,919,140.0354766845703
2021-10-15,MSFT,305,291.9586181640625
2021-10-15,CSCO,2248,48.17947006225586
2021-10-15,AVGO,2035,46.066898345947266
2021-10-18,GOOG,967,141.61912536621094
2021-10-18,GOOGL,919,141.43218994140625
2021-10-18,MSFT,305,294.9145812988281
2021-10-18,CSCO,2248,48.12713623046875
2021-10-18,AVGO,2035,46.076961517333984
2021-10-19,GOOG,946,142.47254943847656
2021-10-19,GOOGL,888,141.88685607910156
2021-10-19,MSFT,314,295.8167419433594
2021-10-19,CSCO,2292,48.60675811767578
2021-10-19,AVGO,2090,46.7204704284668
2021-10-20,GOOG,946,141.0787353515625
2021-10-20,GOOGL,888,140.4326934814453
2021-10-20,MSFT,314,295.0297546386719
2021-10-20,CSCO,2292,49.00790023803711
2021-10-20,AVGO,2090,46.628944396972656
2021-10-21,GOOG,946,141.4408416748047
2021-10-21,GOOGL,888,140.54859924316406
2021-10-21,MSFT,314,298.2448425292969
2021-10-21,CSCO,2292,48.56315612792969
2021-10-21,AVGO,2090,47.06466293334961
2021-10-22,GOOG,946,137.32432556152344
2021-10-22,GOOGL,888,136.26980590820312
2021-10-22,MSFT,314,296.70928955078125
2021-10-22,CSCO,2292,48.0573844909668
2021-10-22,AVGO,2090,47.18000793457031
2021-10-25,GOOG,946,137.47091674804688
2021-10-25,GOOGL,888,136.1514434814453
2021-10-25,MSFT,314,295.7207946777344
2021-10-25,CSCO,2292,48.08353805541992
2021-10-25,AVGO,2090,47.7896614074707
2021-10-26,GOOG,886,138.36148071289062
2021-10-26,GOOGL,801,137.995361328125
2021-10-26,MSFT,325,297.6210021972656
2021-10-26,CSCO,2367,48.66779708862305
2021-10-26,AVGO,2371,48.86980438232422
2021-10-27,GOOG,886,145.0536346435547
2021-10-27,GOOGL,801,144.8392333984375
2021-10-27,MSFT,325,310.15509033203125
2021-10-27,CSCO,2367,48.99045181274414
2021-10-27,AVGO,2371,47.88485336303711
2021-10-28,GOOG,886,144.75790405273438
2021-10-28,GOOGL,801,144.4742431640625
2021-10-28,MSFT,325,311.28753662109375
2021-10-28,CSCO,2367,49.04276657104492
2021-10-28,AVGO,2371,48.476192474365234
2021-10-29,GOOG,886,146.87928771972656
2021-10-29,GOOGL,801,146.65052795410156
2021-10-29,MSFT,325,318.2647705078125
2021-10-29,CSCO,2367,48.80732345581055
2021-10-29,AVGO,2371,48.668426513671875
2021-11-01,GOOG,886,142.4250030517578
2021-11-01,GOOGL,801,142.14439392089844
2021-11-01,MSFT,325,316.10528564453125
2021-11-01,CSCO,2367,48.920684814453125
2021-11-01,AVGO,2371,48.33705520629883
2021-11-02,MSFT,321,319.7139892578125
2021-11-02,CSCO,2917,50.24615478515625
2021-11-02,AVGO,2435,49.16273880004883
2021-11-02,COST,218,471.7458190917969
2021-11-02,PEP,803,138.38250732421875
2021-11-03,MSFT,321,320.5489807128906
2021-11-03,CSCO,2917,50.2723274230957
2021-11-03,AVGO,2435,49.64788818359375
2021-11-03,COST,218,476.81451416015625
2021-11-03,PEP,803,139.7090301513672
2021-11-04,MSFT,321,322.890625
2021-11-04,CSCO,2917,49.810150146484375
2021-11-04,AVGO,2435,50.22000503540039
2021-11-04,COST,218,489.42938232421875
2021-11-04,PEP,803,139.71754455566406
2021-11-05,MSFT,321,322.5259094238281
2021-11-05,CSCO,2917,49.766544342041016
2021-11-05,AVGO,2435,51.1628532409668
2021-11-05,COST,218,487.05645751953125
2021-11-05,PEP,803,141.1545867919922
2021-11-08,MSFT,321,323.41851806640625
2021-11-08,CSCO,2917,49.70551681518555
2021-11-08,AVGO,2435,51.16560363769531
2021-11-08,COST,218,478.2193298339844
2021-11-08,PEP,803,138.11892700195312
2021-11-09,MSFT,327,322.4204406738281
2021-11-09,CSCO,2960,50.08919143676758
2021-11-09,AVGO,2446,51.060333251953125
2021-11-09,PEP,762,139.03726196289062
2021-11-09,GOOG,704,147.84815979003906
2021-11-10,MSFT,327,317.477783203125
2021-11-10,CSCO,2960,50.37697219848633
2021-11-10,AVGO,2446,50.23373794555664
2021-11-10,PEP,762,139.4879150390625
2021-11-10,GOOG,704,145.25022888183594
2021-11-11,MSFT,327,319.0421142578125
2021-11-11,CSCO,2960,49.496219635009766
2021-11-11,AVGO,2446,50.84064483642578
2021-11-11,PEP,762,138.3400115966797
2021-11-11,GOOG,704,145.37109375
2021-11-12,MSFT,327,323.1593322753906
2021-11-12,CSCO,2960,49.548545837402344
2021-11-12,AVGO,2446,51.55647277832031
2021-11-12,PEP,762,138.3059539794922
2021-11-12,GOOG,704,148.24142456054688
2021-11-15,MSFT,327,322.5355529785156
2021-11-15,CSCO,2960,49.94095993041992
2021-11-15,AVGO,2446,51.7899055480957
2021-11-15,PEP,762,139.2838592529297
2021-11-15,GOOG,704,147.986328125
2021-11-16,MSFT,358,325.8370361328125
2021-11-16,CSCO,2386,49.70551681518555
2021-11-16,AVGO,2691,52.06450653076172
2021-11-16,GOOG,706,147.67724609375
2021-11-16,COST,229,499.9656677246094
2021-11-17,MSFT,358,326.05810546875
2021-11-17,CSCO,2386,49.496219635009766
2021-11-17,AVGO,2691,52.14414978027344
2021-11-17,GOOG,706,147.66339111328125
2021-11-17,COST,229,499.5573425292969
2021-11-18,MSFT,358,328.12530517578125
2021-11-18,CSCO,2386,46.76677703857422
2021-11-18,AVGO,2691,52.61741256713867
2021-11-18,GOOG,706,149.294921875
2021-11-18,COST,229,502.4809875488281
2021-11-19,MSFT,358,329.8943786621094
2021-11-19,CSCO,2386,46.43541717529297
2021-11-19,AVGO,2691,52.059940338134766
2021-11-19,GOOG,706,148.54554748535156
2021-11-19,COST,229,506.6765441894531
2021-11-22,MSFT,358,326.7408142089844
2021-11-22,CSCO,2386,47.61263656616211
2021-11-22,AVGO,2691,50.64657974243164
2021-11-22,GOOG,706,145.69851684570312
2021-11-22,COST,229,512.2388916015625
2021-11-23,MSFT,407,324.6736145019531
2021-11-23,AVGO,2301,50.81501388549805
2021-11-23,GOOG,699,145.38002014160156
2021-11-23,COST,250,517.5638427734375
2021-11-23,PEP,774,140.516845703125
2021-11-24,MSFT,407,324.894775390625
2021-11-24,AVGO,2301,51.14546585083008
2021-11-24,GOOG,699,145.34088134765625
2021-11-24,COST,250,521.8068237304688
2021-11-24,PEP,774,139.2328338623047
2021-11-26,MSFT,407,316.9817810058594
2021-11-26,AVGO,2301,50.03418731689453
2021-11-26,GOOG,699,141.46609497070312
2021-11-26,COST,250,518.3896484375
2021-11-26,PEP,774,137.02197265625
2021-11-29,MSFT,407,323.66412353515625
2021-11-29,AVGO,2301,51.659000396728516
2021-11-29,GOOG,699,144.74302673339844
2021-11-29,COST,250,526.6951904296875
2021-11-29,PEP,774,139.57298278808594
2021-11-30,MSFT,399,317.8567199707031
2021-11-30,AVGO,2223,50.68319320678711
2021-11-30,GOOG,701,141.1154022216797
2021-11-30,COST,278,511.98260498046875
2021-11-30,PEP,718,135.8655548095703
2021-12-01,MSFT,399,317.3663635253906
2021-12-01,AVGO,2223,50.782066345214844
2021-12-01,GOOG,701,140.28921508789062
2021-12-01,COST,278,502.9271545410156
2021-12-01,PEP,718,136.18865966796875
2021-12-02,MSFT,399,316.7989807128906
2021-12-02,AVGO,2223,50.57059860229492
2021-12-02,GOOG,701,142.42747497558594
2021-12-02,COST,278,498.81707763671875
2021-12-02,PEP,718,137.5027313232422
2021-12-03,MSFT,399,310.56866455078125
2021-12-03,AVGO,2223,51.089622497558594
2021-12-03,GOOG,701,141.1832733154297
2021-12-03,COST,278,502.06341552734375
2021-12-03,PEP,718,141.00408935546875
2021-12-06,MSFT,399,313.62615966796875
2021-12-06,AVGO,2223,51.717586517333984
2021-12-06,GOOG,701,142.44729614257812
2021-12-06,COST,278,506.1164855957031
2021-12-06,PEP,718,142.4679412841797
2021-12-07,MSFT,425,322.01995849609375
2021-12-07,AVGO,2306,54.044498443603516
2021-12-07,COST,272,514.4885864257812
2021-12-07,PEP,699,142.30528259277344
2021-12-07,AAPL,572,167.20767211914062
2021-12-08,MSFT,425,322.0679626464844
2021-12-08,AVGO,2306,53.87607192993164
2021-12-08,COST,272,503.1835021972656
2021-12-08,PEP,699,142.5535888671875
2021-12-08,AAPL,572,171.0172119140625
2021-12-09,MSFT,425,320.2699890136719
2021-12-09,AVGO,2306,53.405555725097656
2021-12-09,COST,272,497.6971435546875
2021-12-09,PEP,699,142.37379455566406
2021-12-09,AAPL,572,170.50927734375
2021-12-10,MSFT,425,329.3464050292969
2021-12-10,AVGO,2306,57.82322311401367
2021-12-10,COST,272,530.4351806640625
2021-12-10,PEP,699,144.65097045898438
2021-12-10,AAPL,572,175.2858123779297
2021-12-13,MSFT,425,326.3272705078125
2021-12-13,AVGO,2306,56.906005859375
2021-12-13,COST,272,528.9164428710938
2021-12-13,PEP,699,145.37002563476562
2021-12-13,AAPL,572,171.66188049316406
2021-12-14,MSFT,441,315.6933898925781
2021-12-14,COST,204,517.6399536132812
2021-12-14,PEP,839,145.01051330566406
2021-12-14,GOOGL,832,142.55052185058594
2021-12-14,GOOG,837,143.6102752685547
2021-12-15,MSFT,441,321.7603454589844
2021-12-15,COST,204,536.7568359375
2021-12-15,PEP,839,146.8767547607422
2021-12-15,GOOGL,832,145.06063842773438
2021-12-15,GOOG,837,145.9857940673828
2021-12-16,MSFT,441,312.3858642578125
2021-12-16,COST,204,524.5594482421875
2021-12-16,PEP,839,147.09080505371094
2021-12-16,GOOGL,832,143.08346557617188
2021-12-16,GOOG,837,143.47950744628906
2021-12-17,MSFT,441,311.3282775878906
2021-12-17,COST,204,519.7945556640625
2021-12-17,PEP,839,144.07737731933594
2021-12-17,GOOGL,832,140.3890838623047
2021-12-17,GOOG,837,141.46310424804688
2021-12-20,MSFT,441,307.58807373046875
2021-12-20,COST,204,520.6962890625
2021-12-20,PEP,839,145.03619384765625
2021-12-20,GOOGL,832,140.272216796875
2021-12-20,GOOG,837,141.0653839111328
2021-12-21,MSFT,372,314.68389892578125
2021-12-21,COST,204,517.725341796875
2021-12-21,PEP,798,144.60818481445312
2021-12-21,GOOGL,924,142.12014770507812
2021-12-21,GOOG,939,142.8673095703125
2021-12-22,MSFT,372,320.3662109375
2021-12-22,COST,204,521.7499389648438
2021-12-22,PEP,798,145.50704956054688
2021-12-22,GOOGL,924,145.03489685058594
2021-12-22,GOOG,939,145.57020568847656
2021-12-23,MSFT,372,321.7987976074219
2021-12-23,COST,204,522.4143676757812
2021-12-23,PEP,798,145.34439086914062
2021-12-23,GOOGL,924,145.5316619873047
2021-12-23,GOOG,939,145.7618865966797
2021-12-27,MSFT,372,329.2598876953125
2021-12-27,COST,204,534.8488159179688
2021-12-27,PEP,798,146.79115295410156
2021-12-27,GOOGL,924,146.51231384277344
2021-12-27,GOOG,939,146.67474365234375
2021-12-28,MSFT,358,328.106201171875
2021-12-28,COST,214,535.95947265625
2021-12-28,PEP,857,147.55300903320312
2021-12-28,GOOGL,889,145.3043212890625
2021-12-28,GOOG,909,145.07391357421875
2021-12-29,MSFT,358,328.7791748046875
2021-12-29,COST,214,538.9306030273438
2021-12-29,PEP,857,148.07530212402344
2021-12-29,GOOGL,889,145.27264404296875
2021-12-29,GOOG,909,145.1298828125
2021-12-30,MSFT,358,326.2504577636719
2021-12-30,COST,214,535.2666015625
2021-12-30,PEP,857,147.8184356689453
2021-12-30,GOOGL,889,144.82241821289062
2021-12-30,GOOG,909,144.63255310058594
2021-12-31,MSFT,358,323.3659973144531
2021-12-31,COST,214,538.8640747070312
2021-12-31,PEP,857,148.708740234375
2021-12-31,GOOGL,889,143.48666381835938
2021-12-31,GOOG,909,143.322021484375
2022-01-03,MSFT,358,321.8564758300781
2022-01-03,COST,214,537.9244384765625
2022-01-03,PEP,857,148.0838165283203
2022-01-03,GOOGL,889,143.62481689453125
2022-01-03,GOOG,909,143.7133026123047
2022-01-04,MSFT,381,316.3375549316406
2022-01-04,COST,193,535.5703735351562
2022-01-04,PEP,847,148.2978515625
2022-01-04,GOOGL,900,143.03839111328125
2022-01-04,GOOG,936,143.06149291992188
2022-01-05,MSFT,381,304.1940612792969
2022-01-05,COST,193,521.9871215820312
2022-01-05,PEP,847,148.80291748046875
2022-01-05,GOOGL,900,136.47628784179688
2022-01-05,GOOG,936,136.3619384765625
2022-01-06,MSFT,381,301.7903137207031
2022-01-06,COST,193,521.8734130859375
2022-01-06,PEP,847,148.83712768554688
2022-01-06,GOOGL,900,136.44906616210938
2022-01-06,GOOG,936,136.26039123535156
2022-01-07,MSFT,381,301.94415283203125
2022-01-07,COST,193,508.94512939453125
2022-01-07,PEP,847,149.0255126953125
2022-01-07,GOOGL,900,135.72547912597656
2022-01-07,GOOG,936,135.71900939941406
2022-01-10,MSFT,381,302.1653137207031
2022-01-10,COST,193,492.4479675292969
2022-01-10,PEP,847,149.10255432128906
2022-01-10,GOOGL,900,137.36239624023438
2022-01-10,GOOG,936,137.2738037109375
2022-01-11,MSFT,381,302.8479919433594
2022-01-11,COST,190,495.5138244628906
2022-01-11,PEP,986,149.0340576171875
2022-01-11,AAPL,493,171.0172119140625
2022-01-11,CSCO,1970,54.70878219604492
2022-01-12,MSFT,381,306.01116943359375
2022-01-12,COST,190,499.0923156738281
2022-01-12,PEP,986,148.87136840820312
2022-01-12,AAPL,493,171.45677185058594
2022-01-12,CSCO,1970,54.4894905090332
2022-01-13,MSFT,381,293.06005859375
2022-01-13,COST,190,490.6254577636719
2022-01-13,PEP,986,149.11106872558594
2022-01-13,AAPL,493,168.19424438476562
2022-01-13,CSCO,1970,53.945648193359375
2022-01-14,MSFT,381,298.2520446777344
2022-01-14,COST,190,477.4409484863281
2022-01-14,PEP,986,150.36094665527344
2022-01-14,AAPL,493,169.05389404296875
2022-01-14,CSCO,1970,53.82284164428711
2022-01-18,MSFT,381,290.99285888671875
2022-01-18,COST,190,463.27886962890625
2022-01-18,PEP,986,148.92279052734375
2022-01-18,AAPL,493,165.85972595214844
2022-01-18,CSCO,1970,52.39306640625
2022-01-19,COST,196,465.2626953125
2022-01-19,PEP,961,149.99288940429688
2022-01-19,AAPL,561,162.37257385253906
2022-01-19,CSCO,2185,51.6650276184082
2022-01-19,AVGO,1041,51.95537567138672
2022-01-20,COST,196,458.2955322265625
2022-01-20,PEP,961,148.90565490722656
2022-01-20,AAPL,561,160.69247436523438
2022-01-20,CSCO,2185,50.945743560791016
2022-01-20,AVGO,1041,50.458351135253906
2022-01-21,COST,196,457.14697265625
2022-01-21,PEP,961,149.1453399658203
2022-01-21,AAPL,561,158.64120483398438
2022-01-21,CSCO,2185,49.717716217041016
2022-01-21,AVGO,1041,49.123470306396484
2022-01-24,COST,196,464.066650390625
2022-01-24,PEP,961,148.38345336914062
2022-01-24,AAPL,561,157.86953735351562
2022-01-24,CSCO,2185,49.91069793701172
2022-01-24,AVGO,1041,49.8927001953125
2022-01-25,COST,209,453.074951171875
2022-01-25,PEP,940,146.6798553466797
2022-01-25,AAPL,315,156.07225036621094
2022-01-25,CSCO,2050,49.21772766113281
2022-01-25,AVGO,869,49.20730972290039
2022-01-26,COST,209,458.9124755859375
2022-01-26,PEP,940,145.13034057617188
2022-01-26,AAPL,315,155.98435974121094
2022-01-26,CSCO,2050,48.533546447753906
2022-01-26,AVGO,869,51.32432556152344
2022-01-27,COST,209,458.0107421875
2022-01-27,PEP,940,144.99339294433594
2022-01-27,AAPL,315,155.5252685546875
2022-01-27,CSCO,2050,47.91075134277344
2022-01-27,AVGO,869,49.9599609375
2022-01-28,COST,209,467.4173583984375
2022-01-28,PEP,940,147.8184356689453
2022-01-28,AAPL,315,166.37741088867188
2022-01-28,CSCO,2050,48.779144287109375
2022-01-28,AVGO,869,51.59885025024414
2022-01-31,COST,209,479.4722900390625
2022-01-31,PEP,940,148.54611206054688
2022-01-31,AAPL,315,170.7241668701172
2022-01-31,CSCO,2050,48.83177947998047
2022-01-31,AVGO,869,53.97381591796875
2022-02-01,COST,216,482.585693359375
2022-02-01,PEP,957,147.53590393066406
2022-02-01,AAPL,422,170.55810546875
2022-02-01,CSCO,1727,48.56863021850586
2022-02-01,AVGO,876,54.60395050048828
2022-02-02,COST,216,495.50433349609375
2022-02-02,PEP,957,150.21548461914062
2022-02-02,AAPL,422,171.7595977783203
2022-02-02,CSCO,1727,49.270362854003906
2022-02-02,AVGO,876,55.59059524536133
2022-02-03,COST,216,496.0177307128906
2022-02-03,PEP,957,150.12985229492188
2022-02-03,AAPL,422,168.88778686523438
2022-02-03,CSCO,1727,48.41950988769531
2022-02-03,AVGO,876,53.510433197021484
2022-02-04,COST,216,494.1164245605469
2022-02-04,PEP,957,147.6643524169922
2022-02-04,AAPL,422,168.60414123535156
2022-02-04,CSCO,1727,48.37565994262695
2022-02-04,AVGO,876,54.36811065673828
2022-02-07,COST,216,490.4280090332031
2022-02-07,PEP,957,147.0821990966797
2022-02-07,AAPL,422,167.8902130126953
2022-02-07,CSCO,1727,48.39319610595703
2022-02-07,AVGO,876,54.135032653808594
2022-02-08,COST,284,495.4283142089844
2022-02-08,PEP,961,147.26199340820312
2022-02-08,AAPL,498,170.99058532714844
2022-02-08,AVGO,1100,55.29487991333008
2022-02-09,COST,284,502.7293701171875
2022-02-09,PEP,961,147.19351196289062
2022-02-09,AAPL,498,172.4087371826172
2022-02-09,AVGO,1100,56.31930160522461
2022-02-10,COST,284,492.8900451660156
2022-02-10,PEP,961,144.13731384277344
2022-02-10,AAPL,498,168.34007263183594
2022-02-10,AVGO,1100,54.478668212890625
2022-02-11,COST,284,484.5150146484375
2022-02-11,PEP,961,144.31707763671875
2022-02-11,AAPL,498,164.9365234375
2022-02-11,AVGO,1100,52.82594680786133
2022-02-14,COST,284,481.5584411621094
2022-02-14,PEP,961,142.70767211914062
2022-02-14,AAPL,498,165.17124938964844
2022-02-14,AVGO,1100,53.30131530761719
2022-02-15,PEP,983,142.07418823242188
2022-02-15,AAPL,655,168.99537658691406
2022-02-15,AVGO,1112,55.5297966003418
2022-02-16,PEP,983,142.365234375
2022-02-16,AAPL,655,168.76063537597656
2022-02-16,AVGO,1112,55.0175895690918
2022-02-17,PEP,983,142.75048828125
2022-02-17,AAPL,655,165.17124938964844
2022-02-17,AVGO,1112,53.34000015258789
2022-02-18,PEP,983,143.5723114013672
2022-02-18,AAPL,655,163.62594604492188
2022-02-18,AVGO,1112,53.43120574951172
2022-02-22,PEP,983,144.1201934814453
2022-02-22,AAPL,655,160.71141052246094
2022-02-22,AVGO,1112,53.19812774658203
2022-02-23,PEP,968,142.69915771484375
2022-02-23,AAPL,541,156.55471801757812
2022-02-23,AVGO,879,52.067771911621094
2022-02-23,CSCO,2320,47.75285720825195
2022-02-24,PEP,968,140.21649169921875
2022-02-24,AAPL,541,159.16610717773438
2022-02-24,AVGO,879,53.43212890625
2022-02-24,CSCO,2320,48.007240295410156
2022-02-25,PEP,968,144.1458740234375
2022-02-25,AAPL,541,161.229736328125
2022-02-25,AVGO,879,54.17003631591797
2022-02-25,CSCO,2320,49.15632629394531
2022-02-28,PEP,968,140.17369079589844
2022-02-28,AAPL,541,161.49378967285156
2022-02-28,AVGO,879,54.11753463745117
2022-02-28,CSCO,2320,48.91949462890625
2022-03-01,PEP,989,138.91525268554688
2022-03-01,AAPL,621,159.61599731445312
2022-03-01,AVGO,959,52.52194595336914
2022-03-01,CSCO,2503,47.91075134277344
2022-03-02,PEP,989,140.84144592285156
2022-03-02,AAPL,621,162.90219116210938
2022-03-02,AVGO,959,53.96460723876953
2022-03-02,CSCO,2503,49.2528190612793
2022-03-03,PEP,989,140.69061279296875
2022-03-03,AAPL,621,162.57945251464844
2022-03-03,AVGO,959,53.30314636230469
2022-03-03,CSCO,2503,49.182640075683594
2022-03-04,PEP,989,142.82762145996094
2022-03-04,AAPL,621,159.58665466308594
2022-03-04,AVGO,959,54.90519332885742
2022-03-04,CSCO,2503,49.56859588623047
2022-03-07,PEP,989,139.9840087890625
2022-03-07,AAPL,621,155.8016357421875
2022-03-07,AVGO,959,52.57537841796875
2022-03-07,CSCO,2503,48.7615966796875
2022-03-08,AVGO,2513,53.05902862548828
2022-03-08,COST,274,497.5292053222656
2022-03-09,AVGO,2513,55.00008773803711
2022-03-09,COST,274,501.6076354980469
2022-03-10,AVGO,2513,54.144248962402344
2022-03-10,COST,274,506.4271545410156
2022-03-11,AVGO,2513,53.23406219482422
2022-03-11,COST,274,501.38885498046875
2022-03-14,AVGO,2513,52.30820846557617
2022-03-14,COST,274,499.991455078125
2022-03-22,COST,260,531.8095092773438
2022-03-23,COST,260,526.6759643554688
2022-03-24,COST,260,530.5641479492188
2022-03-25,COST,260,528.28271484375
2022-03-28,COST,260,537.313720703125
2022-03-29,COST,257,541.8483276367188
2022-03-30,COST,257,548.0179443359375
2022-03-31,COST,257,547.4285888671875
2022-04-01,COST,257,547.1624755859375
2022-04-04,COST,257,546.7440795898438
2022-04-05,COST,255,546.9248046875
2022-04-06,COST,255,555.9271850585938
2022-04-07,COST,255,578.0392456054688
2022-04-08,COST,255,570.4246826171875
2022-04-11,COST,255,555.8133544921875
2022-04-12,COST,251,552.6666259765625
2022-04-13,COST,251,561.91650390625
2022-04-14,COST,251,561.2509765625
2022-04-18,COST,251,553.3890380859375
2022-04-19,COST,251,564.9680786132812
2022-04-20,COST,251,573.742431640625
2022-04-21,COST,251,562.5343017578125
2022-04-22,COST,251,543.4834594726562
2022-04-25,COST,251,540.165771484375
2022-04-26,COST,257,526.4288330078125
2022-04-26,AAPL,406,153.35655212402344
2022-04-26,TSLA,87,292.1400146484375
2022-04-26,AVGO,1093,51.944984436035156
2022-04-26,PEP,922,149.3335418701172
2022-04-27,COST,257,526.733154296875
2022-04-27,AAPL,406,153.131591796875
2022-04-27,TSLA,87,293.836669921875
2022-04-27,AVGO,1093,51.89582824707031
2022-04-27,PEP,922,150.669189453125
2022-04-28,COST,257,535.1312255859375
2022-04-28,AAPL,406,160.04635620117188
2022-04-28,TSLA,87,292.5033264160156
2022-04-28,AVGO,1093,53.69513702392578
2022-04-28,PEP,922,152.95269775390625
2022-04-29,COST,257,506.29901123046875
2022-04-29,AAPL,406,154.1878662109375
2022-04-29,TSLA,87,290.2533264160156
2022-04-29,AVGO,1093,51.418190002441406
2022-04-29,PEP,922,147.9634246826172
2022-05-02,COST,257,503.66143798828125
2022-05-02,AAPL,406,154.49107360839844
2022-05-02,TSLA,87,300.9800109863281
2022-05-02,AVGO,1093,53.454925537109375
2022-05-02,PEP,922,144.55966186523438
2022-05-03,COST,265,502.8330383300781
2022-05-04,COST,265,518.4013671875
2022-05-05,COST,265,492.58740234375
2022-05-06,COST,265,479.29486083984375
2022-05-09,COST,265,474.9814453125
2022-05-10,PEP,888,147.77381896972656
2022-05-11,PEP,888,147.0586395263672
2022-05-12,PEP,888,146.8345947265625
2022-05-13,PEP,888,149.69544982910156
2022-05-16,PEP,888,151.2034149169922
2022-05-17,PEP,881,150.33309936523438
2022-05-17,AVGO,2408,56.40428161621094
2022-05-18,PEP,881,141.01805114746094
2022-05-18,AVGO,2408,52.91883850097656
2022-05-19,PEP,881,138.90687561035156
2022-05-19,AVGO,2408,50.65951156616211
2022-05-20,PEP,881,139.77723693847656
2022-05-20,AVGO,2408,50.37942123413086
2022-05-23,PEP,881,142.69839477539062
2022-05-23,AVGO,2408,48.8184814453125
2022-06-01,AVGO,2337,53.20171356201172
2022-06-01,PEP,879,143.46530151367188
2022-06-02,AVGO,2337,53.491092681884766
2022-06-02,PEP,879,144.62802124023438
2022-06-03,AVGO,2337,52.24642562866211
2022-06-03,PEP,879,143.04014587402344
2022-06-06,AVGO,2337,52.052581787109375
2022-06-06,PEP,879,143.63885498046875
2022-06-07,PEP,875,144.52392578125
2022-06-07,AMD,1205,105.27999877929688
2022-06-08,PEP,875,143.80372619628906
2022-06-08,AMD,1205,101.9000015258789
2022-06-09,PEP,875,141.24398803710938
2022-06-09,AMD,1205,98.80000305175781
2022-06-10,PEP,875,141.01844787597656
2022-06-10,AMD,1205,94.81999969482422
2022-06-13,PEP,875,138.60618591308594
2022-06-13,AMD,1205,86.98999786376953
2022-06-14,PEP,861,135.46514892578125
2022-06-15,PEP,861,136.91419982910156
2022-06-16,PEP,861,136.25473022460938
2022-06-17,PEP,861,136.28079223632812
2022-06-21,PEP,861,139.4478759765625
2022-06-28,PEP,824,142.31130981445312
2022-06-29,PEP,824,144.67141723632812
2022-06-30,PEP,824,144.6106719970703
2022-07-01,PEP,824,146.97950744628906
2022-07-05,PEP,824,146.64976501464844
2022-07-06,PEP,814,148.11614990234375
2022-07-07,PEP,814,147.8211669921875
2022-07-08,PEP,814,149.14007568359375
2022-07-11,PEP,814,147.91659545898438
2022-08-02,AAPL,450,156.72596740722656
2022-08-02,COST,226,518.3709716796875
2022-08-02,TSLA,203,300.586669921875
2022-08-02,MSFT,57,265.3978271484375
2022-08-02,PEP,785,152.27247619628906
2022-08-03,AAPL,450,162.72036743164062
2022-08-03,COST,226,521.7569580078125
2022-08-03,TSLA,203,307.39666748046875
2022-08-03,MSFT,57,272.7856140136719
2022-08-03,PEP,785,153.43516540527344
2022-08-04,AAPL,450,162.40696716308594
2022-08-04,COST,226,518.1992797851562
2022-08-04,TSLA,203,308.6333312988281
2022-08-04,MSFT,57,273.9250183105469
2022-08-04,PEP,785,152.6021728515625
2022-08-05,AAPL,450,162.1813507080078
2022-08-05,COST,226,515.7097778320312
2022-08-05,TSLA,203,288.1700134277344
2022-08-05,MSFT,57,273.21051025390625
2022-08-05,PEP,785,151.45681762695312
2022-08-08,AAPL,450,161.71054077148438
2022-08-08,COST,226,516.883056640625
2022-08-08,TSLA,203,290.42333984375
2022-08-08,MSFT,57,270.70928955078125
2022-08-08,PEP,785,150.8494415283203
2022-08-09,AAPL,495,161.7595977783203
2022-08-09,COST,204,511.0836181640625
2022-08-09,TSLA,180,283.3333435058594
2022-08-09,MSFT,43,272.62139892578125
2022-08-09,PEP,794,151.41342163085938
2022-08-10,AAPL,495,165.99679565429688
2022-08-10,COST,204,514.8991088867188
2022-08-10,TSLA,180,294.3566589355469
2022-08-10,MSFT,43,279.2462158203125
2022-08-10,PEP,794,152.66293334960938
2022-08-11,AAPL,495,165.26121520996094
2022-08-11,COST,204,507.6306457519531
2022-08-11,TSLA,180,286.6300048828125
2022-08-11,MSFT,43,277.1795959472656
2022-08-11,PEP,794,151.88197326660156
2022-08-12,AAPL,495,168.802001953125
2022-08-12,COST,204,512.4096069335938
2022-08-12,TSLA,180,300.0299987792969
2022-08-12,MSFT,43,281.9019470214844
2022-08-12,PEP,794,153.8690185546875
2022-08-15,AAPL,495,169.87110900878906
2022-08-15,COST,204,520.5552368164062
2022-08-15,TSLA,180,309.32000732421875
2022-08-15,MSFT,43,283.4084167480469
2022-08-15,PEP,794,155.56103515625
2022-08-16,AAPL,563,169.7141876220703
2022-08-16,COST,171,527.48974609375
2022-08-16,TSLA,179,306.5633239746094
2022-08-16,MSFT,102,282.6744384765625
2022-08-16,PEP,794,156.46347045898438
2022-08-17,AAPL,563,171.2050323486328
2022-08-17,COST,171,530.6373901367188
2022-08-17,TSLA,179,303.9966735839844
2022-08-17,MSFT,102,281.9292297363281
2022-08-17,PEP,794,156.3766632080078
2022-08-18,AAPL,563,170.8126983642578
2022-08-18,COST,171,535.0631103515625
2022-08-18,TSLA,179,302.8699951171875
2022-08-18,MSFT,102,280.8164367675781
2022-08-18,PEP,794,156.53282165527344
2022-08-19,AAPL,563,168.2330780029297
2022-08-19,COST,171,528.9298706054688
2022-08-19,TSLA,179,296.6666564941406
2022-08-19,MSFT,102,276.926025390625
2022-08-19,PEP,794,156.3332977294922
2022-08-22,AAPL,563,164.3587646484375
2022-08-22,COST,171,520.2881469726562
2022-08-22,TSLA,179,289.913330078125
2022-08-22,MSFT,102,268.7967224121094
2022-08-22,PEP,794,154.84083557128906
2022-08-23,AAPL,446,164.0253143310547
2022-08-23,COST,206,517.045166015625
2022-08-23,TSLA,163,296.4533386230469
2022-08-23,PEP,786,154.7714385986328
2022-08-24,AAPL,446,164.31956481933594
2022-08-24,COST,206,518.14208984375
2022-08-24,TSLA,163,297.0966796875
2022-08-24,PEP,786,155.54368591308594
2022-08-25,AAPL,446,166.77166748046875
2022-08-25,COST,206,525.3436279296875
2022-08-25,TSLA,163,296.07000732421875
2022-08-25,PEP,786,155.55235290527344
2022-08-26,AAPL,446,160.48452758789062
2022-08-26,COST,206,507.2684631347656
2022-08-26,TSLA,163,288.0899963378906
2022-08-26,PEP,786,151.88197326660156
2022-08-29,AAPL,446,158.28744506835938
2022-08-29,COST,206,506.5433654785156
2022-08-29,TSLA,163,284.82000732421875
2022-08-29,PEP,786,151.40476989746094
2022-08-30,AAPL,378,155.86477661132812
2022-08-30,COST,225,499.94287109375
2022-08-30,TSLA,164,277.70001220703125
2022-08-30,PEP,789,150.1032257080078
2022-08-31,AAPL,378,154.2071533203125
2022-08-31,COST,225,497.9970703125
2022-08-31,TSLA,164,275.6099853515625
2022-08-31,PEP,789,149.47848510742188
2022-09-01,AAPL,378,154.93301391601562
2022-09-01,COST,225,504.7406921386719
2022-09-01,TSLA,164,277.1600036621094
2022-09-01,PEP,789,150.9897003173828
2022-09-02,AAPL,378,152.82415771484375
2022-09-02,COST,225,495.14508056640625
2022-09-02,TSLA,164,270.2099914550781
2022-09-02,PEP,789,149.07666015625
2022-09-06,AAPL,378,151.56866455078125
2022-09-06,COST,225,494.94482421875
2022-09-06,TSLA,164,274.4200134277344
2022-09-06,PEP,789,148.07208251953125
2022-09-07,AAPL,201,152.9713134765625
2022-09-07,COST,235,505.1889953613281
2022-09-07,TSLA,197,283.70001220703125
2022-09-07,PEP,785,151.33908081054688
2022-09-08,AAPL,201,151.5000457763672
2022-09-08,COST,235,504.6929931640625
2022-09-08,TSLA,197,289.260009765625
2022-09-08,PEP,785,150.8324432373047
2022-09-09,AAPL,201,154.35426330566406
2022-09-09,COST,235,511.80853271484375
2022-09-09,TSLA,197,299.67999267578125
2022-09-09,PEP,785,151.31288146972656
2022-09-12,AAPL,201,160.29811096191406
2022-09-12,COST,235,514.6129150390625
2022-09-12,TSLA,197,304.4200134277344
2022-09-12,PEP,785,151.9068603515625
2022-09-13,AAPL,417,150.89190673828125
2022-09-13,COST,235,486.7417907714844
2022-09-13,TSLA,178,292.1300048828125
2022-09-13,PEP,790,146.23768615722656
2022-09-14,AAPL,417,152.33375549316406
2022-09-14,COST,235,484.5479736328125
2022-09-14,TSLA,178,302.6099853515625
2022-09-14,PEP,790,147.34703063964844
2022-09-15,AAPL,417,149.45008850097656
2022-09-15,COST,235,480.2557678222656
2022-09-15,TSLA,178,303.75
2022-09-15,PEP,790,144.9011688232422
2022-09-16,AAPL,417,147.8120880126953
2022-09-16,COST,235,480.86614990234375
2022-09-16,TSLA,178,303.3500061035156
2022-09-16,PEP,790,145.8533172607422
2022-09-19,AAPL,417,151.51968383789062
2022-09-19,COST,235,483.18402099609375
2022-09-19,TSLA,178,309.07000732421875
2022-09-19,PEP,790,147.3907012939453
2022-09-20,AAPL,369,153.8932647705078
2022-09-20,COST,203,476.4594421386719
2022-09-20,TSLA,234,308.7300109863281
2022-09-20,PEP,796,147.5567169189453
2022-09-20,AVGO,804,46.10911178588867
2022-09-21,AAPL,369,150.77423095703125
2022-09-21,COST,203,470.3072814941406
2022-09-21,TSLA,234,300.79998779296875
2022-09-21,PEP,796,147.13742065429688
2022-09-21,AVGO,804,45.46598815917969
2022-09-22,AAPL,369,149.81297302246094
2022-09-22,COST,203,464.6796569824219
2022-09-22,TSLA,234,288.5899963378906
2022-09-22,PEP,796,147.2771759033203
2022-09-22,AVGO,804,45.03880310058594
2022-09-23,AAPL,369,147.54722595214844
2022-09-23,COST,203,444.868408203125
2022-09-23,TSLA,234,275.3299865722656
2022-09-23,PEP,796,147.207275390625
2022-09-23,AVGO,804,44.19670486450195
2022-09-26,AAPL,369,147.88075256347656
2022-09-26,COST,203,458.1268005371094
2022-09-26,TSLA,234,276.010009765625
2022-09-26,PEP,796,147.14613342285156
2022-09-26,AVGO,804,43.5912971496582
2022-09-27,AAPL,398,148.85179138183594
2022-09-27,TSLA,261,282.94000244140625
2022-09-27,PEP,777,145.01475524902344
2022-09-28,AAPL,398,146.96856689453125
2022-09-28,TSLA,261,287.80999755859375
2022-09-28,PEP,777,147.33828735351562
2022-09-29,AAPL,398,139.7495880126953
2022-09-29,TSLA,261,268.2099914550781
2022-09-29,PEP,777,145.53883361816406
2022-09-30,AAPL,398,135.55162048339844
2022-09-30,TSLA,261,265.25
2022-09-30,PEP,777,142.61248779296875
2022-10-03,AAPL,398,139.72019958496094
2022-10-03,TSLA,261,242.39999389648438
2022-10-03,PEP,777,144.350830078125
2022-10-04,AAPL,780,143.3002166748047
2022-10-04,TSLA,442,249.44000244140625
2022-10-05,AAPL,780,143.59449768066406
2022-10-05,TSLA,442,240.80999755859375
2022-10-06,AAPL,780,142.64306640625
2022-10-06,TSLA,442,238.1300048828125
2022-10-07,AAPL,780,137.4053955078125
2022-10-07,TSLA,442,223.07000732421875
2022-10-10,AAPL,780,137.7290802001953
2022-10-10,TSLA,442,222.9600067138672
2022-10-18,PEP,698,152.92018127441406
2022-10-19,PEP,698,151.43519592285156
2022-10-20,PEP,698,149.77549743652344
2022-10-21,PEP,698,151.17312622070312
2022-10-24,PEP,698,155.20883178710938
2022-10-25,PEP,690,155.72421264648438
2022-10-26,PEP,690,156.4230499267578
2022-10-27,PEP,690,156.257080078125
2022-10-28,PEP,690,159.18338012695312
2022-10-31,PEP,690,158.61558532714844
2022-11-01,PEP,682,157.89930725097656
2022-11-02,PEP,682,155.697998046875
2022-11-03,PEP,682,155.29615783691406
2022-11-04,PEP,682,156.16969299316406
2022-11-07,PEP,682,157.41885375976562
2022-11-08,PEP,682,157.8556365966797
2022-11-09,PEP,682,155.96881103515625
2022-11-10,PEP,682,158.72039794921875
2022-11-11,PEP,682,155.53201293945312
2022-11-14,PEP,682,154.37896728515625
2022-11-22,PEP,660,161.46331787109375
2022-11-23,PEP,660,161.67294311523438
2022-11-25,PEP,660,160.8256378173828
2022-11-28,PEP,660,160.63343811035156
2022-11-29,PEP,667,159.4978485107422
2022-11-29,COST,62,505.451171875
2022-11-29,AVGO,756,49.167274475097656
2022-11-30,PEP,667,162.04855346679688
2022-11-30,COST,62,515.2838134765625
2022-11-30,AVGO,756,51.96233367919922
2022-12-01,PEP,667,163.40219116210938
2022-12-01,COST,62,481.4666442871094
2022-12-01,AVGO,756,51.93593215942383
2022-12-02,PEP,667,163.21763610839844
2022-12-02,COST,62,472.5513610839844
2022-12-02,AVGO,756,50.997650146484375
2022-12-05,PEP,667,160.9586181640625
2022-12-05,COST,62,466.9422607421875
2022-12-05,AVGO,756,50.03955078125
2022-12-06,PEP,661,159.64894104003906
2022-12-06,AVGO,822,49.58502960205078
2022-12-07,PEP,661,160.13238525390625
2022-12-07,AVGO,822,48.894744873046875
2022-12-08,PEP,661,161.53875732421875
2022-12-08,AVGO,822,50.0810546875
2022-12-09,PEP,661,160.94105529785156
2022-12-09,AVGO,822,51.3672981262207
2022-12-12,PEP,661,161.7057647705078
2022-12-12,AVGO,822,52.49041748046875
2022-12-13,PEP,659,161.61785888671875
2022-12-14,PEP,659,161.1696014404297
2022-12-15,PEP,659,158.43594360351562
2022-12-16,PEP,659,158.5150604248047
2022-12-19,PEP,659,159.39404296875
2022-12-20,PEP,670,159.29734802246094
2022-12-21,PEP,670,160.4136505126953
2022-12-22,PEP,670,159.17430114746094
2022-12-23,PEP,670,160.20269775390625
2022-12-27,PEP,670,160.91470336914062
2022-12-28,PEP,665,159.7544403076172
2022-12-29,PEP,665,159.95660400390625
2022-12-30,PEP,665,158.79632568359375
2023-01-03,PEP,665,157.6976318359375
2023-01-04,PEP,677,157.31085205078125
2023-01-05,PEP,677,155.66720581054688
2023-01-06,PEP,677,159.18309020996094
2023-01-09,PEP,677,157.62728881835938
2023-01-10,PEP,679,156.32643127441406
2023-01-10,AVGO,65,54.668479919433594
2023-01-11,PEP,679,156.502197265625
2023-01-11,AVGO,65,54.973716735839844
2023-01-12,PEP,679,154.50694274902344
2023-01-12,AVGO,65,55.33504867553711
2023-01-13,PEP,679,154.0322723388672
2023-01-13,AVGO,65,55.05549240112305
2023-01-17,PEP,679,154.75303649902344
2023-01-17,AVGO,65,55.07831573486328
2023-01-18,PEP,689,150.85035705566406
2023-01-18,AVGO,1495,54.607627868652344
2023-01-19,PEP,689,149.1011962890625
2023-01-19,AVGO,1495,53.55500793457031
2023-01-20,PEP,689,149.3209686279297
2023-01-20,AVGO,1495,54.27387237548828
2023-01-23,PEP,689,148.6529083251953
2023-01-23,AVGO,1495,55.30556869506836
2023-01-24,AVGO,1912,55.62886428833008
2023-01-24,COST,223,470.2388610839844
2023-01-25,AVGO,1912,55.690673828125
2023-01-25,COST,223,469.0636291503906
2023-01-26,AVGO,1912,56.917301177978516
2023-01-26,COST,223,476.15380859375
2023-01-27,AVGO,1912,56.195587158203125
2023-01-27,COST,223,480.9220275878906
2023-01-30,AVGO,1912,55.28847122192383
2023-01-30,COST,223,480.91241455078125
2023-01-31,AVGO,1914,55.62696075439453
2023-01-31,COST,221,488.42315673828125
2023-01-31,NVDA,1206,19.471900939941406
2023-01-31,NFLX,2212,35.38600158691406
2023-02-01,AVGO,1914,57.313812255859375
2023-02-01,COST,221,494.89227294921875
2023-02-01,NVDA,1206,20.87321662902832
2023-02-01,NFLX,2212,36.19900131225586
2023-02-02,AVGO,1914,57.60097885131836
2023-02-02,COST,221,501.0375061035156
2023-02-02,NVDA,1206,21.636659622192383
2023-02-02,NFLX,2212,36.68899917602539
2023-02-03,AVGO,1914,56.826011657714844
2023-02-03,COST,221,492.77685546875
2023-02-03,NVDA,1206,21.02968978881836
2023-02-03,NFLX,2212,36.59000015258789
2023-02-06,AVGO,1914,57.175933837890625
2023-02-06,COST,221,493.5330810546875
2023-02-06,NVDA,1206,21.018726348876953
2023-02-06,NFLX,2212,36.14799880981445
2023-02-07,AVGO,1899,58.42633056640625
2023-02-07,COST,204,494.432861328125
2023-02-07,NVDA,1639,22.09911346435547
2023-02-07,NFLX,2438,36.29499816894531
2023-02-08,AVGO,1899,57.21492004394531
2023-02-08,COST,204,482.2569580078125
2023-02-08,NVDA,1639,22.131010055541992
2023-02-08,NFLX,2438,36.68299865722656
2023-02-09,AVGO,1899,56.99623107910156
2023-02-09,COST,204,479.21307373046875
2023-02-09,NVDA,1639,22.26256561279297
2023-02-09,NFLX,2438,36.25
2023-02-10,AVGO,1899,56.410484313964844
2023-02-10,COST,204,478.60040283203125
2023-02-10,NVDA,1639,21.194137573242188
2023-02-10,NFLX,2438,34.736000061035156
2023-02-13,AVGO,1899,57.1588134765625
2023-02-13,COST,204,484.7840270996094
2023-02-13,NVDA,1639,21.715396881103516
2023-02-13,NFLX,2438,35.856998443603516
2023-02-14,AVGO,1908,57.27197265625
2023-02-14,NVDA,1065,22.89445686340332
2023-02-14,NFLX,3007,35.99599838256836
2023-02-15,AVGO,1908,57.783546447753906
2023-02-15,NVDA,1065,22.68814468383789
2023-02-15,NFLX,3007,36.141998291015625
2023-02-16,AVGO,1908,57.103668212890625
2023-02-16,NVDA,1065,21.928686141967773
2023-02-16,NFLX,3007,35.07099914550781
2023-02-17,AVGO,1908,56.63298797607422
2023-02-17,NVDA,1065,21.316728591918945
2023-02-17,NFLX,3007,34.79600143432617
2023-02-21,AVGO,1908,55.2970085144043
2023-02-21,NVDA,1065,20.586170196533203
2023-02-21,NFLX,3007,33.75
2023-02-22,AVGO,1907,54.78638458251953
2023-02-22,NVDA,866,20.684837341308594
2023-02-22,NFLX,3127,33.487998962402344
2023-02-22,META,35,169.4966278076172
2023-02-23,AVGO,1907,55.511905670166016
2023-02-23,NVDA,866,23.585147857666016
2023-02-23,NFLX,3127,32.3650016784668
2023-02-23,META,35,170.40786743164062
2023-02-24,AVGO,1907,54.93663024902344
2023-02-24,NVDA,866,23.208398818969727
2023-02-24,NFLX,3127,31.71500015258789
2023-02-24,META,35,168.77354431152344
2023-02-27,AVGO,1907,55.66880798339844
2023-02-27,NVDA,866,23.422685623168945
2023-02-27,NFLX,3127,32.303001403808594
2023-02-27,META,35,167.9315948486328
2023-02-28,AVGO,1890,56.509376525878906
2023-02-28,NVDA,4516,23.13863754272461
2023-02-28,NFLX,1216,32.2130012512207
2023-03-01,AVGO,1890,56.4409065246582
2023-03-01,NVDA,4516,22.622365951538086
2023-03-01,NFLX,1216,31.347999572753906
2023-03-02,AVGO,1890,56.92395782470703
2023-03-02,NVDA,4516,23.236310958862305
2023-03-02,NFLX,1216,31.187999725341797
2023-03-03,AVGO,1890,60.16738510131836
2023-03-03,NVDA,4516,23.810386657714844
2023-03-03,NFLX,1216,31.51799964904785
2023-03-06,AVGO,1890,60.182594299316406
2023-03-06,NVDA,4516,23.47551155090332
2023-03-06,NFLX,1216,31.202999114990234
2023-03-07,AVGO,1779,59.443763732910156
2023-03-07,NVDA,3078,23.214336395263672
2023-03-07,META,212,182.7595977783203
2023-03-08,AVGO,1779,60.11983871459961
2023-03-08,NVDA,3078,24.10451316833496
2023-03-08,META,212,183.21524047851562
2023-03-09,AVGO,1779,59.19368362426758
2023-03-09,NVDA,3078,23.36186981201172
2023-03-09,META,212,179.96633911132812
2023-03-10,AVGO,1779,58.46247100830078
2023-03-10,NVDA,3078,22.89236068725586
2023-03-10,META,212,177.8070526123047
2023-03-13,AVGO,1779,58.618408203125
2023-03-13,NVDA,3078,22.893360137939453
2023-03-13,META,212,179.183837890625
2023-03-14,AVGO,1799,60.13884735107422
2023-03-14,NVDA,3610,23.986892700195312
2023-03-14,META,269,192.17938232421875
2023-03-14,AAPL,186,150.14303588867188
2023-03-15,AVGO,1799,59.52839279174805
2023-03-15,NVDA,3610,24.151369094848633
2023-03-15,META,269,195.8739776611328
2023-03-15,AAPL,186,150.53663635253906
2023-03-16,AVGO,1799,60.523006439208984
2023-03-16,NVDA,3610,25.4602108001709
2023-03-16,META,269,202.98587036132812
2023-03-16,AAPL,186,153.35076904296875
2023-03-17,AVGO,1799,59.997169494628906
2023-03-17,NVDA,3610,25.643634796142578
2023-03-17,META,269,193.7542724609375
2023-03-17,AAPL,186,152.51438903808594
2023-03-20,AVGO,1799,61.208580017089844
2023-03-20,NVDA,3610,25.81807518005371
2023-03-20,META,269,195.93341064453125
2023-03-20,AAPL,186,154.8759002685547
2023-03-21,AVGO,1809,60.98256301879883
2023-03-21,NVDA,2789,26.116134643554688
2023-03-21,META,224,200.24212646484375
2023-03-21,AAPL,459,156.7257843017578
2023-03-21,NFLX,612,30.57900047302246
2023-03-22,AVGO,1809,60.42421340942383
2023-03-22,NVDA,2789,26.384286880493164
2023-03-22,META,224,197.91444396972656
2023-03-22,AAPL,459,155.2989959716797
2023-03-22,NFLX,612,29.389999389648438
2023-03-23,AVGO,1809,61.22007369995117
2023-03-23,NVDA,2789,27.104997634887695
2023-03-23,META,224,202.34201049804688
2023-03-23,AAPL,459,156.38136291503906
2023-03-23,NFLX,612,32.0369987487793
2023-03-24,AVGO,1809,60.9270133972168
2023-03-24,NVDA,2789,26.694297790527344
2023-03-24,META,224,204.05560302734375
2023-03-24,AAPL,459,157.6802215576172
2023-03-24,NFLX,612,32.8390007019043
2023-03-27,AVGO,1809,60.03346633911133
2023-03-27,NVDA,2789,26.447080612182617
2023-03-27,META,224,200.91571044921875
2023-03-27,AAPL,459,155.74179077148438
2023-03-27,NFLX,612,32.76599884033203
2023-03-28,AVGO,1854,59.828514099121094
2023-03-28,NVDA,2583,26.326465606689453
2023-03-28,META,295,198.7761688232422
2023-03-28,NFLX,2624,32.35200119018555
2023-03-29,AVGO,1854,59.90513229370117
2023-03-29,NVDA,2583,26.898649215698242
2023-03-29,META,295,203.40188598632812
2023-03-29,NFLX,2624,33.202999114990234
2023-03-30,AVGO,1854,60.69524383544922
2023-03-30,NVDA,2583,27.296384811401367
2023-03-30,META,295,205.86825561523438
2023-03-30,NFLX,2624,33.84299850463867
2023-03-31,AVGO,1854,61.44131088256836
2023-03-31,NVDA,2583,27.68914031982422
2023-03-31,META,295,209.92935180664062
2023-03-31,NFLX,2624,34.54800033569336
2023-04-03,AVGO,1854,61.530372619628906
2023-04-03,NVDA,2583,27.876548767089844
2023-04-03,META,295,211.04867553710938
2023-04-03,NFLX,2624,34.827999114990234
2023-04-04,AVGO,1276,60.758460998535156
2023-04-04,NVDA,1213,27.36616325378418
2023-04-04,META,101,212.6829833984375
2023-04-04,NFLX,1244,34.67499923706055
2023-04-04,PEP,715,160.92251586914062
2023-04-05,AVGO,1276,60.24129104614258
2023-04-05,NVDA,1213,26.795976638793945
2023-04-05,META,101,209.47372436523438
2023-04-05,NFLX,1244,34.23500061035156
2023-04-05,PEP,715,162.50650024414062
2023-04-06,AVGO,1276,59.631221771240234
2023-04-06,NVDA,1213,26.951480865478516
2023-04-06,META,101,214.04991149902344
2023-04-06,NFLX,1244,33.93299865722656
2023-04-06,PEP,715,163.1436004638672
2023-04-10,AVGO,1276,60.08613586425781
2023-04-10,NVDA,1213,27.49176788330078
2023-04-10,META,101,212.71270751953125
2023-04-10,NFLX,1244,33.89899826049805
2023-04-10,PEP,715,162.11712646484375
2023-04-11,AVGO,1833,59.52874755859375
2023-04-11,NVDA,1740,27.08306884765625
2023-04-11,META,97,211.82125854492188
2023-04-11,NFLX,1165,33.82099914550781
2023-04-11,PEP,708,161.8693389892578
2023-04-12,AVGO,1833,59.06233596801758
2023-04-12,NVDA,1740,26.411195755004883
2023-04-12,META,97,211.96983337402344
2023-04-12,NFLX,1165,33.10300064086914
2023-04-12,PEP,708,161.55075073242188
2023-04-13,AVGO,1833,59.78445053100586
2023-04-13,NVDA,1740,26.379297256469727
2023-04-13,META,97,218.2595977783203
2023-04-13,NFLX,1165,34.61899948120117
2023-04-13,PEP,708,163.1613006591797
2023-04-14,AVGO,1833,59.33433151245117
2023-04-14,NVDA,1740,26.67336082458496
2023-04-14,META,97,219.38877868652344
2023-04-14,NFLX,1165,33.862998962402344
2023-04-14,PEP,708,162.3914031982422
2023-04-17,AVGO,1833,60.08327102661133
2023-04-17,NVDA,1740,26.916593551635742
2023-04-17,META,97,216.7837371826172
2023-04-17,NFLX,1165,33.27199935913086
2023-04-17,PEP,708,163.22328186035156
2023-04-18,AVGO,1796,60.558292388916016
2023-04-18,NVDA,1912,27.57948875427246
2023-04-18,META,1,215.82290649414062
2023-04-18,PEP,703,163.55953979492188
2023-04-18,MSFT,122,280.5618591308594
2023-04-18,CSCO,778,45.95286178588867
2023-04-19,AVGO,1796,60.76707458496094
2023-04-19,NVDA,1912,27.842653274536133
2023-04-19,META,1,213.6536865234375
2023-04-19,PEP,703,163.46217346191406
2023-04-19,MSFT,122,280.6396789550781
2023-04-19,CSCO,778,43.879451751708984
2023-04-20,AVGO,1796,60.625335693359375
2023-04-20,NVDA,1912,27.018266677856445
2023-04-20,META,1,211.04867553710938
2023-04-20,PEP,703,164.00196838378906
2023-04-20,MSFT,122,278.3630065917969
2023-04-20,CSCO,778,42.545902252197266
2023-04-21,AVGO,1796,60.613834381103516
2023-04-21,NVDA,1912,27.03322410583496
2023-04-21,META,1,210.87037658691406
2023-04-21,PEP,703,164.0727996826172
2023-04-21,MSFT,122,278.0225830078125
2023-04-21,CSCO,778,42.95692443847656
2023-04-24,AVGO,1796,60.77090072631836
2023-04-24,NVDA,1912,26.956464767456055
2023-04-24,META,1,210.77130126953125
2023-04-24,PEP,703,164.1524200439453
2023-04-24,MSFT,122,274.1405944824219
2023-04-24,CSCO,778,43.28575134277344
2023-04-25,AVGO,1691,59.571842193603516
2023-04-25,NVDA,2348,26.15799903869629
2023-04-25,PEP,692,167.8779296875
2023-04-25,MSFT,112,267.96246337890625
2023-04-25,CSCO,1,43.011722564697266
2023-04-25,AAPL,232,161.14376831054688
2023-04-26,AVGO,1691,59.01350021362305
2023-04-26,NVDA,2348,26.87073516845703
2023-04-26,PEP,692,166.84259033203125
2023-04-26,MSFT,112,287.3723449707031
2023-04-26,CSCO,1,42.509368896484375
2023-04-26,AAPL,232,161.13388061523438
2023-04-27,AVGO,1691,59.226104736328125
2023-04-27,NVDA,2348,27.139883041381836
2023-04-27,PEP,692,167.86021423339844
2023-04-27,MSFT,112,296.5761413574219
2023-04-27,CSCO,1,42.52763748168945
2023-04-27,AAPL,232,165.70936584472656
2023-04-28,AVGO,1691,60.00090408325195
2023-04-28,NVDA,2348,27.661231994628906
2023-04-28,PEP,692,168.922119140625
2023-04-28,MSFT,112,298.9403991699219
2023-04-28,CSCO,1,43.15787124633789
2023-04-28,AAPL,232,166.95896911621094
2023-05-01,AVGO,1691,61.09748077392578
2023-05-01,NVDA,2348,28.818557739257812
2023-05-01,PEP,692,169.6212158203125
2023-05-01,MSFT,112,297.2864074707031
2023-05-01,CSCO,1,43.240081787109375
2023-05-01,AAPL,232,166.8704376220703
2023-05-02,AVGO,1716,58.644779205322266
2023-05-02,NVDA,2312,28.120771408081055
2023-05-02,PEP,689,170.12562561035156
2023-05-02,MSFT,117,297.14044189453125
2023-05-02,AAPL,329,165.83726501464844
2023-05-03,AVGO,1716,58.727142333984375
2023-05-03,NVDA,2312,27.714059829711914
2023-05-03,PEP,689,170.0636749267578
2023-05-03,MSFT,117,296.1578063964844
2023-05-03,AAPL,329,164.76473999023438
2023-05-04,AVGO,1716,58.435997009277344
2023-05-04,NVDA,2312,27.474821090698242
2023-05-04,PEP,689,171.12557983398438
2023-05-04,MSFT,117,297.14044189453125
2023-05-04,AAPL,329,163.13134765625
2023-05-05,AVGO,1716,60.347599029541016
2023-05-05,NVDA,2312,28.589284896850586
2023-05-05,PEP,689,171.91319274902344
2023-05-05,MSFT,117,302.23858642578125
2023-05-05,AAPL,329,170.78659057617188
2023-05-08,AVGO,1716,60.24607849121094
2023-05-08,NVDA,2312,29.05879020690918
2023-05-08,PEP,689,171.09906005859375
2023-05-08,MSFT,117,300.29266357421875
2023-05-08,AAPL,329,170.7177276611328
2023-05-09,AVGO,1037,59.23568344116211
2023-05-09,NVDA,2022,28.480627059936523
2023-05-09,PEP,684,171.798095703125
2023-05-09,MSFT,142,298.6874084472656
2023-05-09,AAPL,395,169.01544189453125
2023-05-10,AVGO,1037,59.97887420654297
2023-05-10,NVDA,2022,28.793642044067383
2023-05-10,PEP,684,171.91319274902344
2023-05-10,MSFT,142,303.8536376953125
2023-05-10,AAPL,395,170.77674865722656
2023-05-11,AVGO,1037,60.11295700073242
2023-05-11,NVDA,2022,28.487606048583984
2023-05-11,PEP,684,172.86001586914062
2023-05-11,MSFT,142,301.7131652832031
2023-05-11,AAPL,395,170.9636993408203
2023-05-12,AVGO,1037,60.44623947143555
2023-05-12,NVDA,2022,28.25035858154297
2023-05-12,PEP,684,173.55026245117188
2023-05-12,MSFT,142,300.60406494140625
2023-05-12,AAPL,395,170.03750610351562
2023-05-15,AVGO,1037,61.27467346191406
2023-05-15,NVDA,2022,28.861421585083008
2023-05-15,PEP,684,171.91319274902344
2023-05-15,MSFT,142,301.080810546875
2023-05-15,AAPL,395,169.54481506347656
2023-05-16,AVGO,972,61.43171691894531
2023-05-16,NVDA,2107,29.12059783935547
2023-05-16,PEP,684,171.16983032226562
2023-05-16,MSFT,183,303.299072265625
2023-05-16,AAPL,502,169.54481506347656
2023-05-17,AVGO,972,62.966957092285156
2023-05-17,NVDA,2107,30.082544326782227
2023-05-17,PEP,684,169.9574737548828
2023-05-17,MSFT,183,306.16571044921875
2023-05-17,AAPL,502,170.15577697753906
2023-05-18,AVGO,972,64.9235610961914
2023-05-18,NVDA,2107,31.577804565429688
2023-05-18,PEP,684,169.51504516601562
2023-05-18,MSFT,183,310.5729064941406
2023-05-18,AAPL,502,172.48110961914062
2023-05-19,AVGO,972,65.34016418457031
2023-05-19,NVDA,2107,31.165109634399414
2023-05-19,PEP,684,169.76280212402344
2023-05-19,MSFT,183,310.39739990234375
2023-05-19,AAPL,502,172.5895233154297
2023-05-22,AVGO,972,64.96856689453125
2023-05-22,NVDA,2107,31.077390670776367
2023-05-22,PEP,684,165.16123962402344
2023-05-22,MSFT,183,313.1665344238281
2023-05-22,AAPL,502,171.64356994628906
2023-05-23,AVGO,1153,65.74720001220703
2023-05-23,PEP,723,164.6568145751953
2023-05-23,MSFT,201,307.39422607421875
2023-05-23,AAPL,575,169.0423126220703
2023-05-23,NFLX,2153,35.5989990234375
2023-05-24,AVGO,1153,65.07967376708984
2023-05-24,PEP,723,163.61260986328125
2023-05-24,MSFT,201,306.01947021484375
2023-05-24,AAPL,575,169.31820678710938
2023-05-24,NFLX,2153,36.48500061035156
2023-05-25,AVGO,1153,69.79833221435547
2023-05-25,PEP,723,162.6480712890625
2023-05-25,MSFT,201,317.7882995605469
2023-05-25,AAPL,575,170.45135498046875
2023-05-25,NFLX,2153,35.900001525878906
2023-05-26,AVGO,1153,77.8364486694336
2023-05-26,PEP,723,162.45338439941406
2023-05-26,MSFT,201,324.5843811035156
2023-05-26,AAPL,575,172.85552978515625
2023-05-26,NFLX,2153,37.88800048828125
2023-05-30,AVGO,1153,76.93716430664062
2023-05-30,PEP,723,160.71011352539062
2023-05-30,MSFT,201,322.9463195800781
2023-05-30,AAPL,575,174.69810485839844
2023-05-30,NFLX,2153,39.29800033569336
2023-05-31,PEP,749,161.36492919921875
2023-05-31,MSFT,226,320.19671630859375
2023-05-31,AAPL,673,174.64886474609375
2023-05-31,NFLX,2543,39.52299880981445
2023-05-31,CSCO,1893,45.3682861328125
2023-06-01,PEP,749,162.349609375
2023-06-01,MSFT,226,324.2821044921875
2023-06-01,AAPL,673,177.4471435546875
2023-06-01,NFLX,2543,40.3129997253418
2023-06-01,CSCO,1893,45.432228088378906
2023-06-02,PEP,749,164.0159454345703
2023-06-02,MSFT,226,327.03179931640625
2023-06-02,AAPL,673,178.29452514648438
2023-06-02,NFLX,2543,40.047000885009766
2023-06-02,CSCO,1893,45.68798065185547
2023-06-05,PEP,749,164.1317901611328
2023-06-05,MSFT,226,327.558349609375
2023-06-05,AAPL,673,176.9446258544922
2023-06-05,NFLX,2543,40.354000091552734
2023-06-05,CSCO,1893,45.861515045166016
2023-06-06,PEP,767,161.78819274902344
2023-06-06,MSFT,203,325.3547668457031
2023-06-06,AAPL,610,176.580078125
2023-06-06,NFLX,2249,39.92900085449219
2023-06-06,CSCO,1627,45.49617004394531
2023-06-07,PEP,767,160.49610900878906
2023-06-07,MSFT,203,315.31170654296875
2023-06-07,AAPL,610,175.21047973632812
2023-06-07,NFLX,2249,39.97700119018555
2023-06-07,CSCO,1627,45.46875
2023-06-08,PEP,767,162.2694091796875
2023-06-08,MSFT,203,317.1448059082031
2023-06-08,AAPL,610,177.92010498046875
2023-06-08,NFLX,2249,40.9370002746582
2023-06-08,CSCO,1627,45.37742233276367
2023-06-09,PEP,767,162.4921875
2023-06-09,MSFT,203,318.6366271972656
2023-06-09,AAPL,610,178.30441284179688
2023-06-09,NFLX,2249,42.00199890136719
2023-06-09,CSCO,1627,45.35914993286133
2023-06-12,PEP,767,162.09117126464844
2023-06-12,MSFT,203,323.5703430175781
2023-06-12,AAPL,610,181.0928192138672
2023-06-12,NFLX,2249,42.39699935913086
2023-06-12,CSCO,1627,46.10813522338867
2023-06-13,PEP,789,161.77037048339844
2023-06-13,AAPL,711,180.61990356445312
2023-06-13,NFLX,2171,43.573001861572266
2023-06-13,CSCO,1684,46.40042495727539
2023-06-13,COST,129,500.73016357421875
2023-06-14,PEP,789,163.2228546142578
2023-06-14,AAPL,711,181.25048828125
2023-06-14,NFLX,2171,44.08599853515625
2023-06-14,CSCO,1684,46.546566009521484
2023-06-14,COST,129,505.6988525390625
2023-06-15,PEP,789,165.48631286621094
2023-06-15,AAPL,711,183.2802276611328
2023-06-15,NFLX,2171,44.527000427246094
2023-06-15,CSCO,1684,47.43256378173828
2023-06-15,COST,129,507.5981140136719
2023-06-16,PEP,789,165.7803192138672
2023-06-16,AAPL,711,182.20623779296875
2023-06-16,NFLX,2171,43.19599914550781
2023-06-16,CSCO,1684,47.5604362487793
2023-06-16,COST,129,502.29376220703125
2023-06-20,PEP,789,165.12985229492188
2023-06-20,AAPL,711,182.29493713378906
2023-06-20,NFLX,2171,43.470001220703125
2023-06-20,CSCO,1684,47.08546447753906
2023-06-20,COST,129,498.5047607421875
2023-06-21,PEP,783,165.23675537109375
2023-06-21,AAPL,711,181.2603759765625
2023-06-21,NFLX,1831,42.44499969482422
2023-06-21,CSCO,1580,46.44608688354492
2023-06-21,META,244,278.9681396484375
2023-06-22,PEP,783,166.94769287109375
2023-06-22,AAPL,711,184.25576782226562
2023-06-22,NFLX,1831,42.24800109863281
2023-06-22,CSCO,1580,46.69270324707031
2023-06-22,META,244,282.1774597167969
2023-06-23,PEP,783,165.80706787109375
2023-06-23,AAPL,711,183.94039916992188
2023-06-23,NFLX,1831,42.402000427246094
2023-06-23,CSCO,1580,45.97113037109375
2023-06-23,META,244,285.9908752441406
2023-06-26,PEP,783,164.7555694580078
2023-06-26,AAPL,711,182.55111694335938
2023-06-26,NFLX,1831,41.59400177001953
2023-06-26,CSCO,1580,45.861515045166016
2023-06-26,META,244,275.8282165527344
2023-06-27,PEP,780,165.94073486328125
2023-06-27,AAPL,679,185.30018615722656
2023-06-27,NFLX,2380,41.70800018310547
2023-06-27,CSCO,1681,46.45521926879883
2023-06-27,META,251,284.3267822265625
2023-06-28,PEP,780,163.69517517089844
2023-06-28,AAPL,679,186.47271728515625
2023-06-28,NFLX,2380,42.98400115966797
2023-06-28,CSCO,1681,46.46435546875
2023-06-28,META,251,282.5835266113281
2023-06-29,PEP,780,163.85557556152344
2023-06-29,AAPL,679,186.80770874023438
2023-06-29,NFLX,2380,42.82400131225586
2023-06-29,CSCO,1681,46.77490997314453
2023-06-29,META,251,278.8591613769531
2023-06-30,PEP,780,165.0496063232422
2023-06-30,AAPL,679,191.12342834472656
2023-06-30,NFLX,2380,44.04899978637695
2023-06-30,CSCO,1681,47.25901412963867
2023-06-30,META,251,284.2574462890625
2023-07-03,PEP,780,165.38824462890625
2023-07-03,AAPL,679,189.6356201171875
2023-07-03,NFLX,2380,44.14400100708008
2023-07-03,CSCO,1681,47.33208465576172
2023-07-03,META,251,283.3065490722656
2023-07-05,PEP,777,166.26153564453125
2023-07-05,AAPL,697,188.52218627929688
2023-07-05,NFLX,2529,44.59000015258789
2023-07-05,META,255,291.5773620605469
2023-07-05,COST,126,519.0609741210938
2023-07-06,PEP,777,166.27935791015625
2023-07-06,AAPL,697,188.99514770507812
2023-07-06,NFLX,2529,43.88399887084961
2023-07-06,META,255,289.21990966796875
2023-07-06,COST,126,515.4540405273438
2023-07-07,PEP,777,163.14266967773438
2023-07-07,AAPL,697,187.88174438476562
2023-07-07,NFLX,2529,43.810001373291016
2023-07-07,META,255,287.7738037109375
2023-07-07,COST,126,503.6365966796875
2023-07-10,PEP,777,164.22979736328125
2023-07-10,AAPL,697,185.8421173095703
2023-07-10,NFLX,2529,44.17100143432617
2023-07-10,META,255,291.3099365234375
2023-07-10,COST,126,505.5167541503906
2023-07-11,PEP,643,163.9446563720703
2023-07-11,AAPL,680,185.31988525390625
2023-07-11,NFLX,2653,44.020999908447266
2023-07-11,META,263,295.460205078125
2023-07-11,CSCO,2052,47.967105865478516
2023-07-12,PEP,643,163.2228546142578
2023-07-12,AAPL,680,186.985107421875
2023-07-12,NFLX,2653,44.404998779296875
2023-07-12,META,263,306.4053649902344
2023-07-12,CSCO,2052,46.69706344604492
2023-07-13,PEP,643,167.10806274414062
2023-07-13,AAPL,680,187.7437744140625
2023-07-13,NFLX,2653,45.03799819946289
2023-07-13,META,263,310.4367370605469
2023-07-13,CSCO,2052,47.42411422729492
2023-07-14,PEP,643,167.7140350341797
2023-07-14,AAPL,680,187.89158630371094
2023-07-14,NFLX,2653,44.191001892089844
2023-07-14,META,263,305.93975830078125
2023-07-14,CSCO,2052,46.365745544433594
2023-07-17,PEP,643,165.4149932861328
2023-07-17,AAPL,680,191.14317321777344
2023-07-17,NFLX,2653,45.005001068115234
2023-07-17,META,263,307.6731872558594
2023-07-17,CSCO,2052,46.76148223876953
2023-07-18,PEP,536,164.3634796142578
2023-07-18,AAPL,699,190.886962890625
2023-07-18,NFLX,2895,47.47999954223633
2023-07-18,META,274,309.0896301269531
2023-07-18,CSCO,1779,47.1572265625
2023-07-19,PEP,536,165.9763641357422
2023-07-19,AAPL,699,192.23690795898438
2023-07-19,NFLX,2895,47.75899887084961
2023-07-19,META,274,313.0120544433594
2023-07-19,CSCO,1779,48.252410888671875
2023-07-20,PEP,536,168.6853485107422
2023-07-20,AAPL,699,190.29579162597656
2023-07-20,NFLX,2895,43.742000579833984
2023-07-20,META,274,299.6500244140625
2023-07-20,CSCO,1779,48.197181701660156
2023-07-21,PEP,536,169.45169067382812
2023-07-21,AAPL,699,189.1232452392578
2023-07-21,NFLX,2895,42.75
2023-07-21,META,274,291.46844482421875
2023-07-21,CSCO,1779,48.43647384643555
2023-07-24,PEP,536,170.1288604736328
2023-07-24,AAPL,699,189.92137145996094
2023-07-24,NFLX,2895,42.83700180053711
2023-07-24,META,274,288.8435363769531
2023-07-24,CSCO,1779,48.87822341918945
2023-07-25,PEP,726,170.52098083496094
2023-07-25,AAPL,693,190.77857971191406
2023-07-25,NFLX,1815,42.77000045776367
2023-07-25,CSCO,2558,49.32918167114258
2023-07-25,MSFT,193,342.2230529785156
2023-07-26,PEP,726,170.73484802246094
2023-07-26,AAPL,693,191.64569091796875
2023-07-26,NFLX,1815,42.266998291015625
2023-07-26,CSCO,2558,48.97946548461914
2023-07-26,MSFT,193,329.3426513671875
2023-07-27,PEP,726,167.9991912841797
2023-07-27,AAPL,693,190.38442993164062
2023-07-27,NFLX,1815,41.31700134277344
2023-07-27,CSCO,2558,48.77698516845703
2023-07-27,MSFT,193,322.4685363769531
2023-07-28,PEP,726,169.58534240722656
2023-07-28,AAPL,693,192.9561767578125
2023-07-28,NFLX,1815,42.577999114990234
2023-07-28,CSCO,2558,47.93949890136719
2023-07-28,MSFT,193,329.92767333984375
2023-07-31,PEP,726,167.0457305908203
2023-07-31,AAPL,693,193.5670623779297
2023-07-31,NFLX,1815,43.89699935913086
2023-07-31,CSCO,2558,47.893489837646484
2023-07-31,MSFT,193,327.5387878417969
2023-08-01,AAPL,680,192.73941040039062
2023-08-01,NFLX,1658,43.86199951171875
2023-08-01,CSCO,1991,48.46407699584961
2023-08-01,MSFT,190,327.9483642578125
2023-08-01,META,417,319.64849853515625
2023-08-02,AAPL,680,189.75384521484375
2023-08-02,NFLX,1658,42.970001220703125
2023-08-02,CSCO,1991,48.39045715332031
2023-08-02,MSFT,190,319.3288879394531
2023-08-02,META,417,311.3282165527344
2023-08-03,AAPL,680,188.3645477294922
2023-08-03,NFLX,1658,43.099998474121094
2023-08-03,CSCO,1991,48.915035247802734
2023-08-03,MSFT,190,318.50982666015625
2023-08-03,META,417,310.21881103515625
2023-08-04,AAPL,680,179.3192901611328
2023-08-04,NFLX,1658,43.15999984741211
2023-08-04,CSCO,1991,48.43647384643555
2023-08-04,MSFT,190,319.6019287109375
2023-08-04,META,417,307.7821960449219
2023-08-07,AAPL,680,176.22537231445312
2023-08-07,NFLX,1658,44.07600021362305
2023-08-07,CSCO,1991,48.78618621826172
2023-08-07,MSFT,190,321.8738098144531
2023-08-07,META,417,313.5568542480469
2023-08-08,AAPL,391,177.1614227294922
2023-08-08,NFLX,1905,43.83000183105469
2023-08-08,CSCO,2643,48.832210540771484
2023-08-08,META,412,309.67401123046875
2023-08-08,AVGO,773,85.03226470947266
2023-08-09,AAPL,391,175.57501220703125
2023-08-09,NFLX,1905,42.88999938964844
2023-08-09,CSCO,2643,48.76778793334961
2023-08-09,META,412,302.314453125
2023-08-09,AVGO,773,81.90982818603516
2023-08-10,AAPL,391,175.35826110839844
2023-08-10,NFLX,1905,42.99800109863281
2023-08-10,CSCO,2643,49.11750793457031
2023-08-10,META,412,302.8395080566406
2023-08-10,AVGO,773,81.15595245361328
2023-08-11,AAPL,391,175.41746520996094
2023-08-11,NFLX,1905,42.16600036621094
2023-08-11,CSCO,2643,49.50404357910156
2023-08-11,META,412,298.7784423828125
2023-08-11,AVGO,773,79.89080810546875
2023-08-14,AAPL,391,177.065185546875
2023-08-14,NFLX,1905,42.77799987792969
2023-08-14,CSCO,2643,49.58687210083008
2023-08-14,META,412,303.2852478027344
2023-08-14,AVGO,773,82.23431396484375
2023-08-15,AAPL,377,175.08197021484375
2023-08-15,NFLX,1868,42.369998931884766
2023-08-15,CSCO,2559,49.099098205566406
2023-08-15,META,416,299.08551025390625
2023-08-15,COST,125,535.7318725585938
2023-08-16,AAPL,377,174.2137451171875
2023-08-16,NFLX,1868,41.54499816894531
2023-08-16,CSCO,2559,48.740169525146484
2023-08-16,META,416,291.4981689453125
2023-08-16,COST,125,536.25
2023-08-17,AAPL,377,171.6780548095703
2023-08-17,NFLX,1868,40.29999923706055
2023-08-17,CSCO,2559,50.369136810302734
2023-08-17,META,416,282.3853759765625
2023-08-17,COST,125,524.7969970703125
2023-08-18,AAPL,377,172.16151428222656
2023-08-18,NFLX,1868,40.452999114990234
2023-08-18,CSCO,2559,50.65443801879883
2023-08-18,META,416,280.5628356933594
2023-08-18,COST,125,522.71533203125
2023-08-21,AAPL,377,173.49346923828125
2023-08-21,NFLX,1868,40.82899856567383
2023-08-21,CSCO,2559,51.0225715637207
2023-08-21,META,416,287.14971923828125
2023-08-21,COST,125,521.0560302734375
2023-08-22,NFLX,2564,41.31700134277344
2023-08-22,CSCO,2439,51.040977478027344
2023-08-22,META,429,284.8716125488281
2023-08-22,MSFT,174,315.08026123046875
2023-08-22,AVGO,808,82.39702606201172
2023-08-23,NFLX,2564,42.755001068115234
2023-08-23,CSCO,2439,51.5195426940918
2023-08-23,META,429,291.44854736328125
2023-08-23,MSFT,174,319.51641845703125
2023-08-23,AVGO,808,84.39871978759766
2023-08-24,NFLX,2564,40.69300079345703
2023-08-24,CSCO,2439,50.838504791259766
2023-08-24,META,429,284.0296630859375
2023-08-24,MSFT,174,312.64727783203125
2023-08-24,AVGO,808,82.26897430419922
2023-08-25,NFLX,2564,41.60300064086914
2023-08-25,CSCO,2439,51.26185989379883
2023-08-25,META,429,282.79150390625
2023-08-25,MSFT,174,315.5884704589844
2023-08-25,AVGO,808,82.01478576660156
2023-08-28,NFLX,2564,41.805999755859375
2023-08-28,CSCO,2439,51.72201919555664
2023-08-28,META,429,287.5063781738281
2023-08-28,MSFT,174,316.2919616699219
2023-08-28,AVGO,808,82.90635681152344
2023-08-29,NFLX,2062,42.999000549316406
2023-08-29,CSCO,2402,52.05333709716797
2023-08-29,META,388,295.16302490234375
2023-08-29,AVGO,1042,85.68408203125
2023-08-29,NVDA,1932,48.634727478027344
2023-08-30,NFLX,2062,43.46699905395508
2023-08-30,CSCO,2402,52.28341293334961
2023-08-30,META,388,292.3004455566406
2023-08-30,AVGO,1042,85.91034698486328
2023-08-30,NVDA,1932,49.113250732421875
2023-08-31,NFLX,2062,43.36800003051758
2023-08-31,CSCO,2402,52.78038024902344
2023-08-31,META,388,293.0829772949219
2023-08-31,AVGO,1042,88.8575439453125
2023-08-31,NVDA,1932,49.203983306884766
2023-09-01,NFLX,2062,43.987998962402344
2023-09-01,CSCO,2402,53.2313346862793
2023-09-01,META,388,293.5682678222656
2023-09-01,AVGO,1042,84.00779724121094
2023-09-01,NVDA,1932,48.360565185546875
2023-09-05,NFLX,2062,44.86800003051758
2023-09-05,CSCO,2402,52.69755554199219
2023-09-05,META,388,297.302490234375
2023-09-05,AVGO,1042,83.97412872314453
2023-09-05,NVDA,1932,48.39944839477539
2023-09-06,NFLX,1889,44.57600021362305
2023-09-06,CSCO,2457,52.60551834106445
2023-09-06,META,346,296.3318176269531
2023-09-06,NVDA,2248,46.920860290527344
2023-09-06,AAPL,451,180.46914672851562
2023-09-07,NFLX,1889,44.31399917602539
2023-09-07,CSCO,2457,52.2650032043457
2023-09-07,META,346,295.83660888671875
2023-09-07,NVDA,2248,46.103302001953125
2023-09-07,AAPL,451,175.19053649902344
2023-09-08,NFLX,1889,44.279998779296875
2023-09-08,CSCO,2457,52.15456771850586
2023-09-08,META,346,295.06396484375
2023-09-08,NVDA,2248,45.43629837036133
2023-09-08,AAPL,451,175.80223083496094
2023-09-11,NFLX,1889,44.5359992980957
2023-09-11,CSCO,2457,52.31101989746094
2023-09-11,META,346,304.64227294921875
2023-09-11,NVDA,2248,45.04347610473633
2023-09-11,AAPL,451,176.9665069580078
2023-09-12,NFLX,1905,43.46900177001953
2023-09-12,CSCO,2416,51.896873474121094
2023-09-12,META,344,298.79815673828125
2023-09-12,NVDA,2202,44.736392974853516
2023-09-12,ADBE,162,542.2100219726562
2023-09-13,NFLX,1905,41.2239990234375
2023-09-13,CSCO,2416,51.7956428527832
2023-09-13,META,344,302.1659240722656
2023-09-13,NVDA,2202,45.34955978393555
2023-09-13,ADBE,162,553.5599975585938
2023-09-14,NFLX,1905,40.04899978637695
2023-09-14,CSCO,2416,51.87846755981445
2023-09-14,META,344,308.76275634765625
2023-09-14,NVDA,2202,45.44527053833008
2023-09-14,ADBE,162,552.1599731445312
2023-09-15,NFLX,1905,39.694000244140625
2023-09-15,CSCO,2416,51.574764251708984
2023-09-15,META,344,297.46099853515625
2023-09-15,NVDA,2202,43.76927947998047
2023-09-15,ADBE,162,528.8900146484375
2023-09-18,NFLX,1905,39.439998626708984
2023-09-18,CSCO,2416,51.63918685913086
2023-09-18,META,344,299.67974853515625
2023-09-18,NVDA,2202,43.835079193115234
2023-09-18,ADBE,162,532.4199829101562
2023-09-19,CSCO,2350,51.39069747924805
2023-09-19,META,304,302.1759033203125
2023-09-19,NVDA,2089,43.390419006347656
2023-09-19,ADBE,170,541.6900024414062
2023-09-19,COST,160,542.3566284179688
2023-09-20,CSCO,2350,51.077789306640625
2023-09-20,META,304,296.82708740234375
2023-09-20,NVDA,2089,42.113216400146484
2023-09-20,ADBE,170,535.780029296875
2023-09-20,COST,160,541.8570556640625
2023-09-21,CSCO,2350,49.089900970458984
2023-09-21,META,304,292.9244689941406
2023-09-21,NVDA,2089,40.89485549926758
2023-09-21,ADBE,170,513.8800048828125
2023-09-21,COST,160,533.4479370117188
2023-09-22,CSCO,2350,49.301570892333984
2023-09-22,META,304,296.24267578125
2023-09-22,NVDA,2089,41.48610305786133
2023-09-22,ADBE,170,512.9000244140625
2023-09-22,COST,160,536.821044921875
2023-09-25,CSCO,2350,49.21873474121094
2023-09-25,META,304,297.9760437011719
2023-09-25,NVDA,2089,42.096275329589844
2023-09-25,ADBE,170,511.6000061035156
2023-09-25,COST,160,536.8499145507812
2023-09-26,CSCO,2157,48.51009750366211
2023-09-26,META,325,296.1238098144531
2023-09-26,NVDA,2099,41.786197662353516
2023-09-26,ADBE,170,506.29998779296875
2023-09-26,COST,175,531.4104614257812
2023-09-27,CSCO,2157,48.961055755615234
2023-09-27,META,325,294.91534423828125
2023-09-27,NVDA,2099,42.3415412902832
2023-09-27,ADBE,170,502.6000061035156
2023-09-27,COST,175,541.568603515625
2023-09-28,CSCO,2157,49.58687210083008
2023-09-28,META,325,301.07635498046875
2023-09-28,NVDA,2099,42.960697174072266
2023-09-28,ADBE,170,504.6700134277344
2023-09-28,COST,175,546.4698486328125
2023-09-29,CSCO,2157,49.4764289855957
2023-09-29,META,325,297.3619079589844
2023-09-29,NVDA,2099,43.36947250366211
2023-09-29,ADBE,170,509.8999938964844
2023-09-29,COST,175,542.9429321289062
2023-10-02,CSCO,2157,50.05622863769531
2023-10-02,META,325,303.90924072265625
2023-10-02,NVDA,2099,44.64865493774414
2023-10-02,ADBE,170,521.1300048828125
2023-10-02,COST,175,549.0452880859375
2023-10-03,CSCO,2103,49.73179626464844
2023-10-03,META,326,298.0849914550781
2023-10-03,NVDA,2040,43.38742446899414
2023-10-03,ADBE,170,507.0299987792969
2023-10-03,COST,184,543.0196533203125
2023-10-04,CSCO,2103,49.5463981628418
2023-10-04,META,326,302.68096923828125
2023-10-04,NVDA,2040,43.909854888916016
2023-10-04,ADBE,170,518.4199829101562
2023-10-04,COST,184,549.5161743164062
2023-10-05,CSCO,2103,49.194156646728516
2023-10-05,META,326,301.8985595703125
2023-10-05,NVDA,2040,44.554935455322266
2023-10-05,ADBE,170,516.4400024414062
2023-10-05,COST,184,547.3251953125
2023-10-06,CSCO,2103,49.5463981628418
2023-10-06,META,326,312.43756103515625
2023-10-06,NVDA,2040,45.62574005126953
2023-10-06,ADBE,170,526.6799926757812
2023-10-06,COST,184,535.8024291992188
2023-10-09,CSCO,2103,49.98207473754883
2023-10-09,META,326,315.33978271484375
2023-10-09,NVDA,2040,45.138187408447266
2023-10-09,ADBE,170,529.2899780273438
2023-10-09,COST,184,537.186279296875
2023-10-10,CSCO,2123,49.935726165771484
2023-10-10,META,344,318.78680419921875
2023-10-10,NVDA,2059,45.66162872314453
2023-10-10,ADBE,164,532.719970703125
2023-10-10,COST,176,540.1846923828125
2023-10-11,CSCO,2123,49.74106216430664
2023-10-11,META,344,324.71002197265625
2023-10-11,NVDA,2059,46.6666259765625
2023-10-11,ADBE,164,549.9099731445312
2023-10-11,COST,176,543.4810180664062
2023-10-12,CSCO,2123,49.91719055175781
2023-10-12,META,344,321.08477783203125
2023-10-12,NVDA,2059,46.80521011352539
2023-10-12,ADBE,164,559.6300048828125
2023-10-12,COST,176,541.8089599609375
2023-10-13,CSCO,2123,49.8430290222168
2023-10-13,META,344,311.70452880859375
2023-10-13,NVDA,2059,45.32563400268555
2023-10-13,ADBE,164,548.760009765625
2023-10-13,COST,176,544.7496337890625
2023-10-16,CSCO,2123,50.20454788208008
2023-10-16,META,344,318.10333251953125
2023-10-16,NVDA,2059,45.957740783691406
2023-10-16,ADBE,164,550.739990234375
2023-10-16,COST,176,549.9390869140625
2023-10-17,CSCO,2456,50.000614166259766
2023-10-17,META,318,320.9263000488281
2023-10-17,ADBE,142,560.0900268554688
2023-10-17,COST,207,551.9573974609375
2023-10-17,AVGO,895,85.61539459228516
2023-10-18,CSCO,2456,49.8430290222168
2023-10-18,META,318,313.96295166015625
2023-10-18,ADBE,142,557.8699951171875
2023-10-18,COST,207,552.2456665039062
2023-10-18,AVGO,895,85.87000274658203
2023-10-19,CSCO,2456,49.42589569091797
2023-10-19,META,318,309.84246826171875
2023-10-19,ADBE,142,555.739990234375
2023-10-19,COST,207,543.5867309570312
2023-10-19,AVGO,895,84.01132202148438
2023-10-20,CSCO,2456,49.06437683105469
2023-10-20,META,318,305.72186279296875
2023-10-20,ADBE,142,540.9600219726562
2023-10-20,COST,207,531.381591796875
2023-10-20,AVGO,895,82.63668060302734
2023-10-23,CSCO,2456,48.387699127197266
2023-10-23,META,318,311.0310363769531
2023-10-23,ADBE,142,540.4099731445312
2023-10-23,COST,207,530.7666015625
2023-10-23,AVGO,895,83.46824645996094
2023-10-24,META,383,309.5849304199219
2023-10-24,ADBE,212,539.5599975585938
2023-10-24,GOOGL,709,137.50155639648438
2023-10-24,GOOG,711,138.80526733398438
2023-10-25,META,383,296.68841552734375
2023-10-25,ADBE,212,521.1400146484375
2023-10-25,GOOGL,709,124.4260025024414
2023-10-25,GOOG,711,125.48147583007812
2023-10-26,META,383,285.6144714355469
2023-10-26,ADBE,212,514.280029296875
2023-10-26,GOOGL,709,121.12739562988281
2023-10-26,GOOG,711,122.28179168701172
2023-10-27,META,383,293.91497802734375
2023-10-27,ADBE,212,508.1199951171875
2023-10-27,GOOGL,709,121.01842498779297
2023-10-27,GOOG,711,122.2421646118164
2023-10-30,META,383,299.7886657714844
2023-10-30,ADBE,212,526.9400024414062
2023-10-30,GOOGL,709,123.28682708740234
2023-10-30,GOOG,711,124.57011413574219
2023-10-31,COST,214,530.9107666015625
2023-10-31,AMZN,352,133.08999633789062
2023-10-31,MSFT,343,330.3721008300781
2023-11-01,COST,214,535.100830078125
2023-11-01,AMZN,352,137.0
2023-11-01,MSFT,343,338.1499938964844
2023-11-02,COST,214,535.2837524414062
2023-11-02,AMZN,352,138.07000732421875
2023-11-02,MSFT,343,340.3485107421875
2023-11-03,COST,214,540.0304565429688
2023-11-03,AMZN,352,138.60000610351562
2023-11-03,MSFT,343,344.7259826660156
2023-11-06,COST,214,548.618408203125
2023-11-06,AMZN,352,139.74000549316406
2023-11-06,MSFT,343,348.37060546875
2023-11-07,COST,127,550.0144653320312
2023-11-07,MSFT,308,352.2790832519531
2023-11-07,META,373,315.79541015625
2023-11-07,ADBE,133,585.2000122070312
2023-11-07,CSCO,1677,49.24977493286133
2023-11-08,COST,127,546.2693481445312
2023-11-08,MSFT,308,354.8879699707031
2023-11-08,META,373,316.7463073730469
2023-11-08,ADBE,133,585.3099975585938
2023-11-08,CSCO,1677,49.129268646240234
2023-11-09,COST,127,542.3121948242188
2023-11-09,MSFT,308,352.4354248046875
2023-11-09,META,373,317.5090026855469
2023-11-09,ADBE,133,577.739990234375
2023-11-09,CSCO,1677,48.202301025390625
2023-11-10,COST,127,555.6468505859375
2023-11-10,MSFT,308,361.2099304199219
2023-11-10,META,373,325.6509704589844
2023-11-10,ADBE,133,597.219970703125
2023-11-10,CSCO,1677,48.74921417236328
2023-11-13,COST,127,556.7156372070312
2023-11-13,MSFT,308,358.28826904296875
2023-11-13,META,373,326.06707763671875
2023-11-13,ADBE,133,590.3400268554688
2023-11-13,CSCO,1677,48.415496826171875
2023-11-14,MSFT,287,361.79608154296875
2023-11-14,META,365,333.11944580078125
2023-11-14,ADBE,125,604.3300170898438
2023-11-14,NVDA,1820,49.50813293457031
2023-11-14,AVGO,772,94.18856811523438
2023-11-15,MSFT,287,361.9430236816406
2023-11-15,META,365,329.5536804199219
2023-11-15,ADBE,125,595.3099975585938
2023-11-15,NVDA,1820,48.742427825927734
2023-11-15,AVGO,772,94.42477416992188
2023-11-16,MSFT,287,368.3072509765625
2023-11-16,META,365,331.0195617675781
2023-11-16,ADBE,125,602.0599975585938
2023-11-16,NVDA,1820,49.33265686035156
2023-11-16,AVGO,772,92.89038848876953
2023-11-17,MSFT,287,362.1192626953125
2023-11-17,META,365,331.8615417480469
2023-11-17,ADBE,125,602.6599731445312
2023-11-17,NVDA,1820,49.15121078491211
2023-11-17,AVGO,772,94.65032958984375
2023-11-20,MSFT,287,369.55059814453125
2023-11-20,META,365,336.7447814941406
2023-11-20,ADBE,125,612.7000122070312
2023-11-20,NVDA,1820,50.2588996887207
2023-11-20,AVGO,772,96.39090728759766
2023-11-21,MSFT,264,365.27197265625
2023-11-21,META,365,333.7831115722656
2023-11-21,ADBE,113,610.989990234375
2023-11-21,NVDA,2083,49.7952880859375
2023-11-21,AVGO,767,94.98625946044922
2023-11-22,MSFT,264,369.9520568847656
2023-11-22,META,365,338.25030517578125
2023-11-22,ADBE,113,619.719970703125
2023-11-22,NVDA,2083,48.57093048095703
2023-11-22,AVGO,767,94.09562683105469
2023-11-24,MSFT,264,369.5408020019531
2023-11-24,META,365,335.0212707519531
2023-11-24,ADBE,113,619.4299926757812
2023-11-24,NVDA,2083,47.63373947143555
2023-11-24,AVGO,767,94.76069641113281
2023-11-27,MSFT,264,370.6961669921875
2023-11-27,META,365,331.5247497558594
2023-11-27,ADBE,113,619.27001953125
2023-11-27,NVDA,2083,48.09835433959961
2023-11-27,AVGO,767,91.98912811279297
2023-11-28,MSFT,258,374.7006530761719
2023-11-28,META,365,335.7740783691406
2023-11-28,ADBE,125,623.3200073242188
2023-11-28,NVDA,2021,47.6786003112793
2023-11-28,AVGO,1,91.61256408691406
2023-11-28,AAPL,336,188.10667419433594
2023-11-29,MSFT,258,370.93115234375
2023-11-29,META,365,329.0484924316406
2023-11-29,ADBE,125,617.3900146484375
2023-11-29,NVDA,2021,47.996646881103516
2023-11-29,AVGO,1,91.07818603515625
2023-11-29,AAPL,336,187.0890655517578
2023-11-30,MSFT,258,370.9898681640625
2023-11-30,META,365,324.0463562011719
2023-11-30,ADBE,125,611.010009765625
2023-11-30,NVDA,2021,46.630733489990234
2023-11-30,AVGO,1,89.61641693115234
2023-11-30,AAPL,336,187.6620635986328
2023-12-01,MSFT,258,366.68182373046875
2023-12-01,META,365,321.7384948730469
2023-12-01,ADBE,125,612.469970703125
2023-12-01,NVDA,2021,46.625755310058594
2023-12-01,AVGO,1,90.02977752685547
2023-12-01,AAPL,336,188.9365692138672
2023-12-04,MSFT,258,361.42413330078125
2023-12-04,META,365,316.9840087890625
2023-12-04,ADBE,125,604.5599975585938
2023-12-04,NVDA,2021,45.374481201171875
2023-12-04,AVGO,1,89.446044921875
2023-12-04,AAPL,336,187.14834594726562
2023-12-05,MSFT,250,364.73345947265625
2023-12-05,META,368,315.2704772949219
2023-12-05,ADBE,133,602.219970703125
2023-12-05,AVGO,879,88.39568328857422
2023-12-05,COST,129,582.826416015625
2023-12-06,MSFT,250,361.0911865234375
2023-12-06,META,368,314.4384460449219
2023-12-06,ADBE,133,595.7000122070312
2023-12-06,AVGO,879,87.47795867919922
2023-12-06,COST,129,584.8290405273438
2023-12-07,MSFT,250,363.1962890625
2023-12-07,META,368,323.49169921875
2023-12-07,ADBE,133,608.780029296875
2023-12-07,AVGO,879,89.28047943115234
2023-12-07,COST,129,588.2181396484375
2023-12-08,MSFT,250,366.40771484375
2023-12-08,META,368,329.59326171875
2023-12-08,ADBE,133,610.010009765625
2023-12-08,AVGO,879,91.41409301757812
2023-12-08,COST,129,588.054443359375
2023-12-11,MSFT,250,363.5389709472656
2023-12-11,META,368,322.1941223144531
2023-12-11,ADBE,133,625.2000122070312
2023-12-11,AVGO,879,99.6368179321289
2023-12-11,COST,129,600.6476440429688
2023-12-12,MSFT,236,366.5545349121094
2023-12-12,META,377,331.0492858886719
2023-12-12,COST,144,606.0779418945312
2023-12-12,NVDA,1829,47.51927947998047
2023-12-12,AAPL,534,192.36477661132812
2023-12-13,MSFT,236,366.5447998046875
2023-12-13,META,377,331.5643310546875
2023-12-13,COST,144,618.1127319335938
2023-12-13,NVDA,1829,47.94902038574219
2023-12-13,AAPL,534,195.57562255859375
2023-12-14,MSFT,236,358.2812194824219
2023-12-14,META,377,330.00933837890625
2023-12-14,COST,144,607.310302734375
2023-12-14,NVDA,1829,48.21025848388672
2023-12-14,AAPL,534,195.7238311767578
2023-12-15,MSFT,236,362.9808654785156
2023-12-15,META,377,331.74267578125
2023-12-15,COST,144,634.3070068359375
2023-12-15,NVDA,1829,48.74869918823242
2023-12-15,AAPL,534,195.19033813476562
2023-12-18,MSFT,236,364.8607482910156
2023-12-18,META,377,341.3506774902344
2023-12-18,COST,144,655.8927612304688
2023-12-18,NVDA,1829,49.932281494140625
2023-12-18,AAPL,534,193.53054809570312
2023-12-19,MSFT,229,365.4579772949219
2023-12-19,META,372,347.0361633300781
2023-12-19,COST,132,652.5230712890625
2023-12-19,NVDA,1814,49.460636138916016
2023-12-19,AAPL,607,194.56790161132812
2023-12-20,MSFT,229,362.8731689453125
2023-12-20,META,372,345.9664001464844
2023-12-20,COST,132,636.4058227539062
2023-12-20,NVDA,1814,47.97195816040039
2023-12-20,AAPL,607,192.48333740234375
2023-12-21,MSFT,229,365.732177734375
2023-12-21,META,372,350.7308044433594
2023-12-21,COST,132,640.4110717773438
2023-12-21,NVDA,1814,48.848411560058594
2023-12-21,AAPL,607,192.33511352539062
2023-12-22,MSFT,229,366.7503662109375
2023-12-22,META,372,350.0374450683594
2023-12-22,COST,132,646.6114501953125
2023-12-22,NVDA,1814,48.68887710571289
2023-12-22,AAPL,607,191.26812744140625
2023-12-26,MSFT,229,366.8287658691406
2023-12-26,META,372,351.4637756347656
2023-12-26,COST,132,649.5191040039062
2023-12-26,NVDA,1814,49.13658142089844
2023-12-26,AAPL,607,190.72476196289062
2023-12-27,MSFT,253,366.2510681152344
2023-12-27,META,354,354.435302734375
2023-12-27,COST,115,656.589111328125
2023-12-27,NVDA,1803,49.27418518066406
2023-12-27,AAPL,671,190.82351684570312
2023-12-28,MSFT,253,367.4357604980469
2023-12-28,META,354,354.92071533203125
2023-12-28,COST,115,652.94580078125
2023-12-28,NVDA,1803,49.37887954711914
2023-12-28,AAPL,671,191.2483367919922
2023-12-29,MSFT,253,368.1799011230469
2023-12-29,META,354,350.60205078125
2023-12-29,COST,115,649.9720458984375
2023-12-29,NVDA,1803,49.37887954711914
2023-12-29,AAPL,671,190.21102905273438
2024-01-02,MSFT,253,363.11798095703125
2024-01-02,META,354,343.00482177734375
2024-01-02,COST,115,640.6865844726562
2024-01-02,NVDA,1803,48.02879333496094
2024-01-02,AAPL,671,183.40399169921875
2024-01-03,MSFT,254,362.85357666015625
2024-01-03,META,362,341.20208740234375
2024-01-03,COST,118,634.8178100585938
2024-01-03,NVDA,2003,47.431522369384766
2024-01-03,AAPL,592,182.03073120117188
2024-01-04,MSFT,254,360.2491760253906
2024-01-04,META,362,343.8269348144531
2024-01-04,COST,118,638.4217529296875
2024-01-04,NVDA,2003,47.859283447265625
2024-01-04,AAPL,592,179.71893310546875
2024-01-05,MSFT,254,360.06317138671875
2024-01-05,META,362,348.61114501953125
2024-01-05,COST,118,645.9644775390625
2024-01-05,NVDA,2003,48.95511245727539
2024-01-05,AAPL,592,178.99771118164062
2024-01-08,MSFT,254,366.8581237792969
2024-01-08,META,362,355.2574462890625
2024-01-08,COST,118,651.5574340820312
2024-01-08,NVDA,2003,52.10198211669922
2024-01-08,AAPL,592,183.32496643066406
2024-01-09,MSFT,317,367.9350891113281
2024-01-09,META,350,354.0390930175781
2024-01-09,COST,125,656.9632568359375
2024-01-09,NVDA,1664,52.986419677734375
2024-01-09,AAPL,569,182.91004943847656
2024-01-10,MSFT,317,374.7691955566406
2024-01-10,META,350,366.95538330078125
2024-01-10,COST,125,662.4579467773438
2024-01-10,NVDA,1664,54.19292449951172
2024-01-10,AAPL,569,183.94740295410156
2024-01-11,MSFT,317,376.59033203125
2024-01-11,META,350,366.16302490234375
2024-01-11,COST,125,663.2654418945312
2024-01-11,NVDA,1664,54.66355895996094
2024-01-11,AAPL,569,183.35459899902344
2024-01-12,MSFT,317,380.35003662109375
2024-01-12,META,350,370.937255859375
2024-01-12,COST,125,672.7774658203125
2024-01-12,NVDA,1664,54.551883697509766
2024-01-12,AAPL,569,183.6806640625
2024-01-16,MSFT,317,382.1124572753906
2024-01-16,META,350,363.9739990234375
2024-01-16,COST,125,671.0542602539062
2024-01-16,NVDA,1664,56.21905517578125
2024-01-16,AAPL,569,181.41822814941406
2024-01-17,MSFT,326,381.3291320800781
2024-01-17,META,361,364.87530517578125
2024-01-17,COST,122,673.712890625
2024-01-17,NVDA,1676,55.89100646972656
2024-01-17,AAPL,536,180.4796600341797
2024-01-18,MSFT,326,385.6371154785156
2024-01-18,META,361,372.5616760253906
2024-01-18,COST,122,676.7850952148438
2024-01-18,NVDA,1676,56.94195556640625
2024-01-18,AAPL,536,186.3579864501953
2024-01-19,MSFT,326,390.33685302734375
2024-01-19,META,361,379.8122863769531
2024-01-19,COST,122,684.3277587890625
2024-01-19,NVDA,1676,59.31907272338867
2024-01-19,AAPL,536,189.25271606445312
2024-01-22,MSFT,326,388.2220458984375
2024-01-22,META,361,378.15814208984375
2024-01-22,COST,122,681.9053955078125
2024-01-22,NVDA,1676,59.481597900390625
2024-01-22,AAPL,536,191.5546417236328
2024-01-23,MSFT,334,390.5620422363281
2024-01-23,META,357,381.5456237792969
2024-01-23,COST,132,677.0607299804688
2024-01-23,NVDA,1755,59.6999626159668
2024-01-23,AAPL,466,192.8291015625
2024-01-24,MSFT,334,394.1454772949219
2024-01-24,META,357,386.9935302734375
2024-01-24,COST,132,675.9972534179688
2024-01-24,NVDA,1755,61.18466567993164
2024-01-24,AAPL,466,192.1573028564453
2024-01-25,MSFT,334,396.4071960449219
2024-01-25,META,357,389.449951171875
2024-01-25,COST,132,669.488525390625
2024-01-25,NVDA,1755,61.43892288208008
2024-01-25,AAPL,466,191.83126831054688
2024-01-26,MSFT,334,395.4869384765625
2024-01-26,META,357,390.4008483886719
2024-01-26,COST,132,676.3616333007812
2024-01-26,NVDA,1755,60.8546257019043
2024-01-26,AAPL,466,190.10231018066406
2024-01-29,MSFT,334,401.1558837890625
2024-01-29,META,357,397.21563720703125
2024-01-29,COST,132,683.3824462890625
2024-01-29,NVDA,1755,62.284481048583984
2024-01-29,AAPL,466,189.420654296875
2024-01-30,MSFT,350,400.04949951171875
2024-01-30,META,354,396.2647399902344
2024-01-30,NVDA,1589,62.59258270263672
2024-01-30,GOOGL,568,150.03236389160156
2024-01-30,GOOG,552,151.6139678955078
2024-01-31,MSFT,350,389.2696533203125
2024-01-31,META,354,386.4388732910156
2024-01-31,NVDA,1589,61.349185943603516
2024-01-31,GOOGL,568,138.77943420410156
2024-01-31,GOOG,552,140.46954345703125
2024-02-01,MSFT,350,395.34002685546875
2024-02-01,META,354,391.0347900390625
2024-02-01,NVDA,1589,62.844852447509766
2024-02-01,GOOGL,568,139.82940673828125
2024-02-01,GOOG,552,141.37100219726562
2024-02-02,MSFT,350,402.62451171875
2024-02-02,META,354,470.48382568359375
2024-02-02,NVDA,1589,65.96880340576172
2024-02-02,GOOGL,568,141.0379180908203
2024-02-02,GOOG,552,142.19320678710938
2024-02-05,MSFT,350,397.17095947265625
2024-02-05,META,354,455.0516662597656
2024-02-05,NVDA,1589,69.13162994384766
2024-02-05,GOOGL,568,142.32565307617188
2024-02-05,GOOG,552,143.5701446533203
2024-02-06,MSFT,369,397.0142517089844
2024-02-06,NVDA,2007,68.02583312988281
2024-02-06,COST,150,700.9343872070312
2024-02-06,AAPL,446,187.01991271972656
2024-02-06,ADBE,136,607.1400146484375
2024-02-07,MSFT,369,405.3953552246094
2024-02-07,NVDA,2007,69.89640808105469
2024-02-07,COST,150,709.7998657226562
2024-02-07,AAPL,446,187.1285858154297
2024-02-07,ADBE,136,615.8499755859375
2024-02-08,MSFT,369,405.4541015625
2024-02-08,NVDA,2007,69.43972778320312
2024-02-08,COST,150,714.118896484375
2024-02-08,AAPL,446,186.0517578125
2024-02-08,ADBE,136,615.8599853515625
2024-02-09,MSFT,369,411.7594909667969
2024-02-09,NVDA,2007,71.92453002929688
2024-02-09,COST,150,713.36962890625
2024-02-09,AAPL,446,186.8134307861328
2024-02-09,ADBE,136,627.2100219726562
2024-02-12,MSFT,369,406.580078125
2024-02-12,NVDA,2007,72.03919982910156
2024-02-12,COST,150,712.393310546875
2024-02-12,AAPL,446,185.13174438476562
2024-02-12,ADBE,136,611.8400268554688
2024-02-13,MSFT,369,397.82696533203125
2024-02-13,NVDA,1803,71.91954803466797
2024-02-13,COST,167,704.3463134765625
2024-02-13,AAPL,430,183.04449462890625
2024-02-13,AMZN,574,168.63999938964844
2024-02-14,MSFT,369,401.67205810546875
2024-02-14,NVDA,1803,73.68643188476562
2024-02-14,COST,167,712.16650390625
2024-02-14,AAPL,430,182.16409301757812
2024-02-14,AMZN,574,170.97999572753906
2024-02-15,MSFT,369,398.7980041503906
2024-02-15,NVDA,1803,72.4480209350586
2024-02-15,COST,167,714.4641723632812
2024-02-15,AAPL,430,181.87725830078125
2024-02-15,AMZN,574,169.8000030517578
2024-02-16,MSFT,369,396.3457946777344
2024-02-16,NVDA,1803,72.40313720703125
2024-02-16,COST,167,713.951416015625
2024-02-16,AAPL,430,180.34396362304688
2024-02-16,AMZN,574,169.50999450683594
2024-02-20,MSFT,369,395.1000061035156
2024-02-20,NVDA,1803,69.25128173828125
2024-02-20,COST,167,715.6278076171875
2024-02-20,AAPL,430,179.60205078125
2024-02-20,AMZN,574,167.0800018310547
2024-02-21,MSFT,369,394.50164794921875
2024-02-21,NVDA,1665,67.27700805664062
2024-02-21,COST,200,712.9949340820312
2024-02-21,AMZN,541,168.58999633789062
2024-02-21,AVGO,626,119.37116241455078
2024-02-22,MSFT,369,403.7908630371094
2024-02-22,NVDA,1665,78.31102752685547
2024-02-22,COST,200,724.2169799804688
2024-02-22,AMZN,541,174.5800018310547
2024-02-22,AVGO,626,126.90326690673828
2024-02-23,MSFT,369,402.5058288574219
2024-02-23,NVDA,1665,78.58922576904297
2024-02-23,COST,200,727.6980590820312
2024-02-23,AMZN,541,174.99000549316406
2024-02-23,AVGO,626,126.07369232177734
2024-02-26,MSFT,369,399.7593688964844
2024-02-26,NVDA,1665,78.86343383789062
2024-02-26,COST,200,735.0151977539062
2024-02-26,AMZN,541,174.72999572753906
2024-02-26,AVGO,626,127.31466674804688
2024-02-27,MSFT,382,399.70050048828125
2024-02-27,NVDA,1,78.47354888916016
2024-02-27,COST,208,734.3842163085938
2024-02-27,AMZN,608,173.5399932861328
2024-02-27,AVGO,630,126.06011199951172
2024-02-27,NFLX,1166,60.16699981689453
2024-02-28,MSFT,382,399.9359130859375
2024-02-28,NVDA,1,77.43856048583984
2024-02-28,COST,208,737.5890502929688
2024-02-28,AMZN,608,173.16000366210938
2024-02-28,AVGO,630,125.39783477783203
2024-02-28,NFLX,1166,59.64799880981445
2024-02-29,MSFT,382,405.7428894042969
2024-02-29,NVDA,1,78.88336944580078
2024-02-29,COST,208,733.575439453125
2024-02-29,AMZN,608,176.75999450683594
2024-02-29,AVGO,630,126.47438049316406
2024-02-29,NFLX,1166,60.29199981689453
2024-03-01,MSFT,382,407.56732177734375
2024-03-01,NVDA,1,82.04120635986328
2024-03-01,COST,208,739.0485229492188
2024-03-01,AMZN,608,178.22000122070312
2024-03-01,AVGO,630,136.07115173339844
2024-03-01,NFLX,1166,61.933998107910156
2024-03-04,MSFT,382,406.9984436035156
2024-03-04,NVDA,1,84.99065399169922
2024-03-04,COST,208,748.6534423828125
2024-03-04,AMZN,608,177.5800018310547
2024-03-04,AVGO,630,136.37164306640625
2024-03-04,NFLX,1166,61.58300018310547
2024-03-05,MSFT,386,394.9626159667969
2024-03-05,COST,208,749.412841796875
2024-03-05,AMZN,617,174.1199951171875
2024-03-05,AVGO,544,130.58421325683594
2024-03-05,NFLX,1195,59.849998474121094
2024-03-06,MSFT,386,394.4134216308594
2024-03-06,COST,208,762.5184936523438
2024-03-06,AMZN,617,173.50999450683594
2024-03-06,AVGO,544,131.289306640625
2024-03-06,NFLX,1195,59.76900100708008
2024-03-07,MSFT,386,401.3288269042969
2024-03-07,COST,208,774.697265625
2024-03-07,AMZN,617,176.82000732421875
2024-03-07,AVGO,544,136.8336181640625
2024-03-07,NFLX,1195,60.85100173950195
2024-03-08,MSFT,386,398.46453857421875
2024-03-08,COST,208,715.4996337890625
2024-03-08,AMZN,617,175.35000610351562
2024-03-08,AVGO,544,127.27477264404297
2024-03-08,NFLX,1195,60.481998443603516
2024-03-11,MSFT,386,396.7969665527344
2024-03-11,COST,208,704.1787719726562
2024-03-11,AMZN,617,171.9600067138672
2024-03-11,AVGO,544,125.75765991210938
2024-03-11,NFLX,1195,60.09299850463867
2024-03-12,MSFT,380,407.3515930175781
2024-03-12,COST,140,726.66259765625
2024-03-12,AMZN,712,175.38999938964844
2024-03-12,NFLX,1548,61.108001708984375
2024-03-12,GOOG,625,138.3099365234375
2024-03-13,MSFT,380,407.1750183105469
2024-03-13,COST,140,724.0199584960938
2024-03-13,AMZN,712,176.55999755859375
2024-03-13,NFLX,1548,60.94499969482422
2024-03-13,GOOG,625,139.44920349121094
2024-03-14,MSFT,380,417.1017761230469
2024-03-14,COST,140,721.8011474609375
2024-03-14,AMZN,712,178.75
2024-03-14,NFLX,1548,61.30099868774414
2024-03-14,GOOG,625,142.9856719970703
2024-03-15,MSFT,380,408.4698181152344
2024-03-15,COST,140,715.5686645507812
2024-03-15,AMZN,712,174.4199981689453
2024-03-15,NFLX,1548,60.5880012512207
2024-03-15,GOOG,625,140.83604431152344
2024-03-18,MSFT,380,409.3526611328125
2024-03-18,COST,140,721.396728515625
2024-03-18,AMZN,712,174.47999572753906
2024-03-18,NFLX,1548,61.8390007019043
2024-03-18,GOOG,625,147.0868377685547
2024-03-19,MSFT,380,413.364501953125
2024-03-19,COST,160,722.0180053710938
2024-03-19,AMZN,709,175.89999389648438
2024-03-19,NFLX,1789,62.07400131225586
2024-03-19,GOOG,564,146.53208923339844
2024-03-20,MSFT,380,417.1116027832031
2024-03-20,COST,160,730.4492797851562
2024-03-20,AMZN,709,178.14999389648438
2024-03-20,NFLX,1789,62.76900100708008
2024-03-20,GOOG,564,148.2755889892578
2024-03-21,MSFT,380,421.1725769042969
2024-03-21,COST,160,732.2639770507812
2024-03-21,AMZN,709,178.14999389648438
2024-03-21,NFLX,1789,62.270999908447266
2024-03-21,GOOG,564,147.34439086914062
2024-03-22,MSFT,380,420.55462646484375
2024-03-22,COST,160,724.6114501953125
2024-03-22,AMZN,709,178.8699951171875
2024-03-22,NFLX,1789,62.80099868774414
2024-03-22,GOOG,564,150.34596252441406
2024-03-25,MSFT,380,414.78680419921875
2024-03-25,COST,160,720.8248291015625
2024-03-25,AMZN,709,179.7100067138672
2024-03-25,NFLX,1789,62.74599838256836
2024-03-25,GOOG,564,149.73182678222656
2024-03-26,MSFT,380,413.5999450683594
2024-03-26,COST,194,720.8444213867188
2024-03-26,AMZN,728,178.3000030517578
2024-03-26,NFLX,1664,62.92399978637695
2024-03-26,AVGO,592,130.0406494140625
2024-03-27,MSFT,380,413.3841552734375
2024-03-27,COST,194,721.9293212890625
2024-03-27,AMZN,728,179.8300018310547
2024-03-27,NFLX,1664,61.35300064086914
2024-03-27,AVGO,592,128.79444885253906
2024-03-28,MSFT,380,412.68768310546875
2024-03-28,COST,194,722.4714965820312
2024-03-28,AMZN,728,180.3800048828125
2024-03-28,NFLX,1664,60.733001708984375
2024-03-28,AVGO,592,129.44683837890625
2024-04-01,MSFT,380,416.4642028808594
2024-04-01,COST,194,711.239501953125
2024-04-01,AMZN,728,180.97000122070312
2024-04-01,NFLX,1664,61.430999755859375
2024-04-01,AVGO,592,131.8738555908203
2024-04-02,MSFT,378,413.3939514160156
2024-04-02,COST,191,701.4373779296875
2024-04-02,AMZN,729,180.69000244140625
2024-04-02,NFLX,1540,61.42100143432617
2024-04-02,GOOG,563,154.4075164794922
2024-04-03,MSFT,378,412.4228820800781
2024-04-03,COST,191,695.9051513671875
2024-04-03,AMZN,729,182.41000366210938
2024-04-03,NFLX,1540,63.007999420166016
2024-04-03,GOOG,563,154.90280151367188
2024-04-04,MSFT,378,409.90191650390625
2024-04-04,COST,191,695.1063232421875
2024-04-04,AMZN,729,180.0
2024-04-04,NFLX,1540,61.7140007019043
2024-04-04,GOOG,563,150.51438903808594
2024-04-05,MSFT,378,417.3960876464844
2024-04-05,COST,191,703.82373046875
2024-04-05,AMZN,729,185.07000732421875
2024-04-05,NFLX,1540,63.61800003051758
2024-04-05,GOOG,563,152.49562072753906
2024-04-08,MSFT,378,416.4837951660156
2024-04-08,COST,191,701.9403686523438
2024-04-08,AMZN,729,185.19000244140625
2024-04-08,NFLX,1540,62.840999603271484
2024-04-08,GOOG,563,154.6749725341797
2024-04-09,MSFT,379,418.1415710449219
2024-04-09,COST,190,708.6263427734375
2024-04-09,AMZN,770,185.6699981689453
2024-04-09,NFLX,1533,61.81999969482422
2024-04-09,AVGO,628,130.29360961914062
2024-04-10,MSFT,379,415.1791687011719
2024-04-10,COST,190,712.5609741210938
2024-04-10,AMZN,770,185.9499969482422
2024-04-10,NFLX,1533,61.858001708984375
2024-04-10,AVGO,628,129.14993286132812
2024-04-11,MSFT,379,419.7600402832031
2024-04-11,COST,190,722.1954956054688
2024-04-11,AMZN,770,189.0500030517578
2024-04-11,NFLX,1533,62.87799835205078
2024-04-11,AVGO,628,135.0186767578125
2024-04-12,MSFT,379,413.84515380859375
2024-04-12,COST,190,721.1700439453125
2024-04-12,AMZN,770,186.1300048828125
2024-04-12,NFLX,1533,62.28300094604492
2024-04-12,AVGO,628,131.26930236816406
2024-04-15,MSFT,379,405.7428894042969
2024-04-15,COST,190,708.3206787109375
2024-04-15,AMZN,770,183.6199951171875
2024-04-15,NFLX,1533,60.71500015258789
2024-04-15,AVGO,628,128.0092010498047
2024-04-16,MSFT,382,406.6648864746094
2024-04-16,COST,196,706.0426025390625
2024-04-16,AMZN,801,183.32000732421875
2024-04-16,NFLX,1535,61.75199890136719
2024-04-16,AVGO,622,129.80331420898438
2024-04-17,MSFT,382,403.97723388671875
2024-04-17,COST,196,705.2733154296875
2024-04-17,AMZN,801,181.27999877929688
2024-04-17,NFLX,1535,61.36899948120117
2024-04-17,AVGO,622,125.26872253417969
2024-04-18,MSFT,382,396.5517578125
2024-04-18,COST,196,701.38818359375
2024-04-18,AMZN,801,179.22000122070312
2024-04-18,NFLX,1535,61.055999755859375
2024-04-18,AVGO,622,122.95989990234375
2024-04-19,MSFT,382,391.5000915527344
2024-04-19,COST,196,699.6721801757812
2024-04-19,AMZN,801,174.6300048828125
2024-04-19,NFLX,1535,55.50400161743164
2024-04-19,AVGO,622,117.65861511230469
2024-04-22,MSFT,382,393.3049621582031
2024-04-22,COST,196,705.5396728515625
2024-04-22,AMZN,801,177.22999572753906
2024-04-22,NFLX,1535,55.459999084472656
2024-04-22,AVGO,622,119.58750915527344
2024-04-23,MSFT,379,399.7887878417969
2024-04-23,COST,195,712.6596069335938
2024-04-23,AMZN,751,179.5399932861328
2024-04-23,GOOGL,547,156.76824951171875
2024-04-23,GOOG,563,158.4194793701172
2024-04-24,MSFT,379,401.25030517578125
2024-04-24,COST,195,713.852783203125
2024-04-24,AMZN,751,176.58999633789062
2024-04-24,GOOGL,547,157.63006591796875
2024-04-24,GOOG,563,159.58843994140625
2024-04-25,MSFT,379,391.421630859375
2024-04-25,COST,195,712.9935302734375
2024-04-25,AMZN,751,173.6699981689453
2024-04-25,GOOGL,547,154.529541015625
2024-04-25,GOOG,563,156.4679718017578
2024-04-26,MSFT,379,398.5626525878906
2024-04-26,COST,195,720.2235717773438
2024-04-26,AMZN,751,179.6199951171875
2024-04-26,GOOGL,547,170.32919311523438
2024-04-26,GOOG,563,172.060302734375
2024-04-29,MSFT,379,394.5703430175781
2024-04-29,COST,195,717.40869140625
2024-04-29,AMZN,751,180.9600067138672
2024-04-29,GOOGL,547,164.58384704589844
2024-04-29,GOOG,563,166.32461547851562
2024-04-30,COST,213,714.020751953125
2024-04-30,AMZN,817,175.0
2024-04-30,GOOG,490,163.09521484375
2024-04-30,AVGO,846,126.99154663085938
2024-04-30,NVDA,931,86.15633392333984
2024-05-01,COST,213,713.3490600585938
2024-05-01,AMZN,817,179.0
2024-05-01,GOOG,490,164.01649475097656
2024-05-01,AVGO,846,121.38456726074219
2024-05-01,NVDA,931,82.80488586425781
2024-05-02,COST,213,723.443603515625
2024-05-02,AMZN,817,184.72000122070312
2024-05-02,GOOG,490,166.87939453125
2024-05-02,AVGO,846,120.96558380126953
2024-05-02,NVDA,931,85.57300567626953
2024-05-03,COST,213,734.7628173828125
2024-05-03,AMZN,817,186.2100067138672
2024-05-03,GOOG,490,167.40440368652344
2024-05-03,AVGO,846,124.82725524902344
2024-05-03,NVDA,931,88.53655242919922
2024-05-06,COST,213,747.1586303710938
2024-05-06,AMZN,817,188.6999969482422
2024-05-06,GOOG,490,168.23651123046875
2024-05-06,AVGO,846,127.97209930419922
2024-05-06,NVDA,931,91.87801361083984
2024-05-07,COST,211,761.8359985351562
2024-05-07,AMZN,833,188.75999450683594
2024-05-07,NVDA,1,90.2965316772461
2024-05-07,META,191,464.28997802734375
2024-05-07,NFLX,1630,60.599998474121094
2024-05-07,MSFT,282,401.5249328613281
2024-05-08,COST,211,754.0330810546875
2024-05-08,AMZN,833,188.0
2024-05-08,NVDA,1,90.15493774414062
2024-05-08,META,191,468.61322021484375
2024-05-08,NFLX,1630,60.946998596191406
2024-05-08,MSFT,282,402.7021179199219
2024-05-09,COST,211,769.4711303710938
2024-05-09,AMZN,833,189.5
2024-05-09,NVDA,1,88.49466705322266
2024-05-09,META,191,471.409423828125
2024-05-09,NFLX,1630,61.20899963378906
2024-05-09,MSFT,282,404.4481201171875
2024-05-10,COST,211,777.5211181640625
2024-05-10,AMZN,833,187.47999572753906
2024-05-10,NVDA,1,89.6224594116211
2024-05-10,META,191,472.182861328125
2024-05-10,NFLX,1630,61.08700180053711
2024-05-10,MSFT,282,406.8218994140625
2024-05-13,COST,211,765.62890625
2024-05-13,AMZN,833,186.57000732421875
2024-05-13,NVDA,1,90.1419677734375
2024-05-13,META,191,464.0619201660156
2024-05-13,NFLX,1630,61.659000396728516
2024-05-13,MSFT,282,405.82135009765625
2024-05-14,COST,207,768.34521484375
2024-05-14,AMZN,857,187.07000732421875
2024-05-14,META,1,467.86956787109375
2024-05-14,NFLX,1767,61.36600112915039
2024-05-14,AVGO,682,134.78134155273438
2024-05-14,GOOG,441,170.31683349609375
2024-05-15,COST,207,777.3729248046875
2024-05-15,AMZN,857,185.99000549316406
2024-05-15,META,1,477.477783203125
2024-05-15,NFLX,1767,61.35200119018555
2024-05-15,AVGO,682,140.2642822265625
2024-05-15,GOOG,441,172.24851989746094
2024-05-16,COST,207,783.3287963867188
2024-05-16,AMZN,857,183.6300048828125
2024-05-16,META,1,469.23785400390625
2024-05-16,NFLX,1767,61.051998138427734
2024-05-16,AVGO,682,137.91639709472656
2024-05-16,GOOG,441,173.7839813232422
2024-05-17,COST,207,786.03515625
2024-05-17,AMZN,857,184.6999969482422
2024-05-17,META,1,467.9290466308594
2024-05-17,NFLX,1767,62.11000061035156
2024-05-17,AVGO,682,136.27171325683594
2024-05-17,GOOG,441,175.62652587890625
2024-05-20,COST,207,783.259765625
2024-05-20,AMZN,857,183.5399932861328
2024-05-20,META,1,464.8849182128906
2024-05-20,NFLX,1767,64.08200073242188
2024-05-20,AVGO,682,138.10195922851562
2024-05-20,GOOG,441,176.7855682373047
2024-05-21,COST,206,791.0923461914062
2024-05-21,AMZN,875,183.14999389648438
2024-05-21,NFLX,1607,65.06099700927734
2024-05-21,AVGO,564,136.653564453125
2024-05-21,MSFT,316,421.6079406738281
2024-05-22,COST,206,792.0107421875
2024-05-22,AMZN,875,183.1300048828125
2024-05-22,NFLX,1607,64.0469970703125
2024-05-22,AVGO,564,135.9738311767578
2024-05-22,MSFT,316,423.06231689453125
2024-05-23,COST,206,786.5587158203125
2024-05-23,AMZN,875,181.0500030517578
2024-05-23,NFLX,1607,63.56700134277344
2024-05-23,AVGO,564,136.07640075683594
2024-05-23,MSFT,316,419.6032409667969
2024-05-24,COST,206,799.7841796875
2024-05-24,AMZN,875,180.75
2024-05-24,NFLX,1607,64.67500305175781
2024-05-24,AVGO,564,137.4974365234375
2024-05-24,MSFT,316,422.7085266113281
2024-05-28,COST,206,803.181884765625
2024-05-28,AMZN,875,182.14999389648438
2024-05-28,NFLX,1607,64.9000015258789
2024-05-28,AVGO,564,137.9476318359375
2024-05-28,MSFT,316,422.8657531738281
2024-05-29,COST,204,796.6135864257812
2024-05-29,AMZN,890,182.02000427246094
2024-05-29,NFLX,1628,65.46199798583984
2024-05-29,MSFT,298,421.7357177734375
2024-05-29,NVDA,632,114.49851989746094
2024-05-30,COST,204,805.3253173828125
2024-05-30,AMZN,890,179.32000732421875
2024-05-30,NFLX,1628,64.76599884033203
2024-05-30,MSFT,298,407.48687744140625
2024-05-30,NVDA,632,110.18582153320312
2024-05-31,COST,204,799.9423217773438
2024-05-31,AMZN,890,176.44000244140625
2024-05-31,NFLX,1628,64.16200256347656
2024-05-31,MSFT,298,407.9389343261719
2024-05-31,NVDA,632,109.32127380371094
2024-06-03,COST,204,805.3746337890625
2024-06-03,AMZN,890,178.33999633789062
2024-06-03,NFLX,1628,63.37900161743164
2024-06-03,MSFT,298,406.3568420410156
2024-06-03,NVDA,632,114.67302703857422
2024-06-04,COST,200,817.2272338867188
2024-06-04,AMZN,902,179.33999633789062
2024-06-04,NFLX,1624,63.1619987487793
2024-06-04,GOOGL,485,172.15187072753906
2024-06-04,GOOG,507,173.48680114746094
2024-06-05,COST,200,824.0523681640625
2024-06-05,AMZN,902,181.27999877929688
2024-06-05,NFLX,1624,65.0270004272461
2024-06-05,GOOGL,485,173.756591796875
2024-06-05,GOOG,507,175.40859985351562
2024-06-06,COST,200,832.2899780273438
2024-06-06,AMZN,902,185.0
2024-06-06,NFLX,1624,64.85199737548828
2024-06-06,GOOGL,485,175.0641632080078
2024-06-06,GOOG,507,176.6765899658203
2024-06-07,COST,200,835.19384765625
2024-06-07,AMZN,902,184.3000030517578
2024-06-07,NFLX,1624,64.14700317382812
2024-06-07,GOOGL,485,172.81553649902344
2024-06-07,GOOG,507,174.2991180419922
2024-06-10,COST,200,837.9200439453125
2024-06-10,AMZN,902,187.05999755859375
2024-06-10,NFLX,1624,64.44999694824219
2024-06-10,GOOGL,485,173.55934143066406
2024-06-10,GOOG,507,175.17184448242188
2024-06-11,COST,198,838.8780517578125
2024-06-11,AMZN,679,187.22999572753906
2024-06-11,NFLX,1069,64.8550033569336
2024-06-11,GOOGL,1,175.1559600830078
2024-06-11,META,163,503.1890563964844
2024-06-11,MSFT,233,425.18487548828125
2024-06-12,COST,198,837.396484375
2024-06-12,AMZN,679,186.88999938964844
2024-06-12,NFLX,1069,65.00599670410156
2024-06-12,GOOGL,1,176.3162841796875
2024-06-12,META,163,504.5474548339844
2024-06-12,MSFT,233,433.41973876953125
2024-06-13,COST,198,835.5691528320312
2024-06-13,AMZN,679,183.8300018310547
2024-06-13,NFLX,1069,65.32599639892578
2024-06-13,GOOGL,1,173.70809936523438
2024-06-13,META,163,499.8475036621094
2024-06-13,MSFT,233,433.93072509765625
2024-06-14,COST,198,845.1598510742188
2024-06-14,AMZN,679,183.66000366210938
2024-06-14,NFLX,1069,66.93800354003906
2024-06-14,GOOGL,1,175.32455444335938
2024-06-14,META,163,500.4032897949219
2024-06-14,MSFT,233,434.9035949707031
2024-06-17,COST,198,857.24951171875
2024-06-17,AMZN,679,184.05999755859375
2024-06-17,NFLX,1069,67.58300018310547
2024-06-17,GOOGL,1,175.77084350585938
2024-06-17,META,163,502.8548889160156
2024-06-17,MSFT,233,440.60308837890625
2024-06-18,COST,197,860.0546875
2024-06-18,AMZN,644,182.80999755859375
2024-06-18,META,153,495.7680969238281
2024-06-18,MSFT,218,438.6083068847656
2024-06-18,GOOG,359,174.99331665039062
2024-06-20,COST,197,851.8467407226562
2024-06-20,AMZN,644,186.10000610351562
2024-06-20,META,153,497.961669921875
2024-06-20,MSFT,218,437.97943115234375
2024-06-20,GOOG,359,176.24293518066406
2024-06-21,COST,197,837.8902587890625
2024-06-21,AMZN,644,189.0800018310547
2024-06-21,META,153,491.0932312011719
2024-06-21,MSFT,218,441.9886169433594
2024-06-21,GOOG,359,178.77188110351562
2024-06-24,COST,197,837.7421264648438
2024-06-24,AMZN,644,185.57000732421875
2024-06-24,META,153,495.19244384765625
2024-06-24,MSFT,218,439.915283203125
2024-06-24,GOOG,359,179.2974853515625
2024-06-25,COST,199,845.0018920898438
2024-06-25,AMZN,595,186.33999633789062
2024-06-25,MSFT,249,443.138427734375
2024-06-25,GOOG,399,184.04794311523438
2024-06-25,GOOGL,381,182.5045623779297
2024-06-26,COST,199,846.3155517578125
2024-06-26,AMZN,595,193.61000061035156
2024-06-26,MSFT,249,444.32745361328125
2024-06-26,GOOG,399,183.83966064453125
2024-06-26,GOOGL,381,182.35580444335938
2024-06-27,COST,199,840.171875
2024-06-27,AMZN,595,197.85000610351562
2024-06-27,MSFT,249,445.0055236816406
2024-06-27,GOOG,399,185.31736755371094
2024-06-27,GOOGL,381,183.87313842773438
2024-06-28,COST,199,839.5497436523438
2024-06-28,AMZN,595,193.25
2024-06-28,MSFT,249,439.2077331542969
2024-06-28,GOOG,399,181.90577697753906
2024-06-28,GOOGL,381,180.64013671875
2024-07-01,COST,199,835.2827758789062
2024-07-01,AMZN,595,197.1999969482422
2024-07-01,MSFT,249,448.81829833984375
2024-07-01,GOOG,399,182.96694946289062
2024-07-01,GOOGL,381,181.47317504882812
2024-07-02,COST,203,848.8045654296875
2024-07-02,AMZN,537,200.0
2024-07-02,MSFT,258,451.3241271972656
2024-07-02,GOOG,426,185.06942749023438
2024-07-02,META,151,505.7035217285156
2024-07-03,COST,203,852.06396484375
2024-07-03,AMZN,537,197.58999633789062
2024-07-03,MSFT,258,452.788330078125
2024-07-03,GOOG,426,185.843017578125
2024-07-03,META,151,506.1600646972656
2024-07-05,COST,203,874.7914428710938
2024-07-05,AMZN,537,200.0
2024-07-05,MSFT,258,459.4606628417969
2024-07-05,GOOG,426,190.37530517578125
2024-07-05,META,151,535.8869018554688
2024-07-08,COST,203,870.0208129882812
2024-07-08,AMZN,537,199.2899932861328
2024-07-08,MSFT,258,458.16357421875
2024-07-08,GOOG,426,188.90748596191406
2024-07-08,META,151,525.3758544921875
2024-07-09,COST,201,875.9569091796875
2024-07-09,AMZN,558,199.33999633789062
2024-07-09,MSFT,258,451.5796203613281
2024-07-09,GOOG,440,188.8678436279297
2024-07-09,GOOGL,425,187.4135284423828
2024-07-10,COST,201,873.4481201171875
2024-07-10,AMZN,558,199.7899932861328
2024-07-10,MSFT,258,458.1733703613281
2024-07-10,GOOG,440,191.06948852539062
2024-07-10,GOOGL,425,189.59527587890625
2024-07-11,COST,201,836.1914672851562
2024-07-11,AMZN,558,195.0500030517578
2024-07-11,MSFT,258,446.8234558105469
2024-07-11,GOOG,440,185.7537384033203
2024-07-11,GOOGL,425,184.03179931640625
2024-07-12,COST,201,832.5467529296875
2024-07-12,AMZN,558,194.49000549316406
2024-07-12,MSFT,258,445.6933288574219
2024-07-12,GOOG,440,185.23805236816406
2024-07-12,GOOGL,425,183.5359344482422
2024-07-15,COST,201,838.3051147460938
2024-07-15,AMZN,558,192.72000122070312
2024-07-15,MSFT,258,446.0962829589844
2024-07-15,GOOG,440,186.6363983154297
2024-07-15,GOOGL,425,184.98382568359375
2024-07-16,COST,204,840.320068359375
2024-07-16,AMZN,587,193.02000427246094
2024-07-16,MSFT,281,441.7331848144531
2024-07-16,GOOG,499,183.9685821533203
2024-07-16,GOOGL,475,182.3954620361328
2024-07-17,COST,204,835.8853149414062
2024-07-17,AMZN,587,187.92999267578125
2024-07-17,MSFT,281,435.83709716796875
2024-07-17,GOOG,499,181.11239624023438
2024-07-17,GOOGL,475,179.51951599121094
2024-07-18,COST,204,829.0601196289062
2024-07-18,AMZN,587,183.75
2024-07-18,MSFT,281,432.74169921875
2024-07-18,GOOG,499,177.74046325683594
2024-07-18,GOOGL,475,176.2170867919922
2024-07-19,COST,204,827.8353271484375
2024-07-19,AMZN,587,183.1300048828125
2024-07-19,MSFT,281,429.5381774902344
2024-07-19,GOOG,499,177.90904235839844
2024-07-19,GOOGL,475,176.18734741210938
2024-07-22,COST,204,837.0111083984375
2024-07-22,AMZN,587,182.5500030517578
2024-07-22,MSFT,281,435.2671813964844
2024-07-22,GOOG,499,181.8363494873047
2024-07-22,GOOGL,475,180.1641387939453
2024-07-23,COST,200,841.6436767578125
2024-07-23,AMZN,571,186.41000366210938
2024-07-23,MSFT,259,437.1441345214844
2024-07-23,GOOG,498,182.0843048095703
2024-07-23,GOOGL,1,180.2831268310547
2024-07-23,NFLX,1771,64.2760009765625
2024-07-24,COST,200,820.6151123046875
2024-07-24,AMZN,571,180.8300018310547
2024-07-24,MSFT,259,421.4703674316406
2024-07-24,GOOG,498,172.9304962158203
2024-07-24,GOOGL,1,171.19903564453125
2024-07-24,NFLX,1771,63.5989990234375
2024-07-25,COST,200,805.9277954101562
2024-07-25,AMZN,571,179.85000610351562
2024-07-25,MSFT,259,411.1522521972656
2024-07-25,GOOG,498,167.7635040283203
2024-07-25,GOOGL,1,165.8933868408203
2024-07-25,NFLX,1771,63.409000396728516
2024-07-26,COST,200,808.7072143554688
2024-07-26,AMZN,571,182.5
2024-07-26,MSFT,259,417.9031982421875
2024-07-26,GOOG,498,167.28744506835938
2024-07-26,GOOGL,1,165.61570739746094
2024-07-26,NFLX,1771,63.137001037597656
2024-07-29,COST,200,806.689453125
2024-07-29,AMZN,571,183.1999969482422
2024-07-29,MSFT,259,419.3379821777344
2024-07-29,GOOG,498,169.7172088623047
2024-07-29,GOOGL,1,168.12474060058594
2024-07-29,NFLX,1771,62.69599914550781
2024-07-30,COST,201,801.2196044921875
2024-07-30,AMZN,628,181.7100067138672
2024-07-30,MSFT,255,415.5940246582031
2024-07-30,GOOG,1,170.4412078857422
2024-07-30,NFLX,2492,62.257999420166016
2024-07-30,META,156,459.7386169433594
2024-07-31,COST,201,813.0593872070312
2024-07-31,AMZN,628,186.97999572753906
2024-07-31,MSFT,255,411.1031188964844
2024-07-31,GOOG,1,171.7205810546875
2024-07-31,NFLX,2492,62.834999084472656
2024-07-31,META,156,471.2918395996094
2024-08-01,COST,201,808.0049438476562
2024-08-01,AMZN,628,184.07000732421875
2024-08-01,MSFT,255,409.8846130371094
2024-08-01,GOOG,1,171.02633666992188
2024-08-01,NFLX,2492,62.48500061035156
2024-08-01,META,156,494.0311279296875
2024-08-02,COST,201,813.1384887695312
2024-08-02,AMZN,628,167.89999389648438
2024-08-02,MSFT,255,401.4139099121094
2024-08-02,GOOG,1,167.009765625
2024-08-02,NFLX,2492,61.36399841308594
2024-08-02,META,156,484.502685546875
2024-08-05,COST,201,793.1087036132812
2024-08-05,AMZN,628,161.02000427246094
2024-08-05,MSFT,255,388.30499267578125
2024-08-05,GOOG,1,159.31385803222656
2024-08-05,NFLX,2492,59.85499954223633
2024-08-05,META,156,472.1851806640625
2024-08-06,COST,196,807.9950561523438
2024-08-06,MSFT,1,392.6877746582031
2024-08-06,NFLX,2588,60.957000732421875
2024-08-06,META,200,490.4083557128906
2024-08-06,NVDA,525,103.96212768554688
2024-08-06,AVGO,286,141.0065155029297
2024-08-07,COST,196,801.4866333007812
2024-08-07,MSFT,1,391.5282287597656
2024-08-07,NFLX,2588,61.14799880981445
2024-08-07,META,200,485.2768859863281
2024-08-07,NVDA,525,98.63687896728516
2024-08-07,AVGO,286,133.51141357421875
2024-08-08,COST,196,830.2997436523438
2024-08-08,MSFT,1,395.71441650390625
2024-08-08,NFLX,2588,63.03499984741211
2024-08-08,META,200,505.8325500488281
2024-08-08,NVDA,525,104.68013763427734
2024-08-08,AVGO,286,142.7896728515625
2024-08-09,COST,196,845.6311645507812
2024-08-09,MSFT,1,398.9867248535156
2024-08-09,NFLX,2588,63.39400100708008
2024-08-09,META,200,513.911865234375
2024-08-09,NVDA,525,104.46073913574219
2024-08-09,AVGO,286,145.25865173339844
2024-08-12,COST,196,854.1771850585938
2024-08-12,MSFT,1,399.7629699707031
2024-08-12,NFLX,2588,63.31399917602539
2024-08-12,META,200,512.10546875
2024-08-12,NVDA,525,108.71896362304688
2024-08-12,AVGO,286,145.61135864257812
2024-08-13,COST,193,855.41357421875
2024-08-13,NFLX,2580,64.802001953125
2024-08-13,META,193,524.6016235351562
2024-08-13,NVDA,481,115.81929016113281
2024-08-13,AAPL,295,219.4344024658203
2024-08-14,COST,193,853.3265380859375
2024-08-14,NFLX,2580,66.16799926757812
2024-08-14,META,193,522.8349609375
2024-08-14,NVDA,481,117.75395202636719
2024-08-14,AAPL,295,219.88064575195312
2024-08-15,COST,193,867.807373046875
2024-08-15,NFLX,2580,66.3219985961914
2024-08-15,META,193,533.3261108398438
2024-08-15,NVDA,481,122.52074432373047
2024-08-15,AAPL,295,222.85577392578125
2024-08-16,COST,193,861.1209716796875
2024-08-16,NFLX,2580,67.40699768066406
2024-08-16,META,193,523.4900512695312
2024-08-16,NVDA,481,124.2359848022461
2024-08-16,AAPL,295,224.1747283935547
2024-08-19,COST,193,862.8616943359375
2024-08-19,NFLX,2580,68.85299682617188
2024-08-19,META,193,525.3361206054688
2024-08-19,NVDA,481,129.64100646972656
2024-08-19,AAPL,295,224.0160369873047
2024-08-20,COST,198,866.669921875
2024-08-20,NFLX,2484,69.85399627685547
2024-08-20,META,176,522.8051147460938
2024-08-20,AAPL,288,224.6309051513672
2024-08-20,MSFT,296,418.19384765625
2024-08-21,COST,198,871.8330078125
2024-08-21,NFLX,2484,69.71199798583984
2024-08-21,META,176,531.1722412109375
2024-08-21,AAPL,288,224.52183532714844
2024-08-21,MSFT,296,417.54412841796875
2024-08-22,COST,198,868.0150756835938
2024-08-22,NFLX,2484,68.89600372314453
2024-08-22,META,176,527.9664306640625
2024-08-22,AAPL,288,222.6673583984375
2024-08-22,MSFT,296,409.0876159667969
2024-08-23,COST,198,869.647216796875
2024-08-23,NFLX,2484,68.6729965209961
2024-08-23,META,176,524.065673828125
2024-08-23,AAPL,288,224.9581756591797
2024-08-23,MSFT,296,410.308349609375
2024-08-26,COST,198,882.802490234375
2024-08-26,NFLX,2484,68.84400177001953
2024-08-26,META,176,517.2369384765625
2024-08-26,AAPL,288,225.29534912109375
2024-08-26,MSFT,296,407.0596618652344
2024-08-27,COST,194,899.0142211914062
2024-08-27,NFLX,2484,69.5719985961914
2024-08-27,META,183,515.2319946289062
2024-08-27,AAPL,307,226.13829040527344
2024-08-27,NVDA,376,127.94573211669922
2024-08-28,COST,194,878.3909301757812
2024-08-28,NFLX,2484,68.38400268554688
2024-08-28,META,183,512.9292602539062
2024-08-28,AAPL,307,224.61109924316406
2024-08-28,NVDA,376,125.26314544677734
2024-08-29,COST,194,876.9863891601562
2024-08-29,NFLX,2484,69.24800109863281
2024-08-29,META,183,514.3583984375
2024-08-29,AAPL,307,227.8837127685547
2024-08-29,NVDA,376,117.2652816772461
2024-08-30,COST,194,882.673828125
2024-08-30,NFLX,2484,70.13500213623047
2024-08-30,META,183,517.4254760742188
2024-08-30,AAPL,307,227.10025024414062
2024-08-30,NVDA,376,119.04037475585938
2024-09-03,COST,194,869.0139770507812
2024-09-03,NFLX,2484,67.53199768066406
2024-09-03,META,183,507.9466857910156
2024-09-03,AAPL,307,220.92193603515625
2024-09-03,NVDA,376,107.70176696777344
2024-09-04,COST,192,880.3394775390625
2024-09-04,NFLX,2475,67.96800231933594
2024-09-04,META,219,508.9193420410156
2024-09-04,AAPL,259,219.01788330078125
2024-09-04,NVDA,1,105.9167251586914
2024-09-04,AVGO,233,151.00001525878906
2024-09-05,COST,192,876.343505859375
2024-09-05,NFLX,2475,68.36199951171875
2024-09-05,META,219,513.0086669921875
2024-09-05,AAPL,259,220.53517150878906
2024-09-05,NVDA,1,106.9139633178711
2024-09-05,AVGO,233,149.72634887695312
2024-09-06,COST,192,867.14453125
2024-09-06,NFLX,2475,66.5770034790039
2024-09-06,META,219,496.542236328125
2024-09-06,AAPL,259,218.98812866210938
2024-09-06,NVDA,1,102.54605102539062
2024-09-06,AVGO,233,134.22659301757812
2024-09-09,COST,192,886.7390747070312
2024-09-09,NFLX,2475,67.54199981689453
2024-09-09,META,219,501.02862548828125
2024-09-09,AAPL,259,219.07736206054688
2024-09-09,NVDA,1,106.17599487304688
2024-09-09,AVGO,233,137.96929931640625
2024-09-10,COST,190,884.5631103515625
2024-09-10,NFLX,2467,67.36199951171875
2024-09-10,META,209,501.02862548828125
2024-09-10,AAPL,318,218.2840118408203
2024-09-10,PEP,260,164.52565002441406
2024-09-11,COST,190,890.6066284179688
2024-09-11,NFLX,2467,68.14700317382812
2024-09-11,META,209,508.0161437988281
2024-09-11,AAPL,318,220.8128662109375
2024-09-11,PEP,260,162.64730834960938
2024-09-12,COST,190,905.0775146484375
2024-09-12,NFLX,2467,68.68000030517578
2024-09-12,META,209,521.6834716796875
2024-09-12,AAPL,318,220.92193603515625
2024-09-12,PEP,260,164.00750732421875
2024-09-13,COST,190,906.0369262695312
2024-09-13,NFLX,2467,69.70600128173828
2024-09-13,META,209,520.7109375
2024-09-13,AAPL,318,220.6541748046875
2024-09-13,PEP,260,164.10926818847656
2024-09-16,COST,190,897.995361328125
2024-09-16,NFLX,2467,69.6500015258789
2024-09-16,META,209,529.8112182617188
2024-09-16,AAPL,318,214.5254669189453
2024-09-16,PEP,260,163.97047424316406
2024-09-17,COST,190,887.5106201171875
2024-09-17,NFLX,2431,70.69100189208984
2024-09-17,META,181,532.8314819335938
2024-09-17,AAPL,398,214.9915313720703
2024-09-17,AMZN,256,186.8800048828125
2024-09-18,COST,190,882.8123168945312
2024-09-18,NFLX,2431,69.0469970703125
2024-09-18,META,181,534.450927734375
2024-09-18,AAPL,398,218.8592071533203
2024-09-18,AMZN,256,186.42999267578125
2024-09-19,COST,190,890.94287109375
2024-09-19,NFLX,2431,70.43199920654297
2024-09-19,META,181,555.4633178710938
2024-09-19,AAPL,398,226.97132873535156
2024-09-19,AMZN,256,189.8699951171875
2024-09-20,COST,190,897.114990234375
2024-09-20,NFLX,2431,70.10299682617188
2024-09-20,META,181,557.6986694335938
2024-09-20,AAPL,398,226.30690002441406
2024-09-20,AMZN,256,191.60000610351562
2024-09-23,COST,190,907.1052856445312
2024-09-23,NFLX,2431,70.53700256347656
2024-09-23,META,181,560.73876953125
2024-09-23,AAPL,398,224.59124755859375
2024-09-23,AMZN,256,193.8800048828125
2024-09-24,COST,192,891.7342529296875
2024-09-24,NFLX,2461,72.22599792480469
2024-09-24,META,177,559.6658325195312
2024-09-24,AAPL,402,225.48377990722656
2024-09-24,AMZN,348,193.9600067138672
2024-09-25,COST,192,898.5394287109375
2024-09-25,NFLX,2461,72.15599822998047
2024-09-25,META,177,564.6133422851562
2024-09-25,AAPL,402,224.49205017089844
2024-09-25,AMZN,348,192.52999877929688
2024-09-26,COST,192,891.6353759765625
2024-09-26,NFLX,2461,71.14299774169922
2024-09-26,META,177,564.1465454101562
2024-09-26,AAPL,402,225.63255310058594
2024-09-26,AMZN,348,191.16000366210938
2024-09-27,COST,192,875.9874267578125
2024-09-27,NFLX,2461,70.73500061035156
2024-09-27,META,177,563.6696166992188
2024-09-27,AAPL,402,225.90029907226562
2024-09-27,AMZN,348,187.97000122070312
2024-09-30,COST,192,876.8776245117188
2024-09-30,NFLX,2461,70.927001953125
2024-09-30,META,177,568.716552734375
2024-09-30,AAPL,402,231.0670928955078
2024-09-30,AMZN,348,186.3300018310547
2024-10-01,COST,197,867.8370361328125
2024-10-01,NFLX,2423,70.61299896240234
2024-10-01,META,186,572.7202758789062
2024-10-01,AAPL,521,224.33340454101562
2024-10-01,AVGO,249,164.61944580078125
2024-10-02,COST,197,868.9744262695312
2024-10-02,NFLX,2423,71.10900115966797
2024-10-02,META,186,569.0841674804688
2024-10-02,AAPL,521,224.898681640625
2024-10-02,AVGO,249,167.75515747070312
2024-10-03,COST,197,866.1455688476562
2024-10-03,NFLX,2423,70.68000030517578
2024-10-03,META,186,578.9794311523438
2024-10-03,AAPL,521,223.7978973388672
2024-10-03,AVGO,249,168.9642333984375
2024-10-04,COST,197,873.5047607421875
2024-10-04,NFLX,2423,71.97000122070312
2024-10-04,META,186,592.063720703125
2024-10-04,AAPL,521,224.91851806640625
2024-10-04,AVGO,249,173.6333770751953
2024-10-07,COST,197,864.0882568359375
2024-10-07,NFLX,2423,70.19200134277344
2024-10-07,META,186,580.9763793945312
2024-10-07,AAPL,521,219.85093688964844
2024-10-07,AVGO,249,172.0999298095703
2024-10-08,NFLX,2442,72.1760025024414
2024-10-08,META,293,589.0335083007812
2024-10-08,AVGO,378,177.65374755859375
2024-10-08,CSCO,444,50.47002029418945
2024-10-08,PEP,627,157.68777465820312
2024-10-09,NFLX,2442,72.74299621582031
2024-10-09,META,293,586.6690063476562
2024-10-09,AVGO,378,182.78488159179688
2024-10-09,CSCO,444,51.26444625854492
2024-10-09,PEP,627,159.64935302734375
2024-10-10,NFLX,2442,73.02899932861328
2024-10-10,META,293,580.0324096679688
2024-10-10,AVGO,378,182.52931213378906
2024-10-10,CSCO,444,51.24530029296875
2024-10-10,PEP,627,160.0657501220703
2024-10-11,NFLX,2442,72.27899932861328
2024-10-11,META,293,586.1126708984375
2024-10-11,AVGO,378,178.39097595214844
2024-10-11,CSCO,444,51.92487335205078
2024-10-11,PEP,627,161.7498016357422
2024-10-14,NFLX,2442,71.30000305175781
2024-10-14,META,293,586.5795288085938
2024-10-14,AVGO,378,179.20684814453125
2024-10-14,CSCO,444,51.94401550292969
2024-10-14,PEP,627,162.9434051513672
2024-10-15,NFLX,2447,70.5979995727539
2024-10-15,META,194,582.4566040039062
2024-10-15,PEP,633,162.75836181640625
2024-10-15,COST,197,884.8795776367188
2024-10-15,NVDA,356,131.24783325195312
2024-10-16,NFLX,2447,70.19999694824219
2024-10-16,META,194,573.038330078125
2024-10-16,PEP,633,161.4444580078125
2024-10-16,COST,197,877.7282104492188
2024-10-16,NVDA,356,135.35682678222656
2024-10-17,NFLX,2447,68.76499938964844
2024-10-17,META,194,573.1773681640625
2024-10-17,PEP,633,161.6202392578125
2024-10-17,COST,197,875.6609497070312
2024-10-17,NVDA,356,136.5635528564453
2024-10-18,NFLX,2447,76.38899993896484
2024-10-18,META,194,572.7202758789062
2024-10-18,PEP,633,161.9811248779297
2024-10-18,COST,197,879.8844604492188
2024-10-18,NVDA,356,137.63070678710938
2024-10-21,NFLX,2447,77.20700073242188
2024-10-21,META,194,571.4187622070312
2024-10-21,PEP,633,161.93484497070312
2024-10-21,COST,197,877.1248168945312
2024-10-21,NVDA,356,143.32542419433594
2024-10-22,NFLX,1564,76.42400360107422
2024-10-22,META,253,578.2243041992188
2024-10-22,PEP,696,161.34266662597656
2024-10-22,COST,200,883.7717895507812
2024-10-22,AAPL,488,233.90333557128906
2024-10-23,NFLX,1564,74.92900085449219
2024-10-23,META,253,560.0234375
2024-10-23,PEP,696,160.0287628173828
2024-10-23,COST,200,889.389892578125
2024-10-23,AAPL,488,228.84564208984375
2024-10-24,NFLX,1564,75.45500183105469
2024-10-24,META,253,564.0868530273438
2024-10-24,PEP,696,159.2977752685547
2024-10-24,COST,200,883.7024536132812
2024-10-24,AAPL,488,228.65725708007812
2024-10-25,NFLX,1564,75.46800231933594
2024-10-25,META,253,569.5211791992188
2024-10-25,PEP,696,158.9553985595703
2024-10-25,COST,200,881.5264282226562
2024-10-25,AAPL,488,229.49029541015625
2024-10-28,NFLX,1564,74.91200256347656
2024-10-28,META,253,574.3994140625
2024-10-28,PEP,696,157.15110778808594
2024-10-28,COST,200,881.2691650390625
2024-10-28,AAPL,488,231.4637451171875
2024-10-29,NFLX,1223,75.94400024414062
2024-10-29,META,276,589.421142578125
2024-10-29,COST,200,877.3424682617188
2024-10-29,AAPL,459,231.73150634765625
2024-10-29,MSFT,315,425.23260498046875
2024-10-30,NFLX,1223,75.3740005493164
2024-10-30,META,276,587.9506225585938
2024-10-30,COST,200,869.5283203125
2024-10-30,AAPL,459,228.19113159179688
2024-10-30,MSFT,315,425.8035888671875
2024-10-31,NFLX,1223,75.60299682617188
2024-10-31,META,276,563.8883056640625
2024-10-31,COST,200,864.6717529296875
2024-10-31,AAPL,459,224.035888671875
2024-10-31,MSFT,315,400.03070068359375
2024-11-01,NFLX,1223,75.61000061035156
2024-11-01,META,276,563.4708862304688
2024-11-01,COST,200,868.9207763671875
2024-11-01,AAPL,459,221.06077575683594
2024-11-01,MSFT,315,403.9881591796875
2024-11-04,NFLX,1223,75.5510025024414
2024-11-04,META,276,557.0330200195312
2024-11-04,COST,200,877.5970458984375
2024-11-04,AAPL,459,220.1682586669922
2024-11-04,MSFT,315,402.1078796386719
2024-11-05,NFLX,1220,76.39099884033203
2024-11-05,META,289,568.7066040039062
2024-11-05,COST,196,881.6577758789062
2024-11-05,AAPL,1,221.59629821777344
2024-11-05,GOOGL,599,168.55636596679688
2024-11-05,GOOG,580,170.2187042236328
2024-11-06,NFLX,1220,78.02100372314453
2024-11-06,META,289,568.3289794921875
2024-11-06,COST,196,890.6510620117188
2024-11-06,AAPL,1,220.8723602294922
2024-11-06,GOOGL,599,175.27914428710938
2024-11-06,GOOG,580,177.0906219482422
2024-11-07,NFLX,1220,79.65399932861328
2024-11-07,META,289,587.851318359375
2024-11-07,COST,196,905.1906127929688
2024-11-07,AAPL,1,225.5928497314453
2024-11-07,GOOGL,599,179.48959350585938
2024-11-07,GOOG,580,181.01316833496094
2024-11-08,NFLX,1220,79.50399780273438
2024-11-08,META,289,585.506591796875
2024-11-08,COST,196,934.7750244140625
2024-11-08,AAPL,1,225.3248291015625
2024-11-08,GOOGL,599,177.10633850097656
2024-11-08,GOOG,580,178.60997009277344
2024-11-11,NFLX,1220,80.54399871826172
2024-11-11,META,289,579.3767700195312
2024-11-11,COST,196,923.95947265625
2024-11-11,AAPL,1,222.61448669433594
2024-11-11,GOOGL,599,179.09242248535156
2024-11-11,GOOG,580,180.70530700683594
2024-11-12,NFLX,1222,81.94999694824219
2024-11-12,META,299,581.0159912109375
2024-11-12,COST,195,923.4642333984375
2024-11-12,GOOGL,551,180.35354614257812
2024-11-12,GOOG,532,182.04591369628906
2024-11-13,NFLX,1222,83.0469970703125
2024-11-13,META,299,576.2274169921875
2024-11-13,COST,195,924.8013305664062
2024-11-13,GOOGL,551,177.63262939453125
2024-11-13,GOOG,532,179.235595703125
2024-11-14,NFLX,1222,83.72599792480469
2024-11-14,META,299,573.4058227539062
2024-11-14,COST,195,915.055419921875
2024-11-14,GOOGL,551,174.3556671142578
2024-11-14,GOOG,532,176.117431640625
2024-11-15,NFLX,1222,82.39600372314453
2024-11-15,META,299,550.4758911132812
2024-11-15,COST,195,898.396240234375
2024-11-15,GOOGL,551,171.28721618652344
2024-11-15,GOOG,532,172.68145751953125
2024-11-18,NFLX,1222,84.70500183105469
2024-11-18,META,299,550.7939453125
2024-11-18,COST,195,910.7172241210938
2024-11-18,GOOGL,551,174.0775909423828
2024-11-18,GOOG,532,175.57125854492188
2024-11-19,NFLX,1216,87.13200378417969
2024-11-19,META,277,557.4403686523438
2024-11-19,COST,193,921.255615234375
2024-11-19,CSCO,2304,54.56657791137695
2024-11-19,NVDA,593,146.61659240722656
2024-11-20,NFLX,1216,88.38500213623047
2024-11-20,META,277,561.841552734375
2024-11-20,COST,193,919.2053833007812
2024-11-20,CSCO,2304,55.03558349609375
2024-11-20,NVDA,593,145.4995880126953
2024-11-21,NFLX,1216,89.74800109863281
2024-11-21,META,277,559.4273681640625
2024-11-21,COST,193,946.5116577148438
2024-11-21,CSCO,2304,55.0930061340332
2024-11-21,NVDA,593,146.27749633789062
2024-11-22,NFLX,1216,89.77899932861328
2024-11-22,META,277,555.503173828125
2024-11-22,COST,193,954.7916870117188
2024-11-22,CSCO,2304,56.04058074951172
2024-11-22,NVDA,593,141.57012939453125
2024-11-25,NFLX,1216,86.55899810791016
2024-11-25,META,277,561.4342651367188
2024-11-25,COST,193,951.7015380859375
2024-11-25,CSCO,2304,56.22243118286133
2024-11-25,NVDA,593,135.65602111816406
2024-11-26,NFLX,1095,87.26000213623047
2024-11-26,META,282,569.8093872070312
2024-11-26,COST,190,962.2100830078125
2024-11-26,CSCO,2371,57.036006927490234
2024-11-26,AAPL,392,233.36643981933594
2024-11-27,NFLX,1095,87.73400115966797
2024-11-27,META,282,565.4976196289062
2024-11-27,COST,190,952.3552856445312
2024-11-27,CSCO,2371,56.74885940551758
2024-11-27,AAPL,392,233.23739624023438
2024-11-29,NFLX,1095,88.68099975585938
2024-11-29,META,282,570.5843505859375
2024-11-29,COST,190,962.5864868164062
2024-11-29,CSCO,2371,56.67228698730469
2024-11-29,AAPL,392,235.62008666992188
2024-12-02,NFLX,1095,89.77400207519531
2024-12-02,META,282,588.973876953125
2024-12-02,COST,190,965.6766357421875
2024-12-02,CSCO,2371,56.88285827636719
2024-12-02,AAPL,392,237.8638153076172
2024-12-03,NFLX,1127,90.21700286865234
2024-12-03,META,263,609.6585693359375
2024-12-03,COST,191,972.75830078125
2024-12-03,CSCO,2358,56.93071365356445
2024-12-03,NVDA,767,139.88467407226562
2024-12-04,NFLX,1127,91.10600280761719
2024-12-04,META,263,609.7876586914062
2024-12-04,COST,191,981.4443969726562
2024-12-04,CSCO,2358,57.06471252441406
2024-12-04,NVDA,767,144.7515869140625
2024-12-05,NFLX,1127,91.78700256347656
2024-12-05,META,263,604.96923828125
2024-12-05,COST,191,972.8672485351562
2024-12-05,CSCO,2358,57.447574615478516
2024-12-05,NVDA,767,144.68177795410156
2024-12-06,NFLX,1127,93.4739990234375
2024-12-06,META,263,619.712646484375
2024-12-06,COST,191,983.1182250976562
2024-12-06,CSCO,2358,57.32314682006836
2024-12-06,NVDA,767,142.06861877441406
2024-12-09,NFLX,1127,91.36900329589844
2024-12-09,META,263,609.5791015625
2024-12-09,COST,191,978.4136962890625
2024-12-09,CSCO,2358,56.423431396484375
2024-12-09,NVDA,767,138.44805908203125
2024-12-10,NFLX,1194,91.33499908447266
2024-12-10,META,251,615.2916259765625
2024-12-10,COST,191,983.9006958007812
2024-12-10,CSCO,2362,56.20329284667969
2024-12-10,NVDA,776,134.71783447265625
2024-12-11,NFLX,1194,93.65599822998047
2024-12-11,META,251,628.5647583007812
2024-12-11,COST,191,985.1783447265625
2024-12-11,CSCO,2362,56.078861236572266
2024-12-11,NVDA,776,138.94676208496094
2024-12-12,NFLX,1194,92.55500030517578
2024-12-12,META,251,626.6869506835938
2024-12-12,COST,191,978.9385375976562
2024-12-12,CSCO,2362,56.32771682739258
2024-12-12,NVDA,776,136.98190307617188
2024-12-13,NFLX,1194,91.88700103759766
2024-12-13,META,251,616.3148803710938
2024-12-13,COST,191,979.889404296875
2024-12-13,CSCO,2362,56.10757827758789
2024-12-13,NVDA,776,133.8999786376953
2024-12-16,NFLX,1194,92.10800170898438
2024-12-16,META,251,620.679931640625
2024-12-16,COST,191,983.3757934570312
2024-12-16,CSCO,2362,55.849143981933594
2024-12-16,NVDA,776,131.6558074951172
2024-12-17,META,248,615.9072265625
2024-12-17,COST,190,972.6888427734375
2024-12-17,CSCO,2204,56.011863708496094
2024-12-17,NVDA,863,130.05001831054688
2024-12-17,AAPL,437,251.65374755859375
2024-12-18,META,248,593.7841796875
2024-12-18,COST,190,955.5147094726562
2024-12-18,CSCO,2204,55.064292907714844
2024-12-18,NVDA,863,128.5738983154297
2024-12-18,AAPL,437,246.26287841796875
2024-12-19,META,248,592.17333984375
2024-12-19,COST,190,945.6697998046875
2024-12-19,CSCO,2204,55.16000747680664
2024-12-19,NVDA,863,130.33926391601562
2024-12-19,AAPL,437,247.99034118652344
2024-12-20,META,248,581.9122924804688
2024-12-20,COST,190,944.9468994140625
2024-12-20,CSCO,2204,56.011863708496094
2024-12-20,NVDA,863,134.3488006591797
2024-12-20,AAPL,437,252.65647888183594
2024-12-23,META,248,596.4288940429688
2024-12-23,COST,190,940.8265380859375
2024-12-23,CSCO,2204,56.4521484375
2024-12-23,NVDA,863,139.3058319091797
2024-12-23,AAPL,437,253.43084716796875
2024-12-24,META,223,604.2839965820312
2024-12-24,COST,197,949.6513061523438
2024-12-24,CSCO,2310,57.28486251831055
2024-12-24,NVDA,914,139.85440063476562
2024-12-24,AAPL,564,256.33978271484375
2024-12-26,META,223,599.908935546875
2024-12-26,COST,197,946.9970703125
2024-12-26,CSCO,2310,57.4092903137207
2024-12-26,NVDA,914,139.56515502929688
2024-12-26,AAPL,564,257.15380859375
2024-12-27,META,223,596.3893432617188
2024-12-27,COST,197,930.7142333984375
2024-12-27,CSCO,2310,57.05514907836914
2024-12-27,NVDA,914,136.6527557373047
2024-12-27,AAPL,564,253.74855041503906
2024-12-30,META,223,587.8681030273438
2024-12-30,COST,197,913.3914794921875
2024-12-30,CSCO,2310,56.653141021728516
2024-12-30,NVDA,914,137.13150024414062
2024-12-30,AAPL,564,250.38294982910156
2024-12-31,META,226,582.1707763671875
2024-12-31,COST,200,907.5082397460938
2024-12-31,CSCO,2222,56.662723541259766
2024-12-31,NVDA,983,133.93988037109375
2024-12-31,AAPL,597,248.6157989501953
2025-01-02,META,226,595.8224487304688
2025-01-02,COST,200,901.1099853515625
2025-01-02,CSCO,2222,56.56700134277344
2025-01-02,NVDA,983,137.94935607910156
2025-01-02,AAPL,597,242.09312438964844
2025-01-03,META,226,601.1817626953125
2025-01-03,COST,200,907.8153686523438
2025-01-03,CSCO,2222,56.721187591552734
2025-01-03,NVDA,983,144.09332275390625
2025-01-03,AAPL,597,241.6066436767578
2025-01-06,META,226,626.60595703125
2025-01-06,COST,200,913.88671875
2025-01-06,CSCO,2222,56.63446044921875
2025-01-06,NVDA,983,149.04037475585938
2025-01-06,AAPL,597,243.23484802246094
2025-01-07,META,218,614.3662109375
2025-01-07,COST,205,912.5594482421875
2025-01-07,CSCO,2170,56.78864288330078
2025-01-07,NVDA,901,139.7745819091797
2025-01-07,AAPL,669,240.4649658203125
2025-01-08,META,218,607.2369384765625
2025-01-08,COST,205,918.5020751953125
2025-01-08,CSCO,2170,57.0488395690918
2025-01-08,NVDA,901,139.7446746826172
2025-01-08,AAPL,669,240.951416015625
2025-01-10,META,218,612.3475952148438
2025-01-10,COST,205,927.9805908203125
2025-01-10,CSCO,2170,56.60554885864258
2025-01-10,NVDA,901,135.55563354492188
2025-01-10,AAPL,669,235.1435546875
2025-01-13,META,218,604.8606567382812
2025-01-13,COST,205,915.857666015625
2025-01-13,CSCO,2170,56.624820709228516
2025-01-13,NVDA,901,132.8826141357422
2025-01-13,AAPL,669,232.71121215820312
2025-01-14,META,212,590.8609619140625
2025-01-14,COST,199,908.458984375
2025-01-14,CSCO,2397,57.174110412597656
2025-01-14,AAPL,623,231.5992889404297
2025-01-14,NFLX,1171,82.83999633789062
2025-01-15,META,212,613.6004028320312
2025-01-15,COST,199,914.6691284179688
2025-01-15,CSCO,2397,57.80049514770508
2025-01-15,AAPL,623,236.1562042236328
2025-01-15,NFLX,1171,84.82599639892578
2025-01-16,META,212,607.8136596679688
2025-01-16,COST,199,910.9549560546875
2025-01-16,CSCO,2397,57.646305084228516
2025-01-16,AAPL,623,226.61541748046875
2025-01-16,NFLX,1171,84.23699951171875
2025-01-17,META,212,609.2753295898438
2025-01-17,COST,199,934.1708374023438
2025-01-17,CSCO,2397,58.041412353515625
2025-01-17,AAPL,623,228.32305908203125
2025-01-17,NFLX,1171,85.80999755859375
2025-01-21,META,212,612.9443359375
2025-01-21,COST,199,938.6673583984375
2025-01-21,CSCO,2397,58.81233596801758
2025-01-21,AAPL,623,221.03591918945312
2025-01-21,NFLX,1171,86.96800231933594
2025-01-22,META,190,619.944091796875
2025-01-22,COST,199,935.6664428710938
2025-01-22,CSCO,3186,59.39053726196289
2025-01-22,NFLX,1038,95.39900207519531
2025-01-22,NVDA,805,146.68655395507812
2025-01-23,META,190,632.8202514648438
2025-01-23,COST,199,933.150634765625
2025-01-23,CSCO,3186,59.96873474121094
2025-01-23,NFLX,1038,98.48600006103516
2025-01-23,NVDA,805,146.83616638183594
2025-01-24,META,190,643.7973022460938
2025-01-24,COST,199,930.6943359375
2025-01-24,CSCO,3186,59.96873474121094
2025-01-24,NFLX,1038,97.75900268554688
2025-01-24,NVDA,805,142.2481231689453
2025-01-27,META,190,656.1166381835938
2025-01-27,COST,199,956.0198974609375
2025-01-27,CSCO,3186,56.933197021484375
2025-01-27,NFLX,1038,97.18900299072266
2025-01-27,NVDA,805,118.11123657226562
2025-01-28,META,219,670.4842529296875
2025-01-28,COST,193,949.5027465820312
2025-01-28,CSCO,2176,57.27047348022461
2025-01-28,NFLX,1364,97.18299865722656
2025-01-28,AMZN,430,238.14999389648438
2025-01-29,META,219,672.6318969726562
2025-01-29,COST,193,954.8016967773438
2025-01-29,CSCO,2176,57.3861198425293
2025-01-29,NFLX,1364,97.81500244140625
2025-01-29,AMZN,430,237.07000732421875
2025-01-30,META,219,683.0819091796875
2025-01-30,COST,193,969.6482543945312
2025-01-30,CSCO,2176,58.27268981933594
2025-01-30,NFLX,1364,97.3239974975586
2025-01-30,AMZN,430,234.63999938964844
2025-01-31,META,219,685.2494506835938
2025-01-31,COST,193,970.5099487304688
2025-01-31,CSCO,2176,58.3979606628418
2025-01-31,NFLX,1364,97.6760025024414
2025-01-31,AMZN,430,237.67999267578125
2025-02-03,META,219,693.4822998046875
2025-02-03,COST,193,996.2119140625
2025-02-03,CSCO,2176,58.82197570800781
2025-02-03,NFLX,1364,97.89399719238281
2025-02-03,AMZN,430,237.4199981689453
2025-02-04,META,221,700.1738891601562
2025-02-04,COST,190,1012.0885009765625
2025-02-04,CSCO,2617,59.1110725402832
2025-02-04,NFLX,1263,99.48699951171875
2025-02-04,AMZN,422,242.05999755859375
2025-02-05,META,221,700.85009765625
2025-02-05,COST,190,1032.9075927734375
2025-02-05,CSCO,2617,60.29637908935547
2025-02-05,NFLX,1263,101.11100006103516
2025-02-05,AMZN,422,236.1699981689453
2025-02-06,META,221,707.9293823242188
2025-02-06,COST,190,1040.93994140625
2025-02-06,CSCO,2617,60.00727462768555
2025-02-06,NFLX,1263,101.56800079345703
2025-02-06,AMZN,422,238.8300018310547
2025-02-07,META,221,710.4450073242188
2025-02-07,COST,190,1034.970947265625
2025-02-07,CSCO,2617,60.00727462768555
2025-02-07,NFLX,1263,101.39299774169922
2025-02-07,AMZN,422,229.14999389648438
2025-02-10,META,221,713.3086547851562
2025-02-10,COST,190,1052.927734375
2025-02-10,CSCO,2617,60.52766036987305
2025-02-10,NFLX,1263,102.76000213623047
2025-02-10,AMZN,422,233.13999938964844
2025-02-11,META,183,715.6949462890625
2025-02-11,COST,185,1049.3778076171875
2025-02-11,CSCO,3216,60.16146469116211
2025-02-11,NFLX,1338,100.80799865722656
2025-02-11,AMZN,389,232.75999450683594
2025-02-12,META,183,721.2431030273438
2025-02-12,COST,185,1056.1005859375
2025-02-12,CSCO,3216,60.25782775878906
2025-02-12,NFLX,1338,102.73100280761719
2025-02-12,AMZN,389,228.92999267578125
2025-02-13,META,183,724.4049072265625
2025-02-13,COST,185,1067.7410888671875
2025-02-13,CSCO,3216,61.520233154296875
2025-02-13,NFLX,1338,104.36900329589844
2025-02-13,AMZN,389,230.3699951171875
2025-02-14,META,183,732.4686279296875
2025-02-14,COST,185,1062.7735595703125
2025-02-14,CSCO,3216,62.51279830932617
2025-02-14,NFLX,1338,105.86000061035156
2025-02-14,AMZN,389,228.67999267578125
2025-02-18,META,183,712.284423828125
2025-02-18,COST,185,1047.0872802734375
2025-02-18,CSCO,3216,62.24296951293945
2025-02-18,NFLX,1338,103.58499908447266
2025-02-18,AMZN,389,226.64999389648438
2025-02-19,META,181,699.7564086914062
2025-02-19,COST,185,1053.5423583984375
2025-02-19,CSCO,3088,62.48388671875
2025-02-19,NFLX,1184,104.33300018310547
2025-02-19,AAPL,437,243.37306213378906
2025-02-20,META,181,690.8773193359375
2025-02-20,COST,185,1026.0670166015625
2025-02-20,CSCO,3088,62.320072174072266
2025-02-20,NFLX,1184,102.4540023803711
2025-02-20,AAPL,437,244.32717895507812
2025-02-21,META,181,679.651611328125
2025-02-21,COST,185,1026.265380859375
2025-02-21,CSCO,3088,61.65514373779297
2025-02-21,NFLX,1184,100.31500244140625
2025-02-21,AAPL,437,244.0489044189453
2025-02-24,META,181,664.3195190429688
2025-02-24,COST,185,1026.8304443359375
2025-02-24,CSCO,3088,60.942039489746094
2025-02-24,NFLX,1184,98.84700012207031
2025-02-24,AAPL,437,245.5894317626953
2025-02-25,META,167,653.7501220703125
2025-02-25,COST,185,1046.720703125
2025-02-25,CSCO,3073,61.93460464477539
2025-02-25,NFLX,1165,97.7239990234375
2025-02-25,AAPL,470,245.52980041503906
2025-02-26,META,167,669.8578491210938
2025-02-26,COST,185,1023.2311401367188
2025-02-26,CSCO,3073,61.75151062011719
2025-02-26,NFLX,1165,99.00599670410156
2025-02-26,AAPL,470,238.89064025878906
2025-02-27,META,167,654.4859619140625
2025-02-27,COST,185,1013.0581665039062
2025-02-27,CSCO,3073,61.4913215637207
2025-02-27,NFLX,1165,96.30699920654297
2025-02-27,AAPL,470,235.84934997558594
2025-02-28,META,167,664.3890991210938
2025-02-28,COST,185,1039.730224609375
2025-02-28,CSCO,3073,61.780418395996094
2025-02-28,NFLX,1165,98.05599975585938
2025-02-28,AAPL,470,240.361572265625
2025-03-03,META,167,651.3141479492188
2025-03-03,COST,185,1037.9852294921875
2025-03-03,CSCO,3073,61.173309326171875
2025-03-03,NFLX,1165,97.37000274658203
2025-03-03,AAPL,470,236.57485961914062
2025-03-04,META,147,636.3499755859375
2025-03-04,COST,182,1028.08984375
2025-03-04,CSCO,3066,60.9613037109375
2025-03-04,NFLX,1182,97.25800323486328
2025-03-04,AAPL,439,234.4877166748047
2025-03-05,META,147,652.72607421875
2025-03-05,COST,182,1038.87744140625
2025-03-05,CSCO,3066,61.635868072509766
2025-03-05,NFLX,1182,99.09200286865234
2025-03-05,AAPL,439,234.29888916015625
2025-03-06,META,147,624.3488159179688
2025-03-06,COST,182,1017.926513671875
2025-03-06,CSCO,3066,61.105857849121094
2025-03-06,NFLX,1182,90.63600158691406
2025-03-06,AAPL,439,233.89138793945312
2025-03-07,META,147,622.0917358398438
2025-03-07,COST,182,956.1442260742188
2025-03-07,CSCO,3066,61.61659240722656
2025-03-07,NFLX,1182,89.11100006103516
2025-03-07,AAPL,439,237.60853576660156
2025-03-10,META,147,594.57958984375
2025-03-10,COST,182,926.497314453125
2025-03-10,CSCO,3066,59.804908752441406
2025-03-10,NFLX,1182,86.66799926757812
2025-03-10,AAPL,439,226.08935546875
2025-03-11,CSCO,2926,58.465415954589844
2025-03-11,AVGO,292,187.35507202148438
2025-03-12,CSCO,2926,58.26304626464844
2025-03-12,AVGO,292,191.4355010986328
2025-03-13,CSCO,2926,57.50175857543945
2025-03-13,AVGO,292,188.60682678222656
2025-03-14,CSCO,2926,58.30159378051758
2025-03-14,AVGO,292,192.72665405273438
2025-03-17,CSCO,2926,58.677425384521484
2025-03-17,AVGO,292,191.7016143798828
2025-03-18,CSCO,2986,58.10886001586914
2025-03-18,AVGO,306,185.95550537109375
2025-03-18,NFLX,1857,92.99800109863281
2025-03-19,CSCO,2986,58.89906311035156
2025-03-19,AVGO,306,192.75624084472656
2025-03-19,NFLX,1857,95.9489974975586
2025-03-20,CSCO,2986,58.41722869873047
2025-03-20,AVGO,306,188.36688232421875
2025-03-20,NFLX,1857,95.08399963378906
2025-03-21,CSCO,2986,58.10886001586914
2025-03-21,AVGO,306,189.47410583496094
2025-03-21,NFLX,1857,96.02899932861328
2025-03-24,CSCO,2986,58.754512786865234
2025-03-24,AVGO,306,189.06878662109375
2025-03-24,NFLX,1857,97.1989974975586
2025-03-25,CSCO,3011,58.7737922668457
2025-03-25,NFLX,1805,99.72799682617188
2025-03-25,META,214,623.2921752929688
2025-03-26,CSCO,3011,59.554351806640625
2025-03-26,NFLX,1805,97.06500244140625
2025-03-26,META,214,608.0360107421875
2025-03-27,CSCO,3011,59.16889190673828
2025-03-27,NFLX,1805,97.6719970703125
2025-03-27,META,214,599.6764526367188
2025-03-28,CSCO,3011,58.64850997924805
2025-03-28,NFLX,1805,93.38500213623047
2025-03-28,META,214,573.9609985351562
2025-03-31,CSCO,3011,59.46762466430664
2025-03-31,NFLX,1805,93.25299835205078
2025-03-31,META,214,573.5828247070312
2025-04-01,CSCO,2903,59.554351806640625
2025-04-01,NFLX,1851,92.83799743652344
2025-04-02,CSCO,2903,59.573631286621094
2025-04-02,NFLX,1851,93.552001953125
2025-04-03,CSCO,2903,55.59623718261719
2025-04-03,NFLX,1851,91.70500183105469
2025-04-04,CSCO,2903,52.90906524658203
2025-04-04,NFLX,1851,85.58599853515625
2025-04-07,CSCO,2903,52.782955169677734
2025-04-07,NFLX,1851,86.78299713134766
2025-04-15,COST,170,968.6473999023438
2025-04-15,NFLX,1753,97.62799835205078
2025-04-16,COST,170,959.5551147460938
2025-04-16,NFLX,1753,96.16300201416016
2025-04-17,COST,170,986.0784912109375
2025-04-17,NFLX,1753,97.3030014038086
2025-04-21,COST,170,949.6594848632812
2025-04-21,NFLX,1753,98.79100036621094
2025-04-22,COST,175,970.937744140625
2025-04-22,NFLX,1675,104.03399658203125
2025-04-23,COST,175,967.57666015625
2025-04-23,NFLX,1675,104.95899963378906
2025-04-24,COST,175,967.2195434570312
2025-04-24,NFLX,1675,109.68699645996094
2025-04-25,COST,175,968.8853149414062
2025-04-25,NFLX,1675,110.15299987792969
2025-04-28,COST,175,970.2536010742188
2025-04-28,NFLX,1675,111.03800201416016
2025-04-29,COST,178,983.30224609375
2025-04-29,NFLX,1566,112.56400299072266
2025-04-30,COST,178,986.0784912109375
2025-04-30,NFLX,1566,113.1719970703125
2025-05-01,COST,178,990.5800170898438
2025-05-01,NFLX,1566,113.34700012207031
2025-05-02,COST,178,1001.0641479492188
2025-05-02,NFLX,1566,115.64900207519531
2025-05-05,COST,178,1007.6069946289062
2025-05-05,NFLX,1566,113.40599822998047
2025-05-06,COST,176,1003.2484741210938
2025-05-06,NFLX,1552,113.76899719238281
2025-05-06,MSFT,196,428.2823181152344
2025-05-07,COST,176,999.9225463867188
2025-05-07,NFLX,1552,115.54100036621094
2025-05-07,MSFT,196,428.3218688964844
2025-05-08,COST,176,1000.478515625
2025-05-08,NFLX,1552,114.44300079345703
2025-05-08,MSFT,196,433.0859375
2025-05-09,COST,176,1000.8557739257812
2025-05-09,NFLX,1552,114.02200317382812
2025-05-09,MSFT,196,433.6394958496094
2025-05-12,COST,176,1008.8579711914062
2025-05-12,NFLX,1552,111.0
2025-05-12,MSFT,196,444.0472412109375
2025-05-13,NFLX,1575,113.84400177001953
2025-05-13,MSFT,360,443.9287109375
2025-05-14,NFLX,1575,115.0989990234375
2025-05-14,MSFT,360,447.6845703125
2025-05-15,NFLX,1575,117.7979965209961
2025-05-15,MSFT,360,448.6946105957031
2025-05-16,NFLX,1575,119.15299987792969
2025-05-16,MSFT,360,449.82342529296875
2025-05-19,NFLX,1575,119.16400146484375
2025-05-19,MSFT,360,454.37841796875
2025-05-20,NFLX,1511,119.2020034790039
2025-05-20,MSFT,244,453.6852722167969
2025-05-20,AVGO,726,229.03765869140625
2025-05-21,NFLX,1511,119.46299743652344
2025-05-21,MSFT,244,448.1401062011719
2025-05-21,AVGO,726,227.1099090576172
2025-05-22,NFLX,1511,118.7969970703125
2025-05-22,MSFT,244,450.40765380859375
2025-05-22,AVGO,726,227.90077209472656
2025-05-23,NFLX,1511,118.53900146484375
2025-05-23,MSFT,244,445.7734680175781
2025-05-23,AVGO,726,226.11143493652344
2025-05-27,NFLX,1511,121.15699768066406
2025-05-27,MSFT,244,456.1806335449219
2025-05-27,AVGO,726,232.96238708496094
2025-05-28,NFLX,1507,120.8550033569336
2025-05-28,MSFT,160,452.8831787109375
2025-05-28,AVGO,572,236.6992645263672
2025-05-28,NVDA,710,134.4708709716797
2025-05-28,TSLA,282,356.8999938964844
2025-05-29,NFLX,1507,118.48600006103516
2025-05-29,MSFT,160,454.1902770996094
2025-05-29,AVGO,572,239.21031188964844
2025-05-29,NVDA,710,138.83985900878906
2025-05-29,TSLA,282,358.42999267578125
2025-05-30,NFLX,1507,120.7229995727539
2025-05-30,MSFT,160,455.85382080078125
2025-05-30,AVGO,572,239.3091583251953
2025-05-30,NVDA,710,134.7900848388672
2025-05-30,TSLA,282,346.4599914550781
2025-06-02,NFLX,1507,121.89800262451172
2025-06-02,MSFT,160,457.4480895996094
2025-06-02,AVGO,572,245.87344360351562
2025-06-02,NVDA,710,137.03440856933594
2025-06-02,TSLA,282,342.69000244140625
2025-06-03,NFLX,1507,121.79399871826172
2025-06-03,MSFT,1,458.4382629394531
2025-06-03,AVGO,400,253.92059326171875
2025-06-03,META,109,663.6367797851562
2025-06-03,COST,169,1048.0147705078125
2025-06-03,CSCO,2968,62.43541717529297
2025-06-04,NFLX,1507,123.96600341796875
2025-06-04,MSFT,1,459.3294677734375
2025-06-04,AVGO,400,258.1023254394531
2025-06-04,META,109,684.6351928710938
2025-06-04,COST,169,1044.1427001953125
2025-06-04,CSCO,2968,62.464515686035156
2025-06-05,NFLX,1507,125.052001953125
2025-06-05,MSFT,1,463.1021728515625
2025-06-05,AVGO,400,256.9654541015625
2025-06-05,META,109,681.321044921875
2025-06-05,COST,169,1003.5562133789062
2025-06-05,CSCO,2968,62.68764877319336
2025-06-06,NFLX,1507,124.14700317382812
2025-06-06,MSFT,1,465.7757568359375
2025-06-06,AVGO,400,244.11373901367188
2025-06-06,META,109,694.3480834960938
2025-06-06,COST,169,1007.6566772460938
2025-06-06,CSCO,2968,64.0845718383789
2025-06-09,NFLX,1507,122.44599914550781
2025-06-09,MSFT,1,468.12255859375
2025-06-09,AVGO,400,241.4939727783203
2025-06-09,META,109,690.7156372070312
2025-06-09,COST,169,998.9594116210938
2025-06-09,CSCO,2968,63.92936325073242
2025-06-10,NFLX,1498,120.36199951171875
2025-06-10,AVGO,401,241.83998107910156
2025-06-10,META,100,699.0155029296875
2025-06-10,COST,143,1000.0416870117188
2025-06-10,CSCO,2872,63.20178985595703
2025-06-11,NFLX,1498,121.98799896240234
2025-06-11,AVGO,401,250.02554321289062
2025-06-11,META,100,690.7952880859375
2025-06-11,COST,143,989.6270141601562
2025-06-11,CSCO,2872,62.2704963684082
2025-06-12,NFLX,1498,121.50299835205078
2025-06-12,AVGO,401,253.14950561523438
2025-06-12,META,100,690.0191040039062
2025-06-12,COST,143,995.5144653320312
2025-06-12,CSCO,2872,63.153289794921875
2025-06-13,NFLX,1498,121.21499633789062
2025-06-13,AVGO,401,245.86354064941406
2025-06-13,META,100,679.5795288085938
2025-06-13,COST,143,983.1041259765625
2025-06-13,CSCO,2872,62.173484802246094
2025-06-16,NFLX,1498,122.53500366210938
2025-06-16,AVGO,401,249.2247772216797
2025-06-16,META,100,699.2744140625
2025-06-16,COST,143,977.2960205078125
2025-06-16,CSCO,2872,63.551029205322266
2025-06-17,NFLX,1501,122.06700134277344
2025-06-17,AVGO,371,246.52590942382812
2025-06-17,META,98,694.4042358398438
2025-06-17,COST,131,970.7036743164062
2025-06-17,CSCO,2876,63.37641525268555
2025-06-18,NFLX,1501,122.22899627685547
2025-06-18,AVGO,371,248.3943328857422
2025-06-18,META,98,692.9501342773438
2025-06-18,COST,131,967.9039306640625
2025-06-18,CSCO,2876,63.871158599853516
2025-06-20,NFLX,1501,123.14099884033203
2025-06-20,AVGO,371,247.72055053710938
2025-06-20,META,98,679.5845336914062
2025-06-20,COST,131,973.2553100585938
2025-06-20,CSCO,2876,64.33679962158203
2025-06-23,NFLX,1501,125.35399627685547
2025-06-23,AVGO,371,251.46621704101562
2025-06-23,META,98,695.6991577148438
2025-06-23,COST,131,997.271728515625
2025-06-23,CSCO,2876,65.36510467529297
2025-06-24,NFLX,1490,127.91100311279297
2025-06-24,AVGO,287,261.37542724609375
2025-06-24,META,105,709.3135986328125
2025-06-24,COST,131,994.7300415039062
2025-06-24,CSCO,2856,65.85986328125
2025-06-25,NFLX,1490,127.5250015258789
2025-06-25,AVGO,287,262.2474365234375
2025-06-25,META,105,705.8079223632812
2025-06-25,COST,131,979.4603881835938
2025-06-25,CSCO,2856,66.15088653564453
2025-06-26,NFLX,1490,130.66700744628906
2025-06-26,AVGO,287,267.7173767089844
2025-06-26,META,105,723.1473999023438
2025-06-26,COST,131,975.8564453125
2025-06-26,CSCO,2856,66.88814544677734
2025-06-27,NFLX,1490,132.31199645996094
2025-06-27,AVGO,287,266.90478515625
2025-06-27,META,105,730.65673828125
2025-06-27,COST,131,978.070556640625
2025-06-27,CSCO,2856,66.59712982177734
2025-06-30,NFLX,1490,133.91299438476562
2025-06-30,AVGO,287,273.1475830078125
2025-06-30,META,105,735.0986938476562
2025-06-30,COST,131,982.8359985351562
2025-06-30,CSCO,2856,67.3052978515625
2025-07-01,NFLX,1444,129.36000061035156
2025-07-01,AVGO,347,262.33660888671875
2025-07-01,META,102,716.3050537109375
2025-07-01,COST,120,978.8845825195312
2025-07-01,CSCO,2834,67.0336685180664
2025-07-02,NFLX,1444,128.48599243164062
2025-07-02,AVGO,347,267.44976806640625
2025-07-02,META,102,710.6781005859375
2025-07-02,COST,120,975.3104858398438
2025-07-02,CSCO,2834,66.5389175415039
2025-07-03,NFLX,1444,129.71800231933594
2025-07-03,AVGO,347,272.6818542480469
2025-07-03,META,102,716.0960693359375
2025-07-03,COST,120,979.9369506835938
2025-07-03,CSCO,2834,67.70028686523438
2025-07-07,NFLX,1444,128.96200561523438
2025-07-07,AVGO,347,271.69091796875
2025-07-07,META,102,715.4386596679688
2025-07-07,COST,120,985.0599365234375
2025-07-07,CSCO,2834,67.27086639404297
2025-07-08,NFLX,1480,127.53099822998047
2025-07-08,AVGO,355,269.3324890136719
2025-07-08,META,108,717.7492065429688
2025-07-08,COST,117,978.765380859375
2025-07-08,CSCO,2846,66.93905639648438
2025-07-09,NFLX,1480,128.8280029296875
2025-07-09,AVGO,355,275.3771667480469
2025-07-09,META,108,729.8101806640625
2025-07-09,COST,117,975.0424194335938
2025-07-09,CSCO,2846,67.6026840209961
2025-07-10,NFLX,1480,125.05899810791016
2025-07-10,AVGO,355,272.8998718261719
2025-07-10,META,108,724.2926635742188
2025-07-10,COST,117,963.2078857421875
2025-07-10,CSCO,2846,67.10496520996094
2025-07-11,NFLX,1480,124.51100158691406
2025-07-11,AVGO,355,271.8891296386719
2025-07-11,META,108,714.60205078125
2025-07-11,COST,117,963.3667602539062
2025-07-11,CSCO,2846,66.314453125
2025-07-14,NFLX,1480,126.19499969482422
2025-07-14,AVGO,355,273.0980224609375
2025-07-14,META,108,717.998291015625
2025-07-14,COST,117,973.8707885742188
2025-07-14,CSCO,2846,66.18759155273438
2025-07-15,NFLX,1500,126.0270004272461
2025-07-15,AVGO,406,278.38958740234375
2025-07-15,META,108,707.510986328125
2025-07-15,COST,82,960.7357788085938
2025-07-15,CSCO,2866,65.56300354003906
2025-07-16,NFLX,1500,125.03099822998047
2025-07-16,AVGO,406,278.2607421875
2025-07-16,META,108,700.0611572265625
2025-07-16,COST,82,944.5427856445312
2025-07-16,CSCO,2866,65.74842071533203
2025-07-17,NFLX,1500,127.41699981689453
2025-07-17,AVGO,406,283.84954833984375
2025-07-17,META,108,698.5672607421875
2025-07-17,COST,82,947.0645751953125
2025-07-17,CSCO,2866,66.65603637695312
2025-07-18,NFLX,1500,120.92400360107422
2025-07-18,AVGO,406,280.7677917480469
2025-07-18,META,108,701.4256591796875
2025-07-18,COST,82,944.1258544921875
2025-07-18,CSCO,2866,66.41205596923828
2025-07-21,NFLX,1500,123.3270034790039
2025-07-21,AVGO,406,285.5935363769531
2025-07-21,META,108,710.0804443359375
2025-07-21,COST,82,940.7601318359375
2025-07-21,CSCO,2866,66.695068359375
2025-07-22,NFLX,1531,119.00800323486328
2025-07-22,AVGO,490,276.0609130859375
2025-07-22,META,143,701.9535522460938
2025-07-22,CSCO,2828,66.51940155029297
2025-07-22,NVDA,575,166.6213836669922
2025-07-23,NFLX,1531,117.6780014038086
2025-07-23,AVGO,490,281.1146240234375
2025-07-23,META,143,710.6881103515625
2025-07-23,CSCO,2828,66.96833038330078
2025-07-23,NVDA,575,170.36221313476562
2025-07-24,NFLX,1531,118.07599639892578
2025-07-24,AVGO,490,286.0890197753906
2025-07-24,META,143,711.9030151367188
2025-07-24,CSCO,2828,66.64627838134766
2025-07-24,NVDA,575,173.3149871826172
2025-07-25,NFLX,1531,118.04900360107422
2025-07-25,AVGO,490,287.5456848144531
2025-07-25,META,143,709.7915649414062
2025-07-25,CSCO,2828,67.03665161132812
2025-07-25,NVDA,575,173.0755615234375
2025-07-28,NFLX,1531,117.45999908447266
2025-07-28,AVGO,490,291.6282653808594
2025-07-28,META,143,714.7216186523438
2025-07-28,CSCO,2828,66.2851791381836
2025-07-28,NVDA,575,176.31761169433594
2025-07-29,NFLX,1519,116.8740005493164
2025-07-29,AVGO,490,294.7200012207031
2025-07-29,META,143,697.1630249023438
2025-07-29,CSCO,2835,66.32421875
2025-07-29,NVDA,613,175.08062744140625
2025-07-30,NFLX,1519,118.41999816894531
2025-07-30,AVGO,490,299.87274169921875
2025-07-30,META,143,692.3924560546875
2025-07-30,CSCO,2835,66.63652038574219
2025-07-30,NVDA,613,178.83145141601562
2025-07-31,NFLX,1519,115.94000244140625
2025-07-31,AVGO,490,291.03375244140625
2025-07-31,META,143,770.305419921875
2025-07-31,CSCO,2835,66.44133758544922
2025-07-31,NVDA,613,177.4348602294922
2025-08-01,NFLX,1519,115.86000061035156
2025-08-01,AVGO,490,286.0196838378906
2025-08-01,META,143,746.9703979492188
2025-08-01,CSCO,2835,65.49468231201172
2025-08-01,NVDA,613,173.2950439453125
2025-08-04,NFLX,1519,117.0989990234375
2025-08-04,AVGO,490,295.0172424316406
2025-08-04,META,143,773.2235107421875
2025-08-04,CSCO,2835,66.84146118164062
2025-08-04,NVDA,613,179.55966186523438
2025-08-05,NFLX,1433,114.78700256347656
2025-08-05,AVGO,404,290.27069091796875
2025-08-05,CSCO,2792,65.89480590820312
2025-08-05,NVDA,532,177.82391357421875
2025-08-05,MSFT,359,522.5841674804688
2025-08-06,NFLX,1433,117.8479995727539
2025-08-06,AVGO,404,298.9313659667969
2025-08-06,CSCO,2792,67.54412841796875
2025-08-06,NVDA,532,178.9810791015625
2025-08-06,MSFT,359,519.8017578125
2025-08-07,NFLX,1433,118.03700256347656
2025-08-07,AVGO,404,301.00238037109375
2025-08-07,CSCO,2792,68.21752166748047
2025-08-07,NVDA,532,180.32777404785156
2025-08-07,MSFT,359,515.7417602539062
2025-08-08,NFLX,1433,121.16400146484375
2025-08-08,AVGO,404,302.2014465332031
2025-08-08,CSCO,2792,70.06202697753906
2025-08-08,NVDA,532,182.25303649902344
2025-08-08,MSFT,359,516.9300537109375
2025-08-11,NFLX,1433,121.83100128173828
2025-08-11,AVGO,404,301.14111328125
2025-08-11,CSCO,2792,68.968994140625
2025-08-11,NVDA,532,181.6146240234375
2025-08-11,MSFT,359,516.6627807617188
2025-08-12,NFLX,1315,122.52799987792969
2025-08-12,AVGO,442,309.99005126953125
2025-08-12,CSCO,2614,69.66189575195312
2025-08-12,NVDA,645,182.71192932128906
2025-08-12,MSFT,356,524.0596313476562
2025-08-13,NFLX,1315,120.44400024414062
2025-08-13,AVGO,442,306.28399658203125
2025-08-13,CSCO,2614,68.70549774169922
2025-08-13,NVDA,645,181.14576721191406
2025-08-13,MSFT,356,515.484375
2025-08-14,NFLX,1315,123.05599975585938
2025-08-14,AVGO,442,308.40460205078125
2025-08-14,CSCO,2614,67.63196563720703
2025-08-14,NVDA,645,181.57472229003906
2025-08-14,MSFT,356,517.36572265625
2025-08-15,NFLX,1315,123.8949966430664
2025-08-15,AVGO,442,303.5589904785156
2025-08-15,CSCO,2614,64.6065902709961
2025-08-15,NVDA,645,180.00856018066406
2025-08-15,MSFT,356,515.078369140625
2025-08-18,NFLX,1315,124.50900268554688
2025-08-18,AVGO,442,302.9842834472656
2025-08-18,CSCO,2614,65.3385238647461
2025-08-18,NVDA,645,181.56472778320312
2025-08-18,MSFT,356,512.0384521484375
2025-08-19,NFLX,1348,121.41500091552734
2025-08-19,AVGO,482,292.2327575683594
2025-08-19,CSCO,2649,65.1530990600586
2025-08-19,NVDA,687,175.2103271484375
2025-08-19,MSFT,305,504.7801818847656
2025-08-20,NFLX,1348,121.38600158691406
2025-08-20,AVGO,482,288.5267028808594
2025-08-20,CSCO,2649,65.49468231201172
2025-08-20,NVDA,687,174.97091674804688
2025-08-20,MSFT,305,500.76983642578125
2025-08-21,NFLX,1348,120.62100219726562
2025-08-21,AVGO,482,286.9709777832031
2025-08-21,CSCO,2649,65.4068374633789
2025-08-21,NVDA,687,174.5519256591797
2025-08-21,MSFT,305,500.1250915527344
2025-08-22,NFLX,1348,120.46499633789062
2025-08-22,AVGO,482,291.33099365234375
2025-08-22,CSCO,2649,65.69962310791016
2025-08-22,NVDA,687,177.55458068847656
2025-08-22,MSFT,305,503.09075927734375
2025-08-25,NFLX,1348,121.80699920654297
2025-08-25,AVGO,482,291.5589294433594
2025-08-25,CSCO,2649,65.52396392822266
2025-08-25,NVDA,687,179.37013244628906
2025-08-25,MSFT,305,500.1449890136719
2025-08-26,NFLX,1411,122.60900115966797
2025-08-26,AVGO,495,295.30462646484375
2025-08-26,CSCO,2461,66.7438735961914
2025-08-26,NVDA,669,181.32533264160156
2025-08-26,MSFT,312,497.9430847167969
2025-08-27,NFLX,1411,122.3499984741211
2025-08-27,AVGO,495,297.5242919921875
2025-08-27,CSCO,2461,66.79267120361328
2025-08-27,NVDA,669,181.15576171875
2025-08-27,MSFT,312,502.6047058105469
2025-08-28,NFLX,1411,123.1449966430664
2025-08-28,AVGO,495,305.8480224609375
2025-08-28,CSCO,2461,67.75884246826172
2025-08-28,NVDA,669,179.72923278808594
2025-08-28,MSFT,312,505.4810485839844
2025-08-29,NFLX,1411,120.82499694824219
2025-08-29,AVGO,495,294.6902770996094
2025-08-29,CSCO,2461,67.42700958251953
2025-08-29,NVDA,669,173.75389099121094
2025-08-29,MSFT,312,502.5551452636719
2025-09-02,NFLX,1411,121.41100311279297
2025-09-02,AVGO,495,295.53253173828125
2025-09-02,CSCO,2461,66.16807556152344
2025-09-02,NVDA,669,170.36221313476562
2025-09-02,MSFT,312,500.9979248046875
2025-09-03,AVGO,509,299.6448669433594
2025-09-03,CSCO,2460,66.04119873046875
2025-09-03,NVDA,694,170.20260620117188
2025-09-03,MSFT,376,501.22607421875
2025-09-03,GOOG,541,230.29246520996094
2025-09-04,AVGO,509,303.3211364746094
2025-09-04,CSCO,2460,66.35348510742188
2025-09-04,NVDA,694,171.2400665283203
2025-09-04,MSFT,376,503.8247375488281
2025-09-04,GOOG,541,231.8470001220703
2025-09-05,AVGO,509,331.84979248046875
2025-09-05,CSCO,2460,65.28973388671875
2025-09-05,NVDA,694,166.6114044189453
2025-09-05,MSFT,376,490.9605712890625
2025-09-05,GOOG,541,234.34820556640625
2025-09-08,AVGO,509,342.5120849609375
2025-09-08,CSCO,2460,65.27021789550781
2025-09-08,NVDA,694,167.8982696533203
2025-09-08,MSFT,376,494.1344299316406
2025-09-08,GOOG,541,233.55030822753906
2025-09-09,AVGO,413,333.6136474609375
2025-09-09,CSCO,2312,65.7191390991211
2025-09-09,NVDA,868,170.34225463867188
2025-09-09,MSFT,314,494.3427429199219
2025-09-09,NFLX,1435,126.32499694824219
2025-09-10,AVGO,413,366.2149963378906
2025-09-10,CSCO,2312,66.4901351928711
2025-09-10,NVDA,868,176.8961944580078
2025-09-10,MSFT,314,496.2867431640625
2025-09-10,NFLX,1435,124.77100372314453
2025-09-11,AVGO,413,356.3652038574219
2025-09-11,CSCO,2312,66.06071472167969
2025-09-11,NVDA,868,176.74655151367188
2025-09-11,MSFT,314,496.9215087890625
2025-09-11,NFLX,1435,120.3499984741211
2025-09-12,AVGO,413,356.6029968261719
2025-09-12,CSCO,2312,64.92864227294922
2025-09-12,NVDA,868,177.39498901367188
2025-09-12,MSFT,314,505.73895263671875
2025-09-12,NFLX,1435,118.84400177001953
2025-09-15,AVGO,413,360.78472900390625
2025-09-15,CSCO,2312,65.4068374633789
2025-09-15,NVDA,868,177.32518005371094
2025-09-15,MSFT,314,511.15435791015625
2025-09-15,NFLX,1435,120.22599792480469
2025-09-16,CSCO,2808,65.31901550292969
2025-09-16,NVDA,851,174.4620361328125
2025-09-16,MSFT,341,504.8859558105469
2025-09-16,GOOGL,544,250.50851440429688
2025-09-16,GOOG,565,250.76536560058594
2025-09-17,CSCO,2808,66.0899887084961
2025-09-17,NVDA,851,169.8829803466797
2025-09-17,MSFT,341,505.8579406738281
2025-09-17,GOOGL,544,248.8827362060547
2025-09-17,GOOG,565,249.199462890625
2025-09-18,CSCO,2808,67.0268783569336
2025-09-18,NVDA,851,175.81878662109375
2025-09-18,MSFT,341,504.30078125
2025-09-18,GOOGL,544,251.3762664794922
2025-09-18,GOOG,565,251.67298889160156
2025-09-19,CSCO,2808,66.56819915771484
2025-09-19,NVDA,851,176.24774169921875
2025-09-19,MSFT,341,513.703369140625
2025-09-19,GOOGL,544,254.05926513671875
2025-09-19,GOOG,565,254.57542419433594
2025-09-22,CSCO,2808,66.1192855834961
2025-09-22,NVDA,851,183.17115783691406
2025-09-22,MSFT,341,510.2518005371094
2025-09-22,GOOGL,544,251.87496948242188
2025-09-22,GOOG,565,252.22157287597656
2025-09-23,CSCO,2840,65.9143295288086
2025-09-23,NVDA,815,178.0035400390625
2025-09-23,MSFT,317,505.0744323730469
2025-09-23,GOOGL,576,251.00721740722656
2025-09-23,GOOG,599,251.68296813964844
2025-09-24,CSCO,2840,65.69962310791016
2025-09-24,NVDA,815,176.54702758789062
2025-09-24,MSFT,317,505.98687744140625
2025-09-24,GOOGL,576,246.49893188476562
2025-09-24,GOOG,599,247.18472290039062
2025-09-25,CSCO,2840,66.21686553955078
2025-09-25,NVDA,815,177.2653045654297
2025-09-25,MSFT,317,502.8923645019531
2025-09-25,GOOGL,576,245.15243530273438
2025-09-25,GOOG,599,245.92800903320312
2025-09-26,CSCO,2840,65.6020278930664
2025-09-26,NVDA,815,177.7641143798828
2025-09-26,MSFT,317,507.2862243652344
2025-09-26,GOOGL,576,245.90049743652344
2025-09-26,GOOG,599,246.53640747070312
2025-09-29,CSCO,2840,66.0899887084961
2025-09-29,NVDA,815,181.4153594970703
2025-09-29,MSFT,317,510.4005432128906
2025-09-29,GOOGL,576,243.4169464111328
2025-09-29,GOOG,599,243.7237548828125
2025-09-30,NVDA,850,186.13406372070312
2025-09-30,MSFT,366,513.7232666015625
2025-09-30,GOOGL,658,242.46942138671875
2025-09-30,GOOG,660,242.91586303710938
2025-09-30,AVGO,370,327.47509765625
2025-10-01,NVDA,850,186.79248046875
2025-10-01,MSFT,366,515.4689331054688
2025-10-01,GOOGL,658,244.26475524902344
2025-10-01,GOOG,660,244.90066528320312
2025-10-01,AVGO,370,330.9294128417969
2025-10-02,NVDA,850,188.4385528564453
2025-10-02,MSFT,366,511.53131103515625
2025-10-02,GOOGL,658,245.0526885986328
2025-10-02,GOOG,660,245.78834533691406
2025-10-02,AVGO,370,335.68408203125
2025-10-03,NVDA,850,187.17156982421875
2025-10-03,MSFT,366,513.1280517578125
2025-10-03,GOOGL,658,244.71360778808594
2025-10-03,GOOG,660,245.80828857421875
2025-10-03,AVGO,370,335.8726806640625
2025-10-06,NVDA,850,185.09654235839844
2025-10-06,MSFT,366,524.256591796875
2025-10-06,GOOGL,658,249.7803955078125
2025-10-06,GOOG,660,250.85511779785156
2025-10-06,AVGO,370,333.01397705078125
2025-10-07,NVDA,815,184.59774780273438
2025-10-07,MSFT,374,519.7040405273438
2025-10-07,GOOGL,557,245.1225128173828
2025-10-07,GOOG,565,246.48654174804688
2025-10-07,CSCO,2590,67.7359848022461
2025-10-08,NVDA,815,188.6580047607422
2025-10-08,MSFT,374,520.56689453125
2025-10-08,GOOGL,557,243.9854736328125
2025-10-08,GOOG,565,244.82089233398438
2025-10-08,CSCO,2590,69.05162811279297
2025-10-09,NVDA,815,192.1097412109375
2025-10-09,MSFT,374,518.1369018554688
2025-10-09,GOOGL,557,240.9034881591797
2025-10-09,GOOG,565,241.579345703125
2025-10-09,CSCO,2590,68.6883544921875
2025-10-10,NVDA,815,182.72222900390625
2025-10-10,MSFT,374,506.790283203125
2025-10-10,GOOGL,557,235.9563751220703
2025-10-10,GOOG,565,236.8716583251953
2025-10-10,CSCO,2590,66.70507049560547
2025-10-13,NVDA,815,187.86990356445312
2025-10-13,MSFT,374,509.8550720214844
2025-10-13,GOOGL,557,243.5166778564453
2025-10-13,GOOG,565,244.00303649902344
2025-10-13,CSCO,2590,66.2337875366211
2025-10-14,NVDA,720,179.59971618652344
2025-10-14,MSFT,384,509.37896728515625
2025-10-14,GOOGL,592,244.8133087158203
2025-10-14,GOOG,604,245.5489959716797
2025-10-14,CSCO,2500,67.4119873046875
2025-10-15,NVDA,720,179.4001922607422
2025-10-15,MSFT,384,509.2401123046875
2025-10-15,GOOGL,592,250.3788604736328
2025-10-15,GOOG,604,251.05462646484375
2025-10-15,CSCO,2500,68.25635528564453
2025-10-16,NVDA,720,181.3754425048828
2025-10-16,MSFT,384,507.4349365234375
2025-10-16,GOOGL,592,250.8077392578125
2025-10-16,GOOG,604,251.22418212890625
2025-10-16,CSCO,2500,67.83415985107422
2025-10-17,NVDA,720,182.78208923339844
2025-10-17,MSFT,384,509.38897705078125
2025-10-17,GOOGL,592,252.64295959472656
2025-10-17,GOOG,604,253.12918090820312
2025-10-17,CSCO,2500,68.85526275634766
2025-10-20,NVDA,720,182.20346069335938
2025-10-20,MSFT,384,512.5726318359375
2025-10-20,GOOGL,592,255.88450622558594
2025-10-20,GOOG,604,256.35076904296875
2025-10-20,CSCO,2500,69.36581420898438
2025-10-21,MSFT,340,513.4356079101562
2025-10-21,GOOGL,508,249.81033325195312
2025-10-21,GOOG,517,250.6855926513672
2025-10-21,CSCO,1869,69.43453216552734
2025-10-21,NFLX,1622,124.13500213623047
2025-10-22,MSFT,340,516.2921142578125
2025-10-22,GOOGL,508,251.0371551513672
2025-10-22,GOOG,517,251.8724822998047
2025-10-22,CSCO,1869,69.3756332397461
2025-10-22,NFLX,1622,111.63700103759766
2025-10-23,MSFT,340,516.3119506835938
2025-10-23,GOOGL,508,252.4235382080078
2025-10-23,GOOG,517,253.06935119628906
2025-10-23,CSCO,1869,68.99271392822266
2025-10-23,NFLX,1622,111.35900115966797
2025-10-24,MSFT,340,519.3370361328125
2025-10-24,GOOGL,508,259.2458190917969
2025-10-24,GOOG,517,259.83172607421875
2025-10-24,CSCO,1869,69.3461685180664
2025-10-24,NFLX,1622,109.46900177001953
2025-10-27,MSFT,340,527.1825561523438
2025-10-27,GOOGL,508,268.5715026855469
2025-10-27,GOOG,517,269.2271728515625
2025-10-27,CSCO,1869,70.09236145019531
2025-10-27,NFLX,1622,109.45600128173828
2025-10-28,MSFT,371,537.6464233398438
2025-10-28,GOOGL,587,266.7762145996094
2025-10-28,GOOG,597,267.7310791015625
2025-10-28,CSCO,2331,71.30000305175781
2025-10-28,TSLA,257,460.54998779296875
2025-10-29,MSFT,371,537.130615234375
2025-10-29,GOOGL,587,273.8577880859375
2025-10-29,GOOG,597,274.4535217285156
2025-10-29,CSCO,2331,70.03345489501953
2025-10-29,TSLA,257,461.510009765625
2025-10-30,MSFT,371,521.469482421875
2025-10-30,GOOGL,587,280.7498779296875
2025-10-30,GOOG,597,281.1659851074219
2025-10-30,CSCO,2331,71.58473205566406
2025-10-30,TSLA,257,440.1000061035156
2025-10-31,MSFT,371,513.5843505859375
2025-10-31,GOOGL,587,280.4606018066406
2025-10-31,GOOG,597,281.0862121582031
2025-10-31,CSCO,2331,71.78109741210938
2025-10-31,TSLA,257,456.55999755859375
2025-11-03,MSFT,371,512.8107299804688
2025-11-03,GOOGL,587,282.98406982421875
2025-11-03,GOOG,597,283.38018798828125
2025-11-03,CSCO,2331,73.09674072265625
2025-11-03,TSLA,257,468.3699951171875
2025-11-04,GOOGL,635,276.820068359375
2025-11-04,GOOG,650,277.3360290527344
2025-11-04,CSCO,2790,71.00546264648438
2025-11-04,NVDA,686,198.21511840820312
2025-11-04,AVGO,315,349.342529296875
2025-11-05,GOOGL,635,283.572509765625
2025-11-05,GOOG,650,284.00860595703125
2025-11-05,CSCO,2790,70.78945922851562
2025-11-05,NVDA,686,194.7434539794922
2025-11-05,AVGO,315,356.3305969238281
2025-11-06,GOOGL,635,284.01141357421875
2025-11-06,GOOG,650,284.5970153808594
2025-11-06,CSCO,2790,69.74871826171875
2025-11-06,NVDA,686,187.63047790527344
2025-11-06,AVGO,315,352.9656066894531
2025-11-07,GOOGL,635,278.1067199707031
2025-11-07,GOOG,650,278.97174072265625
2025-11-07,CSCO,2790,69.7781753540039
2025-11-07,NVDA,686,187.70030212402344
2025-11-07,AVGO,315,346.85107421875
2025-11-10,GOOGL,635,289.3475036621094
2025-11-10,GOOG,650,289.8333740234375
2025-11-10,CSCO,2790,70.77963256835938
2025-11-10,NVDA,686,198.5742645263672
2025-11-10,AVGO,315,355.7449645996094
2025-11-11,GOOGL,623,290.5543518066406
2025-11-11,GOOG,640,290.9803771972656
2025-11-11,CSCO,2655,70.40653991699219
2025-11-11,AVGO,336,349.3623962402344
2025-11-11,AAPL,532,274.5028076171875
2025-11-12,GOOGL,623,285.9662780761719
2025-11-12,GOOG,640,286.6816101074219
2025-11-12,CSCO,2655,72.61564636230469
2025-11-12,AVGO,336,352.59832763671875
2025-11-12,AAPL,532,272.7276916503906
2025-11-13,GOOGL,623,277.8474426269531
2025-11-13,GOOG,640,278.3932189941406
2025-11-13,CSCO,2655,75.97347259521484
2025-11-13,AVGO,336,337.4708251953125
2025-11-13,AAPL,532,272.20904541015625
2025-11-14,GOOGL,623,275.69305419921875
2025-11-14,GOOG,640,276.25885009765625
2025-11-14,CSCO,2655,76.58220672607422
2025-11-14,AVGO,336,339.9324951171875
2025-11-14,AAPL,532,271.6705322265625
2025-11-17,GOOGL,623,284.2806701660156
2025-11-17,GOOG,640,284.85638427734375
2025-11-17,CSCO,2655,76.3662109375
2025-11-17,AVGO,336,340.12109375
2025-11-17,AAPL,532,266.73394775390625
2025-11-18,GOOGL,571,283.5426025390625
2025-11-18,GOOG,585,284.218017578125
2025-11-18,CSCO,2702,75.96366119384766
2025-11-18,AVGO,364,337.9869689941406
2025-11-18,AAPL,497,266.7139892578125
2025-11-19,GOOGL,571,292.05047607421875
2025-11-19,GOOG,585,292.22711181640625
2025-11-19,CSCO,2702,76.96512603759766
2025-11-19,AVGO,364,351.80426025390625
2025-11-19,AAPL,497,267.83099365234375
2025-11-20,GOOGL,571,288.69921875
2025-11-20,GOOG,585,289.2249755859375
2025-11-20,CSCO,2702,74.06874084472656
2025-11-20,AVGO,364,344.2603454589844
2025-11-20,AAPL,497,265.5272521972656
2025-11-21,GOOGL,571,298.8827209472656
2025-11-21,GOOG,585,298.8697814941406
2025-11-21,CSCO,2702,74.71675109863281
2025-11-21,AVGO,364,337.6892395019531
2025-11-21,AAPL,497,270.75299072265625
2025-11-24,GOOGL,571,317.75360107421875
2025-11-24,GOOG,585,317.6407775878906
2025-11-24,CSCO,2702,74.85420227050781
2025-11-24,AVGO,364,375.17047119140625
2025-11-24,AAPL,497,275.1710205078125
2025-11-25,GOOGL,577,322.60101318359375
2025-11-25,GOOG,592,322.7973327636719
2025-11-25,CSCO,2936,74.93274688720703
2025-11-25,AVGO,328,382.1883239746094
2025-11-25,AAPL,554,276.2181396484375
2025-11-26,GOOGL,577,319.1200866699219
2025-11-26,GOOG,592,319.4460754394531
2025-11-26,CSCO,2936,74.68729400634766
2025-11-26,AVGO,328,394.6357727050781
2025-11-26,AAPL,554,276.7966003417969
2025-11-28,GOOGL,577,319.3494873046875
2025-11-28,GOOG,592,319.2864990234375
2025-11-28,CSCO,2936,75.5414810180664
2025-11-28,AVGO,328,399.9859619140625
2025-11-28,AAPL,554,278.0930480957031
2025-12-01,GOOGL,577,314.0732421875
2025-12-01,GOOG,592,314.29949951171875
2025-12-01,CSCO,2936,74.65784454345703
2025-12-01,AVGO,328,383.23052978515625
2025-12-01,AAPL,554,282.3315124511719
2025-12-02,GOOGL,610,314.9908142089844
2025-12-02,GOOG,625,315.1971740722656
2025-12-02,CSCO,2734,75.47274780273438
2025-12-02,AVGO,327,378.7538757324219
2025-12-02,AAPL,546,285.4131164550781
2025-12-03,GOOGL,610,318.8009033203125
2025-12-03,GOOG,625,319.7851867675781
2025-12-03,CSCO,2734,76.33675384521484
2025-12-03,AVGO,327,377.8009033203125
2025-12-03,AAPL,546,283.378662109375
2025-12-04,GOOGL,610,316.796142578125
2025-12-04,GOOG,625,317.56103515625
2025-12-04,CSCO,2734,76.3465805053711
2025-12-04,AVGO,327,378.2178649902344
2025-12-04,AAPL,546,279.9380187988281
2025-12-05,GOOGL,610,320.4366149902344
2025-12-05,GOOG,625,321.2513732910156
2025-12-05,CSCO,2734,76.5527572631836
2025-12-05,AVGO,327,387.35986328125
2025-12-05,AAPL,546,278.0232238769531
2025-12-08,GOOGL,610,313.1109313964844
2025-12-08,GOOG,625,313.8359069824219
2025-12-08,CSCO,2734,77.42658233642578
2025-12-08,AVGO,327,398.1396789550781
2025-12-08,AAPL,546,277.1356506347656
2025-12-09,GOOGL,677,316.4643859863281
2025-12-09,GOOG,696,317.1294250488281
2025-12-09,CSCO,2642,78.06476593017578
2025-12-09,AVGO,323,403.2914123535156
2025-12-09,AAPL,422,276.4275817871094
2025-12-10,GOOGL,677,319.58831787109375
2025-12-10,GOOG,696,320.3730773925781
2025-12-10,CSCO,2642,78.79131317138672
2025-12-10,AVGO,323,409.922119140625
2025-12-10,AAPL,422,278.0232238769531
2025-12-11,GOOGL,677,311.8233947753906
2025-12-11,GOOG,696,313.0873718261719
2025-12-11,CSCO,2642,77.8291244506836
2025-12-11,AVGO,323,403.3708190917969
2025-12-11,AAPL,422,277.2752685546875
2025-12-12,GOOGL,677,308.68951416015625
2025-12-12,GOOG,696,309.9135437011719
2025-12-12,CSCO,2642,76.38584899902344
2025-12-12,AVGO,323,357.2735595703125
2025-12-12,AAPL,422,277.5245666503906
2025-12-15,GOOGL,677,307.62158203125
2025-12-15,GOOG,696,308.7159118652344
2025-12-15,CSCO,2642,76.8276596069336
2025-12-15,AVGO,323,337.30206298828125
2025-12-15,AAPL,422,273.3658752441406
2025-12-16,GOOGL,641,305.97479248046875
2025-12-16,GOOG,660,307.1290283203125
2025-12-16,CSCO,2751,76.14038848876953
2025-12-16,AAPL,467,273.8645324707031
2025-12-16,NVDA,486,177.30511474609375
2025-12-17,GOOGL,641,296.1439208984375
2025-12-17,GOOG,660,297.4779052734375
2025-12-17,CSCO,2751,74.61856079101562
2025-12-17,AAPL,467,271.10205078125
2025-12-17,NVDA,486,170.5409393310547
2025-12-18,GOOGL,641,301.8727722167969
2025-12-18,GOOG,660,303.1567687988281
2025-12-18,CSCO,2751,75.5512924194336
2025-12-18,AAPL,467,271.4511413574219
2025-12-18,NVDA,486,173.73345947265625
2025-12-19,GOOGL,641,306.56365966796875
2025-12-19,GOOG,660,308.0072937011719
2025-12-19,CSCO,2751,76.99457550048828
2025-12-19,AAPL,467,272.9271240234375
2025-12-19,NVDA,486,180.56747436523438
2025-12-22,GOOGL,641,309.1785583496094
2025-12-22,GOOG,660,310.7219543457031
2025-12-22,CSCO,2751,76.69021606445312
2025-12-22,AAPL,467,270.23443603515625
2025-12-22,NVDA,486,183.2611541748047
2025-12-23,GOOGL,605,313.73968505859375
2025-12-23,GOOG,621,315.0634765625
2025-12-23,CSCO,2793,76.60184478759766
2025-12-23,AAPL,518,271.62066650390625
2025-12-23,NVDA,603,188.76829528808594
2025-12-24,GOOGL,605,313.48016357421875
2025-12-24,GOOG,621,315.0534973144531
2025-12-24,CSCO,2793,76.60184478759766
2025-12-24,AAPL,518,273.06671142578125
2025-12-24,NVDA,603,188.169677734375
2025-12-26,GOOGL,605,312.9013366699219
2025-12-26,GOOG,621,314.3448486328125
2025-12-26,CSCO,2793,76.73930358886719
2025-12-26,AAPL,518,272.6578674316406
2025-12-26,NVDA,603,190.08518981933594
2025-12-29,GOOGL,605,312.95123291015625
2025-12-29,GOOG,621,313.7760314941406
2025-12-29,CSCO,2793,76.37602996826172
2025-12-29,AAPL,518,273.0168762207031
2025-12-29,NVDA,603,187.7805938720703
2025-12-30,GOOGL,644,313.24066162109375
2025-12-30,GOOG,663,313.9356994628906
2025-12-30,CSCO,2811,76.00294494628906
2025-12-30,AAPL,476,272.33868408203125
2025-12-30,NVDA,556,187.1021728515625
2025-12-31,GOOGL,644,312.3923034667969
2025-12-31,GOOG,663,313.1871337890625
2025-12-31,CSCO,2811,75.62983703613281
2025-12-31,AAPL,476,271.12200927734375
2025-12-31,NVDA,556,186.0646209716797
2026-01-02,GOOGL,644,314.53814697265625
2026-01-02,GOOG,663,314.70416259765625
2026-01-02,CSCO,2811,75.05734252929688
2026-01-02,AAPL,476,270.27435302734375
2026-01-02,NVDA,556,188.40911865234375
2026-01-05,GOOGL,644,315.92547607421875
2026-01-05,GOOG,663,316.7002868652344
2026-01-05,CSCO,2811,74.60328674316406
2026-01-05,AAPL,476,266.5345458984375
2026-01-05,NVDA,556,187.6808319091797
2026-01-06,GOOGL,658,313.7297058105469
2026-01-06,GOOG,677,313.9356994628906
2026-01-06,CSCO,2644,74.2578125
2026-01-06,AAPL,474,261.6478271484375
2026-01-06,NVDA,584,186.80288696289062
2026-01-07,GOOGL,658,321.3548583984375
2026-01-07,GOOG,677,321.8002624511719
2026-01-07,CSCO,2644,73.75439453125
2026-01-07,AAPL,474,259.6233215332031
2026-01-07,NVDA,584,188.6685028076172
2026-01-08,GOOGL,658,324.80816650390625
2026-01-08,GOOG,677,325.3733215332031
2026-01-08,CSCO,2644,73.00421905517578
2026-01-08,AAPL,474,258.3368225097656
2026-01-08,NVDA,584,184.60801696777344
2026-01-09,GOOGL,658,327.9320983886719
2026-01-09,GOOG,677,328.4972229003906
2026-01-09,CSCO,2644,72.92524719238281
2026-01-09,AAPL,474,258.6659240722656
2026-01-09,NVDA,584,184.42843627929688
2026-01-12,GOOGL,658,331.2156677246094
2026-01-12,GOOG,677,332.0801696777344
2026-01-12,CSCO,2644,73.05357360839844
2026-01-12,AAPL,474,259.54351806640625
2026-01-12,NVDA,584,184.5082550048828
2026-01-13,GOOGL,649,335.3177185058594
2026-01-13,GOOG,651,335.77294921875
2026-01-13,CSCO,2568,74.49469757080078
2026-01-13,AAPL,559,260.34136962890625
2026-01-13,NVDA,536,185.376220703125
2026-01-14,GOOGL,649,335.18798828125
2026-01-14,GOOG,651,335.6531982421875
2026-01-14,CSCO,2568,73.44840240478516
2026-01-14,AAPL,559,259.2543029785156
2026-01-14,NVDA,536,182.7124481201172
2026-01-15,GOOGL,649,332.1338806152344
2026-01-15,GOOG,651,332.50933837890625
2026-01-15,CSCO,2568,74.27754974365234
2026-01-15,AAPL,559,257.50909423828125
2026-01-15,NVDA,536,186.6133270263672
2026-01-16,GOOGL,649,329.35931396484375
2026-01-16,GOOG,651,329.69482421875
2026-01-16,CSCO,2568,74.21832275390625
2026-01-16,AAPL,559,254.83633422851562
2026-01-16,NVDA,536,185.79522705078125
2026-01-20,GOOGL,649,321.3748474121094
2026-01-20,GOOG,651,321.5308532714844
2026-01-20,CSCO,2568,72.402099609375
2026-01-20,AAPL,559,246.0303192138672
2026-01-20,NVDA,536,177.65428161621094
2026-01-21,GOOGL,658,327.7424621582031
2026-01-21,GOOG,658,327.7386779785156
2026-01-21,CSCO,2812,72.73770904541016
2026-01-21,COST,91,978.5411376953125
2026-01-21,AMZN,155,231.30999755859375
2026-01-22,GOOGL,658,329.89825439453125
2026-01-22,GOOG,658,330.1938781738281
2026-01-22,CSCO,2812,73.36943817138672
2026-01-22,COST,91,971.8804931640625
2026-01-22,AMZN,155,234.33999633789062
2026-01-23,GOOGL,658,327.2933044433594
2026-01-23,GOOG,658,327.78857421875
2026-01-23,CSCO,2812,73.62606811523438
2026-01-23,COST,91,978.929443359375
2026-01-23,AMZN,155,239.16000366210938
2026-01-26,GOOGL,658,332.61297607421875
2026-01-26,GOOG,658,332.9384765625
2026-01-26,CSCO,2812,76.01480865478516
2026-01-26,COST,91,973.3739624023438
2026-01-26,AMZN,155,238.4199981689453
2026-01-27,GOOGL,654,333.90045166015625
2026-01-27,GOOG,653,334.3457336425781
2026-01-27,CSCO,2379,77.66321563720703
2026-01-27,AMD,424,252.02999877929688
2026-01-27,NVDA,527,188.07989501953125
2026-01-28,GOOGL,654,335.3576354980469
2026-01-28,GOOG,653,335.62322998046875
2026-01-28,CSCO,2379,77.9395980834961
2026-01-28,AMD,424,252.74000549316406
2026-01-28,NVDA,527,191.07289123535156
2026-01-29,GOOGL,654,337.5932922363281
2026-01-29,GOOG,653,337.9985656738281
2026-01-29,CSCO,2379,77.41645050048828
2026-01-29,AMD,424,252.17999267578125
2026-01-29,NVDA,527,192.06056213378906
2026-01-30,GOOGL,654,337.3437805175781
2026-01-30,GOOG,653,337.86883544921875
2026-01-30,CSCO,2379,77.30786895751953
2026-01-30,AMD,424,236.72999572753906
2026-01-30,NVDA,527,190.6837921142578
2026-02-02,GOOGL,654,343.0227355957031
2026-02-02,GOOG,653,344.2264099121094
2026-02-02,CSCO,2379,79.59789276123047
2026-02-02,AMD,424,246.27000427246094
2026-02-02,NVDA,527,185.17669677734375
2026-02-03,GOOGL,648,339.0504455566406
2026-02-03,GOOG,646,340.03460693359375
2026-02-03,CSCO,2783,82.03596496582031
2026-02-03,META,43,689.923828125
2026-02-03,PEP,636,158.03915405273438
2026-02-04,GOOGL,648,332.3934020996094
2026-02-04,GOOG,646,332.6889953613281
2026-02-04,CSCO,2783,80.11117553710938
2026-02-04,META,43,667.272216796875
2026-02-04,PEP,636,161.27076721191406
2026-02-05,GOOGL,648,330.6068420410156
2026-02-05,GOOG,646,330.6828918457031
2026-02-05,CSCO,2783,81.29566192626953
2026-02-05,META,43,668.4890747070312
2026-02-05,PEP,636,162.5808868408203
2026-02-06,GOOGL,648,322.233154296875
2026-02-06,GOOG,646,322.468994140625
2026-02-06,CSCO,2783,83.72386932373047
2026-02-06,META,43,659.7615356445312
2026-02-06,PEP,636,165.4534454345703
2026-02-09,GOOGL,648,323.6903381347656
2026-02-09,GOOG,646,323.76641845703125
2026-02-09,CSCO,2783,85.65853881835938
2026-02-09,META,43,675.4810180664062
2026-02-09,PEP,636,161.55221557617188
2026-02-10,GOOGL,637,317.9614562988281
2026-02-10,GOOG,637,318.0077209472656
2026-02-10,CSCO,2099,85.17488098144531
2026-02-10,PEP,794,162.03744506835938
2026-02-10,AAPL,615,273.19244384765625
2026-02-11,GOOGL,637,310.35626220703125
2026-02-11,GOOG,637,310.7219543457031
2026-02-11,CSCO,2099,84.4345703125
2026-02-11,PEP,794,164.15304565429688
2026-02-11,AAPL,615,275.00921630859375
2026-02-12,GOOGL,637,308.4000549316406
2026-02-12,GOOG,637,308.76580810546875
2026-02-12,CSCO,2099,74.03077697753906
2026-02-12,PEP,794,162.26065063476562
2026-02-12,AAPL,615,261.2637939453125
2026-02-13,GOOGL,637,305.1264343261719
2026-02-13,GOOG,637,305.4223327636719
2026-02-13,CSCO,2099,75.85686492919922
2026-02-13,PEP,794,161.03787231445312
2026-02-13,AAPL,615,255.32435607910156
2026-02-17,GOOGL,637,301.43359375
2026-02-17,GOOG,637,302.2286071777344
2026-02-17,CSCO,2099,75.85686492919922
2026-02-17,PEP,794,157.13662719726562
2026-02-17,AAPL,615,263.4099426269531
2026-02-18,GOOGL,687,302.7410888671875
2026-02-18,GOOG,687,303.3464050292969
2026-02-18,PEP,959,159.5336456298828
2026-02-18,TSLA,213,411.32000732421875
2026-02-19,GOOGL,687,302.26202392578125
2026-02-19,GOOG,687,302.9671325683594
2026-02-19,PEP,959,159.72775268554688
2026-02-19,TSLA,213,411.7099914550781
2026-02-20,GOOGL,687,314.36846923828125
2026-02-20,GOOG,687,314.2850036621094
2026-02-20,PEP,959,160.06741333007812
2026-02-20,TSLA,213,411.82000732421875
2026-02-23,GOOGL,687,310.8852233886719
2026-02-23,GOOG,687,311.081298828125
2026-02-23,PEP,959,163.34756469726562
2026-02-23,TSLA,213,399.8299865722656
2026-02-24,GOOGL,682,310.2964172363281
2026-02-24,GOOG,681,310.31280517578125
2026-02-24,PEP,852,164.53150939941406
2026-02-24,NVDA,681,192.39979553222656
2026-02-25,GOOGL,682,312.29248046875
2026-02-25,GOOG,681,312.41864013671875
2026-02-25,PEP,852,164.1724395751953
2026-02-25,NVDA,681,195.10345458984375
2026-02-26,GOOGL,682,306.78326416015625
2026-02-26,GOOG,681,306.55010986328125
2026-02-26,PEP,852,162.62940979003906
2026-02-26,NVDA,681,184.4583740234375
2026-02-27,GOOGL,682,311.15472412109375
2026-02-27,GOOG,681,310.82177734375
2026-02-27,PEP,852,164.72561645507812
2026-02-27,NVDA,681,176.77635192871094
2026-03-02,GOOGL,682,305.92486572265625
2026-03-02,GOOG,681,305.7616882324219
2026-03-02,PEP,852,162.33827209472656
2026-03-02,NVDA,681,182.05398559570312
2026-03-03,PEP,1264,160.03829956054688
2026-03-03,NVDA,1147,179.62966918945312
2026-03-03,META,72,653.3978881835938
2026-03-03,COST,18,1004.71240234375
2026-03-03,CSCO,2452,77.9395980834961
2026-03-04,PEP,1264,159.07752990722656
2026-03-04,NVDA,1147,182.61268615722656
2026-03-04,META,72,666.015380859375
2026-03-04,COST,18,1003.685546875
2026-03-04,CSCO,2452,79.82492065429688
2026-03-05,PEP,1264,155.95265197753906
2026-03-05,NVDA,1147,182.9119873046875
2026-03-05,META,72,658.8738403320312
2026-03-05,COST,18,979.5889282226562
2026-03-05,CSCO,2452,78.97603607177734
2026-03-06,PEP,1264,156.1024627685547
2026-03-06,NVDA,1147,177.4048614501953
2026-03-06,META,72,643.2041015625
2026-03-06,COST,18,995.0717163085938
2026-03-06,CSCO,2452,77.62374114990234
2026-03-09,PEP,1264,158.15863037109375
2026-03-09,NVDA,1147,182.2235870361328
2026-03-09,META,72,645.7276611328125
2026-03-09,COST,18,1002.2498779296875
2026-03-09,CSCO,2452,75.22514343261719
2026-03-10,PEP,1293,157.42430114746094
2026-03-10,COST,62,994.333984375
2026-03-11,PEP,1293,156.80743408203125
2026-03-11,COST,62,989.2195434570312
2026-03-12,PEP,1293,155.54437255859375
2026-03-12,COST,62,1000.2759399414062
2026-03-13,PEP,1293,156.54307556152344
2026-03-13,COST,62,1005.3704223632812
2026-03-16,PEP,1293,154.42816162109375
2026-03-16,COST,62,998.70068359375
2026-03-17,PEP,988,153.23361206054688
2026-03-17,COST,195,993.1375732421875
2026-03-17,NFLX,505,94.36000061035156
2026-03-17,CSCO,2146,78.24559020996094
2026-03-17,NVDA,1099,181.51510620117188
2026-03-18,PEP,988,150.3354034423828
2026-03-18,COST,195,976.9468383789062
2026-03-18,NFLX,505,94.69999694824219
2026-03-18,CSCO,2146,76.59717559814453
2026-03-18,NVDA,1099,179.98858642578125
2026-03-19,PEP,988,149.55210876464844
2026-03-19,COST,195,971.822509765625
2026-03-19,NFLX,505,91.73999786376953
2026-03-19,CSCO,2146,77.49541473388672
2026-03-19,NVDA,1099,178.15277099609375
2026-03-20,PEP,988,146.908447265625
2026-03-20,COST,195,969.3799438476562
2026-03-20,NFLX,505,91.81999969482422
2026-03-20,CSCO,2146,76.64653015136719
2026-03-20,NVDA,1099,172.30615234375
2026-03-23,PEP,988,147.73092651367188
2026-03-23,COST,195,962.7999267578125
2026-03-23,NFLX,505,93.37999725341797
2026-03-23,CSCO,2146,77.8014144897461
2026-03-23,NVDA,1099,175.23944091796875
2026-03-24,PEP,719,147.4469757080078
2026-03-24,COST,155,970.8654174804688
2026-03-24,CSCO,2125,79.81504821777344
2026-03-24,NVDA,1119,174.80044555664062
2026-03-24,AMD,655,205.3699951171875
2026-03-25,PEP,719,148.56317138671875
2026-03-25,COST,155,971.9022216796875
2026-03-25,CSCO,2125,80.77251434326172
2026-03-25,NVDA,1119,178.2725067138672
2026-03-25,AMD,655,220.27000427246094
2026-03-26,PEP,719,147.6819610595703
2026-03-26,COST,155,976.677734375
2026-03-26,CSCO,2125,81.09825134277344
2026-03-26,NVDA,1119,170.8494873046875
2026-03-26,AMD,655,203.77000427246094
2026-03-27,PEP,719,149.8458251953125
2026-03-27,COST,155,980.8749389648438
2026-03-27,CSCO,2125,78.88719177246094
2026-03-27,NVDA,1119,167.13796997070312
2026-03-27,AMD,655,201.99000549316406
2026-03-30,PEP,719,153.5469512939453
2026-03-30,COST,155,993.5563354492188
2026-03-30,CSCO,2125,76.0444107055664
2026-03-30,NVDA,1119,164.79331970214844
2026-03-30,AMD,655,196.0399932861328
2026-03-31,PEP,1262,152.0488739013672
2026-03-31,COST,196,993.4067993164062
2026-04-01,PEP,1262,151.42222595214844
2026-04-01,COST,196,993.5364379882812
2026-04-02,PEP,1262,153.73297119140625
2026-04-02,COST,196,1011.880615234375
2026-04-06,PEP,1262,153.4588165283203
2026-04-06,COST,196,1015.459716796875
2026-04-07,PEP,1278,150.01229858398438
2026-04-07,COST,193,1010.1359252929688
2026-04-07,NFLX,737,98.81999969482422
2026-04-07,CSCO,2461,80.06890106201172
2026-04-08,PEP,1278,151.56910705566406
2026-04-08,COST,193,1027.14404296875
2026-04-08,NFLX,737,99.38999938964844
2026-04-08,CSCO,2461,83.06602478027344
2026-04-09,PEP,1278,154.20297241210938
2026-04-09,COST,193,1028.89892578125
2026-04-09,NFLX,737,102.05000305175781
2026-04-09,CSCO,2461,82.5400390625
2026-04-10,PEP,1278,153.7819366455078
2026-04-10,COST,193,995.4406127929688
2026-04-10,NFLX,737,103.01000213623047
2026-04-10,CSCO,2461,81.59723663330078
2026-04-13,PEP,1278,152.62655639648438
2026-04-13,COST,193,977.8740234375
2026-04-13,NFLX,737,103.16000366210938
2026-04-13,CSCO,2461,81.72624969482422
2026-04-14,CSCO,1517,81.98428344726562
2026-04-14,AAPL,749,258.368896484375
2026-04-14,AVGO,487,379.48724365234375
2026-04-14,AMD,433,255.07000732421875
2026-04-14,NVDA,892,196.0618438720703
2026-04-15,CSCO,1517,81.73617553710938
2026-04-15,AAPL,749,265.95538330078125
2026-04-15,AVGO,487,395.3731384277344
2026-04-15,AMD,433,258.1199951171875
2026-04-15,NVDA,892,198.41647338867188
2026-04-16,CSCO,1517,83.85997009277344
2026-04-16,AAPL,749,262.9307556152344
2026-04-16,AVGO,487,397.1172180175781
2026-04-16,AMD,433,278.260009765625
2026-04-16,NVDA,892,197.8976593017578
2026-04-17,CSCO,1517,85.59671020507812
2026-04-17,AAPL,749,269.7486267089844
2026-04-17,AVGO,487,405.15985107421875
2026-04-17,AMD,433,278.3900146484375
2026-04-17,NVDA,892,201.2200469970703
2026-04-20,CSCO,1517,87.045654296875
2026-04-20,AAPL,749,272.5635681152344
2026-04-20,AVGO,487,398.27325439453125
2026-04-20,AMD,433,274.95001220703125
2026-04-20,NVDA,892,201.59918212890625
2026-04-21,AAPL,454,265.69586181640625
2026-04-21,AVGO,295,400.8046569824219
2026-04-21,NVDA,577,199.42417907714844
2026-04-21,GOOGL,614,331.8783264160156
2026-04-21,GOOG,618,330.0569763183594
2026-04-22,AAPL,454,272.68341064453125
2026-04-22,AVGO,295,421.2151184082031
2026-04-22,NVDA,577,202.03819274902344
2026-04-22,GOOGL,614,338.8996276855469
2026-04-22,GOOG,618,337.3078918457031
2026-04-23,AAPL,454,272.9429016113281
2026-04-23,AVGO,295,418.51434326171875
2026-04-23,NVDA,577,199.18470764160156
2026-04-23,GOOGL,614,338.47015380859375
2026-04-23,GOOG,618,337.3278503417969
2026-04-24,AAPL,454,270.5771179199219
2026-04-24,AVGO,295,421.32476806640625
2026-04-24,NVDA,577,207.79502868652344
2026-04-24,GOOGL,614,343.97332763671875
2026-04-24,GOOG,618,341.89215087890625
2026-04-27,AAPL,454,267.1332702636719
2026-04-27,AVGO,295,416.7802429199219
2026-04-27,NVDA,577,216.1160125732422
2026-04-27,GOOGL,614,349.9059753417969
2026-04-27,GOOG,618,348.0843811035156
2026-04-28,AAPL,368,270.2277526855469
2026-04-28,AVGO,307,398.47259521484375
2026-04-28,NVDA,611,212.68385314941406
2026-04-28,GOOGL,609,349.3466796875
2026-04-28,GOOG,612,347.065673828125
2026-04-29,AAPL,368,269.688720703125
2026-04-29,AVGO,307,404.0735168457031
2026-04-29,NVDA,611,208.77279663085938
2026-04-29,GOOGL,609,349.5064392089844
2026-04-29,GOOG,612,346.87591552734375
2026-04-30,AAPL,368,270.86663818359375
2026-04-30,AVGO,307,416.0128479003906
2026-04-30,NVDA,611,199.1148681640625
2026-04-30,GOOGL,609,384.3232421875
2026-04-30,GOOG,612,381.4626159667969
2026-05-01,AAPL,368,279.6409606933594
2026-05-01,AVGO,307,419.8497619628906
2026-05-01,NVDA,611,197.9974365234375
2026-05-01,GOOGL,609,385.2121887207031
2026-05-01,GOOG,612,382.74102783203125
2026-05-04,AAPL,368,276.33685302734375
2026-05-04,AVGO,307,415.08599853515625
2026-05-04,NVDA,611,198.02734375
2026-05-04,GOOGL,609,382.7751770019531
2026-05-04,GOOG,612,379.16552734375
2026-05-05,AAPL,507,283.67376708984375
2026-05-05,AVGO,339,425.90911865234375
2026-05-05,NVDA,660,196.05186462402344
2026-05-05,GOOGL,580,387.9487609863281
2026-05-05,GOOG,587,383.7896728515625
2026-05-06,AAPL,507,286.9978332519531
2026-05-06,AVGO,339,423.99566650390625
2026-05-06,NVDA,660,207.3560333251953
2026-05-06,GOOGL,580,397.546875
2026-05-06,GOOG,587,394.6461181640625
2026-05-07,AAPL,507,286.9279479980469
2026-05-07,AVGO,339,411.1593933105469
2026-05-07,NVDA,660,211.01766967773438
2026-05-07,GOOGL,580,397.4969177246094
2026-05-07,GOOG,587,394.805908203125
2026-05-08,AAPL,507,292.7974853515625
2026-05-08,AVGO,339,428.5401611328125
2026-05-08,NVDA,660,214.709228515625
2026-05-08,GOOGL,580,400.3034362792969
2026-05-08,GOOG,587,396.5537414550781
2026-05-11,AAPL,507,292.42779541015625
2026-05-11,AVGO,339,426.9754943847656
2026-05-11,NVDA,660,218.93955993652344
2026-05-11,GOOGL,580,388.1585388183594
2026-05-11,GOOG,587,386.28656005859375
2026-05-12,AAPL,609,294.54595947265625
2026-05-12,AVGO,333,417.8764953613281
2026-05-12,NVDA,667,220.27650451660156
2026-05-12,GOOGL,576,386.8701171875
2026-05-12,GOOG,596,383.34027099609375
2026-05-13,AAPL,609,298.6124572753906
2026-05-13,AVGO,333,415.3750305175781
2026-05-13,NVDA,667,225.3149871826172
2026-05-13,GOOGL,576,402.1211853027344
2026-05-13,GOOG,596,398.541259765625
2026-05-14,AAPL,609,297.9530334472656
2026-05-14,AVGO,333,438.29693603515625
2026-05-14,NVDA,667,235.202392578125
2026-05-14,GOOGL,576,400.5731201171875
2026-05-14,GOOG,596,396.673583984375
2026-05-15,AAPL,609,299.9713134765625
2026-05-15,AVGO,333,423.7464904785156
2026-05-15,NVDA,667,224.80615234375
2026-05-15,GOOGL,576,396.2884216308594
2026-05-15,GOOG,596,392.8283996582031
2026-05-18,AAPL,609,297.5833435058594
2026-05-18,AVGO,333,419.2817077636719
2026-05-18,NVDA,667,221.81300354003906
2026-05-18,GOOGL,576,396.4482421875
2026-05-18,GOOG,596,392.61865234375
2026-05-19,AAPL,721,298.7123718261719
2026-05-19,AVGO,284,409.6744384765625
2026-05-19,GOOGL,567,387.1797180175781
2026-05-19,GOOG,588,384.4189147949219
2026-05-19,CSCO,1218,114.50606536865234
2026-05-20,AAPL,721,301.98956298828125
2026-05-20,AVGO,284,416.34173583984375
2026-05-20,GOOGL,567,388.4281921386719
2026-05-20,GOOG,588,384.4189147949219
2026-05-20,CSCO,1218,113.48387145996094
2026-05-21,AAPL,721,304.7271728515625
2026-05-21,AVGO,284,413.1625671386719
2026-05-21,GOOGL,567,387.1797180175781
2026-05-21,GOOG,588,382.9906921386719
2026-05-21,CSCO,1218,117.30470275878906
2026-05-22,AAPL,721,308.55389404296875
2026-05-22,AVGO,284,412.7340393066406
2026-05-22,GOOGL,567,382.49554443359375
2026-05-22,GOOG,588,378.90582275390625
2026-05-22,CSCO,1218,119.49797821044922
2026-05-26,AAPL,721,308.0643005371094
2026-05-26,AVGO,284,420.57733154296875
2026-05-26,GOOGL,567,388.3982238769531
2026-05-26,GOOG,588,384.3589782714844
2026-05-26,CSCO,1218,117.43373107910156
2026-05-27,AAPL,753,310.5821533203125
2026-05-27,AVGO,266,420.4277648925781
2026-05-27,GOOGL,534,388.3482666015625
2026-05-27,GOOG,554,384.3489990234375
2026-05-27,CSCO,1123,118.7635726928711
2026-05-28,AAPL,753,312.24072265625
2026-05-28,AVGO,266,425.13177490234375
2026-05-28,GOOGL,534,389.64666748046875
2026-05-28,GOOG,554,385.63739013671875
2026-05-28,CSCO,1123,117.74137878417969
2026-05-29,AAPL,753,311.7911071777344
2026-05-29,AVGO,266,445.25323486328125
2026-05-29,GOOGL,534,379.8687744140625
2026-05-29,GOOG,554,375.9595031738281
2026-05-29,CSCO,1123,119.50789642333984
2026-06-01,AAPL,753,306.0460510253906
2026-06-01,AVGO,266,458.4084167480469
2026-06-01,GOOGL,534,375.9037170410156
2026-06-01,GOOG,554,372.11431884765625
2026-06-01,CSCO,1123,120.41100311279297
2026-06-02,AAPL,755,314.92840576171875
2026-06-02,AVGO,238,479.93511962890625
2026-06-02,GOOGL,531,361.4017028808594
2026-06-02,GOOG,550,357.9420471191406
2026-06-02,CSCO,1123,127.03047943115234
2026-06-03,AAPL,755,309.9926452636719
2026-06-03,AVGO,238,477.6030578613281
2026-06-03,GOOGL,531,358.54522705078125
2026-06-03,GOOG,550,355.2354431152344
2026-06-03,CSCO,1123,125.5418472290039
2026-06-04,AAPL,755,310.9618225097656
2026-06-04,AVGO,238,417.4878234863281
2026-06-04,GOOGL,531,371.7288818359375
2026-06-04,GOOG,550,368.8084411621094
2026-06-04,CSCO,1123,129.0153350830078
2026-06-05,AAPL,755,307.0751647949219
2026-06-05,AVGO,238,384.42047119140625
2026-06-05,GOOGL,531,368.07342529296875
2026-06-05,GOOG,550,365.3028564453125
2026-06-05,CSCO,1123,120.71865844726562
2026-06-08,AAPL,755,301.2801818847656
2026-06-08,AVGO,238,395.2535705566406
2026-06-08,GOOGL,531,363.0766296386719
2026-06-08,GOOG,550,360.9356994628906
2026-06-08,CSCO,1123,123.20964813232422
2026-06-09,AAPL,754,290.29962158203125
2026-06-09,GOOGL,543,364.0260314941406
2026-06-09,GOOG,560,362.0549621582031
2026-06-09,CSCO,1098,119.44834899902344
2026-06-09,NVDA,439,207.95730590820312
2026-06-10,AAPL,754,291.3287353515625
2026-06-10,GOOGL,543,356.1510925292969
2026-06-10,GOOG,560,353.09075927734375
2026-06-10,CSCO,1098,117.9001693725586
2026-06-10,NVDA,439,200.19598388671875
2026-06-11,AAPL,754,295.375244140625
2026-06-11,GOOGL,543,357.5401611328125
2026-06-11,GOOG,560,356.32867431640625
2026-06-11,CSCO,1098,120.90721893310547
2026-06-11,NVDA,439,204.64100646972656
2026-06-12,AAPL,754,290.879150390625
2026-06-12,GOOGL,543,359.4489440917969
2026-06-12,GOOG,560,357.9276428222656
2026-06-12,CSCO,1098,120.18274688720703
2026-06-12,NVDA,439,204.96066284179688
2026-06-15,AAPL,754,296.1645812988281
2026-06-15,GOOGL,543,369.1127624511719
2026-06-15,GOOG,560,366.8717956542969
2026-06-15,CSCO,1098,119.2597885131836
2026-06-15,NVDA,439,212.21253967285156
2026-06-16,AAPL,763,298.9821472167969
2026-06-16,GOOGL,548,373.01025390625
2026-06-16,GOOG,564,370.8592529296875
2026-06-16,CSCO,1083,118.66433715820312
2026-06-16,AMD,175,507.2900085449219
2026-06-17,AAPL,763,295.6949768066406
2026-06-17,GOOGL,548,363.55633544921875
2026-06-17,GOOG,564,361.8650817871094
2026-06-17,CSCO,1083,116.44129943847656
2026-06-17,AMD,175,512.47998046875
2026-06-18,AAPL,763,297.7532043457031
2026-06-18,GOOGL,548,367.7935791015625
2026-06-18,GOOG,564,367.2215881347656
2026-06-18,CSCO,1083,118.63456726074219
2026-06-18,AMD,175,537.3699951171875
2026-06-22,AAPL,763,296.75408935546875
2026-06-22,GOOGL,548,349.45538330078125
2026-06-22,GOOG,564,348.5537109375
2026-06-22,CSCO,1083,120.60948944091797
2026-06-22,AMD,175,551.6300048828125
2026-06-23,AAPL,726,294.04638671875
2026-06-23,GOOGL,524,345.90765380859375
2026-06-23,GOOG,540,345.8554382324219
2026-06-23,CSCO,1109,120.23236846923828
2026-06-23,AMD,175,519.8499755859375
2026-06-24,AAPL,726,292.8274230957031
2026-06-24,GOOGL,524,345.0682067871094
2026-06-24,GOOG,540,344.816162109375
2026-06-24,CSCO,1109,118.82312774658203
2026-06-24,AMD,175,519.739990234375
2026-06-25,AAPL,726,274.91290283203125
2026-06-25,GOOGL,524,343.48919677734375
2026-06-25,GOOG,540,341.9679870605469
2026-06-25,CSCO,1109,118.06887817382812
2026-06-25,AMD,175,532.5700073242188
2026-06-26,AAPL,726,283.53546142578125
2026-06-26,GOOGL,524,337.17327880859375
2026-06-26,GOOG,540,334.4728698730469
2026-06-26,CSCO,1109,112.90825653076172
2026-06-26,AMD,175,521.5800170898438
2026-06-29,AAPL,726,281.4972229003906
2026-06-29,GOOGL,524,353.4228210449219
2026-06-29,GOOG,540,351.0520935058594
2026-06-29,CSCO,1109,116.80850219726562
2026-06-29,AMD,175,539.489990234375
2026-06-30,AAPL,724,289.11065673828125
2026-06-30,GOOGL,613,357.14044189453125
2026-06-30,GOOG,618,353.1007385253906
2026-06-30,CSCO,1113,116.57032012939453
2026-06-30,AMD,180,580.9099731445312
2026-07-01,AAPL,724,294.1263427734375
2026-07-01,GOOGL,613,360.97796630859375
2026-07-01,GOOG,618,357.6578063964844
2026-07-01,CSCO,1113,116.12372589111328
2026-07-01,AMD,180,540.8800048828125
2026-07-02,AAPL,724,308.3640441894531
2026-07-02,GOOGL,613,359.6788024902344
2026-07-02,GOOG,618,355.94891357421875
2026-07-02,CSCO,1113,111.8364486694336
2026-07-02,AMD,180,517.8200073242188
2026-07-06,AAPL,724,312.3905944824219
2026-07-06,GOOGL,613,366.2245788574219
2026-07-06,GOOG,618,364.6632385253906
2026-07-06,CSCO,1113,113.53984069824219
2026-07-06,AMD,180,552.0499877929688
2026-07-07,AAPL,655,310.3923034667969
2026-07-07,GOOGL,612,366.7942199707031
2026-07-07,GOOG,616,363.38409423828125
2026-07-07,CSCO,1104,111.3582992553711
2026-07-07,AMD,182,516.1099853515625
2026-07-08,AAPL,655,313.1199645996094
2026-07-08,GOOGL,612,361.6875305175781
2026-07-08,GOOG,616,358.4772644042969
2026-07-08,CSCO,1104,113.38045501708984
2026-07-08,AMD,182,517.4099731445312
2026-07-09,AAPL,655,315.947509765625
2026-07-09,GOOGL,612,358.65948486328125
2026-07-09,GOOG,616,356.00885009765625
2026-07-09,CSCO,1104,117.85311889648438
2026-07-09,AMD,182,546.719970703125
2026-07-10,AAPL,655,315.0483093261719
2026-07-10,GOOGL,612,356.9505615234375
2026-07-10,GOOG,616,354.7996520996094
2026-07-10,CSCO,1104,120.8415298461914
2026-07-10,AMD,182,557.8900146484375
2026-07-13,AAPL,655,317.03656005859375
2026-07-13,GOOGL,612,352.2835693359375
2026-07-13,GOOG,616,350.4425048828125
2026-07-13,CSCO,1104,118.78948974609375
2026-07-13,AMD,182,534.3900146484375
2026-07-14,AAPL,700,314.58868408203125
2026-07-14,GOOGL,638,359.2790832519531
2026-07-14,GOOG,642,357.09814453125
2026-07-14,CSCO,1067,116.63782501220703
2026-07-14,AMD,149,548.1300048828125
2026-07-15,AAPL,700,327.2178039550781
2026-07-15,GOOGL,638,370.6817626953125
2026-07-15,GOOG,642,369.96978759765625
2026-07-15,CSCO,1067,111.33837127685547
2026-07-15,AMD,149,529.1400146484375
2026-07-16,AAPL,700,332.97283935546875
2026-07-16,GOOGL,638,354.2322998046875
2026-07-16,GOOG,642,353.5804443359375
2026-07-16,CSCO,1067,109.23652648925781
2026-07-16,AMD,149,500.94000244140625
2026-07-17,AAPL,700,333.452392578125
2026-07-17,GOOGL,638,346.5472412109375
2026-07-17,GOOG,642,345.89544677734375
2026-07-17,CSCO,1067,111.50772094726562
2026-07-17,AMD,149,495.760009765625
2026-07-20,AAPL,700,326.3085632324219
2026-07-20,GOOGL,638,351.7638854980469
2026-07-20,GOOG,642,351.14202880859375
2026-07-20,CSCO,1067,110.27250671386719
2026-07-20,AMD,149,503.57000732421875
2026-07-21,AAPL,690,327.45758056640625
2026-07-21,GOOGL,635,346.927001953125
2026-07-21,GOOG,626,345.96539306640625
2026-07-21,CSCO,1021,111.74679565429688
2026-07-21,AMD,152,544.4299926757812
2026-07-22,AAPL,690,325.60919189453125
2026-07-22,GOOGL,635,341.8702392578125
2026-07-22,GOOG,626,341.68817138671875
2026-07-22,CSCO,1021,111.77667236328125
2026-07-22,AMD,152,552.3300170898438
2026-07-23,AAPL,690,321.3828430175781
2026-07-23,GOOGL,635,317.4859313964844
2026-07-23,GOOG,626,318.1334533691406
2026-07-23,CSCO,1021,112.32455444335938
2026-07-23,AMD,152,539.6900024414062
2026-07-24,AAPL,690,332.7330322265625
2026-07-24,GOOGL,635,319.53460693359375
2026-07-24,GOOG,626,318.8829650878906
2026-07-24,CSCO,1021,113.7291030883789
2026-07-24,AMD,152,521.9500122070312
2026-07-27,AAPL,690,336.61968994140625
2026-07-27,GOOGL,635,326.3502197265625
2026-07-27,GOOG,626,326.3581237792969
2026-07-27,CSCO,1021,114.1275634765625
2026-07-27,AMD,152,494.95001220703125
2026-07-28,AAPL,638,339.78692626953125
2026-07-28,CSCO,1903,115.1336669921875
2026-07-28,AMD,332,454.6199951171875
2026-07-29,AAPL,638,337.8985900878906
2026-07-29,CSCO,1903,112.04563903808594
2026-07-29,AMD,332,429.55999755859375
2026-07-30,AAPL,638,333.1426696777344
2026-07-30,CSCO,1903,113.1214599609375
2026-07-30,AMD,332,485.3900146484375
2026-07-31,AAPL,638,308.6438293457031
2026-07-31,CSCO,1903,115.54207611083984
2026-07-31,AMD,332,476.1499938964844
2026-08-03,AAPL,638,303.1585693359375
2026-08-03,CSCO,1903,115.41258239746094
2026-08-03,AMD,332,484.6400146484375
2026-08-04,AAPL,714,309.1134033203125
2026-08-04,CSCO,1817,121.2698745727539
2026-08-04,AMD,249,518.5800170898438
2026-08-04,NVDA,453,211.70310974121094
2026-08-04,AMZN,365,277.4200134277344
2026-08-05,AAPL,714,310.7320251464844
2026-08-05,CSCO,1817,121.03079986572266
2026-08-05,AMD,249,482.04998779296875
2026-08-05,NVDA,453,218.9749755859375
2026-08-05,AMZN,365,272.6499938964844
2026-08-06,AAPL,714,312.14080810546875
2026-08-06,CSCO,1817,120.41319274902344
2026-08-06,AMD,249,489.2799987792969
2026-08-06,NVDA,453,218.7452392578125
2026-08-06,AMZN,365,272.260009765625
2026-08-07,AAPL,714,313.05999755859375
2026-08-07,CSCO,1817,120.96106719970703
2026-08-07,AMD,249,483.3599853515625
2026-08-07,NVDA,453,223.70968627929688
2026-08-07,AMZN,365,274.4800109863281
2026-08-10,AAPL,714,308.260009765625
2026-08-10,CSCO,1817,122.09666442871094
2026-08-10,AMD,249,469.55999755859375
2026-08-10,NVDA,453,217.3068389892578
2026-08-10,AMZN,365,278.0899963378906
2026-08-11,AAPL,710,304.9100036621094
2026-08-11,CSCO,1782,119.96493530273438
2026-08-11,AMD,316,474.32000732421875
2026-08-11,NVDA,490,217.25689697265625
2026-08-11,AMZN,372,272.2699890136719
2026-08-12,AAPL,710,302.25
2026-08-12,CSCO,1782,123.40160369873047
2026-08-12,AMD,316,482.92999267578125
2026-08-12,NVDA,490,223.8395233154297
2026-08-12,AMZN,372,267.2799987792969
2026-08-13,AAPL,710,305.260009765625
2026-08-13,CSCO,1782,113.03181457519531
2026-08-13,AMD,316,483.010009765625
2026-08-13,NVDA,490,225.04818725585938
2026-08-13,AMZN,372,265.1300048828125
2026-08-14,AAPL,710,305.92999267578125
2026-08-14,CSCO,1782,111.24872589111328
2026-08-14,AMD,316,514.3900146484375
2026-08-14,NVDA,490,224.90834045410156
2026-08-14,AMZN,372,262.6499938964844
2026-08-17,AAPL,710,305.5899963378906
2026-08-17,CSCO,1782,112.4640121459961
2026-08-17,AMD,316,506.0
2026-08-17,NVDA,490,224.7584991455078
2026-08-17,AMZN,372,261.30999755859375
2026-08-18,AAPL,691,310.0299987792969
2026-08-18,AMD,435,484.3900146484375
2026-08-19,AAPL,691,316.8299865722656
2026-08-19,AMD,435,466.4200134277344
2026-08-20,AAPL,691,311.29998779296875
2026-08-20,AMD,435,469.4599914550781
2026-08-21,AAPL,691,309.3500061035156
2026-08-21,AMD,435,473.25
2026-08-24,AAPL,691,310.3399963378906
2026-08-24,AMD,435,456.75
2026-08-25,AAPL,681,309.8999938964844
2026-08-25,MSFT,55,491.7099914550781
2026-08-26,AAPL,681,313.45001220703125
2026-08-26,MSFT,55,496.3699951171875
2026-08-27,AAPL,681,314.5799865722656
2026-08-27,MSFT,55,505.05999755859375
2026-08-28,AAPL,681,319.70001220703125
2026-08-28,MSFT,55,513.530029296875
2026-08-31,AAPL,681,316.8500061035156
2026-08-31,MSFT,55,507.2900085449219
2026-09-01,AAPL,671,325.1300048828125
2026-09-01,MSFT,118,501.0199890136719
2026-09-01,PEP,447,138.3124237060547
2026-09-02,AAPL,671,324.9599914550781
2026-09-02,MSFT,118,496.82000732421875
2026-09-02,PEP,447,139.0347137451172
2026-09-03,AAPL,671,328.2099914550781
2026-09-03,MSFT,118,510.1199951171875
2026-09-03,PEP,447,138.54000854492188
2026-09-04,AAPL,671,319.9700012207031
2026-09-04,MSFT,118,499.70001220703125
2026-09-04,PEP,447,137.6300048828125
2026-09-08,AAPL,671,316.2200012207031
2026-09-08,MSFT,118,493.95001220703125
2026-09-08,PEP,447,138.4499969482422
2026-09-09,AAPL,672,315.3399963378906
2026-09-09,MSFT,57,491.6499938964844
2026-09-09,AMD,417,521.0999755859375
2026-09-09,NVDA,920,223.4199981689453
2026-09-09,AMZN,300,252.39999389648438
2026-09-10,AAPL,672,326.57000732421875
2026-09-10,MSFT,57,492.44000244140625
2026-09-10,AMD,417,503.6000061035156
2026-09-10,NVDA,920,218.36000061035156
2026-09-10,AMZN,300,251.88999938964844
2026-09-11,AAPL,672,332.2699890136719
2026-09-11,MSFT,57,495.6300048828125
2026-09-11,AMD,417,516.1300048828125
2026-09-11,NVDA,920,218.2899932861328
2026-09-11,AMZN,300,256.7799987792969
2026-09-14,AAPL,672,333.0799865722656
2026-09-14,MSFT,57,505.4100036621094
2026-09-14,AMD,417,493.4100036621094
2026-09-14,NVDA,920,210.9600067138672
2026-09-14,AMZN,300,253.5399932861328
2026-09-15,AAPL,640,331.3399963378906
2026-09-15,MSFT,92,497.1199951171875
2026-09-15,NVDA,881,212.1699981689453
2026-09-15,AMZN,402,248.4199981689453
2026-09-16,AAPL,640,332.4100036621094
2026-09-16,MSFT,92,490.29998779296875
2026-09-16,NVDA,881,213.89999389648438
2026-09-16,AMZN,402,245.9600067138672
2026-09-17,AAPL,640,337.0
2026-09-17,MSFT,92,497.75
2026-09-17,NVDA,881,219.33999633789062
2026-09-17,AMZN,402,251.19000244140625
2026-09-18,AAPL,640,336.1300048828125
2026-09-18,MSFT,92,493.7799987792969
2026-09-18,NVDA,881,222.27000427246094
2026-09-18,AMZN,402,253.7100067138672
2026-09-21,AAPL,640,338.9800109863281
2026-09-21,MSFT,92,501.6099853515625
2026-09-21,NVDA,881,227.3800048828125
2026-09-21,AMZN,402,258.45001220703125
2026-09-22,AAPL,636,339.75
2026-09-22,NVDA,499,228.8699951171875
2026-09-22,GOOGL,505,351.1600036621094
2026-09-22,AMD,290,623.77001953125
2026-09-22,GOOG,506,347.4100036621094
2026-09-23,AAPL,636,337.0199890136719
2026-09-23,NVDA,499,225.50999450683594
2026-09-23,GOOGL,505,337.8299865722656
2026-09-23,AMD,290,614.6099853515625
2026-09-23,GOOG,506,334.9800109863281
2026-09-24,AAPL,636,335.9200134277344
2026-09-24,NVDA,499,224.5800018310547
2026-09-24,GOOGL,505,342.3599853515625
2026-09-24,AMD,290,629.260009765625
2026-09-24,GOOG,506,339.010009765625
2026-09-25,AAPL,636,341.07000732421875
2026-09-25,NVDA,499,225.07000732421875
2026-09-25,GOOGL,505,343.9200134277344
2026-09-25,AMD,290,630.6300048828125
2026-09-25,GOOG,506,341.0799865722656
2026-09-28,AAPL,636,338.3999938964844
2026-09-28,NVDA,499,228.86000061035156
2026-09-28,GOOGL,505,342.75
2026-09-28,AMD,290,607.8699951171875
2026-09-28,GOOG,506,339.1600036621094
2026-09-29,AAPL,633,329.3999938964844
2026-09-29,NVDA,743,227.2100067138672
2026-09-29,AMD,345,607.5700073242188
2026-09-29,MSFT,63,508.9599914550781
2026-09-29,AMZN,339,246.6699981689453
2026-09-30,AAPL,633,333.0199890136719
2026-09-30,NVDA,743,228.3800048828125
2026-09-30,AMD,345,611.760009765625
2026-09-30,MSFT,63,512.9000244140625
2026-09-30,AMZN,339,249.14999389648438
2026-10-01,AAPL,633,330.32000732421875
2026-10-01,NVDA,743,230.86000061035156
2026-10-01,AMD,345,615.72998046875
2026-10-01,MSFT,63,512.7999877929688
2026-10-01,AMZN,339,248.22999572753906
2026-10-02,AAPL,633,333.69000244140625
2026-10-02,NVDA,743,233.9499969482422
2026-10-02,AMD,345,633.9099731445312
2026-10-02,MSFT,63,517.530029296875
2026-10-02,AMZN,339,251.52000427246094
2026-10-05,AAPL,633,332.8900146484375
2026-10-05,NVDA,743,238.89999389648438
2026-10-05,AMD,345,631.75
2026-10-05,MSFT,63,525.1799926757812
2026-10-05,AMZN,339,251.39999389648438
