date,symbol,shares,price,commission,reason
2015-07-07,NFLX,2228,9.502235681533813,11.14,rebalance
2015-07-07,AMZN,851,21.786178796768187,4.255,rebalance
2015-07-07,TSLA,1301,18.335165394973753,6.505,rebalance
2015-07-07,AVGO,1625,10.121740716037468,8.125,rebalance
2015-07-07,ADBE,246,80.77807364273072,1.23,rebalance
2015-07-14,TSLA,-1301,17.47158602542877,6.505,rebalance
2015-07-14,AVGO,-1625,9.772192542166268,8.125,rebalance
2015-07-14,META,191,89.61077520156567,1.0,rebalance
2015-07-14,NFLX,149,10.128155620479584,1.0,rebalance
2015-07-14,AMZN,13,23.118310821723938,1.0,rebalance
2015-07-14,ADBE,24,81.6781651687622,1.0,rebalance
2015-07-14,PEP,257,68.91048468508237,1.285,rebalance
2015-07-21,NFLX,-451,11.01989780845642,2.255,rebalance
2015-07-21,AMZN,-74,24.392560957717897,1.0,rebalance
2015-07-21,ADBE,-7,81.79182305145264,1.0,rebalance
2015-07-21,PEP,-257,68.95329811898577,1.285,rebalance
2015-07-21,META,5,98.02109016837863,1.0,rebalance
2015-07-21,AAPL,832,29.61384329782375,4.16,rebalance
2015-07-28,META,-22,93.93087968884129,1.0,rebalance
2015-07-28,AAPL,-832,27.497362522315978,4.16,rebalance
2015-07-28,ADBE,-36,80.06199269485474,1.0,rebalance
2015-07-28,NFLX,29,10.73007299156189,1.0,rebalance
2015-07-28,AMZN,181,26.802679236984254,1.0,rebalance
2015-07-28,PEP,163,68.08270596084446,1.0,rebalance
2015-08-04,META,-14,92.89094593527778,1.0,rebalance
2015-08-04,NFLX,-210,11.313868080425262,1.05,rebalance
2015-08-04,AMZN,22,26.487149335098266,1.0,rebalance
2015-08-04,ADBE,7,81.4381433052063,1.0,rebalance
2015-08-04,PEP,64,68.83972479628387,1.0,rebalance
2015-08-11,META,-160,92.83151501007349,1.0,rebalance
2015-08-11,NFLX,-242,11.999800304317475,1.21,rebalance
2015-08-11,AMZN,28,26.185119089317322,1.0,rebalance
2015-08-11,COST,136,121.07328384385647,1.0,rebalance
2015-08-11,ADBE,19,84.06840355834962,1.0,rebalance
2015-08-11,PEP,51,69.75947098650228,1.0,rebalance
2015-08-18,NFLX,-160,12.524747422885895,1.0,rebalance
2015-08-18,COST,-7,122.11715522012236,1.0,rebalance
2015-08-18,AMZN,1,26.754676008796693,1.0,rebalance
2015-08-18,ADBE,41,86.98870135726929,1.0,rebalance
2015-08-18,PEP,14,70.39624323886657,1.0,rebalance
2015-08-25,COST,-129,114.28015794944005,1.0,rebalance
2015-08-25,ADBE,-294,77.0122946434021,1.47,rebalance
2015-08-25,PEP,-292,66.59071947030088,1.46,rebalance
2015-08-25,META,88,86.13372958752086,1.0,rebalance
2015-08-25,NFLX,967,10.776077118492127,4.835,rebalance
2015-08-25,GOOGL,350,32.02202307617566,1.75,rebalance
2015-08-25,GOOG,296,30.460069568339684,1.48,rebalance
2015-09-01,NFLX,-86,10.933906919574738,1.0,rebalance
2015-09-01,AMZN,-19,24.95450503234863,1.0,rebalance
2015-09-01,GOOG,-296,29.83242358987473,1.48,rebalance
2015-09-01,META,75,86.03466859158819,1.0,rebalance
2015-09-01,GOOGL,6,31.394925453101163,1.0,rebalance
2015-09-01,NVDA,18409,0.5292904649010115,92.045,rebalance
2015-09-09,META,-4,89.90979497227458,1.0,rebalance
2015-09-09,NFLX,-339,9.650034922885895,1.695,rebalance
2015-09-09,GOOGL,-356,32.28354328245477,1.78,rebalance
2015-09-09,NVDA,-18409,0.551486346133857,92.045,rebalance
2015-09-09,AMZN,-51,26.19738076286316,1.0,rebalance
2015-09-09,COST,102,118.95765908638197,1.0,rebalance
2015-09-09,ADBE,187,80.7980799156189,1.0,rebalance
2015-09-15,COST,-3,118.07333655767013,1.0,rebalance
2015-09-15,AMZN,-4,26.15988413143158,1.0,rebalance
2015-09-15,ADBE,-187,78.60213961029052,1.0,rebalance
2015-09-15,META,28,91.5028629340565,1.0,rebalance
2015-09-15,NFLX,19,9.522952512836456,1.0,rebalance
2015-09-15,GOOGL,360,32.52924544282878,1.8,rebalance
2015-09-22,NFLX,-325,9.828017572975158,1.625,rebalance
2015-09-22,GOOGL,-360,32.560382137292066,1.8,rebalance
2015-09-22,AMZN,-14,26.98280178565979,1.0,rebalance
2015-09-22,COST,6,118.51480410658183,1.0,rebalance
2015-09-22,ADBE,228,81.98820135726929,1.1400000000000001,rebalance
2015-09-29,META,-23,88.24589241406238,1.0,rebalance
2015-09-29,ADBE,-228,80.5119446434021,1.1400000000000001,rebalance
2015-09-29,NFLX,261,9.963996597576141,1.305,rebalance
2015-09-29,COST,27,119.53428459413801,1.0,rebalance
2015-09-29,AMZN,37,25.302529236984252,1.0,rebalance
2015-09-29,NVDA,21595,0.5709933271865995,107.97500000000001,rebalance
2015-10-06,META,-8,93.17815348323761,1.0,rebalance
2015-10-06,NFLX,-356,11.031896692371369,1.78,rebalance
2015-10-06,NVDA,-21595,0.6096650034144095,107.97500000000001,rebalance
2015-10-06,AMZN,-14,27.27227211856842,1.0,rebalance
2015-10-06,COST,38,123.80458652220733,1.0,rebalance
2015-10-06,ADBE,226,85.6085584739685,1.1300000000000001,rebalance
2015-10-13,META,-156,92.76219187943524,1.0,rebalance
2015-10-13,NFLX,-156,11.283871347427368,1.0,rebalance
2015-10-13,ADBE,-226,83.31166769485473,1.1300000000000001,rebalance
2015-10-13,COST,34,128.04980342520867,1.0,rebalance
2015-10-13,AMZN,1,27.31573102531433,1.0,rebalance
2015-10-13,NVDA,22621,0.6337903629066493,113.105,rebalance
2015-10-13,PEP,251,70.55729647539304,1.2550000000000001,rebalance
2015-10-20,NFLX,-1328,10.104989346599579,6.640000000000001,rebalance
2015-10-20,COST,-40,128.43353529439477,1.0,rebalance
2015-10-20,NVDA,-22621,0.6712374676152839,113.105,rebalance
2015-10-20,AMZN,-36,28.59714038143158,1.0,rebalance
2015-10-20,PEP,-15,71.24888741914175,1.0,rebalance
2015-10-20,GOOGL,610,34.56904939229386,3.0500000000000003,rebalance
2015-10-20,GOOG,530,32.893760554200675,2.65,rebalance
2015-10-27,COST,-1,131.39961861987737,1.0,rebalance
2015-10-27,GOOGL,-62,35.98247077182379,1.0,rebalance
2015-10-27,AMZN,-19,30.426957305145265,1.0,rebalance
2015-10-27,GOOG,-530,35.03363812116906,2.65,rebalance
2015-10-27,META,172,101.97362878434211,1.0,rebalance
2015-10-27,PEP,8,72.8174491673956,1.0,rebalance
2015-11-03,META,-6,102.23054578358114,1.0,rebalance
2015-11-03,AMZN,-19,31.473351907539367,1.0,rebalance
2015-11-03,PEP,-244,72.1114399617234,1.22,rebalance
2015-11-03,COST,10,132.37020115811603,1.0,rebalance
2015-11-03,GOOGL,6,36.92386885499555,1.0,rebalance
2015-11-03,GOOG,469,35.609318631378756,2.345,rebalance
2015-11-10,COST,-25,129.9466564219973,1.0,rebalance
2015-11-10,AMZN,-19,32.547243912506104,1.0,rebalance
2015-11-10,GOOGL,46,37.32261979907722,1.0,rebalance
2015-11-10,GOOG,36,35.883749609040805,1.0,rebalance
2015-11-17,META,-9,103.61712563944823,1.0,rebalance
2015-11-17,COST,8,131.83260078395992,1.0,rebalance
2015-11-17,GOOGL,3,37.27258737930418,1.0,rebalance
2015-11-17,AMZN,1,32.5357544708252,1.0,rebalance
2015-11-17,GOOG,17,36.12597360395271,1.0,rebalance
2015-11-24,GOOGL,-36,38.27987288438758,1.0,rebalance
2015-11-24,AMZN,-7,33.703630032348634,1.0,rebalance
2015-11-24,GOOG,-44,37.243484901081274,1.0,rebalance
2015-11-24,META,3,105.00489716674124,1.0,rebalance
2015-11-24,COST,38,135.94631334283497,1.0,rebalance
2015-12-01,META,-16,103.82511537559687,1.0,rebalance
2015-12-01,COST,-15,135.7181387747227,1.0,rebalance
2015-12-01,AMZN,-3,33.68413125,1.0,rebalance
2015-12-01,GOOGL,68,37.989340041166024,1.0,rebalance
2015-12-01,GOOG,36,37.008705409954636,1.0,rebalance
2015-12-08,META,-144,103.0030669760838,1.0,rebalance
2015-12-08,GOOGL,-25,37.86090828125142,1.0,rebalance
2015-12-08,GOOG,-16,37.53519398246608,1.0,rebalance
2015-12-08,COST,11,139.69985275510257,1.0,rebalance
2015-12-08,AMZN,15,33.15981742019653,1.0,rebalance
2015-12-08,PEP,204,72.08545380434224,1.02,rebalance
2015-12-15,COST,-60,136.80710303798324,1.0,rebalance
2015-12-15,AMZN,-7,33.24817402610779,1.0,rebalance
2015-12-15,PEP,-204,70.72865702752111,1.02,rebalance
2015-12-15,NFLX,1271,12.194219139766693,6.355,rebalance
2015-12-15,GOOGL,78,38.03144284168268,1.0,rebalance
2015-12-15,GOOG,67,37.300472590622945,1.0,rebalance
2015-12-22,COST,-13,133.94225487382099,1.0,rebalance
2015-12-22,AMZN,-10,33.33816517868042,1.0,rebalance
2015-12-22,NFLX,21,11.731172542190551,1.0,rebalance
2015-12-22,GOOGL,5,37.8570810287333,1.0,rebalance
2015-12-22,GOOG,14,37.233593125083196,1.0,rebalance
2015-12-29,COST,-3,135.6176244995038,1.0,rebalance
2015-12-29,NFLX,-1292,11.817818344116212,6.46,rebalance
2015-12-29,META,144,105.42095293116644,1.0,rebalance
2015-12-29,GOOGL,3,38.98248273273903,1.0,rebalance
2015-12-29,GOOG,3,37.978615700676364,1.0,rebalance
2016-01-05,META,14,101.9240940723472,1.0,rebalance
2016-01-05,COST,3,134.1953016945369,1.0,rebalance
2016-01-05,GOOGL,24,37.84867310754072,1.0,rebalance
2016-01-05,AMZN,14,32.346232804489134,1.0,rebalance
2016-01-05,GOOG,15,36.976002766587975,1.0,rebalance
2016-01-12,META,-158,98.05101601439581,1.0,rebalance
2016-01-12,COST,-117,130.43249080499243,1.0,rebalance
2016-01-12,NFLX,1313,11.612161161041259,6.565,rebalance
2016-01-12,GOOGL,16,36.69205795746972,1.0,rebalance
2016-01-12,ADBE,167,89.8989883895874,1.0,rebalance
2016-01-12,AMZN,2,31.265627013015745,1.0,rebalance
2016-01-12,GOOG,21,35.749004144316935,1.0,rebalance
2016-01-20,GOOGL,-63,34.95881499531957,1.0,rebalance
2016-01-20,GOOG,-57,34.10403458099104,1.0,rebalance
2016-01-20,NFLX,100,10.892088893985749,1.0,rebalance
2016-01-20,AMZN,38,28.2208222120285,1.0,rebalance
2016-01-20,ADBE,41,87.6987714416504,1.0,rebalance
2016-01-26,NFLX,-211,9.973002577114105,1.055,rebalance
2016-01-26,AMZN,-41,30.169483360290528,1.0,rebalance
2016-01-26,ADBE,-208,87.25127613601684,1.04,rebalance
2016-01-26,GOOGL,45,36.41764116756807,1.0,rebalance
2016-01-26,NVDA,17156,0.6931480738414185,85.78,rebalance
2016-01-26,GOOG,43,35.36114602194285,1.0,rebalance
2016-02-02,NFLX,-1202,9.55304450082779,6.01,rebalance
2016-02-02,GOOGL,-41,39.64376592849152,1.0,rebalance
2016-02-02,AMZN,-867,28.49715,4.335,rebalance
2016-02-02,MSFT,469,47.13751323863145,2.345,rebalance
2016-02-02,ADBE,194,88.71887008438111,1.0,rebalance
2016-02-02,NVDA,478,0.7058040259736894,2.39,rebalance
2016-02-02,GOOG,85,38.86084918675254,1.0,rebalance
2016-02-09,MSFT,-469,42.647575924870516,2.345,rebalance
2016-02-09,NVDA,-17634,0.6063833766629291,88.17,rebalance
2016-02-09,ADBE,-194,74.75252613601684,1.0,rebalance
2016-02-09,GOOG,-689,33.29726067193524,3.4450000000000003,rebalance
2016-02-09,GOOGL,-677,34.31747945289573,3.3850000000000002,rebalance
2016-02-09,AVGO,2557,9.111151386931851,12.785,rebalance
2016-02-17,AVGO,-110,9.654380913606142,1.0,rebalance
2016-02-17,PEP,332,71.0802642019393,1.6600000000000001,rebalance
2016-02-23,AVGO,-204,9.894602849716573,1.02,rebalance
2016-02-23,NVDA,31299,0.7610513544651161,156.495,rebalance
2016-03-01,NVDA,-81,0.767822961907635,1.0,rebalance
2016-03-01,AVGO,-880,10.290661616305162,4.4,rebalance
2016-03-01,PEP,-332,70.70713548412357,1.6600000000000001,rebalance
2016-03-01,META,224,106.8177066494663,1.12,rebalance
2016-03-08,META,-7,103.77557870112334,1.0,rebalance
2016-03-08,NVDA,-409,0.7817435897835748,2.045,rebalance
2016-03-08,AVGO,-1363,10.816712594034168,6.815,rebalance
2016-03-08,AMD,97,2.440244057226181,1.0,rebalance
2016-03-08,PEP,336,71.56644523548296,1.68,rebalance
2016-03-15,META,-1,108.06408111105867,1.0,rebalance
2016-03-15,NVDA,-30809,0.7846741070790153,154.04500000000002,rebalance
2016-03-15,AVGO,1638,11.29104673728866,8.19,rebalance
2016-03-15,AMD,1119,2.670267076301575,5.595,rebalance
2016-03-15,CSCO,281,19.977393429901078,1.405,rebalance
2016-03-22,META,-77,110.29252545847321,1.0,rebalance
2016-03-22,AMD,-1216,2.729727019071579,6.08,rebalance
2016-03-22,CSCO,-281,20.49672055236133,1.405,rebalance
2016-03-22,AVGO,-592,11.623621171213339,2.96,rebalance
2016-03-22,NVDA,29983,0.8256235097832977,149.915,rebalance
2016-03-22,TSLA,593,15.815581529712677,2.965,rebalance
2016-03-22,PEP,2,73.23684624214313,1.0,rebalance
2016-03-29,META,-9,112.73883485710141,1.0,rebalance
2016-03-29,TSLA,-71,15.324467613601685,1.0,rebalance
2016-03-29,NVDA,-601,0.846949852140013,3.005,rebalance
2016-03-29,AVGO,159,11.692316836876293,1.0,rebalance
2016-03-29,PEP,2,73.07053507456345,1.0,rebalance
2016-04-05,META,-130,111.03531856216327,1.0,rebalance
2016-04-05,TSLA,-522,16.03172949142456,2.61,rebalance
2016-04-05,AVGO,-306,11.779977634323345,1.53,rebalance
2016-04-05,NVDA,-3835,0.8664873825179334,19.175,rebalance
2016-04-05,PEP,-3,75.02239631242017,1.0,rebalance
2016-04-05,MSFT,522,48.3699035807968,2.61,rebalance
2016-04-05,ADBE,126,93.3293316947937,1.0,rebalance
2016-04-12,MSFT,-166,47.641708077837,1.0,rebalance
2016-04-12,AVGO,-899,11.898959391846669,4.495,rebalance
2016-04-12,NVDA,-7364,0.8791867764823408,36.82,rebalance
2016-04-12,ADBE,-126,93.17068230514526,1.0,rebalance
2016-04-12,PEP,-29,75.31155566884928,1.0,rebalance
2016-04-12,GOOGL,613,37.5678078424834,3.065,rebalance
2016-04-12,GOOG,599,36.55742727835518,2.995,rebalance
2016-04-19,MSFT,-1,49.62205067998097,1.0,rebalance
2016-04-19,NVDA,-88,0.9062947813080835,1.0,rebalance
2016-04-19,PEP,-42,75.05130094499133,1.0,rebalance
2016-04-19,GOOGL,41,39.15635603886357,1.0,rebalance
2016-04-19,GOOG,44,38.11830172268985,1.0,rebalance
2016-04-26,MSFT,-355,45.79281307564477,1.7750000000000001,rebalance
2016-04-26,GOOGL,-107,36.86646989244532,1.0,rebalance
2016-04-26,GOOG,-101,35.92708582076319,1.0,rebalance
2016-04-26,NVDA,5706,0.8957286168333438,28.53,rebalance
2016-04-26,AMZN,353,31.311631139945984,1.7650000000000001,rebalance
2016-04-26,PEP,67,74.62522194535866,1.0,rebalance
2016-05-03,GOOGL,-547,35.28566859598909,2.735,rebalance
2016-05-03,NVDA,-1948,0.8691737913765892,9.74,rebalance
2016-05-03,GOOG,-542,34.51311308621145,2.71,rebalance
2016-05-03,PEP,-4,74.76213840097287,1.0,rebalance
2016-05-03,META,184,116.41674681512833,1.0,rebalance
2016-05-03,ADBE,109,94.0794066947937,1.0,rebalance
2016-05-03,AMZN,135,33.87138683052063,1.0,rebalance
2016-05-10,META,-23,118.47333704278371,1.0,rebalance
2016-05-10,AMZN,-488,34.69653076286316,2.44,rebalance
2016-05-10,NVDA,-437,0.8669759207388168,2.185,rebalance
2016-05-10,ADBE,-109,94.81051769485474,1.0,rebalance
2016-05-10,PEP,-43,76.22252423768519,1.0,rebalance
2016-05-10,GOOGL,531,36.405259418104016,2.6550000000000002,rebalance
2016-05-10,GOOG,582,35.50478909242193,2.91,rebalance
2016-05-17,NVDA,-21416,1.0257177021291135,107.08,rebalance
2016-05-17,PEP,-39,75.31156098320889,1.0,rebalance
2016-05-17,META,11,117.70453432258633,1.0,rebalance
2016-05-17,GOOGL,86,36.212075079604325,1.0,rebalance
2016-05-17,AMZN,470,35.498548431777955,2.35,rebalance
2016-05-17,GOOG,104,35.46715308085843,1.0,rebalance
2016-05-24,GOOGL,-617,35.64966493412031,3.085,rebalance
2016-05-24,PEP,-247,72.9547325017552,1.235,rebalance
2016-05-24,META,23,115.14876985279756,1.0,rebalance
2016-05-24,ADBE,171,97.1897183052063,1.0,rebalance
2016-05-24,NVDA,16968,1.087853654676848,84.84,rebalance
2016-05-24,AMZN,48,34.903991301345826,1.0,rebalance
2016-05-24,GOOG,15,35.01488441160029,1.0,rebalance
2016-06-01,META,-22,117.36407240789424,1.0,rebalance
2016-06-01,AMZN,-55,36.04139366912842,1.0,rebalance
2016-06-01,NVDA,-16968,1.138565180084825,84.84,rebalance
2016-06-01,GOOG,-30,36.37826742042114,1.0,rebalance
2016-06-01,GOOGL,619,37.07444973929718,3.095,rebalance
2016-06-01,ADBE,19,99.24992186355591,1.0,rebalance
2016-06-07,META,-10,118.09696651245804,1.0,rebalance
2016-06-07,AMZN,-463,36.49084975662232,2.315,rebalance
2016-06-07,GOOGL,-38,36.31427232206999,1.0,rebalance
2016-06-07,GOOG,-47,35.650737915350255,1.0,rebalance
2016-06-07,ADBE,5,99.51995313644409,1.0,rebalance
2016-06-07,PEP,276,74.90797914258181,1.3800000000000001,rebalance
2016-06-14,GOOGL,-581,36.11815976246496,2.9050000000000002,rebalance
2016-06-14,GOOG,-624,35.48432481691652,3.12,rebalance
2016-06-14,META,14,112.99913608978419,1.0,rebalance
2016-06-14,AMZN,524,35.62006250457764,2.62,rebalance
2016-06-14,NVDA,15319,1.1432012734627903,76.595,rebalance
2016-06-14,ADBE,17,96.5396517791748,1.0,rebalance
2016-06-14,PEP,48,74.74773489772724,1.0,rebalance
2016-06-21,META,-9,113.0260672544696,1.0,rebalance
2016-06-21,NVDA,-648,1.169416215317002,3.24,rebalance
2016-06-21,AMZN,-6,35.78242069816589,1.0,rebalance
2016-06-21,PEP,-27,75.61409405202899,1.0,rebalance
2016-06-21,ADBE,41,98.6498633895874,1.0,rebalance
2016-06-28,META,-168,109.56951638331398,1.0,rebalance
2016-06-28,ADBE,-253,91.36086574630737,1.2650000000000001,rebalance
2016-06-28,AMD,667,4.950494809246063,3.335,rebalance
2016-06-28,NVDA,7111,1.1289965515535059,35.555,rebalance
2016-06-28,AMZN,184,35.0035,1.0,rebalance
2016-06-28,PEP,33,74.42714280537763,1.0,rebalance
2016-07-06,AMD,-667,4.909508847427368,3.335,rebalance
2016-07-06,NVDA,-4192,1.1512977354959617,20.96,rebalance
2016-07-06,AMZN,-76,36.28187102279663,1.0,rebalance
2016-07-06,PEP,-5,77.6390256294348,1.0,rebalance
2016-07-06,META,164,112.29579845054609,1.0,rebalance
2016-07-06,ADBE,130,94.5394517791748,1.0,rebalance
2016-07-12,AMZN,-18,37.839214204788206,1.0,rebalance
2016-07-12,NVDA,-1639,1.2879250019530983,8.195,rebalance
2016-07-12,ADBE,-130,97.240275,1.0,rebalance
2016-07-12,META,2,117.51633258974543,1.0,rebalance
2016-07-12,COST,108,140.28223603232402,1.0,rebalance
2016-07-12,PEP,9,78.98775466611117,1.0,rebalance
2016-07-19,META,-20,117.84936968041205,1.0,rebalance
2016-07-19,AMZN,-43,36.6213375,1.0,rebalance
2016-07-19,PEP,-1,79.2924462596791,1.0,rebalance
2016-07-19,COST,6,141.13325930854685,1.0,rebalance
2016-07-19,NVDA,1472,1.2965094967132325,7.36,rebalance
2016-07-26,META,-7,120.8305144470722,1.0,rebalance
2016-07-26,COST,-114,141.1892848061555,1.0,rebalance
2016-07-26,NVDA,-1142,1.3753378301795418,5.71,rebalance
2016-07-26,AMZN,-565,37.13178831138611,2.825,rebalance
2016-07-26,GOOGL,434,37.522734067631426,2.17,rebalance
2016-07-26,GOOG,548,36.608949056631054,2.74,rebalance
2016-07-26,PEP,5,79.41030746445315,1.0,rebalance
2016-08-02,GOOGL,-433,39.486772429386505,2.165,rebalance
2016-08-02,NVDA,-3893,1.3956604858591595,19.465,rebalance
2016-08-02,GOOG,-71,38.07007069716186,1.0,rebalance
2016-08-02,PEP,-55,79.57654332131322,1.0,rebalance
2016-08-02,META,54,122.89534371202134,1.0,rebalance
2016-08-02,AMZN,718,38.19431740188599,3.59,rebalance
2016-08-09,GOOGL,-1,39.84135777637277,1.0,rebalance
2016-08-09,NVDA,-1205,1.4453656433548254,6.025,rebalance
2016-08-09,GOOG,-1,38.68468638886511,1.0,rebalance
2016-08-09,PEP,-57,78.84814533188923,1.0,rebalance
2016-08-09,META,2,124.16333087032548,1.0,rebalance
2016-08-09,AMZN,4,38.37333615646362,1.0,rebalance
2016-08-16,META,-35,122.31614631860376,1.0,rebalance
2016-08-16,GOOG,-128,38.64506230535658,1.0,rebalance
2016-08-16,PEP,-11,78.84815727531115,1.0,rebalance
2016-08-16,NVDA,6928,1.5401864827028946,34.64,rebalance
2016-08-16,AMZN,3,38.43484285583496,1.0,rebalance
2016-08-23,NVDA,-2478,1.5463954461277958,12.39,rebalance
2016-08-23,META,8,123.34112099047825,1.0,rebalance
2016-08-23,AMZN,5,38.16931719093323,1.0,rebalance
2016-08-23,GOOG,30,38.41403108802157,1.0,rebalance
2016-08-23,PEP,32,78.86392070013983,1.0,rebalance
2016-08-30,META,-16,125.38643146054754,1.0,rebalance
2016-08-30,NVDA,-655,1.518676598381631,3.275,rebalance
2016-08-30,AMZN,-6,38.54864642829895,1.0,rebalance
2016-08-30,GOOG,-378,38.101766841846604,1.8900000000000001,rebalance
2016-08-30,CSCO,645,23.40124031816618,3.225,rebalance
2016-08-30,PEP,53,78.62350352508184,1.0,rebalance
2016-09-07,META,-5,128.79343888010186,1.0,rebalance
2016-09-07,CSCO,-645,23.529793239212037,3.225,rebalance
2016-09-07,NVDA,-1049,1.5434519525986516,5.245,rebalance
2016-09-07,AMZN,-6,39.472553814697264,1.0,rebalance
2016-09-07,GOOG,426,38.637934941119674,2.13,rebalance
2016-09-07,PEP,21,79.062221226051,1.0,rebalance
2016-09-13,PEP,-51,77.71137218648285,1.0,rebalance
2016-09-13,META,23,126.82808350778355,1.0,rebalance
2016-09-13,NVDA,1614,1.4868388651015672,8.07,rebalance
2016-09-13,AMZN,1,38.442343300628664,1.0,rebalance
2016-09-13,GOOG,11,37.869142707609846,1.0,rebalance
2016-09-20,META,-1,127.4167810676947,1.0,rebalance
2016-09-20,NVDA,-370,1.5797573429065845,1.85,rebalance
2016-09-20,PEP,-20,77.82875112610631,1.0,rebalance
2016-09-20,AMZN,6,38.80387923698425,1.0,rebalance
2016-09-20,GOOG,50,38.09303997452869,1.0,rebalance
2016-09-27,META,-7,126.38672802088192,1.0,rebalance
2016-09-27,NVDA,-1079,1.5721529719482454,5.3950000000000005,rebalance
2016-09-27,AMZN,-16,40.08848952941894,1.0,rebalance
2016-09-27,PEP,-250,78.76030945928147,1.25,rebalance
2016-09-27,GOOGL,482,39.717569899982834,2.41,rebalance
2016-09-27,GOOG,69,38.41502578343021,1.0,rebalance
2016-10-04,GOOGL,-482,39.86661824937711,2.41,rebalance
2016-10-04,NVDA,-2146,1.681558438442768,10.73,rebalance
2016-10-04,AMZN,-13,42.04129715881348,1.0,rebalance
2016-10-04,GOOG,-556,38.43359214453507,2.7800000000000002,rebalance
2016-10-04,META,19,127.95738539561036,1.0,rebalance
2016-10-04,CSCO,925,23.482673799740052,4.625,rebalance
2016-10-04,PEP,268,79.46578682837738,1.34,rebalance
2016-10-11,CSCO,-205,23.52275426520561,1.025,rebalance
2016-10-11,AMZN,-5,42.046793587875364,1.0,rebalance
2016-10-11,PEP,-268,77.84341335716233,1.34,rebalance
2016-10-11,META,23,129.00742415458103,1.0,rebalance
2016-10-11,NVDA,987,1.6409209109297171,4.9350000000000005,rebalance
2016-10-11,GOOG,496,38.96784174886226,2.48,rebalance
2016-10-18,CSCO,-720,22.903343817719232,3.6,rebalance
2016-10-18,META,10,127.471976255831,1.0,rebalance
2016-10-18,GOOGL,421,40.33079747355682,2.105,rebalance
2016-10-18,NVDA,403,1.632087903313844,2.015,rebalance
2016-10-18,AMZN,3,41.10960981750488,1.0,rebalance
2016-10-18,GOOG,18,39.026791603294946,1.0,rebalance
2016-10-25,GOOGL,-1,41.52565768717525,1.0,rebalance
2016-10-25,AMZN,-13,41.96080365257263,1.0,rebalance
2016-10-25,GOOG,-74,40.44682138629329,1.0,rebalance
2016-10-25,META,10,132.24675481198608,1.0,rebalance
2016-10-25,NVDA,1187,1.731946794298139,5.9350000000000005,rebalance
2016-11-01,META,-1,130.1503212812802,1.0,rebalance
2016-11-01,GOOGL,-7,40.15731528784322,1.0,rebalance
2016-11-01,AMZN,-681,39.94600576286316,3.4050000000000002,rebalance
2016-11-01,GOOG,-440,38.773338409148614,2.2,rebalance
2016-11-01,MSFT,339,53.25672613885796,1.695,rebalance
2016-11-01,AVGO,1389,13.10398979372832,6.945,rebalance
2016-11-01,NVDA,2024,1.7523111482064255,10.120000000000001,rebalance
2016-11-08,META,-223,120.86022865158954,1.115,rebalance
2016-11-08,NVDA,-225,1.7549042239909212,1.125,rebalance
2016-11-08,GOOGL,-413,39.71953191693075,2.065,rebalance
2016-11-08,MSFT,8,53.77178960531956,1.0,rebalance
2016-11-08,CSCO,1023,23.094527462030324,5.115,rebalance
2016-11-08,AVGO,441,13.59139960752523,2.205,rebalance
2016-11-08,ADBE,147,108.6908683052063,1.0,rebalance
2016-11-15,NVDA,-11208,2.0676668891969556,56.04,rebalance
2016-11-15,AVGO,-1830,12.649360704391041,9.15,rebalance
2016-11-15,MSFT,75,52.150263898779535,1.0,rebalance
2016-11-15,AMD,2803,6.820682171678543,14.015,rebalance
2016-11-15,CSCO,228,23.34085343466822,1.1400000000000001,rebalance
2016-11-15,ADBE,5,103.1503133895874,1.0,rebalance
2016-11-22,CSCO,-1251,22.44811077062472,6.255,rebalance
2016-11-22,AMZN,515,39.41244152145386,2.575,rebalance
2016-11-22,MSFT,148,54.519495019315,1.0,rebalance
2016-11-22,AMD,373,9.050905190753937,1.865,rebalance
2016-11-22,NVDA,2194,2.2891430444516696,10.97,rebalance
2016-11-22,ADBE,74,105.8605834739685,1.0,rebalance
2016-11-29,MSFT,-1,54.2136228541779,1.0,rebalance
2016-11-29,AMZN,-515,38.39616152572632,2.575,rebalance
2016-11-29,NFLX,93,11.731172542190551,1.0,rebalance
2016-11-29,ADBE,25,104.28042364273071,1.0,rebalance
2016-11-29,AMD,250,9.0009,1.25,rebalance
2016-11-29,NVDA,1640,2.309771229157675,8.2,rebalance
2016-12-06,NFLX,-63,12.008799228858948,1.0,rebalance
2016-12-06,MSFT,-3,54.016958902859926,1.0,rebalance
2016-12-06,AMD,-15,8.94910480928421,1.0,rebalance
2016-12-06,ADBE,-251,101.97979886398315,1.2550000000000001,rebalance
2016-12-06,NVDA,3439,2.2657867790214152,17.195,rebalance
2016-12-13,NFLX,-30,12.349764732170105,1.0,rebalance
2016-12-13,MSFT,-12,55.86729607102532,1.0,rebalance
2016-12-13,AMD,-764,10.748925,3.8200000000000003,rebalance
2016-12-13,NVDA,-12389,2.2132516755534204,61.945,rebalance
2016-12-13,AVGO,1585,13.719583798836554,7.925,rebalance
2016-12-13,ADBE,174,105.7505718635559,1.0,rebalance
2016-12-13,PEP,374,77.46671899935681,1.87,rebalance
2016-12-20,AMD,-244,11.188880580425263,1.22,rebalance
2016-12-20,ADBE,-10,105.48945,1.0,rebalance
2016-12-20,PEP,-374,77.51036125602472,1.87,rebalance
2016-12-20,MSFT,3,56.942391208875705,1.0,rebalance
2016-12-20,AAPL,1085,26.836510289567236,5.425,rebalance
2016-12-20,AVGO,250,13.972482896703943,1.25,rebalance
2016-12-28,MSFT,-18,56.671790417382645,1.0,rebalance
2016-12-28,AMD,-160,12.278771732997894,1.0,rebalance
2016-12-28,ADBE,-164,104.81951883087159,1.0,rebalance
2016-12-28,NVDA,5663,2.938815205437051,28.315,rebalance
2016-12-28,AAPL,123,27.015818140221043,1.0,rebalance
2016-12-28,AVGO,12,14.099077691962101,1.0,rebalance
2017-01-04,AAPL,-8,26.626592478630666,1.0,rebalance
2017-01-04,AVGO,-34,13.758208992655767,1.0,rebalance
2017-01-04,NVDA,-5663,2.540239982971887,28.315,rebalance
2017-01-04,MSFT,3,55.86058765504244,1.0,rebalance
2017-01-04,GOOGL,334,40.11681601497063,1.67,rebalance
2017-01-10,MSFT,-63,56.0728734486373,1.0,rebalance
2017-01-10,GOOGL,-334,40.95961073981497,1.67,rebalance
2017-01-10,AAPL,-18,27.29771017821593,1.0,rebalance
2017-01-10,AMD,-375,11.54884519071579,1.875,rebalance
2017-01-10,AVGO,-54,13.698782058815157,1.0,rebalance
2017-01-10,GOOG,410,40.018006830550966,2.05,rebalance
2017-01-18,MSFT,-98,56.01924531252373,1.0,rebalance
2017-01-18,AAPL,-74,27.580410446236613,1.0,rebalance
2017-01-18,AMD,-1868,9.539045961856843,9.34,rebalance
2017-01-18,AVGO,-281,13.920290751500888,1.405,rebalance
2017-01-18,GOOG,-410,39.90847661883325,2.05,rebalance
2017-01-18,CSCO,1388,22.675511628245797,6.94,rebalance
2017-01-18,ADBE,171,108.51085,1.0,rebalance
2017-01-24,MSFT,-14,56.492991273524915,1.0,rebalance
2017-01-24,AAPL,-146,27.476988123430107,1.0,rebalance
2017-01-24,AVGO,-74,14.874237933914499,1.0,rebalance
2017-01-24,CSCO,14,22.8411339434552,1.0,rebalance
2017-01-24,ADBE,18,111.4711450843811,1.0,rebalance
2017-01-31,MSFT,-4,57.97683275137103,1.0,rebalance
2017-01-31,AVGO,-1404,15.626754498170873,7.0200000000000005,rebalance
2017-01-31,ADBE,-3,113.20867922058106,1.0,rebalance
2017-01-31,NFLX,1502,14.056405805206298,7.51,rebalance
2017-01-31,AAPL,202,27.850295707698297,1.01,rebalance
2017-01-31,CSCO,13,23.097102400022454,1.0,rebalance
2017-02-07,AAPL,-303,30.002898309149764,1.5150000000000001,rebalance
2017-02-07,NFLX,132,14.150415067863465,1.0,rebalance
2017-02-07,MSFT,53,56.98709443127657,1.0,rebalance
2017-02-07,CSCO,4,23.624085006166503,1.0,rebalance
2017-02-07,ADBE,49,114.84148483123779,1.0,rebalance
2017-02-14,NFLX,-1634,14.318567694854737,8.17,rebalance
2017-02-14,CSCO,-373,24.010755011247408,1.865,rebalance
2017-02-14,AMZN,621,41.854183473968504,3.105,rebalance
2017-02-14,MSFT,21,57.9352285414854,1.0,rebalance
2017-02-14,AAPL,14,30.81547833864916,1.0,rebalance
2017-02-14,ADBE,47,117.6617665260315,1.0,rebalance
2017-02-22,MSFT,-30,57.851686604776795,1.0,rebalance
2017-02-22,ADBE,-54,119.65803116912842,1.0,rebalance
2017-02-22,AMZN,-38,42.84321509742737,1.0,rebalance
2017-02-22,AAPL,78,31.498875405242195,1.0,rebalance
2017-02-22,CSCO,290,25.62663554149515,1.45,rebalance
2017-02-28,AAPL,-15,31.64261545696512,1.0,rebalance
2017-02-28,ADBE,-26,118.81811883087158,1.0,rebalance
2017-02-28,MSFT,36,57.638401800804296,1.0,rebalance
2017-02-28,CSCO,24,25.716979399430777,1.0,rebalance
2017-02-28,AMZN,19,42.576755571365354,1.0,rebalance
2017-03-07,MSFT,-26,57.72578973871245,1.0,rebalance
2017-03-07,AAPL,-163,32.099681583894174,1.0,rebalance
2017-03-07,CSCO,-10,25.59139799007844,1.0,rebalance
2017-03-07,AMZN,-19,42.269770860672,1.0,rebalance
2017-03-07,ADBE,65,120.0720035583496,1.0,rebalance
2017-03-14,AAPL,-40,32.155072399178856,1.0,rebalance
2017-03-14,CSCO,-126,25.546241186878458,1.0,rebalance
2017-03-14,MSFT,11,58.04315753509196,1.0,rebalance
2017-03-14,ADBE,21,121.6621665260315,1.0,rebalance
2017-03-14,AMZN,30,42.681769428634645,1.0,rebalance
2017-03-21,AAPL,-735,32.803711683459014,3.6750000000000003,rebalance
2017-03-21,ADBE,-91,126.62733538970947,1.0,rebalance
2017-03-21,MSFT,52,58.636813888021365,1.0,rebalance
2017-03-21,CSCO,55,25.935301824697472,1.0,rebalance
2017-03-21,AMZN,153,42.94629554290771,1.0,rebalance
2017-03-21,PEP,296,83.00725322185401,1.48,rebalance
2017-03-28,CSCO,-35,25.516139428865092,1.0,rebalance
2017-03-28,AMZN,-129,42.58324277572632,1.0,rebalance
2017-03-28,MSFT,16,58.4299373380773,1.0,rebalance
2017-03-28,ADBE,27,127.82277855834961,1.0,rebalance
2017-03-28,PEP,24,83.20817882027814,1.0,rebalance
2017-04-04,MSFT,-12,58.804943352426,1.0,rebalance
2017-04-04,CSCO,-75,25.244905260273168,1.0,rebalance
2017-04-04,PEP,-320,83.32544987742646,1.6,rebalance
2017-04-04,META,168,140.52825999002619,1.0,rebalance
2017-04-04,ADBE,14,129.4829482208252,1.0,rebalance
2017-04-04,AMZN,84,44.579458263015745,1.0,rebalance
2017-04-11,MSFT,-13,58.99378749427006,1.0,rebalance
2017-04-11,CSCO,-142,25.085468536479688,1.0,rebalance
2017-04-11,AMZN,-26,45.34746599006653,1.0,rebalance
2017-04-11,META,33,139.47819311611914,1.0,rebalance
2017-04-11,ADBE,8,129.9229946624756,1.0,rebalance
2017-04-18,CSCO,-20,24.721021144124904,1.0,rebalance
2017-04-18,AMZN,-68,45.04499456176758,1.0,rebalance
2017-04-18,META,20,139.943806634319,1.0,rebalance
2017-04-18,MSFT,2,58.76273246956202,1.0,rebalance
2017-04-18,ADBE,4,129.75297949371338,1.0,rebalance
2017-04-25,META,-14,144.39246875554397,1.0,rebalance
2017-04-25,ADBE,-9,133.42665844116212,1.0,rebalance
2017-04-25,CSCO,-1007,25.35119463462391,5.035,rebalance
2017-04-25,AMZN,-31,45.34746599006653,1.0,rebalance
2017-04-25,MSFT,60,61.07438770003682,1.0,rebalance
2017-04-25,PEP,313,84.99424081325165,1.565,rebalance
2017-05-02,META,-42,151.8701239643834,1.0,rebalance
2017-05-02,AMZN,-596,47.3277672077179,2.98,rebalance
2017-05-02,PEP,-313,83.8909334676291,1.565,rebalance
2017-05-02,MSFT,73,62.70244106776578,1.0,rebalance
2017-05-02,AAPL,687,34.06393940046856,3.435,rebalance
2017-05-02,ADBE,30,135.55354728546143,1.0,rebalance
2017-05-02,CSCO,950,25.86506136866776,4.75,rebalance
2017-05-09,META,-15,150.03782124675868,1.0,rebalance
2017-05-09,ADBE,-35,135.31646883087157,1.0,rebalance
2017-05-09,AAPL,275,35.52541139499856,1.375,rebalance
2017-05-09,CSCO,55,25.925815551357314,1.0,rebalance
2017-05-16,MSFT,-12,61.71062709790548,1.0,rebalance
2017-05-16,CSCO,-136,25.996556644714122,1.0,rebalance
2017-05-16,META,11,148.70080959667777,1.0,rebalance
2017-05-16,AAPL,49,36.15194839402556,1.0,rebalance
2017-05-16,ADBE,5,138.0738035583496,1.0,rebalance
2017-05-23,META,-161,147.0962999779533,1.0,rebalance
2017-05-23,MSFT,-80,62.153822043169946,1.0,rebalance
2017-05-23,AAPL,-101,35.90364944615312,1.0,rebalance
2017-05-23,CSCO,-869,24.166776515735407,4.345,rebalance
2017-05-23,ADBE,-12,139.14608766174317,1.0,rebalance
2017-05-23,AMZN,473,48.75587455062866,2.365,rebalance
2017-05-23,PEP,375,85.36633433497911,1.875,rebalance
2017-05-31,MSFT,-5,63.790874151500816,1.0,rebalance
2017-05-31,AAPL,-52,35.68808862793444,1.0,rebalance
2017-05-31,ADBE,-6,143.0256892868042,1.0,rebalance
2017-05-31,AMZN,34,50.005,1.0,rebalance
2017-05-31,PEP,15,87.60112990277005,1.0,rebalance
2017-06-06,MSFT,-22,65.39177986418069,1.0,rebalance
2017-06-06,AAPL,-3,35.67185801701101,1.0,rebalance
2017-06-06,ADBE,-3,143.33567110290528,1.0,rebalance
2017-06-06,AMZN,-507,50.59493847427368,2.535,rebalance
2017-06-06,PEP,-28,88.23538805153072,1.0,rebalance
2017-06-06,COST,187,161.10325664540423,1.0,rebalance
2017-06-13,AAPL,-159,34.1096328980224,1.0,rebalance
2017-06-13,ADBE,-13,138.7761142868042,1.0,rebalance
2017-06-13,COST,21,159.50725430750506,1.0,rebalance
2017-06-13,MSFT,24,63.34227598118243,1.0,rebalance
2017-06-13,PEP,27,86.52214491445243,1.0,rebalance
2017-06-20,COST,-208,146.7102531664986,1.04,rebalance
2017-06-20,MSFT,-1,64.05316117917654,1.0,rebalance
2017-06-20,AAPL,-49,34.04242684998511,1.0,rebalance
2017-06-20,META,148,151.44481998226325,1.0,rebalance
2017-06-20,ADBE,50,141.22412771453858,1.0,rebalance
2017-06-20,PEP,31,87.8858510901846,1.0,rebalance
2017-06-27,MSFT,-20,63.41101016689042,1.0,rebalance
2017-06-27,PEP,-13,87.83082619612242,1.0,rebalance
2017-06-27,META,1,151.40518280004662,1.0,rebalance
2017-06-27,AAPL,35,33.61800905822694,1.0,rebalance
2017-06-27,ADBE,3,144.3444348312378,1.0,rebalance
2017-07-05,MSFT,-1,61.73780843999641,1.0,rebalance
2017-07-05,ADBE,-7,138.63612889709472,1.0,rebalance
2017-07-05,PEP,-40,86.52728303723607,1.0,rebalance
2017-07-05,AAPL,157,33.31199866816346,1.0,rebalance
2017-07-11,META,-149,151.89979117823322,1.0,rebalance
2017-07-11,PEP,-83,84.90913113027416,1.0,rebalance
2017-07-11,AMZN,471,49.654966526031494,2.355,rebalance
2017-07-11,MSFT,18,63.32419412988981,1.0,rebalance
2017-07-11,AAPL,93,33.55310584719043,1.0,rebalance
2017-07-11,ADBE,7,143.0043044937134,1.0,rebalance
2017-07-18,MSFT,-21,66.10627026374439,1.0,rebalance
2017-07-18,AAPL,-22,34.582487971522326,1.0,rebalance
2017-07-18,ADBE,-8,146.45535422058106,1.0,rebalance
2017-07-18,PEP,-284,86.04035420793744,1.42,rebalance
2017-07-18,META,160,158.16116236608318,1.0,rebalance
2017-07-18,AMZN,69,50.305029236984254,1.0,rebalance
2017-07-25,META,-160,163.4282336196543,1.0,rebalance
2017-07-25,MSFT,-54,66.74844896865825,1.0,rebalance
2017-07-25,AMZN,-4,51.89730990257263,1.0,rebalance
2017-07-25,AAPL,21,35.19215755808596,1.0,rebalance
2017-07-25,ADBE,2,149.83498932495118,1.0,rebalance
2017-07-25,PEP,330,87.39133380786792,1.6500000000000001,rebalance
2017-08-01,AAPL,-86,34.55930370566395,1.0,rebalance
2017-08-01,ADBE,-12,147.4652477279663,1.0,rebalance
2017-08-01,AMZN,-536,49.800519480514524,2.68,rebalance
2017-08-01,META,143,168.2257879495715,1.0,rebalance
2017-08-01,MSFT,10,66.12855892532122,1.0,rebalance
2017-08-01,PEP,77,87.43628404824128,1.0,rebalance
2017-08-08,MSFT,-25,65.20184893637176,1.0,rebalance
2017-08-08,AAPL,-99,36.76126762896732,1.0,rebalance
2017-08-08,META,5,170.26642785082106,1.0,rebalance
2017-08-08,ADBE,5,148.1548133895874,1.0,rebalance
2017-08-08,PEP,37,87.51870472264727,1.0,rebalance
2017-08-15,META,-3,169.84614775227723,1.0,rebalance
2017-08-15,AAPL,-37,37.38499466380131,1.0,rebalance
2017-08-15,ADBE,-23,149.54504155883788,1.0,rebalance
2017-08-15,MSFT,11,66.92650959943052,1.0,rebalance
2017-08-15,PEP,2,88.32794961537195,1.0,rebalance
2017-08-22,AAPL,-20,36.81952355440941,1.0,rebalance
2017-08-22,PEP,-4,88.58749320739635,1.0,rebalance
2017-08-22,META,8,166.70022473625647,1.0,rebalance
2017-08-22,MSFT,22,65.79877855487922,1.0,rebalance
2017-08-22,ADBE,2,150.1550133895874,1.0,rebalance
2017-08-29,PEP,-442,86.56475122273567,2.21,rebalance
2017-08-29,META,20,163.69870771816412,1.0,rebalance
2017-08-29,MSFT,78,65.70782845367427,1.0,rebalance
2017-08-29,AAPL,177,37.26213030511862,1.0,rebalance
2017-08-29,NVDA,5255,4.007948039263569,26.275000000000002,rebalance
2017-08-29,ADBE,32,150.565058052063,1.0,rebalance
2017-09-06,META,-2,169.27168553867375,1.0,rebalance
2017-09-06,AAPL,-15,37.862008584606954,1.0,rebalance
2017-09-06,NVDA,-231,4.121748642097304,1.155,rebalance
2017-09-06,ADBE,-4,155.09448961029054,1.0,rebalance
2017-09-06,MSFT,40,67.06293988437785,1.0,rebalance
2017-09-12,META,-32,172.09435539539405,1.0,rebalance
2017-09-12,MSFT,-71,67.97695520041854,1.0,rebalance
2017-09-12,AAPL,-69,37.83873952176733,1.0,rebalance
2017-09-12,NVDA,-5024,4.189771416684538,25.12,rebalance
2017-09-12,ADBE,-19,156.74431850738526,1.0,rebalance
2017-09-12,PEP,423,87.29359824887077,2.115,rebalance
2017-09-19,AAPL,-19,37.11736872829359,1.0,rebalance
2017-09-19,PEP,-423,86.80086921580363,2.115,rebalance
2017-09-19,META,10,169.01824739743859,1.0,rebalance
2017-09-19,MSFT,84,68.39979528618515,1.0,rebalance
2017-09-19,NVDA,4707,4.572940126336272,23.535,rebalance
2017-09-19,ADBE,20,156.315633052063,1.0,rebalance
2017-09-26,MSFT,-9,66.98586289468521,1.0,rebalance
2017-09-26,ADBE,-255,145.48545000000001,1.2750000000000001,rebalance
2017-09-26,META,3,162.9557120170927,1.0,rebalance
2017-09-26,NFLX,972,18.0718066947937,4.86,rebalance
2017-09-26,AAPL,182,35.32570536111878,1.0,rebalance
2017-09-26,NVDA,1253,4.349605179261153,6.265000000000001,rebalance
2017-10-03,META,-152,167.67712921977468,1.0,rebalance
2017-10-03,NFLX,-972,17.76322288970947,4.86,rebalance
2017-10-03,MSFT,-1,67.8951040828482,1.0,rebalance
2017-10-03,AAPL,-192,35.837545553339915,1.0,rebalance
2017-10-03,NVDA,-5960,4.417742246879213,29.8,rebalance
2017-10-03,GOOGL,505,47.92678331371644,2.525,rebalance
2017-10-03,ADBE,185,148.49484372711183,1.0,rebalance
2017-10-03,GOOG,579,47.257170829435054,2.895,rebalance
2017-10-10,MSFT,-1,69.40453327978756,1.0,rebalance
2017-10-10,AAPL,-50,36.31456804510639,1.0,rebalance
2017-10-10,GOOGL,24,49.30084092317767,1.0,rebalance
2017-10-10,ADBE,1,152.0152,1.0,rebalance
2017-10-10,GOOG,13,48.54509884442052,1.0,rebalance
2017-10-17,MSFT,-3,70.44109500199663,1.0,rebalance
2017-10-17,GOOGL,-15,49.892203534581064,1.0,rebalance
2017-10-17,AAPL,-703,37.18020606665392,3.515,rebalance
2017-10-17,ADBE,-12,150.5049522720337,1.0,rebalance
2017-10-17,GOOG,-12,49.045004383023645,1.0,rebalance
2017-10-17,NFLX,1223,20.013000779533385,6.115,rebalance
2017-10-24,NFLX,-1223,19.27307211856842,6.115,rebalance
2017-10-24,MSFT,-2,71.74132043404538,1.0,rebalance
2017-10-24,GOOGL,-4,48.85517510350556,1.0,rebalance
2017-10-24,ADBE,-174,171.45285422058106,1.0,rebalance
2017-10-24,AAPL,644,36.37537305974287,3.22,rebalance
2017-10-24,NVDA,5537,4.855929468707993,27.685000000000002,rebalance
2017-10-24,GOOG,15,48.049735568830656,1.0,rebalance
2017-10-31,MSFT,-20,76.70593766567127,1.0,rebalance
2017-10-31,GOOGL,95,51.168266870491784,1.0,rebalance
2017-10-31,AAPL,188,39.077512589387844,1.0,rebalance
2017-10-31,NVDA,934,5.056585735766414,4.67,rebalance
2017-10-31,GOOG,44,50.2897522568192,1.0,rebalance
2017-11-07,MSFT,-49,77.0787693423438,1.0,rebalance
2017-11-07,NVDA,-6470,5.189155393335791,32.35,rebalance
2017-11-07,META,171,178.80551561449448,1.0,rebalance
2017-11-07,GOOGL,21,51.99298995545617,1.0,rebalance
2017-11-07,AAPL,128,40.47629513211744,1.0,rebalance
2017-11-07,GOOG,8,50.886654297474976,1.0,rebalance
2017-11-14,MSFT,-22,75.9239956831199,1.0,rebalance
2017-11-14,GOOGL,-14,51.39178454684037,1.0,rebalance
2017-11-14,NVDA,-1,5.249535858742865,1.0,rebalance
2017-11-14,GOOG,-16,50.64470521934293,1.0,rebalance
2017-11-14,AAPL,81,40.41858794803092,1.0,rebalance
2017-11-21,MSFT,-26,75.61077114184228,1.0,rebalance
2017-11-21,AAPL,-56,39.882719367501245,1.0,rebalance
2017-11-21,META,14,177.46816763722455,1.0,rebalance
2017-11-21,GOOGL,26,51.51697528939766,1.0,rebalance
2017-11-21,GOOG,5,50.69049688421738,1.0,rebalance
2017-11-28,META,-8,181.75090149891554,1.0,rebalance
2017-11-28,AAPL,-36,40.70476436090998,1.0,rebalance
2017-11-28,GOOGL,26,53.19865215935569,1.0,rebalance
2017-11-28,GOOG,32,52.26474167005444,1.0,rebalance
2017-12-05,META,-177,168.8161046535259,1.0,rebalance
2017-12-05,MSFT,-448,74.33139847314952,2.24,rebalance
2017-12-05,GOOGL,-74,50.06801268794039,1.0,rebalance
2017-12-05,GOOG,-76,49.32483863257565,1.0,rebalance
2017-12-05,AAPL,8,39.48894983322886,1.0,rebalance
2017-12-05,CSCO,1123,29.177374593712088,5.615,rebalance
2017-12-05,PEP,420,89.37317241227052,2.1,rebalance
2017-12-12,GOOGL,-18,51.99993801730674,1.0,rebalance
2017-12-12,PEP,-47,89.80349948269057,1.0,rebalance
2017-12-12,AAPL,63,40.21071324885297,1.0,rebalance
2017-12-12,CSCO,89,29.216035239768363,1.0,rebalance
2017-12-19,CSCO,-39,29.88266455775507,1.0,rebalance
2017-12-19,PEP,-49,90.20610155437414,1.0,rebalance
2017-12-19,GOOGL,51,53.645938310935186,1.0,rebalance
2017-12-19,AAPL,6,40.883416667105436,1.0,rebalance
2017-12-19,GOOG,49,53.26090694859956,1.0,rebalance
2017-12-27,GOOGL,-623,52.82202313776149,3.115,rebalance
2017-12-27,AAPL,-55,39.72392611722502,1.0,rebalance
2017-12-27,GOOG,-42,52.3681974062456,1.0,rebalance
2017-12-27,META,194,174.89258284793047,1.0,rebalance
2017-12-27,CSCO,7,29.795871595760644,1.0,rebalance
2017-12-27,PEP,34,90.31531416925415,1.0,rebalance
2018-01-03,AAPL,-68,40.29140650307897,1.0,rebalance
2018-01-03,CSCO,-3,29.92904539398025,1.0,rebalance
2018-01-03,PEP,-358,89.56800426844325,1.79,rebalance
2018-01-03,GOOGL,625,53.19567704822596,3.125,rebalance
2018-01-03,GOOG,32,52.72145664969878,1.0,rebalance
2018-01-09,META,-194,186.8911442945188,1.0,rebalance
2018-01-09,GOOGL,-4,55.38934252577736,1.0,rebalance
2018-01-09,GOOG,-4,54.944043593779796,1.0,rebalance
2018-01-09,AAPL,17,40.77130638018253,1.0,rebalance
2018-01-09,CSCO,69,30.99170949508022,1.0,rebalance
2018-01-09,PEP,377,89.85183972452485,1.885,rebalance
2018-01-17,GOOGL,-15,56.276806316218206,1.0,rebalance
2018-01-17,AAPL,-53,41.13680265378824,1.0,rebalance
2018-01-17,CSCO,-52,31.803172795006653,1.0,rebalance
2018-01-17,GOOG,-8,55.777073124855896,1.0,rebalance
2018-01-17,PEP,57,89.87464984289308,1.0,rebalance
2018-01-23,GOOGL,-1,57.97348709951887,1.0,rebalance
2018-01-23,CSCO,-20,32.34829881064314,1.0,rebalance
2018-01-23,GOOG,-2,57.4426254363011,1.0,rebalance
2018-01-23,AAPL,17,41.41364941982476,1.0,rebalance
2018-01-23,PEP,1,91.98682180509175,1.0,rebalance
2018-01-30,AAPL,-152,38.65668067437448,1.0,rebalance
2018-01-30,PEP,-24,90.91255460111606,1.0,rebalance
2018-01-30,GOOGL,63,58.33677239939421,1.0,rebalance
2018-01-30,CSCO,30,33.25046593614637,1.0,rebalance
2018-01-30,GOOG,59,57.84940412167385,1.0,rebalance
2018-02-06,GOOGL,-190,51.20656050298559,1.0,rebalance
2018-02-06,AAPL,-732,36.157876978307385,3.66,rebalance
2018-02-06,CSCO,-1204,29.848575582853755,6.0200000000000005,rebalance
2018-02-06,GOOG,-131,50.87202439309374,1.0,rebalance
2018-02-06,PEP,-411,85.41283781278868,2.055,rebalance
2018-02-06,AMZN,610,68.07980534667969,3.0500000000000003,rebalance
2018-02-06,MSFT,441,79.41907344404541,2.205,rebalance
2018-02-06,ADBE,167,186.60865533752443,1.0,rebalance
2018-02-13,MSFT,-51,81.26742005229698,1.0,rebalance
2018-02-13,GOOGL,-478,51.99993974107219,2.39,rebalance
2018-02-13,GOOG,-63,51.75456745726005,1.0,rebalance
2018-02-13,CSCO,934,31.544719692414933,4.67,rebalance
2018-02-13,ADBE,36,190.86909110412597,1.0,rebalance
2018-02-21,AMZN,-1,74.242575,1.0,rebalance
2018-02-21,CSCO,-10,34.34961067750226,1.0,rebalance
2018-02-21,ADBE,-6,204.42955194854736,1.0,rebalance
2018-02-21,GOOG,-482,54.79893970022697,2.41,rebalance
2018-02-21,MSFT,6,85.3846558571442,1.0,rebalance
2018-02-21,NVDA,4530,6.208629772359763,22.650000000000002,rebalance
2018-02-27,AMZN,-3,76.21737597427368,1.0,rebalance
2018-02-27,MSFT,-1,87.90159901105156,1.0,rebalance
2018-02-27,CSCO,-95,35.36195547702212,1.0,rebalance
2018-02-27,NVDA,-4530,6.05848808246321,22.650000000000002,rebalance
2018-02-27,ADBE,-4,211.96880649261476,1.0,rebalance
2018-02-27,GOOG,537,56.532258636826064,2.685,rebalance
2018-03-06,AMZN,-9,76.65233766174316,1.0,rebalance
2018-03-06,MSFT,-20,86.6162508836894,1.0,rebalance
2018-03-06,CSCO,-829,34.77012915064633,4.1450000000000005,rebalance
2018-03-06,GOOG,-537,54.439865654057236,2.685,rebalance
2018-03-06,NFLX,895,31.99119966983795,4.4750000000000005,rebalance
2018-03-06,NVDA,4874,5.901727239752404,24.37,rebalance
2018-03-06,ADBE,8,212.4612464416504,1.0,rebalance
2018-03-13,NFLX,-895,32.3837623374939,4.4750000000000005,rebalance
2018-03-13,AMZN,-8,80.789916721344,1.0,rebalance
2018-03-13,MSFT,-7,89.05842749917815,1.0,rebalance
2018-03-13,NVDA,-275,6.206311514841529,1.375,rebalance
2018-03-13,CSCO,676,35.65721854913733,3.38,rebalance
2018-03-13,ADBE,12,223.0223,1.0,rebalance
2018-03-20,MSFT,-5,85.43184339536865,1.0,rebalance
2018-03-20,CSCO,-1,34.64552808718081,1.0,rebalance
2018-03-20,ADBE,-5,223.16768344116213,1.0,rebalance
2018-03-20,AMZN,7,77.52474999084473,1.0,rebalance
2018-03-20,NVDA,34,5.951586898382816,1.0,rebalance
2018-03-27,MSFT,-39,87.16712417577241,1.0,rebalance
2018-03-27,CSCO,-675,34.64553246727478,3.375,rebalance
2018-03-27,ADBE,-3,229.87700389709474,1.0,rebalance
2018-03-27,AMZN,3,78.62786474685669,1.0,rebalance
2018-03-27,NFLX,866,32.25222544937134,4.33,rebalance
2018-03-27,NVDA,582,6.115235854165646,2.91,rebalance
2018-04-03,AMZN,-21,69.5620433441162,1.0,rebalance
2018-04-03,ADBE,-4,214.75852077941894,1.0,rebalance
2018-04-03,NFLX,44,28.547854576301575,1.0,rebalance
2018-04-03,MSFT,25,82.26239446643413,1.0,rebalance
2018-04-03,NVDA,404,5.622808023481788,2.02,rebalance
2018-04-10,AMZN,-47,71.59234261322021,1.0,rebalance
2018-04-10,MSFT,-4,84.825892319912,1.0,rebalance
2018-04-10,ADBE,-2,222.58773961029053,1.0,rebalance
2018-04-10,NFLX,60,29.770976449012757,1.0,rebalance
2018-04-10,NVDA,852,5.54678474460825,4.26,rebalance
2018-04-17,NFLX,-970,32.962703003311155,4.8500000000000005,rebalance
2018-04-17,NVDA,-137,5.764817632405221,1.0,rebalance
2018-04-17,AMZN,4,73.12230936355591,1.0,rebalance
2018-04-17,COST,182,175.01900489699696,1.0,rebalance
2018-04-17,MSFT,6,87.2396447813218,1.0,rebalance
2018-04-17,ADBE,2,228.5828535583496,1.0,rebalance
2018-04-24,COST,-182,173.98229985243242,1.0,rebalance
2018-04-24,NVDA,-6334,5.550611628845044,31.67,rebalance
2018-04-24,AMZN,18,76.7976799156189,1.0,rebalance
2018-04-24,NFLX,933,31.925193085098265,4.665,rebalance
2018-04-24,MSFT,21,88.37833296458639,1.0,rebalance
2018-04-24,CSCO,908,34.88392306872751,4.54,rebalance
2018-04-24,ADBE,2,227.0227,1.0,rebalance
2018-05-01,AMZN,-24,78.1531870124817,1.0,rebalance
2018-05-01,MSFT,-30,85.57873018762925,1.0,rebalance
2018-05-01,CSCO,-29,34.468745846251586,1.0,rebalance
2018-05-01,NFLX,170,31.03910289802551,1.0,rebalance
2018-05-01,ADBE,2,220.79208127288817,1.0,rebalance
2018-05-08,NFLX,-106,32.586741152572635,1.0,rebalance
2018-05-08,AMZN,-18,79.742025,1.0,rebalance
2018-05-08,MSFT,-342,88.00260654865636,1.71,rebalance
2018-05-08,CSCO,-3,35.968075390104914,1.0,rebalance
2018-05-08,ADBE,-13,229.71703149261475,1.0,rebalance
2018-05-08,NVDA,6437,6.138438000201852,32.185,rebalance
2018-05-15,NFLX,-997,32.59074236984253,4.985,rebalance
2018-05-15,NVDA,-964,6.238392434305639,4.82,rebalance
2018-05-15,ADBE,-9,235.61643538970947,1.0,rebalance
2018-05-15,AMZN,11,79.3979383895874,1.0,rebalance
2018-05-15,MSFT,395,89.29666789462549,1.975,rebalance
2018-05-15,CSCO,125,35.496323879331506,1.0,rebalance
2018-05-22,AMZN,-17,79.48654975662231,1.0,rebalance
2018-05-22,MSFT,-11,90.07149324542617,1.0,rebalance
2018-05-22,NVDA,-5473,6.0407209060742835,27.365000000000002,rebalance
2018-05-22,ADBE,-6,241.12587889709474,1.0,rebalance
2018-05-22,COST,186,179.17164074550809,1.0,rebalance
2018-05-22,CSCO,102,34.3814357177748,1.0,rebalance
2018-05-30,COST,-186,177.73661749681924,1.0,rebalance
2018-05-30,CSCO,-1103,33.81721541064248,5.515,rebalance
2018-05-30,AMZN,8,80.9130892791748,1.0,rebalance
2018-05-30,NFLX,1034,35.240523211669924,5.17,rebalance
2018-05-30,MSFT,12,90.6705599755835,1.0,rebalance
2018-05-30,NVDA,4817,6.173355723358605,24.085,rebalance
2018-05-30,ADBE,9,244.42443389587402,1.0,rebalance
2018-06-05,AMZN,-3,83.64113303604127,1.0,rebalance
2018-06-05,MSFT,-17,94.05500493903055,1.0,rebalance
2018-06-05,NFLX,30,36.335633932495114,1.0,rebalance
2018-06-05,NVDA,106,6.544571763176331,1.0,rebalance
2018-06-05,ADBE,1,254.0254,1.0,rebalance
2018-06-12,AMZN,-4,84.64153652572632,1.0,rebalance
2018-06-12,MSFT,-9,93.22510833028689,1.0,rebalance
2018-06-12,NVDA,-4923,6.462021960684933,24.615000000000002,rebalance
2018-06-12,ADBE,-5,252.62472889709474,1.0,rebalance
2018-06-12,NFLX,81,36.3636366104126,1.0,rebalance
2018-06-12,AAPL,694,45.06014418695369,3.47,rebalance
2018-06-19,NFLX,-137,38.94610576286316,1.0,rebalance
2018-06-19,AMZN,-54,85.44345827865601,1.0,rebalance
2018-06-19,MSFT,-370,91.88807131693548,1.85,rebalance
2018-06-19,AAPL,-694,43.57993572578788,3.47,rebalance
2018-06-19,ADBE,-16,251.8048188308716,1.0,rebalance
2018-06-19,COST,228,183.81870125387525,1.1400000000000001,rebalance
2018-06-19,CSCO,1060,34.247949744491876,5.3,rebalance
2018-06-26,NFLX,-253,39.32406631507874,1.2650000000000001,rebalance
2018-06-26,AMZN,-61,83.61013790588379,1.0,rebalance
2018-06-26,CSCO,-1060,33.34622504770569,5.3,rebalance
2018-06-26,ADBE,-12,240.64593116912843,1.0,rebalance
2018-06-26,COST,29,190.52911633308406,1.0,rebalance
2018-06-26,MSFT,397,91.14093645089679,1.985,rebalance
2018-07-03,NFLX,-755,39.945006412124634,3.775,rebalance
2018-07-03,COST,7,187.07518497008203,1.0,rebalance
2018-07-03,AMZN,24,86.20661784667969,1.0,rebalance
2018-07-03,MSFT,20,92.67194594781616,1.0,rebalance
2018-07-03,CSCO,937,33.714049536902905,4.6850000000000005,rebalance
2018-07-10,AMZN,-16,86.91780576324463,1.0,rebalance
2018-07-10,MSFT,-9,94.05501397613595,1.0,rebalance
2018-07-10,CSCO,-35,33.914648251130814,1.0,rebalance
2018-07-10,ADBE,2,250.4950482208252,1.0,rebalance
2018-07-17,AMZN,-11,90.56894512939454,1.0,rebalance
2018-07-17,MSFT,-21,96.46168539880041,1.0,rebalance
2018-07-17,CSCO,-902,33.39252014581671,4.51,rebalance
2018-07-17,ADBE,-12,252.65472467651367,1.0,rebalance
2018-07-17,COST,1,192.03625652799474,1.0,rebalance
2018-07-17,NFLX,586,34.6984691947937,2.93,rebalance
2018-07-24,NFLX,-586,36.69033084411621,2.93,rebalance
2018-07-24,MSFT,-31,100.1132359587803,1.0,rebalance
2018-07-24,ADBE,-8,261.0139045440674,1.0,rebalance
2018-07-24,AMZN,20,91.45964553833008,1.0,rebalance
2018-07-24,AAPL,484,45.309691824306505,2.42,rebalance
2018-07-31,COST,-4,197.04757520791597,1.0,rebalance
2018-07-31,ADBE,-27,244.90549967651367,1.0,rebalance
2018-07-31,AMZN,122,89.33343348770141,1.0,rebalance
2018-07-31,MSFT,2,98.21492243024468,1.0,rebalance
2018-07-31,AAPL,12,44.80350533420668,1.0,rebalance
2018-08-07,AMZN,-11,92.71722881469726,1.0,rebalance
2018-08-07,AAPL,-10,49.27164534017877,1.0,rebalance
2018-08-07,COST,3,200.27176624656994,1.0,rebalance
2018-08-07,MSFT,30,100.12404159428002,1.0,rebalance
2018-08-07,ADBE,1,254.52545,1.0,rebalance
2018-08-14,COST,5,197.37407148106487,1.0,rebalance
2018-08-14,AMZN,35,95.97909463043213,1.0,rebalance
2018-08-14,MSFT,34,100.12404337732528,1.0,rebalance
2018-08-14,AAPL,20,49.65279531368451,1.0,rebalance
2018-08-14,ADBE,18,254.40544288330076,1.0,rebalance
2018-08-21,COST,-9,205.83751860524885,1.0,rebalance
2018-08-21,AMZN,-7,93.9906,1.0,rebalance
2018-08-21,MSFT,-31,98.97120219241597,1.0,rebalance
2018-08-21,AAPL,-505,51.21134597894787,2.525,rebalance
2018-08-21,ADBE,-17,250.42495194854737,1.0,rebalance
2018-08-21,CSCO,986,36.595903010538244,4.93,rebalance
2018-08-28,AMZN,-3,96.87680884780885,1.0,rebalance
2018-08-28,MSFT,-10,101.76667250874196,1.0,rebalance
2018-08-28,AAPL,-1,51.73336384099242,1.0,rebalance
2018-08-28,CSCO,-92,37.00787604393126,1.0,rebalance
2018-08-28,ADBE,-4,263.67364220581055,1.0,rebalance
2018-08-28,COST,3,207.17949708929416,1.0,rebalance
2018-09-05,AMZN,-41,101.89531176910401,1.0,rebalance
2018-09-05,ADBE,-1,265.58342435302734,1.0,rebalance
2018-09-05,COST,1,210.95845238636892,1.0,rebalance
2018-09-05,MSFT,14,102.77769311957384,1.0,rebalance
2018-09-05,CSCO,7,37.632460712251486,1.0,rebalance
2018-09-11,COST,-11,219.33238650513195,1.0,rebalance
2018-09-11,AMZN,-49,96.40385657501221,1.0,rebalance
2018-09-11,MSFT,-43,100.80398549866082,1.0,rebalance
2018-09-11,ADBE,-10,265.2734577941895,1.0,rebalance
2018-09-11,CSCO,71,37.11813228955798,1.0,rebalance
2018-09-18,AMZN,-9,95.92290949630737,1.0,rebalance
2018-09-18,COST,10,208.62915854230926,1.0,rebalance
2018-09-18,MSFT,51,103.87016414697196,1.0,rebalance
2018-09-18,CSCO,144,37.24474254614186,1.0,rebalance
2018-09-18,ADBE,20,267.63674635009767,1.0,rebalance
2018-09-25,CSCO,-21,38.42396062401157,1.0,rebalance
2018-09-25,COST,1,210.4727664847158,1.0,rebalance
2018-09-25,AMZN,26,97.15471114273072,1.0,rebalance
2018-09-25,MSFT,11,106.2866107157035,1.0,rebalance
2018-10-02,CSCO,-8,38.56635357031858,1.0,rebalance
2018-10-02,COST,4,210.5357158444384,1.0,rebalance
2018-10-02,AMZN,7,100.00949640960694,1.0,rebalance
2018-10-02,MSFT,12,106.7495514027438,1.0,rebalance
2018-10-09,COST,-72,201.54699846106197,1.0,rebalance
2018-10-09,AMZN,48,93.00879640960693,1.0,rebalance
2018-10-09,MSFT,41,102.89803079941143,1.0,rebalance
2018-10-09,CSCO,165,37.862991727406715,1.0,rebalance
2018-10-09,ADBE,7,254.1854196624756,1.0,rebalance
2018-10-16,AMZN,-526,89.16608555145264,2.63,rebalance
2018-10-16,ADBE,-123,252.47475,1.0,rebalance
2018-10-16,COST,64,202.23482870993132,1.0,rebalance
2018-10-16,AAPL,692,51.72481961015364,3.46,rebalance
2018-10-16,AMD,394,26.632662160682678,1.97,rebalance
2018-10-16,CSCO,205,36.078577448079365,1.025,rebalance
2018-10-23,COST,-4,204.1725653051904,1.0,rebalance
2018-10-23,MSFT,-8,99.75800299532331,1.0,rebalance
2018-10-23,AMD,-28,24.177582305145265,1.0,rebalance
2018-10-23,CSCO,-8,35.95986645507925,1.0,rebalance
2018-10-23,AAPL,12,50.992414952995844,1.0,rebalance
2018-10-30,COST,-5,200.60287545046802,1.0,rebalance
2018-10-30,MSFT,-459,95.9535403870417,2.295,rebalance
2018-10-30,AMD,-366,16.378361160850524,1.83,rebalance
2018-10-30,CSCO,-14,34.98023208201982,1.0,rebalance
2018-10-30,AAPL,198,49.88670303520266,1.0,rebalance
2018-10-30,TSLA,140,21.89485703716278,1.0,rebalance
2018-11-06,COST,-9,211.3029428358179,1.0,rebalance
2018-11-06,AAPL,-902,47.696466544617536,4.51,rebalance
2018-11-06,TSLA,-140,22.60240719680786,1.0,rebalance
2018-11-06,CSCO,-44,36.66870856648453,1.0,rebalance
2018-11-06,AMD,640,19.50195,3.2,rebalance
2018-11-06,PEP,328,88.80952342969815,1.6400000000000001,rebalance
2018-11-13,AMD,-640,19.278072686576845,3.2,rebalance
2018-11-13,CSCO,12,36.40519831324536,1.0,rebalance
2018-11-13,PEP,36,91.70674833039583,1.0,rebalance
2018-11-20,COST,7,202.76058171951058,1.0,rebalance
2018-11-20,TSLA,323,22.7856111579895,1.615,rebalance
2018-11-20,CSCO,8,35.78383616393115,1.0,rebalance
2018-11-20,PEP,31,93.30333657273644,1.0,rebalance
2018-11-27,COST,-249,197.71787889457505,1.245,rebalance
2018-11-27,CSCO,-1411,36.1987996175021,7.055,rebalance
2018-11-27,TSLA,1881,22.672267076301573,9.405,rebalance
2018-11-27,PEP,161,89.853145840202,1.0,rebalance
2018-12-04,TSLA,-1651,23.734293966293336,8.255,rebalance
2018-12-04,PEP,-206,92.94988028558342,1.03,rebalance
2018-12-04,MSFT,489,104.08645404600577,2.445,rebalance
2018-12-04,CSCO,1314,38.795028190636245,6.57,rebalance
2018-12-11,MSFT,-489,102.0761577974865,2.445,rebalance
2018-12-11,TSLA,544,24.663133486175536,2.72,rebalance
2018-12-11,CSCO,11,38.12587858183488,1.0,rebalance
2018-12-11,AVGO,52,19.852985098575083,1.0,rebalance
2018-12-11,PEP,151,91.76769681458309,1.0,rebalance
2018-12-18,CSCO,-1325,35.48199627846361,6.625,rebalance
2018-12-18,PEP,-501,88.86107328158563,2.505,rebalance
2018-12-18,TSLA,998,23.371670200538635,4.99,rebalance
2018-12-18,AVGO,2277,21.01972098723322,11.385,rebalance
2018-12-26,AVGO,-2329,19.590206194378982,11.645,rebalance
2018-12-26,TSLA,-2095,19.998,10.475,rebalance
2019-01-02,AVGO,2260,20.506340618718617,11.3,rebalance
2019-01-02,TSLA,2271,20.40870837612152,11.355,rebalance
2019-01-08,AVGO,-2260,19.782166914586924,11.3,rebalance
2019-01-08,TSLA,-196,22.795053030395508,1.0,rebalance
2019-01-15,TSLA,-394,22.3310987285614,1.97,rebalance
2019-01-15,AVGO,1387,20.828542555842105,6.9350000000000005,rebalance
2019-01-15,NFLX,1345,34.9634950843811,6.7250000000000005,rebalance
2019-01-23,NFLX,-1345,32.82171826286316,6.7250000000000005,rebalance
2019-01-23,TSLA,-657,19.49805,3.285,rebalance
2019-01-23,AVGO,732,21.3872446031873,3.66,rebalance
2019-01-29,TSLA,-1024,19.682699120521544,5.12,rebalance
2019-01-29,AVGO,-627,22.026418026587255,3.1350000000000002,rebalance
2019-01-29,NFLX,911,33.59036050071716,4.555,rebalance
2019-01-29,MSFT,434,97.52175591129323,2.17,rebalance
2019-01-29,CSCO,1117,36.77538667005763,5.585,rebalance
2019-01-29,ADBE,148,241.8341785583496,1.0,rebalance
2019-02-05,MSFT,-434,98.59924209150317,2.17,rebalance
2019-02-05,NFLX,58,35.3235316947937,1.0,rebalance
2019-02-05,AMD,1199,23.422342076301575,5.995,rebalance
2019-02-05,CSCO,124,38.06785004422026,1.0,rebalance
2019-02-05,AVGO,244,22.41070588277983,1.22,rebalance
2019-02-05,ADBE,4,256.7656642333984,1.0,rebalance
2019-02-12,NFLX,-74,34.80551720809937,1.0,rebalance
2019-02-12,AMD,-79,23.427657305145264,1.0,rebalance
2019-02-12,AVGO,-58,22.957403181654268,1.0,rebalance
2019-02-12,CSCO,10,37.9474395266897,1.0,rebalance
2019-02-12,ADBE,4,260.176008895874,1.0,rebalance
2019-02-20,NFLX,-895,36.48135211029053,4.4750000000000005,rebalance
2019-02-20,AMD,-1120,24.13758538970947,5.6000000000000005,rebalance
2019-02-20,CSCO,-225,39.89022732427,1.125,rebalance
2019-02-20,AVGO,-151,23.336391885386533,1.0,rebalance
2019-02-20,ADBE,-22,258.10419188232424,1.0,rebalance
2019-02-20,MSFT,377,100.7209995971893,1.885,rebalance
2019-02-20,PEP,504,90.86489924840947,2.52,rebalance
2019-02-26,AVGO,-197,22.89808291386304,1.0,rebalance
2019-02-26,ADBE,-7,257.9742,1.0,rebalance
2019-02-26,PEP,-3,91.33335061050248,1.0,rebalance
2019-02-26,CSCO,162,40.54843524473005,1.0,rebalance
2019-03-05,PEP,-501,91.76537877953173,2.505,rebalance
2019-03-05,MSFT,56,104.8204465707066,1.0,rebalance
2019-03-05,AMD,1136,23.34233415260315,5.68,rebalance
2019-03-05,CSCO,14,41.03814492650143,1.0,rebalance
2019-03-05,AVGO,180,22.702416866287752,1.0,rebalance
2019-03-05,ADBE,23,259.0259,1.0,rebalance
2019-03-12,MSFT,-44,105.33164482471174,1.0,rebalance
2019-03-12,AMD,-1136,23.09769038143158,5.68,rebalance
2019-03-12,CSCO,-17,41.744261510994626,1.0,rebalance
2019-03-12,AVGO,-259,22.224969441048923,1.295,rebalance
2019-03-12,ADBE,-26,261.83379935302736,1.0,rebalance
2019-03-12,PEP,480,92.3931118290598,2.4,rebalance
2019-03-19,CSCO,-4,43.17292439428584,1.0,rebalance
2019-03-19,AVGO,-1251,24.2352408108263,6.255,rebalance
2019-03-19,ADBE,-22,259.4040496765137,1.0,rebalance
2019-03-19,PEP,-480,92.85726890209465,2.4,rebalance
2019-03-19,COST,237,214.69757791371993,1.185,rebalance
2019-03-19,MSFT,24,110.27390096034974,1.0,rebalance
2019-03-19,AMD,1134,23.60236038150787,5.67,rebalance
2019-03-26,MSFT,-118,110.74668201920419,1.0,rebalance
2019-03-26,AMD,-1134,26.687331534004212,5.67,rebalance
2019-03-26,CSCO,-195,42.69134768202738,1.0,rebalance
2019-03-26,ADBE,-23,265.0234827941895,1.0,rebalance
2019-03-26,COST,4,215.13145507551465,1.0,rebalance
2019-03-26,PEP,522,96.12049540815744,2.61,rebalance
2019-04-02,COST,-1,220.5108970606687,1.0,rebalance
2019-04-02,PEP,-77,96.44939817641206,1.0,rebalance
2019-04-02,MSFT,3,111.17968398278678,1.0,rebalance
2019-04-02,CSCO,141,44.15293669669025,1.0,rebalance
2019-04-02,ADBE,25,272.91730364990235,1.0,rebalance
2019-04-09,COST,-15,221.5139702231277,1.0,rebalance
2019-04-09,ADBE,-10,267.0932831176758,1.0,rebalance
2019-04-09,PEP,-96,96.32280796930051,1.0,rebalance
2019-04-09,CSCO,59,44.49711279714583,1.0,rebalance
2019-04-16,COST,-33,222.9057321403703,1.0,rebalance
2019-04-16,MSFT,-6,113.56623157209273,1.0,rebalance
2019-04-16,CSCO,-12,45.73207620288526,1.0,rebalance
2019-04-16,PEP,145,97.51331614874724,1.0,rebalance
2019-04-23,COST,-19,221.09826258485822,1.0,rebalance
2019-04-23,MSFT,23,115.88610986546414,1.0,rebalance
2019-04-23,CSCO,11,45.58772242204335,1.0,rebalance
2019-04-23,ADBE,11,272.5672625457764,1.0,rebalance
2019-04-23,PEP,8,100.25145269060043,1.0,rebalance
2019-04-30,COST,-16,221.20670210723776,1.0,rebalance
2019-04-30,MSFT,19,121.21817734149484,1.0,rebalance
2019-04-30,CSCO,25,45.240350482571124,1.0,rebalance
2019-04-30,ADBE,11,286.12861610412597,1.0,rebalance
2019-04-30,PEP,18,100.54428026684454,1.0,rebalance
2019-05-07,COST,-1,218.4503095407459,1.0,rebalance
2019-05-07,CSCO,-174,43.502815788934505,1.0,rebalance
2019-05-07,ADBE,-13,278.79212532348635,1.0,rebalance
2019-05-07,MSFT,43,118.08991490973351,1.0,rebalance
2019-05-07,PEP,14,100.21980401929525,1.0,rebalance
2019-05-14,MSFT,-17,115.64821128143082,1.0,rebalance
2019-05-14,CSCO,-368,41.5562517141453,1.84,rebalance
2019-05-14,ADBE,-103,269.40304967651366,1.0,rebalance
2019-05-14,PEP,-11,100.92771057903644,1.0,rebalance
2019-05-14,COST,21,219.60072318631114,1.0,rebalance
2019-05-14,AVGO,870,24.583825608708185,4.3500000000000005,rebalance
2019-05-21,COST,-17,225.73687342297112,1.0,rebalance
2019-05-21,MSFT,-40,119.41229530605962,1.0,rebalance
2019-05-21,CSCO,-2,45.780535099222845,1.0,rebalance
2019-05-21,AVGO,-870,23.032798206127037,4.3500000000000005,rebalance
2019-05-21,AMZN,220,93.74887590332031,1.1,rebalance
2019-05-29,CSCO,-25,43.252431130729455,1.0,rebalance
2019-05-29,AMZN,-5,91.14688263015748,1.0,rebalance
2019-05-29,COST,19,221.26841417705504,1.0,rebalance
2019-05-29,MSFT,35,117.51480852342242,1.0,rebalance
2019-06-04,COST,-5,220.20015236095605,1.0,rebalance
2019-06-04,MSFT,-69,113.64923309237712,1.0,rebalance
2019-06-04,CSCO,-11,42.38818064275429,1.0,rebalance
2019-06-04,AMZN,-215,84.95350178604126,1.075,rebalance
2019-06-04,PEP,-14,102.66045340355092,1.0,rebalance
2019-06-04,AMD,582,28.392838389587403,2.91,rebalance
2019-06-11,MSFT,-12,125.45648919102285,1.0,rebalance
2019-06-11,AMD,-122,33.42665730514526,1.0,rebalance
2019-06-11,CSCO,-38,45.82899572169941,1.0,rebalance
2019-06-11,COST,55,234.66432344538228,1.0,rebalance
2019-06-11,PEP,10,106.86859288649508,1.0,rebalance
2019-06-18,AMD,-460,29.75702422885895,2.3000000000000003,rebalance
2019-06-18,CSCO,-97,45.2878337531404,1.0,rebalance
2019-06-18,PEP,-2,107.13413630650999,1.0,rebalance
2019-06-18,COST,2,238.9242130031927,1.0,rebalance
2019-06-18,MSFT,12,125.77210171560874,1.0,rebalance
2019-06-18,AMZN,141,95.07700400314332,1.0,rebalance
2019-06-25,AMZN,-141,95.58244366836549,1.0,rebalance
2019-06-25,MSFT,40,128.64015034648762,1.0,rebalance
2019-06-25,ADBE,54,299.23991245422366,1.0,rebalance
2019-06-25,CSCO,76,46.09668126989358,1.0,rebalance
2019-06-25,PEP,4,106.80481364967035,1.0,rebalance
2019-07-02,CSCO,-22,44.28628847473309,1.0,rebalance
2019-07-02,MSFT,2,127.58107001345557,1.0,rebalance
2019-07-02,ADBE,8,301.2201214416504,1.0,rebalance
2019-07-02,PEP,2,105.29816817636258,1.0,rebalance
2019-07-09,COST,-3,244.0868769161455,1.0,rebalance
2019-07-09,MSFT,-6,127.44311792677279,1.0,rebalance
2019-07-09,ADBE,-62,300.5299415588379,1.0,rebalance
2019-07-09,AMD,662,31.763176228904722,3.31,rebalance
2019-07-09,CSCO,4,45.82665134343645,1.0,rebalance
2019-07-09,PEP,1,106.02358985893439,1.0,rebalance
2019-07-16,COST,-3,254.6347036983902,1.0,rebalance
2019-07-16,MSFT,-17,130.21684268042455,1.0,rebalance
2019-07-16,AMD,-10,34.29656923713684,1.0,rebalance
2019-07-16,CSCO,29,47.25744972866641,1.0,rebalance
2019-07-16,PEP,11,106.88452929265692,1.0,rebalance
2019-07-23,COST,-2,255.40494700095792,1.0,rebalance
2019-07-23,MSFT,-6,130.96645312447492,1.0,rebalance
2019-07-23,AMD,-1,33.16668116912842,1.0,rebalance
2019-07-23,CSCO,46,47.20056078589719,1.0,rebalance
2019-07-23,PEP,8,104.5328800028118,1.0,rebalance
2019-07-30,AMD,-42,33.20667808456421,1.0,rebalance
2019-07-30,CSCO,-41,46.20761804240997,1.0,rebalance
2019-07-30,PEP,-2,104.6793395848307,1.0,rebalance
2019-07-30,MSFT,5,131.34889795842489,1.0,rebalance
2019-08-06,COST,-1,241.4680883861023,1.0,rebalance
2019-08-06,CSCO,-587,42.22491024975539,2.935,rebalance
2019-08-06,PEP,-541,99.4509679585475,2.705,rebalance
2019-08-06,MSFT,122,125.40663365497673,1.0,rebalance
2019-08-06,AMD,391,28.8628866104126,1.955,rebalance
2019-08-13,MSFT,-105,127.48990676478824,1.0,rebalance
2019-08-13,AMD,-1000,32.356764610290526,5.0,rebalance
2019-08-13,COST,1,245.7853163017371,1.0,rebalance
2019-08-13,CSCO,497,41.84314385727749,2.485,rebalance
2019-08-13,ADBE,56,288.2588339874267,1.0,rebalance
2019-08-13,PEP,518,102.26095668413205,2.59,rebalance
2019-08-20,COST,-1,250.357597645357,1.0,rebalance
2019-08-20,CSCO,-497,39.45326506356527,2.485,rebalance
2019-08-20,MSFT,25,129.97133689914037,1.0,rebalance
2019-08-20,AVGO,1073,23.34809275621892,5.365,rebalance
2019-08-20,ADBE,8,287.99879822082517,1.0,rebalance
2019-08-20,PEP,5,105.86415406634012,1.0,rebalance
2019-08-27,COST,-3,254.6347251692568,1.0,rebalance
2019-08-27,MSFT,-15,128.2341576104515,1.0,rebalance
2019-08-27,ADBE,-3,290.6309376617432,1.0,rebalance
2019-08-27,PEP,-1,106.95881274852094,1.0,rebalance
2019-08-27,AVGO,89,23.4311966147442,1.0,rebalance
2019-09-04,COST,-6,267.00437510712896,1.0,rebalance
2019-09-04,AVGO,-126,23.39629927164572,1.0,rebalance
2019-09-04,ADBE,-12,286.0114045440674,1.0,rebalance
2019-09-04,PEP,-5,109.83601741349386,1.0,rebalance
2019-09-04,MSFT,3,129.11555945830779,1.0,rebalance
2019-09-10,COST,-3,270.07405699342416,1.0,rebalance
2019-09-10,ADBE,-49,277.5522285736084,1.0,rebalance
2019-09-10,META,127,185.68037664082155,1.0,rebalance
2019-09-10,MSFT,60,128.6453830177148,1.0,rebalance
2019-09-10,AVGO,63,24.45522969068292,1.0,rebalance
2019-09-10,PEP,5,108.95560220979286,1.0,rebalance
2019-09-17,META,-127,184.8706844097857,1.0,rebalance
2019-09-17,COST,-8,262.97201669741645,1.0,rebalance
2019-09-17,PEP,-1,108.30785841201657,1.0,rebalance
2019-09-17,MSFT,18,128.79582900686103,1.0,rebalance
2019-09-17,AVGO,34,24.17572048548684,1.0,rebalance
2019-09-17,ADBE,54,284.06841254577637,1.0,rebalance
2019-09-24,AVGO,-109,24.33401280881696,1.0,rebalance
2019-09-24,ADBE,-54,279.5520285736084,1.0,rebalance
2019-09-24,PEP,-1,109.34312448193982,1.0,rebalance
2019-09-24,COST,14,262.7884503629729,1.0,rebalance
2019-09-24,MSFT,9,131.99316341015196,1.0,rebalance
2019-09-24,GOOGL,160,61.42172491585673,1.0,rebalance
2019-10-01,GOOGL,-160,60.542287639198356,1.0,rebalance
2019-10-01,AVGO,-1024,23.56754152287354,5.12,rebalance
2019-10-01,PEP,-5,109.88880208533323,1.0,rebalance
2019-10-01,MSFT,3,131.33486294432424,1.0,rebalance
2019-10-01,AAPL,160,54.0006258777581,1.0,rebalance
2019-10-01,GOOG,121,60.38415650412151,1.0,rebalance
2019-10-08,COST,-3,266.05084035741805,1.0,rebalance
2019-10-08,MSFT,-38,128.88290053243372,1.0,rebalance
2019-10-08,AAPL,-160,54.16973750200535,1.0,rebalance
2019-10-08,PEP,-2,110.46664421236028,1.0,rebalance
2019-10-08,AVGO,915,23.21562099053451,4.575,rebalance
2019-10-08,GOOG,17,59.32359137827235,1.0,rebalance
2019-10-15,COST,-1,270.92762961304317,1.0,rebalance
2019-10-15,GOOG,-138,60.44142156710652,1.0,rebalance
2019-10-15,MSFT,9,131.71101999788846,1.0,rebalance
2019-10-15,AAPL,279,56.71662848271392,1.395,rebalance
2019-10-15,AVGO,174,23.94243597697751,1.0,rebalance
2019-10-15,PEP,6,110.35228389319448,1.0,rebalance
2019-10-22,COST,-2,273.91555181830347,1.0,rebalance
2019-10-22,MSFT,-395,130.65982614487334,1.975,rebalance
2019-10-22,AVGO,-1089,24.526267521052933,5.445,rebalance
2019-10-22,GOOGL,329,61.643644561795284,1.645,rebalance
2019-10-22,AAPL,118,57.8610754988347,1.0,rebalance
2019-10-22,GOOG,322,61.813263574748404,1.61,rebalance
2019-10-22,PEP,5,109.68604678325843,1.0,rebalance
2019-10-29,COST,-5,270.8277189648833,1.0,rebalance
2019-10-29,AAPL,-397,59.72296419693434,1.985,rebalance
2019-10-29,MSFT,347,135.4913773274754,1.735,rebalance
2019-10-29,GOOGL,181,63.20494267338906,1.0,rebalance
2019-10-29,GOOG,209,63.21908677606136,1.045,rebalance
2019-10-29,PEP,2,109.83053642259648,1.0,rebalance
2019-11-05,COST,-28,270.39687871904385,1.0,rebalance
2019-11-05,GOOGL,-10,63.94505388497363,1.0,rebalance
2019-11-05,MSFT,29,136.32838248431526,1.0,rebalance
2019-11-05,GOOG,8,64.04436093977418,1.0,rebalance
2019-11-05,PEP,8,108.22517909511775,1.0,rebalance
2019-11-12,COST,-3,273.8007864226742,1.0,rebalance
2019-11-12,PEP,-31,106.47811618184471,1.0,rebalance
2019-11-12,MSFT,14,137.56026512447252,1.0,rebalance
2019-11-12,GOOGL,83,64.32292172520172,1.0,rebalance
2019-11-12,GOOG,73,64.39656974428254,1.0,rebalance
2019-11-19,GOOGL,-583,65.69969545755079,2.915,rebalance
2019-11-19,GOOG,-14,65.7555649673908,1.0,rebalance
2019-11-19,PEP,-90,108.05906637931754,1.0,rebalance
2019-11-19,COST,8,277.1963529931794,1.0,rebalance
2019-11-19,MSFT,26,141.88610088455457,1.0,rebalance
2019-11-19,AAPL,658,64.46971474397738,3.29,rebalance
2019-11-26,MSFT,-29,142.79318477063063,1.0,rebalance
2019-11-26,GOOG,-65,64.87199806159647,1.0,rebalance
2019-11-26,PEP,-413,107.77016045814008,2.065,rebalance
2019-11-26,COST,33,272.4262421286022,1.0,rebalance
2019-11-26,AAPL,61,64.23870767966169,1.0,rebalance
2019-11-26,AMD,904,39.30392923698425,4.5200000000000005,rebalance
2019-12-03,COST,-1,268.6128841476818,1.0,rebalance
2019-12-03,MSFT,-8,139.14223639062766,1.0,rebalance
2019-12-03,GOOG,-533,63.37186669559818,2.665,rebalance
2019-12-03,META,172,195.74498314180715,1.0,rebalance
2019-12-03,AAPL,33,62.161904345331564,1.0,rebalance
2019-12-03,AMD,11,37.34373415260315,1.0,rebalance
2019-12-10,META,-172,199.7268945707228,1.0,rebalance
2019-12-10,COST,-214,269.43202942878594,1.07,rebalance
2019-12-10,AAPL,-45,64.62526245279834,1.0,rebalance
2019-12-10,AMD,-915,39.19608076286316,4.575,rebalance
2019-12-10,MSFT,32,142.75573765935732,1.0,rebalance
2019-12-10,GOOGL,592,66.3721320837487,2.96,rebalance
2019-12-10,GOOG,612,66.45229517131462,3.06,rebalance
2019-12-10,PEP,427,111.23028804295816,2.1350000000000002,rebalance
2019-12-17,MSFT,-77,146.65171034248567,1.0,rebalance
2019-12-17,GOOGL,-592,67.47164155393972,2.96,rebalance
2019-12-17,AAPL,-55,67.26466752897862,1.0,rebalance
2019-12-17,GOOG,-126,67.49835509861892,1.0,rebalance
2019-12-17,PEP,-66,110.75549701731218,1.0,rebalance
2019-12-17,COST,223,267.1827944660131,1.115,rebalance
2019-12-24,GOOG,-486,66.78568090348053,2.43,rebalance
2019-12-24,PEP,-23,110.78780683748069,1.0,rebalance
2019-12-24,COST,1,267.5559644394456,1.0,rebalance
2019-12-24,MSFT,27,148.5965190203168,1.0,rebalance
2019-12-24,AMZN,371,89.69946740188598,1.855,rebalance
2019-12-31,AMZN,-371,92.09078847427368,1.855,rebalance
2019-12-31,COST,1,268.5482313139285,1.0,rebalance
2019-12-31,MSFT,20,147.92660800335017,1.0,rebalance
2019-12-31,AAPL,36,69.77119343813919,1.0,rebalance
2019-12-31,GOOG,445,65.8880875982937,2.225,rebalance
2019-12-31,PEP,7,110.48666518640786,1.0,rebalance
2020-01-07,GOOG,-13,69.23425737097853,1.0,rebalance
2020-01-07,PEP,-345,109.90694868722146,1.725,rebalance
2020-01-07,COST,6,265.1982161487203,1.0,rebalance
2020-01-07,MSFT,5,150.3327445452979,1.0,rebalance
2020-01-07,GOOGL,422,69.3699162837332,2.11,rebalance
2020-01-07,AAPL,108,72.15605032324783,1.0,rebalance
2020-01-14,MSFT,-6,154.14234725509962,1.0,rebalance
2020-01-14,AAPL,-21,76.1981357544004,1.0,rebalance
2020-01-14,COST,1,272.41727162118235,1.0,rebalance
2020-01-14,GOOGL,60,71.32845709437828,1.0,rebalance
2020-01-14,GOOG,62,71.28254168815495,1.0,rebalance
2020-01-22,COST,-33,285.24139725237137,1.0,rebalance
2020-01-22,MSFT,-11,157.92538018915369,1.0,rebalance
2020-01-22,GOOGL,-482,73.77699950934095,2.41,rebalance
2020-01-22,AAPL,-94,76.65042752350368,1.0,rebalance
2020-01-22,GOOG,-31,73.8431358015232,1.0,rebalance
2020-01-22,PEP,514,114.62517898847675,2.57,rebalance
2020-01-28,AAPL,-64,75.21167794279994,1.0,rebalance
2020-01-28,GOOG,-462,71.46589683219473,2.31,rebalance
2020-01-28,META,147,214.11094506798648,1.0,rebalance
2020-01-28,COST,15,282.66757642266384,1.0,rebalance
2020-01-28,MSFT,5,154.5411664860893,1.0,rebalance
2020-01-28,PEP,7,114.88380476360408,1.0,rebalance
2020-02-04,META,-147,204.63935096602543,1.0,rebalance
2020-02-04,AAPL,-104,75.86371420045158,1.0,rebalance
2020-02-04,GOOG,-1,72.16270550516963,1.0,rebalance
2020-02-04,PEP,-28,115.7255161910116,1.0,rebalance
2020-02-04,COST,18,277.26016197454135,1.0,rebalance
2020-02-04,MSFT,14,167.14757374230382,1.0,rebalance
2020-02-04,ADBE,90,363.4663356750488,1.0,rebalance
2020-02-11,MSFT,-78,179.85945328094854,1.0,rebalance
2020-02-11,AAPL,-25,78.04304790188313,1.0,rebalance
2020-02-11,COST,3,286.47468008385687,1.0,rebalance
2020-02-11,ADBE,12,373.0673017791748,1.0,rebalance
2020-02-11,PEP,72,118.18166308565428,1.0,rebalance
2020-02-19,COST,-4,293.7594277750099,1.0,rebalance
2020-02-19,MSFT,-16,177.90060929096055,1.0,rebalance
2020-02-19,AAPL,8,77.19025603533633,1.0,rebalance
2020-02-19,ADBE,10,383.8683695709228,1.0,rebalance
2020-02-19,PEP,9,117.70475302039289,1.0,rebalance
2020-02-25,COST,-4,287.30210341452135,1.0,rebalance
2020-02-25,MSFT,-57,164.7893742243114,1.0,rebalance
2020-02-25,ADBE,-10,360.9639,1.0,rebalance
2020-02-25,PEP,-10,115.23260238670834,1.0,rebalance
2020-02-25,AAPL,6,72.59504786654762,1.0,rebalance
2020-03-03,COST,-68,281.9573074568451,1.0,rebalance
2020-03-03,PEP,-24,110.86862275598149,1.0,rebalance
2020-03-03,MSFT,61,164.44384631764242,1.0,rebalance
2020-03-03,AAPL,120,73.25116563221705,1.0,rebalance
2020-03-03,ADBE,56,361.7961857666016,1.0,rebalance
2020-03-10,ADBE,-158,318.9481129852295,1.0,rebalance
2020-03-10,PEP,-540,107.43536290266528,2.7,rebalance
2020-03-10,COST,33,280.9463643043377,1.0,rebalance
2020-03-10,MSFT,14,149.64581224318206,1.0,rebalance
2020-03-10,AAPL,149,66.85159436711515,1.0,rebalance
2020-03-10,AMD,981,45.41454084739685,4.905,rebalance
2020-03-10,NVDA,6611,6.374519842602222,33.055,rebalance
2020-03-17,AAPL,-771,59.69232603258035,3.855,rebalance
2020-03-17,COST,-192,263.58824949966436,1.0,rebalance
2020-03-17,MSFT,-312,132.4369143284155,1.56,rebalance
2020-03-17,AMD,-981,40.18597962684631,4.905,rebalance
2020-03-17,NVDA,-6611,4.991224088244277,33.055,rebalance
2020-03-17,TSLA,1796,29.33693303375244,8.98,rebalance
2020-03-24,TSLA,-105,31.816817694854738,1.0,rebalance
2020-03-24,NFLX,1034,37.00270044937134,5.17,rebalance
2020-03-24,AMZN,551,97.58475444793702,2.755,rebalance
2020-03-31,NFLX,-1034,36.789319967651366,5.17,rebalance
2020-03-31,TSLA,-732,33.4133262714386,3.66,rebalance
2020-03-31,AMZN,-190,98.20767702941895,1.0,rebalance
2020-03-31,MSFT,287,150.81907037411037,1.435,rebalance
2020-03-31,AMD,1136,47.9347933052063,5.68,rebalance
2020-03-31,NVDA,5863,6.639399203175406,29.315,rebalance
2020-04-07,AMD,-1136,48.95510308456421,5.68,rebalance
2020-04-07,NVDA,-514,6.888987112115016,2.57,rebalance
2020-04-07,AMZN,-10,100.84541371765137,1.0,rebalance
2020-04-07,COST,203,279.6053590432107,1.0150000000000001,rebalance
2020-04-07,MSFT,17,160.46052649902705,1.0,rebalance
2020-04-07,TSLA,54,36.33696539497375,1.0,rebalance
2020-04-14,MSFT,-49,159.87025275304313,1.0,rebalance
2020-04-14,TSLA,-194,46.59333977279663,1.0,rebalance
2020-04-14,NVDA,-5349,6.831848936605295,26.745,rebalance
2020-04-14,COST,7,276.184500431046,1.0,rebalance
2020-04-14,AMD,1094,52.24522567863464,5.47,rebalance
2020-04-14,AMZN,61,110.03450088500976,1.0,rebalance
2020-04-21,COST,-14,283.78145687325747,1.0,rebalance
2020-04-21,MSFT,-9,164.1271680946754,1.0,rebalance
2020-04-21,AMD,-39,56.894311525726316,1.0,rebalance
2020-04-21,TSLA,2,48.679534825134276,1.0,rebalance
2020-04-21,AMZN,62,120.84258079147338,1.0,rebalance
2020-04-28,COST,-196,283.49876829081774,1.0,rebalance
2020-04-28,MSFT,-4,166.10433744935438,1.0,rebalance
2020-04-28,AMZN,-14,118.59314285659791,1.0,rebalance
2020-04-28,TSLA,169,53.047971655654905,1.0,rebalance
2020-04-28,AMD,67,57.16571584739685,1.0,rebalance
2020-04-28,NVDA,5734,7.528961222011627,28.67,rebalance
2020-05-05,TSLA,-990,52.647402732467654,4.95,rebalance
2020-05-05,NVDA,-188,7.340387430238217,1.0,rebalance
2020-05-05,AMZN,-68,116.9883,1.0,rebalance
2020-05-05,COST,215,278.92753838820965,1.075,rebalance
2020-05-05,MSFT,14,170.89669283551225,1.0,rebalance
2020-05-05,AMD,14,53.435343305206295,1.0,rebalance
2020-05-12,COST,-215,284.1556632565059,1.075,rebalance
2020-05-12,MSFT,-256,176.7086963533833,1.28,rebalance
2020-05-12,AMD,-79,56.20437808456421,1.0,rebalance
2020-05-12,NFLX,912,44.20442076301575,4.5600000000000005,rebalance
2020-05-12,TSLA,1068,55.13884463195801,5.34,rebalance
2020-05-12,NVDA,327,8.074126568181724,1.635,rebalance
2020-05-12,AMZN,76,120.6045580291748,1.0,rebalance
2020-05-19,TSLA,-1068,54.339231060791015,5.34,rebalance
2020-05-19,AMD,-1057,54.38456038970947,5.285,rebalance
2020-05-19,NFLX,549,45.344534152603146,2.745,rebalance
2020-05-19,NVDA,1713,8.736824807680566,8.565,rebalance
2020-05-19,AMZN,77,121.50365000457764,1.0,rebalance
2020-05-27,NFLX,-1461,41.033894399642946,7.305,rebalance
2020-05-27,NVDA,-1862,8.570867656540342,9.31,rebalance
2020-05-27,AMZN,-123,120.23747151031495,1.0,rebalance
2020-05-27,AAPL,704,76.46559876310342,3.52,rebalance
2020-05-27,TSLA,1004,54.729471423339845,5.0200000000000005,rebalance
2020-05-27,AMD,905,53.275327457809446,4.525,rebalance
2020-06-02,TSLA,-29,59.6407028137207,1.0,rebalance
2020-06-02,AMD,-85,53.44465576286316,1.0,rebalance
2020-06-02,NVDA,-83,8.741039449652154,1.0,rebalance
2020-06-02,AAPL,45,77.58062017568088,1.0,rebalance
2020-06-02,AMZN,28,123.3623334739685,1.0,rebalance
2020-06-09,AAPL,-21,80.31951240730025,1.0,rebalance
2020-06-09,TSLA,-39,62.66106496238709,1.0,rebalance
2020-06-09,AMD,-820,52.94470576286316,4.1,rebalance
2020-06-09,NVDA,-96,8.748759159073982,1.0,rebalance
2020-06-09,COST,159,281.158528176475,1.0,rebalance
2020-06-09,AMZN,29,126.48464732208252,1.0,rebalance
2020-06-16,COST,-159,275.4802935078025,1.0,rebalance
2020-06-16,TSLA,-226,67.4499193725586,1.1300000000000001,rebalance
2020-06-16,AMZN,-50,130.9869,1.0,rebalance
2020-06-16,MSFT,255,183.01452827769458,1.2750000000000001,rebalance
2020-06-16,AAPL,102,85.00853381888473,1.0,rebalance
2020-06-16,NVDA,433,9.173116201121045,2.165,rebalance
2020-06-23,AAPL,-4,88.02400446880655,1.0,rebalance
2020-06-23,NVDA,-385,9.495383326823081,1.925,rebalance
2020-06-23,MSFT,1,191.74346065610175,1.0,rebalance
2020-06-23,TSLA,97,66.5986620689392,1.0,rebalance
2020-06-23,AMZN,2,136.31462497253418,1.0,rebalance
2020-06-30,AAPL,-1,87.07606975360841,1.0,rebalance
2020-06-30,TSLA,-91,67.09328847427368,1.0,rebalance
2020-06-30,NVDA,-72,9.259764430023745,1.0,rebalance
2020-06-30,AMZN,-68,134.24006891326906,1.0,rebalance
2020-06-30,MSFT,60,187.74901658562206,1.0,rebalance
2020-07-07,TSLA,-167,93.65796877670289,1.0,rebalance
2020-07-07,AMZN,-14,152.91221274261474,1.0,rebalance
2020-07-07,MSFT,12,199.67547876879098,1.0,rebalance
2020-07-07,AAPL,65,90.80138284453037,1.0,rebalance
2020-07-07,NVDA,1065,9.890311101058812,5.325,rebalance
2020-07-14,MSFT,-14,195.5375356444105,1.0,rebalance
2020-07-14,TSLA,-79,103.72295643997192,1.0,rebalance
2020-07-14,NVDA,-67,10.016331797216859,1.0,rebalance
2020-07-14,AMZN,-43,154.43455194854735,1.0,rebalance
2020-07-14,AAPL,8,91.75677280342323,1.0,rebalance
2020-07-21,MSFT,-9,202.68062823584938,1.0,rebalance
2020-07-21,AAPL,-3,95.92925823517564,1.0,rebalance
2020-07-21,TSLA,-77,109.31773382034302,1.0,rebalance
2020-07-21,NVDA,-407,10.451782853366888,2.035,rebalance
2020-07-21,AMZN,-306,161.60833401031493,1.53,rebalance
2020-07-21,COST,206,298.9880374543177,1.03,rebalance
2020-07-28,MSFT,-40,193.14703818070228,1.0,rebalance
2020-07-28,COST,65,299.8749249689961,1.0,rebalance
2020-07-28,AAPL,14,91.29963906569162,1.0,rebalance
2020-07-28,TSLA,23,100.27669689407348,1.0,rebalance
2020-07-28,NVDA,296,10.315905434234804,1.48,rebalance
2020-08-04,AAPL,-235,105.56353005952707,1.175,rebalance
2020-08-04,TSLA,-416,99.65736877670288,2.08,rebalance
2020-08-04,COST,20,301.9768894309624,1.0,rebalance
2020-08-04,MSFT,31,203.20497808049225,1.0,rebalance
2020-08-04,NVDA,348,10.987853831905614,1.74,rebalance
2020-08-04,ADBE,111,448.30483576660157,1.0,rebalance
2020-08-11,COST,-7,312.2595495390358,1.0,rebalance
2020-08-11,MSFT,-27,196.51461067259353,1.0,rebalance
2020-08-11,AAPL,-5,108.50351311153014,1.0,rebalance
2020-08-11,ADBE,-111,440.21598376464846,1.0,rebalance
2020-08-11,AMZN,325,155.6755696624756,1.625,rebalance
2020-08-11,NVDA,570,11.011468557929266,2.85,rebalance
2020-08-18,AAPL,-16,110.81224875541494,1.0,rebalance
2020-08-18,NVDA,-462,12.37750358001514,2.31,rebalance
2020-08-18,COST,10,312.45939239022806,1.0,rebalance
2020-08-18,MSFT,15,199.75137365490858,1.0,rebalance
2020-08-18,AMZN,10,160.61606610412596,1.0,rebalance
2020-08-25,AAPL,-35,120.83696553968404,1.0,rebalance
2020-08-25,NVDA,-71,12.557201232124028,1.0,rebalance
2020-08-25,AMZN,-335,164.73302151031496,1.675,rebalance
2020-08-25,COST,6,315.33667309831975,1.0,rebalance
2020-08-25,MSFT,6,202.6785867707498,1.0,rebalance
2020-08-25,ADBE,120,476.7176804290771,1.0,rebalance
2020-09-01,COST,-16,316.7118694867093,1.0,rebalance
2020-09-01,ADBE,-120,514.9485,1.0,rebalance
2020-09-01,AMZN,364,174.49645180664064,1.82,rebalance
2020-09-01,MSFT,13,214.48161708256913,1.0,rebalance
2020-09-01,AAPL,3,128.67560221010132,1.0,rebalance
2020-09-01,NVDA,638,13.408199233405934,3.19,rebalance
2020-09-09,COST,-10,312.3053152326428,1.0,rebalance
2020-09-09,AAPL,-2,113.62973162910414,1.0,rebalance
2020-09-09,NVDA,-427,12.331483880381299,2.1350000000000002,rebalance
2020-09-09,MSFT,3,197.447527726029,1.0,rebalance
2020-09-09,AMZN,53,160.1655205657959,1.0,rebalance
2020-09-15,AAPL,-41,114.66660966631709,1.0,rebalance
2020-09-15,NVDA,-722,13.206618003461278,3.61,rebalance
2020-09-15,AMZN,-417,156.79231785736084,2.085,rebalance
2020-09-15,COST,23,316.14304488084815,1.0,rebalance
2020-09-15,MSFT,10,198.22741714690628,1.0,rebalance
2020-09-15,AVGO,2179,32.204766871995346,10.895,rebalance
2020-09-22,COST,-4,312.1221627028717,1.0,rebalance
2020-09-22,MSFT,-17,194.9926827680055,1.0,rebalance
2020-09-22,AAPL,-45,109.19150797320408,1.0,rebalance
2020-09-22,NVDA,41,12.508017971524492,1.0,rebalance
2020-09-22,AVGO,266,31.617372367344174,1.33,rebalance
2020-09-29,NVDA,-278,12.866016143790592,1.3900000000000001,rebalance
2020-09-29,MSFT,-3,199.0721555782059,1.0,rebalance
2020-09-29,AAPL,-20,111.00363235493296,1.0,rebalance
2020-09-29,AVGO,24,32.60394483569407,1.0,rebalance
2020-10-06,COST,-4,331.543968754893,1.0,rebalance
2020-10-06,NVDA,-500,13.753581718729086,2.5,rebalance
2020-10-06,AAPL,-513,112.11801575001925,2.565,rebalance
2020-10-06,AVGO,-165,32.47501598058301,1.0,rebalance
2020-10-06,MSFT,9,198.60784641965185,1.0,rebalance
2020-10-06,AMZN,395,158.265825,1.975,rebalance
2020-10-13,NVDA,-115,14.21750403338144,1.0,rebalance
2020-10-13,MSFT,-18,211.78577373251304,1.0,rebalance
2020-10-13,AMZN,-35,173.38216566467284,1.0,rebalance
2020-10-13,COST,2,346.74752955390613,1.0,rebalance
2020-10-13,AVGO,68,34.10510696907559,1.0,rebalance
2020-10-20,COST,-7,346.00940934133433,1.0,rebalance
2020-10-20,MSFT,-287,205.20549196952965,1.435,rebalance
2020-10-20,AVGO,-65,33.4418758515592,1.0,rebalance
2020-10-20,NVDA,97,13.511143090558207,1.0,rebalance
2020-10-20,ADBE,129,495.299525,1.0,rebalance
2020-10-20,AMZN,52,161.13010981292723,1.0,rebalance
2020-10-27,NVDA,-309,13.232474985229127,1.545,rebalance
2020-10-27,AVGO,-134,32.392523461347984,1.0,rebalance
2020-10-27,ADBE,-129,479.732020779419,1.0,rebalance
2020-10-27,AMZN,27,161.26311871795653,1.0,rebalance
2020-10-27,MSFT,310,201.2423760095423,1.55,rebalance
2020-11-03,COST,-9,338.64287089781743,1.0,rebalance
2020-11-03,MSFT,-310,193.8801833891823,1.55,rebalance
2020-11-03,AMZN,-439,150.91140576324463,2.195,rebalance
2020-11-03,NVDA,804,12.640806052081626,4.0200000000000005,rebalance
2020-11-03,GOOGL,639,80.77748951373637,3.1950000000000003,rebalance
2020-11-03,AVGO,28,31.58011129301697,1.0,rebalance
2020-11-03,GOOG,618,80.83154792179998,3.09,rebalance
2020-11-10,COST,-10,333.9984799255454,1.0,rebalance
2020-11-10,NVDA,-543,13.531317389919222,2.715,rebalance
2020-11-10,GOOGL,-639,85.66469700574683,3.1950000000000003,rebalance
2020-11-10,AVGO,-139,32.848451587507725,1.0,rebalance
2020-11-10,GOOG,-618,85.7337954133033,3.09,rebalance
2020-11-10,MSFT,373,204.0100974972179,1.865,rebalance
2020-11-10,AMD,960,81.9381933052063,4.8,rebalance
2020-11-17,NVDA,-7,13.477613965021503,1.0,rebalance
2020-11-17,MSFT,-41,205.49078067536527,1.0,rebalance
2020-11-17,AMD,-88,83.92160730514526,1.0,rebalance
2020-11-17,AVGO,-2062,33.58824217435464,10.31,rebalance
2020-11-17,COST,12,355.58470332262857,1.0,rebalance
2020-11-17,PEP,669,119.16301824503854,3.345,rebalance
2020-11-24,MSFT,-332,199.8220749222705,1.6600000000000001,rebalance
2020-11-24,AMD,-872,85.71142922058105,4.36,rebalance
2020-11-24,PEP,-41,118.24728035343934,1.0,rebalance
2020-11-24,AVGO,2015,34.47861575293887,10.075000000000001,rebalance
2020-11-24,TSLA,334,180.151344631958,1.67,rebalance
2020-11-24,NVDA,222,13.072494939535007,1.11,rebalance
2020-12-01,NVDA,-400,13.417696118226537,2.0,rebalance
2020-12-01,TSLA,-334,199.17675086517335,1.67,rebalance
2020-12-01,AVGO,-37,35.78806456822172,1.0,rebalance
2020-12-01,PEP,-54,119.76676250489089,1.0,rebalance
2020-12-01,COST,2,362.2419670544883,1.0,rebalance
2020-12-01,AMD,872,92.259225,4.36,rebalance
2020-12-08,COST,-11,352.23225592677085,1.0,rebalance
2020-12-08,AMD,-75,94.04059805145263,1.0,rebalance
2020-12-08,PEP,-574,120.86951523140235,2.87,rebalance
2020-12-08,NVDA,180,13.516631648314968,1.0,rebalance
2020-12-08,TSLA,371,208.52417674865723,1.855,rebalance
2020-12-08,AVGO,363,37.19878866731348,1.815,rebalance
2020-12-15,AMD,-50,95.92040730514526,1.0,rebalance
2020-12-15,AVGO,-222,36.83653516478973,1.11,rebalance
2020-12-15,COST,14,352.8209878625255,1.0,rebalance
2020-12-15,NVDA,197,13.372111844980093,1.0,rebalance
2020-12-15,TSLA,25,214.4481089263916,1.0,rebalance
2020-12-22,COST,-12,342.9543197503234,1.0,rebalance
2020-12-22,TSLA,-24,215.9784,1.0,rebalance
2020-12-22,AMD,-747,93.35066461029052,3.735,rebalance
2020-12-22,NVDA,97,13.252218068179229,1.0,rebalance
2020-12-22,MSFT,354,212.35405874527376,1.77,rebalance
2020-12-22,AVGO,69,38.37471883104783,1.0,rebalance
2020-12-29,COST,-5,350.63100962294845,1.0,rebalance
2020-12-29,NVDA,-5768,12.857380753219404,28.84,rebalance
2020-12-29,MSFT,-5,215.76289472001935,1.0,rebalance
2020-12-29,AVGO,-3,38.98878734844841,1.0,rebalance
2020-12-29,TSLA,14,220.355361579895,1.0,rebalance
2020-12-29,PEP,602,122.84855047750831,3.0100000000000002,rebalance
2021-01-05,MSFT,-15,207.13464554850128,1.0,rebalance
2021-01-05,TSLA,-12,241.19587922058105,1.0,rebalance
2021-01-05,AVGO,-72,38.02442604729606,1.0,rebalance
2021-01-05,PEP,-602,119.8216054289424,3.0100000000000002,rebalance
2021-01-05,COST,11,356.92839227809156,1.0,rebalance
2021-01-05,NVDA,5906,13.033821988566007,29.53,rebalance
2021-01-12,COST,-17,342.8600592494821,1.0,rebalance
2021-01-12,TSLA,-61,276.9723,1.0,rebalance
2021-01-12,NVDA,-5906,13.680550036577468,29.53,rebalance
2021-01-12,MSFT,36,206.45140751674114,1.0,rebalance
2021-01-12,AVGO,513,40.064933580992886,2.565,rebalance
2021-01-12,AMD,771,97.8697866104126,3.855,rebalance
2021-01-20,COST,-259,333.80828150693117,1.295,rebalance
2021-01-20,MSFT,-370,207.55413272365544,1.85,rebalance
2021-01-20,AMD,-9,90.54094805145263,1.0,rebalance
2021-01-20,AVGO,-7,41.108063552575985,1.0,rebalance
2021-01-20,AAPL,660,124.91686158179279,3.3000000000000003,rebalance
2021-01-20,TSLA,32,286.27529825134275,1.0,rebalance
2021-01-20,PEP,546,117.32501439455102,2.73,rebalance
2021-01-26,AAPL,-53,139.39435800622937,1.0,rebalance
2021-01-26,TSLA,-43,297.0969657989502,1.0,rebalance
2021-01-26,AMD,-762,94.90051266174316,3.81,rebalance
2021-01-26,AVGO,-170,41.38807441728517,1.0,rebalance
2021-01-26,PEP,-546,117.52609977156499,2.73,rebalance
2021-01-26,MSFT,376,221.09844098050266,1.8800000000000001,rebalance
2021-01-26,AMZN,541,164.8344749633789,2.705,rebalance
2021-02-02,TSLA,-302,281.53184155883787,1.51,rebalance
2021-02-02,AMZN,-76,168.9831,1.0,rebalance
2021-02-02,NVDA,6414,13.331316988756132,32.07,rebalance
2021-02-02,MSFT,20,230.1003086052498,1.0,rebalance
2021-02-02,AAPL,4,131.7811728180189,1.0,rebalance
2021-02-02,AVGO,169,42.03253151721091,1.0,rebalance
2021-02-09,MSFT,-18,230.597730927134,1.0,rebalance
2021-02-09,AVGO,-211,42.22450420029448,1.055,rebalance
2021-02-09,NVDA,-589,14.26572314854807,2.945,rebalance
2021-02-09,AAPL,49,132.8435299806065,1.0,rebalance
2021-02-09,AMZN,91,165.64105890960693,1.0,rebalance
2021-02-17,AAPL,-660,127.59648668420171,3.3000000000000003,rebalance
2021-02-17,NVDA,-218,15.091627343881056,1.09,rebalance
2021-02-17,MSFT,13,230.64940251981884,1.0,rebalance
2021-02-17,ADBE,146,495.4595446624756,1.0,rebalance
2021-02-17,AVGO,39,43.327247481050335,1.0,rebalance
2021-02-17,AMZN,60,163.19631067504884,1.0,rebalance
2021-02-23,AMZN,-11,156.33586631469726,1.0,rebalance
2021-02-23,NVDA,-283,14.001611613878445,1.415,rebalance
2021-02-23,ADBE,-146,460.9738870147705,1.0,rebalance
2021-02-23,MSFT,12,220.1453354862741,1.0,rebalance
2021-02-23,AAPL,576,120.33899290200804,2.88,rebalance
2021-02-23,AVGO,41,42.156003355080244,1.0,rebalance
2021-03-02,AVGO,-305,43.86786085787964,1.5250000000000001,rebalance
2021-03-02,NVDA,-5324,13.827277946120425,26.62,rebalance
2021-03-02,AMZN,-605,157.15777508239745,3.025,rebalance
2021-03-02,MSFT,59,226.52993006547558,1.0,rebalance
2021-03-02,AAPL,33,124.86045354511639,1.0,rebalance
2021-03-02,CSCO,2535,39.23067973389106,12.675,rebalance
2021-03-02,GOOG,632,102.84576691609344,3.16,rebalance
2021-03-09,AAPL,-609,115.71659103313942,3.045,rebalance
2021-03-09,AVGO,-379,38.976255988812426,1.895,rebalance
2021-03-09,MSFT,10,222.5825692884667,1.0,rebalance
2021-03-09,GOOGL,687,101.53160548303126,3.435,rebalance
2021-03-09,CSCO,77,40.84500391817642,1.0,rebalance
2021-03-09,GOOG,87,102.53913940294329,1.0,rebalance
2021-03-16,MSFT,-39,225.7870491386814,1.0,rebalance
2021-03-16,GOOGL,-8,102.31557123691907,1.0,rebalance
2021-03-16,CSCO,-5,42.00676655752446,1.0,rebalance
2021-03-16,GOOG,-10,102.96386922709019,1.0,rebalance
2021-03-16,AVGO,32,42.16763984225735,1.0,rebalance
2021-03-23,GOOGL,-679,101.02597768815565,3.395,rebalance
2021-03-23,CSCO,-35,42.715558843391236,1.0,rebalance
2021-03-23,AVGO,-86,42.71504690680514,1.0,rebalance
2021-03-23,META,250,290.3979831120957,1.25,rebalance
2021-03-23,MSFT,25,226.9887512848765,1.0,rebalance
2021-03-23,GOOG,18,101.63264059601038,1.0,rebalance
2021-03-30,META,-250,287.0517402077635,1.25,rebalance
2021-03-30,MSFT,-8,223.1592174284049,1.0,rebalance
2021-03-30,CSCO,-305,44.50036013836465,1.5250000000000001,rebalance
2021-03-30,AVGO,-1748,41.82248303811897,8.74,rebalance
2021-03-30,GOOGL,753,101.69158631769447,3.765,rebalance
2021-03-30,GOOG,74,101.92639406075696,1.0,rebalance
2021-03-30,PEP,668,120.4754833948097,3.34,rebalance
2021-04-06,MSFT,-23,236.6139251816088,1.0,rebalance
2021-04-06,CSCO,-102,44.707578841756565,1.0,rebalance
2021-04-06,AVGO,-1,43.557130149324806,1.0,rebalance
2021-04-06,PEP,-668,119.91484193288476,3.34,rebalance
2021-04-06,META,274,305.9406855174278,1.37,rebalance
2021-04-06,GOOGL,36,109.51493640667427,1.0,rebalance
2021-04-06,GOOG,22,110.09334739404102,1.0,rebalance
2021-04-13,META,-274,309.21719502310316,1.37,rebalance
2021-04-13,GOOGL,-45,111.47746425746662,1.0,rebalance
2021-04-13,CSCO,-279,44.41514836862823,1.395,rebalance
2021-04-13,GOOG,-50,112.00135405518827,1.0,rebalance
2021-04-13,MSFT,9,245.88457137448475,1.0,rebalance
2021-04-13,AMZN,620,170.0594999771118,3.1,rebalance
2021-04-20,MSFT,-22,246.370575494216,1.0,rebalance
2021-04-20,AMZN,-620,168.66312467651366,3.1,rebalance
2021-04-20,GOOGL,26,113.80307706127648,1.0,rebalance
2021-04-20,AAPL,771,131.28775121440134,3.855,rebalance
2021-04-20,CSCO,46,45.24127597152004,1.0,rebalance
2021-04-20,GOOG,31,114.32320744597875,1.0,rebalance
2021-04-27,AAPL,-771,131.25177974561484,3.855,rebalance
2021-04-27,CSCO,-1932,44.3635466755494,9.66,rebalance
2021-04-27,COST,241,347.5422138717359,1.205,rebalance
2021-04-27,MSFT,31,250.0135036244107,1.0,rebalance
2021-04-27,GOOGL,45,114.8006765779187,1.0,rebalance
2021-04-27,AMZN,489,172.1907097808838,2.445,rebalance
2021-04-27,GOOG,51,115.71566541922108,1.0,rebalance
2021-05-04,MSFT,-30,239.8246763418148,1.0,rebalance
2021-05-04,GOOGL,-43,114.57566041309845,1.0,rebalance
2021-05-04,GOOG,-43,117.36352574979648,1.0,rebalance
2021-05-04,COST,22,358.5601714656563,1.0,rebalance
2021-05-04,AMZN,57,167.82627496795655,1.0,rebalance
2021-05-11,COST,-17,358.7532374417279,1.0,rebalance
2021-05-11,MSFT,-78,233.6898531153507,1.0,rebalance
2021-05-11,AMZN,-546,156.798313961792,2.73,rebalance
2021-05-11,GOOGL,147,111.1074482084039,1.0,rebalance
2021-05-11,CSCO,1606,45.68000800853994,8.03,rebalance
2021-05-11,GOOG,178,113.52916025507325,1.0,rebalance
2021-05-18,MSFT,-13,235.33339531212218,1.0,rebalance
2021-05-18,GOOGL,-21,114.02100219769933,1.0,rebalance
2021-05-18,CSCO,-8,45.41285859058041,1.0,rebalance
2021-05-18,GOOG,-34,115.73738383540471,1.0,rebalance
2021-05-18,COST,26,365.5794964945709,1.0,rebalance
2021-05-25,GOOGL,-74,117.4703303946615,1.0,rebalance
2021-05-25,CSCO,-1598,45.90310835590528,7.99,rebalance
2021-05-25,GOOG,-68,119.85270550951697,1.0,rebalance
2021-05-25,COST,6,362.90228630404965,1.0,rebalance
2021-05-25,MSFT,7,241.1929861685874,1.0,rebalance
2021-05-25,PEP,697,123.97201832725435,3.485,rebalance
2021-06-02,COST,-26,357.8736875639123,1.0,rebalance
2021-06-02,PEP,-65,124.24066212488195,1.0,rebalance
2021-06-02,MSFT,23,237.7058606645397,1.0,rebalance
2021-06-02,GOOGL,54,118.34332638145683,1.0,rebalance
2021-06-02,GOOG,47,120.63506554245033,1.0,rebalance
2021-06-08,COST,-34,359.7936175626095,1.0,rebalance
2021-06-08,MSFT,-354,244.39163359452462,1.77,rebalance
2021-06-08,GOOGL,37,119.4756587636001,1.0,rebalance
2021-06-08,AAPL,681,123.30959164475996,3.4050000000000002,rebalance
2021-06-08,GOOG,22,122.843852063916,1.0,rebalance
2021-06-08,PEP,60,124.75106272232911,1.0,rebalance
2021-06-15,AAPL,-34,126.53749432455324,1.0,rebalance
2021-06-15,GOOG,-7,125.32234821107086,1.0,rebalance
2021-06-15,PEP,-19,125.73941373332973,1.0,rebalance
2021-06-15,COST,20,363.0347099925309,1.0,rebalance
2021-06-15,GOOGL,3,121.30791234687115,1.0,rebalance
2021-06-22,PEP,-673,123.90696448357579,3.365,rebalance
2021-06-22,COST,8,366.11856317202256,1.0,rebalance
2021-06-22,MSFT,290,251.68292669249152,1.45,rebalance
2021-06-22,GOOGL,2,120.61444059882083,1.0,rebalance
2021-06-22,AAPL,34,128.6958659634692,1.0,rebalance
2021-06-22,GOOG,15,125.27605931144063,1.0,rebalance
2021-06-29,MSFT,-290,257.52306577143514,1.45,rebalance
2021-06-29,GOOGL,-30,121.50205659618032,1.0,rebalance
2021-06-29,AAPL,-66,131.27020976433872,1.0,rebalance
2021-06-29,GOOG,-24,125.5704626242722,1.0,rebalance
2021-06-29,COST,28,374.89741726976115,1.0,rebalance
2021-06-29,PEP,647,124.53987370986349,3.235,rebalance
2021-07-07,COST,-18,377.56534974869805,1.0,rebalance
2021-07-07,AAPL,-25,139.78133937210671,1.0,rebalance
2021-07-07,PEP,-16,126.06876108997228,1.0,rebalance
2021-07-07,GOOGL,47,125.97596746496926,1.0,rebalance
2021-07-07,GOOG,36,129.13093802670295,1.0,rebalance
2021-07-13,COST,-30,382.76722197881844,1.0,rebalance
2021-07-13,PEP,-1,127.63946876134843,1.0,rebalance
2021-07-13,GOOGL,17,125.85362072834509,1.0,rebalance
2021-07-13,AAPL,38,140.28657396614292,1.0,rebalance
2021-07-13,GOOG,1,129.66643045008885,1.0,rebalance
2021-07-20,GOOGL,-37,124.33185419638929,1.0,rebalance
2021-07-20,AAPL,-628,139.70340699816646,3.14,rebalance
2021-07-20,COST,11,391.6414853283059,1.0,rebalance
2021-07-20,MSFT,318,266.3497489402952,1.59,rebalance
2021-07-20,GOOG,11,128.7970865011133,1.0,rebalance
2021-07-20,PEP,54,131.93039124763183,1.0,rebalance
2021-07-27,GOOGL,-39,132.97177858352129,1.0,rebalance
2021-07-27,GOOG,-51,138.68344745804296,1.0,rebalance
2021-07-27,COST,9,401.1015298707573,1.0,rebalance
2021-07-27,MSFT,20,277.270782781404,1.0,rebalance
2021-07-27,PEP,26,132.86787881832674,1.0,rebalance
2021-08-03,MSFT,-2,273.3746234547839,1.0,rebalance
2021-08-03,GOOGL,-16,133.84780154480728,1.0,rebalance
2021-08-03,PEP,-53,132.57952739582325,1.0,rebalance
2021-08-03,COST,7,407.4642492798579,1.0,rebalance
2021-08-03,GOOG,47,134.7374130401962,1.0,rebalance
2021-08-10,COST,-16,417.5596724175451,1.0,rebalance
2021-08-10,MSFT,-1,276.6119175500565,1.0,rebalance
2021-08-10,GOOG,-3,136.7702640542764,1.0,rebalance
2021-08-10,PEP,-50,130.30791423118697,1.0,rebalance
2021-08-10,GOOGL,35,136.06103700643322,1.0,rebalance
2021-08-17,COST,-10,429.12012064793356,1.0,rebalance
2021-08-17,GOOGL,-72,136.43791709394938,1.0,rebalance
2021-08-17,PEP,-607,133.34802278782252,3.035,rebalance
2021-08-17,MSFT,30,280.1064986372032,1.0,rebalance
2021-08-17,CSCO,1874,48.39803686270715,9.370000000000001,rebalance
2021-08-17,GOOG,9,136.9080439917715,1.0,rebalance
2021-08-24,COST,-17,431.384813677002,1.0,rebalance
2021-08-24,CSCO,-224,50.65750293963492,1.12,rebalance
2021-08-24,MSFT,1,292.76523001993036,1.0,rebalance
2021-08-24,GOOGL,48,139.30000865254783,1.0,rebalance
2021-08-24,GOOG,4,140.2294564778396,1.0,rebalance
2021-08-31,MSFT,-58,292.13100336514424,1.0,rebalance
2021-08-31,GOOGL,-10,143.76446609061045,1.0,rebalance
2021-08-31,GOOG,-13,144.50123747782948,1.0,rebalance
2021-08-31,COST,28,432.3145718639587,1.0,rebalance
2021-08-31,CSCO,109,51.204734183163204,1.0,rebalance
2021-09-08,GOOGL,-28,142.7274760354389,1.0,rebalance
2021-09-08,CSCO,-73,50.709477115546136,1.0,rebalance
2021-09-08,GOOG,-2,144.01490005397997,1.0,rebalance
2021-09-08,COST,2,435.1295270606892,1.0,rebalance
2021-09-08,MSFT,39,287.73581545954664,1.0,rebalance
2021-09-14,COST,-5,436.78605167779324,1.0,rebalance
2021-09-14,GOOGL,-22,141.6334700960017,1.0,rebalance
2021-09-14,MSFT,26,287.52464606245593,1.0,rebalance
2021-09-14,CSCO,121,50.4510849076718,1.0,rebalance
2021-09-14,GOOG,3,142.8226418622446,1.0,rebalance
2021-09-21,MSFT,-24,283.75334431676447,1.0,rebalance
2021-09-21,GOOG,-33,138.78840668654698,1.0,rebalance
2021-09-21,COST,12,427.5757786460149,1.0,rebalance
2021-09-21,GOOGL,28,138.44605438054333,1.0,rebalance
2021-09-21,CSCO,161,48.47600416895307,1.0,rebalance
2021-09-28,COST,-247,433.1758085643066,1.235,rebalance
2021-09-28,MSFT,-20,278.1011409226957,1.0,rebalance
2021-09-28,GOOGL,60,137.36178624848617,1.0,rebalance
2021-09-28,CSCO,99,48.32007004591736,1.0,rebalance
2021-09-28,AVGO,1954,45.499319560704826,9.77,rebalance
2021-09-28,GOOG,39,137.79725637783218,1.0,rebalance
2021-10-05,MSFT,-24,272.5832917526876,1.0,rebalance
2021-10-05,GOOGL,-14,132.7642545896248,1.0,rebalance
2021-10-05,GOOG,-23,132.72942694236178,1.0,rebalance
2021-10-05,CSCO,312,47.20751534875535,1.56,rebalance
2021-10-05,AVGO,45,43.57133550948067,1.0,rebalance
2021-10-12,CSCO,-131,47.94795291079577,1.0,rebalance
2021-10-12,GOOGL,32,138.17906331789575,1.0,rebalance
2021-10-12,AVGO,36,45.393124121467025,1.0,rebalance
2021-10-12,GOOG,1,138.34109767826365,1.0,rebalance
2021-10-19,GOOGL,-31,142.02173134225166,1.0,rebalance
2021-10-19,GOOG,-21,141.93283002735595,1.0,rebalance
2021-10-19,MSFT,9,295.9614977180846,1.0,rebalance
2021-10-19,CSCO,44,48.21916696560678,1.0,rebalance
2021-10-19,AVGO,55,46.169444554546274,1.0,rebalance
2021-10-26,GOOGL,-87,137.93699223930213,1.0,rebalance
2021-10-26,GOOG,-60,139.27279417588335,1.0,rebalance
2021-10-26,MSFT,11,298.50502102205695,1.0,rebalance
2021-10-26,CSCO,75,48.45463545644038,1.0,rebalance
2021-10-26,AVGO,281,48.083715256239735,1.405,rebalance
2021-11-02,MSFT,-4,316.9758502409316,1.0,rebalance
2021-11-02,GOOGL,-801,143.20236737788966,4.005,rebalance
2021-11-02,GOOG,-886,143.43635175686612,4.43,rebalance
2021-11-02,COST,218,469.657066881166,1.09,rebalance
2021-11-02,CSCO,550,49.161037515608896,2.75,rebalance
2021-11-02,AVGO,64,48.28696220215665,1.0,rebalance
2021-11-02,PEP,803,137.3843510833889,4.015,rebalance
2021-11-09,COST,-218,479.41486140609817,1.09,rebalance
2021-11-09,PEP,-41,138.00306827752954,1.0,rebalance
2021-11-09,MSFT,6,323.56605208459854,1.0,rebalance
2021-11-09,CSCO,43,49.771519278814395,1.0,rebalance
2021-11-09,AVGO,11,51.19269086468318,1.0,rebalance
2021-11-09,GOOG,704,148.3558236075603,3.52,rebalance
2021-11-16,CSCO,-574,49.90981318497697,2.87,rebalance
2021-11-16,PEP,-762,139.66954046642172,3.81,rebalance
2021-11-16,COST,229,493.48452842296007,1.145,rebalance
2021-11-16,MSFT,31,322.1934801729855,1.0,rebalance
2021-11-16,AVGO,245,51.6412700557512,1.225,rebalance
2021-11-16,GOOG,2,147.78563420246752,1.0,rebalance
2021-11-23,CSCO,-2386,47.61661273638386,11.93,rebalance
2021-11-23,AVGO,-390,50.562801948415796,1.95,rebalance
2021-11-23,GOOG,-7,145.71810939714865,1.0,rebalance
2021-11-23,COST,21,510.6857171058004,1.0,rebalance
2021-11-23,MSFT,49,324.1002822262028,1.0,rebalance
2021-11-23,PEP,774,139.0936958162689,3.87,rebalance
2021-11-30,MSFT,-8,322.3723055065916,1.0,rebalance
2021-11-30,AVGO,-78,51.555893692216635,1.0,rebalance
2021-11-30,PEP,-56,139.2954586172127,1.0,rebalance
2021-11-30,COST,28,523.0646724605028,1.0,rebalance
2021-11-30,GOOG,2,144.09993929856896,1.0,rebalance
2021-12-07,COST,-6,510.8589707350248,1.0,rebalance
2021-12-07,GOOG,-701,144.566108705764,3.505,rebalance
2021-12-07,PEP,-19,142.45369206919077,1.0,rebalance
2021-12-07,MSFT,26,318.8981814792457,1.0,rebalance
2021-12-07,AAPL,572,165.1729282929323,2.86,rebalance
2021-12-07,AVGO,83,52.36542071138291,1.0,rebalance
2021-12-14,COST,-68,528.1422987201859,1.0,rebalance
2021-12-14,AAPL,-572,171.16612252696547,2.86,rebalance
2021-12-14,AVGO,-2306,56.55066496516262,11.53,rebalance
2021-12-14,MSFT,16,320.4174711395296,1.0,rebalance
2021-12-14,GOOGL,832,142.62521255108874,4.16,rebalance
2021-12-14,GOOG,837,143.42599720219064,4.1850000000000005,rebalance
2021-12-14,PEP,140,144.9907736880266,1.0,rebalance
2021-12-21,MSFT,-69,310.8068816670456,1.0,rebalance
2021-12-21,PEP,-41,144.85907861302476,1.0,rebalance
2021-12-21,GOOGL,92,140.72858820604333,1.0,rebalance
2021-12-21,GOOG,102,141.82102380225658,1.0,rebalance
2021-12-28,MSFT,-14,329.9000204115301,1.0,rebalance
2021-12-28,GOOGL,-35,146.8240325156685,1.0,rebalance
2021-12-28,GOOG,-30,146.96763790703295,1.0,rebalance
2021-12-28,COST,10,534.8643940961927,1.0,rebalance
2021-12-28,PEP,59,146.79722542282633,1.0,rebalance
2022-01-04,COST,-21,535.5168164978028,1.0,rebalance
2022-01-04,PEP,-10,147.79511467155615,1.0,rebalance
2022-01-04,MSFT,23,321.9655574474839,1.0,rebalance
2022-01-04,GOOGL,11,144.03989118854795,1.0,rebalance
2022-01-04,GOOG,27,144.19927412914595,1.0,rebalance
2022-01-11,COST,-3,492.3986062108428,1.0,rebalance
2022-01-11,GOOGL,-900,136.6924917847672,4.5,rebalance
2022-01-11,GOOG,-936,136.8702777306549,4.68,rebalance
2022-01-11,AAPL,493,168.33809612796102,2.465,rebalance
2022-01-11,CSCO,1970,54.03876805526698,9.85,rebalance
2022-01-11,PEP,139,148.69793212330814,1.0,rebalance
2022-01-19,MSFT,-381,294.46316780419806,1.905,rebalance
2022-01-19,PEP,-25,148.90790349666776,1.0,rebalance
2022-01-19,COST,6,465.05292082952445,1.0,rebalance
2022-01-19,AAPL,68,166.07169944186958,1.0,rebalance
2022-01-19,CSCO,215,50.88066521884769,1.075,rebalance
2022-01-19,AVGO,1041,53.583044911379915,5.205,rebalance
2022-01-25,AAPL,-246,155.27528257218052,1.23,rebalance
2022-01-25,CSCO,-135,49.19526394156764,1.0,rebalance
2022-01-25,AVGO,-172,48.63679990246092,1.0,rebalance
2022-01-25,PEP,-21,147.29862407541432,1.0,rebalance
2022-01-25,COST,13,455.5694419508353,1.0,rebalance
2022-02-01,CSCO,-323,48.63394115151635,1.615,rebalance
2022-02-01,COST,7,479.3968332023276,1.0,rebalance
2022-02-01,AAPL,107,169.9890199499458,1.0,rebalance
2022-02-01,AVGO,7,53.97829816871711,1.0,rebalance
2022-02-01,PEP,17,148.24414524822777,1.0,rebalance
2022-02-08,CSCO,-1727,48.29188161007276,8.635,rebalance
2022-02-08,COST,68,490.476958557068,1.0,rebalance
2022-02-08,AAPL,76,167.97545387723576,1.0,rebalance
2022-02-08,AVGO,224,54.20954970326204,1.12,rebalance
2022-02-08,PEP,4,147.7989779880802,1.0,rebalance
2022-02-15,COST,-284,487.9550738765242,1.42,rebalance
2022-02-15,AAPL,157,167.23207464613668,1.0,rebalance
2022-02-15,AVGO,12,54.26943388598018,1.0,rebalance
2022-02-15,PEP,22,143.16715312752294,1.0,rebalance
2022-02-23,AAPL,-114,161.88838743761718,1.0,rebalance
2022-02-23,AVGO,-233,53.44797503502406,1.165,rebalance
2022-02-23,PEP,-15,144.76493595563937,1.0,rebalance
2022-02-23,CSCO,2320,49.661272462015496,11.6,rebalance
2022-03-01,AAPL,80,161.09916444634652,1.0,rebalance
2022-03-01,CSCO,183,48.713842255726114,1.0,rebalance
2022-03-01,AVGO,80,53.87879690941047,1.0,rebalance
2022-03-01,PEP,21,139.61407510636244,1.0,rebalance
2022-03-08,AAPL,-621,155.31667924804518,3.105,rebalance
2022-03-08,CSCO,-2503,48.85320527180426,12.515,rebalance
2022-03-08,PEP,-989,139.9097215845321,4.945,rebalance
2022-03-08,COST,274,500.29805899877977,1.37,rebalance
2022-03-08,AVGO,1554,52.71606761275696,7.7700000000000005,rebalance
2022-03-15,COST,-274,503.7911369278784,1.37,rebalance
2022-03-15,AVGO,-2513,53.17530760791902,12.565,rebalance
2022-03-22,COST,260,529.5239081288745,1.3,rebalance
2022-03-29,COST,-3,539.9120735074988,1.0,rebalance
2022-04-05,COST,-2,544.2751307944919,1.0,rebalance
2022-04-12,COST,-4,557.677803622828,1.0,rebalance
2022-04-26,AAPL,406,158.7027315552214,2.0300000000000002,rebalance
2022-04-26,COST,6,537.4054626541309,1.0,rebalance
2022-04-26,TSLA,87,331.8431785583496,1.0,rebalance
2022-04-26,AVGO,1093,54.15129364786927,5.465,rebalance
2022-04-26,PEP,922,149.92587397313847,4.61,rebalance
2022-05-03,AAPL,-406,154.66139973859654,2.0300000000000002,rebalance
2022-05-03,TSLA,-87,301.0298915588379,1.0,rebalance
2022-05-03,AVGO,-1093,53.418048610580435,5.465,rebalance
2022-05-03,PEP,-922,145.7342390949665,4.61,rebalance
2022-05-03,COST,8,504.71169489571446,1.0,rebalance
2022-05-10,COST,-265,485.28319660667745,1.325,rebalance
2022-05-10,PEP,888,149.1933072437212,4.44,rebalance
2022-05-17,PEP,-7,151.0504343633741,1.0,rebalance
2022-05-17,AVGO,2408,55.23191286182688,12.040000000000001,rebalance
2022-05-24,AVGO,-2408,48.841416978600904,12.040000000000001,rebalance
2022-05-24,PEP,-881,143.0460260587626,4.405,rebalance
2022-06-01,AVGO,2337,54.50191562125186,11.685,rebalance
2022-06-01,PEP,879,144.93606439411548,4.3950000000000005,rebalance
2022-06-07,AVGO,-2337,51.98338190437559,11.685,rebalance
2022-06-07,PEP,-4,143.7459704824596,1.0,rebalance
2022-06-07,AMD,1205,104.25042186355591,6.025,rebalance
2022-06-14,AMD,-1205,87.40126266174316,6.025,rebalance
2022-06-14,PEP,-14,138.81794173433366,1.0,rebalance
2022-06-22,PEP,-861,139.1042341197381,4.305,rebalance
2022-06-28,PEP,824,145.05038776372663,4.12,rebalance
2022-07-06,PEP,-10,147.49401264772175,1.0,rebalance
2022-07-12,PEP,-814,150.09687030426295,4.07,rebalance
2022-08-02,AAPL,450,156.82981302919885,2.25,rebalance
2022-08-02,COST,226,518.9665558531763,1.1300000000000001,rebalance
2022-08-02,TSLA,203,294.03272674865724,1.0150000000000001,rebalance
2022-08-02,MSFT,57,266.5640176138013,1.0,rebalance
2022-08-02,PEP,785,153.5459899464815,3.9250000000000003,rebalance
2022-08-09,COST,-22,518.4907568160598,1.0,rebalance
2022-08-09,MSFT,-14,270.02561707437206,1.0,rebalance
2022-08-09,TSLA,-23,290.2643056274414,1.0,rebalance
2022-08-09,AAPL,45,160.8929383598551,1.0,rebalance
2022-08-09,PEP,9,151.68021493056352,1.0,rebalance
2022-08-16,COST,-33,525.6057755049379,1.0,rebalance
2022-08-16,TSLA,-1,311.6354898284912,1.0,rebalance
2022-08-16,MSFT,59,282.0073203876276,1.0,rebalance
2022-08-16,AAPL,68,169.48592532379175,1.0,rebalance
2022-08-23,MSFT,-102,267.50220828552244,1.0,rebalance
2022-08-23,AAPL,-117,163.86180699565406,1.0,rebalance
2022-08-23,TSLA,-16,291.4241932891846,1.0,rebalance
2022-08-23,PEP,-8,154.278785404881,1.0,rebalance
2022-08-23,COST,35,520.5977775222964,1.0,rebalance
2022-08-30,AAPL,-68,159.00716993928737,1.0,rebalance
2022-08-30,COST,19,509.66572919087923,1.0,rebalance
2022-08-30,TSLA,1,287.89878211669924,1.0,rebalance
2022-08-30,PEP,3,151.28973864825898,1.0,rebalance
2022-09-07,AAPL,-177,151.83797481039684,1.0,rebalance
2022-09-07,PEP,-4,149.02678834985431,1.0,rebalance
2022-09-07,COST,10,496.0436148126756,1.0,rebalance
2022-09-07,TSLA,33,273.12731610412595,1.0,rebalance
2022-09-13,TSLA,-19,292.87070389709476,1.0,rebalance
2022-09-13,AAPL,216,156.85145802381632,1.08,rebalance
2022-09-13,PEP,5,150.69901983353145,1.0,rebalance
2022-09-20,COST,-32,479.7308190989201,1.0,rebalance
2022-09-20,AAPL,-48,150.44529045355947,1.0,rebalance
2022-09-20,TSLA,56,306.9406946624756,1.0,rebalance
2022-09-20,AVGO,804,46.388686706200915,4.0200000000000005,rebalance
2022-09-20,PEP,6,146.40082829160752,1.0,rebalance
2022-09-27,COST,-203,463.03088217601567,1.0150000000000001,rebalance
2022-09-27,AVGO,-804,44.2743126492483,4.0200000000000005,rebalance
2022-09-27,PEP,-19,146.94804107326834,1.0,rebalance
2022-09-27,AAPL,29,149.82800354969737,1.0,rebalance
2022-09-27,TSLA,27,283.8683803375244,1.0,rebalance
2022-10-04,PEP,-777,146.20558179790163,3.8850000000000002,rebalance
2022-10-04,AAPL,382,142.26493952175608,1.9100000000000001,rebalance
2022-10-04,TSLA,181,250.5450562728882,1.0,rebalance
2022-10-11,AAPL,-780,137.20531161661555,3.9,rebalance
2022-10-11,TSLA,-442,220.92790194854737,2.21,rebalance
2022-10-18,PEP,698,152.72581362961682,3.49,rebalance
2022-10-25,PEP,-8,155.57761581825747,1.0,rebalance
2022-11-01,PEP,-8,158.04074395622837,1.0,rebalance
2022-11-15,PEP,-682,155.50774778600692,3.41,rebalance
2022-11-22,PEP,660,162.3268742899756,3.3000000000000003,rebalance
2022-11-29,COST,62,507.48943121110284,1.0,rebalance
2022-11-29,AVGO,756,49.324029332902576,3.7800000000000002,rebalance
2022-11-29,PEP,7,160.13407251661215,1.0,rebalance
2022-12-06,COST,-62,468.8064130030252,1.0,rebalance
2022-12-06,PEP,-6,161.49622076892476,1.0,rebalance
2022-12-06,AVGO,66,50.045502530076874,1.0,rebalance
2022-12-13,AVGO,-822,54.29461150921028,4.11,rebalance
2022-12-13,PEP,-2,163.89560333495055,1.0,rebalance
2022-12-20,PEP,11,159.8319373809336,1.0,rebalance
2022-12-28,PEP,-5,161.80386440909206,1.0,rebalance
2023-01-04,PEP,12,157.71337466644272,1.0,rebalance
2023-01-10,AVGO,65,54.395314127800575,1.0,rebalance
2023-01-10,PEP,2,157.1683755911035,1.0,rebalance
2023-01-18,AVGO,1430,55.46134963200506,7.15,rebalance
2023-01-18,PEP,10,154.04767307426954,1.0,rebalance
2023-01-24,PEP,-689,149.06872116925456,3.4450000000000003,rebalance
2023-01-24,COST,223,470.2285481840506,1.115,rebalance
2023-01-24,AVGO,417,55.00774310070842,2.085,rebalance
2023-01-31,COST,-2,480.81661495699234,1.0,rebalance
2023-01-31,NVDA,1206,19.108033864011908,6.03,rebalance
2023-01-31,NFLX,2212,35.00150089874268,11.06,rebalance
2023-01-31,AVGO,2,55.352940353742,1.0,rebalance
2023-02-07,COST,-17,490.0380365492293,1.0,rebalance
2023-02-07,AVGO,-15,57.109368641383114,1.0,rebalance
2023-02-07,NVDA,433,21.312880015793397,2.165,rebalance
2023-02-07,NFLX,226,35.8545868396759,1.1300000000000001,rebalance
2023-02-14,COST,-204,483.357260322818,1.02,rebalance
2023-02-14,NVDA,-574,21.50394644735716,2.87,rebalance
2023-02-14,NFLX,569,35.75857656822205,2.845,rebalance
2023-02-14,AVGO,9,56.503613398617674,1.0,rebalance
2023-02-22,NVDA,-199,20.6359311874826,1.0,rebalance
2023-02-22,AVGO,-1,55.35897622064535,1.0,rebalance
2023-02-22,META,35,169.46405894621742,1.0,rebalance
2023-02-22,NFLX,120,33.753375,1.0,rebalance
2023-02-28,META,-35,170.2521697677989,1.0,rebalance
2023-02-28,NFLX,-1911,32.366761931991576,9.555,rebalance
2023-02-28,AVGO,-17,55.67369624554657,1.0,rebalance
2023-02-28,NVDA,3650,23.296447256712618,18.25,rebalance
2023-03-07,NFLX,-1216,31.26487284908295,6.08,rebalance
2023-03-07,NVDA,-1438,23.522997227605792,7.19,rebalance
2023-03-07,AVGO,-111,60.3619746510135,1.0,rebalance
2023-03-07,META,212,187.2257284968955,1.06,rebalance
2023-03-14,AAPL,186,148.86893108959376,1.0,rebalance
2023-03-14,META,57,185.81905471215381,1.0,rebalance
2023-03-14,NVDA,532,23.424028752665183,2.66,rebalance
2023-03-14,AVGO,20,59.28233631660786,1.0,rebalance
2023-03-21,META,-45,201.25212618524841,1.0,rebalance
2023-03-21,NVDA,-821,26.094585916473115,4.105,rebalance
2023-03-21,NFLX,612,30.63506316947937,3.06,rebalance
2023-03-21,AAPL,273,154.81270299711352,1.365,rebalance
2023-03-21,AVGO,10,61.59591283138401,1.0,rebalance
2023-03-28,AAPL,-459,155.42121915380395,2.295,rebalance
2023-03-28,NVDA,-206,26.3607128956439,1.03,rebalance
2023-03-28,META,71,198.27102319023567,1.0,rebalance
2023-03-28,NFLX,2012,32.609259592819214,10.06,rebalance
2023-03-28,AVGO,45,59.88525866050543,1.0,rebalance
2023-04-04,META,-194,211.3444625438831,1.0,rebalance
2023-04-04,NFLX,-1380,34.84551412353515,6.9,rebalance
2023-04-04,NVDA,-1370,27.874753329572364,6.8500000000000005,rebalance
2023-04-04,AVGO,-578,61.58934573647253,2.89,rebalance
2023-04-04,PEP,715,161.23064869183827,3.575,rebalance
2023-04-11,META,-4,213.41444124056449,1.0,rebalance
2023-04-11,NFLX,-79,34.341566720581056,1.0,rebalance
2023-04-11,PEP,-7,162.29556719223712,1.0,rebalance
2023-04-11,AVGO,557,60.41684268708311,2.785,rebalance
2023-04-11,NVDA,527,27.639077395276527,2.6350000000000002,rebalance
2023-04-18,META,-96,217.80196488509603,1.0,rebalance
2023-04-18,NFLX,-1165,33.49665,5.825,rebalance
2023-04-18,AVGO,-37,60.48520344061666,1.0,rebalance
2023-04-18,PEP,-5,163.49009618386344,1.0,rebalance
2023-04-18,MSFT,122,283.70359277762844,1.0,rebalance
2023-04-18,CSCO,778,46.021400778728534,3.89,rebalance
2023-04-18,NVDA,172,27.448658314881076,1.0,rebalance
2023-04-25,META,-1,208.79909367209956,1.0,rebalance
2023-04-25,MSFT,-10,271.9145206796437,1.0,rebalance
2023-04-25,AVGO,-105,60.71215492227967,1.0,rebalance
2023-04-25,CSCO,-777,43.263145016385785,3.8850000000000002,rebalance
2023-04-25,PEP,-11,165.0739186850569,1.0,rebalance
2023-04-25,AAPL,232,162.55724931345918,1.16,rebalance
2023-04-25,NVDA,436,26.99505073948083,2.18,rebalance
2023-05-02,CSCO,-1,42.84304068221235,1.0,rebalance
2023-05-02,NVDA,-36,28.586427095496,1.0,rebalance
2023-05-02,PEP,-3,169.32111467698962,1.0,rebalance
2023-05-02,MSFT,5,299.456759756097,1.0,rebalance
2023-05-02,AAPL,97,167.37914826610077,1.0,rebalance
2023-05-02,AVGO,25,59.93602609899469,1.0,rebalance
2023-05-09,AVGO,-679,59.633872731764285,3.395,rebalance
2023-05-09,NVDA,-290,28.804709832846775,1.45,rebalance
2023-05-09,PEP,-5,171.53316454448745,1.0,rebalance
2023-05-09,MSFT,25,299.6902976349771,1.0,rebalance
2023-05-09,AAPL,66,170.29194166822333,1.0,rebalance
2023-05-16,AVGO,-65,61.33172739768247,1.0,rebalance
2023-05-16,MSFT,41,301.47092944838647,1.0,rebalance
2023-05-16,AAPL,107,169.48293388819752,1.0,rebalance
2023-05-16,NVDA,85,28.752649721438033,1.0,rebalance
2023-05-23,NVDA,-2107,30.898854135201237,10.535,rebalance
2023-05-23,NFLX,2153,36.0276006603241,10.765,rebalance
2023-05-23,MSFT,18,312.0764076795454,1.0,rebalance
2023-05-23,AAPL,73,170.60633863267253,1.0,rebalance
2023-05-23,AVGO,181,66.15031017944897,1.0,rebalance
2023-05-23,PEP,39,165.04498162420046,1.0,rebalance
2023-05-31,AVGO,-1153,76.12121859488641,5.765,rebalance
2023-05-31,NFLX,390,39.19291807594299,1.95,rebalance
2023-05-31,MSFT,25,324.031805684213,1.0,rebalance
2023-05-31,AAPL,98,174.74516532336784,1.0,rebalance
2023-05-31,CSCO,1893,45.59206101395157,9.465,rebalance
2023-05-31,PEP,26,161.8324144952947,1.0,rebalance
2023-06-06,NFLX,-294,40.49595,1.47,rebalance
2023-06-06,MSFT,-23,326.93089748005843,1.0,rebalance
2023-06-06,AAPL,-63,177.31118672828956,1.0,rebalance
2023-06-06,CSCO,-266,45.4733539501719,1.33,rebalance
2023-06-06,PEP,18,164.8522381795123,1.0,rebalance
2023-06-13,NFLX,-78,42.996699350738524,1.0,rebalance
2023-06-13,MSFT,-203,326.0923827782749,1.0150000000000001,rebalance
2023-06-13,COST,129,500.7802365905762,1.0,rebalance
2023-06-13,AAPL,101,180.13540502136388,1.0,rebalance
2023-06-13,CSCO,57,46.3045810322506,1.0,rebalance
2023-06-13,PEP,22,162.31235969822615,1.0,rebalance
2023-06-21,NFLX,-340,43.260672889709475,1.7,rebalance
2023-06-21,COST,-129,496.7380491795348,1.0,rebalance
2023-06-21,CSCO,-104,46.92549508927366,1.0,rebalance
2023-06-21,PEP,-6,165.4786326062953,1.0,rebalance
2023-06-21,META,244,280.86827781328003,1.22,rebalance
2023-06-27,AAPL,-32,183.1437168650837,1.0,rebalance
2023-06-27,PEP,-3,164.54307042732796,1.0,rebalance
2023-06-27,META,7,279.3625512711801,1.0,rebalance
2023-06-27,NFLX,549,41.74317231292724,2.745,rebalance
2023-06-27,CSCO,101,45.957448552381535,1.0,rebalance
2023-07-05,CSCO,-1681,46.90405080222915,8.405,rebalance
2023-07-05,PEP,-3,164.8371098402996,1.0,rebalance
2023-07-05,META,4,284.94960434509807,1.0,rebalance
2023-07-05,NFLX,149,44.495450229263305,1.0,rebalance
2023-07-05,COST,126,519.1991855715304,1.0,rebalance
2023-07-05,AAPL,18,188.77754549888283,1.0,rebalance
2023-07-11,COST,-126,505.93600155718065,1.0,rebalance
2023-07-11,AAPL,-17,186.36539940997463,1.0,rebalance
2023-07-11,PEP,-134,164.28467459853766,1.0,rebalance
2023-07-11,META,8,291.1409485956124,1.0,rebalance
2023-07-11,NFLX,124,43.869388178634644,1.0,rebalance
2023-07-11,CSCO,2052,47.46567636044943,10.26,rebalance
2023-07-18,CSCO,-273,46.913249459176356,1.365,rebalance
2023-07-18,PEP,-107,165.22914941056789,1.0,rebalance
2023-07-18,META,11,307.9615396922363,1.0,rebalance
2023-07-18,NFLX,242,45.10450847396851,1.21,rebalance
2023-07-18,AAPL,19,190.53160095786262,1.0,rebalance
2023-07-25,META,-274,292.36032328116875,1.37,rebalance
2023-07-25,NFLX,-1080,42.71372670478821,5.4,rebalance
2023-07-25,AAPL,-6,190.47379285591194,1.0,rebalance
2023-07-25,MSFT,193,338.48342951604127,1.0,rebalance
2023-07-25,CSCO,779,48.95674555890581,3.895,rebalance
2023-07-25,PEP,190,169.6914055797372,1.0,rebalance
2023-08-01,NFLX,-157,43.732625811767576,1.0,rebalance
2023-08-01,MSFT,-3,326.7943798290019,1.0,rebalance
2023-08-01,AAPL,-13,193.34083390123413,1.0,rebalance
2023-08-01,CSCO,-567,48.37640988629163,2.835,rebalance
2023-08-01,PEP,-726,167.0557312947349,3.63,rebalance
2023-08-01,META,417,314.5590150996337,2.085,rebalance
2023-08-08,META,-5,311.38615189583726,1.0,rebalance
2023-08-08,MSFT,-190,318.77042729545036,1.0,rebalance
2023-08-08,AAPL,-289,177.03533108380546,1.445,rebalance
2023-08-08,NFLX,247,44.04040289802551,1.235,rebalance
2023-08-08,CSCO,652,48.4689273178259,3.2600000000000002,rebalance
2023-08-08,AVGO,773,85.70806852013234,3.865,rebalance
2023-08-15,NFLX,-37,42.43675779190063,1.0,rebalance
2023-08-15,AAPL,-14,176.47524575437984,1.0,rebalance
2023-08-15,CSCO,-84,49.34265040807031,1.0,rebalance
2023-08-15,AVGO,-773,81.7553020127045,3.865,rebalance
2023-08-15,META,4,303.2660870757963,1.0,rebalance
2023-08-15,COST,125,538.2220775622357,1.0,rebalance
2023-08-22,COST,-125,519.8049570300199,1.0,rebalance
2023-08-22,AAPL,-377,174.6797146282509,1.885,rebalance
2023-08-22,CSCO,-120,51.054278372108335,1.0,rebalance
2023-08-22,META,13,289.80361239074927,1.0,rebalance
2023-08-22,NFLX,696,40.90409152603149,3.48,rebalance
2023-08-22,MSFT,174,318.08250204990003,1.0,rebalance
2023-08-22,AVGO,808,84.1019221843248,4.04,rebalance
2023-08-29,META,-41,285.81370764093043,1.0,rebalance
2023-08-29,NFLX,-502,41.595838474273684,2.5100000000000002,rebalance
2023-08-29,MSFT,-174,314.4820975987299,1.0,rebalance
2023-08-29,CSCO,-37,51.854881086278,1.0,rebalance
2023-08-29,NVDA,1932,46.527860582615084,9.66,rebalance
2023-08-29,AVGO,234,82.65658099731611,1.17,rebalance
2023-09-06,META,-42,298.8178143685301,1.0,rebalance
2023-09-06,NFLX,-173,44.85651396102905,1.0,rebalance
2023-09-06,AVGO,-1042,83.99748851717574,5.21,rebalance
2023-09-06,AAPL,451,185.90446394384026,2.255,rebalance
2023-09-06,CSCO,55,52.555552878344486,1.0,rebalance
2023-09-06,NVDA,316,48.30158159964414,1.58,rebalance
2023-09-12,META,-2,303.39349316071446,1.0,rebalance
2023-09-12,AAPL,-451,177.0770964961612,2.255,rebalance
2023-09-12,CSCO,-41,52.13094515905938,1.0,rebalance
2023-09-12,NVDA,-46,44.60032557295873,1.0,rebalance
2023-09-12,NFLX,16,44.28942834739685,1.0,rebalance
2023-09-12,ADBE,162,555.6855678833008,1.0,rebalance
2023-09-19,META,-40,299.5805164220766,1.0,rebalance
2023-09-19,NFLX,-1905,39.28007199668885,9.525,rebalance
2023-09-19,CSCO,-66,51.69843623278635,1.0,rebalance
2023-09-19,NVDA,-113,43.698116521654974,1.0,rebalance
2023-09-19,COST,160,539.8062529045479,1.0,rebalance
2023-09-19,ADBE,8,531.4031105834961,1.0,rebalance
2023-09-26,CSCO,-193,48.937755039891975,1.0,rebalance
2023-09-26,META,21,294.8656383959163,1.0,rebalance
2023-09-26,COST,15,537.412967464141,1.0,rebalance
2023-09-26,NVDA,10,41.880117407482686,1.0,rebalance
2023-10-03,CSCO,-54,49.92146590001894,1.0,rebalance
2023-10-03,NVDA,-59,44.67011336539742,1.0,rebalance
2023-10-03,META,1,301.40363929521067,1.0,rebalance
2023-10-03,COST,9,548.8983694353415,1.0,rebalance
2023-10-10,COST,-8,538.0454077771852,1.0,rebalance
2023-10-10,ADBE,-6,530.8568821472168,1.0,rebalance
2023-10-10,META,18,316.1242160126146,1.0,rebalance
2023-10-10,CSCO,20,50.024155277387926,1.0,rebalance
2023-10-10,NVDA,19,45.17960037189193,1.0,rebalance
2023-10-17,META,-26,315.12998940191915,1.0,rebalance
2023-10-17,NVDA,-2059,43.86459199382397,10.295,rebalance
2023-10-17,ADBE,-22,545.3554321472168,1.0,rebalance
2023-10-17,COST,31,549.7058695899244,1.0,rebalance
2023-10-17,AVGO,895,85.6965650782509,4.4750000000000005,rebalance
2023-10-17,CSCO,333,49.86655735204886,1.665,rebalance
2023-10-24,COST,-207,530.5309883602922,1.035,rebalance
2023-10-24,CSCO,-2456,48.438464746657594,12.280000000000001,rebalance
2023-10-24,AVGO,-895,83.63220386464651,4.4750000000000005,rebalance
2023-10-24,META,65,313.8061901857034,1.0,rebalance
2023-10-24,GOOGL,709,136.54445131645974,3.545,rebalance
2023-10-24,ADBE,70,544.6944786499023,1.0,rebalance
2023-10-24,GOOG,711,137.86806878284554,3.555,rebalance
2023-10-31,META,-383,300.4025078539634,1.915,rebalance
2023-10-31,ADBE,-212,530.5869506469727,1.06,rebalance
2023-10-31,GOOG,-711,125.07273541561311,3.555,rebalance
2023-10-31,GOOGL,-709,123.86879344487005,3.545,rebalance
2023-10-31,COST,214,530.6947145403714,1.07,rebalance
2023-10-31,AMZN,352,132.763275,1.76,rebalance
2023-10-31,MSFT,343,331.128295205861,1.715,rebalance
2023-11-07,COST,-87,551.1435613806518,1.0,rebalance
2023-11-07,MSFT,-35,351.13982162153354,1.0,rebalance
2023-11-07,AMZN,-352,140.53594805145264,1.76,rebalance
2023-11-07,META,373,314.08350254669335,1.865,rebalance
2023-11-07,ADBE,133,568.8668785583496,1.0,rebalance
2023-11-07,CSCO,1677,49.449381666033275,8.385,rebalance
2023-11-14,META,-8,331.33311193650877,1.0,rebalance
2023-11-14,COST,-127,560.039022857808,1.0,rebalance
2023-11-14,MSFT,-21,362.48291444622384,1.0,rebalance
2023-11-14,CSCO,-1677,48.6331118925269,8.385,rebalance
2023-11-14,ADBE,-8,601.4998415588379,1.0,rebalance
2023-11-14,NVDA,1820,49.53701674290223,9.1,rebalance
2023-11-14,AVGO,772,93.16980563728177,3.86,rebalance
2023-11-21,MSFT,-23,367.7808507951693,1.0,rebalance
2023-11-21,AVGO,-5,94.37661967133033,1.0,rebalance
2023-11-21,ADBE,-12,610.5689418823242,1.0,rebalance
2023-11-21,NVDA,263,49.98174305017789,1.315,rebalance
2023-11-28,NVDA,-62,48.08755622255134,1.0,rebalance
2023-11-28,MSFT,-6,370.4045285011326,1.0,rebalance
2023-11-28,AVGO,-766,90.98293816458508,3.83,rebalance
2023-11-28,AAPL,336,187.5128961759793,1.68,rebalance
2023-11-28,ADBE,12,614.0413784667969,1.0,rebalance
2023-12-05,NVDA,-2021,45.33006279074974,10.105,rebalance
2023-12-05,MSFT,-8,358.75448018735756,1.0,rebalance
2023-12-05,AAPL,-336,187.90019672865637,1.68,rebalance
2023-12-05,META,3,315.98552926312027,1.0,rebalance
2023-12-05,COST,129,576.3178489043859,1.0,rebalance
2023-12-05,AVGO,878,88.25736967558319,4.39,rebalance
2023-12-05,ADBE,8,596.8296965332031,1.0,rebalance
2023-12-12,MSFT,-14,363.06201202391264,1.0,rebalance
2023-12-12,AVGO,-879,99.50588985341363,4.3950000000000005,rebalance
2023-12-12,ADBE,-133,625.7973993530273,1.0,rebalance
2023-12-12,META,9,321.5527068623332,1.0,rebalance
2023-12-12,COST,15,604.1550009476114,1.0,rebalance
2023-12-12,NVDA,1829,45.91752627549244,9.145,rebalance
2023-12-12,AAPL,534,190.77348014308402,2.67,rebalance
2023-12-19,META,-5,342.2672816591891,1.0,rebalance
2023-12-19,COST,-12,649.8200403675511,1.0,rebalance
2023-12-19,MSFT,-7,363.68858293596156,1.0,rebalance
2023-12-19,NVDA,-15,49.27622794946947,1.0,rebalance
2023-12-19,AAPL,73,193.8166774827413,1.0,rebalance
2023-12-27,META,-18,352.6567509652285,1.0,rebalance
2023-12-27,COST,-17,652.4866645109,1.0,rebalance
2023-12-27,NVDA,-11,49.36297849497784,1.0,rebalance
2023-12-27,MSFT,24,365.91559412505023,1.0,rebalance
2023-12-27,AAPL,64,190.19049510052045,1.0,rebalance
2024-01-03,AAPL,-79,181.98289364414086,1.0,rebalance
2024-01-03,META,8,341.74142953940793,1.0,rebalance
2024-01-03,COST,3,641.3021117796384,1.0,rebalance
2024-01-03,MSFT,1,361.3329447426919,1.0,rebalance
2024-01-03,NVDA,200,47.352500277204406,1.0,rebalance
2024-01-09,META,-12,352.98356383865786,1.0,rebalance
2024-01-09,AAPL,-23,181.6865722539873,1.0,rebalance
2024-01-09,NVDA,-339,52.24433208547218,1.695,rebalance
2024-01-09,COST,7,648.8552483881949,1.0,rebalance
2024-01-09,MSFT,63,364.2705248526237,1.0,rebalance
2024-01-17,COST,-3,670.0123858465238,1.0,rebalance
2024-01-17,AAPL,-33,179.06874590624136,1.0,rebalance
2024-01-17,META,11,362.8612183011942,1.0,rebalance
2024-01-17,MSFT,9,379.90827328976775,1.0,rebalance
2024-01-17,NVDA,12,56.189773938013396,1.0,rebalance
2024-01-23,META,-4,380.93301219449825,1.0,rebalance
2024-01-23,AAPL,-70,192.65177307293894,1.0,rebalance
2024-01-23,COST,10,680.2107582217959,1.0,rebalance
2024-01-23,MSFT,8,387.516638438361,1.0,rebalance
2024-01-23,NVDA,79,59.40377669778869,1.0,rebalance
2024-01-30,META,-3,399.72127453101973,1.0,rebalance
2024-01-30,COST,-132,682.2606820721754,1.0,rebalance
2024-01-30,AAPL,-466,188.6213314854375,2.33,rebalance
2024-01-30,NVDA,-166,62.711949999002144,1.0,rebalance
2024-01-30,MSFT,16,403.68316526303636,1.0,rebalance
2024-01-30,GOOGL,568,151.3748655668458,2.84,rebalance
2024-01-30,GOOG,552,152.58020845308846,2.7600000000000002,rebalance
2024-02-06,META,-354,459.5521909560669,1.77,rebalance
2024-02-06,GOOGL,-568,143.2721740993058,2.84,rebalance
2024-02-06,GOOG,-552,144.57606837394633,2.7600000000000002,rebalance
2024-02-06,COST,150,701.4384255415098,1.0,rebalance
2024-02-06,MSFT,19,397.43585370302713,1.0,rebalance
2024-02-06,AAPL,446,184.62776067415365,2.23,rebalance
2024-02-06,NVDA,418,69.43570742299143,2.09,rebalance
2024-02-06,ADBE,136,625.6425750915528,1.0,rebalance
2024-02-13,AAPL,-16,183.74825640547357,1.0,rebalance
2024-02-13,NVDA,-204,70.18952547444519,1.02,rebalance
2024-02-13,ADBE,-136,596.6403422058105,1.0,rebalance
2024-02-13,COST,17,711.4584644538606,1.0,rebalance
2024-02-13,AMZN,574,167.74676872711183,2.87,rebalance
2024-02-21,AAPL,-430,179.95994664928912,2.15,rebalance
2024-02-21,NVDA,-138,67.80268045835615,1.0,rebalance
2024-02-21,AMZN,-33,168.9231084411621,1.0,rebalance
2024-02-21,COST,33,715.6994589440679,1.0,rebalance
2024-02-21,AVGO,626,118.46398274314842,3.13,rebalance
2024-02-27,NVDA,-1664,79.14366882097086,8.32,rebalance
2024-02-27,COST,8,735.7298737264276,1.0,rebalance
2024-02-27,NFLX,1166,59.50595,5.83,rebalance
2024-02-27,MSFT,13,400.2407634093487,1.0,rebalance
2024-02-27,AVGO,4,127.32737928548482,1.0,rebalance
2024-02-27,AMZN,67,174.0974098312378,1.0,rebalance
2024-03-05,NVDA,-1,85.01905180565836,1.0,rebalance
2024-03-05,AVGO,-86,135.6520344629156,1.0,rebalance
2024-03-05,NFLX,29,61.01609932136535,1.0,rebalance
2024-03-05,MSFT,4,406.097289162858,1.0,rebalance
2024-03-05,AMZN,9,176.94768567504883,1.0,rebalance
2024-03-12,COST,-68,707.0664381861723,1.0,rebalance
2024-03-12,MSFT,-6,399.7978481492067,1.0,rebalance
2024-03-12,AVGO,-544,127.09480058005228,2.72,rebalance
2024-03-12,NFLX,353,60.02700200843811,1.7650000000000001,rebalance
2024-03-12,AMZN,95,173.51735,1.0,rebalance
2024-03-12,GOOG,625,136.96649139105693,3.125,rebalance
2024-03-19,AMZN,-3,174.20257922058104,1.0,rebalance
2024-03-19,GOOG,-61,147.56738279570192,1.0,rebalance
2024-03-19,COST,20,721.7154338116719,1.0,rebalance
2024-03-19,NFLX,241,61.568156474685665,1.205,rebalance
2024-03-26,NFLX,-125,62.513748457717895,1.0,rebalance
2024-03-26,GOOG,-564,149.8059386214259,2.82,rebalance
2024-03-26,COST,34,720.9362497492145,1.0,rebalance
2024-03-26,AVGO,592,133.29646484747806,2.96,rebalance
2024-03-26,AMZN,19,180.168008895874,1.0,rebalance
2024-04-02,COST,-3,709.9457574644935,1.0,rebalance
2024-04-02,NFLX,-124,61.09388847427368,1.0,rebalance
2024-04-02,MSFT,-2,412.048117822567,1.0,rebalance
2024-04-02,AVGO,-592,128.49446207840984,2.96,rebalance
2024-04-02,AMZN,1,179.08791432495116,1.0,rebalance
2024-04-02,GOOG,563,153.3133597236115,2.815,rebalance
2024-04-09,COST,-1,706.2382599382477,1.0,rebalance
2024-04-09,NFLX,-7,63.192681412124635,1.0,rebalance
2024-04-09,GOOG,-563,155.8580359200793,2.815,rebalance
2024-04-09,MSFT,1,418.34034981039935,1.0,rebalance
2024-04-09,AVGO,628,132.58149106822373,3.14,rebalance
2024-04-09,AMZN,41,187.2587294937134,1.0,rebalance
2024-04-16,AVGO,-6,128.45439224806515,1.0,rebalance
2024-04-16,COST,6,708.4111465265804,1.0,rebalance
2024-04-16,NFLX,2,60.756075,1.0,rebalance
2024-04-16,MSFT,3,406.6957632586727,1.0,rebalance
2024-04-16,AMZN,31,183.28833127288817,1.0,rebalance
2024-04-23,COST,-1,708.9893464315453,1.0,rebalance
2024-04-23,NFLX,-1535,55.643433360672,7.675,rebalance
2024-04-23,MSFT,-3,396.4826943285455,1.0,rebalance
2024-04-23,AVGO,-622,119.937855659026,3.11,rebalance
2024-04-23,AMZN,-50,178.0621938308716,1.0,rebalance
2024-04-23,GOOGL,547,155.4960633425727,2.735,rebalance
2024-04-23,GOOG,563,157.11766705423824,2.815,rebalance
2024-04-30,MSFT,-379,393.7854688311626,1.895,rebalance
2024-04-30,GOOGL,-547,164.03255734955135,2.735,rebalance
2024-04-30,GOOG,-73,165.79293045624703,1.0,rebalance
2024-04-30,COST,18,716.670339114412,1.0,rebalance
2024-04-30,AVGO,846,129.7987434209058,4.23,rebalance
2024-04-30,NVDA,931,87.00064787956804,4.655,rebalance
2024-04-30,AMZN,66,181.10810533752442,1.0,rebalance
2024-05-07,COST,-2,749.2960776890824,1.0,rebalance
2024-05-07,AVGO,-846,128.55792252089097,4.23,rebalance
2024-05-07,NVDA,-930,90.82989976368873,4.65,rebalance
2024-05-07,GOOG,-490,168.5069308457577,2.45,rebalance
2024-05-07,META,191,462.4026817767066,1.0,rebalance
2024-05-07,NFLX,1630,59.633961151885984,8.15,rebalance
2024-05-07,MSFT,282,406.78404566718933,1.41,rebalance
2024-05-07,AMZN,16,188.9388901687622,1.0,rebalance
2024-05-14,META,-190,459.41514655912647,1.0,rebalance
2024-05-14,COST,-4,765.3351223180719,1.0,rebalance
2024-05-14,MSFT,-282,404.113339536578,1.41,rebalance
2024-05-14,NVDA,-1,89.3353098801794,1.0,rebalance
2024-05-14,NFLX,137,61.52314999084473,1.0,rebalance
2024-05-14,AVGO,682,130.1366735192136,3.41,rebalance
2024-05-14,AMZN,24,183.83838932495118,1.0,rebalance
2024-05-14,GOOG,441,169.99702522802792,2.205,rebalance
2024-05-21,META,-1,463.1331162900128,1.0,rebalance
2024-05-21,COST,-1,785.7196165383335,1.0,rebalance
2024-05-21,NFLX,-160,63.669631087875366,1.0,rebalance
2024-05-21,AVGO,-118,136.58911620845203,1.0,rebalance
2024-05-21,GOOG,-441,176.70843208653633,2.205,rebalance
2024-05-21,MSFT,316,419.47814554197345,1.58,rebalance
2024-05-21,AMZN,18,182.318233052063,1.0,rebalance
2024-05-29,COST,-2,797.0277342137051,1.0,rebalance
2024-05-29,MSFT,-18,418.2741576630605,1.0,rebalance
2024-05-29,AVGO,-564,136.6301690848819,2.82,rebalance
2024-05-29,NFLX,21,64.41944331436157,1.0,rebalance
2024-05-29,NVDA,632,112.7398456232249,3.16,rebalance
2024-05-29,AMZN,15,181.71816694793702,1.0,rebalance
2024-06-04,COST,-4,804.8891344319478,1.0,rebalance
2024-06-04,NFLX,-4,63.37166055221558,1.0,rebalance
2024-06-04,MSFT,-298,405.2451512678071,1.49,rebalance
2024-06-04,NVDA,-632,115.37546754572425,3.16,rebalance
2024-06-04,GOOGL,485,171.6638480329413,2.4250000000000003,rebalance
2024-06-04,AMZN,12,177.6577633895874,1.0,rebalance
2024-06-04,GOOG,507,172.8304548851095,2.535,rebalance
2024-06-11,COST,-2,838.7250234324998,1.0,rebalance
2024-06-11,NFLX,-555,64.06559139633178,2.775,rebalance
2024-06-11,GOOGL,-484,174.74180587998288,2.42,rebalance
2024-06-11,AMZN,-223,187.04129155883788,1.115,rebalance
2024-06-11,GOOG,-507,176.2352324071229,2.535,rebalance
2024-06-11,META,163,495.990319011116,1.0,rebalance
2024-06-11,MSFT,233,418.1514267429888,1.165,rebalance
2024-06-18,META,-10,500.7502456278948,1.0,rebalance
2024-06-18,COST,-1,857.2527315568476,1.0,rebalance
2024-06-18,NFLX,-1069,67.55624723968506,5.345,rebalance
2024-06-18,MSFT,-15,441.8757335342505,1.0,rebalance
2024-06-18,GOOGL,-1,175.6540998065384,1.0,rebalance
2024-06-18,AMZN,-35,183.72163149261476,1.0,rebalance
2024-06-18,GOOG,359,177.33172658320112,1.795,rebalance
2024-06-25,META,-153,493.2969323420938,1.0,rebalance
2024-06-25,AMZN,-49,186.7913165588379,1.0,rebalance
2024-06-25,COST,2,838.9718094317525,1.0,rebalance
2024-06-25,MSFT,31,440.52923502473146,1.0,rebalance
2024-06-25,GOOGL,381,178.14892662889443,1.905,rebalance
2024-06-25,GOOG,40,179.6675237068106,1.0,rebalance
2024-07-02,GOOGL,-381,180.52291458422164,1.905,rebalance
2024-07-02,AMZN,-58,197.26027077941896,1.0,rebalance
2024-07-02,META,151,497.0783593509919,1.0,rebalance
2024-07-02,COST,4,835.3860195972702,1.0,rebalance
2024-07-02,MSFT,9,445.39399605647503,1.0,rebalance
2024-07-02,GOOG,27,181.9735461405554,1.0,rebalance
2024-07-09,META,-151,529.7198613806382,1.0,rebalance
2024-07-09,COST,-2,872.9064584255665,1.0,rebalance
2024-07-09,GOOGL,425,188.75137905367887,2.125,rebalance
2024-07-09,AMZN,21,199.419933895874,1.0,rebalance
2024-07-09,GOOG,14,190.18604333247052,1.0,rebalance
2024-07-16,COST,3,837.4702559737574,1.0,rebalance
2024-07-16,MSFT,23,446.39641629889223,1.0,rebalance
2024-07-16,GOOGL,50,185.82553055708868,1.0,rebalance
2024-07-16,AMZN,29,195.6095553375244,1.0,rebalance
2024-07-16,GOOG,59,187.41876436271653,1.0,rebalance
2024-07-23,COST,-4,838.3892958596506,1.0,rebalance
2024-07-23,MSFT,-22,436.1669577519488,1.0,rebalance
2024-07-23,GOOGL,-474,180.5229272644366,2.37,rebalance
2024-07-23,AMZN,-16,184.08159610290528,1.0,rebalance
2024-07-23,GOOG,-1,182.3040815843683,1.0,rebalance
2024-07-23,NFLX,1771,64.756475,8.855,rebalance
2024-07-30,MSFT,-4,420.268834065998,1.0,rebalance
2024-07-30,GOOGL,-1,168.8119769051286,1.0,rebalance
2024-07-30,GOOG,-497,170.39441561612617,2.485,rebalance
2024-07-30,META,156,463.5665769429516,1.0,rebalance
2024-07-30,COST,1,809.1837987873291,1.0,rebalance
2024-07-30,NFLX,721,63.02329999084473,3.605,rebalance
2024-07-30,AMZN,57,184.7384732208252,1.0,rebalance
2024-08-06,COST,-5,796.223980995686,1.0,rebalance
2024-08-06,MSFT,-254,393.0317262070409,1.27,rebalance
2024-08-06,AMZN,-628,161.6938357131958,3.14,rebalance
2024-08-06,GOOG,-1,159.60036946941833,1.0,rebalance
2024-08-06,META,44,475.47834339486116,1.0,rebalance
2024-08-06,NFLX,96,60.06800647468567,1.0,rebalance
2024-08-06,NVDA,525,103.56361151887117,2.625,rebalance
2024-08-06,AVGO,286,138.87473304166622,1.43,rebalance
2024-08-13,META,-7,516.0836018234554,1.0,rebalance
2024-08-13,COST,-3,855.426911148752,1.0,rebalance
2024-08-13,NFLX,-8,63.84961339302063,1.0,rebalance
2024-08-13,NVDA,-44,112.1182974408855,1.0,rebalance
2024-08-13,MSFT,-1,402.4546206763152,1.0,rebalance
2024-08-13,AVGO,-286,148.46722339030427,1.43,rebalance
2024-08-13,AAPL,295,217.21486050226417,1.475,rebalance
2024-08-20,META,-17,524.36059735872,1.0,rebalance
2024-08-20,NFLX,-96,68.87911298675537,1.0,rebalance
2024-08-20,AAPL,-7,223.87466404789907,1.0,rebalance
2024-08-20,NVDA,-481,128.03261904888686,2.4050000000000002,rebalance
2024-08-20,COST,5,862.6018431435515,1.0,rebalance
2024-08-20,MSFT,296,415.1835945498382,1.48,rebalance
2024-08-27,COST,-4,882.8922121845073,1.0,rebalance
2024-08-27,MSFT,-296,406.39885181911427,1.48,rebalance
2024-08-27,META,7,515.164404923313,1.0,rebalance
2024-08-27,AAPL,19,224.14754475539434,1.0,rebalance
2024-08-27,NVDA,376,124.71717671445964,1.8800000000000001,rebalance
2024-09-04,COST,-2,867.8194006593704,1.0,rebalance
2024-09-04,NFLX,-9,67.32426818161011,1.0,rebalance
2024-09-04,AAPL,-48,219.7991791826554,1.0,rebalance
2024-09-04,NVDA,-375,105.10842684160858,1.875,rebalance
2024-09-04,META,36,502.3492899742629,1.0,rebalance
2024-09-04,AVGO,233,147.27208022053495,1.165,rebalance
2024-09-10,META,-10,504.32307213441055,1.0,rebalance
2024-09-10,COST,-2,882.8032003046958,1.0,rebalance
2024-09-10,NFLX,-8,67.68022776031495,1.0,rebalance
2024-09-10,NVDA,-1,107.50153944857584,1.0,rebalance
2024-09-10,AVGO,-233,138.34734831365722,1.165,rebalance
2024-09-10,AAPL,59,217.12559181103416,1.0,rebalance
2024-09-10,PEP,260,165.3194197566269,1.3,rebalance
2024-09-17,META,-28,534.0497142531588,1.0,rebalance
2024-09-17,NFLX,-36,70.07499253234863,1.0,rebalance
2024-09-17,PEP,-260,163.75978300782342,1.3,rebalance
2024-09-17,AAPL,80,213.98156175311271,1.0,rebalance
2024-09-17,AMZN,256,186.868691104126,1.28,rebalance
2024-09-24,META,-4,562.9377187608472,1.0,rebalance
2024-09-24,COST,2,902.180614950555,1.0,rebalance
2024-09-24,NFLX,30,70.67006831436157,1.0,rebalance
2024-09-24,AAPL,4,226.77583539313636,1.0,rebalance
2024-09-24,AMZN,92,194.28943127288818,1.0,rebalance
2024-10-01,NFLX,-38,71.35686201324462,1.0,rebalance
2024-10-01,AMZN,-348,184.88150389709472,1.74,rebalance
2024-10-01,META,9,574.277885712147,1.0,rebalance
2024-10-01,COST,5,875.7089940895314,1.0,rebalance
2024-10-01,AAPL,119,227.63870448154572,1.0,rebalance
2024-10-01,AVGO,249,169.24654131340733,1.245,rebalance
2024-10-08,COST,-197,867.0776489726169,1.0,rebalance
2024-10-08,AAPL,-521,222.416998722878,2.605,rebalance
2024-10-08,META,107,585.9128962916294,1.0,rebalance
2024-10-08,NFLX,19,70.39503928833008,1.0,rebalance
2024-10-08,CSCO,444,50.38891588719211,2.22,rebalance
2024-10-08,AVGO,129,172.4513761424982,1.0,rebalance
2024-10-08,PEP,627,155.20501573599623,3.1350000000000002,rebalance
2024-10-15,META,-99,586.2626231411818,1.0,rebalance
2024-10-15,CSCO,-444,52.08237293081679,2.22,rebalance
2024-10-15,AVGO,-378,177.694958205812,1.8900000000000001,rebalance
2024-10-15,NFLX,5,71.25812455062866,1.0,rebalance
2024-10-15,COST,197,882.4752666852571,1.0,rebalance
2024-10-15,NVDA,356,137.51479334405383,1.78,rebalance
2024-10-15,PEP,6,163.2003194534159,1.0,rebalance
2024-10-22,NFLX,-883,76.51934772720337,4.415,rebalance
2024-10-22,NVDA,-356,142.51332373866916,1.78,rebalance
2024-10-22,META,59,570.611543140775,1.0,rebalance
2024-10-22,COST,3,881.377209254906,1.0,rebalance
2024-10-22,AAPL,488,231.9728722018228,2.44,rebalance
2024-10-22,PEP,63,161.48835376453198,1.0,rebalance
2024-10-29,NFLX,-341,75.1054876625061,1.705,rebalance
2024-10-29,AAPL,-29,231.14312622800037,1.0,rebalance
2024-10-29,PEP,-696,156.5432333990205,3.48,rebalance
2024-10-29,META,23,576.4341771813806,1.0,rebalance
2024-10-29,MSFT,315,421.3861552106953,1.575,rebalance
2024-11-05,NFLX,-3,75.72742711029053,1.0,rebalance
2024-11-05,COST,-4,879.420592470125,1.0,rebalance
2024-11-05,MSFT,-315,401.9791040077402,1.575,rebalance
2024-11-05,AAPL,-458,219.9379963580031,2.29,rebalance
2024-11-05,META,13,563.666328393975,1.0,rebalance
2024-11-05,GOOGL,599,168.2653397978479,2.995,rebalance
2024-11-05,GOOG,580,169.65969767835014,2.9,rebalance
2024-11-12,COST,-1,926.9074029473574,1.0,rebalance
2024-11-12,GOOGL,-48,178.54825317985924,1.0,rebalance
2024-11-12,AAPL,-1,222.90989524410557,1.0,rebalance
2024-11-12,GOOG,-48,180.10138253957854,1.0,rebalance
2024-11-12,META,10,584.7702361952489,1.0,rebalance
2024-11-12,NFLX,2,80.758075,1.0,rebalance
2024-11-19,META,-22,548.2155377085652,1.0,rebalance
2024-11-19,NFLX,-6,83.96660097427369,1.0,rebalance
2024-11-19,COST,-2,919.0342374660505,1.0,rebalance
2024-11-19,GOOGL,-551,172.49136694394127,2.755,rebalance
2024-11-19,GOOG,-532,173.9997191765777,2.66,rebalance
2024-11-19,CSCO,2304,54.256148519586986,11.52,rebalance
2024-11-19,NVDA,593,140.95592594331382,2.965,rebalance
2024-11-26,NFLX,-121,86.74032564926148,1.0,rebalance
2024-11-26,COST,-3,954.6863231781053,1.0,rebalance
2024-11-26,NVDA,-593,137.31776715485358,2.965,rebalance
2024-11-26,META,5,562.3746848124999,1.0,rebalance
2024-11-26,AAPL,392,231.6720732372205,1.96,rebalance
2024-11-26,CSCO,67,56.47694097239635,1.0,rebalance
2024-12-03,META,-19,591.0707400628523,1.0,rebalance
2024-12-03,AAPL,-392,238.058420788841,1.96,rebalance
2024-12-03,CSCO,-13,56.877169075462874,1.0,rebalance
2024-12-03,NFLX,32,89.44494060897827,1.0,rebalance
2024-12-03,COST,1,965.4661515771319,1.0,rebalance
2024-12-03,NVDA,767,137.90381485653174,3.835,rebalance
2024-12-10,META,-12,613.4817099288434,1.0,rebalance
2024-12-10,NFLX,67,91.38513705062866,1.0,rebalance
2024-12-10,CSCO,4,55.99832003468308,1.0,rebalance
2024-12-10,NVDA,9,138.6614135409288,1.0,rebalance
2024-12-17,META,-3,622.5365648799958,1.0,rebalance
2024-12-17,NFLX,-1194,92.14478392868043,5.97,rebalance
2024-12-17,COST,-1,984.3963909484407,1.0,rebalance
2024-12-17,CSCO,-158,55.872276833330744,1.0,rebalance
2024-12-17,AAPL,437,248.30307743441347,2.185,rebalance
2024-12-17,NVDA,87,128.7662802491184,1.0,rebalance
2024-12-24,META,-25,599.2227253196504,1.0,rebalance
2024-12-24,COST,7,941.7427189536774,1.0,rebalance
2024-12-24,AAPL,127,253.67466546307796,1.0,rebalance
2024-12-24,CSCO,106,56.285493621451344,1.0,rebalance
2024-12-24,NVDA,51,139.64893652835673,1.0,rebalance
2024-12-31,CSCO,-88,56.67619860448532,1.0,rebalance
2024-12-31,META,3,588.9511222143947,1.0,rebalance
2024-12-31,COST,3,914.9091555206464,1.0,rebalance
2024-12-31,AAPL,33,250.6463118368979,1.0,rebalance
2024-12-31,NVDA,69,137.68390215701157,1.0,rebalance
2025-01-07,META,-8,628.0346408499656,1.0,rebalance
2025-01-07,CSCO,-52,56.82150755431458,1.0,rebalance
2025-01-07,NVDA,-82,152.6157073046799,1.0,rebalance
2025-01-07,COST,5,915.0973610319852,1.0,rebalance
2025-01-07,AAPL,72,241.25353026520358,1.0,rebalance
2025-01-14,META,-6,601.559100257941,1.0,rebalance
2025-01-14,COST,-6,915.3698387358958,1.0,rebalance
2025-01-14,AAPL,-46,233.0353933895963,1.0,rebalance
2025-01-14,NVDA,-901,135.68171185481708,4.505,rebalance
2025-01-14,NFLX,1171,84.32843169479371,5.855,rebalance
2025-01-14,CSCO,227,56.83287396756246,1.135,rebalance
2025-01-22,META,-22,619.6832457655659,1.0,rebalance
2025-01-22,NFLX,-133,99.79302110366821,1.0,rebalance
2025-01-22,AAPL,-623,218.18465451390875,3.115,rebalance
2025-01-22,CSCO,789,58.82785828093182,3.9450000000000003,rebalance
2025-01-22,NVDA,805,144.29726214185305,4.025,rebalance
2025-01-28,COST,-6,952.5372998281632,1.0,rebalance
2025-01-28,CSCO,-1010,56.86968439049043,5.05,rebalance
2025-01-28,NVDA,-805,121.48027878489152,4.025,rebalance
2025-01-28,META,29,662.2679628436537,1.0,rebalance
2025-01-28,NFLX,326,96.68066471939086,1.6300000000000001,rebalance
2025-01-28,AMZN,430,234.31342228546143,2.15,rebalance
2025-02-04,COST,-3,995.686358988431,1.0,rebalance
2025-02-04,NFLX,-101,98.03719237060547,1.0,rebalance
2025-02-04,AMZN,-8,238.98609350738525,1.0,rebalance
2025-02-04,META,2,698.5633744376465,1.0,rebalance
2025-02-04,CSCO,441,58.635104095039026,2.205,rebalance
2025-02-11,META,-38,709.1809961564076,1.0,rebalance
2025-02-11,COST,-5,1050.8294869788238,1.0,rebalance
2025-02-11,AMZN,-33,231.8968061691284,1.0,rebalance
2025-02-11,NFLX,75,102.08921028060912,1.0,rebalance
2025-02-11,CSCO,599,60.26385527694025,2.995,rebalance
2025-02-19,META,-2,700.0144745535291,1.0,rebalance
2025-02-19,NFLX,-154,103.50764594192505,1.0,rebalance
2025-02-19,CSCO,-128,62.16929739349359,1.0,rebalance
2025-02-19,AMZN,-389,225.49745227203368,1.945,rebalance
2025-02-19,AAPL,437,243.18867082853586,2.185,rebalance
2025-02-25,META,-14,662.1055693496064,1.0,rebalance
2025-02-25,NFLX,-19,98.9301084411621,1.0,rebalance
2025-02-25,CSCO,-15,62.24638987036293,1.0,rebalance
2025-02-25,AAPL,33,246.5085868564034,1.0,rebalance
2025-03-04,META,-20,641.7643780108411,1.0,rebalance
2025-03-04,COST,-3,1036.7711158100285,1.0,rebalance
2025-03-04,AAPL,-31,236.23322353087997,1.0,rebalance
2025-03-04,CSCO,-7,61.41772267758778,1.0,rebalance
2025-03-04,NFLX,17,97.17071921310425,1.0,rebalance
2025-03-11,AAPL,-439,222.41957604089006,2.195,rebalance
2025-03-11,META,-147,591.5972702946724,1.0,rebalance
2025-03-11,COST,-182,923.0239140119795,1.0,rebalance
2025-03-11,NFLX,-1182,86.73232321472167,5.91,rebalance
2025-03-11,CSCO,-140,60.01091184379055,1.0,rebalance
2025-03-11,AVGO,292,185.3629636299039,1.46,rebalance
2025-03-18,NFLX,1857,94.0094,9.285,rebalance
2025-03-18,CSCO,60,58.47126072662335,1.0,rebalance
2025-03-18,AVGO,14,187.71881368143914,1.0,rebalance
2025-03-25,NFLX,-52,97.8082189933777,1.0,rebalance
2025-03-25,AVGO,-306,188.6940073724571,1.53,rebalance
2025-03-25,META,214,623.8023931557873,1.07,rebalance
2025-03-25,CSCO,25,58.63510430921518,1.0,rebalance
2025-04-01,META,-214,568.0326569976229,1.07,rebalance
2025-04-01,CSCO,-108,59.14370029138874,1.0,rebalance
2025-04-01,NFLX,46,92.759275,1.0,rebalance
2025-04-08,CSCO,-2903,53.09777619560086,14.515,rebalance
2025-04-08,NFLX,-1851,91.23487889556885,9.255,rebalance
2025-04-15,COST,170,977.1037077886525,1.0,rebalance
2025-04-15,NFLX,1753,95.0095,8.765,rebalance
2025-04-22,NFLX,-78,100.51994577941895,1.0,rebalance
2025-04-22,COST,5,961.6341950818776,1.0,rebalance
2025-04-29,NFLX,-109,110.38095909118653,1.0,rebalance
2025-04-29,COST,3,969.815218111113,1.0,rebalance
2025-05-06,COST,-2,1001.1130760816478,1.0,rebalance
2025-05-06,NFLX,-14,112.93170649337769,1.0,rebalance
2025-05-06,MSFT,196,427.2279304027339,1.0,rebalance
2025-05-13,COST,-176,1006.3447194889812,1.0,rebalance
2025-05-13,NFLX,23,111.45714374542236,1.0,rebalance
2025-05-13,MSFT,164,442.62873357446097,1.0,rebalance
2025-05-20,NFLX,-64,118.66713295440674,1.0,rebalance
2025-05-20,MSFT,-116,451.08539625815683,1.0,rebalance
2025-05-20,AVGO,726,223.92925452918854,3.63,rebalance
2025-05-28,NFLX,-4,121.01489772720338,1.0,rebalance
2025-05-28,MSFT,-84,456.65974079329715,1.0,rebalance
2025-05-28,AVGO,-154,234.4218248831528,1.0,rebalance
2025-05-28,NVDA,710,135.70137195068736,3.5500000000000003,rebalance
2025-05-28,TSLA,282,364.8764803375244,1.41,rebalance
2025-06-03,MSFT,-159,456.9072502537152,1.0,rebalance
2025-06-03,TSLA,-282,346.56534610290527,1.41,rebalance
2025-06-03,AVGO,-172,247.20307912315545,1.0,rebalance
2025-06-03,NVDA,-710,138.41702367680523,3.5500000000000003,rebalance
2025-06-03,META,109,668.2814727384456,1.0,rebalance
2025-06-03,COST,169,1046.6898210216384,1.0,rebalance
2025-06-03,CSCO,2968,61.8983509684013,14.84,rebalance
2025-06-10,META,-9,697.9007167208784,1.0,rebalance
2025-06-10,NFLX,-9,122.73972370147705,1.0,rebalance
2025-06-10,COST,-26,999.6041298339173,1.0,rebalance
2025-06-10,MSFT,-1,466.53117432467616,1.0,rebalance
2025-06-10,CSCO,-96,64.02966984920106,1.0,rebalance
2025-06-10,AVGO,1,241.45879700528312,1.0,rebalance
2025-06-17,META,-2,699.085007868592,1.0,rebalance
2025-06-17,COST,-12,975.848218581133,1.0,rebalance
2025-06-17,AVGO,-30,248.06308241246364,1.0,rebalance
2025-06-17,NFLX,3,122.00720224685669,1.0,rebalance
2025-06-17,CSCO,4,63.683510556899506,1.0,rebalance
2025-06-24,NFLX,-11,126.04239480514526,1.0,rebalance
2025-06-24,CSCO,-20,65.7465767387101,1.0,rebalance
2025-06-24,AVGO,-84,256.39517626004977,1.0,rebalance
2025-06-24,META,7,702.1034304511564,1.0,rebalance
2025-07-01,META,-3,733.820124423108,1.0,rebalance
2025-07-01,NFLX,-46,133.80961574707032,1.0,rebalance
2025-07-01,COST,-11,982.7972793277615,1.0,rebalance
2025-07-01,CSCO,-22,67.29856383191996,1.0,rebalance
2025-07-01,AVGO,60,271.9361073103944,1.0,rebalance
2025-07-08,COST,-3,982.3008491700132,1.0,rebalance
2025-07-08,META,6,718.7174478401394,1.0,rebalance
2025-07-08,NFLX,36,129.10290533752442,1.0,rebalance
2025-07-08,CSCO,12,67.15072271470535,1.0,rebalance
2025-07-08,AVGO,8,273.86858472930066,1.0,rebalance
2025-07-15,COST,-35,972.1255357837671,1.0,rebalance
2025-07-15,NFLX,20,126.21261694793701,1.0,rebalance
2025-07-15,CSCO,20,66.05757382924787,1.0,rebalance
2025-07-15,AVGO,51,277.29756785565905,1.0,rebalance
2025-07-22,COST,-82,941.8971124631947,1.0,rebalance
2025-07-22,CSCO,-38,66.68839232041779,1.0,rebalance
2025-07-22,META,35,713.3587651283493,1.0,rebalance
2025-07-22,NFLX,31,123.05030581436156,1.0,rebalance
2025-07-22,NVDA,575,170.93792951390714,2.875,rebalance
2025-07-22,AVGO,84,285.0671664459291,1.0,rebalance
2025-07-29,NFLX,-12,117.88821152572632,1.0,rebalance
2025-07-29,CSCO,7,66.59438285895045,1.0,rebalance
2025-07-29,NVDA,38,177.54239841133696,1.0,rebalance
2025-08-05,META,-143,773.2258583592868,1.0,rebalance
2025-08-05,NFLX,-86,117.08828847427368,1.0,rebalance
2025-08-05,AVGO,-86,295.076883089625,1.0,rebalance
2025-08-05,CSCO,-43,67.02994627203303,1.0,rebalance
2025-08-05,NVDA,-81,179.16266912959432,1.0,rebalance
2025-08-05,MSFT,359,531.9750477225266,1.795,rebalance
2025-08-12,NFLX,-118,122.48775,1.0,rebalance
2025-08-12,MSFT,-3,518.5715164373782,1.0,rebalance
2025-08-12,CSCO,-178,69.0791918916138,1.0,rebalance
2025-08-12,AVGO,38,303.87673893127015,1.0,rebalance
2025-08-12,NVDA,113,182.53067287869032,1.0,rebalance
2025-08-19,MSFT,-51,509.90800379250226,1.0,rebalance
2025-08-19,NFLX,33,124.03239864273071,1.0,rebalance
2025-08-19,AVGO,40,299.70455757262556,1.0,rebalance
2025-08-19,CSCO,35,65.1596143699646,1.0,rebalance
2025-08-19,NVDA,42,182.00190828607197,1.0,rebalance
2025-08-26,CSCO,-188,65.54668209773783,1.0,rebalance
2025-08-26,NVDA,-18,179.60154723838974,1.0,rebalance
2025-08-26,NFLX,63,122.03320582351684,1.0,rebalance
2025-08-26,MSFT,7,500.29415364391764,1.0,rebalance
2025-08-26,AVGO,13,291.70701669568825,1.0,rebalance
2025-09-03,NFLX,-1411,120.50194853897095,7.055,rebalance
2025-09-03,CSCO,-1,66.40541578786132,1.0,rebalance
2025-09-03,MSFT,64,499.72877497243627,1.0,rebalance
2025-09-03,AVGO,14,299.5757232890397,1.0,rebalance
2025-09-03,NVDA,25,170.6585964146806,1.0,rebalance
2025-09-03,GOOG,541,225.71116755888548,2.705,rebalance
2025-09-09,MSFT,-62,497.2883535898989,1.0,rebalance
2025-09-09,AVGO,-96,346.3420568577824,1.0,rebalance
2025-09-09,CSCO,-148,65.12706908325299,1.0,rebalance
2025-09-09,GOOG,-541,233.55687530376258,2.705,rebalance
2025-09-09,NFLX,1435,124.67946651687622,7.175,rebalance
2025-09-09,NVDA,174,168.69320951523682,1.0,rebalance
2025-09-16,NFLX,-1435,120.55194659042358,7.175,rebalance
2025-09-16,AVGO,-413,362.07632881339964,2.065,rebalance
2025-09-16,NVDA,-17,176.5593066980917,1.0,rebalance
2025-09-16,MSFT,27,512.7132395667429,1.0,rebalance
2025-09-16,GOOGL,544,251.4512687831059,2.72,rebalance
2025-09-16,CSCO,496,65.41338634083583,2.48,rebalance
2025-09-16,GOOG,565,251.69816714879553,2.825,rebalance
2025-09-23,MSFT,-24,509.55615510858,1.0,rebalance
2025-09-23,NVDA,-36,181.51693435648485,1.0,rebalance
2025-09-23,GOOGL,32,252.40886580945468,1.0,rebalance
2025-09-23,CSCO,32,65.95996296879629,1.0,rebalance
2025-09-23,GOOG,34,253.0198461088861,1.0,rebalance
2025-09-30,CSCO,-2840,66.07362240845401,14.200000000000001,rebalance
2025-09-30,MSFT,49,509.10258606344115,1.0,rebalance
2025-09-30,GOOGL,82,242.2043831205515,1.0,rebalance
2025-09-30,AVGO,370,327.71630761999546,1.85,rebalance
2025-09-30,NVDA,35,181.66298348975627,1.0,rebalance
2025-09-30,GOOG,61,242.451376102436,1.0,rebalance
2025-10-07,NVDA,-35,185.76632764833843,1.0,rebalance
2025-10-07,GOOGL,-101,247.60124921806573,1.0,rebalance
2025-10-07,AVGO,-370,334.50911957276793,1.85,rebalance
2025-10-07,GOOG,-95,248.25701465028246,1.0,rebalance
2025-10-07,MSFT,8,524.0312642267127,1.0,rebalance
2025-10-07,CSCO,2590,67.67402419922705,12.950000000000001,rebalance
2025-10-14,CSCO,-90,65.8835692694267,1.0,rebalance
2025-10-14,NVDA,-95,184.30995994040848,1.0,rebalance
2025-10-14,MSFT,10,506.1168339482578,1.0,rebalance
2025-10-14,GOOGL,35,240.6283144479239,1.0,rebalance
2025-10-14,GOOG,39,241.149658398923,1.0,rebalance
2025-10-21,MSFT,-44,513.2256125327646,1.0,rebalance
2025-10-21,GOOGL,-84,254.0538221296877,1.0,rebalance
2025-10-21,CSCO,-631,69.29014782038895,3.1550000000000002,rebalance
2025-10-21,NVDA,-720,182.3348788022027,3.6,rebalance
2025-10-21,GOOG,-87,254.55995745498313,1.0,rebalance
2025-10-21,NFLX,1622,124.29542543106079,8.11,rebalance
2025-10-28,NFLX,-1622,109.38906152572632,8.11,rebalance
2025-10-28,MSFT,31,545.5662541633943,1.0,rebalance
2025-10-28,GOOGL,79,269.0173564365503,1.0,rebalance
2025-10-28,TSLA,257,454.8254767791748,1.285,rebalance
2025-10-28,CSCO,462,69.91279900404223,2.31,rebalance
2025-10-28,GOOG,80,269.52343966612005,1.0,rebalance
2025-11-04,MSFT,-371,507.5330497772031,1.855,rebalance
2025-11-04,TSLA,-257,454.4145454559326,1.285,rebalance
2025-11-04,NVDA,686,202.5350662303012,3.43,rebalance
2025-11-04,GOOGL,48,276.05971231152336,1.0,rebalance
2025-11-04,CSCO,459,72.56400097408049,2.295,rebalance
2025-11-04,AVGO,315,355.90954004824897,1.575,rebalance
2025-11-04,GOOG,53,276.37125890842606,1.0,rebalance
2025-11-11,NVDA,-686,194.6740842035457,3.43,rebalance
2025-11-11,GOOGL,-12,286.97488837152827,1.0,rebalance
2025-11-11,CSCO,-135,70.42894981477798,1.0,rebalance
2025-11-11,GOOG,-10,287.4208713658632,1.0,rebalance
2025-11-11,AAPL,532,269.1044803386223,2.66,rebalance
2025-11-11,AVGO,21,356.3563016020057,1.0,rebalance
2025-11-18,GOOGL,-52,287.144458005863,1.0,rebalance
2025-11-18,AAPL,-35,269.2301289524842,1.0,rebalance
2025-11-18,GOOG,-55,287.7050597734033,1.0,rebalance
2025-11-18,CSCO,47,76.14800370265715,1.0,rebalance
2025-11-18,AVGO,28,340.7011206983701,1.0,rebalance
2025-11-25,AVGO,-36,382.05084705038917,1.0,rebalance
2025-11-25,GOOGL,6,325.39635334828836,1.0,rebalance
2025-11-25,AAPL,57,274.55019456144936,1.0,rebalance
2025-11-25,CSCO,234,75.10716500019221,1.17,rebalance
2025-11-25,GOOG,7,325.9816729949615,1.0,rebalance
2025-12-02,AAPL,-8,282.2035503568186,1.0,rebalance
2025-12-02,CSCO,-202,74.7681767037059,1.01,rebalance
2025-12-02,AVGO,-1,385.4055778664827,1.0,rebalance
2025-12-02,GOOGL,33,315.9499864050393,1.0,rebalance
2025-12-02,GOOG,33,316.1064951926895,1.0,rebalance
2025-12-09,AAPL,-124,277.37719201986215,1.0,rebalance
2025-12-09,CSCO,-92,77.35011623158586,1.0,rebalance
2025-12-09,AVGO,-4,395.7674716313338,1.0,rebalance
2025-12-09,GOOGL,67,311.7947151819106,1.0,rebalance
2025-12-09,GOOG,71,312.5197615763472,1.0,rebalance
2025-12-16,GOOGL,-36,304.3275068380187,1.0,rebalance
2025-12-16,AVGO,-323,333.50665242466494,1.615,rebalance
2025-12-16,GOOG,-36,305.37185572688276,1.0,rebalance
2025-12-16,NVDA,486,175.86610126240836,2.43,rebalance
2025-12-16,AAPL,45,272.1066214369952,1.0,rebalance
2025-12-16,CSCO,109,76.69787607796239,1.0,rebalance
2025-12-23,GOOGL,-36,308.99794499325276,1.0,rebalance
2025-12-23,GOOG,-39,310.4963171674558,1.0,rebalance
2025-12-23,AAPL,51,270.131813967743,1.0,rebalance
2025-12-23,CSCO,42,76.20692109027372,1.0,rebalance
2025-12-23,NVDA,117,182.56111139539138,1.0,rebalance
2025-12-30,AAPL,-42,272.04222103730154,1.0,rebalance
2025-12-30,NVDA,-47,187.7817707939554,1.0,rebalance
2025-12-30,GOOGL,39,311.92446590228326,1.0,rebalance
2025-12-30,CSCO,18,76.40330783898061,1.0,rebalance
2025-12-30,GOOG,42,312.82922141446295,1.0,rebalance
2026-01-06,AAPL,-2,266.2486192703698,1.0,rebalance
2026-01-06,CSCO,-167,74.54647571423554,1.0,rebalance
2026-01-06,GOOGL,14,315.8172824580412,1.0,rebalance
2026-01-06,NVDA,28,190.09423598985987,1.0,rebalance
2026-01-06,GOOG,14,316.7219882052566,1.0,rebalance
2026-01-13,GOOGL,-9,334.2662798206414,1.0,rebalance
2026-01-13,CSCO,-76,73.02651700981313,1.0,rebalance
2026-01-13,NVDA,-48,184.54965728731395,1.0,rebalance
2026-01-13,GOOG,-26,334.59173872545875,1.0,rebalance
2026-01-13,AAPL,85,258.0435095578707,1.0,rebalance
2026-01-21,AAPL,-559,248.0000877114331,2.795,rebalance
2026-01-21,NVDA,-536,178.61414498196163,2.68,rebalance
2026-01-21,COST,91,955.4788745535623,1.0,rebalance
2026-01-21,GOOGL,9,320.32898381167723,1.0,rebalance
2026-01-21,CSCO,244,73.00164308643961,1.22,rebalance
2026-01-21,AMZN,155,231.11310533752442,1.0,rebalance
2026-01-21,GOOG,7,320.49994873549696,1.0,rebalance
2026-01-27,COST,-91,973.2865879765542,1.0,rebalance
2026-01-27,GOOGL,-4,334.6853950354927,1.0,rebalance
2026-01-27,CSCO,-433,76.18485382579098,2.165,rebalance
2026-01-27,AMZN,-155,239.6660334411621,1.0,rebalance
2026-01-27,GOOG,-5,334.94101065368517,1.0,rebalance
2026-01-27,AMD,424,252.1852196624756,2.12,rebalance
2026-01-27,NVDA,527,186.8215647489952,2.6350000000000002,rebalance
2026-02-03,GOOGL,-6,346.630970244875,1.0,rebalance
2026-02-03,AMD,-424,251.52484805145264,2.12,rebalance
2026-02-03,NVDA,-527,185.78663034370894,2.6350000000000002,rebalance
2026-02-03,GOOG,-7,347.79956282428924,1.0,rebalance
2026-02-03,META,43,705.624128176854,1.0,rebalance
2026-02-03,CSCO,404,79.77366156332215,2.02,rebalance
2026-02-03,PEP,636,151.9889865203219,3.18,rebalance
2026-02-10,META,-43,675.7924329115212,1.0,rebalance
2026-02-10,GOOGL,-11,320.31479599652135,1.0,rebalance
2026-02-10,CSCO,-684,85.8375090786031,3.42,rebalance
2026-02-10,GOOG,-9,320.25123856557747,1.0,rebalance
2026-02-10,AAPL,615,274.42775025059433,3.075,rebalance
2026-02-10,PEP,158,160.8695699488446,1.0,rebalance
2026-02-18,AAPL,-615,263.1041428012269,3.075,rebalance
2026-02-18,CSCO,-2099,75.55318891156257,10.495000000000001,rebalance
2026-02-18,GOOGL,50,301.5336563530619,1.0,rebalance
2026-02-18,TSLA,213,411.15109635009765,1.065,rebalance
2026-02-18,GOOG,50,301.8715386875379,1.0,rebalance
2026-02-18,PEP,165,157.02614907207084,1.0,rebalance
2026-02-24,GOOGL,-5,309.8861583743784,1.0,rebalance
2026-02-24,TSLA,-213,399.46005,1.065,rebalance
2026-02-24,GOOG,-6,310.0023498820876,1.0,rebalance
2026-02-24,PEP,-107,163.2438852530047,1.0,rebalance
2026-02-24,NVDA,681,191.0620741560264,3.4050000000000002,rebalance
2026-03-03,GOOGL,-682,297.9804671355447,3.41,rebalance
2026-03-03,GOOG,-681,297.807403316326,3.4050000000000002,rebalance
2026-03-03,META,72,646.6899472615283,1.0,rebalance
2026-03-03,COST,18,999.5981788315567,1.0,rebalance
2026-03-03,CSCO,2452,77.37482833211838,12.26,rebalance
2026-03-03,NVDA,466,178.09112083828825,2.33,rebalance
2026-03-03,PEP,412,161.6362987092427,2.06,rebalance
2026-03-10,META,-72,651.8166755554081,1.0,rebalance
2026-03-10,CSCO,-2452,76.1355096473335,12.26,rebalance
2026-03-10,NVDA,-1147,181.9559786259354,5.735,rebalance
2026-03-10,COST,44,997.5642186322705,1.0,rebalance
2026-03-10,PEP,29,157.3617036605265,1.0,rebalance
2026-03-17,PEP,-305,155.49943178701193,1.5250000000000001,rebalance
2026-03-17,COST,133,1003.5365921609031,1.0,rebalance
2026-03-17,NFLX,505,95.30953305206299,2.525,rebalance
2026-03-17,CSCO,2146,78.16457257073692,10.73,rebalance
2026-03-17,NVDA,1099,184.65643698901738,5.495,rebalance
2026-03-24,COST,-40,959.0451737165073,1.0,rebalance
2026-03-24,NFLX,-505,92.78072191543579,2.525,rebalance
2026-03-24,CSCO,-21,77.34949283057499,1.0,rebalance
2026-03-24,PEP,-269,147.29516730861144,1.345,rebalance
2026-03-24,AMD,655,201.4101383895874,3.275,rebalance
2026-03-24,NVDA,20,174.44873735921018,1.0,rebalance
2026-03-31,AMD,-655,198.03019805145263,3.275,rebalance
2026-03-31,CSCO,-2125,76.87574094008515,10.625,rebalance
2026-03-31,NVDA,-1119,166.5725515013568,5.595,rebalance
2026-03-31,COST,41,994.0744747319609,1.0,rebalance
2026-03-31,PEP,543,154.39464267351954,2.715,rebalance
2026-04-07,COST,-3,1017.0628068490649,1.0,rebalance
2026-04-07,NFLX,737,98.55985805206299,3.685,rebalance
2026-04-07,CSCO,2461,79.42183789387695,12.305,rebalance
2026-04-07,PEP,16,152.93558879514373,1.0,rebalance
2026-04-14,COST,-193,970.6287985954469,1.0,rebalance
2026-04-14,NFLX,-737,103.10969074630738,3.685,rebalance
2026-04-14,CSCO,-944,81.40053388634155,4.72,rebalance
2026-04-14,PEP,-1278,151.2700138113901,6.390000000000001,rebalance
2026-04-14,AAPL,749,258.8140404995625,3.745,rebalance
2026-04-14,AVGO,487,376.6546781409316,2.435,rebalance
2026-04-14,AMD,433,249.81497228546144,2.165,rebalance
2026-04-14,NVDA,892,190.42381688836142,4.46,rebalance
2026-04-21,AAPL,-295,270.98925198833183,1.475,rebalance
2026-04-21,AVGO,-192,398.01421197443665,1.0,rebalance
2026-04-21,AMD,-433,277.3022535736084,2.165,rebalance
2026-04-21,CSCO,-1517,87.24533465128548,7.585,rebalance
2026-04-21,NVDA,-315,201.64888105349286,1.575,rebalance
2026-04-21,GOOGL,614,337.30535729246134,3.0700000000000003,rebalance
2026-04-21,GOOG,618,335.1990903412253,3.09,rebalance
2026-04-28,GOOGL,-5,348.08338066042853,1.0,rebalance
2026-04-28,AAPL,-86,271.8276684164115,1.0,rebalance
2026-04-28,GOOG,-6,346.45176351636354,1.0,rebalance
2026-04-28,AVGO,12,398.99087169928674,1.0,rebalance
2026-04-28,NVDA,34,209.03315410932893,1.0,rebalance
2026-05-05,GOOGL,-29,385.71292973639004,1.0,rebalance
2026-05-05,GOOG,-25,381.3545395463853,1.0,rebalance
2026-05-05,AAPL,139,276.46432558523173,1.0,rebalance
2026-05-05,AVGO,32,420.27051097676997,1.0,rebalance
2026-05-05,NVDA,49,198.86536657298964,1.0,rebalance
2026-05-12,GOOGL,-4,386.821433811017,1.0,rebalance
2026-05-12,AVGO,-6,421.9502799352529,1.0,rebalance
2026-05-12,AAPL,102,292.337130221509,1.0,rebalance
2026-05-12,NVDA,7,218.07339950905939,1.0,rebalance
2026-05-12,GOOG,9,384.55724067882886,1.0,rebalance
2026-05-19,GOOGL,-9,396.42853690944935,1.0,rebalance
2026-05-19,AVGO,-49,408.3878393162977,1.0,rebalance
2026-05-19,NVDA,-667,219.09722817018195,3.335,rebalance
2026-05-19,GOOG,-8,392.76912885957904,1.0,rebalance
2026-05-19,AAPL,112,296.7437666821552,1.0,rebalance
2026-05-19,CSCO,1218,116.16511088262322,6.09,rebalance
2026-05-27,GOOGL,-33,386.15235034248536,1.0,rebalance
2026-05-27,CSCO,-95,117.03497593414767,1.0,rebalance
2026-05-27,AVGO,-18,423.58452610755785,1.0,rebalance
2026-05-27,GOOG,-34,382.24837938576496,1.0,rebalance
2026-05-27,AAPL,32,308.09511166636725,1.0,rebalance
2026-06-02,GOOGL,-3,366.099207064297,1.0,rebalance
2026-06-02,AVGO,-28,487.0818965213871,1.0,rebalance
2026-06-02,GOOG,-4,362.6698033051978,1.0,rebalance
2026-06-02,AAPL,2,307.2257740565966,1.0,rebalance
2026-06-09,AAPL,-1,299.9912461169636,1.0,rebalance
2026-06-09,CSCO,-25,122.31415219141674,1.0,rebalance
2026-06-09,AVGO,-238,400.20651870875986,1.19,rebalance
2026-06-09,NVDA,439,210.4056210094582,2.195,rebalance
2026-06-09,GOOGL,12,366.8908856767664,1.0,rebalance
2026-06-09,GOOG,10,364.6847446228893,1.0,rebalance
2026-06-16,CSCO,-15,119.36694696417213,1.0,rebalance
2026-06-16,NVDA,-439,210.92285769762879,2.195,rebalance
2026-06-16,GOOGL,5,369.3995407357962,1.0,rebalance
2026-06-16,AAPL,9,295.02509455540803,1.0,rebalance
2026-06-16,AMD,175,546.9447036499023,1.0,rebalance
2026-06-16,GOOG,4,367.26332405681757,1.0,rebalance
2026-06-23,GOOGL,-24,340.4370988655081,1.0,rebalance
2026-06-23,AAPL,-37,297.253887152722,1.0,rebalance
2026-06-23,GOOG,-24,339.8503509777434,1.0,rebalance
2026-06-23,CSCO,26,117.65390114239177,1.0,rebalance
2026-06-30,AAPL,-2,280.8996489743602,1.0,rebalance
2026-06-30,GOOGL,89,353.6780543553027,1.0,rebalance
2026-06-30,AMD,5,545.6245643249512,1.0,rebalance
2026-06-30,CSCO,4,115.90705990731537,1.0,rebalance
2026-06-30,GOOG,78,350.76735433979934,1.0,rebalance
2026-07-07,GOOGL,-1,368.7960347293515,1.0,rebalance
2026-07-07,AAPL,-69,314.9868167759189,1.0,rebalance
2026-07-07,CSCO,-9,112.34320209181595,1.0,rebalance
2026-07-07,GOOG,-2,366.96003954988896,1.0,rebalance
2026-07-07,AMD,2,515.9615641418457,1.0,rebalance
2026-07-14,AMD,-33,567.1632487060547,1.0,rebalance
2026-07-14,CSCO,-37,119.27562767151478,1.0,rebalance
2026-07-14,GOOGL,26,351.00952095305263,1.0,rebalance
2026-07-14,AAPL,45,313.5210052632442,1.0,rebalance
2026-07-14,GOOG,26,348.6485241195859,1.0,rebalance
2026-07-21,GOOGL,-3,351.05922733731785,1.0,rebalance
2026-07-21,AAPL,-10,322.819282427864,1.0,rebalance
2026-07-21,CSCO,-46,112.25355775187299,1.0,rebalance
2026-07-21,GOOG,-16,350.2975196590424,1.0,rebalance
2026-07-21,AMD,3,526.0526,1.0,rebalance
2026-07-28,AAPL,-52,339.70300785485483,1.0,rebalance
2026-07-28,GOOG,-626,327.55455350298655,3.13,rebalance
2026-07-28,GOOGL,-635,327.65660148788106,3.1750000000000003,rebalance
2026-07-28,AMD,180,467.0467,1.0,rebalance
2026-07-28,CSCO,882,113.7006308177192,4.41,rebalance
2026-08-04,AMD,-83,503.94960000000003,1.0,rebalance
2026-08-04,CSCO,-86,118.91705819149789,1.0,rebalance
2026-08-04,AAPL,76,302.49938682697655,1.0,rebalance
2026-08-04,NVDA,453,211.08493208367395,2.265,rebalance
2026-08-04,AMZN,365,276.0876035583496,1.825,rebalance
2026-08-11,AAPL,-4,307.719225,1.0,rebalance
2026-08-11,CSCO,-35,122.51275791865962,1.0,rebalance
2026-08-11,AMD,67,474.797475,1.0,rebalance
2026-08-11,NVDA,37,221.94386758182088,1.0,rebalance
2026-08-11,AMZN,7,278.7178714416504,1.0,rebalance
2026-08-18,AAPL,-19,307.5492285736084,1.0,rebalance
2026-08-18,CSCO,-1782,111.3073201300849,8.91,rebalance
2026-08-18,NVDA,-490,220.18157755558045,2.45,rebalance
2026-08-18,AMZN,-372,260.60394188232425,1.86,rebalance
2026-08-18,AMD,119,487.6087535583496,1.0,rebalance
2026-08-25,AAPL,-10,310.75892954406737,1.0,rebalance
2026-08-25,AMD,-435,474.15259220581055,2.1750000000000003,rebalance
2026-08-25,MSFT,55,485.4885464416504,1.0,rebalance
2026-09-01,AAPL,-10,316.9483129852295,1.0,rebalance
2026-09-01,MSFT,63,497.5697410125732,1.0,rebalance
2026-09-01,PEP,447,139.71160463469425,2.235,rebalance
2026-09-09,MSFT,-61,493.0207003234863,1.0,rebalance
2026-09-09,PEP,-447,137.99619350738524,2.235,rebalance
2026-09-09,AAPL,1,315.5215392333984,1.0,rebalance
2026-09-09,AMD,417,507.55075,2.085,rebalance
2026-09-09,NVDA,920,225.05070207243764,4.6000000000000005,rebalance
2026-09-09,AMZN,300,253.14530711669923,1.5,rebalance
2026-09-15,AAPL,-32,330.10700064697266,1.0,rebalance
2026-09-15,AMD,-417,501.64984220581056,2.085,rebalance
2026-09-15,NVDA,-39,213.35866688232423,1.0,rebalance
2026-09-15,MSFT,35,500.1100035583496,1.0,rebalance
2026-09-15,AMZN,102,252.26522949371338,1.0,rebalance
2026-09-22,MSFT,-92,507.26927532348634,1.0,rebalance
2026-09-22,AAPL,-4,340.10600064697263,1.0,rebalance
2026-09-22,NVDA,-382,226.82732110290527,1.9100000000000001,rebalance
2026-09-22,AMZN,-402,255.08448961029052,2.0100000000000002,rebalance
2026-09-22,GOOGL,505,357.685758895874,2.525,rebalance
2026-09-22,AMD,290,606.6306643249511,1.45,rebalance
2026-09-22,GOOG,506,353.27531423339843,2.5300000000000002,rebalance
2026-09-29,GOOGL,-505,341.9158172058105,2.525,rebalance
2026-09-29,AAPL,-3,336.93630422058106,1.0,rebalance
2026-09-29,GOOG,-506,338.5061545440674,2.5300000000000002,rebalance
2026-09-29,MSFT,63,508.3608285583496,1.0,rebalance
2026-09-29,AMD,55,616.8016642333985,1.0,rebalance
2026-09-29,NVDA,244,230.9930982208252,1.22,rebalance
2026-09-29,AMZN,339,246.73467771453858,1.695,rebalance
