date,equity
2012-01-03,99796.49175650981
2012-01-04,99953.05082890847
2012-01-05,100219.18892328673
2012-01-06,99960.86414219778
2012-01-09,100203.5160640851
2012-01-10,101072.35804294402
2012-01-11,101127.11287946656
2012-01-12,101369.77250679104
2012-01-13,100845.34045307251
2012-01-17,101236.70731232049
2012-01-18,102355.9991154817
2012-01-19,102896.06550121601
2012-01-20,103279.61904717468
2012-01-23,103013.48095279642
2012-01-24,102896.06550121601
2012-01-25,103757.03252328828
2012-01-26,103224.83338890347
2012-01-27,103177.86104392157
2012-01-30,102825.59927830599
2012-01-31,102786.48647923642
2012-02-01,103686.60482756411
2012-02-02,103850.99262412642
2012-02-03,105306.80398476704
2012-02-06,105236.42252166588
2012-02-07,105502.49897254677
2012-02-08,105815.5940010326
2012-02-09,105948.67460637748
2012-02-10,105165.9485933187
2012-02-13,105948.67460637748
2012-02-14,105815.5940010326
2012-02-15,105322.49225484302
2012-02-16,106488.74869754896
2012-02-17,106770.53653481734
2012-02-21,106817.46264717623
2012-02-22,106473.07583834731
2012-02-23,106942.7299392318
2012-02-24,107177.52231520678
2012-02-27,107357.53673834771
2012-02-28,107670.67799945653
2012-02-29,107247.96542180529
2012-03-01,107803.7123721784
2012-03-02,107474.94448449094
2012-03-05,107036.63610200975
2012-03-06,105471.16095958068
2012-03-07,106206.98397659208
2012-03-08,107263.63057556975
2012-03-09,107678.46049099717
2012-03-12,107686.28921516082
2012-03-13,109627.45065219907
2012-03-14,109510.01208430715
2012-03-15,110144.00774913092
2012-03-16,110296.55999420173
2012-03-19,110728.93519006284
2012-03-20,110406.60134241145
2012-03-21,110225.78555380495
2012-03-22,109431.74025354498
2012-03-23,109785.51228484567
2012-03-26,111326.41478814297
2012-03-27,110980.49459731745
2012-03-28,110430.17998014843
2012-03-29,110241.5046456296
2012-03-30,110697.52782816222
2012-04-02,111507.21516587514
2012-04-03,111051.23051052837
2012-04-04,109950.63209793903
2012-04-05,109895.63839286426
2012-04-09,108661.36605626802
2012-04-10,106837.46596206681
2012-04-11,107702.25488097488
2012-04-12,109109.47575482812
2012-04-13,107812.34246180762
2012-04-16,107741.56802141084
2012-04-17,109337.43340803424
2012-04-18,108967.9422849089
2012-04-19,108268.29629540571
2012-04-20,108449.0889677007
2012-04-23,107537.11195157001
2012-04-24,107945.96244775433
2012-04-25,109423.9192348185
2012-04-26,110186.49552968048
2012-04-27,110367.29590741266
2012-04-30,109958.49164385136
2012-05-01,110642.45706871575
2012-05-02,110312.21744252903
2012-05-03,109471.10733204114
2012-05-04,107702.25488097488
2012-05-07,107780.85804553531
2012-05-08,107348.51367142287
2012-05-09,106711.72093290677
2012-05-10,106931.84986194925
2012-05-11,106609.52371973502
2012-05-14,105430.27590996225
2012-05-15,104824.95217684412
2012-05-16,104424.00745919514
2012-05-17,102875.30705348287
2012-05-18,101994.82215906166
2012-05-21,103747.94781286608
2012-05-22,103928.77130690977
2012-05-23,103983.79583373321
2012-05-24,104188.18255463953
2012-05-25,103850.152731475
2012-05-29,105107.96517862237
2012-05-30,103582.8357052099
2012-05-31,103354.8703465666
2012-06-01,100752.70568742743
2012-06-04,100705.57152826499
2012-06-05,101468.09388506679
2012-06-06,103747.94781286608
2012-06-07,103810.83188560186
2012-06-08,104636.30766407396
2012-06-11,103307.69766021831
2012-06-12,104494.78960502909
2012-06-13,103826.52786111501
2012-06-14,104927.1879172017
2012-06-15,106000.2779190979
2012-06-18,106205.72028489638
2012-06-19,107233.0245791347
2012-06-20,107059.18221116609
2012-06-21,104656.8965921894
2012-06-22,105462.9392581214
2012-06-25,103771.85007896417
2012-06-26,104293.41571005584
2012-06-27,105233.74102953108
2012-06-28,104933.44473218289
2012-06-29,107549.10161180489
2012-07-02,107873.09212844759
2012-07-03,108584.31168457856
2012-07-05,108094.3306404424
2012-07-06,107067.08028426426
2012-07-09,106932.75139809801
2012-07-10,106000.2779190979
2012-07-11,106016.09718160576
2012-07-12,105502.42962361226
2012-07-13,107272.53806093705
2012-07-16,107019.66872936372
2012-07-17,107754.55168304052
2012-07-18,108552.6885704372
2012-07-19,108837.18872158905
2012-07-20,107841.46130886907
2012-07-23,106750.99554615689
2012-07-24,105834.31821335314
2012-07-25,105858.05095983349
2012-07-26,107604.41894524076
2012-07-27,109587.86011602501
2012-07-30,109587.86011602501
2012-07-31,108821.38486995554
2012-08-01,108726.5309384058
2012-08-02,107975.79790047249
2012-08-03,110117.3392310892
2012-08-06,110330.71819717166
2012-08-07,110883.79136084716
2012-08-08,111018.16647963642
2012-08-09,111113.0358220605
2012-08-10,111294.76085225293
2012-08-13,111239.42810794273
2012-08-14,111255.2396650134
2012-08-15,111381.67818351866
2012-08-16,112203.51699564702
2012-08-17,112353.65743888394
2012-08-20,112361.55551198211
2012-08-21,112021.7611437059
2012-08-22,112069.1804040436
2012-08-23,111152.50307123984
2012-08-24,111824.1937346941
2012-08-27,111847.93418661163
2012-08-28,111737.27640342839
2012-08-29,111824.1937346941
2012-08-30,111018.16647963642
2012-08-31,111547.63018382626
2012-09-04,111444.91670636421
2012-09-05,111350.02424762862
2012-09-06,113610.12913996392
2012-09-07,114052.61386939068
2012-09-10,113404.64054154244
2012-09-11,113720.71757421264
2012-09-12,114100.04854060271
2012-09-13,115838.51845291181
2012-09-14,116352.19371634249
2012-09-17,115957.02807657022
2012-09-18,115862.26661026651
2012-09-19,115925.47431136337
2012-09-20,115933.34926815005
2012-09-21,115884.86665748303
2012-09-24,115710.14586967716
2012-09-25,114478.71683939626
2012-09-26,113835.25119229186
2012-09-27,114907.71705377738
2012-09-28,114375.48709764388
2012-10-01,114677.37071504889
2012-10-02,114796.51988999231
2012-10-03,115265.25704385368
2012-10-04,116091.4494279825
2012-10-05,116099.41685001519
2012-10-08,115702.20926939315
2012-10-09,114558.22924554264
2012-10-10,113827.276064822
2012-10-11,113890.89215408883
2012-10-12,113517.46355257016
2012-10-15,114462.83593339108
2012-10-16,115622.71997955829
2012-10-17,116147.05956803079
2012-10-18,115845.19136150012
2012-10-19,113914.71736581522
2012-10-22,113930.5520391974
2012-10-23,112349.62749524458
2012-10-24,112031.87067727155
2012-10-25,112357.57180096577
2012-10-26,112294.03276607064
2012-10-31,112294.03276607064
2012-11-01,113469.79771824305
2012-11-02,112460.84006990399
2012-11-05,112691.27887387852
2012-11-06,113573.10451436712
2012-11-07,110999.0878172061
2012-11-08,109664.44445604717
2012-11-09,109759.77612470138
2012-11-12,109847.14807676007
2012-11-13,109465.83681301758
2012-11-14,107988.2036543145
2012-11-15,107805.46150641576
2012-11-16,108337.72998973509
2012-11-19,110530.41230684209
2012-11-20,110578.07043573204
2012-11-21,110784.5761518598
2012-11-23,112294.03276607064
2012-11-26,112055.70359443511
2012-11-27,111483.69046619834
2012-11-28,112381.44324531517
2012-11-29,112905.75971747615
2012-11-30,112929.5926346397
2012-12-03,112373.45270697097
2012-12-04,112214.58200342162
2012-12-05,112413.21276276273
2012-12-06,112794.50091019373
2012-12-07,113136.12146707898
2012-12-10,113183.80271228042
2012-12-11,113954.36954548661
2012-12-12,114010.01050728357
2012-12-13,113310.93472013088
2012-12-14,112889.87881147095
2012-12-17,114216.60098322021
2012-12-18,115487.65137142382
2012-12-19,114629.6740589731
2012-12-20,115289.05913926856
2012-12-21,114242.59912822823
2012-12-24,113890.52229310472
2012-12-26,113410.46585204217
2012-12-27,113258.45298757318
2012-12-28,112034.36723891429
2012-12-31,113938.53487210443
2013-01-02,116858.80309388923
2013-01-03,116594.7917001696
2013-01-04,117106.83341092046
2013-01-07,116786.77266723392
2013-01-08,116450.777079482
2013-01-09,116746.84309182443
2013-01-10,117674.9090607639
2013-01-11,117666.84917348517
2013-01-14,117586.88985198301
2013-01-15,117666.84917348517
2013-01-16,117650.91432941979
2013-01-17,118410.94783001603
2013-01-18,118675.020867233
2013-01-22,119315.07300567157
2013-01-23,119507.03085642436
2013-01-24,119539.08547504719
2013-01-25,120211.12288317404
2013-01-28,120067.08514617493
2013-01-29,120539.18187064196
2013-01-30,120067.08514617493
2013-01-31,119771.05766101833
2013-02-01,121003.19559151876
2013-02-04,119643.04723333061
2013-02-05,120851.19043248695
2013-02-06,120939.17881951915
2013-02-07,120779.1445949573
2013-02-08,121451.28217376735
2013-02-11,121427.18727174005
2013-02-12,121627.2974750176
2013-02-13,121731.25152786387
2013-02-14,121843.26546798885
2013-02-15,121699.25084730123
2013-02-19,122611.3588558638
2013-02-20,121083.20114564394
2013-02-21,120347.1392600803
2013-02-22,121523.29718954834
2013-02-25,119211.04960389079
2013-02-26,120027.13245445394
2013-02-27,121539.24744448805
2013-02-28,121299.19996036385
2013-03-01,121699.25084730123
2013-03-04,122347.32434583268
2013-03-05,123443.43819398968
2013-03-06,123611.41672427273
2013-03-07,123835.48313170853
2013-03-08,124363.4750973991
2013-03-11,124835.5564109918
2013-03-12,124555.47918077493
2013-03-13,124731.54071464819
2013-03-14,125395.61840617952
2013-03-15,125230.0208559817
2013-03-18,124538.92790173602
2013-03-19,124249.61185235358
2013-03-20,125117.55229506374
2013-03-21,124048.72339992196
2013-03-22,125045.21365092168
2013-03-25,124522.8543598016
2013-03-26,125519.3446108013
2013-03-27,125519.3446108013
2013-03-28,125905.09420635313
2013-04-01,125406.86063900903
2013-04-02,126025.63035998696
2013-04-03,124747.92247406936
2013-04-04,125254.17740150634
2013-04-05,124691.60343380153
2013-04-08,125535.43356361007
2013-04-09,125969.3883740908
2013-04-10,127512.4021671724
2013-04-11,127930.25261397005
2013-04-12,127616.84936799748
2013-04-15,124659.47176080702
2013-04-16,126499.78443617809
2013-04-17,124651.3887572168
2013-04-18,123871.89902776897
2013-04-19,124948.82633737531
2013-04-22,125503.27106886689
2013-04-23,126797.16037283927
2013-04-24,126877.48184988835
2013-04-25,127391.89683528725
2013-04-26,127166.82101558232
2013-04-29,128018.68021092088
2013-04-30,128324.04668592625
2013-05-01,127198.92186682814
2013-05-02,128380.25014463655
2013-05-03,129682.1839250133
2013-05-06,130011.65300748312
2013-05-07,130670.6374050458
2013-05-08,131265.3430457451
2013-05-09,130895.65158125338
2013-05-10,131321.57732620407
2013-05-13,131426.03223246633
2013-05-14,132784.17717699055
2013-05-15,133499.45749850952
2013-05-16,132872.6047739414
2013-05-17,134158.34943082617
2013-05-20,134150.38200879347
2013-05-21,134343.29533375523
2013-05-22,133346.735733821
2013-05-23,132960.95531652053
2013-05-24,132848.50216647692
2013-05-28,133644.07314329632
2013-05-29,132776.11728971184
2013-05-30,133266.33720240023
2013-05-31,131353.72441007293
2013-06-03,132077.0492079963
2013-06-04,131442.15200702375
2013-06-05,129601.80080446685
2013-06-06,130775.09231130804
2013-06-07,132438.68078520932
2013-06-10,132438.68078520932
2013-06-11,131072.4913642807
2013-06-12,129987.50416739564
2013-06-13,131964.50359270666
2013-06-14,131136.7547102697
2013-06-17,132149.34161951535
2013-06-18,133194.0602017555
2013-06-19,131353.72441007293
2013-06-20,128099.00939340716
2013-06-21,128510.20234249083
2013-06-24,126886.35851350699
2013-06-25,128106.30644240614
2013-06-26,129374.67533847498
2013-06-27,130134.10781497203
2013-06-28,129600.9223846296
2013-07-01,130360.26239588062
2013-07-02,130239.10210183609
2013-07-03,130295.67542153051
2013-07-05,131701.39373513582
2013-07-08,132452.73550260547
2013-07-09,133406.05218914757
2013-07-10,133454.51938894024
2013-07-11,135272.2320170948
2013-07-12,135328.8053367892
2013-07-15,135845.85558169987
2013-07-16,135336.8960458166
2013-07-17,135684.19550989536
2013-07-18,136427.49280096064
2013-07-19,136669.84421079836
2013-07-22,136936.49856946693
2013-07-23,136645.64913808787
2013-07-24,136144.76490035764
2013-07-25,136476.00623337633
2013-07-26,136621.40783275437
2013-07-29,136201.3228091777
2013-07-30,136201.3228091777
2013-07-31,136298.25720876307
2013-08-01,137873.66465970292
2013-08-02,138107.90994963888
2013-08-05,137905.99667406382
2013-08-06,137122.23042698723
2013-08-07,136677.95033070009
2013-08-08,137178.80374668163
2013-08-09,136782.94461756415
2013-08-12,136621.40783275437
2013-08-13,137025.37308177355
2013-08-14,136322.49851409657
2013-08-15,134415.88055188672
2013-08-16,133971.46175773055
2013-08-19,133115.18734689415
2013-08-20,133769.59471477848
2013-08-21,132945.51362043395
2013-08-22,134157.4247783659
2013-08-23,134609.71852930874
2013-08-26,134108.84970245286
2013-08-27,131951.8666757496
2013-08-28,132420.40348824457
2013-08-29,132630.3920619727
2013-08-30,132210.3532710191
2013-09-03,132808.21814095767
2013-09-04,133906.87478338042
2013-09-05,134076.5330989663
2013-09-06,134141.13548419075
2013-09-09,135425.70891462587
2013-09-10,136427.49280096064
2013-09-11,136855.71476618768
2013-09-12,136492.18765143113
2013-09-13,136799.1876791163
2013-09-16,137590.81347210522
2013-09-17,138204.8597600986
2013-09-18,139804.46228374893
2013-09-19,139570.18617206425
2013-09-20,138594.36960898884
2013-09-23,137952.9690190457
2013-09-24,137628.32354024364
2013-09-25,137230.49181921093
2013-09-26,137758.20638916342
2013-09-27,137124.9427408707
2013-09-30,136394.35942113417
2013-10-01,137474.0144554983
2013-10-02,137344.1161957042
2013-10-03,136077.74300786215
2013-10-04,137108.79214456456
2013-10-07,135923.4647448655
2013-10-08,134340.45973287706
2013-10-09,134437.84104781822
2013-10-10,137335.99466492815
2013-10-11,138220.94871290735
2013-10-14,138772.9662316907
2013-10-15,137766.32791993947
2013-10-16,139690.3755810255
2013-10-17,140623.90470491775
2013-10-18,141573.73853385946
2013-10-21,141581.90629725854
2013-10-22,142401.78022290883
2013-10-23,141719.9106769544
2013-10-24,142190.75912060004
2013-10-25,142840.2658304449
2013-10-28,143067.5145834315
2013-10-29,143830.64566976964
2013-10-30,143116.2437680879
2013-10-31,142710.35215977646
2013-11-01,143051.2869327537
2013-11-04,143554.63691037797
2013-11-05,143100.00070653576
2013-11-06,143830.64566976964
2013-11-07,142012.1162652752
2013-11-08,143928.07321733382
2013-11-11,143952.4223987877
2013-11-12,143660.12434522086
2013-11-13,144812.93480006699
2013-11-14,145535.42741077612
2013-11-15,146168.67564819448
2013-11-18,145657.21955066847
2013-11-19,145340.58772652212
2013-11-20,144885.9823444286
2013-11-21,146055.03586082687
2013-11-22,146785.69623493508
2013-11-25,146639.57032446316
2013-11-26,146680.0855130975
2013-11-27,147037.34040199855
2013-11-29,146939.9282653087
2013-12-02,146558.38583845115
2013-12-03,145925.13760103277
2013-12-04,145908.95618297797
2013-12-05,145267.55559303483
2013-12-06,146891.21449152663
2013-12-09,147264.60456585945
2013-12-10,146736.982461153
2013-12-11,145088.98979208167
2013-12-12,144609.94276328824
2013-12-13,144593.79216698214
2013-12-16,145494.85057864443
2013-12-17,145032.16989839784
2013-12-18,147508.1426130212
2013-12-19,147337.72916459275
2013-12-20,148194.74329739736
2013-12-23,148986.47696650663
2013-12-24,149312.97175022925
2013-12-26,150072.14224186257
2013-12-27,150063.8974240918
2013-12-30,150039.42495564322
2013-12-31,150749.55804513337
2014-01-02,149304.83480857883
2014-01-03,149280.28528575858
2014-01-06,148847.74827571693
2014-01-07,149761.8596979434
2014-01-08,149794.5461624141
2014-01-09,149892.5130905801
2014-01-10,150300.56222129884
2014-01-13,148300.87798896243
2014-01-14,149917.03179165168
2014-01-15,150725.08557668477
2014-01-16,150529.1517203528
2014-01-17,149892.5130905801
2014-01-21,150333.27950751816
2014-01-22,150431.23102480982
2014-01-23,149198.7463496368
2014-01-24,146015.3990920298
2014-01-27,145297.12906088925
2014-01-28,146162.34177884163
2014-01-29,144758.44194840817
2014-01-30,146292.9181171066
2014-01-31,145435.903984302
2014-02-03,142162.83461629978
2014-02-04,143158.59285076844
2014-02-05,142978.9791103603
2014-02-06,144864.5612290989
2014-02-07,146660.22089607595
2014-02-10,146929.57215775366
2014-02-11,148537.57360791814
2014-02-12,148611.03724588687
2014-02-13,149378.2984465476
2014-02-14,150202.67234750453
2014-02-18,150382.28608791268
2014-02-19,149386.45079907234
2014-02-20,150268.0144546972
2014-02-21,150096.5530668138
2014-02-24,150929.06390942115
2014-02-25,150871.9820308736
2014-02-26,150880.14979427267
2014-02-27,151671.85264163328
2014-02-28,152055.53718002382
2014-03-03,150986.2690749634
2014-03-04,153108.45434741172
2014-03-05,153247.2138599501
2014-03-06,153598.19652299563
2014-03-07,153663.55404106263
2014-03-10,153581.89181794613
2014-03-11,152822.7521480615
2014-03-12,152863.6217868056
2014-03-13,151149.50105595036
2014-03-14,150725.08557668477
2014-03-17,152088.14659012278
2014-03-18,153173.78104373004
2014-03-19,152357.5440844235
2014-03-20,153247.2138599501
2014-03-21,152652.84725848623
2014-03-24,152021.5716129831
2014-03-25,152742.97005161422
2014-03-26,151644.39046356315
2014-03-27,151324.70728629787
2014-03-28,152070.85558911567
2014-03-31,153316.87101195738
2014-04-01,154333.49557027954
2014-04-02,154850.00643458837
2014-04-03,154645.05721676874
2014-04-04,152816.8189614414
2014-04-07,151127.97206450033
2014-04-08,151751.0491248557
2014-04-09,153382.49051488814
2014-04-10,150160.55442793906
2014-04-11,148807.86493293045
2014-04-14,149980.17014381403
2014-04-15,151013.1918724317
2014-04-16,152595.4571624519
2014-04-17,152808.6049654193
2014-04-21,153341.482178275
2014-04-22,154038.37732670887
2014-04-23,153677.59334758445
2014-04-24,153989.18581582233
2014-04-25,152726.6191139417
2014-04-28,153210.3664594082
2014-04-29,153923.5817237659
2014-04-30,154382.6408485431
2014-05-01,154399.06884058728
2014-05-02,154177.7532742208
2014-05-05,154472.90233954013
2014-05-06,153128.28814268459
2014-05-07,154030.10168718942
2014-05-08,153866.1916277316
2014-05-09,154095.70577924585
2014-05-12,155596.06227216014
2014-05-13,155735.34575442603
2014-05-14,154997.53473462505
2014-05-15,153636.61583272
2014-05-16,154169.50845645
2014-05-19,154735.2108316454
2014-05-20,153759.57919906205
2014-05-21,155055.00188503106
2014-05-22,155432.0751583306
2014-05-23,156055.152218686
2014-05-27,157014.34044835082
2014-05-28,156899.59107803088
2014-05-29,157711.25100765907
2014-05-30,157965.3300928679
2014-06-02,158145.74519874164
2014-06-03,158063.6977037667
2014-06-04,158383.45793540363
2014-06-05,159416.464253147
2014-06-06,160178.90185013993
2014-06-09,160342.81190959777
2014-06-10,160359.31695601364
2014-06-11,159801.73611159433
2014-06-12,158670.37759382653
2014-06-13,159154.1095284187
2014-06-16,159285.28689078282
2014-06-17,159728.05672138484
2014-06-18,160900.39275401708
2014-06-19,161080.6845728961
2014-06-20,161407.7341480949
2014-06-23,161358.31147409327
2014-06-24,160386.3013969793
2014-06-25,161111.1364605878
2014-06-26,160995.86312054034
2014-06-27,161308.88880009163
2014-06-30,161226.53308762994
2014-07-01,162305.60250876925
2014-07-02,162470.39098806435
2014-07-03,163269.41400073544
2014-07-07,162701.0917769026
2014-07-08,161654.83210722866
2014-07-09,162379.79045783187
2014-07-10,161737.21864143905
2014-07-11,161959.6129690092
2014-07-14,162775.20267159352
2014-07-15,162470.39098806435
2014-07-16,163071.76953735197
2014-07-17,161218.2574481105
2014-07-18,162865.8340235747
2014-07-21,162561.02234004549
2014-07-22,163269.41400073544
2014-07-23,163631.90858691136
2014-07-24,163640.12258293346
2014-07-25,162874.0942522198
2014-07-28,162939.92950739127
2014-07-29,162239.7056101004
2014-07-30,162264.42465253838
2014-07-31,159059.99531883717
2014-08-01,158573.9671639687
2014-08-04,159719.02594902285
2014-08-05,158170.37177593357
2014-08-06,158219.7944499352
2014-08-07,157363.0577128687
2014-08-08,159183.62135277575
2014-08-11,159644.85341083456
2014-08-12,159422.47449413876
2014-08-13,160501.5901479011
2014-08-14,161259.45071521567
2014-08-15,161226.53308762994
2014-08-18,162577.46574296404
2014-08-19,163425.9268405111
2014-08-20,163862.45526700627
2014-08-21,164340.31565847568
2014-08-22,164084.98829244546
2014-08-25,164916.9751653253
2014-08-26,165024.03450935066
2014-08-27,164958.1221998075
2014-08-28,164867.58331307236
2014-08-29,165337.09101065062
2014-09-02,165254.71988731457
2014-09-03,165164.08853533343
2014-09-04,164925.26621571908
2014-09-05,165666.60632574346
2014-09-08,165238.2456626474
2014-09-09,164192.0938690938
2014-09-10,164809.91582129995
2014-09-11,164999.330877787
2014-09-12,164035.5502075695
2014-09-15,163911.95499537958
2014-09-16,165147.66054328924
2014-09-17,165370.03945998504
2014-09-18,166251.44900686652
2014-09-19,166101.63989742787
2014-09-22,164818.85412841593
2014-09-23,163875.36957970142
2014-09-24,165158.17075958767
2014-09-25,162493.2299038331
2014-09-26,163784.33754498747
2014-09-29,163486.42993316165
2014-09-30,163056.081267276
2014-10-01,160846.36222858843
2014-10-02,160871.1891471468
2014-10-03,162642.25305868054
2014-10-06,162451.86711711017
2014-10-07,159944.25587747115
2014-10-08,162741.5607329139
2014-10-09,159513.86097896248
2014-10-10,157693.1278194377
2014-10-13,155102.6831302325
2014-10-14,155342.78455241688
2014-10-15,154291.6242247035
2014-10-16,154159.24481414098
2014-10-17,155979.99338454008
2014-10-20,157494.4970600966
2014-10-21,160614.59808942085
2014-10-22,159472.49819223955
2014-10-23,161326.36473159082
2014-10-24,162567.75689213115
2014-10-27,162344.28380335736
2014-10-28,164206.44139310237
2014-10-29,163958.14138577026
2014-10-30,165009.24006998626
2014-10-31,166896.14752391796
2014-11-03,166987.1795586319
2014-11-04,166407.86938139616
2014-11-05,167458.92183298917
2014-11-06,168129.35651018488
2014-11-07,168286.59366105442
2014-11-10,168816.26541204783
2014-11-11,168981.7319698138
2014-11-12,168799.69872213458
2014-11-13,168990.00760933323
2014-11-14,169031.37039605613
2014-11-17,169138.99994243198
2014-11-18,170115.57163834997
2014-11-19,169842.44471245946
2014-11-20,170140.38314603397
2014-11-21,171050.74972579634
2014-11-24,171530.76763967305
2014-11-25,171406.66386863
2014-11-26,171845.24194141213
2014-11-28,171481.14462430504
2014-12-01,170289.3600682584
2014-12-02,171390.1125895911
2014-12-03,172052.17916202135
2014-12-04,171861.8240421997
2014-12-05,172143.22660760963
2014-12-08,170992.86648178322
2014-12-09,170877.00752851093
2014-12-10,168137.5859170813
2014-12-11,168990.00760933323
2014-12-12,166258.9541026691
2014-12-15,165116.83879461346
2014-12-16,163792.5977736326
2014-12-17,167003.79248116814
2014-12-18,171133.5369427395
2014-12-19,171861.68534433065
2014-12-22,172652.23237611592
2014-12-23,172885.2602069792
2014-12-24,172901.9347730128
2014-12-26,173459.5002065578
2014-12-29,173692.54344829542
2014-12-30,172760.43212484228
2014-12-31,171046.18810699234
2015-01-02,170954.57045905356
2015-01-05,167867.24835944598
2015-01-06,166286.0926523781
2015-01-07,168358.20799410262
2015-01-08,171345.76009324664
2015-01-09,169972.62036799165
2015-01-12,168641.15164694632
2015-01-13,168166.80493482595
2015-01-14,167151.5519443199
2015-01-15,165620.38911360412
2015-01-16,167792.33609928947
2015-01-20,168150.1920122897
2015-01-21,168999.0229708209
2015-01-22,171512.21294697025
2015-01-23,170571.87221662066
2015-01-26,170971.3374903332
2015-01-27,168716.0484962285
2015-01-28,166552.42338268558
2015-01-29,168091.9851399155
2015-01-30,165978.19879398134
2015-02-02,168033.68580229525
2015-02-03,170463.61082439695
2015-02-04,169814.5202081592
2015-02-05,171528.8258695065
2015-02-06,171054.47915738611
2015-02-09,170288.8823311539
2015-02-10,172103.01963646206
2015-02-11,172202.89751304596
2015-02-12,173858.950069396
2015-02-13,174574.58484102477
2015-02-17,174849.2374434747
2015-02-18,174865.85036601094
2015-02-19,174741.02228387402
2015-02-20,175789.63981732164
2015-02-23,175764.64337914556
2015-02-24,176263.940296819
2015-02-25,176114.14659825465
2015-02-26,175906.06897294443
2015-02-27,175306.9712330588
2015-03-02,176413.70317363465
2015-03-03,175689.6694754917
2015-03-04,174949.05367656125
2015-03-05,175140.51837933523
2015-03-06,172677.25963604066
2015-03-09,173392.86358592074
2015-03-10,170580.1478561401
2015-03-11,170180.63634980455
2015-03-12,172344.3693394678
2015-03-13,171287.49157737507
2015-03-16,173576.0218274266
2015-03-17,173060.06575459393
2015-03-18,175140.51837933523
2015-03-19,174341.57242103582
2015-03-20,175880.45609979486
2015-03-23,175537.73366539442
2015-03-24,174551.40688602056
2015-03-25,171993.57160691434
2015-03-26,171583.99679963614
2015-03-27,171976.85080825773
2015-03-30,174074.96429499026
2015-03-31,172553.58736947906
2015-04-01,171943.4554435675
2015-04-02,172561.9400633702
2015-04-06,173723.90457757303
2015-04-07,173264.15196345065
2015-04-08,173849.21039681445
2015-04-09,174618.27466977268
2015-04-10,175571.22149533068
2015-04-13,174777.12996244768
2015-04-14,175111.45347033395
2015-04-15,175897.1923093258
2015-04-16,175847.0453242303
2015-04-17,173824.1369042667
2015-04-20,175412.38161353001
2015-04-21,175203.44097925685
2015-04-22,176064.38488501761
2015-04-23,176507.43211135772
2015-04-24,176916.97609688723
2015-04-27,176181.39965386523
2015-04-28,176741.4462381786
2015-04-29,176014.19166729908
2015-04-30,174250.49415369885
2015-05-01,176139.55913003784
2015-05-04,176641.13685711328
2015-05-05,174618.27466977268
2015-05-06,173899.41902540732
2015-05-07,174593.2319989736
2015-05-08,176891.91801521383
2015-05-11,176047.66408636098
2015-05-12,175520.9974558635
2015-05-13,175554.4698749254
2015-05-14,177385.11222664942
2015-05-15,177577.3474731403
2015-05-18,178129.0567744369
2015-05-19,178070.4954519529
2015-05-20,177945.1588109628
2015-05-21,178463.41110407183
2015-05-22,178037.069265514
2015-05-26,176122.91538575292
2015-05-27,177794.60997955594
2015-05-28,177594.0220391739
2015-05-29,176490.6650800781
2015-06-01,176850.12372400943
2015-06-02,176674.5322218035
2015-06-03,177142.6683515657
2015-06-04,175646.38032947658
2015-06-05,175345.5138297779
2015-06-08,174267.16871973246
2015-06-09,174242.14145980772
2015-06-10,176331.88684177477
2015-06-11,176900.30153085364
2015-06-12,175546.11718103423
2015-06-15,174793.78911760697
2015-06-16,175746.7205322906
2015-06-17,176030.97410945306
2015-06-18,177861.57022855408
2015-06-19,177071.9940818521
2015-06-22,177979.18602150088
2015-06-23,178105.15450833883
2015-06-24,176811.5965381647
2015-06-25,176274.065241259
2015-06-26,176240.4387134537
2015-06-29,172544.51036449405
2015-06-30,172905.78749159726
2015-07-01,174291.70283167838
2015-07-02,174132.1232279095
2015-07-06,173636.55574182584
2015-07-07,174728.49324303732
2015-07-08,171797.03672648317
2015-07-09,172107.76618575814
2015-07-10,174274.85874602708
2015-07-13,176198.44408088294
2015-07-14,176962.85426979113
2015-07-15,176904.00014069473
2015-07-16,178323.4957759581
2015-07-17,178474.6918640872
2015-07-20,178567.1416992402
2015-07-21,177861.53940680542
2015-07-22,177542.34937751896
2015-07-23,176542.87712233487
2015-07-24,174711.67997913467
2015-07-27,173695.37904917359
2015-07-28,175828.81425988858
2015-07-29,177038.38296492115
2015-07-30,177080.42383011492
2015-07-31,176811.5965381647
2015-08-03,176215.21111216256
2015-08-04,175870.88594683103
2015-08-05,176450.4118763075
2015-08-06,175005.64240712998
2015-08-07,174669.6545248152
2015-08-10,176870.38902376377
2015-08-11,175274.4696990802
2015-08-12,175484.47368368268
2015-08-13,175266.1324160634
2015-08-14,175904.48165288763
2015-08-17,176887.24852028943
2015-08-18,176374.79071593145
2015-08-19,174980.46103846186
2015-08-20,171326.6968416907
2015-08-21,166169.2936357712
2015-08-24,159172.46387975512
2015-08-25,157299.3799801045
2015-08-26,163338.62423738692
2015-08-27,167378.87775167814
2015-08-28,167387.2304455693
2015-08-31,166034.89540067044
2015-09-01,161079.17430721098
2015-09-02,164136.61472147738
2015-09-03,164254.1842818012
2015-09-04,161767.93251399448
2015-09-08,165833.30575345646
2015-09-09,163615.8504558513
2015-09-10,164506.18289897442
2015-09-11,165253.73359135696
2015-09-14,164640.56572320085
2015-09-15,166698.5184714088
2015-09-16,168143.16465359164
2015-09-17,167765.24378220347
2015-09-18,165023.68005924087
2015-09-21,165876.45620160256
2015-09-22,163723.43376960413
2015-09-23,163461.69547984935
2015-09-24,162870.67303811677
2015-09-25,162828.38559893362
2015-09-28,158741.93028337738
2015-09-29,158834.79621213753
2015-09-30,161798.3689908118
2015-10-01,162220.5036606754
2015-10-02,164643.7557741888
2015-10-05,167573.54791631442
2015-10-06,166999.35414935884
2015-10-07,168367.25417733894
2015-10-08,169886.982139296
2015-10-09,169988.32404894198
2015-10-12,170148.75125079945
2015-10-13,169076.49343611748
2015-10-14,168265.94308944163
2015-10-15,170849.5453504408
2015-10-16,171626.34588231667
2015-10-19,171710.75124106533
2015-10-20,171491.26956874505
2015-10-21,170427.36444795423
2015-10-22,173306.56268962854
2015-10-23,175206.230347512
2015-10-26,174775.68134025994
2015-10-27,174437.952029145
2015-10-28,176422.0712784001
2015-10-29,176320.80642312582
2015-10-30,175560.89620952428
2015-11-02,177637.92762016258
2015-11-03,178153.02068403232
2015-11-04,177612.62296449975
2015-11-05,177435.33626611662
2015-11-06,177342.40869385912
2015-11-09,175687.58900745612
2015-11-10,176092.771715548
2015-11-11,175400.43818591814
2015-11-12,172951.89682761626
2015-11-13,171009.98796317264
2015-11-16,173610.51136419483
2015-11-17,173483.8339771373
2015-11-18,176236.38565350283
2015-11-19,176084.3573781595
2015-11-20,176726.0661855894
2015-11-23,176523.45942066913
2015-11-24,176759.8160003894
2015-11-25,176734.5575773496
2015-11-27,176937.14893139552
2015-11-30,176202.5741952055
2015-12-01,177882.83723514038
2015-12-02,176067.49788163387
2015-12-03,173602.06620505764
2015-12-04,176987.81988621852
2015-12-07,175915.48501716487
2015-12-08,174733.4555445741
2015-12-09,173374.0931409772
2015-12-10,173821.56328825228
2015-12-11,170452.68451449138
2015-12-14,171313.92122686456
2015-12-15,173112.32402947373
2015-12-16,175645.3323900216
2015-12-17,172968.8333785136
2015-12-18,169887.36741115444
2015-12-21,171288.8015016938
2015-12-22,172843.09605479072
2015-12-23,174983.49698070643
2015-12-24,174694.6971956143
2015-12-28,174295.50931763984
2015-12-29,176155.54020672623
2015-12-30,174906.9819896188
2015-12-31,173157.38542603774
2016-01-04,170736.73775028743
2016-01-05,171025.53753537955
2016-01-06,168868.16923681783
2016-01-07,164816.69660600863
2016-01-08,163007.61406748332
2016-01-11,163168.98133267538
2016-01-12,164485.5169164873
2016-01-13,160383.14216774004
2016-01-14,163016.1054592435
2016-01-15,159516.804455961
2016-01-19,159729.1354825885
2016-01-20,157682.18609865778
2016-01-21,158565.52200483152
2016-01-22,161818.51100357145
2016-01-25,159372.35833079193
2016-01-26,161546.69400199968
2016-01-27,159788.5906357841
2016-01-28,160620.96278052242
2016-01-29,164536.41903442537
2016-02-01,164477.02552472713
2016-02-02,161512.7438458333
2016-02-03,162481.05531310616
2016-02-04,162735.84329853454
2016-02-05,159635.6839406035
2016-02-08,157486.8224446763
2016-02-09,157495.34465818517
2016-02-10,157359.4053356506
2016-02-11,155312.5021843429
2016-02-12,158514.54283252175
2016-02-16,161190.02472632346
2016-02-17,163822.9726069526
2016-02-18,163151.99854915502
2016-02-19,163075.5606124391
2016-02-22,165436.73772411945
2016-02-23,163347.39302488518
2016-02-24,164094.74337590134
2016-02-25,166082.26842838514
2016-02-26,165700.06333393103
2016-02-29,164400.54135538815
2016-03-01,168265.11090222737
2016-03-02,169020.99887762673
2016-03-03,169683.49695453842
2016-03-04,170235.57611681914
2016-03-07,170371.5154393537
2016-03-08,168511.4074958956
2016-03-09,169343.7796406339
2016-03-10,169479.62649792244
2016-03-11,172214.56354491974
2016-03-14,171993.69489390904
2016-03-15,171713.49437669746
2016-03-16,172707.23378662785
2016-03-17,173802.90071942908
2016-03-18,174485.83361571282
2016-03-21,174733.40931195108
2016-03-22,174639.5108546103
2016-03-23,173487.00861725095
2016-03-24,173410.15458692785
2016-03-28,173512.65231214918
2016-03-29,175117.6486418178
2016-03-30,175885.98860368214
2016-03-31,175459.13820627116
2016-04-01,176654.35938729518
2016-04-04,176082.38478624428
2016-04-05,174323.6341633065
2016-04-06,176227.52440075856
2016-04-07,174118.71576723552
2016-04-08,174588.28510831116
2016-04-11,174178.50995966655
2016-04-12,175800.55071635288
2016-04-13,177576.36117718267
2016-04-14,177584.88339069154
2016-04-15,177388.54885162678
2016-04-18,178634.99577894993
2016-04-19,179198.47898824068
2016-04-20,179369.24688677888
2016-04-21,178404.52615322673
2016-04-22,178404.52615322673
2016-04-25,178097.14085368311
2016-04-26,178361.74556606475
2016-04-27,178728.89423629074
2016-04-28,177106.83806873008
2016-04-29,176150.70119218415
2016-05-02,177550.73289315877
2016-05-03,176005.49993417252
2016-05-04,175023.71936272833
2016-05-05,174989.55345432123
2016-05-06,175629.8290504377
2016-05-09,175774.95325407764
2016-05-10,177960.53886355204
2016-05-11,176295.73293057806
2016-05-12,176346.9894986259
2016-05-13,174810.2787531485
2016-05-16,176534.81723505614
2016-05-17,174887.13278347158
2016-05-18,174938.3431188964
2016-05-19,174332.1717876897
2016-05-20,175433.50992224726
2016-05-23,175194.4718503922
2016-05-24,177465.41829282418
2016-05-25,178669.11545473404
2016-05-26,178720.35661190754
2016-05-27,179488.72739552057
2016-05-31,179147.25324194154
2016-06-01,179514.34026867014
2016-06-02,180060.76364006885
2016-06-03,179522.87789305334
2016-06-06,180436.38829118066
2016-06-07,180718.03743058
2016-06-08,181307.17974564334
2016-06-09,181059.6502820281
2016-06-10,179343.61860275496
2016-06-13,177960.53886355204
2016-06-14,177610.5270855898
2016-06-15,177362.95138935154
2016-06-16,177892.2378684865
2016-06-17,177229.73979157477
2016-06-20,178371.08455591352
2016-06-21,178877.45506490802
2016-06-22,178585.61933757132
2016-06-23,180911.24356215418
2016-06-24,174414.9744155072
2016-06-27,171291.22100896484
2016-06-28,174380.63898748238
2016-06-29,177349.8521461643
2016-06-30,179769.92961956412
2016-07-01,180147.5730952142
2016-07-05,178851.6572612664
2016-07-06,179924.39281305284
2016-07-07,179812.81808284647
2016-07-08,182490.31880118643
2016-07-11,183133.92314615988
2016-07-12,184464.09735376082
2016-07-13,184438.37660449088
2016-07-14,185468.22369299497
2016-07-15,185219.35348331233
2016-07-18,185717.00143743158
2016-07-19,185528.2644594154
2016-07-20,186300.62665948196
2016-07-21,185596.9507263394
2016-07-22,186429.35369282638
2016-07-25,185922.9985947062
2016-07-26,186008.8525756426
2016-07-27,185811.42386449987
2016-07-28,186025.98946790636
2016-07-29,186326.33199787757
2016-08-01,186171.91503701187
2016-08-02,184979.00548713852
2016-08-03,185519.66519153485
2016-08-04,185717.00143743158
2016-08-05,187236.02049916907
2016-08-08,187124.4303580884
2016-08-09,187236.02049916907
2016-08-10,186772.67715132597
2016-08-11,187639.3847240891
2016-08-12,187476.3839062172
2016-08-15,188016.98196711618
2016-08-16,187047.2064667812
2016-08-17,187399.08296053833
2016-08-18,187819.5840777221
2016-08-19,187544.93147527214
2016-08-22,187536.4092617633
2016-08-23,187913.9756830417
2016-08-24,186952.84568321027
2016-08-25,186824.10323899152
2016-08-26,186472.25756698308
2016-08-29,187390.4991035321
2016-08-30,187081.5264839317
2016-08-31,186549.4968691646
2016-09-01,186558.06531529647
2016-09-02,187399.08296053833
2016-09-06,187965.50964682762
2016-09-07,187948.35734368954
2016-09-08,187519.22613687653
2016-09-09,183030.97850558275
2016-09-12,185657.00690363417
2016-09-13,182988.07463142608
2016-09-14,182919.37295362772
2016-09-15,184747.31840234264
2016-09-16,184033.17848552467
2016-09-19,184067.6526114185
2016-09-20,184076.2210575504
2016-09-21,186146.30216386227
2016-09-22,187319.33168583972
2016-09-23,186292.93663318735
2016-09-26,184783.54936791104
2016-09-27,185930.6423883778
2016-09-28,186853.58424159992
2016-09-29,185163.04214848165
2016-09-30,186560.34612469847
2016-10-03,186111.7818053454
2016-10-04,185163.04214848165
2016-10-05,185982.4537479018
2016-10-06,186111.7818053454
2016-10-07,185473.54044464155
2016-10-10,186439.54028076373
2016-10-11,184084.89737980263
2016-10-12,184326.43201330042
2016-10-13,183722.72642198778
2016-10-14,183817.54953178886
2016-10-17,183179.32358195932
2016-10-18,184326.43201330042
2016-10-19,184818.05431555357
2016-10-20,184473.08189349982
2016-10-21,184559.27491367166
2016-10-24,185344.16615457492
2016-10-25,184723.1387405065
2016-10-26,184352.30687131375
2016-10-27,183860.6383364376
2016-10-28,183317.28172903214
2016-10-31,183325.91181866138
2016-11-01,181997.64855947832
2016-11-02,180902.28984416387
2016-11-03,180074.26356598883
2016-11-04,179875.89479151147
2016-11-07,183843.37815717916
2016-11-08,184671.38902447984
2016-11-09,186629.34060910923
2016-11-10,187095.1496968464
2016-11-11,186663.78391325442
2016-11-14,186810.40297170513
2016-11-15,188268.10216445214
2016-11-16,187914.42259839748
2016-11-17,188880.42243451969
2016-11-18,188457.82543842596
2016-11-21,189880.8963965357
2016-11-22,190251.85155272315
2016-11-23,190355.32016302776
2016-11-25,191062.61765163974
2016-11-28,190165.59688905397
2016-11-29,190536.44416912104
2016-11-30,190079.32681451045
2016-12-01,189380.72105902506
2016-12-02,189475.5749905748
2016-12-05,190614.08415403534
2016-12-06,191217.88221059402
2016-12-07,193719.09793738282
2016-12-08,194193.5371147492
2016-12-09,195366.4279388576
2016-12-12,195142.24594986427
2016-12-13,196444.64976190834
2016-12-14,194823.16379669818
2016-12-15,195625.2843951112
2016-12-16,195242.66320705
2016-12-19,195667.83381915814
2016-12-20,196422.59680073083
2016-12-21,195876.0347314631
2016-12-22,195537.64275275162
2016-12-23,195823.93056532665
2016-12-27,196309.78920057742
2016-12-28,194687.44022640437
2016-12-29,194644.02779339452
2016-12-30,193932.60019045998
2017-01-03,195416.158830346
2017-01-04,196578.72436864802
2017-01-05,196422.59680073083
2017-01-06,197125.3172596644
2017-01-09,196474.70096686724
2017-01-10,196474.70096686724
2017-01-11,197029.86230401552
2017-01-12,196535.3273465125
2017-01-13,196986.511514503
2017-01-17,196292.42114519863
2017-01-18,196726.23725781034
2017-01-19,195997.44159949702
2017-01-20,196717.53011380942
2017-01-23,196205.71956617365
2017-01-24,197463.69382750156
2017-01-25,199172.85225681998
2017-01-26,198964.65134451503
2017-01-27,198652.3037434346
2017-01-30,197420.3122162404
2017-01-31,197402.97498261026
2017-02-01,197481.000239383
2017-02-02,197611.19130578954
2017-02-03,198973.3430776416
2017-02-06,198617.567632677
2017-02-07,198626.24395492923
2017-02-08,198886.57985511926
2017-02-09,200066.46721617706
2017-02-10,200855.9817193817
2017-02-13,201949.1212687915
2017-02-14,202755.9884165006
2017-02-15,203814.45349865014
2017-02-16,203640.9424644798
2017-02-17,203961.9817986868
2017-02-21,205176.5898596279
2017-02-22,204994.41791407965
2017-02-23,205133.20824836672
2017-02-24,205393.46709418506
2017-02-27,205714.47560664336
2017-02-28,205159.28344774642
2017-03-01,208030.8995392465
2017-03-02,206720.92898790253
2017-03-03,206850.98135644002
2017-03-06,206235.07035265176
2017-03-07,205619.05147274313
2017-03-08,205237.30870451918
2017-03-09,205497.5521394632
2017-03-10,206217.6714755243
2017-03-13,206321.80275342544
2017-03-14,205532.27283934646
2017-03-15,207310.8572575571
2017-03-16,206903.07011170208
2017-03-17,206539.72792743758
2017-03-20,206313.18807467053
2017-03-21,203664.1974738557
2017-03-22,204143.49107663851
2017-03-23,203925.64295699805
2017-03-24,203777.49822198786
2017-03-27,203568.3572463483
2017-03-28,205049.69672032967
2017-03-29,205241.3771753444
2017-03-30,205894.89071251708
2017-03-31,205415.64334235727
2017-04-03,205058.43468607924
2017-04-04,205189.1189004646
2017-04-05,204579.18731591944
2017-04-06,205154.1978592149
2017-04-07,204945.10311619838
2017-04-10,205067.0801865828
2017-04-11,204823.1106349396
2017-04-12,203925.64295699805
2017-04-13,202601.13995115345
2017-04-17,204396.21400490563
2017-04-18,203786.20536598878
2017-04-19,203411.52077821156
2017-04-20,205067.0801865828
2017-04-21,204413.5666494101
2017-04-24,206661.7358195707
2017-04-25,207864.21552240785
2017-04-26,207733.45425365082
2017-04-27,207907.81288590975
2017-04-28,207454.65612600397
2017-05-01,207977.423805294
2017-05-02,208055.83433392522
2017-05-03,207803.18846002978
2017-05-04,208047.18883342165
2017-05-05,208866.26139360634
2017-05-08,208831.41740672837
2017-05-09,208639.69071909063
2017-05-10,209014.37530686785
2017-05-11,208587.4170333365
2017-05-12,208238.85387756204
2017-05-15,209389.10612726808
2017-05-16,209197.4410831277
2017-05-17,205485.3929596106
2017-05-18,206313.18807467053
2017-05-19,207655.05913589394
2017-05-22,208709.39410372093
2017-05-23,209171.24259675326
2017-05-24,209659.22793266267
2017-05-25,210661.28921473553
2017-05-26,210617.73808385665
2017-05-30,210434.68771847113
2017-05-31,210382.414032717
2017-06-01,212055.43396171308
2017-06-02,212761.26741726292
2017-06-05,212604.4001273775
2017-06-06,211924.76515820206
2017-06-07,212316.89485572977
2017-06-08,212421.44222723803
2017-06-09,212099.03132521498
2017-06-12,212055.43396171308
2017-06-13,213092.35464153823
2017-06-14,212822.24824701797
2017-06-15,212412.7659049858
2017-06-16,212459.10640411984
2017-06-19,214227.87409537725
2017-06-20,212783.07380445104
2017-06-21,212730.56895558184
2017-06-22,212634.22016922134
2017-06-23,212888.20678918416
2017-06-26,213028.26081516693
2017-06-27,211312.12125977344
2017-06-28,213203.4054020171
2017-06-29,211329.58178039826
2017-06-30,211723.65324809257
2017-07-03,212082.61874404512
2017-07-05,212572.94653285388
2017-07-06,210629.157541741
2017-07-07,211995.06956693155
2017-07-10,212222.6727700279
2017-07-11,212065.11199079728
2017-07-12,213658.7350952045
2017-07-13,214017.73141290573
2017-07-14,215015.90915464543
2017-07-17,214989.64902477365
2017-07-18,215103.458331759
2017-07-19,216268.04269459928
2017-07-20,216364.3452483368
2017-07-21,216171.7401408618
2017-07-24,216119.20447024392
2017-07-25,216644.57658729705
2017-07-26,216653.2991421723
2017-07-27,216451.9560689477
2017-07-28,216198.0156816079
2017-07-31,216075.4375871243
2017-08-01,216557.05823193214
2017-08-02,216662.0525187962
2017-08-03,216241.82879735052
2017-08-04,216635.8077997988
2017-08-07,217038.61723324264
2017-08-08,216504.4917395656
2017-08-09,216495.707541193
2017-08-10,213439.86985785773
2017-08-11,213755.037648942
2017-08-14,215874.06369215104
2017-08-15,215847.7265079076
2017-08-16,216224.29122235402
2017-08-17,212853.1778718141
2017-08-18,212520.457094859
2017-08-21,212686.74042896487
2017-08-22,214910.8378134097
2017-08-23,214140.340329138
2017-08-24,213641.21293108232
2017-08-25,214140.340329138
2017-08-28,214149.06288401326
2017-08-29,214394.29612735217
2017-08-30,215409.94980059104
2017-08-31,216705.86563453884
2017-09-01,217012.3262816222
2017-09-05,215453.732094585
2017-09-06,216189.26230498397
2017-09-07,216162.94053161485
2017-09-08,215909.07719864673
2017-09-11,218211.95497270685
2017-09-12,218947.45436135714
2017-09-13,219052.51029171856
2017-09-14,218982.43704610417
2017-09-15,219277.24707218807
2017-09-18,219743.64177315007
2017-09-19,219963.64741519786
2017-09-20,220042.78225492293
2017-09-21,219453.2700788755
2017-09-22,219497.25271423583
2017-09-25,219048.50346439073
2017-09-26,219180.48219222043
2017-09-27,220033.99805655034
2017-09-28,220298.03256658147
2017-09-29,221072.39818031195
2017-10-02,222031.50935560509
2017-10-03,222506.7344875627
2017-10-04,222770.72276497082
2017-10-05,224090.63333026273
2017-10-06,223835.4600729759
2017-10-09,223465.8302519815
2017-10-10,224055.434893275
2017-10-11,224407.45008490115
2017-10-12,224073.03411176885
2017-10-13,224345.86823104694
2017-10-16,224645.00871281978
2017-10-17,224803.40167926464
2017-10-18,225023.39191043808
2017-10-19,225085.00458604097
2017-10-20,226246.5067740137
2017-10-23,225366.56126019428
2017-10-24,225762.54367630646
2017-10-25,224645.00871281978
2017-10-26,224935.3958179687
2017-10-27,226774.48332882993
2017-10-30,225929.75166287262
2017-10-31,226281.78226537313
2017-11-01,226580.90733627163
2017-11-02,226668.903428741
2017-11-03,227425.71605660062
2017-11-06,227777.7004264781
2017-11-07,227619.26122741023
2017-11-08,228006.4594451498
2017-11-09,227179.3424085607
2017-11-10,227108.8993019622
2017-11-13,227320.12074563737
2017-11-14,226792.17501256982
2017-11-15,225656.9791870919
2017-11-16,227575.30941379856
2017-11-17,226906.53911103134
2017-11-20,227293.62945265052
2017-11-21,228780.8250588803
2017-11-22,228578.4648679494
2017-11-24,229106.4260118913
2017-11-27,228992.0310916811
2017-11-28,231315.05087850086
2017-11-29,231174.30336317286
2017-11-30,233198.2443117171
2017-12-01,232714.26580313555
2017-12-04,232432.66289635922
2017-12-05,231596.68460702585
2017-12-06,231640.6672423862
2017-12-07,232371.05022075633
2017-12-08,233638.2401849383
2017-12-11,234342.23974644195
2017-12-12,234755.80597017368
2017-12-13,234729.34549893552
2017-12-14,233770.21891276803
2017-12-15,235716.87432650774
2017-12-18,237211.59043941437
2017-12-19,236300.65365730147
2017-12-20,236176.79646024783
2017-12-21,236663.2252978491
2017-12-22,236601.38145913114
2017-12-26,236318.3145192927
2017-12-27,236433.3258744764
2017-12-28,236919.70847945465
2017-12-29,236026.40173758433
2018-01-02,237715.74178250422
2018-01-03,239219.33455902946
2018-01-04,240227.68347783218
2018-01-05,241828.54969317824
2018-01-08,242270.78014317842
2018-01-09,242819.12987386936
2018-01-10,242447.5891044571
2018-01-11,244216.51090445786
2018-01-12,245808.56209968263
2018-01-16,244968.34581990633
2018-01-17,247303.26280171494
2018-01-18,246887.6161099476
2018-01-19,248010.91474043665
2018-01-22,250027.39682580135
2018-01-23,250558.1781597471
2018-01-24,250460.82766655463
2018-01-25,250566.90071462234
2018-01-26,253468.0748631025
2018-01-29,251787.45737305784
2018-01-30,249204.81058626762
2018-01-31,249328.66778332126
2018-02-01,249045.60084348283
2018-02-02,243623.94737529152
2018-02-05,233435.04780679318
2018-02-06,238034.1766789481
2018-02-07,236742.899518176
2018-02-08,227862.90715069234
2018-02-09,231285.7856281332
2018-02-12,234682.0803473412
2018-02-13,235265.85967813493
2018-02-14,238441.0237614685
2018-02-15,241483.5464493758
2018-02-16,241554.2977734611
2018-02-20,240041.95162031188
2018-02-21,238847.85543311454
2018-02-22,239157.3982550655
2018-02-23,242969.40130953817
2018-02-26,245790.94747031442
2018-02-27,242721.7793806769
2018-02-28,240263.05143443766
2018-03-01,236769.39081116286
2018-03-02,237989.96288047268
2018-03-05,240740.6498410433
2018-03-06,241350.93587569823
2018-03-07,241262.40040262704
2018-03-08,242429.91283159153
2018-03-09,246648.82461208195
2018-03-12,246339.189324885
2018-03-13,244747.16895140888
2018-03-14,243491.22892549357
2018-03-15,243225.93072376674
2018-03-16,243489.70324893412
2018-03-19,240195.18194385356
2018-03-20,240603.77045517415
2018-03-21,240141.8757295188
2018-03-22,234139.07819004552
2018-03-23,229148.42064446205
2018-03-26,235417.7800773579
2018-03-27,231412.8791087978
2018-03-28,230729.1140252998
2018-03-29,233677.27592963618
2018-04-02,228633.450867587
2018-04-03,231563.7978011888
2018-04-04,234041.3424249946
2018-04-05,235888.3665361398
2018-04-06,230631.39367112322
2018-04-09,231768.03811878889
2018-04-10,235453.24049920938
2018-04-11,234218.93734086448
2018-04-12,236145.8051919543
2018-04-13,235453.24049920938
2018-04-16,237389.1237117869
2018-04-17,239928.75874830008
2018-04-18,240106.39989679298
2018-04-19,238774.40720602014
2018-04-20,236749.75735725637
2018-04-23,236714.1736484102
2018-04-24,233526.3572372452
2018-04-25,234103.525302948
2018-04-26,236483.41121607454
2018-04-27,236705.31239566588
2018-04-30,234884.96450799957
2018-05-01,235302.35262856708
2018-05-02,233721.65924772932
2018-05-03,233206.62782735692
2018-05-04,236225.86468413967
2018-05-07,237025.02639467982
2018-05-08,237025.02639467982
2018-05-09,239316.06861724844
2018-05-10,241553.83544723096
2018-05-11,242290.82969069204
2018-05-14,242406.28796123152
2018-05-15,240736.84335508186
2018-05-16,241749.21451208676
2018-05-17,241544.97419448665
2018-05-18,240941.129905305
2018-05-21,242752.55489672965
2018-05-22,242077.72812034763
2018-05-23,242743.7398766084
2018-05-24,242246.40013997589
2018-05-25,241669.29371777046
2018-05-29,238889.88088743397
2018-05-30,242077.72812034763
2018-05-31,240594.77050456082
2018-06-01,242956.91850132446
2018-06-04,244111.33168710175
2018-06-05,244288.8803703486
2018-06-06,246331.29895722397
2018-06-07,246304.56109024773
2018-06-08,247032.7557244619
2018-06-11,247361.3617979688
2018-06-12,247681.02956435972
2018-06-13,246890.77533918686
2018-06-14,247512.38836648015
2018-06-15,247196.5270860507
2018-06-18,246688.15316339224
2018-06-19,245742.6652010138
2018-06-20,246161.85639387884
2018-06-21,244618.73472467688
2018-06-22,245064.69460626686
2018-06-25,241728.6409948457
2018-06-26,242263.90689322373
2018-06-27,240256.90249557683
2018-06-28,241630.61242318232
2018-06-29,241978.46667873726
2018-07-02,242495.76349763735
2018-07-03,241639.50449767528
2018-07-05,243610.74025598392
2018-07-06,245671.23579845767
2018-07-09,247883.42057703927
2018-07-10,248775.3403402192
2018-07-11,246955.70135277242
2018-07-12,249194.62399833027
2018-07-13,249390.89689389768
2018-07-16,249167.90154222836
2018-07-17,250175.83436742396
2018-07-18,250702.11572606303
2018-07-19,249756.61235281025
2018-07-20,249471.1413165751
2018-07-23,249934.90075802532
2018-07-24,251192.69008886119
2018-07-25,253333.44546488667
2018-07-26,252735.7963471888
2018-07-27,251023.1858820187
2018-07-30,249711.88999548167
2018-07-31,250942.94145934127
2018-08-01,250523.64239035588
2018-08-02,251888.36777822237
2018-08-03,252967.74541684845
2018-08-06,253895.4184084923
2018-08-07,254733.90867034273
2018-08-08,254626.8185045687
2018-08-09,254278.94883813945
2018-08-10,252575.26126921095
2018-08-13,251629.74248508384
2018-08-14,253235.2936062286
2018-08-15,251344.2714488487
2018-08-16,253378.0445352205
2018-08-17,254270.04135277212
2018-08-20,254814.0914495228
2018-08-21,255411.78679984366
2018-08-22,255260.1900289818
2018-08-23,254921.1816152968
2018-08-24,256455.44203175447
2018-08-27,258480.27681101032
2018-08-28,258605.10489314725
2018-08-29,259996.61438061303
2018-08-30,258944.02084158623
2018-08-31,258952.92832695352
2018-09-04,258506.96844536354
2018-09-05,257811.13664725897
2018-09-06,257035.24535696907
2018-09-07,256535.67104355755
2018-09-10,256981.69256864488
2018-09-11,257829.10572673698
2018-09-12,257891.56600042846
2018-09-13,259416.85728802148
2018-09-14,259461.42553660666
2018-09-17,258087.7001981268
2018-09-18,259488.14799270857
2018-09-19,259764.68072182772
2018-09-20,261869.68286938927
2018-09-21,261630.38281267046
2018-09-24,260761.39443050532
2018-09-25,260519.4437034004
2018-09-26,259739.96167938973
2018-09-27,260465.6905737098
2018-09-28,260492.53631680645
2018-10-01,261397.5245014249
2018-10-02,261245.20341946915
2018-10-03,261388.5861943089
2018-10-04,259345.62822683173
2018-10-05,257894.12420556854
2018-10-08,257894.12420556854
2018-10-09,257517.79065423718
2018-10-10,249363.89704205768
2018-10-11,243871.38437366072
2018-10-12,247258.2784595226
2018-10-15,245869.3888206943
2018-10-16,251245.54938784015
2018-10-17,251290.4258539121
2018-10-18,247661.48857569927
2018-10-19,247527.10575147285
2018-10-22,246415.98171171072
2018-10-23,245161.5519514805
2018-10-24,237733.54134236448
2018-10-25,241998.5316371252
2018-10-26,237742.47964948046
2018-10-29,236425.29680894635
2018-10-30,239928.74333742572
2018-10-31,242491.38680932537
2018-11-01,245071.98394982866
2018-11-02,243620.54157206285
2018-11-05,244964.40063607582
2018-11-06,246514.58048572455
2018-11-07,251792.1885114796
2018-11-08,251335.25608736105
2018-11-09,248880.01099872217
2018-11-12,244229.7488455141
2018-11-13,243772.72395614954
2018-11-14,242106.1457726267
2018-11-15,244632.91272906776
2018-11-16,245269.119854359
2018-11-19,241120.51248259805
2018-11-20,236658.23217456363
2018-11-21,237464.65240691692
2018-11-23,235878.6885070556
2018-11-26,239686.8388429438
2018-11-27,240493.30530792012
2018-11-28,246030.69444238904
2018-11-29,245493.13232373464
2018-11-30,246989.51281106976
2018-12-03,250259.90068693715
2018-12-04,242151.0068278243
2018-12-06,241783.5961727346
2018-12-07,236165.4386458608
2018-12-10,236613.4481737377
2018-12-11,236667.30917954864
2018-12-12,237858.93962685193
2018-12-13,237778.26369969305
2018-12-14,233387.82888782187
2018-12-17,228809.08860241598
2018-12-18,228558.2149790694
2018-12-19,225135.3981451259
2018-12-20,221470.63058407744
2018-12-21,216932.80617003868
2018-12-24,211200.80851443083
2018-12-26,221871.69858872113
2018-12-27,223575.09335103718
2018-12-28,223286.6788378035
2018-12-31,225242.34961303088
2019-01-02,225476.74901171023
2019-01-03,220096.22716712675
2019-01-04,227468.49664376263
2019-01-07,229261.983377458
2019-01-08,231416.06915978575
2019-01-09,232497.57349907045
2019-01-10,233317.70940958447
2019-01-11,233407.83220271245
2019-01-14,231983.80577039375
2019-01-15,234642.53604379014
2019-01-16,235210.2880652725
2019-01-17,236994.8827244749
2019-01-18,240149.22671657798
2019-01-22,236904.68287697522
2019-01-23,237400.37365005357
2019-01-24,237526.52706738355
2019-01-25,239536.38247678295
2019-01-28,237715.8496586246
2019-01-29,237400.37365005357
2019-01-30,241158.57734221267
2019-01-31,243276.58626771538
2019-02-01,243393.73973443205
2019-02-04,245106.16526911012
2019-02-05,246133.56202859446
2019-02-06,245809.0860694101
2019-02-07,243465.8626263334
2019-02-08,243763.21544668305
2019-02-11,243898.39963637505
2019-02-12,247034.78995987447
2019-02-13,247836.92596916185
2019-02-14,247287.22008152917
2019-02-15,249981.88851388157
2019-02-19,250414.5796326666
2019-02-20,250919.2087128609
2019-02-21,250026.9653213199
2019-02-22,251577.22222534032
2019-02-25,251919.7289075
2019-02-26,251739.46791036965
2019-02-27,251631.28357251763
2019-02-28,251162.59265127926
2019-03-01,252730.81863477765
2019-03-04,251811.57539139665
2019-03-05,251469.05329836262
2019-03-06,249945.81165705656
2019-03-07,247854.98751388586
2019-03-08,247359.2967408075
2019-03-11,250946.3318516956
2019-03-12,251892.59035779096
2019-03-13,253559.95449590503
2019-03-14,253397.84750874472
2019-03-15,254649.5957768401
2019-03-18,255572.90749104632
2019-03-19,255636.4157041928
2019-03-20,254866.82746150705
2019-03-21,257745.51714432825
2019-03-22,252784.83374933197
2019-03-25,252594.78684699707
2019-03-26,254477.65665185224
2019-03-27,253146.94306364947
2019-03-28,254106.4549216754
2019-03-29,255708.8159918322
2019-04-01,258741.30620054557
2019-04-02,258868.01440935172
2019-04-03,259275.3854615996
2019-04-04,259963.32689204317
2019-04-05,261221.68642522953
2019-04-08,261420.73327817777
2019-04-09,260080.94268498998
2019-04-10,260968.17754237118
2019-04-11,260895.74643298308
2019-04-12,262660.9079796454
2019-04-15,262488.9534437832
2019-04-16,262660.9079796454
2019-04-17,262018.2128762579
2019-04-18,262534.2305925879
2019-04-22,262760.43140611955
2019-04-23,265123.165016108
2019-04-24,264534.74701213854
2019-04-25,264371.7307833923
2019-04-26,265602.90553424665
2019-04-29,266019.36900235387
2019-04-30,266155.0771617734
2019-05-01,264154.56074222276
2019-05-02,263584.235104726
2019-05-03,266164.2003993814
2019-05-06,265068.79545144393
2019-05-07,260642.33001537077
2019-05-08,260280.1128249329
2019-05-09,259492.64796801523
2019-05-10,260796.1613630116
2019-05-13,254242.27095721525
2019-05-14,256541.60423017765
2019-05-15,258044.1644781223
2019-05-16,260434.06745956847
2019-05-17,258750.33697290756
2019-05-20,257039.43711478898
2019-05-21,259356.8473433497
2019-05-22,258560.19760532663
2019-05-23,255400.9837769328
2019-05-24,255980.3555976659
2019-05-28,253599.54503207907
2019-05-29,251897.73758981982
2019-05-30,252585.74066376072
2019-05-31,249182.09495749357
2019-06-03,248548.39980471937
2019-06-04,253943.53115817517
2019-06-05,256143.29477204045
2019-06-06,257808.85583785697
2019-06-07,260388.79031076372
2019-06-10,261583.78032867267
2019-06-11,261520.28752640056
2019-06-12,261058.70101823198
2019-06-13,262135.7362039587
2019-06-14,261846.13505340097
2019-06-17,261945.8125886185
2019-06-18,264688.64000327676
2019-06-19,265286.1196013569
2019-06-20,267820.7152819616
2019-06-21,267431.37495268905
2019-06-24,267103.8938730088
2019-06-25,264484.13770081295
2019-06-26,264220.36517564557
2019-06-27,265157.3155136408
2019-06-28,266521.7635057692
2019-07-01,268941.36324206454
2019-07-02,269641.7874807218
2019-07-03,271797.5838701011
2019-07-05,271488.2876221395
2019-07-08,269996.5766297288
2019-07-09,270333.1501252684
2019-07-10,271624.7971470246
2019-07-11,272261.512831169
2019-07-12,273480.45134779904
2019-07-15,273571.43714988994
2019-07-16,272689.0721287995
2019-07-17,270833.35628452775
2019-07-18,271824.8611176791
2019-07-19,270314.934471801
2019-07-22,270978.95822527213
2019-07-23,272916.50581227813
2019-07-24,274199.09123992367
2019-07-25,272889.1977429514
2019-07-26,274717.5438743991
2019-07-29,274217.21442814503
2019-07-30,273544.0057935685
2019-07-31,270551.3989276416
2019-08-01,268195.50774585915
2019-08-02,266176.1592378676
2019-08-05,258171.36583490725
2019-08-06,261791.61137999353
2019-08-07,261946.33655834597
2019-08-08,267085.67821954144
2019-08-09,265266.5169691991
2019-08-12,262037.2915386882
2019-08-13,266112.45068335475
2019-08-14,258244.07434003343
2019-08-15,258926.29833609765
2019-08-16,262746.77737145615
2019-08-19,265912.3558909515
2019-08-20,263874.7917294926
2019-08-21,266021.46488126385
2019-08-22,265939.6331385296
2019-08-23,259108.30076202817
2019-08-26,261973.5521624267
2019-08-27,260945.61602234052
2019-08-28,262783.2395001396
2019-08-29,266139.7895744302
2019-08-30,266021.46488126385
2019-09-03,264465.9528690942
2019-09-04,267467.74461612647
2019-09-05,270906.2188983973
2019-09-06,271115.46775015723
2019-09-09,271251.8539880476
2019-09-10,271188.23789878073
2019-09-11,273116.63142643
2019-09-12,274062.64335853595
2019-09-13,273880.73339785147
2019-09-16,273034.7688619472
2019-09-17,273726.0390412477
2019-09-18,273889.79499196215
2019-09-19,273871.61016024346
2019-09-20,272577.52822034183
2019-09-23,272513.5730918396
2019-09-24,270375.2218122108
2019-09-25,271974.5007075001
2019-09-26,271407.8736798444
2019-09-27,269945.7515661624
2019-09-30,271197.6693538755
2019-10-01,267971.83431571897
2019-10-02,263238.26097584027
2019-10-03,265394.8587306851
2019-10-04,268986.2397081365
2019-10-07,267825.7084052471
2019-10-08,263667.70040014
2019-10-09,266171.59761906357
2019-10-10,267971.83431571897
2019-10-11,270749.9834543597
2019-10-14,270448.3926435671
2019-10-15,273125.90877278143
2019-10-16,272687.25364562764
2019-10-17,273491.4547120763
2019-10-18,272294.30717176
2019-10-21,274140.2216999529
2019-10-22,273244.78825742396
2019-10-23,274039.74279926985
2019-10-24,274487.5211640317
2019-10-25,275611.4978729916
2019-10-28,277164.97564974864
2019-10-29,277082.7740460303
2019-10-30,277932.6529440165
2019-10-31,277192.4378278188
2019-11-01,279760.2901752446
2019-11-04,280884.35934945056
2019-11-05,280573.55283580394
2019-11-06,280637.60042955226
2019-11-07,281624.4203569049
2019-11-08,282319.1117503085
2019-11-11,281779.8236137282
2019-11-12,282373.85117595666
2019-11-13,282465.2376607804
2019-11-14,282876.4922533614
2019-11-15,284923.42622641777
2019-11-18,285133.66137413535
2019-11-19,285051.3364834223
2019-11-20,283991.3457247133
2019-11-21,283534.4749440921
2019-11-22,284164.964635004
2019-11-25,286367.271043135
2019-11-26,287016.1304962577
2019-11-27,288295.4796402923
2019-11-29,287226.3040004779
2019-12-02,284786.36191005656
2019-12-03,282876.4922533614
2019-12-04,284621.8662373739
2019-12-05,285133.66137413535
2019-12-06,287738.09913723933
2019-12-09,286833.3575266103
2019-12-10,286513.55106235034
2019-12-11,287326.8445446583
2019-12-12,289803.2795855118
2019-12-13,289976.9293175512
2019-12-16,291969.12386495934
2019-12-17,292033.04817171296
2019-12-18,292051.35629042634
2019-12-19,293248.4730089939
2019-12-20,294534.01732451236
2019-12-23,294984.10732042487
2019-12-24,294993.1997362842
2019-12-26,296563.6294748129
2019-12-27,296490.11960422114
2019-12-30,294855.54980669817
2019-12-31,295571.7547806774
2020-01-02,298335.9724889167
2020-01-03,296076.8615979762
2020-01-06,297206.41704344645
2020-01-07,296370.8086150972
2020-01-08,297950.33076948527
2020-01-09,299970.511464691
2020-01-10,299107.317571277
2020-01-13,301164.361077899
2020-01-14,300705.2094878758
2020-01-15,301384.76740267954
2020-01-16,303891.8700834654
2020-01-17,304837.75872857665
2020-01-21,304240.77227847534
2020-01-22,304277.51180289686
2020-01-23,304626.5064631528
2020-01-24,301917.49050679186
2020-01-27,297077.85952971975
2020-01-28,300191.0102547176
2020-01-29,299942.98764312355
2020-01-30,300916.4925750483
2020-01-31,295452.4129698048
2020-02-03,297647.26051475626
2020-02-04,302183.7287718533
2020-02-05,305673.3055134286
2020-02-06,306701.8580884882
2020-02-07,305067.28829096525
2020-02-10,307344.67647887045
2020-02-11,307877.39958298276
2020-02-12,309860.9023972644
2020-02-13,309530.33914271655
2020-02-14,310026.26107890997
2020-02-18,309227.3613532336
2020-02-19,310705.7265284677
2020-02-20,309429.39791580336
2020-02-21,306242.73732021375
2020-02-24,296086.0773008303
2020-02-25,287114.020370052
2020-02-26,286057.9131516762
2020-02-27,273210.63775989116
2020-02-28,272062.8050174562
2020-03-02,283844.7883097599
2020-03-03,275717.64797543106
2020-03-04,287306.93369501375
2020-03-05,277756.2908980936
2020-03-06,273164.71335436427
2020-03-09,251832.0102107687
2020-03-10,264862.96781378705
2020-03-11,251951.42907601304
2020-03-12,227845.41580831882
2020-03-13,247323.0965969878
2020-03-16,220260.0601722129
2020-03-17,232152.32368127862
2020-03-18,220397.7717452963
2020-03-19,220866.12362729924
2020-03-20,211348.12106222677
2020-03-23,205944.29797564438
2020-03-24,224603.55346085085
2020-03-25,227965.8672021438
2020-03-26,241276.68628313826
2020-03-27,234090.1486640227
2020-03-30,241692.48708364897
2020-03-31,238089.8869896796
2020-04-01,227374.69065166786
2020-04-02,232621.46151787275
2020-04-03,229259.10154395681
2020-04-06,244657.60094975706
2020-04-07,244906.9951291672
2020-04-08,253128.15720783157
2020-04-09,256980.04360509073
2020-04-13,254633.83045239246
2020-04-14,262143.65739336837
2020-04-15,256573.6280270518
2020-04-16,257811.3832212484
2020-04-17,264776.26623476204
2020-04-20,260111.456216179
2020-04-21,252213.6913354953
2020-04-22,257811.3832212484
2020-04-23,257792.9209937916
2020-04-24,261386.21291966087
2020-04-27,265154.97306074144
2020-04-28,263935.72632662463
2020-04-29,270845.16101427056
2020-04-30,268323.41800286365
2020-05-01,261219.92958555502
2020-05-04,261940.54206959493
2020-05-05,264360.63495386904
2020-05-06,262568.59684236144
2020-05-07,265736.9801409863
2020-05-08,270133.9183418281
2020-05-11,270189.27420244983
2020-05-12,264804.0674520676
2020-05-13,260120.70274078174
2020-05-14,263233.69935703627
2020-05-15,264443.7920317963
2020-05-18,272498.62454373186
2020-05-19,269699.76318998093
2020-05-20,274281.4161306367
2020-05-21,272387.7895354937
2020-05-22,272905.0093000221
2020-05-26,276267.4463283097
2020-05-27,280377.98884045606
2020-05-28,279860.645788933
2020-05-29,281107.72456210403
2020-06-01,282243.9683270369
2020-06-02,284580.9349551324
2020-06-03,288368.1573236698
2020-06-04,287610.77449345967
2020-06-05,294981.9806197662
2020-06-08,298547.656258822
2020-06-09,296321.46299546724
2020-06-10,294667.9686442573
2020-06-11,277680.7159703406
2020-06-12,281006.07443497126
2020-06-15,283629.4675735109
2020-06-16,289088.70816421235
2020-06-17,287887.862014055
2020-06-18,287998.72784404183
2020-06-19,286352.87728650344
2020-06-22,288189.8226858317
2020-06-23,289516.57567932963
2020-06-24,282131.4381226216
2020-06-25,285156.06878542266
2020-06-26,278383.08197916445
2020-06-29,282474.6382941265
2020-06-30,286093.0807669152
2020-07-01,288097.1108658149
2020-07-02,289683.567913655
2020-07-06,294155.495429025
2020-07-07,291121.6490633699
2020-07-08,293348.33547470346
2020-07-09,291678.351487952
2020-07-10,294656.4413102525
2020-07-13,292105.17106361425
2020-07-14,295890.48248373374
2020-07-15,298608.9298951895
2020-07-16,297625.46953844244
2020-07-17,298488.2627491238
2020-07-20,300900.5885527316
2020-07-21,301540.7562727277
2020-07-22,303257.03452599025
2020-07-23,299638.80780544225
2020-07-24,297708.9656556052
2020-07-27,299880.04963232763
2020-07-28,297977.97787804744
2020-07-29,301642.7454390959
2020-07-30,300566.57326233207
2020-07-31,302941.7280370369
2020-08-03,305047.80894580216
2020-08-04,306226.0011106828
2020-08-05,308127.91875621956
2020-08-06,310187.73622022243
2020-08-07,310410.3925326563
2020-08-10,311338.2196330435
2020-08-11,308768.148119713
2020-08-12,313073.1450442549
2020-08-13,312507.16527332144
2020-08-14,312516.44261967286
2020-08-17,313509.21114451997
2020-08-18,314186.4266064243
2020-08-19,312878.32077087526
2020-08-20,313852.5037812709
2020-08-21,314965.81616518897
2020-08-24,318157.4698840641
2020-08-25,319270.7822679822
2020-08-26,322471.6208679627
2020-08-27,323176.791655916
2020-08-28,325264.28705022973
2020-08-31,324085.9715983544
2020-09-01,327138.40347846097
2020-09-02,331870.12751341914
2020-09-03,320449.06689810887
2020-09-04,317832.67029651866
2020-09-08,309148.5501418696
2020-09-09,315253.44472383143
2020-09-10,309779.5021590116
2020-09-11,309937.21704698564
2020-09-14,314019.4651938476
2020-09-15,315606.07635043113
2020-09-16,314353.6037712418
2020-09-17,311588.6155192856
2020-09-18,308001.51876490016
2020-09-21,304573.4930554305
2020-09-22,307675.455485659
2020-09-23,300540.18984546565
2020-09-24,301341.277915298
2020-09-25,306212.90186749556
2020-09-28,311298.9219034819
2020-09-29,309603.5407958216
2020-09-30,311951.1409272102
2020-10-01,313953.7840474195
2020-10-02,310973.01273298415
2020-10-05,316487.4550755639
2020-10-06,311988.28113436454
2020-10-07,317418.94996404357
2020-10-08,320232.11260918
2020-10-09,323091.8160948169
2020-10-12,328289.564969753
2020-10-13,326147.14521929895
2020-10-14,324097.7763280972
2020-10-15,323697.3401693014
2020-10-16,323501.6837087075
2020-10-19,318583.3648072661
2020-10-20,319859.47766768973
2020-10-21,319254.04605845123
2020-10-22,321005.1528877174
2020-10-23,322095.16402963665
2020-10-26,316142.77546012256
2020-10-27,315052.8876051981
2020-10-28,304284.78573558433
2020-10-29,307377.40917596413
2020-10-30,304172.9644313886
2020-11-02,307582.25051766343
2020-11-03,313012.9809908398
2020-11-04,320008.5624660345
2020-11-05,326249.5967118973
2020-11-06,326175.1313670966
2020-11-09,330273.6533972594
2020-11-10,329789.4129038141
2020-11-11,332239.12548856565
2020-11-12,329016.15687303594
2020-11-13,333571.2106445845
2020-11-16,337735.0131384426
2020-11-17,335918.59502373246
2020-11-18,331875.8911804215
2020-11-19,333273.13351314096
2020-11-20,330990.9371324423
2020-11-23,332975.0563816974
2020-11-24,338340.5988564245
2020-11-25,337818.87911658944
2020-11-27,338759.74381666654
2020-11-30,337260.01916960004
2020-12-01,340948.64276412356
2020-12-02,341665.98814280384
2020-12-03,341572.8756400543
2020-12-04,344516.3834603406
2020-12-07,343808.4695367552
2020-12-08,344814.4297700355
2020-12-09,341721.96043839905
2020-12-10,341610.10831245466
2020-12-11,341209.5180449154
2020-12-14,339681.93053704605
2020-12-15,344274.12451574893
2020-12-16,344814.4297700355
2020-12-17,346742.6691889414
2020-12-18,345358.1254166764
2020-12-21,344123.37534297566
2020-12-22,343543.31003289734
2020-12-23,343852.11313288007
2020-12-24,345189.74620366056
2020-12-28,348155.2299307527
2020-12-29,347491.0520685382
2020-12-30,347986.91236123425
2020-12-31,349754.90950877476
2021-01-04,344993.31919934973
2021-01-05,347369.3369830175
2021-01-06,349446.1680522894
2021-01-07,354638.06079497706
2021-01-08,356658.6421729156
2021-01-11,354254.4841327069
2021-01-12,354329.35016024037
2021-01-13,355283.5298557454
2021-01-14,354039.3791486986
2021-01-15,351457.5337273739
2021-01-19,354217.09735156316
2021-01-20,359119.01908270904
2021-01-21,359446.4385188919
2021-01-22,358174.2091988014
2021-01-25,359586.7391188641
2021-01-26,359025.475075478
2021-01-27,350250.6773362248
2021-01-28,353262.9484778068
2021-01-29,346190.7133136554
2021-02-01,351953.2707330753
2021-02-02,356930.05849175464
2021-02-03,357210.6288699503
2021-02-04,361270.562070771
2021-02-05,362692.55426767713
2021-02-08,365311.8481136429
2021-02-09,365068.54122959625
2021-02-10,364909.5626499265
2021-02-11,365498.87448460754
2021-02-12,367304.3817002865
2021-02-16,366986.33207570104
2021-02-17,367070.47544958594
2021-02-18,365508.3059397024
2021-02-19,364862.7752354367
2021-02-22,362056.3933750089
2021-02-23,362496.00397637166
2021-02-24,366490.471783005
2021-02-25,357659.60928291053
2021-02-26,355816.80775133386
2021-03-01,364441.8117920228
2021-03-02,361597.9815069539
2021-03-03,356808.3742279826
2021-03-04,352392.94297793537
2021-03-05,358875.8971291544
2021-03-08,357088.975427927
2021-03-09,362187.385806881
2021-03-10,364441.8117920228
2021-03-11,368136.96959726553
2021-03-12,368632.7066029669
2021-03-15,370831.0986490161
2021-03-16,370363.4094346097
2021-03-17,371626.33058660006
2021-03-18,366219.24039465806
2021-03-19,365541.6858935182
2021-03-22,368460.41302786925
2021-03-23,365560.36387321574
2021-03-24,363702.08982380386
2021-03-25,365748.12996614864
2021-03-26,371642.0805001734
2021-03-29,371454.43769423524
2021-03-30,370468.9431020756
2021-03-31,371970.64034105727
2021-04-01,375987.5463807266
2021-04-05,381384.0338911241
2021-04-06,381158.8810170475
2021-04-07,381599.9094188494
2021-04-08,383411.3035885254
2021-04-09,386198.8225387636
2021-04-12,386339.5854649659
2021-04-13,387484.5826065227
2021-04-14,386161.28164887644
2021-04-15,390309.6116248993
2021-04-16,391614.14213760203
2021-04-19,389690.24858525937
2021-04-20,386836.98684509576
2021-04-21,390497.31607433484
2021-04-22,386930.9315350595
2021-04-23,391126.1413908183
2021-04-26,391942.64033498854
2021-04-27,391858.1887436169
2021-04-28,391745.5968957042
2021-04-29,394242.066073197
2021-04-30,391651.71384923777
2021-05-03,392496.4455151951
2021-05-04,390074.9040087332
2021-05-05,390196.988955238
2021-05-06,393312.9136376167
2021-05-07,396175.45272413176
2021-05-10,392252.3989091802
2021-05-11,388751.60305108695
2021-05-12,380492.514810677
2021-05-13,385063.19520880416
2021-05-14,390976.03947476717
2021-05-17,389981.05178401544
2021-05-18,386621.20378261653
2021-05-19,385607.5072904186
2021-05-20,389755.86808819015
2021-05-21,389436.80134589836
2021-05-24,393406.82750583184
2021-05-25,392533.9864050822
2021-05-26,393312.9136376167
2021-05-27,393519.4193537445
2021-05-28,394223.35727175075
2021-06-01,393876.057807672
2021-06-02,394495.4516690606
2021-06-03,393031.4494287094
2021-06-04,396625.9434027771
2021-06-07,396241.2263358059
2021-06-08,396325.70874892623
2021-06-09,395734.3935005812
2021-06-10,397573.8971050496
2021-06-11,398230.89349982265
2021-06-14,399122.4742237671
2021-06-15,398390.48851446586
2021-06-16,396166.1445560317
2021-06-17,396034.62815443205
2021-06-18,390692.07870421716
2021-06-21,396285.17814941757
2021-06-22,398403.8035098938
2021-06-23,397923.5390220277
2021-06-24,400277.58089888963
2021-06-25,401699.449808801
2021-06-28,402509.1679682626
2021-06-29,402725.8448614534
2021-06-30,403064.66834464634
2021-07-01,405296.3478792654
2021-07-02,408394.2726604174
2021-07-06,407650.3897561273
2021-07-07,409090.9982892336
2021-07-08,405757.78027869057
2021-07-09,410089.1297983503
2021-07-12,411558.03269674093
2021-07-13,410155.0575187678
2021-07-14,410767.0849822229
2021-07-15,409364.14062599844
2021-07-16,406153.1924924523
2021-07-19,400155.1569131494
2021-07-20,405889.51243253093
2021-07-21,409175.7889198407
2021-07-22,410032.63353302755
2021-07-23,414251.08298728784
2021-07-26,415268.04658484546
2021-07-27,413375.34464216273
2021-07-28,413205.9174896919
2021-07-29,414919.54507256835
2021-07-30,412904.57325288875
2021-08-02,412038.2663628584
2021-08-03,415390.4089270883
2021-08-04,413347.1427421244
2021-08-05,415964.77221366164
2021-08-06,416652.158852629
2021-08-09,416313.2120824414
2021-08-10,416831.1099254406
2021-08-11,417866.84396794176
2021-08-12,419119.19326013635
2021-08-13,419881.93907461606
2021-08-16,420870.5466633919
2021-08-17,418111.6302959249
2021-08-18,413535.4019830361
2021-08-19,414175.72381177556
2021-08-20,417471.3392889341
2021-08-23,421143.6581784081
2021-08-24,421812.2127289346
2021-08-25,422697.25924215984
2021-08-26,420201.99211286544
2021-08-27,423959.07081119786
2021-08-30,425823.4167450989
2021-08-31,425192.58801495156
2021-09-01,425418.5114327451
2021-09-02,426727.4186337597
2021-09-03,426623.76509296306
2021-09-07,425098.3042857523
2021-09-08,424580.5297297478
2021-09-09,422763.24860607466
2021-09-10,419429.87648678833
2021-09-13,420503.30552791996
2021-09-14,418234.0542816651
2021-09-15,421727.4529200762
2021-09-16,421058.867547801
2021-09-17,416957.324986268
2021-09-20,410004.8631374707
2021-09-21,409617.5570436107
2021-09-22,413613.3501854371
2021-09-23,418638.71302002954
2021-09-24,419328.3188249016
2021-09-27,418128.6747229426
2021-09-28,409702.6558917046
2021-09-29,410392.1692313306
2021-09-30,405376.1762083357
2021-10-01,410193.70799160725
2021-10-04,404903.9561968739
2021-10-05,409116.91937986994
2021-10-06,410817.2936108158
2021-10-07,414369.0994629674
2021-10-08,413613.3501854371
2021-10-11,410618.83237109234
2021-10-12,409608.1564102646
2021-10-13,411081.744214454
2021-10-14,417996.4185993748
2021-10-15,421179.78126785613
2021-10-18,422426.73675403243
2021-10-19,425685.6435285181
2021-10-20,427357.6617506822
2021-10-21,428472.26864804473
2021-10-22,428028.3121801187
2021-10-25,430323.73109099927
2021-10-26,430711.0680066079
2021-10-27,428802.92436783854
2021-10-28,432940.3434448302
2021-10-29,433818.8557473362
2021-11-01,434565.1119262743
2021-11-02,436322.0440660402
2021-11-03,438985.99862583715
2021-11-04,441054.72357520735
2021-11-05,442584.99257521145
2021-11-08,442962.83639222797
2021-11-09,441498.6800431334
2021-11-10,437946.843369233
2021-11-11,438088.56176964426
2021-11-12,441394.7491065986
2021-11-15,441545.8373186073
2021-11-16,443293.4921120218
2021-11-17,442216.6110350385
2021-11-18,443718.5548480096
2021-11-19,442925.1105718488
2021-11-22,441678.15508567245
2021-11-23,442263.73748876376
2021-11-24,443444.5803240305
2021-11-26,433554.4051436979
2021-11-29,438872.5745907103
2021-11-30,430333.1933678427
2021-12-01,425553.418226699
2021-12-02,432071.26259741903
2021-12-03,428311.7489809412
2021-12-06,433384.36155625357
2021-12-07,442348.77469336026
2021-12-08,443520.12443003483
2021-12-09,440525.7299026848
2021-12-10,444672.5804347712
2021-12-13,440733.49931050825
2021-12-14,437701.28649753303
2021-12-15,444540.38595470076
2021-12-16,440620.1985623761
2021-12-17,435930.70032310375
2021-12-20,431295.2942527574
2021-12-21,438954.6529074339
2021-12-22,443343.6390971173
2021-12-23,446102.1856036002
2021-12-27,452415.40438486176
2021-12-28,452045.75915299304
2021-12-29,452623.9751581508
2021-12-30,451372.7662706572
2021-12-31,450235.19717053126
2022-01-03,452842.0082082833
2022-01-04,452690.33438304975
2022-01-05,443997.6766040175
2022-01-06,443580.62752268545
2022-01-07,441826.9316665305
2022-01-10,441277.1333136518
2022-01-11,445296.38180622045
2022-01-12,446500.2793094967
2022-01-13,440348.1349868149
2022-01-14,440528.2572860762
2022-01-18,432726.65626126097
2022-01-19,428233.36927405867
2022-01-20,423493.7240496908
2022-01-21,415180.2354228681
2022-01-24,416943.4243776152
2022-01-25,411852.9351880709
2022-01-26,410819.72852896113
2022-01-27,408791.0718528695
2022-01-28,418943.5092926844
2022-01-31,426489.16651649587
2022-02-01,429370.90755243594
2022-02-02,433541.8298702382
2022-02-03,423351.54332304944
2022-02-04,425342.1967830238
2022-02-07,423977.1939994192
2022-02-08,427465.56869279617
2022-02-09,433722.0446347455
2022-02-10,425929.9058867737
2022-02-11,417531.10265961644
2022-02-14,416166.13069776056
2022-02-15,422877.6281154105
2022-02-16,423351.54332304944
2022-02-17,414308.07240058936
2022-02-18,411625.4090393462
2022-02-22,407208.00519738375
2022-02-23,399984.6509994749
2022-02-24,406004.16933760484
2022-02-25,414962.17155098694
2022-02-28,413900.5472395981
2022-03-01,407596.6674481854
2022-03-02,415094.8900007849
2022-03-03,413028.38421731937
2022-03-04,409672.66633024305
2022-03-07,397595.9346553527
2022-03-08,394581.44434786605
2022-03-09,405160.42396760517
2022-03-10,403330.93743145646
2022-03-11,398202.6299562869
2022-03-14,395292.4404463191
2022-03-15,403985.0057601053
2022-03-16,412943.10043873347
2022-03-17,418109.4111300202
2022-03-18,422688.81408302265
2022-03-21,422565.2805143301
2022-03-22,427509.85954564327
2022-03-23,422004.26304493344
2022-03-24,428365.65621937515
2022-03-25,430457.5899454982
2022-03-28,433519.51492419693
2022-03-29,438882.4683720352
2022-03-30,436172.4352979679
2022-03-31,429459.1810406434
2022-04-01,430676.3627175989
2022-04-04,434365.7260340906
2022-04-05,428879.08490881644
2022-04-06,424590.57761981606
2022-04-07,426730.1309476432
2022-04-08,425589.0789899169
2022-04-11,418314.8072631957
2022-04-12,416764.81234403903
2022-04-13,421538.23820495553
2022-04-14,416289.35604896635
2022-04-18,416460.509219363
2022-04-19,423183.37986227433
2022-04-20,422869.46035201143
2022-04-21,416546.1320371843
2022-04-22,405116.4721539935
2022-04-25,407465.1510465858
2022-04-26,395664.61306157924
2022-04-27,396777.12408003176
2022-04-28,406799.4937404349
2022-04-29,391765.9700715789
2022-05-02,394124.0804192661
2022-05-03,395930.82050489204
2022-05-04,407988.1036563679
2022-05-05,393487.02569588623
2022-05-06,391138.40844679123
2022-05-09,378615.1620988348
2022-05-10,379490.03743499704
2022-05-11,373461.39585925906
2022-05-12,373071.5007385104
2022-05-13,381990.82165730436
2022-05-16,380440.8883816451
2022-05-17,388266.7769444168
2022-05-18,372615.03064062196
2022-05-19,370332.957546918
2022-05-20,370494.58679697383
2022-05-23,377426.5213611531
2022-05-24,374545.4275819352
2022-05-25,377854.48134151637
2022-05-26,385404.5768971372
2022-05-27,394865.9290881436
2022-05-31,392650.24604108726
2022-06-01,389474.3114140368
2022-06-02,396891.22619362955
2022-06-03,390377.6352242268
2022-06-06,391566.3067836572
2022-06-07,395322.306720786
2022-06-08,391024.2755114448
2022-06-09,381724.5217487456
2022-06-10,370656.27769052703
2022-06-13,356583.12888866
2022-06-14,355508.590264576
2022-06-15,360576.88779507374
2022-06-16,348643.1998557878
2022-06-17,349394.78819724685
2022-06-21,358190.2673298615
2022-06-22,357540.9147287601
2022-06-23,361045.6865924325
2022-06-24,372524.7537387506
2022-06-27,371101.80606763554
2022-06-28,363519.19356716174
2022-06-29,363223.1506711308
2022-06-30,360272.12234416755
2022-07-01,364082.5843112065
2022-07-05,364770.2175241633
2022-07-06,366002.1319969858
2022-07-07,371483.8416424719
2022-07-08,371178.2440043515
2022-07-11,366938.0960390234
2022-07-12,363691.1172812753
2022-07-13,361781.03187233943
2022-07-14,360902.48874808475
2022-07-15,367797.49885735044
2022-07-18,364760.6627820738
2022-07-19,374616.16349514615
2022-07-20,377003.67779106996
2022-07-21,380842.77316262864
2022-07-22,377309.2446074417
2022-07-25,377767.7489407427
2022-07-26,373298.3488087642
2022-07-27,382991.5421933098
2022-07-28,387795.1733679286
2022-07-29,393448.77590577956
2022-08-01,392283.65216233744
2022-08-02,389695.611569529
2022-08-03,395798.0712333454
2022-08-04,395530.56927658827
2022-08-05,394862.0763695591
2022-08-08,394403.6953232528
2022-08-09,392837.54980779
2022-08-10,401088.7168587903
2022-08-11,401088.7168587903
2022-08-12,407878.71727031755
2022-08-15,409559.5505126029
2022-08-16,410361.71734363894
2022-08-17,407448.93880678236
2022-08-18,408633.1720344034
2022-08-19,403141.90764682787
2022-08-22,394747.51192973123
2022-08-23,393792.5308687606
2022-08-24,395053.10956785164
2022-08-25,400630.39745598135
2022-08-26,387069.29036486516
2022-08-29,384509.9139983251
2022-08-30,380288.87551717606
2022-08-31,377395.2064644985
2022-09-01,378579.4396921196
2022-09-02,374587.53009062633
2022-09-06,373174.2296268468
2022-09-07,379878.1757160712
2022-09-08,382361.23743289
2022-09-09,388301.32812468236
2022-09-12,392474.62371713266
2022-09-13,375408.8680493387
2022-09-14,376841.3396407946
2022-09-15,372563.0343506059
2022-09-16,369720.6835094735
2022-09-19,372587.87668003864
2022-09-20,368311.11247728375
2022-09-21,361886.2881440672
2022-09-22,358846.61646791245
2022-09-23,352834.1563102293
2022-09-26,349343.6857379424
2022-09-27,348451.92008350586
2022-09-28,355308.187254686
2022-09-29,347886.21770831046
2022-09-30,342506.58969443856
2022-10-03,351549.1976079357
2022-10-04,362442.4665989218
2022-10-05,361598.72122892214
2022-10-06,357868.5499171837
2022-10-07,347886.21770831046
2022-10-10,345229.9994074311
2022-10-11,343043.56619986816
2022-10-12,341912.03816248267
2022-10-13,350935.50577005214
2022-10-14,342938.1249976483
2022-10-17,351750.5869137833
2022-10-18,355883.56765896565
2022-10-19,353361.5472518207
2022-10-20,350398.4984428739
2022-10-21,358913.7154147796
2022-10-24,363305.5680270899
2022-10-25,369106.96084984124
2022-10-26,366326.1302190657
2022-10-27,364369.9354741108
2022-10-28,373038.58311092464
2022-10-31,370344.0533764413
2022-11-01,368723.4150093197
2022-11-02,359469.86304788553
2022-11-03,355768.5408929076
2022-11-04,360889.0812874108
2022-11-07,364341.20960434503
2022-11-08,366306.92826964066
2022-11-09,358760.2847498715
2022-11-10,378475.6628643282
2022-11-11,382138.73522919946
2022-11-14,378887.9653963642
2022-11-15,382119.56410152314
2022-11-16,379204.4431117672
2022-11-17,378044.09673936985
2022-11-18,379760.5907448731
2022-11-21,378379.8072259465
2022-11-22,383471.6217506839
2022-11-23,385888.10849036294
2022-11-25,385801.7767723221
2022-11-28,379645.56397881504
2022-11-29,378993.4682420814
2022-11-30,390931.99519590946
2022-12-01,390644.36663726706
2022-12-02,390193.660206381
2022-12-05,383174.3459847059
2022-12-06,377650.96533501014
2022-12-07,377008.48598386336
2022-12-08,379961.949228972
2022-12-09,377123.5127499214
2022-12-12,382560.684968571
2022-12-13,385456.6040089019
2022-12-14,382992.12780653464
2022-12-15,373623.5490790424
2022-12-16,369212.4636955584
2022-12-19,366081.6212868207
2022-12-20,366582.6288115456
2022-12-21,372063.84530905285
2022-12-22,366756.0011478469
2022-12-23,368865.6882012072
2022-12-27,367411.0557724534
2022-12-28,362844.9061713816
2022-12-29,369376.2196462729
2022-12-30,368403.23868407565
2023-01-03,366852.3499342074
2023-01-04,369684.46795477945
2023-01-05,365465.18631330493
2023-01-06,373846.0512827329
2023-01-09,373634.1209388382
2023-01-10,376254.40108076157
2023-01-11,381013.1249675597
2023-01-12,382400.35023195954
2023-01-13,383883.9242827199
2023-01-17,383180.6336214358
2023-01-18,377130.97161310096
2023-01-19,374385.5243498052
2023-01-20,381359.9312836597
2023-01-23,385935.72809206706
2023-01-24,385521.5146116131
2023-01-25,385666.0069694052
2023-01-26,389904.64466904814
2023-01-27,390800.54043780727
2023-01-30,385897.20090622234
2023-01-31,391571.1149764506
2023-02-01,395732.7599479014
2023-02-02,401493.4064189034
2023-02-03,397225.9195624999
2023-02-06,394798.27534980024
2023-02-07,399961.71961846016
2023-02-08,395588.298411858
2023-02-09,392158.79325845186
2023-02-10,393073.983441882
2023-02-13,397688.21497088805
2023-02-14,397505.2570707486
2023-02-15,398796.07190529053
2023-02-16,393305.11573520175
2023-02-17,392322.580030915
2023-02-21,384452.18486305536
2023-02-22,383922.42064681597
2023-02-23,385964.63889232493
2023-02-24,381841.64439371356
2023-02-27,383142.1372573397
2023-02-28,381726.0320144307
2023-03-01,380261.7523783414
2023-03-02,383219.1608072805
2023-03-03,389365.17160197586
2023-03-06,389634.92354638636
2023-03-07,383662.2850879923
2023-03-08,384288.4597340896
2023-03-09,377198.40959920356
2023-03-10,371755.627822295
2023-03-13,371225.7711408095
2023-03-14,377362.19637166674
2023-03-15,375002.08261031564
2023-03-16,381581.5088348899
2023-03-17,377119.8141400803
2023-03-20,380746.054515284
2023-03-21,385745.4654374914
2023-03-22,379169.86110975296
2023-03-23,380194.9000054636
2023-03-24,382689.6739867792
2023-03-27,383405.2933475336
2023-03-28,382544.6884810083
2023-03-29,388104.93194212025
2023-03-30,390377.32700674003
2023-03-31,395879.5639368442
2023-04-03,397388.1036040319
2023-04-04,395183.3622777555
2023-04-05,394148.706996458
2023-04-06,395686.1882856523
2023-04-10,396092.32646795316
2023-04-11,396198.6923226333
2023-04-12,394583.78680076543
2023-04-13,399824.932697837
2023-04-14,398848.25312579866
2023-04-17,400279.43020381016
2023-04-18,400540.52123684273
2023-04-19,400472.83667675074
2023-04-20,398287.3897651454
2023-04-21,398596.8709435989
2023-04-24,399012.6563332353
2023-04-25,392678.8178021097
2023-04-26,391015.5221348209
2023-04-27,398800.01708912104
2023-04-28,402203.7244388856
2023-05-01,401797.70954357943
2023-05-02,397281.73774935177
2023-05-03,394554.72189176414
2023-05-04,391760.23722632526
2023-05-05,399012.6563332353
2023-05-08,399119.0530096641
2023-05-09,397368.7475458635
2023-05-10,399225.32639909827
2023-05-11,398529.12474000955
2023-05-12,398006.94267394434
2023-05-15,399380.113220948
2023-05-16,396711.13471611694
2023-05-17,401526.8788379653
2023-05-18,405394.82336628455
2023-05-19,404805.04920537333
2023-05-22,404969.4215910613
2023-05-23,400424.5081748271
2023-05-24,397523.4419024673
2023-05-25,400965.923012066
2023-05-26,406158.70958546526
2023-05-30,406313.496407315
2023-05-31,404060.36493561766
2023-06-01,407899.33702018164
2023-06-02,413798.03410350246
2023-06-05,413005.14461881784
2023-06-06,413904.43077993125
2023-06-07,412473.28452366847
2023-06-08,414968.15097023005
2023-06-09,415712.711952991
2023-06-12,419484.0302992117
2023-06-13,422249.66580789007
2023-06-14,422752.46099403815
2023-06-15,427993.6068911097
2023-06-16,426535.79982224235
2023-06-20,424322.8290890695
2023-06-21,422148.7862244742
2023-06-22,423672.5210137591
2023-06-23,420469.648178366
2023-06-26,418751.61308542895
2023-06-27,423342.60501593346
2023-06-28,423556.0456255133
2023-06-29,425225.5056425373
2023-06-30,430243.4712574475
2023-07-03,430738.43771943194
2023-07-05,430097.9001384518
2023-07-06,426729.9460171511
2023-07-07,425652.571792189
2023-07-10,426729.9460171511
2023-07-11,429447.53041964397
2023-07-12,432902.86419844045
2023-07-13,436338.78027557116
2023-07-14,436067.0249174967
2023-07-17,437581.1124994461
2023-07-18,440832.5912325009
2023-07-19,441812.907770883
2023-07-20,438881.6670065696
2023-07-21,438881.6670065696
2023-07-24,440842.33090508246
2023-07-25,442045.76608212857
2023-07-26,442113.7588597074
2023-07-27,439182.57973889133
2023-07-28,443482.275322661
2023-07-31,444326.72959288023
2023-08-01,443055.239994758
2023-08-02,436892.0614860502
2023-08-03,435639.95876784506
2023-08-04,433669.64766199666
2023-08-07,437454.9282603674
2023-08-08,435552.5482886005
2023-08-09,432640.7560477015
2023-08-10,432796.0976610275
2023-08-11,432543.76000461885
2023-08-14,434931.428409286
2023-08-15,429864.8877184628
2023-08-16,426710.49749373674
2023-08-17,423459.0187606819
2023-08-18,423662.8429846749
2023-08-21,426419.2627904992
2023-08-22,425264.3102241201
2023-08-23,430000.78080837434
2023-08-24,424041.3340584136
2023-08-25,427030.76628422685
2023-08-28,429738.7343011328
2023-08-29,435950.48788575357
2023-08-30,437746.0704983589
2023-08-31,437105.50209563004
2023-09-01,437920.82981335063
2023-09-05,436028.1278706679
2023-09-06,433096.97957160056
2023-09-07,431767.26769022975
2023-09-08,432417.5757655402
2023-09-11,435261.37522886036
2023-09-12,432873.73764594184
2023-09-13,433378.4129587592
2023-09-14,437115.2417682116
2023-09-15,431848.7603937285
2023-09-18,432101.89941560273
2023-09-19,431205.8187163516
2023-09-20,427241.6486886666
2023-09-21,420179.98538431094
2023-09-22,419235.2679656494
2023-09-25,420998.17952465836
2023-09-26,414813.17921788816
2023-09-27,414978.7536517745
2023-09-28,417384.6377099091
2023-09-29,416371.65011793067
2023-10-02,416206.0448622957
2023-10-03,410634.6747499117
2023-10-04,413624.90834119054
2023-10-05,413469.1044016344
2023-10-06,418378.0843132271
2023-10-09,421056.6483818964
2023-10-10,423248.16717799084
2023-10-11,424981.8597192552
2023-10-12,422391.0143473172
2023-10-13,420287.1834262053
2023-10-16,424709.2105304692
2023-10-17,424689.6695418087
2023-10-18,419030.6731979395
2023-10-19,415348.9228533707
2023-10-20,410245.11866839847
2023-10-23,409534.03010469937
2023-10-24,412621.69124354236
2023-10-25,406699.6312747253
2023-10-26,401829.64087520755
2023-10-27,400008.1988154632
2023-10-30,404790.6246269931
2023-10-31,407332.7716360233
2023-11-01,411676.91218138346
2023-11-02,419566.44765517075
2023-11-03,423394.26226671407
2023-11-06,424368.2603466176
2023-11-07,425576.0722119757
2023-11-08,425887.7109128366
2023-11-09,422566.35927553376
2023-11-10,429160.425830729
2023-11-13,428751.35958230396
2023-11-14,437069.4098279307
2023-11-15,437994.7403666752
2023-11-16,438530.4840021577
2023-11-17,439075.9364884731
2023-11-20,442455.7569830139
2023-11-21,441491.40611044585
2023-11-22,443195.9720992116
2023-11-24,443468.6521097463
2023-11-27,442670.0606015567
2023-11-28,443108.31504597765
2023-11-29,442796.6455233681
2023-11-30,444540.077737214
2023-12-01,447169.9434429755
2023-12-04,444822.5898855763
2023-12-05,444734.9020105937
2023-12-06,442942.7406120913
2023-12-07,446322.59192838083
2023-12-08,448241.36907044327
2023-12-11,449984.8321060378
2023-12-12,452040.0263077393
2023-12-13,458273.72497741727
2023-12-14,459744.47718072846
2023-12-15,458987.52585499984
2023-12-18,461569.40209807316
2023-12-19,464376.1229977364
2023-12-20,457941.12748745683
2023-12-21,462283.29544090177
2023-12-22,463212.32458948734
2023-12-26,465168.3035822014
2023-12-27,466009.30581656896
2023-12-28,466185.3596450051
2023-12-29,464835.7369139897
2024-01-02,462234.3505040046
2024-01-03,458459.4876566862
2024-01-04,456982.6943906346
2024-01-05,457608.5916409938
2024-01-08,464141.38455982157
2024-01-09,463437.32335482055
2024-01-10,466058.1891099688
2024-01-11,465852.7929767933
2024-01-12,466175.5891506749
2024-01-16,464464.1499119544
2024-01-17,461882.3661341271
2024-01-18,465989.7340061598
2024-01-19,471798.86308782885
2024-01-22,472796.378161972
2024-01-23,474175.2815542294
2024-01-24,474693.6109017101
2024-01-25,477275.45632303477
2024-01-26,476669.13088308467
2024-01-29,480444.0245521517
2024-01-30,480072.4067283677
2024-01-31,472238.9360154217
2024-02-01,478419.6829208747
2024-02-02,483456.17240673903
2024-02-05,481695.8498746188
2024-02-06,483094.3250772853
2024-02-07,487123.5598164249
2024-02-08,487338.7264439306
2024-02-09,490155.217837924
2024-02-12,489940.082032167
2024-02-13,483192.0916640849
2024-02-14,487583.2045544269
2024-02-15,490947.3676006404
2024-02-16,488502.46320868225
2024-02-20,485813.0498844791
2024-02-21,486253.15363382065
2024-02-22,496316.4545764652
2024-02-23,496658.6992737611
2024-02-26,494839.6613104135
2024-02-27,495758.9507864175
2024-02-28,495103.74205306766
2024-02-29,496883.57475209964
2024-03-01,501548.44641418004
2024-03-04,501010.6377215362
2024-03-05,496003.3980751652
2024-03-06,498516.8192144296
2024-03-07,503465.2817860759
2024-03-08,500443.39425890706
2024-03-11,500013.15346914175
2024-03-12,505391.9184740507
2024-03-13,504599.6762460883
2024-03-14,503602.19199369376
2024-03-15,500144.2075445112
2024-03-18,503116.6569868041
2024-03-19,505912.4978091847
2024-03-20,510591.8248713941
2024-03-21,512279.25396789605
2024-03-22,511308.0914888707
2024-03-25,509895.28417306993
2024-03-26,508953.67975102464
2024-03-27,513230.6905277689
2024-03-28,513132.6465452313
2024-04-01,512239.9562383344
2024-04-02,508983.022055764
2024-04-03,509542.2518637375
2024-04-04,503322.6079114557
2024-04-05,508580.89070079103
2024-04-08,508865.34461931983
2024-04-09,509453.9475537814
2024-04-10,504352.7015739492
2024-04-11,508158.9409614195
2024-04-12,501144.86643701926
2024-04-15,494866.3837665154
2024-04-16,493963.861321791
2024-04-17,491040.48010338994
2024-04-18,490030.0507165516
2024-04-19,485752.8550093153
2024-04-22,490226.2619686217
2024-04-23,496043.6204571871
2024-04-24,495808.2347625501
2024-04-25,493924.62523572677
2024-04-26,498604.0139414334
2024-04-29,500369.82274481794
2024-04-30,492443.3319943684
2024-05-01,490844.23802957125
2024-05-02,495435.3840688191
2024-05-03,501576.4633837263
2024-05-06,506756.1198921897
2024-05-07,507315.3497001632
2024-05-08,507364.3562805577
2024-05-09,510287.73749895877
2024-05-10,510945.0421112186
2024-05-13,511013.6821455196
2024-05-14,513358.2925672867
2024-05-15,519715.2782316678
2024-05-16,518645.94848311006
2024-05-17,519391.46494007995
2024-05-20,519989.90001236903
2024-05-21,521265.18068557844
2024-05-22,519764.22316856496
2024-05-23,515967.8467406709
2024-05-24,519381.5403370064
2024-05-28,519744.62053640716
2024-05-29,516105.0343440268
2024-05-30,512681.32367937174
2024-05-31,517351.00353424554
2024-06-03,517772.768343125
2024-06-04,518351.4774962616
2024-06-05,524512.31355207
2024-06-06,524502.4505924938
2024-06-07,523864.9335428837
2024-06-10,525483.506852844
2024-06-11,526749.0478534718
2024-06-12,531075.0652106106
2024-06-13,532144.518246163
2024-06-14,532468.2698942536
2024-06-17,536706.1370501795
2024-06-18,538069.6912115964
2024-06-20,536608.0006023959
2024-06-21,535888.620988303
2024-06-24,534146.6373966448
2024-06-25,536203.5576162721
2024-06-26,536872.7594235209
2024-06-27,537719.2479291527
2024-06-28,535603.2115955652
2024-07-01,536705.5206152061
2024-07-02,540317.3364120295
2024-07-03,542728.645097931
2024-07-05,545858.2854584705
2024-07-08,546488.0970709114
2024-07-09,547019.5256615794
2024-07-10,552432.4411640211
2024-07-11,547669.0631931729
2024-07-12,551123.5031412578
2024-07-15,552639.1318106409
2024-07-16,555916.4083473374
2024-07-17,548121.8346812202
2024-07-18,543909.5495766951
2024-07-19,540297.6721363743
2024-07-22,545868.0867745493
2024-07-23,545011.9202398333
2024-07-24,532660.535962493
2024-07-25,529885.2224247305
2024-07-26,535819.7652017613
2024-07-29,536134.7018297304
2024-07-30,533418.3811189333
2024-07-31,542088.847238919
2024-08-01,534412.4441572248
2024-08-02,524462.4439627125
2024-08-05,509188.1407932014
2024-08-06,513882.66297750786
2024-08-07,510447.8256615808
2024-08-08,522248.0862508493
2024-08-09,524550.902381412
2024-08-12,524826.5721015683
2024-08-13,533457.771313741
2024-08-14,535140.7004349363
2024-08-15,544313.0679103585
2024-08-16,545533.4242274277
2024-08-19,550749.5736863231
2024-08-20,549853.9553133021
2024-08-21,551743.5134376199
2024-08-22,547413.1810356666
2024-08-23,553229.6148717717
2024-08-26,551910.7522459348
2024-08-27,552668.7206893697
2024-08-28,549460.2382957176
2024-08-29,549509.4298066042
2024-08-30,554755.0448572338
2024-09-03,543338.7307912195
2024-09-04,542226.6820989972
2024-09-05,540907.8811166575
2024-09-06,531804.2461407824
2024-09-09,537758.5148369656
2024-09-10,540100.8444493308
2024-09-11,545641.855139269
2024-09-12,550237.8093713104
2024-09-13,553111.5675743434
2024-09-16,553928.3439142518
2024-09-17,554154.7604800242
2024-09-18,552511.2831971338
2024-09-19,561939.5328300624
2024-09-20,560968.092955299
2024-09-23,562369.9277285711
2024-09-24,563979.0079399393
2024-09-25,562735.1654503791
2024-09-26,564966.290193522
2024-09-27,564146.8015397302
2024-09-30,566407.4535181045
2024-10-01,561333.3923206044
2024-10-02,561570.3499244238
2024-10-03,560543.4925455413
2024-10-04,565637.5262361834
2024-10-07,560523.7666263888
2024-10-08,565825.0457551269
2024-10-09,569744.2776732426
2024-10-10,568747.1941035809
2024-10-11,572152.8740452606
2024-10-14,576832.293572716
2024-10-15,572350.379810775
2024-10-16,574838.18807689
2024-10-17,574887.5028747711
2024-10-18,577098.7784117669
2024-10-21,576151.1329269811
2024-10-22,575845.0113191332
2024-10-23,570583.3073156949
2024-10-24,571817.2868456787
2024-10-25,571619.8427236616
2024-10-28,573386.9152187417
2024-10-29,574314.834784375
2024-10-30,572577.4744550183
2024-10-31,561353.1798832542
2024-11-01,563722.3860604647
2024-11-04,562508.1940931306
2024-11-05,569309.875947406
2024-11-06,583466.0585402056
2024-11-07,587977.499537378
2024-11-08,590524.5472044477
2024-11-11,591087.1057612781
2024-11-12,589250.9925491641
2024-11-13,589537.2649508648
2024-11-14,585746.4980812297
2024-11-15,578243.8680185697
2024-11-18,580613.1358392774
2024-11-19,582735.5214530921
2024-11-20,582933.0888621039
2024-11-21,586062.3593616593
2024-11-22,587878.8082981181
2024-11-25,589873.0370809388
2024-11-26,592952.8694956183
2024-11-27,591156.3314088039
2024-11-29,594828.4961895345
2024-12-02,595894.8054067221
2024-12-03,596171.0915618519
2024-12-04,599873.0917953006
2024-12-05,598885.8711852152
2024-12-06,600021.1594759391
2024-12-09,596931.3408146888
2024-12-10,595075.3783964276
2024-12-11,599675.7093167809
2024-12-12,596585.7057250385
2024-12-13,596467.3502101236
2024-12-16,599014.3362336959
2024-12-17,596546.1922432362
2024-12-18,578767.0980240898
2024-12-19,578589.3798212253
2024-12-20,585538.8827821497
2024-12-23,589045.1032680098
2024-12-24,595592.4440522126
2024-12-26,595632.0191775124
2024-12-27,589362.1974183863
2024-12-30,582636.5836398428
2024-12-31,580516.971983409
2025-01-02,579090.5414546935
2025-01-03,586331.1866536095
2025-01-06,589708.8188039942
2025-01-07,583042.691000395
2025-01-08,583894.5424902964
2025-01-10,574979.9681207985
2025-01-13,575871.456379497
2025-01-14,576663.8218944541
2025-01-15,587153.3876212848
2025-01-16,586024.1403933013
2025-01-17,591907.827285017
2025-01-21,597325.8591977389
2025-01-22,600683.7037854738
2025-01-23,603962.2131921173
2025-01-24,602199.147524365
2025-01-27,593680.7559123456
2025-01-28,598781.8786051831
2025-01-29,596097.4892260141
2025-01-30,599296.9100255555
2025-01-31,596107.5371160824
2025-02-03,592096.0248824314
2025-02-04,596067.9619907826
2025-02-05,598484.6953044512
2025-02-06,600564.8551225801
2025-02-07,595067.4880287666
2025-02-10,599108.7124281412
2025-02-11,599564.4428040613
2025-02-12,597632.8438145497
2025-02-13,603942.4256294675
2025-02-14,603912.6518202467
2025-02-18,605685.70373457
2025-02-19,607112.0109762907
2025-02-20,604586.2919593047
2025-02-21,594245.3487045887
2025-02-24,591541.2334062671
2025-02-25,588599.3591386606
2025-02-26,588896.60408289
2025-02-27,579496.6488152457
2025-02-28,588540.0580942085
2025-03-03,578228.8270052159
2025-03-04,571384.426207276
2025-03-05,577525.5979874291
2025-03-06,567273.8528733809
2025-03-07,570453.3011797804
2025-03-10,555258.9188045856
2025-03-11,550643.1770098944
2025-03-12,553565.2020713537
2025-03-13,546185.8590033967
2025-03-14,557467.7286016871
2025-03-17,561766.5611764939
2025-03-18,555694.8616178558
2025-03-19,561746.7119703466
2025-03-20,560122.3441716353
2025-03-21,560307.1513766954
2025-03-24,570341.4798755846
2025-03-25,571712.4312566837
2025-03-26,564887.20158642
2025-03-27,563387.045434872
2025-03-28,552041.2515298281
2025-03-31,555747.0120166152
2025-04-01,557316.6403896784
2025-04-02,560843.6347341461
2025-04-03,533204.7864006101
2025-04-04,501989.41317248455
2025-04-07,501095.3050651486
2025-04-08,493246.7933388488
2025-04-09,545047.2419638158
2025-04-10,521163.77713243506
2025-04-11,530462.7603514175
2025-04-14,535609.1293713109
2025-04-15,534108.8499327684
2025-04-16,522236.68220383924
2025-04-17,522981.7671563277
2025-04-21,510533.3868359048
2025-04-22,523816.29682347336
2025-04-23,531933.1426937445
2025-04-24,543129.7593351977
2025-04-25,547054.1076635936
2025-04-28,547262.647615134
2025-04-29,550710.1218480181
2025-04-30,550928.5864026322
2025-05-01,554832.9622378862
2025-05-02,563069.0266320353
2025-05-05,559840.2018842571
2025-05-06,555160.9056437965
2025-05-07,557495.59146249
2025-05-08,561380.1180915969
2025-05-09,560664.8685918265
2025-05-12,579193.362808276
2025-05-13,583018.3418189412
2025-05-14,583763.4267714296
2025-05-15,586614.7467414268
2025-05-16,590330.3701877902
2025-05-19,590976.0858225479
2025-05-20,588989.1309724146
2025-05-21,579064.1580378271
2025-05-22,579292.7321260067
2025-05-23,575338.5483448927
2025-05-27,587300.2840754736
2025-05-28,583902.4945014548
2025-05-29,586207.4065109275
2025-05-30,585551.6429861014
2025-06-02,588850.0632423895
2025-06-03,592208.0311171191
2025-06-04,592048.9908939521
2025-06-05,589187.8079643787
2025-06-06,595238.1788729331
2025-06-09,595774.6005868865
2025-06-10,599152.4793112607
2025-06-11,597443.6599211778
2025-06-12,599818.1057956631
2025-06-13,593112.0946492774
2025-06-16,598755.1253273325
2025-06-17,593638.7150471518
2025-06-18,593549.2086889973
2025-06-20,592155.2642833862
2025-06-23,598004.1842425956
2025-06-24,604610.5178537639
2025-06-25,604949.3721587055
2025-06-26,609682.3598853593
2025-06-27,612711.4597017183
2025-06-30,615640.9436263572
2025-07-01,615441.7118429169
2025-07-02,618231.7581765465
2025-07-03,623104.1834942097
2025-07-07,618460.825412705
2025-07-08,618122.0943947581
2025-07-09,621828.7795340056
2025-07-10,623582.5370336579
2025-07-11,621390.3093373438
2025-07-14,622576.0836523987
2025-07-15,619915.6735936995
2025-07-16,621988.1896181568
2025-07-17,625794.5522926217
2025-07-18,625336.1712463155
2025-07-21,626521.9455613703
2025-07-22,626611.6368500169
2025-07-23,631942.4432139863
2025-07-24,632151.722887495
2025-07-25,634822.1191927651
2025-07-28,634662.7707521113
2025-07-29,632988.7182945346
2025-07-30,632191.544586784
2025-07-31,629820.0576001717
2025-08-01,619497.052603185
2025-08-04,628913.2817541299
2025-08-05,625724.7718536197
2025-08-06,630517.6770596993
2025-08-07,629989.5155743911
2025-08-08,634901.8242348407
2025-08-11,633646.3311242812
2025-08-12,640392.1023264587
2025-08-13,642584.3300227727
2025-08-14,642644.0625717064
2025-08-15,641139.5297318465
2025-08-18,640999.9688538425
2025-08-19,637522.4742377482
2025-08-20,635828.5725740242
2025-08-21,633277.7030101188
2025-08-22,643002.7660827952
2025-08-25,640172.9596933738
2025-08-26,642853.2806017176
2025-08-27,644318.1150292831
2025-08-28,646599.910727249
2025-08-29,642743.6784634265
2025-09-02,637980.7936405571
2025-09-03,641438.3774070069
2025-09-04,646799.2041541865
2025-09-05,644925.7966261749
2025-09-08,646510.2194386024
2025-09-09,648004.889318886
2025-09-10,649878.1119164056
2025-09-11,655278.698719377
2025-09-12,655059.5560862923
2025-09-15,658546.9753054602
2025-09-16,657640.1994594185
2025-09-17,656823.1765455208
2025-09-18,659892.1597046662
2025-09-19,663160.5595777441
2025-09-22,666297.9670189498
2025-09-23,662670.9252782805
2025-09-24,660562.594381862
2025-09-25,657515.1248032922
2025-09-26,661281.9739959548
2025-09-29,663140.5870846022
2025-09-30,665638.4432407853
2025-10-01,667906.6773693338
2025-10-02,668675.9882162815
2025-10-03,668666.1252567052
2025-10-06,671064.0573036815
2025-10-07,668576.1873940693
2025-10-08,672562.8572982877
2025-10-09,670614.4296339991
2025-10-10,652489.2071772236
2025-10-13,662501.0357995796
2025-10-14,661691.7183228508
2025-10-15,664629.33918914
2025-10-16,660103.042109106
2025-10-17,663849.980452124
2025-10-20,670754.3603729871
2025-10-21,670744.3124829188
2025-10-22,667257.1398377403
2025-10-23,671213.9742892405
2025-10-24,676699.5058315623
2025-10-27,684683.0168170622
2025-10-28,686501.4999889336
2025-10-29,686831.2310562672
2025-10-30,679277.4368908053
2025-10-31,681505.6643895726
2025-11-03,682784.5820291257
2025-11-04,674691.0990443508
2025-11-05,677029.2368988959
2025-11-06,669765.2288144839
2025-11-07,670424.5676621562
2025-11-10,680886.0855976919
2025-11-11,682444.8647152212
2025-11-12,682824.5270154095
2025-11-13,671493.7741237193
2025-11-14,671383.7404809467
2025-11-17,665128.8980916772
2025-11-18,659543.4424401484
2025-11-19,662091.4147596784
2025-11-20,651999.6345212575
2025-11-21,658494.331758722
2025-11-24,668186.4155603152
2025-11-25,674471.3399762923
2025-11-26,679127.5815487435
2025-11-28,682834.5132619805
2025-12-01,679717.0783139167
2025-12-02,680976.0234603279
2025-12-03,683334.133808015
2025-12-04,683833.7543540495
2025-12-05,685132.6444867445
2025-12-08,683074.3681101755
2025-12-09,682484.809701505
2025-12-10,687011.106781539
2025-12-11,688609.8308853521
2025-12-12,681205.8920619519
2025-12-15,680176.69223017
2025-12-16,678318.2024285174
2025-12-17,670854.2844821941
2025-12-18,675920.085451049
2025-12-19,682046.2778613459
2025-12-22,686295.3024902926
2025-12-23,689431.9702095301
2025-12-24,691857.2103258331
2025-12-26,691787.0600258469
2025-12-29,689321.7516362654
2025-12-30,688479.9480364324
2025-12-31,683379.0719175843
2026-01-02,684631.7294272656
2026-01-05,689191.4989263616
2026-01-06,693290.236708765
2026-01-07,691055.4749992784
2026-01-08,690985.3246992924
2026-01-09,695555.0804449592
2026-01-12,696647.4032180292
2026-01-13,695254.4451083756
2026-01-14,691837.1145456964
2026-01-15,693721.1863987499
2026-01-16,693139.8882187246
2026-01-20,679029.7533184466
2026-01-21,686866.5527802496
2026-01-22,690454.2043261112
2026-01-23,690704.6618558506
2026-01-26,694212.2384986526
2026-01-27,696978.058937823
2026-01-28,696907.9086378369
2026-01-29,695524.9984182518
2026-01-30,693450.6330888739
2026-02-02,696897.922391266
2026-02-03,691005.3588359316
2026-02-04,687658.2402167359
2026-02-05,679069.8832352224
2026-02-06,692097.6816090015
2026-02-09,695434.8139816264
2026-02-10,693600.8582919197
2026-02-11,693440.5851988056
2026-02-12,682727.7467245675
2026-02-13,683208.6892909046
2026-02-17,684311.0599540428
2026-02-18,687758.4108999321
2026-02-19,685944.5509903621
2026-02-20,690905.1881527354
2026-02-23,683850.0898808476
2026-02-24,688820.6516462945
2026-02-25,694633.1402985691
2026-02-26,690774.8121558367
2026-02-27,687457.7755633486
2026-03-02,687848.5953365575
2026-03-03,681785.7107980407
2026-03-04,686595.9994703735
2026-03-05,682767.7533543487
2026-03-06,673818.5969828366
2026-03-09,679721.2700717365
2026-03-10,678628.9472986667
2026-03-11,677777.1574522626
2026-03-12,667485.1591344437
2026-03-13,663707.0908252632
2026-03-16,670461.5537605672
2026-03-17,672225.235863293
2026-03-18,662845.1914452934
2026-03-19,661211.7004089741
2026-03-20,651732.7798212225
2026-03-23,658575.9477492154
2026-03-24,656365.2270036959
2026-03-25,660022.9672060463
2026-03-26,648235.805859965
2026-03-27,637182.1404888701
2026-03-30,635051.802863897
2026-03-31,653511.3796503075
2026-04-01,658435.2772882591
2026-04-02,659028.1644457866
2026-04-06,662143.3185844484
2026-04-07,662434.645752932
2026-04-08,679306.5942650525
2026-04-09,683225.5179656815
2026-04-10,682773.424556105
2026-04-13,689445.7783529368
2026-04-14,697846.5541720093
2026-04-15,703353.2910774202
2026-04-16,705081.6514561636
2026-04-17,713603.0635995532
2026-04-20,712176.0166358643
2026-04-21,707513.4874266832
2026-04-22,714678.2494803594
2026-04-23,711904.7852475173
2026-04-24,717421.5700429964
2026-04-27,718657.5221648955
2026-04-28,715160.548203638
2026-04-29,715050.0214128867
2026-04-30,722164.5440162213
2026-05-01,724164.2590703063
2026-05-04,721511.369518284
2026-05-05,727299.5089891048
2026-05-06,737408.5494067841
2026-05-07,735147.5892109231
2026-05-08,741217.0079601591
2026-05-11,742905.1767786293
2026-05-12,741779.7514474817
2026-05-13,745929.8999066764
2026-05-14,751818.4566346828
2026-05-15,742774.6158512387
2026-05-18,742252.0639241894
2026-05-19,737308.0705061011
2026-05-20,744864.7002724411
2026-05-21,746341.863399477
2026-05-22,749276.1555169092
2026-05-26,754250.2926052024
2026-05-27,754119.6700343145
2026-05-28,758279.8047400801
2026-05-29,760168.9930034139
2026-06-01,762239.0432879771
2026-06-02,763274.0992520073
2026-06-03,757918.0806976211
2026-06-04,760781.9759410779
2026-06-05,741146.672729681
2026-06-08,742824.7936580828
2026-06-09,740644.2165827682
2026-06-10,728967.5820274383
2026-06-11,741357.7400646127
2026-06-12,745367.1564193539
2026-06-15,758510.9678551486
2026-06-16,753989.0474634265
2026-06-17,744573.3114604603
2026-06-18,752314.6251448657
2026-06-22,749947.1449855812
2026-06-23,739056.4033779864
2026-06-24,738713.8504632037
2026-06-25,739781.7624113224
2026-06-26,734432.1547806608
2026-06-29,746531.7870148171
2026-06-30,752344.8921020653
2026-07-01,751327.3428912829
2026-07-02,750340.0606377
2026-07-06,756888.5726483525
2026-07-07,753291.9211518775
2026-07-08,750964.6941963636
2026-07-09,757321.8031477394
2026-07-10,760585.9496195
2026-07-13,754762.7966421834
2026-07-14,757442.6860460457
2026-07-15,760444.9092975595
2026-07-16,756324.3497170935
2026-07-17,748838.8565466972
2026-07-20,747629.9659201355
2026-07-21,753866.1919732048
2026-07-22,752989.6214408654
2026-07-23,743690.7615088777
2026-07-24,744446.325855916
2026-07-27,744607.5852449877
2026-07-28,746390.7466928768
2026-07-29,734905.7001273156
2026-07-30,747226.9407344508
2026-07-31,752606.8769658095
2026-08-03,763326.2496507668
2026-08-04,777088.2220780031
2026-08-05,775536.7168931613
2026-08-06,774297.5593094
2026-08-07,779032.6429149638
2026-08-10,778800.9250084192
2026-08-11,776312.5003073309
2026-08-12,778256.8595007942
2026-08-13,783687.1584694892
2026-08-14,782135.6532846474
2026-08-17,778438.2146700026
2026-08-18,773179.2846239451
2026-08-19,774801.2483262597
2026-08-20,768293.0511628751
2026-08-21,771436.3147363294
2026-08-24,769169.4984082199
2026-08-25,771627.717795606
2026-08-26,771799.025074746
2026-08-27,776856.5041714585
2026-08-28,775093.4385037061
2026-08-31,772776.2594382605
2026-09-01,767466.9666548667
2026-09-02,770872.1534485677
2026-09-03,778941.9653303596
2026-09-04,775939.742078846
2026-09-08,771678.1421764395
2026-09-09,768091.6002135302
2026-09-10,763487.4473963411
2026-09-11,769995.6445597257
2026-09-14,766560.1908088251
2026-09-15,763044.169006886
2026-09-16,759679.2354169557
2026-09-17,768293.0511628751
2026-09-18,769281.8128603945
2026-09-21,781209.5213804373
2026-09-22,781088.3302646441
2026-09-23,775462.8063398368
2026-09-24,774826.5221601739
2026-09-25,779038.0675427307
2026-09-28,773240.8664777993
2026-09-29,771816.8400454806
2026-09-30,770231.184363106
2026-10-01,771604.7247710938
2026-10-02,777311.0633209291
2026-10-05,782552.7948312254
