date,equity,cash
2012-01-03,100000.0,100000.0
2012-01-04,100000.0,100000.0
2012-01-05,100000.0,100000.0
2012-01-06,100000.0,100000.0
2012-01-09,100000.0,100000.0
2012-01-10,100000.0,100000.0
2012-01-11,100000.0,100000.0
2012-01-12,100000.0,100000.0
2012-01-13,100000.0,100000.0
2012-01-17,100000.0,100000.0
2012-01-18,100000.0,100000.0
2012-01-19,100000.0,100000.0
2012-01-20,100000.0,100000.0
2012-01-23,100000.0,100000.0
2012-01-24,100000.0,100000.0
2012-01-25,100000.0,100000.0
2012-01-26,100000.0,100000.0
2012-01-27,100000.0,100000.0
2012-01-30,100000.0,100000.0
2012-01-31,100000.0,100000.0
2012-02-01,100000.0,100000.0
2012-02-02,100000.0,100000.0
2012-02-03,100000.0,100000.0
2012-02-06,100000.0,100000.0
2012-02-07,100000.0,100000.0
2012-02-08,100000.0,100000.0
2012-02-09,100000.0,100000.0
2012-02-10,100000.0,100000.0
2012-02-13,100000.0,100000.0
2012-02-14,100000.0,100000.0
2012-02-15,100000.0,100000.0
2012-02-16,100000.0,100000.0
2012-02-17,100000.0,100000.0
2012-02-21,100000.0,100000.0
2012-02-22,100000.0,100000.0
2012-02-23,100000.0,100000.0
2012-02-24,100000.0,100000.0
2012-02-27,100000.0,100000.0
2012-02-28,100000.0,100000.0
2012-02-29,100000.0,100000.0
2012-03-01,100000.0,100000.0
2012-03-02,100000.0,100000.0
2012-03-05,100000.0,100000.0
2012-03-06,100000.0,100000.0
2012-03-07,100000.0,100000.0
2012-03-08,100000.0,100000.0
2012-03-09,100000.0,100000.0
2012-03-12,100000.0,100000.0
2012-03-13,100000.0,100000.0
2012-03-14,100000.0,100000.0
2012-03-15,100000.0,100000.0
2012-03-16,100000.0,100000.0
2012-03-19,100000.0,100000.0
2012-03-20,100000.0,100000.0
2012-03-21,100000.0,100000.0
2012-03-22,100000.0,100000.0
2012-03-23,100000.0,100000.0
2012-03-26,100000.0,100000.0
2012-03-27,100000.0,100000.0
2012-03-28,100000.0,100000.0
2012-03-29,100000.0,100000.0
2012-03-30,100000.0,100000.0
2012-04-02,100000.0,100000.0
2012-04-03,100000.0,100000.0
2012-04-04,100000.0,100000.0
2012-04-05,100000.0,100000.0
2012-04-09,100000.0,100000.0
2012-04-10,100000.0,100000.0
2012-04-11,100000.0,100000.0
2012-04-12,100000.0,100000.0
2012-04-13,100000.0,100000.0
2012-04-16,100000.0,100000.0
2012-04-17,100000.0,100000.0
2012-04-18,100000.0,100000.0
2012-04-19,100000.0,100000.0
2012-04-20,100000.0,100000.0
2012-04-23,100000.0,100000.0
2012-04-24,100000.0,100000.0
2012-04-25,100000.0,100000.0
2012-04-26,100000.0,100000.0
2012-04-27,100000.0,100000.0
2012-04-30,100000.0,100000.0
2012-05-01,100000.0,100000.0
2012-05-02,100000.0,100000.0
2012-05-03,100000.0,100000.0
2012-05-04,100000.0,100000.0
2012-05-07,100000.0,100000.0
2012-05-08,100000.0,100000.0
2012-05-09,100000.0,100000.0
2012-05-10,100000.0,100000.0
2012-05-11,100000.0,100000.0
2012-05-14,100000.0,100000.0
2012-05-15,100000.0,100000.0
2012-05-16,100000.0,100000.0
2012-05-17,100000.0,100000.0
2012-05-18,100000.0,100000.0
2012-05-21,100000.0,100000.0
2012-05-22,100000.0,100000.0
2012-05-23,100000.0,100000.0
2012-05-24,100000.0,100000.0
2012-05-25,100000.0,100000.0
2012-05-29,100000.0,100000.0
2012-05-30,100000.0,100000.0
2012-05-31,100000.0,100000.0
2012-06-01,100000.0,100000.0
2012-06-04,100000.0,100000.0
2012-06-05,100000.0,100000.0
2012-06-06,100000.0,100000.0
2012-06-07,100000.0,100000.0
2012-06-08,100000.0,100000.0
2012-06-11,100000.0,100000.0
2012-06-12,100000.0,100000.0
2012-06-13,100000.0,100000.0
2012-06-14,100000.0,100000.0
2012-06-15,100000.0,100000.0
2012-06-18,100000.0,100000.0
2012-06-19,100000.0,100000.0
2012-06-20,100000.0,100000.0
2012-06-21,100000.0,100000.0
2012-06-22,100000.0,100000.0
2012-06-25,100000.0,100000.0
2012-06-26,100000.0,100000.0
2012-06-27,100000.0,100000.0
2012-06-28,100000.0,100000.0
2012-06-29,100000.0,100000.0
2012-07-02,100000.0,100000.0
2012-07-03,100000.0,100000.0
2012-07-05,100000.0,100000.0
2012-07-06,100000.0,100000.0
2012-07-09,100000.0,100000.0
2012-07-10,100000.0,100000.0
2012-07-11,100000.0,100000.0
2012-07-12,100000.0,100000.0
2012-07-13,100000.0,100000.0
2012-07-16,100000.0,100000.0
2012-07-17,100000.0,100000.0
2012-07-18,100000.0,100000.0
2012-07-19,100000.0,100000.0
2012-07-20,100000.0,100000.0
2012-07-23,100000.0,100000.0
2012-07-24,100000.0,100000.0
2012-07-25,100000.0,100000.0
2012-07-26,100000.0,100000.0
2012-07-27,100000.0,100000.0
2012-07-30,100000.0,100000.0
2012-07-31,100000.0,100000.0
2012-08-01,100000.0,100000.0
2012-08-02,100000.0,100000.0
2012-08-03,100000.0,100000.0
2012-08-06,100000.0,100000.0
2012-08-07,100000.0,100000.0
2012-08-08,100000.0,100000.0
2012-08-09,100000.0,100000.0
2012-08-10,100000.0,100000.0
2012-08-13,100000.0,100000.0
2012-08-14,100000.0,100000.0
2012-08-15,100000.0,100000.0
2012-08-16,100000.0,100000.0
2012-08-17,100000.0,100000.0
2012-08-20,100000.0,100000.0
2012-08-21,100000.0,100000.0
2012-08-22,100000.0,100000.0
2012-08-23,100000.0,100000.0
2012-08-24,100000.0,100000.0
2012-08-27,100000.0,100000.0
2012-08-28,100000.0,100000.0
2012-08-29,100000.0,100000.0
2012-08-30,100000.0,100000.0
2012-08-31,100000.0,100000.0
2012-09-04,100000.0,100000.0
2012-09-05,100000.0,100000.0
2012-09-06,100000.0,100000.0
2012-09-07,100000.0,100000.0
2012-09-10,100000.0,100000.0
2012-09-11,100000.0,100000.0
2012-09-12,100000.0,100000.0
2012-09-13,100000.0,100000.0
2012-09-14,100000.0,100000.0
2012-09-17,100000.0,100000.0
2012-09-18,100000.0,100000.0
2012-09-19,100000.0,100000.0
2012-09-20,100000.0,100000.0
2012-09-21,100000.0,100000.0
2012-09-24,100000.0,100000.0
2012-09-25,100000.0,100000.0
2012-09-26,100000.0,100000.0
2012-09-27,100000.0,100000.0
2012-09-28,100000.0,100000.0
2012-10-01,100000.0,100000.0
2012-10-02,100000.0,100000.0
2012-10-03,100000.0,100000.0
2012-10-04,100000.0,100000.0
2012-10-05,100000.0,100000.0
2012-10-08,100000.0,100000.0
2012-10-09,100000.0,100000.0
2012-10-10,100000.0,100000.0
2012-10-11,100000.0,100000.0
2012-10-12,100000.0,100000.0
2012-10-15,100000.0,100000.0
2012-10-16,100000.0,100000.0
2012-10-17,100404.95246453777,7.970859604029101
2012-10-18,96969.46928501189,0.029094219805196886
2012-10-19,89964.07889902651,0.029094219805196886
2012-10-22,91375.38142812312,0.029094219805196886
2012-10-23,88671.78816962302,0.029094219805196886
2012-10-24,87787.75765097201,0.029094219805196886
2012-10-25,87787.75765097201,0.029094219805196886
2012-10-26,88705.90727841914,0.029094219805196886
2012-10-31,86988.56854713023,0.029094219805196886
2012-11-01,90678.24199414313,0.029094219805196886
2012-11-02,87362.5147999531,0.029094219805196886
2012-11-05,89504.94255399764,0.029094219805196886
2012-11-06,90049.11516296923,0.029094219805196886
2012-11-07,83587.79483377993,0.029094219805196886
2012-11-08,79677.131703735,0.029094219805196886
2012-11-09,80544.35392081797,0.029094219805196886
2012-11-12,80663.36572051108,0.029094219805196886
2012-11-13,78912.05145347178,0.029094219805196886
2012-11-14,76089.4617781049,0.029094219805196886
2012-11-15,73326.12438255751,7.301578702565166
2012-11-16,73761.02868148127,0.5550083164266413
2012-11-19,79480.5438922886,0.5550083164266413
2012-11-20,78324.19701642041,13.069628688142984
2012-11-21,78876.82709661037,0.15508475810450584
2012-11-23,82492.45869484455,0.15508475810450584
2012-11-26,83551.15138283283,0.15508475810450584
2012-11-27,82606.45558324367,0.15508475810450584
2012-11-28,84821.4922360471,0.15508475810450584
2012-11-29,86287.31245842487,0.15508475810450584
2012-11-30,85977.87549319775,0.15508475810450584
2012-12-03,85554.49075499088,0.15508475810450584
2012-12-04,85000.68493214161,0.15508475810450584
2012-12-05,82378.47654107124,0.15508475810450584
2012-12-06,83893.2304557851,0.15508475810450584
2012-12-07,82459.9541102937,0.15508475810450584
2012-12-10,83192.75616755993,0.15508475810450584
2012-12-11,86401.27987757236,0.15508475810450584
2012-12-12,85814.9400009206,0.15508475810450584
2012-12-13,83876.80625954182,0.15508475810450584
2012-12-14,81499.02075305492,0.15508475810450584
2012-12-17,84674.99076309711,0.15508475810450584
2012-12-18,88600.0691496423,0.15508475810450584
2012-12-19,87329.70865026028,0.15508475810450584
2012-12-20,87394.72764244587,0.15508475810450584
2012-12-21,84674.99076309711,0.15508475810450584
2012-12-24,83958.2887403062,0.15508475810450584
2012-12-26,81971.33427205593,0.15508475810450584
2012-12-27,81515.27304533035,0.15508475810450584
2012-12-28,79153.72509649307,0.15508475810450584
2012-12-31,84316.60537090809,0.15508475810450584
2013-01-02,92183.05864015133,0.15508475810450584
2013-01-03,90847.65950241596,0.15508475810450584
2013-01-04,89951.88266053707,0.15508475810450584
2013-01-07,90049.5928758672,0.15508475810450584
2013-01-08,89528.33092990429,0.15508475810450584
2013-01-09,90440.50249877483,0.15508475810450584
2013-01-10,92036.56699028522,0.15508475810450584
2013-01-11,92378.4692477277,0.15508475810450584
2013-01-14,91189.58140602619,0.15508475810450584
2013-01-15,89837.76789513142,0.15508475810450584
2013-01-16,90847.65950241596,0.15508475810450584
2013-01-17,92248.22497859508,0.15508475810450584
2013-01-18,91727.1300250581,0.15508475810450584
2013-01-22,92101.7235056451,0.15508475810450584
2013-01-23,93600.08760490925,0.15508475810450584
2013-01-24,89870.41982594044,0.15508475810450584
2013-01-25,91205.83860984356,0.15508475810450584
2013-01-28,90486.85049237963,90486.85049237963
2013-01-29,90037.42489349186,7.820518129461561
2013-01-30,89811.30815649724,89811.30815649724
2013-01-31,88569.4074542635,7.473164808092406
2013-02-01,91476.48213074639,0.2914413614526925
2013-02-04,86820.14448855355,0.2914413614526925
2013-02-05,90634.31672064497,0.2914413614526925
2013-02-06,89792.00753251745,0.2914413614526925
2013-02-07,90014.42255369856,0.2914413614526925
2013-02-08,92747.96872679426,0.2914413614526925
2013-02-11,92716.0787606044,0.2914413614526925
2013-02-12,91635.45270160868,0.2914413614526925
2013-02-13,92700.23442212775,0.2914413614526925
2013-02-14,92509.50807789995,0.2914413614526925
2013-02-15,91714.9427796407,0.2914413614526925
2013-02-19,93717.38727519943,0.2914413614526925
2013-02-20,89442.32978783085,0.2914413614526925
2013-02-21,86534.09331301882,0.2914413614526925
2013-02-22,89076.77894906237,0.2914413614526925
2013-02-25,85755.2477456136,0.2914413614526925
2013-02-26,86788.2832779689,0.2914413614526925
2013-02-27,89426.45669374897,0.2914413614526925
2013-02-28,89092.64245794251,0.2914413614526925
2013-03-01,90014.42255369856,0.2914413614526925
2013-03-04,91174.55786112978,0.2914413614526925
2013-03-05,95179.42768184378,0.2914413614526925
2013-03-06,94575.55038700535,0.2914413614526925
2013-03-07,95402.02482185795,0.2914413614526925
2013-03-08,95513.24191765024,0.2914413614526925
2013-03-11,96498.51438973381,0.2914413614526925
2013-03-12,95322.53474382593,0.2914413614526925
2013-03-13,95020.59130380585,0.2914413614526925
2013-03-14,95990.00985221102,0.2914413614526925
2013-03-15,95084.07409493162,0.2914413614526925
2013-03-18,94432.46249542668,0.2914413614526925
2013-03-19,94051.03856257632,0.2914413614526925
2013-03-20,95846.9123754306,0.2914413614526925
2013-03-21,92779.70532975628,0.2914413614526925
2013-03-22,95338.41742310955,0.2914413614526925
2013-03-25,94369.00845990612,0.2914413614526925
2013-03-26,95815.19494287207,0.2914413614526925
2013-03-27,96323.69948039486,0.2914413614526925
2013-03-28,96879.92873738243,0.2914413614526925
2013-04-01,95004.59360210135,0.2914413614526925
2013-04-02,97150.12598923876,0.2914413614526925
2013-04-03,94575.55038700535,0.2914413614526925
2013-04-04,94623.1504988475,0.2914413614526925
2013-04-05,92302.9373951955,0.2914413614526925
2013-04-08,93717.38727519943,0.2914413614526925
2013-04-09,95560.83244429066,0.2914413614526925
2013-04-10,101155.01498035624,0.2914413614526925
2013-04-11,100980.1809006138,0.2914413614526925
2013-04-12,100868.92546401455,0.2914413614526925
2013-04-15,94734.53054306938,0.2914413614526925
2013-04-16,98691.66605911686,0.2914413614526925
2013-04-17,92922.83156214192,0.2914413614526925
2013-04-18,88901.94486931994,0.2914413614526925
2013-04-19,92589.02691153719,0.2914413614526925
2013-04-22,95433.78059522345,0.2914413614526925
2013-04-23,98246.60597191288,0.2914413614526925
2013-04-24,98008.30827144816,0.2914413614526925
2013-04-25,99597.58264599278,0.2914413614526925
2013-04-26,98755.283043067,0.2914413614526925
2013-04-29,101377.44917194083,0.2914413614526925
2013-04-30,103602.46205190851,0.2914413614526925
2013-05-01,102283.37534401848,0.2914413614526925
2013-05-02,105986.33048031761,0.2914413614526925
2013-05-03,109689.10349778368,0.2914413614526925
2013-05-06,111103.57254819109,0.2914413614526925
2013-05-07,110833.35612593128,0.2914413614526925
2013-05-08,112565.73756245806,0.2914413614526925
2013-05-09,112168.30634270146,0.2914413614526925
2013-05-10,114075.39725134804,0.2914413614526925
2013-05-13,114520.41899774506,0.2914413614526925
2013-05-14,116205.04695920183,0.2914413614526925
2013-05-15,117063.24841181471,0.2914413614526925
2013-05-16,116634.09017429783,0.2914413614526925
2013-05-17,119923.8656043811,0.2914413614526925
2013-05-20,118170.23308872963,118170.23308872963
2013-05-21,117883.50545500155,6.042894765094388
2013-05-22,115005.73452056902,0.5573744322613283
2013-05-23,113755.05087704914,0.5573744322613283
2013-05-24,113692.47661943691,0.5573744322613283
2013-05-28,116037.56856419104,0.5573744322613283
2013-05-29,114286.50773860472,0.5573744322613283
2013-05-30,116146.99807889717,0.5573744322613283
2013-05-31,112832.58977104681,0.5573744322613283
2013-06-03,113489.24229539889,0.5573744322613283
2013-06-04,111785.14988107937,0.5573744322613283
2013-06-05,107501.29319693106,0.5573744322613283
2013-06-06,108814.57938660639,0.5573744322613283
2013-06-07,113364.19750483292,0.5573744322613283
2013-06-10,113411.04333241242,0.5573744322613283
2013-06-11,110127.8467172529,0.5573744322613283
2013-06-12,106313.07065685051,0.5573744322613283
2013-06-13,110127.8467172529,0.5573744322613283
2013-06-14,108189.1762730028,0.5573744322613283
2013-06-17,111190.9301716234,0.5573744322613283
2013-06-18,113817.49312145966,0.5573744322613283
2013-06-19,110237.26680244463,0.5573744322613283
2013-06-20,102107.58266694802,0.5573744322613283
2013-06-21,100669.15739156264,0.5573744322613283
2013-06-24,97557.95511920708,0.5573744322613283
2013-06-25,99637.28562988299,0.5573744322613283
2013-06-26,102357.62510050791,0.5573744322613283
2013-06-27,103498.90751786488,0.5573744322613283
2013-06-28,103780.32194586056,0.5573744322613283
2013-07-01,106000.41624762076,0.5573744322613283
2013-07-02,106047.39408840197,0.5573744322613283
2013-07-03,107485.71563912886,0.5573744322613283
2013-07-05,109862.05699463146,0.5573744322613283
2013-07-08,110221.69867415684,0.5573744322613283
2013-07-09,112238.53979285019,0.5573744322613283
2013-07-10,114130.27954389113,0.5573744322613283
2013-07-11,121243.85806579846,0.5573744322613283
2013-07-12,122510.12869663494,0.5573744322613283
2013-07-15,123463.81092484253,0.5573744322613283
2013-07-16,122979.16217280882,0.5573744322613283
2013-07-17,123854.63600851553,0.5573744322613283
2013-07-18,122947.95990963238,0.5573744322613283
2013-07-19,119211.33566464442,0.5573744322613283
2013-07-22,120071.2036540057,0.5573744322613283
2013-07-23,117397.83259464758,0.5573744322613283
2013-07-24,118507.74301756876,0.5573744322613283
2013-07-25,120649.6572153713,0.5573744322613283
2013-07-26,122650.93020577687,0.5573744322613283
2013-07-29,122088.08249075669,0.5573744322613283
2013-07-30,123901.61384929674,0.5573744322613283
2013-07-31,124683.25458712834,0.5573744322613283
2013-08-01,128482.44366021412,0.5573744322613283
2013-08-02,130624.36728753107,0.5573744322613283
2013-08-05,130905.78171552675,0.5573744322613283
2013-08-06,128576.24846954602,0.5573744322613283
2013-08-07,127841.4347002651,0.5573744322613283
2013-08-08,129545.53654409903,0.5573744322613283
2013-08-09,128154.06082095164,0.5573744322613283
2013-08-12,128951.45827735918,0.5573744322613283
2013-08-13,131093.39133419056,0.5573744322613283
2013-08-14,129639.3224944021,0.5573744322613283
2013-08-15,123135.56952829617,0.5573744322613283
2013-08-16,122697.74774481314,0.5573744322613283
2013-08-19,122213.10842229384,0.5573744322613283
2013-08-20,123885.99857343691,0.5573744322613283
2013-08-21,122650.93020577687,0.5573744322613283
2013-08-22,126152.94813229101,0.5573744322613283
2013-08-23,128810.6944862749,0.5573744322613283
2013-08-26,128920.0957124378,0.5573744322613283
2013-08-27,120806.05514134424,0.5573744322613283
2013-08-28,122369.50634826678,0.5573744322613283
2013-08-29,124902.27391828554,0.5573744322613283
2013-08-30,122572.72181327599,0.5573744322613283
2013-09-03,124589.46863682526,0.5573744322613283
2013-09-04,128654.45686204689,0.5573744322613283
2013-09-05,129217.28571803826,0.5573744322613283
2013-09-06,129686.30976469773,0.5573744322613283
2013-09-09,134251.39228655357,0.5573744322613283
2013-09-10,136283.8958286788,0.5573744322613283
2013-09-11,135596.03161163587,0.5573744322613283
2013-09-12,134986.26263292093,0.5573744322613283
2013-09-13,135424.03726883192,0.5573744322613283
2013-09-16,134282.77371050377,0.5573744322613283
2013-09-17,136971.76004572172,0.5573744322613283
2013-09-18,142006.01748646755,0.5573744322613283
2013-09-19,142881.47246314544,0.5573744322613283
2013-09-20,141318.17212845344,0.5573744322613283
2013-09-23,140520.75581301708,0.5573744322613283
2013-09-24,140551.95807619352,0.5573744322613283
2013-09-25,139223.08489920158,0.5573744322613283
2013-09-26,142412.45784600038,0.5573744322613283
2013-09-27,141740.19947530288,0.5573744322613283
2013-09-30,140849.15751130838,0.5573744322613283
2013-10-01,145070.3645017292,0.5573744322613283
2013-10-02,144804.55592007894,0.5573744322613283
2013-10-03,139770.30790884752,0.5573744322613283
2013-10-04,143366.12121517916,0.5573744322613283
2013-10-07,139817.28574962873,0.5573744322613283
2013-10-08,131906.27205325622,0.5573744322613283
2013-10-09,130452.3540856983,0.5573744322613283
2013-10-10,138738.4550061967,0.5573744322613283
2013-10-11,141865.25369538326,0.5573744322613283
2013-10-14,144804.55592007894,0.5573744322613283
2013-10-15,143256.71055950184,0.5573744322613283
2013-10-16,148150.20420916338,0.5573744322613283
2013-10-17,150542.2739946987,0.5573744322613283
2013-10-18,157984.10334266681,0.5573744322613283
2013-10-21,158890.9303137805,0.5573744322613283
2013-10-22,159438.20047099848,0.5573744322613283
2013-10-23,156874.0514770295,0.5573744322613283
2013-10-24,158828.31833811064,0.5573744322613283
2013-10-25,162002.14201565046,0.5573744322613283
2013-10-28,162330.53428442735,0.5573744322613283
2013-10-29,163112.2410288598,0.5573744322613283
2013-10-30,162596.16370530386,0.5573744322613283
2013-10-31,161548.73324485082,0.5573744322613283
2013-11-01,161470.4682752635,0.5573744322613283
2013-11-04,162252.3447509553,0.5573744322613283
2013-11-05,162940.1901089694,0.5573744322613283
2013-11-06,162658.7379629161,0.5573744322613283
2013-11-07,153637.86099119444,0.5573744322613283
2013-11-08,159703.99962313432,0.5573744322613283
2013-11-11,158937.7950003888,0.5573744322613283
2013-11-12,159719.5583219077,0.5573744322613283
2013-11-13,165441.67055018205,0.5573744322613283
2013-11-14,166723.594174936,0.5573744322613283
2013-11-15,167880.6144518401,0.5573744322613283
2013-11-18,163237.23867185373,0.5573744322613283
2013-11-19,161626.88506026525,0.5573744322613283
2013-11-20,160501.26506634016,0.5573744322613283
2013-11-21,165410.3457033183,0.5573744322613283
2013-11-22,168021.2462297227,0.5573744322613283
2013-11-25,169131.3075248744,0.5573744322613283
2013-11-26,171929.8553880002,0.5573744322613283
2013-11-27,175369.42164058943,0.5573744322613283
2013-11-29,178246.00816495676,0.5573744322613283
2013-12-02,177135.96572883386,0.5573744322613283
2013-12-03,176620.13357265253,0.5573744322613283
2013-12-04,177073.56120248098,0.5573744322613283
2013-12-05,176526.32876332063,0.5573744322613283
2013-12-06,180169.1576284911,0.5573744322613283
2013-12-09,182326.64938409586,0.5573744322613283
2013-12-10,181998.21939726133,0.5573744322613283
2013-12-11,175197.42729778547,0.5573744322613283
2013-12-12,173774.7210229184,0.5573744322613283
2013-12-13,172946.11187382002,0.5573744322613283
2013-12-16,175916.54092557688,0.5573744322613283
2013-12-17,174806.6305026557,0.5573744322613283
2013-12-18,180841.36885161657,0.5573744322613283
2013-12-19,179215.4565412547,0.5573744322613283
2013-12-20,184609.19535978098,0.5573744322613283
2013-12-23,190581.4537462737,0.5573744322613283
2013-12-24,190847.2906164672,0.5573744322613283
2013-12-26,192707.63951404352,0.5573744322613283
2013-12-27,191300.5673740651,0.5573744322613283
2013-12-30,190300.07703633566,0.5573744322613283
2013-12-31,194036.65413375158,0.5573744322613283
2014-01-02,189502.62300284166,0.5573744322613283
2014-01-03,185375.24911029596,0.5573744322613283
2014-01-06,183405.3481143262,0.5573744322613283
2014-01-07,188158.1628385331,0.5573744322613283
2014-01-08,189565.23497851152,0.5573744322613283
2014-01-09,187610.93039937277,0.5573744322613283
2014-01-10,189487.02658601064,0.5573744322613283
2014-01-13,181060.1713039424,0.5573744322613283
2014-01-14,191425.7536073472,0.5573744322613283
2014-01-15,195897.04074938555,0.5573744322613283
2014-01-16,196303.6225516345,0.5573744322613283
2014-01-17,192817.21047146578,0.5573744322613283
2014-01-21,197132.26941879053,0.5573744322613283
2014-01-22,198961.35004658956,0.5573744322613283
2014-01-23,196569.42170377035,0.5573744322613283
2014-01-24,184921.8026214387,0.5573744322613283
2014-01-27,179543.67907877226,0.5573744322613283
2014-01-28,179481.10482116003,0.5573744322613283
2014-01-29,173821.60456855554,0.5573744322613283
2014-01-30,182983.24533136148,0.5573744322613283
2014-01-31,181701.24627049227,0.5573744322613283
2014-02-03,169662.94354720373,0.5573744322613283
2014-02-04,172977.30470748205,0.5573744322613283
2014-02-05,171382.6606668975,0.5573744322613283
2014-02-06,177949.01617915888,0.5573744322613283
2014-02-07,187392.10908801813,0.5573744322613283
2014-02-10,190831.52446837683,0.5573744322613283
2014-02-11,197366.706006005,0.5573744322613283
2014-02-12,198304.77295835275,0.5573744322613283
2014-02-13,203401.4632139947,0.5573744322613283
2014-02-14,203995.6169168498,0.5573744322613283
2014-02-18,207185.01815219183,0.5573744322613283
2014-02-19,202651.02473933954,0.5573744322613283
2014-02-20,205590.27981646318,0.5573744322613283
2014-02-21,204527.1020669486,0.5573744322613283
2014-02-24,208123.04738648195,0.5573744322613283
2014-02-25,207372.66548891325,0.5573744322613283
2014-02-26,206684.59382255335,0.5573744322613283
2014-02-27,210749.6197658326,0.5573744322613283
2014-02-28,209686.38543923158,0.5573744322613283
2014-03-03,205089.9686409976,0.5573744322613283
2014-03-04,213344.81072123308,0.5573744322613283
2014-03-05,215095.90926487703,0.5573744322613283
2014-03-06,214282.8210964944,0.5573744322613283
2014-03-07,211218.62495346327,0.5573744322613283
2014-03-10,211656.26757617254,0.5573744322613283
2014-03-11,209029.77063293714,0.5573744322613283
2014-03-12,211374.9097252633,0.5573744322613283
2014-03-13,202400.95401723642,0.5573744322613283
2014-03-14,198242.14212365408,0.5573744322613283
2014-03-17,203526.64944727678,0.5573744322613283
2014-03-18,210843.44343419332,0.5573744322613283
2014-03-19,207372.66548891325,0.5573744322613283
2014-03-20,208998.52122218866,0.5573744322613283
2014-03-21,201337.75740869303,0.5573744322613283
2014-03-24,196272.2222686555,0.5573744322613283
2014-03-25,198085.91392894048,0.5573744322613283
2014-03-26,190550.14775843878,0.5573744322613283
2014-03-27,187173.15576346178,0.5573744322613283
2014-03-28,188392.63714380522,0.5573744322613283
2014-03-31,192144.79179902334,0.5573744322613283
2014-04-01,202557.18221195,0.5573744322613283
2014-04-02,204151.8639705922,0.5573744322613283
2014-04-03,199336.58814294596,0.5573744322613283
2014-04-04,183514.7493404891,0.5573744322613283
2014-04-07,178011.5715777423,0.5573744322613283
2014-04-08,182983.24533136148,0.5573744322613283
2014-04-09,192363.78284163732,0.5573744322613283
2014-04-10,174603.27359493036,0.5573744322613283
2014-04-11,168505.885552242,0.5573744322613283
2014-04-14,172289.5159265544,0.5573744322613283
2014-04-15,174009.19532819052,0.5573744322613283
2014-04-16,180763.1793181445,0.5573744322613283
2014-04-17,180856.9652684476,0.5573744322613283
2014-04-21,184953.16518636007,0.5573744322613283
2014-04-22,189487.02658601064,0.5573744322613283
2014-04-23,184327.74321372766,0.5573744322613283
2014-04-24,189768.45987303514,0.5573744322613283
2014-04-25,180606.74367411394,0.5573744322613283
2014-04-28,182545.45183642168,0.5573744322613283
2014-04-29,186579.07749672193,0.5573744322613283
2014-04-30,188236.35237200517,0.5573744322613283
2014-05-01,189924.8766580369,0.5573744322613283
2014-05-02,188986.79084666033,0.5573744322613283
2014-05-05,191675.82432945032,0.5573744322613283
2014-05-06,184265.20667417307,0.5573744322613283
2014-05-07,182608.10153014917,0.5573744322613283
2014-05-08,181982.64183945913,0.5573744322613283
2014-05-09,184108.8841843154,0.5573744322613283
2014-05-12,193082.8587513711,0.5573744322613283
2014-05-13,193489.47827167768,0.5573744322613283
2014-05-14,190612.7031570222,0.5573744322613283
2014-05-15,186203.895977452,0.5573744322613283
2014-05-16,189674.63620467443,0.5573744322613283
2014-05-19,193739.51127572317,0.5573744322613283
2014-05-20,191613.32550795336,0.5573744322613283
2014-05-21,197022.67960233946,0.5573744322613283
2014-05-22,199461.64236302633,0.5573744322613283
2014-05-23,203933.04265923757,0.5573744322613283
2014-05-27,211593.86304981966,0.5573744322613283
2014-05-28,209592.5994889285,0.5573744322613283
2014-05-29,213845.1784737851,0.5573744322613283
2014-05-30,213657.58771415014,0.5573744322613283
2014-06-02,213125.9516918208,0.5573744322613283
2014-06-03,212813.38214822073,0.5573744322613283
2014-06-04,215064.65985412855,0.5573744322613283
2014-06-05,220661.5858491208,0.5573744322613283
2014-06-06,224226.16860373277,0.5573744322613283
2014-06-09,223881.75268802722,223881.75268802722
2014-06-10,223881.75268802722,223881.75268802722
2014-06-11,223881.75268802722,223881.75268802722
2014-06-12,218542.67774175352,2.8911673898110166
2014-06-13,220040.20306758748,0.48969046937350225
2014-06-16,220851.96185641157,0.48969046937350225
2014-06-17,221164.16229061948,0.48969046937350225
2014-06-18,225191.5478919016,0.48969046937350225
2014-06-19,224317.4431659447,0.48969046937350225
2014-06-20,225129.23961465227,0.48969046937350225
2014-06-23,225378.8869823681,0.48969046937350225
2014-06-24,224754.58026366102,0.48969046937350225
2014-06-25,228882.48009400236,0.48969046937350225
2014-06-26,229506.9939420687,0.48969046937350225
2014-06-27,231786.39605073797,0.48969046937350225
2014-06-30,233503.96918742525,0.48969046937350225
2014-07-01,241341.38637237417,0.48969046937350225
2014-07-02,240839.79812237612,240839.79812237612
2014-07-03,240839.79812237612,240839.79812237612
2014-07-07,240839.79812237612,240839.79812237612
2014-07-08,240839.79812237612,240839.79812237612
2014-07-09,243643.35372656333,3.4411149595980532
2014-07-10,241341.4289988025,0.9717899306598179
2014-07-11,245533.6057604297,0.9717899306598179
2014-07-14,250229.7522665008,0.9717899306598179
2014-07-15,247613.80431637604,0.9717899306598179
2014-07-16,250418.89060053666,0.9717899306598179
2014-07-17,240427.44095048745,0.9717899306598179
2014-07-18,251805.7529943927,0.9717899306598179
2014-07-21,250891.63189730485,0.9717899306598179
2014-07-22,255871.68547758897,0.9717899306598179
2014-07-23,260662.65774473984,0.9717899306598179
2014-07-24,259748.53664765198,0.9717899306598179
2014-07-25,256565.00263271172,0.9717899306598179
2014-07-28,256880.34723124345,0.9717899306598179
2014-07-29,255588.0635078891,0.9717899306598179
2014-07-30,258645.33423743088,0.9717899306598179
2014-07-31,242885.9351814731,0.9717899306598179
2014-08-01,240080.67783460458,0.9717899306598179
2014-08-04,244997.66629657586,0.9717899306598179
2014-08-05,239261.1734219535,0.9717899306598179
2014-08-06,238851.45922956307,0.9717899306598179
2014-08-07,236550.5707734569,0.9717899306598179
2014-08-08,241593.65145811875,0.9717899306598179
2014-08-11,245974.68144926865,0.9717899306598179
2014-08-12,245407.3424750312,0.9717899306598179
2014-08-13,253381.73471531708,0.9717899306598179
2014-08-14,257290.00440273125,0.9717899306598179
2014-08-15,260788.67393956025,0.9717899306598179
2014-08-18,267092.46777448495,0.9717899306598179
2014-08-19,271694.1496518596,0.9717899306598179
2014-08-20,271694.1496518596,0.9717899306598179
2014-08-21,273238.63682756264,0.9717899306598179
2014-08-22,274310.3256855949,0.9717899306598179
2014-08-25,277367.5203872665,0.9717899306598179
2014-08-26,278313.13602957566,0.9717899306598179
2014-08-27,278344.74461660226,0.9717899306598179
2014-08-28,277210.0476611598,0.9717899306598179
2014-08-29,280456.49473867257,0.9717899306598179
2014-09-02,282788.8967469676,0.9717899306598179
2014-09-03,284011.80744686746,284011.80744686746
2014-09-04,280401.3696834677,3.240210735180881
2014-09-05,284738.6950937472,0.49410187823507057
2014-09-08,286174.251862403,0.49410187823507057
2014-09-09,279220.132942196,0.49410187823507057
2014-09-10,285695.72011506185,0.49410187823507057
2014-09-11,285472.45916235074,0.49410187823507057
2014-09-12,280974.53774559125,0.49410187823507057
2014-09-15,272521.13092314824,0.49410187823507057
2014-09-16,279890.0312204324,0.49410187823507057
2014-09-17,281261.60677861795,0.49410187823507057
2014-09-18,287322.5857045613,0.49410187823507057
2014-09-19,286684.6587948762,0.49410187823507057
2014-09-22,278901.01559388265,0.49410187823507057
2014-09-23,276476.6740388833,0.49410187823507057
2014-09-24,285440.60321390256,0.49410187823507057
2014-09-25,267321.39756965265,0.49410187823507057
2014-09-26,275870.6223143302,0.49410187823507057
2014-09-29,274945.45324146375,0.49410187823507057
2014-09-30,275966.32481646165,0.49410187823507057
2014-10-01,262759.74501931295,0.49410187823507057
2014-10-02,262632.0519119464,0.49410187823507057
2014-10-03,270543.3497469388,0.49410187823507057
2014-10-06,268693.1654946767,0.49410187823507057
2014-10-07,257336.73147642237,0.49410187823507057
2014-10-08,272202.0520482026,0.49410187823507057
2014-10-09,258644.71055781466,0.49410187823507057
2014-10-10,239281.39162253958,0.49410187823507057
2014-10-13,228084.50666010004,0.49410187823507057
2014-10-14,229201.11740620818,2.850337822106667
2014-10-15,225090.35292657104,2.850337822106667
2014-10-16,220588.23178632942,2.850337822106667
2014-10-17,229201.11740620818,2.850337822106667
2014-10-20,223460.88527541992,58.812674101558514
2014-10-21,231722.89154634892,4.084674815530889
2014-10-22,228130.53624603222,1.4751779742057467
2014-10-23,238560.04408881138,1.4751779742057467
2014-10-24,244047.71033522557,1.4751779742057467
2014-10-27,244967.20734116505,1.4751779742057467
2014-10-28,255913.89976331661,1.4751779742057467
2014-10-29,252839.55364057492,1.4751779742057467
2014-10-30,254419.92071053456,1.4751779742057467
2014-10-31,264906.8473035998,1.4751779742057467
2014-11-03,267636.4210328765,1.4751779742057467
2014-11-04,264791.99247691105,1.4751779742057467
2014-11-05,264763.30042788456,1.4751779742057467
2014-11-06,267033.03902360867,1.4751779742057467
2014-11-07,266372.2209379382,1.4751779742057467
2014-11-10,269101.7253627486,1.4751779742057467
2014-11-11,271658.8522538848,1.4751779742057467
2014-11-12,273152.8832850165,1.4751779742057467
2014-11-13,276658.19923111866,1.4751779742057467
2014-11-14,279215.18751332234,1.4751779742057467
2014-11-17,276600.6765241332,1.4751779742057467
2014-11-18,282806.7008893199,1.4751779742057467
2014-11-19,279215.18751332234,1.4751779742057467
2014-11-20,282921.5383898921,1.4751779742057467
2014-11-21,284961.56733223866,1.4751779742057467
2014-11-24,291397.5092642016,1.4751779742057467
2014-11-25,291675.8892147808,291675.8892147808
2014-11-26,295913.33123814594,2.7009395314380527
2014-11-28,297556.61627064843,297556.61627064843
2014-12-01,297556.61627064843,297556.61627064843
2014-12-02,298507.69984816713,3.0995778958313167
2014-12-03,301213.00424745434,0.057112482708258305
2014-12-04,300310.9563963687,0.057112482708258305
2014-12-05,300514.655942229,0.057112482708258305
2014-12-08,294025.3478478467,0.057112482708258305
2014-12-09,296877.1590380942,0.057112482708258305
2014-12-10,282501.77604606503,0.057112482708258305
2014-12-11,286925.04640510434,0.057112482708258305
2014-12-12,277438.4700619256,0.057112482708258305
2014-12-15,269115.88360300416,0.057112482708258305
2014-12-16,255759.0509848868,0.057112482708258305
2014-12-17,269494.1526769673,0.057112482708258305
2014-12-18,289252.93843260163,0.057112482708258305
2014-12-19,292483.00114860886,0.057112482708258305
2014-12-22,295181.0900764739,0.057112482708258305
2014-12-23,292357.7947168624,0.057112482708258305
2014-12-24,292968.99864366406,0.057112482708258305
2014-12-26,298906.43328717106,0.057112482708258305
2014-12-29,298964.6933226859,0.057112482708258305
2014-12-30,292794.4291155612,0.057112482708258305
2014-12-31,283626.44040634984,0.057112482708258305
2015-01-02,281298.10967376584,0.057112482708258305
2015-01-05,268637.5020282542,0.057112482708258305
2015-01-06,257985.16343226781,0.057112482708258305
2015-01-07,267909.8131268298,0.057112482708258305
2015-01-08,283189.84110405797,0.057112482708258305
2015-01-09,277456.3165848529,0.057112482708258305
2015-01-12,268928.5214345729,0.057112482708258305
2015-01-13,268695.65677454823,0.057112482708258305
2015-01-14,264562.80918290967,0.057112482708258305
2015-01-15,254055.9802900826,0.057112482708258305
2015-01-16,263107.5015728747,0.057112482708258305
2015-01-20,268928.5214345729,0.057112482708258305
2015-01-21,273061.4041226184,0.057112482708258305
2015-01-22,288254.07714298123,0.057112482708258305
2015-01-23,290175.0263320481,0.057112482708258305
2015-01-26,289534.67483928555,0.057112482708258305
2015-01-27,267123.9694791114,0.057112482708258305
2015-01-28,262525.53295305127,0.057112482708258305
2015-01-29,270121.90455963963,0.057112482708258305
2015-01-30,263922.49278655404,0.057112482708258305
2015-02-02,270849.4530754363,0.057112482708258305
2015-02-03,278242.1075879609,0.057112482708258305
2015-02-04,277514.4186865365,0.057112482708258305
2015-02-05,284877.9431813037,0.057112482708258305
2015-02-06,279697.2572641646,0.057112482708258305
2015-02-09,276612.19535341614,0.057112482708258305
2015-02-10,289854.87690797204,0.057112482708258305
2015-02-11,293114.6136360442,0.057112482708258305
2015-02-12,303359.46539929265,0.057112482708258305
2015-02-13,311014.09704139584,0.057112482708258305
2015-02-17,311858.2007246291,0.057112482708258305
2015-02-18,313196.95316722745,0.057112482708258305
2015-02-19,317911.9799571311,0.057112482708258305
2015-02-20,324023.949032334,0.057112482708258305
2015-02-23,325304.54672863835,0.057112482708258305
2015-02-24,325973.90540173405,0.057112482708258305
2015-02-25,323354.3797807967,0.057112482708258305
2015-02-26,328273.2815985953,0.057112482708258305
2015-02-27,323936.5589790618,0.057112482708258305
2015-03-02,332668.12386801594,0.057112482708258305
2015-03-03,327894.9423318183,0.057112482708258305
2015-03-04,324256.88388517254,0.057112482708258305
2015-03-05,325682.8859954154,0.057112482708258305
2015-03-06,314477.55086353177,0.057112482708258305
2015-03-09,317504.3702869689,0.057112482708258305
2015-03-10,299925.14159491414,0.057112482708258305
2015-03-11,294657.3112993514,0.057112482708258305
2015-03-12,300303.4808616912,0.057112482708258305
2015-03-13,296432.4875622069,0.057112482708258305
2015-03-16,307783.4727828776,0.057112482708258305
2015-03-17,309500.6346850669,0.057112482708258305
2015-03-18,318406.7691021239,0.057112482708258305
2015-03-19,319949.1859941756,0.057112482708258305
2015-03-20,326585.10932853573,0.057112482708258305
2015-03-23,323849.3093114173,0.057112482708258305
2015-03-24,320560.4952101981,0.057112482708258305
2015-03-25,298208.61142804974,0.057112482708258305
2015-03-26,295763.55004599446,0.057112482708258305
2015-03-27,298616.15090539807,0.057112482708258305
2015-03-30,309356.8798022544,0.057112482708258305
2015-03-31,299780.43910911435,0.057112482708258305
2015-04-01,294715.6415276801,0.057112482708258305
2015-04-02,295210.6061547076,0.057112482708258305
2015-04-06,302312.820351628,0.057112482708258305
2015-04-07,300915.6674878871,0.057112482708258305
2015-04-08,308076.17681672925,0.057112482708258305
2015-04-09,313810.47345688695,0.057112482708258305
2015-04-10,317565.26255300397,0.057112482708258305
2015-04-13,315207.52103140706,0.057112482708258305
2015-04-14,312500.5351643836,0.057112482708258305
2015-04-15,318030.9216802394,0.057112482708258305
2015-04-16,316924.858415631,0.057112482708258305
2015-04-17,302109.1208057677,0.057112482708258305
2015-04-20,315614.9903159415,0.057112482708258305
2015-04-21,319660.9743004119,0.057112482708258305
2015-04-22,324842.2217600619,0.057112482708258305
2015-04-23,328742.6258485591,0.057112482708258305
2015-04-24,341608.2667033946,0.057112482708258305
2015-04-27,339425.1298063075,0.057112482708258305
2015-04-28,337212.93308427685,0.057112482708258305
2015-04-29,330780.1126568591,0.057112482708258305
2015-04-30,315236.6510491645,0.057112482708258305
2015-05-01,327985.87712219113,0.057112482708258305
2015-05-04,329149.9898438727,0.057112482708258305
2015-05-05,313548.33839347714,0.057112482708258305
2015-05-06,306853.6636739051,0.057112482708258305
2015-05-07,312121.98531916493,0.057112482708258305
2015-05-08,323561.30819609517,0.057112482708258305
2015-05-11,320010.3590314662,0.057112482708258305
2015-05-12,315876.98499372357,0.057112482708258305
2015-05-13,317507.0376138961,0.057112482708258305
2015-05-14,331566.06159379834,0.057112482708258305
2015-05-15,331537.03686526173,0.057112482708258305
2015-05-18,335612.01048186177,0.057112482708258305
2015-05-19,334651.4569204127,0.057112482708258305
2015-05-20,335204.5411973273,0.057112482708258305
2015-05-21,340473.03832462186,0.057112482708258305
2015-05-22,339541.6147809302,0.057112482708258305
2015-05-26,327782.0371907031,0.057112482708258305
2015-05-27,343558.43365123624,0.057112482708258305
2015-05-28,341026.0524087226,0.057112482708258305
2015-05-29,335262.69594362134,0.057112482708258305
2015-06-01,338202.6166634833,0.057112482708258305
2015-06-02,335117.15114405507,0.057112482708258305
2015-06-03,338057.07186391705,0.057112482708258305
2015-06-04,330692.7927964007,0.057112482708258305
2015-06-05,328189.5415716445,0.057112482708258305
2015-06-08,318147.3013656413,0.057112482708258305
2015-06-09,316575.4736845767,0.057112482708258305
2015-06-10,329120.9651153361,0.057112482708258305
2015-06-11,330925.6925528323,0.057112482708258305
2015-06-12,322513.54006340855,0.057112482708258305
2015-06-15,318060.0516979968,0.057112482708258305
2015-06-16,322920.97425153607,0.057112482708258305
2015-06-17,325628.1005041873,0.057112482708258305
2015-06-18,339396.06998136395,0.057112482708258305
2015-06-19,334214.8225217139,0.057112482708258305
2015-06-22,342277.69556930417,0.057112482708258305
2015-06-23,343121.72905972356,0.057112482708258305
2015-06-24,337853.37231805676,0.057112482708258305
2015-06-25,335641.21069243306,0.057112482708258305
2015-06-26,329412.12490728253,0.057112482708258305
2015-06-29,306126.0098688876,0.057112482708258305
2015-06-30,309618.9095764434,0.057112482708258305
2015-07-01,315964.2346613681,0.057112482708258305
2015-07-02,317157.72307565564,0.057112482708258305
2015-07-06,314479.83212998265,0.057112482708258305
2015-07-07,316080.75473239773,0.057112482708258305
2015-07-08,300246.1333327567,0.057112482708258305
2015-07-09,299372.8645353591,0.057112482708258305
2015-07-10,313286.4490049159,0.057112482708258305
2015-07-13,329295.56973984593,0.057112482708258305
2015-07-14,335903.1702738082,0.057112482708258305
2015-07-15,337503.98758700246,0.057112482708258305
2015-07-16,350689.812962321,0.057112482708258305
2015-07-17,366728.309389857,0.057112482708258305
2015-07-20,370832.41302421445,0.057112482708258305
2015-07-21,369813.5643308436,0.057112482708258305
2015-07-22,357675.6123774325,0.057112482708258305
2015-07-23,353396.8690221583,0.057112482708258305
2015-07-24,343354.6639125621,0.057112482708258305
2015-07-27,334535.0070421969,0.057112482708258305
2015-07-28,343354.6639125621,0.057112482708258305
2015-07-29,347196.84306195134,0.057112482708258305
2015-07-30,352028.7057905471,0.057112482708258305
2015-07-31,350951.7725436961,0.057112482708258305
2015-08-03,347720.83241751546,0.057112482708258305
2015-08-04,345479.5056777274,0.057112482708258305
2015-08-05,353571.47364666814,0.057112482708258305
2015-08-06,336601.7642538821,0.057112482708258305
2015-08-07,335262.69594362134,0.057112482708258305
2015-08-10,346585.63913514966,0.057112482708258305
2015-08-11,333370.7539348876,0.057112482708258305
2015-08-12,336310.6044619357,0.057112482708258305
2015-08-13,334797.07191279286,0.057112482708258305
2015-08-14,336601.7642538821,0.057112482708258305
2015-08-17,344868.2666545188,0.057112482708258305
2015-08-18,339366.86977079266,0.057112482708258305
2015-08-19,332992.30937888974,0.057112482708258305
2015-08-20,305572.85539915913,0.057112482708258305
2015-08-21,266164.04851166287,2.748025336652063
2015-08-24,236590.53657738247,2.748025336652063
2015-08-25,228949.99178735295,2.748025336652063
2015-08-26,262658.3831736235,2.748025336652063
2015-08-27,273641.66058631876,273638.8220824812
2015-08-28,273011.9941838977,59.611165404028725
2015-08-31,273235.1961695081,273235.1961695081
2015-09-01,273235.1961695081,273235.1961695081
2015-09-02,273235.1961695081,273235.1961695081
2015-09-03,273015.57876452646,33.83368930063443
2015-09-04,273186.11393222056,33.83368930063443
2015-09-08,272947.4551492616,33.83368930063443
2015-09-09,273015.57876452646,33.83368930063443
2015-09-10,272947.4551492616,33.83368930063443
2015-09-11,273186.11393222056,33.83368930063443
2015-09-14,273083.6186281129,33.83368930063443
2015-09-15,281113.001056063,2.4596856711432338
2015-09-16,284390.9635332702,2.4596856711432338
2015-09-17,278366.5585540412,2.4596856711432338
2015-09-18,267557.96187101584,2.4596856711432338
2015-09-21,275708.6794451354,2.4596856711432338
2015-09-22,262685.27658234816,2.4596856711432338
2015-09-23,263563.84631999745,36.64142497791909
2015-09-24,263530.985312307,36.64142497791909
2015-09-25,263399.76724132313,36.64142497791909
2015-09-28,263596.64276775136,36.64142497791909
2015-09-29,258559.26540227106,2.889907075674273
2015-09-30,272855.12466187647,2.889907075674273
2015-10-01,275020.2004190124,37.58902651438257
2015-10-02,275669.750490843,39.183996854965905
2015-10-05,275361.42457836744,39.183996854965905
2015-10-06,277194.84660734,3.8410989171243273
2015-10-07,280660.78163541615,3.8410989171243273
2015-10-08,285426.4764367467,3.8410989171243273
2015-10-09,288459.29475797474,3.8410989171243273
2015-10-12,289585.703159464,3.8410989171243273
2015-10-13,287506.1239358312,3.8410989171243273
2015-10-14,286379.64725889027,3.8410989171243273
2015-10-15,296344.31287778675,3.8410989171243273
2015-10-16,298857.1681176549,3.8410989171243273
2015-10-19,294970.9891134134,294970.9891134134
2015-10-20,294970.9891134134,294970.9891134134
2015-10-21,287072.99241224315,2.3309871294768527
2015-10-22,306381.2252220252,2.3309871294768527
2015-10-23,328265.1005812224,2.982716136786621
2015-10-26,329239.92677169404,2.982716136786621
2015-10-27,331384.12132697663,2.982716136786621
2015-10-28,339069.94742589555,2.982716136786621
2015-10-29,337816.8392987784,2.982716136786621
2015-10-30,333194.09551578126,2.982716136786621
2015-11-02,344555.7076926764,2.982716136786621
2015-11-03,347841.8386216696,2.982716136786621
2015-11-04,347980.8788605269,2.982716136786621
2015-11-05,344917.9308505591,2.982716136786621
2015-11-06,346059.4978828963,2.982716136786621
2015-11-09,334920.6657071646,2.982716136786621
2015-11-10,332553.69115071854,2.982716136786621
2015-11-11,331077.7694459494,2.982716136786621
2015-11-12,321470.5287929114,2.982716136786621
2015-11-13,316696.80519439466,316696.80519439466
2015-11-16,316696.80519439466,316696.80519439466
2015-11-17,315131.135002275,2.726105828769505
2015-11-18,333194.6735450225,2.726105828769505
2015-11-19,333694.0761162238,2.726105828769505
2015-11-20,340325.6551376777,2.726105828769505
2015-11-23,337578.72352995444,2.726105828769505
2015-11-24,336524.3808871703,2.726105828769505
2015-11-25,337273.46801580954,2.726105828769505
2015-11-27,338494.38970341254,2.726105828769505
2015-11-30,336357.8687550025,2.726105828769505
2015-12-01,346346.85695614386,2.726105828769505
2015-12-02,340048.20183004905,2.726105828769505
2015-12-03,322706.0820347266,2.726105828769505
2015-12-04,344876.31762375403,2.726105828769505
2015-12-07,340658.6459456878,2.726105828769505
2015-12-08,340686.5150648551,2.726105828769505
2015-12-09,324814.8342329459,2.726105828769505
2015-12-10,329420.9003941016,2.726105828769505
2015-12-11,306834.434659143,2.726105828769505
2015-12-14,307433.9121888706,307433.9121888706
2015-12-15,307433.9121888706,307433.9121888706
2015-12-16,307433.9121888706,307433.9121888706
2015-12-17,290123.94805020775,3.7289730974589474
2015-12-18,286331.05235424894,286331.05235424894
2015-12-21,286331.05235424894,286331.05235424894
2015-12-22,286331.05235424894,286331.05235424894
2015-12-23,286331.05235424894,286331.05235424894
2015-12-24,285339.8919848593,2.8125886114430614
2015-12-28,285266.4807836207,2.8125886114430614
2015-12-29,298276.3636461886,2.8125886114430614
2015-12-30,290656.57637492736,2.8125886114430614
2015-12-31,279876.26702539047,2.8125886114430614
2016-01-04,260585.41234384268,260585.41234384268
2016-01-05,260585.41234384268,260585.41234384268
2016-01-06,260585.41234384268,260585.41234384268
2016-01-07,260585.41234384268,260585.41234384268
2016-01-08,245869.5493880353,1.6248088917636778
2016-01-11,250503.9272421441,1.6248088917636778
2016-01-12,258779.5041700444,1.6248088917636778
2016-01-13,263842.8203152714,23.849082618718967
2016-01-14,275234.3944129152,3.192480961792171
2016-01-15,261148.54891763988,5.254453528556041
2016-01-19,252925.4496940555,2.7495588244928513
2016-01-20,247131.86719455142,2.7495588244928513
2016-01-21,251296.00535907169,2.7495588244928513
2016-01-22,271482.7314676227,2.7495588244928513
2016-01-25,269506.4318807453,53.21613672672538
2016-01-26,269809.7454564899,53.21613672672538
2016-01-27,269843.4121587604,53.21613672672538
2016-01-28,270045.4948079914,53.21613672672538
2016-01-29,270348.94028070866,53.21613672672538
2016-02-01,270126.26521662174,53.21613672672538
2016-02-02,259739.3253634203,1.1420207250630483
2016-02-03,262489.91318889393,38.185466725961305
2016-02-04,262653.31522746815,38.185466725961305
2016-02-05,262522.53608318104,38.185466725961305
2016-02-08,262914.9214438988,38.185466725961305
2016-02-09,269115.5762034917,2.401828672911506
2016-02-10,271068.66638007405,2.401828672911506
2016-02-11,268498.8165685201,2.401828672911506
2016-02-12,279600.5979930425,2.401828672911506
2016-02-16,289546.402131099,36.92906476906501
2016-02-17,289401.2765917111,38.57758658416116
2016-02-18,279118.2306142943,2.9817320005968213
2016-02-19,280047.08173619676,2.9817320005968213
2016-02-22,290821.64740811754,2.9817320005968213
2016-02-23,277260.6259542601,2.9817320005968213
2016-02-24,283855.3127857344,2.9817320005968213
2016-02-25,294258.3526464598,2.9817320005968213
2016-02-26,291843.3494878905,2.9817320005968213
2016-02-29,286548.9176098006,2.9817320005968213
2016-03-01,310698.70523606706,2.9817320005968213
2016-03-02,307834.24209203664,307834.24209203664
2016-03-03,307834.24209203664,307834.24209203664
2016-03-04,309213.66188358073,3.133722531842068
2016-03-07,304025.1494753242,3.133722531842068
2016-03-08,298472.7624599815,3.133722531842068
2016-03-09,305572.62067722087,3.133722531842068
2016-03-10,305299.54736827617,3.133722531842068
2016-03-11,319226.286124456,3.133722531842068
2016-03-14,320598.25445280987,3.9217420669156127
2016-03-15,320393.6250316885,1.3786601808194163
2016-03-16,328567.35404370097,1.3786601808194163
2016-03-17,327621.5326988485,1.3786601808194163
2016-03-18,329512.97176716593,1.3786601808194163
2016-03-21,333430.95269439486,1.3786601808194163
2016-03-22,336403.0511903551,1.3786601808194163
2016-03-23,328398.38901636866,1.3786601808194163
2016-03-24,328297.046651819,1.3786601808194163
2016-03-28,327114.82087610033,1.3786601808194163
2016-03-29,342752.9027104166,1.3786601808194163
2016-03-30,347886.68658015993,1.3786601808194163
2016-03-31,345860.1243591097,1.3786601808194163
2016-04-01,357377.520174959,1.3786601808194163
2016-04-04,352953.03104636935,1.3786601808194163
2016-04-05,343462.2381758478,1.3786601808194163
2016-04-06,359910.6516837862,1.3786601808194163
2016-04-07,344374.1361975458,1.3786601808194163
2016-04-08,343563.6009025362,1.3786601808194163
2016-04-11,339881.902233341,1.3786601808194163
2016-04-12,347819.2064523485,1.3786601808194163
2016-04-13,361396.80274246004,1.3786601808194163
2016-04-14,361633.1664490488,1.3786601808194163
2016-04-15,358863.7934064653,1.3786601808194163
2016-04-18,364166.379406431,1.3786601808194163
2016-04-19,357884.2116355684,1.3786601808194163
2016-04-20,358762.38995549944,1.3786601808194163
2016-04-21,358863.7934064653,1.3786601808194163
2016-04-22,342617.69810912875,1.3786601808194163
2016-04-25,342347.57397649554,1.3786601808194163
2016-04-26,337652.614558914,1.3786601808194163
2016-04-27,329546.6100203779,1.3786601808194163
2016-04-28,317860.4731607225,1.3786601808194163
2016-04-29,312794.18978092936,1.3786601808194163
2016-05-02,321069.20007107523,1.3786601808194163
2016-05-03,312523.94347546366,1.3786601808194163
2016-05-04,306343.0569827345,1.3786601808194163
2016-05-05,306174.3159389284,1.3786601808194163
2016-05-06,310598.72361896303,1.3786601808194163
2016-05-09,313334.5398568895,1.3786601808194163
2016-05-10,326473.20988414553,1.3786601808194163
2016-05-11,317556.4867913511,1.3786601808194163
2016-05-12,313098.155788162,1.3786601808194163
2016-05-13,309315.3183758047,1.3786601808194163
2016-05-16,321237.9003906038,1.3786601808194163
2016-05-17,308910.0914525774,1.3786601808194163
2016-05-18,312422.601110914,1.3786601808194163
2016-05-19,307491.5223324087,1.3786601808194163
2016-05-20,317759.11043403414,1.3786601808194163
2016-05-23,316205.5403339651,1.3786601808194163
2016-05-24,335558.77583143977,1.3786601808194163
2016-05-25,342786.66313646105,1.3786601808194163
2016-05-26,345657.4396300104,1.3786601808194163
2016-05-27,350858.94797323016,1.3786601808194163
2016-05-31,352953.03104636935,1.3786601808194163
2016-06-01,353088.1134748247,1.3786601808194163
2016-06-02,355080.711648443,1.3786601808194163
2016-06-03,350217.13335988787,1.3786601808194163
2016-06-06,353966.12889764574,1.3786601808194163
2016-06-07,351466.9614362505,1.3786601808194163
2016-06-08,353020.5518984583,1.3786601808194163
2016-06-09,351466.9614362505,1.3786601808194163
2016-06-10,339645.558888891,1.3786601808194163
2016-06-13,330931.4798009184,1.3786601808194163
2016-06-14,331100.5262768057,1.3786601808194163
2016-06-15,328128.0816244867,1.3786601808194163
2016-06-16,330492.43136523035,1.3786601808194163
2016-06-17,319177.7406406191,1.3786601808194163
2016-06-20,324919.57869766024,1.3786601808194163
2016-06-21,328161.9845855024,1.3786601808194163
2016-06-22,326034.1614484575,1.3786601808194163
2016-06-23,339780.6209552076,1.3786601808194163
2016-06-24,298169.5519542482,1.3786601808194163
2016-06-27,280808.9757168081,1.3786601808194163
2016-06-28,294520.94551675196,5.085181521135382
2016-06-29,307927.42333960265,5.626292464439757
2016-06-30,319124.9469240935,0.9282603295062195
2016-07-01,323498.3387806447,0.9282603295062195
2016-07-05,317766.5075322421,0.9282603295062195
2016-07-06,325254.24303734617,0.9282603295062195
2016-07-07,328335.46960735635,0.9282603295062195
2016-07-08,343509.8028817208,0.9282603295062195
2016-07-11,349374.1623666318,0.9282603295062195
2016-07-12,354873.9144017728,0.9282603295062195
2016-07-13,352389.014960769,0.9282603295062195
2016-07-14,359545.4997839959,0.9282603295062195
2016-07-15,357524.47913194017,0.9282603295062195
2016-07-18,364647.8868248494,0.9282603295062195
2016-07-19,360870.70225262956,0.9282603295062195
2016-07-20,373228.8854041131,0.9282603295062195
2016-07-21,371009.2022290261,0.9282603295062195
2016-07-22,375316.0603168042,0.9282603295062195
2016-07-25,375647.3908951314,0.9282603295062195
2016-07-26,376906.4790513547,0.9282603295062195
2016-07-27,384261.6663458379,0.9282603295062195
2016-07-28,388436.29580879526,0.9282603295062195
2016-07-29,390987.5093033345,0.9282603295062195
2016-08-01,397116.7255201371,0.9282603295062195
2016-08-02,388171.2393357785,0.9282603295062195
2016-08-03,391848.7930347951,0.9282603295062195
2016-08-04,395360.9610822232,0.9282603295062195
2016-08-05,406791.3467075856,0.9282603295062195
2016-08-08,405499.18142104463,0.9282603295062195
2016-08-09,408182.7833333047,0.9282603295062195
2016-08-10,405035.3026320966,0.9282603295062195
2016-08-11,410270.1579871209,0.9282603295062195
2016-08-12,411031.9706382783,0.9282603295062195
2016-08-15,416200.63178444223,0.9282603295062195
2016-08-16,409640.4940643342,0.9282603295062195
2016-08-17,411562.20342898683,0.9282603295062195
2016-08-18,411959.76816439943,0.9282603295062195
2016-08-19,411396.53813982324,0.9282603295062195
2016-08-22,411794.14282346086,0.9282603295062195
2016-08-23,414245.965134147,0.9282603295062195
2016-08-24,406261.1139168771,0.9282603295062195
2016-08-25,404339.44450044946,0.9282603295062195
2016-08-26,406294.2709436448,0.9282603295062195
2016-08-29,407420.69104457216,0.9282603295062195
2016-08-30,403743.0175008805,0.9282603295062195
2016-08-31,402682.8315570386,0.9282603295062195
2016-09-01,404471.99271107034,0.9282603295062195
2016-09-02,409209.8521986039,0.9282603295062195
2016-09-06,416796.9788875611,0.9282603295062195
2016-09-07,417559.03122806863,0.9282603295062195
2016-09-08,410402.5464048417,0.9282603295062195
2016-09-09,379291.9473602803,0.9282603295062195
2016-09-12,398740.2213850053,0.9282603295062195
2016-09-13,389330.8564116986,0.9282603295062195
2016-09-14,394333.7324240239,0.9282603295062195
2016-09-15,412622.38937282877,0.9282603295062195
2016-09-16,412158.5505321057,0.9282603295062195
2016-09-19,406758.0698361428,0.9282603295062195
2016-09-20,409010.98993444757,0.9282603295062195
2016-09-21,420905.4141416581,0.9282603295062195
2016-09-22,430745.42098069505,0.9282603295062195
2016-09-23,422992.66895079927,0.9282603295062195
2016-09-26,412489.8811104329,0.9282603295062195
2016-09-27,424185.4830017121,0.9282603295062195
2016-09-28,426504.6372571023,0.9282603295062195
2016-09-29,417459.6799924405,0.9282603295062195
2016-09-30,426040.6785717042,0.9282603295062195
2016-10-03,425079.8838117154,0.9282603295062195
2016-10-04,422661.218527797,0.9282603295062195
2016-10-05,427067.8672816785,0.9282603295062195
2016-10-06,426405.24607324915,0.9282603295062195
2016-10-07,423622.09318423586,0.9282603295062195
2016-10-10,431209.139976743,0.9282603295062195
2016-10-11,413384.4816615613,0.9282603295062195
2016-10-12,412522.9182925256,0.9282603295062195
2016-10-13,407685.7475175889,0.9282603295062195
2016-10-14,408613.46514726,0.9282603295062195
2016-10-17,405797.27507615404,0.9282603295062195
2016-10-18,416200.63178444223,0.9282603295062195
2016-10-19,416366.2970736058,0.9282603295062195
2016-10-20,414610.2929463418,0.9282603295062195
2016-10-21,419116.1730911763,0.9282603295062195
2016-10-24,434389.8176529439,0.9282603295062195
2016-10-25,430049.722641948,0.9282603295062195
2016-10-26,421799.89484811143,0.9282603295062195
2016-10-27,415902.37833643274,0.9282603295062195
2016-10-28,408712.89627933817,0.9282603295062195
2016-10-31,406393.702075723,0.9282603295062195
2016-11-01,398044.5629944833,0.9282603295062195
2016-11-02,387674.1635718377,0.9282603295062195
2016-11-03,376508.8743677171,0.9282603295062195
2016-11-04,372234.89366913156,0.9282603295062195
2016-11-07,398905.84672594385,0.9282603295062195
2016-11-08,406724.99270582513,0.9282603295062195
2016-11-09,412423.5271086724,0.9282603295062195
2016-11-10,392809.70763945894,0.9282603295062195
2016-11-11,392478.37706113176,0.9282603295062195
2016-11-14,379225.6732549699,0.9282603295062195
2016-11-15,396785.514786485,0.9282603295062195
2016-11-16,403246.22137451486,0.9282603295062195
2016-11-17,412589.3122425111,0.9282603295062195
2016-11-18,407950.80399060564,0.9282603295062195
2016-11-21,420209.595958236,0.9282603295062195
2016-11-22,423986.6606857808,0.9282603295062195
2016-11-23,418884.19374847726,0.9282603295062195
2016-11-25,422926.3548972638,0.9282603295062195
2016-11-28,420574.0036668809,0.9282603295062195
2016-11-29,424616.04497099237,0.9282603295062195
2016-11-30,410866.5050902398,0.9282603295062195
2016-12-01,388303.8274946244,0.9282603295062195
2016-12-02,389861.0093059571,0.9282603295062195
2016-12-05,398872.8494920762,0.9282603295062195
2016-12-06,401755.23377204256,0.9282603295062195
2016-12-07,416664.43067694025,0.9282603295062195
2016-12-08,419215.56427502946,0.9282603295062195
2016-12-09,429022.53393197374,0.9282603295062195
2016-12-12,422278.11073014437,422278.11073014437
2016-12-13,433163.37583980884,2.976105311769061
2016-12-14,433143.1322843275,433143.1322843275
2016-12-15,433712.4566037235,4.022910076135304
2016-12-16,428441.7134401588,0.3901884345486759
2016-12-19,433678.76749680325,0.3901884345486759
2016-12-20,438915.62423107907,0.3901884345486759
2016-12-21,437377.06225846097,0.3901884345486759
2016-12-22,433580.57988617703,0.3901884345486759
2016-12-23,434922.4114572792,0.3901884345486759
2016-12-27,441272.2058150558,0.3901884345486759
2016-12-28,431060.2996651916,0.3901884345486759
2016-12-29,428965.60432884976,0.3901884345486759
2016-12-30,416429.6747858314,0.3901884345486759
2017-01-03,426510.75620529935,0.3901884345486759
2017-01-04,433776.876178482,0.3901884345486759
2017-01-05,441468.54157183453,0.3901884345486759
2017-01-06,452662.32382796094,0.3901884345486759
2017-01-09,457244.7017299919,0.3901884345486759
2017-01-10,459862.9722392349,0.3901884345486759
2017-01-11,463397.88407967373,0.3901884345486759
2017-01-12,461041.22356674954,0.3901884345486759
2017-01-13,466343.5913274078,0.3901884345486759
2017-01-17,461957.8648979454,0.3901884345486759
2017-01-18,465099.9868314056,0.3901884345486759
2017-01-19,463856.0271551399,0.3901884345486759
2017-01-20,466867.3638226776,0.3901884345486759
2017-01-23,467914.63256190106,0.3901884345486759
2017-01-24,477668.47456524655,0.3901884345486759
2017-01-25,491611.5888478546,0.3901884345486759
2017-01-26,492960.18607210775,492960.18607210775
2017-01-27,492960.18607210775,492960.18607210775
2017-01-30,492960.18607210775,492960.18607210775
2017-01-31,494411.9125069378,4.278342127625365
2017-02-01,503810.37333621696,0.30884279919877056
2017-02-02,502534.6481284113,0.30884279919877056
2017-02-03,506898.65805067733,0.30884279919877056
2017-02-06,508778.52928461746,0.30884279919877056
2017-02-07,514015.4059530707,0.30884279919877056
2017-02-08,516902.4840551825,0.30884279919877056
2017-02-09,522273.53894128517,0.30884279919877056
2017-02-10,527443.1038824529,0.30884279919877056
2017-02-13,536708.2818345041,0.30884279919877056
2017-02-14,536141.5897113607,536141.5897113607
2017-02-15,536141.5897113607,536141.5897113607
2017-02-16,536141.5897113607,536141.5897113607
2017-02-17,536141.5897113607,536141.5897113607
2017-02-21,536141.5897113607,536141.5897113607
2017-02-22,536141.5897113607,536141.5897113607
2017-02-23,536141.5897113607,536141.5897113607
2017-02-24,536141.5897113607,536141.5897113607
2017-02-27,536141.5897113607,536141.5897113607
2017-02-28,536141.5897113607,536141.5897113607
2017-03-01,543104.1030530641,4.40860912296921
2017-03-02,542001.0518182502,542001.0518182502
2017-03-03,545230.2726412968,1.5404690461000428
2017-03-06,541458.2085372166,1.5404690461000428
2017-03-07,538772.9678977685,1.5404690461000428
2017-03-08,541522.1914769368,1.5404690461000428
2017-03-09,543184.4374157147,1.5404690461000428
2017-03-10,549130.2640808778,1.5404690461000428
2017-03-13,552326.9442547517,1.5404690461000428
2017-03-14,548235.1967157082,1.5404690461000428
2017-03-15,557825.3914130883,1.5404690461000428
2017-03-16,557505.5152584271,1.5404690461000428
2017-03-17,556162.9142106728,1.5404690461000428
2017-03-20,557825.3914130883,1.5404690461000428
2017-03-21,532954.991480227,1.5404690461000428
2017-03-22,543440.214998837,1.5404690461000428
2017-03-23,539092.6898766713,1.5404690461000428
2017-03-24,542033.6310113625,1.5404690461000428
2017-03-27,544910.7048381524,1.5404690461000428
2017-03-28,555140.1122297005,1.5404690461000428
2017-03-29,562492.4457944589,1.5404690461000428
2017-03-30,565305.7294012265,1.5404690461000428
2017-03-31,563962.9356337743,1.5404690461000428
2017-04-03,562748.3004654603,1.5404690461000428
2017-04-04,565305.7294012265,1.5404690461000428
2017-04-05,558848.2319380002,1.5404690461000428
2017-04-06,559295.765620585,1.5404690461000428
2017-04-07,558656.4372945981,1.5404690461000428
2017-04-10,559295.765620585,1.5404690461000428
2017-04-11,552263.0769468503,1.5404690461000428
2017-04-12,544974.649233933,1.5404690461000428
2017-04-13,538517.1903146462,1.5404690461000428
2017-04-17,551304.1037298398,1.5404690461000428
2017-04-18,549705.7250989632,1.5404690461000428
2017-04-19,551623.6715329842,1.5404690461000428
2017-04-20,564985.9303344445,1.5404690461000428
2017-04-21,564730.2298392014,1.5404690461000428
2017-04-24,585252.9504741387,1.5404690461000428
2017-04-25,598231.5814448552,1.5404690461000428
2017-04-26,595610.2852011876,1.5404690461000428
2017-04-27,606031.4486921983,1.5404690461000428
2017-04-28,609483.8679052548,1.5404690461000428
2017-05-01,624827.9789925771,1.5404690461000428
2017-05-02,627025.773893626,627025.773893626
2017-05-03,627025.773893626,627025.773893626
2017-05-04,626471.6840613018,4.0659830699441954
2017-05-05,633286.6548712383,4.0659830699441954
2017-05-08,637079.9591601024,4.0659830699441954
2017-05-09,655163.4296464773,33663.429646477336
2017-05-10,659163.4296464773,33663.429646477336
2017-05-11,655663.4296464773,33663.429646477336
2017-05-12,654163.4296464773,33663.429646477336
2017-05-15,626663.4296464773,33663.429646477336
2017-05-16,615163.4296464773,33663.429646477336
2017-05-17,826163.4296464773,33663.429646477336
2017-05-18,835245.5053531461,3.664292269269936
2017-05-19,845345.162112885,3.664292269269936
2017-05-22,867255.0986108118,3.664292269269936
2017-05-23,869394.7575759225,3.664292269269936
2017-05-24,881376.806502276,3.664292269269936
2017-05-25,904570.7550901704,3.664292269269936
2017-05-26,908422.2237839036,3.664292269269936
2017-05-30,910305.2351245218,3.664292269269936
2017-05-31,909192.3730487161,3.664292269269936
2017-06-01,920062.0758776002,3.664292269269936
2017-06-02,951472.3602976137,3.664292269269936
2017-06-05,947971.0061781273,418971.00617812725
2017-06-06,952761.6252557292,4.875842238892801
2017-06-07,963172.6096402659,4.875842238892801
2017-06-08,965775.198827888,4.875842238892801
2017-06-09,895936.6845647349,4.875842238892801
2017-06-12,879713.2858630671,4.875842238892801
2017-06-13,900274.4726850047,4.875842238892801
2017-06-14,888215.0074721827,4.875842238892801
2017-06-15,876242.6264835849,4.875842238892801
2017-06-16,865745.394720222,4.875842238892801
2017-06-19,907648.858937408,4.875842238892801
2017-06-20,887087.5675097957,4.875842238892801
2017-06-21,912854.0373126521,4.875842238892801
2017-06-22,911812.8970319285,4.875842238892801
2017-06-23,922050.0267850413,4.875842238892801
2017-06-26,909817.4391805186,4.875842238892801
2017-06-27,859759.3349830165,4.875842238892801
2017-06-28,895849.8618546977,4.875842238892801
2017-06-29,850215.9500648036,4.875842238892801
2017-06-30,847266.3315512195,4.875842238892801
2017-07-03,824188.9598289981,4.875842238892801
2017-07-05,847699.261512049,0.0896112997849432
2017-07-06,825316.0556213935,0.0896112997849432
2017-07-07,850041.5501551707,0.0896112997849432
2017-07-10,867826.7403500159,0.0896112997849432
2017-07-11,874940.7432036479,0.0896112997849432
2017-07-12,906086.4402906974,0.0896112997849432
2017-07-13,912072.5273149093,0.0896112997849432
2017-07-14,933501.411284693,0.0896112997849432
2017-07-17,934022.0361011107,0.0896112997849432
2017-07-18,952588.0589144309,0.0896112997849432
2017-07-19,970026.0089891036,0.0896112997849432
2017-07-20,973669.755067118,0.0896112997849432
2017-07-21,972195.0175421317,0.0896112997849432
2017-07-24,984861.3580124457,0.0896112997849432
2017-07-25,978267.6138537009,0.0896112997849432
2017-07-26,987030.2619593223,0.0896112997849432
2017-07-27,969418.3518545707,0.0896112997849432
2017-07-28,966295.6490175803,0.0896112997849432
2017-07-31,953715.713228472,0.0896112997849432
2017-08-01,959962.3741762717,0.0896112997849432
2017-08-02,966989.6062271674,0.0896112997849432
2017-08-03,956925.5529897292,0.0896112997849432
2017-08-04,960656.2267797072,0.0896112997849432
2017-08-07,977660.8981745322,0.0896112997849432
2017-08-08,974016.9428842147,0.0896112997849432
2017-08-09,970199.4459884246,0.0896112997849432
2017-08-10,907214.0946047385,0.0896112997849432
2017-08-11,927949.2305772384,0.0896112997849432
2017-08-14,964040.0265710433,0.0896112997849432
2017-08-15,965774.8149888595,0.0896112997849432
2017-08-16,970806.8939106544,0.0896112997849432
2017-08-17,911118.100787886,0.0896112997849432
2017-08-18,907908.2610266288,0.0896112997849432
2017-08-21,906259.7726838668,0.0896112997849432
2017-08-22,946601.5534656127,0.0896112997849432
2017-08-23,936017.6076548179,0.0896112997849432
2017-08-24,928209.4906823714,0.0896112997849432
2017-08-25,921963.1435530265,0.0896112997849432
2017-08-28,930030.9975998481,0.0896112997849432
2017-08-29,941483.2790749152,0.0896112997849432
2017-08-30,974103.5567777236,0.0896112997849432
2017-08-31,1001778.9970891555,0.0896112997849432
2017-09-01,1001084.9352734168,0.0896112997849432
2017-09-05,974276.9937770446,0.0896112997849432
2017-09-06,982692.4540655692,0.0896112997849432
2017-09-07,988765.4688017447,0.0896112997849432
2017-09-08,964386.6913573821,0.0896112997849432
2017-09-11,995098.7436430533,0.0896112997849432
2017-09-12,1003514.0993254264,0.0896112997849432
2017-09-13,1007678.4702198585,0.0896112997849432
2017-09-14,990674.1126434882,0.0896112997849432
2017-09-15,998655.6666152556,0.0896112997849432
2017-09-18,996226.5025632461,0.0896112997849432
2017-09-19,1000477.5919573386,0.0896112997849432
2017-09-20,992149.0593807776,0.0896112997849432
2017-09-21,973062.3071448882,0.0896112997849432
2017-09-22,970633.2476990302,0.0896112997849432
2017-09-25,940181.9785492499,0.0896112997849432
2017-09-26,946601.5534656127,0.0896112997849432
2017-09-27,972281.6314356406,0.0896112997849432
2017-09-28,970633.2476990302,0.0896112997849432
2017-09-29,991194.6328537543,0.0896112997849432
2017-10-02,993970.880116709,0.0896112997849432
2017-10-03,1000217.227246054,0.0896112997849432
2017-10-04,994608.7175703131,7108.717570313136
2017-10-05,927608.7175703131,7108.717570313136
2017-10-06,928108.7175703131,7108.717570313136
2017-10-09,966108.7175703131,7108.717570313136
2017-10-10,925117.3953230641,2.0215237400261685
2017-10-11,933182.3955381176,2.0215237400261685
2017-10-12,914565.0252680028,46565.02526800276
2017-10-13,892163.3545846045,3.067204385995865
2017-10-16,901377.3728627264,3.067204385995865
2017-10-17,904547.1913975775,3.067204385995865
2017-10-18,901082.5576967299,3.067204385995865
2017-10-19,891131.1904233992,3.067204385995865
2017-10-20,898720.2003804414,135720.20038044138
2017-10-23,947720.2003804414,135720.20038044138
2017-10-24,917888.5238219494,5.6281024211784825
2017-10-25,906730.92083466,5.6281024211784825
2017-10-26,898325.1702977413,5.6281024211784825
2017-10-27,975738.7004138225,5.6281024211784825
2017-10-30,982692.8292027706,5.6281024211784825
2017-10-31,993085.8290883297,5.6281024211784825
2017-11-01,991786.7041026348,5.6281024211784825
2017-11-02,986743.0694943661,5.6281024211784825
2017-11-03,1014254.4068394894,5.6281024211784825
2017-11-06,1024571.20441544,5.6281024211784825
2017-11-07,1026252.4466658825,5.6281024211784825
2017-11-08,1039090.8311883205,5.6281024211784825
2017-11-09,965751.6155267681,5751.615526768146
2017-11-10,992246.060099874,5.897003922960721
2017-11-13,995213.3652341705,5.897003922960721
2017-11-14,985198.251977716,5.897003922960721
2017-11-15,970731.867946897,5.897003922960721
2017-11-16,1007083.0330183845,5.897003922960721
2017-11-17,995806.862040792,5.897003922960721
2017-11-20,993358.7212570052,5.897003922960721
2017-11-21,1024665.1187475066,5.897003922960721
2017-11-22,1028745.5322859626,5.897003922960721
2017-11-24,1040318.67529038,5.897003922960721
2017-11-27,1038612.1595290046,5.897003922960721
2017-11-28,1046253.4644577842,5.897003922960721
2017-11-29,992468.4313223701,5.897003922960721
2017-11-30,1017098.3251736503,5.897003922960721
2017-12-01,1025064.5271406528,138189.52714065276
2017-12-04,894511.1175878027,3.3107750394847244
2017-12-05,895812.3095834234,3.3107750394847244
2017-12-06,907661.3655836561,3.3107750394847244
2017-12-07,916633.859030483,3.3107750394847244
2017-12-08,928757.0110089758,3.3107750394847244
2017-12-11,950058.2077720144,3.3107750394847244
2017-12-12,946496.6117327192,3.3107750394847244
2017-12-13,951222.4756543615,3.3107750394847244
2017-12-14,949852.4086825827,3.3107750394847244
2017-12-15,980742.5877377966,3.3107750394847244
2017-12-18,1005947.7734072187,3.3107750394847244
2017-12-19,989577.9093196371,3.3107750394847244
2017-12-20,985468.6994111517,3.3107750394847244
2017-12-21,984988.8869273642,3.3107750394847244
2017-12-22,981701.4694502333,3.3107750394847244
2017-12-26,965811.4178464392,3.3107750394847244
2017-12-27,965811.4178464392,3.3107750394847244
2017-12-28,968413.9670054892,3.3107750394847244
2017-12-29,950126.6698286512,3.3107750394847244
2018-01-02,998893.0433852652,3.3107750394847244
2018-01-03,1028139.0594904402,3.3107750394847244
2018-01-04,1034166.6934950331,3.3107750394847244
2018-01-05,1065398.9350817183,3.3107750394847244
2018-01-08,1041687.4100836512,55062.41008365119
2018-01-09,1063062.410083651,55062.41008365119
2018-01-10,1042812.4100836512,55062.41008365119
2018-01-11,1030437.4100836512,55062.41008365119
2018-01-12,1030437.4100836512,55062.41008365119
2018-01-16,1151937.410083651,55062.41008365119
2018-01-17,1147467.5726582196,4.714080968173221
2018-01-18,1114345.7652110173,53470.76521101734
2018-01-19,1104220.7652110173,53470.76521101734
2018-01-22,1056970.7652110173,53470.76521101734
2018-01-23,1094095.7652110173,53470.76521101734
2018-01-24,1144720.7652110173,53470.76521101734
2018-01-25,1185220.7652110173,53470.76521101734
2018-01-26,1169470.7652110173,53470.76521101734
2018-01-29,1328095.7652110173,53470.76521101734
2018-01-30,1421244.468616323,2.6093409820459783
2018-01-31,1438787.3844087883,2.6093409820459783
2018-02-01,1402807.7591851517,2.6093409820459783
2018-02-02,1317122.3571689888,2.6093409820459783
2018-02-05,1165081.2727783485,2.6093409820459783
2018-02-06,1254909.1492889686,2.6093409820459783
2018-02-07,1205284.1635287567,2.6093409820459783
2018-02-08,1055923.480768995,2.6093409820459783
2018-02-09,1105629.3554900452,2.6093409820459783
2018-02-12,1167517.5385988518,2.6093409820459783
2018-02-13,1181731.0804317757,2.6093409820459783
2018-02-14,1250929.0402873321,2.6093409820459783
2018-02-15,1316310.040062265,2.6093409820459783
2018-02-16,1301609.401750879,2.6093409820459783
2018-02-20,1308106.763462381,2.6093409820459783
2018-02-21,1296330.1729496284,2.6093409820459783
2018-02-22,1296574.1129029556,2.6093409820459783
2018-02-23,1373812.5921514793,2.6093409820459783
2018-02-26,1428959.9632380768,2.6093409820459783
2018-02-27,1377792.3094390198,2.6093409820459783
2018-02-28,1350096.6539190575,2.6093409820459783
2018-03-01,1285122.4492328926,2.6093409820459783
2018-03-02,1320452.1228426262,2.6093409820459783
2018-03-05,1361873.538217382,2.6093409820459783
2018-03-06,1379091.8209527298,2.6093409820459783
2018-03-07,1389406.4365304275,2.6093409820459783
2018-03-08,1410117.3400748535,2.6093409820459783
2018-03-09,1492228.9385355278,2.6093409820459783
2018-03-12,1514564.2804363533,2.6093409820459783
2018-03-13,1459579.2748425766,2.6093409820459783
2018-03-14,1454625.1687410637,2.6093409820459783
2018-03-15,1448127.7091010376,2.6093409820459783
2018-03-16,1438543.9340980812,2.6093409820459783
2018-03-19,1348229.0590375229,2.6093409820459783
2018-03-20,1358137.7608831688,2.6093409820459783
2018-03-21,1338482.8206132217,2.6093409820459783
2018-03-22,1240695.6074560448,2.6093409820459783
2018-03-23,1140472.0305498405,2.6093409820459783
2018-03-26,1268797.274636583,2.6093409820459783
2018-03-27,1147131.9536112114,2.6093409820459783
2018-03-28,1107578.6227606102,2.6093409820459783
2018-03-29,1168898.8204301163,2.6093409820459783
2018-04-02,1065101.5378969475,2.6093409820459783
2018-04-03,1100837.419024305,2.6093409820459783
2018-04-04,1152898.474747972,2.6093409820459783
2018-04-05,1171010.257336454,2.6093409820459783
2018-04-06,1083619.2342174812,2.6093409820459783
2018-04-09,1105304.4286473556,2.6093409820459783
2018-04-10,1178320.0340832039,2.6093409820459783
2018-04-11,1158502.434534864,2.6093409820459783
2018-04-12,1199111.9245169922,2.6093409820459783
2018-04-13,1181325.1666997238,2.6093409820459783
2018-04-16,1207396.0900777145,2.6093409820459783
2018-04-17,1284634.7651832863,2.6093409820459783
2018-04-18,1293568.6865008636,2.6093409820459783
2018-04-19,1258401.0845983787,2.6093409820459783
2018-04-20,1198055.9612425133,2.6093409820459783
2018-04-23,1188634.6496609016,2.6093409820459783
2018-04-24,1112857.9494903847,2.6093409820459783
2018-04-25,1117243.482581453,2.6093409820459783
2018-04-26,1186523.0168975159,2.6093409820459783
2018-04-27,1189284.3074892326,2.6093409820459783
2018-04-30,1163944.3226145073,2.6093409820459783
2018-05-01,1201792.2282193466,2.6093409820459783
2018-05-02,1180837.7764356895,2.6093409820459783
2018-05-03,1180918.6653965279,2.6093409820459783
2018-05-04,1247355.9222315117,2.6093409820459783
2018-05-07,1277000.453307943,2.6093409820459783
2018-05-08,1272776.7960670753,2.6093409820459783
2018-05-09,1315416.5402091308,2.6093409820459783
2018-05-10,1356350.6632483765,2.6093409820459783
2018-05-11,1352289.8611429497,2.6093409820459783
2018-05-14,1358299.8325904175,2.6093409820459783
2018-05-15,1314360.968648748,2.6093409820459783
2018-05-16,1338563.905431108,2.6093409820459783
2018-05-17,1323457.3533876701,2.6093409820459783
2018-05-18,1302259.255436258,2.6093409820459783
2018-05-21,1325000.1193550392,2.6093409820459783
2018-05-22,1318096.7459829613,2.6093409820459783
2018-05-23,1351233.7999399467,2.6093409820459783
2018-05-24,1350096.6539190575,2.6093409820459783
2018-05-25,1353507.7981961532,2.6093409820459783
2018-05-29,1336208.5285714432,2.6093409820459783
2018-05-30,1364716.0115555092,2.6093409820459783
2018-05-31,1361792.2575424477,2.6093409820459783
2018-06-01,1425142.807300405,2.6093409820459783
2018-06-04,1461691.1034630104,2.6093409820459783
2018-06-05,1476797.8513634964,2.6093409820459783
2018-06-06,1501163.0557101532,2.6093409820459783
2018-06-07,1466320.4785788818,2.6093409820459783
2018-06-08,1465345.7959793373,2.6093409820459783
2018-06-11,1476797.8513634964,2.6093409820459783
2018-06-12,1500188.3731106087,2.6093409820459783
2018-06-13,1498483.0457933708,2.6093409820459783
2018-06-14,1544046.3480914398,2.6093409820459783
2018-06-15,1528696.2478087707,2.6093409820459783
2018-06-18,1525285.201460199,2.6093409820459783
2018-06-19,1511640.4284947678,2.6093409820459783
2018-06-20,1543315.6054452225,2.6093409820459783
2018-06-21,1503356.0670769974,2.6093409820459783
2018-06-22,1488249.4171050354,2.6093409820459783
2018-06-25,1393223.8862536713,2.6093409820459783
2018-06-26,1408574.1823933884,2.6093409820459783
2018-06-27,1352046.1170466705,2.6093409820459783
2018-06-28,1385183.26893218,2.6093409820459783
2018-06-29,1391518.1672223373,2.6093409820459783
2018-07-02,1422706.2476943298,2.6093409820459783
2018-07-03,1373731.605262117,2.6093409820459783
2018-07-05,1424168.1247008606,2.6093409820459783
2018-07-06,1488249.4171050354,2.6093409820459783
2018-07-09,1529670.9304083153,2.6093409820459783
2018-07-10,1533325.6229246422,2.6093409820459783
2018-07-11,1510909.5879200264,2.6093409820459783
2018-07-12,1585468.0572517677,2.6093409820459783
2018-07-13,1590097.5302961632,2.6093409820459783
2018-07-16,1579376.7072008415,2.6093409820459783
2018-07-17,1608614.9328311249,2.6093409820459783
2018-07-18,1598381.3041427894,2.6093409820459783
2018-07-19,1574746.84244235,2.6093409820459783
2018-07-20,1572554.222789602,2.6093409820459783
2018-07-23,1586199.0936835571,2.6093409820459783
2018-07-24,1606422.3131783768,2.6093409820459783
2018-07-25,1673427.359595613,2.6093409820459783
2018-07-26,1600330.7672704025,2.6093409820459783
2018-07-27,1533569.2690923973,2.6093409820459783
2018-07-30,1467538.8073461815,2.6093409820459783
2018-07-31,1496777.326762037,2.6093409820459783
2018-08-01,1517244.2903531357,2.6093409820459783
2018-08-02,1577670.7923124596,2.6093409820459783
2018-08-03,1591803.053470449,2.6093409820459783
2018-08-06,1621041.9646004005,2.6093409820459783
2018-08-07,1636879.2592900558,2.6093409820459783
2018-08-08,1641264.8903096481,2.6093409820459783
2018-08-09,1639803.3070886894,2.6093409820459783
2018-08-10,1601549.1939662262,2.6093409820459783
2018-08-13,1596919.8188503548,2.6093409820459783
2018-08-14,1626401.9844339653,2.6093409820459783
2018-08-15,1567193.517456369,2.6093409820459783
2018-08-16,1581569.7185676857,2.6093409820459783
2018-08-17,1581325.9744714065,2.6093409820459783
2018-08-20,1578157.8887909218,2.6093409820459783
2018-08-21,1594483.2592442795,2.6093409820459783
2018-08-22,1613000.5638507172,2.6093409820459783
2018-08-23,1604960.827885942,2.6093409820459783
2018-08-24,1649549.2517274185,2.6093409820459783
2018-08-27,1699254.6368058487,2.6093409820459783
2018-08-28,1706808.8431485458,2.6093409820459783
2018-08-29,1766503.5252478882,2.6093409820459783
2018-08-30,1756514.228226976,2.6093409820459783
2018-08-31,1761630.6018927856,2.6093409820459783
2018-09-04,1740676.4438947006,2.6093409820459783
2018-09-05,1671478.38611062,2.6093409820459783
2018-09-06,1625914.985884027,2.6093409820459783
2018-09-07,1609833.1636699005,2.6093409820459783
2018-09-10,1623965.718613462,2.6093409820459783
2018-09-11,1660026.624512033,2.6093409820459783
2018-09-12,1645650.5213292404,2.6093409820459783
2018-09-13,1694381.7134507461,2.6093409820459783
2018-09-14,1681468.0748456283,2.6093409820459783
2018-09-17,1610564.493887262,2.6093409820459783
2018-09-18,1648818.3132241531,2.6093409820459783
2018-09-19,1645163.2289937302,2.6093409820459783
2018-09-20,1696818.1751282974,2.6093409820459783
2018-09-21,1669772.6670792862,2.6093409820459783
2018-09-24,1684148.3785479828,2.6093409820459783
2018-09-25,1690970.4712451263,2.6093409820459783
2018-09-26,1689264.7522137924,2.6093409820459783
2018-09-27,1736047.3625644012,2.6093409820459783
2018-09-28,1733366.6671479507,2.6093409820459783
2018-10-01,1743356.551740007,2.6093409820459783
2018-10-02,1733366.6671479507,2.6093409820459783
2018-10-03,1738483.6283849045,2.6093409820459783
2018-10-04,1639315.623039083,2.6093409820459783
2018-10-05,1577670.7923124596,2.6093409820459783
2018-10-08,1549406.5637820526,2.6093409820459783
2018-10-09,1561346.10735877,2.6093409820459783
2018-10-10,1358868.405600862,2.6093409820459783
2018-10-11,1303802.413117723,2.6093409820459783
2018-10-12,1421633.4285516401,7.810481037711725
2018-10-15,1363793.8954687312,2.755219955695793
2018-10-16,1481269.4525389865,2.755219955695793
2018-10-17,1486154.103739281,2.755219955695793
2018-10-18,1383088.2775259211,2.755219955695793
2018-10-19,1377471.1544141963,2.755219955695793
2018-10-22,1398230.8729353144,2.755219955695793
2018-10-23,1382843.8584613993,2.755219955695793
2018-10-24,1538773.583510328,79939.45851032808
2018-10-25,1547104.2114262972,9.992609540000558
2018-10-26,1426610.1519540418,28.82601104862988
2018-10-29,1347713.756949725,18.264243426267058
2018-10-30,1410248.4311593198,18.264243426267058
2018-10-31,1420802.9237565426,104178.72063154262
2018-11-01,1416223.483753387,12.564720336347818
2018-11-02,1414222.438476745,12.564720336347818
2018-11-05,1421490.2660644813,74054.03168948134
2018-11-06,1393641.0941894813,74054.03168948134
2018-11-07,1402795.6835684495,146.11902377172373
2018-11-08,1382426.9490156297,5.997590077371569
2018-11-09,1312192.2284135942,5.997590077371569
2018-11-12,1196929.4278211717,5.997590077371569
2018-11-13,1214439.478934291,12762.116048815893
2018-11-14,1262180.2682494929,12767.080749492785
2018-11-15,1169743.9869994929,12767.080749492785
2018-11-16,1211562.1337178862,38.73917137738317
2018-11-19,1212338.6894086516,38.73917137738317
2018-11-20,1211562.1337178862,38.73917137738317
2018-11-21,1237165.4535022462,113032.32850224618
2018-11-23,1269755.2191272462,113032.32850224618
2018-11-26,1191878.7347522462,113032.32850224618
2018-11-27,1213938.9384290413,48.27606789628044
2018-11-28,1215184.0150472359,48.27606789628044
2018-11-29,1217934.7077099846,3.6741559074725956
2018-11-30,1253439.3908840655,9.823640489485115
2018-12-03,1330717.3063366814,2.017815868370235
2018-12-04,1184385.8673661156,2.017815868370235
2018-12-06,1107612.248035971,1.4299817718565464
2018-12-07,1108748.3271985687,1.4299817718565464
2018-12-10,1109599.1802259125,1.4299817718565464
2018-12-11,1109174.0181165375,1.4299817718565464
2018-12-12,1108748.3271985687,1.4299817718565464
2018-12-13,1109883.67924935,1.4299817718565464
2018-12-14,1110593.3403821625,1.4299817718565464
2018-12-17,1112155.0443616547,1.4299817718565464
2018-12-18,1084768.9648725663,12.177213874878362
2018-12-19,1031303.6033384476,12.177213874878362
2018-12-20,985255.8515417252,12.177213874878362
2018-12-21,896070.671118495,7.119651076383889
2018-12-24,825889.8068287345,7.119651076383889
2018-12-26,973078.2125842543,7.119651076383889
2018-12-27,933718.5356301054,14.908028481877409
2018-12-28,935387.7631920561,14.908028481877409
2018-12-31,936460.3236168608,14.908028481877409
2019-01-02,937294.2171868071,14.908028481877409
2019-01-03,939439.55963981,14.908028481877409
2019-01-04,937056.1043404326,14.908028481877409
2019-01-07,935982.989907144,14.908028481877409
2019-01-08,931849.6281143939,6.225491694174707
2019-01-09,965400.4572469508,6.225491694174707
2019-01-10,978170.972476176,6.225491694174707
2019-01-11,973517.384082011,6.225491694174707
2019-01-14,947001.7196304118,6.225491694174707
2019-01-15,988344.692019633,6.225491694174707
2019-01-16,989968.100047282,6.225491694174707
2019-01-17,1010098.4502326762,6.225491694174707
2019-01-18,1055337.9191371715,6.225491694174707
2019-01-22,1001007.4559203899,6.225491694174707
2019-01-23,1011830.2894079005,6.225491694174707
2019-01-24,1038021.4535390651,6.225491694174707
2019-01-25,1082178.4238187587,6.225491694174707
2019-01-28,1037371.8863822734,6.225491694174707
2019-01-29,1005769.4754621303,6.225491694174707
2019-01-30,1097113.9362975871,6.225491694174707
2019-01-31,1092243.4856082713,6.225491694174707
2019-02-01,1074902.8142646183,164115.15801461844
2019-02-04,1122674.2541517266,6.041513825301081
2019-02-05,1155465.6665999861,6.75252699572593
2019-02-06,1146339.7170221778,6.75252699572593
2019-02-07,1099540.2620824478,0.08867680052466476
2019-02-08,1116578.106746656,1.704066258855164
2019-02-11,1115344.026310903,1.704066258855164
2019-02-12,1160496.6616487326,1.704066258855164
2019-02-13,1161527.3866582303,4.729186573531479
2019-02-14,1165771.666301289,4.729186573531479
2019-02-15,1179683.5454078107,4.729186573531479
2019-02-19,1186757.597189465,4.729186573531479
2019-02-20,1185814.4029040723,4.729186573531479
2019-02-21,1172374.120940247,4.729186573531479
2019-02-22,1197839.8934398084,4.729186573531479
2019-02-25,1211044.329511681,4.729186573531479
2019-02-26,1214817.1066532522,4.729186573531479
2019-02-27,1211044.329511681,4.729186573531479
2019-02-28,1203498.8698697477,4.729186573531479
2019-03-01,1227549.9455824285,4.729186573531479
2019-03-04,1227785.6968331723,4.729186573531479
2019-03-05,1230851.1255813031,4.729186573531479
2019-03-06,1209629.4434423833,4.729186573531479
2019-03-07,1165535.9150505452,4.729186573531479
2019-03-08,1158933.6496940046,4.729186573531479
2019-03-11,1231322.8173652082,4.729186573531479
2019-03-12,1251364.9861207395,4.729186573531479
2019-03-13,1278481.5852227597,4.729186573531479
2019-03-14,1272822.4195104032,4.729186573531479
2019-03-15,1304418.8602238088,4.729186573531479
2019-03-18,1316208.6941500097,4.729186573531479
2019-03-19,1329413.3195042997,4.729186573531479
2019-03-20,1344745.0060229688,4.729186573531479
2019-03-21,1407016.839207211,4.729186573531479
2019-03-22,1575298.335702631,7648.335702630924
2019-03-25,1580332.4540891338,4.731469600228593
2019-03-26,1602011.7192091632,4.731469600228593
2019-03-27,1570633.525252788,4.731469600228593
2019-03-28,1580617.3295788455,4.731469600228593
2019-03-29,1616274.7219319034,4.731469600228593
2019-04-01,1679887.1097592998,4.731469600228593
2019-04-02,1698428.7386097598,4.731469600228593
2019-04-03,1727810.286154716,4.731469600228593
2019-04-04,1725243.0875873256,4.731469600228593
2019-04-05,1751201.4366502452,4.731469600228593
2019-04-08,1764893.8872170139,4.731469600228593
2019-04-09,1745496.3729057002,4.731469600228593
2019-04-10,1773737.0450462985,4.731469600228593
2019-04-11,1760329.8133306194,4.731469600228593
2019-04-12,1782009.4218120265,4.731469600228593
2019-04-15,1783435.6305212665,4.731469600228593
2019-04-16,1800836.6128749538,4.731469600228593
2019-04-17,1818807.5751156497,4.731469600228593
2019-04-18,1824512.8677677799,4.731469600228593
2019-04-22,1839916.4025335002,4.731469600228593
2019-04-23,1909804.978530376,4.731469600228593
2019-04-24,1975506.6761262857,67506.67612628569
2019-04-25,1986433.865501246,2.2674630493856966
2019-04-26,1904179.4685504553,39379.46855045529
2019-04-29,1948579.4685504553,39379.46855045529
2019-04-30,1946779.4685504553,39379.46855045529
2019-05-01,1860333.9257407489,6.340534240240231
2019-05-02,1837552.8019419017,6.340534240240231
2019-05-03,1924119.4956789317,6.340534240240231
2019-05-06,1889664.061361343,6.340534240240231
2019-05-07,1779746.8042769732,6.340534240240231
2019-05-08,1764085.502890617,6.340534240240231
2019-05-09,1736178.737634212,6.340534240240231
2019-05-10,1741019.7735710444,6.340534240240231
2019-05-13,1561052.5402474704,6.340534240240231
2019-05-14,1610031.0823755565,6.340534240240231
2019-05-15,1676949.2553515735,6.340534240240231
2019-05-16,1729344.777531177,6.340534240240231
2019-05-17,1675525.5422268214,6.340534240240231
2019-05-20,1591521.6692185702,6.340534240240231
2019-05-21,1639361.2179961505,6.340534240240231
2019-05-22,1618004.2643361392,6.340534240240231
2019-05-23,1541689.0820212665,6.340534240240231
2019-05-24,1539410.9810667338,6.340534240240231
2019-05-28,1522894.834836513,6.340534240240231
2019-05-29,1484737.2436790767,6.340534240240231
2019-05-30,1502392.1547527614,6.340534240240231
2019-05-31,1430063.7347984614,6.340534240240231
2019-06-03,1335619.1916788062,7.984937473200262
2019-06-04,1468599.3189294776,7.984937473200262
2019-06-05,1513175.889102231,4.8368213281501085
2019-06-06,1548135.4790413484,4.8368213281501085
2019-06-07,1636408.6774184809,4.8368213281501085
2019-06-10,1696131.505048524,4.8368213281501085
2019-06-11,1702540.8411309824,4.8368213281501085
2019-06-12,1673698.9456503496,4.8368213281501085
2019-06-13,1701084.152586709,4.8368213281501085
2019-06-14,1678942.8841412172,4.8368213281501085
2019-06-17,1709533.1097900972,4.8368213281501085
2019-06-18,1783530.7136771784,4.8368213281501085
2019-06-19,1804506.5845310793,4.8368213281501085
2019-06-20,1854032.7092416391,4.8368213281501085
2019-06-21,1845583.9858191118,4.8368213281501085
2019-06-24,1845001.4039137468,4.8368213281501085
2019-06-25,1750610.3941876993,4.8368213281501085
2019-06-26,1772751.5457427606,4.8368213281501085
2019-06-27,1791979.2033188448,4.8368213281501085
2019-06-28,1799553.7032120333,4.8368213281501085
2019-07-01,1871221.5639298067,4.8368213281501085
2019-07-02,1893945.0636093721,4.8368213281501085
2019-07-03,1935896.571536313,4.8368213281501085
2019-07-05,1923369.073433648,4.8368213281501085
2019-07-08,1882874.13716055,4.8368213281501085
2019-07-09,1911133.216954957,4.8368213281501085
2019-07-10,1967651.6103246317,4.8368213281501085
2019-07-11,1962407.4380529032,4.8368213281501085
2019-07-12,1995328.225104104,4.8368213281501085
2019-07-15,2012225.4381682978,4.8368213281501085
2019-07-16,1983674.950530778,4.8368213281501085
2019-07-17,1954250.3562543497,4.8368213281501085
2019-07-18,1962699.4303481684,4.8368213281501085
2019-07-19,1915211.9916350946,4.8368213281501085
2019-07-22,1960368.4013841257,4.8368213281501085
2019-07-23,1998241.134630929,4.8368213281501085
2019-07-24,2040775.9258058176,4.8368213281501085
2019-07-25,1982509.552939187,4.8368213281501085
2019-07-26,2041358.5077111826,4.8368213281501085
2019-07-29,2022421.5566356287,4.8368213281501085
2019-07-30,1995328.225104104,4.8368213281501085
2019-07-31,1911133.216954957,4.8368213281501085
2019-08-01,1884331.1763761148,4.8368213281501085
2019-08-02,1798097.3653390512,4.8368213281501085
2019-08-05,1609315.2289965258,4.8368213281501085
2019-08-06,1675447.042037736,4.8368213281501085
2019-08-07,1699918.8718855486,4.8368213281501085
2019-08-08,1812372.6091578112,4.8368213281501085
2019-08-09,1758767.4759862528,4.8368213281501085
2019-08-12,1699918.8718855486,4.8368213281501085
2019-08-13,1811498.6194093332,4.8368213281501085
2019-08-14,1649227.3495833979,4.8368213281501085
2019-08-15,1642235.314705144,4.8368213281501085
2019-08-16,1717981.1318700418,4.8368213281501085
2019-08-19,1798388.5394013033,4.8368213281501085
2019-08-20,1761389.562122117,4.8368213281501085
2019-08-21,1806254.5640280352,4.8368213281501085
2019-08-22,1788774.7690584764,4.8368213281501085
2019-08-23,1625047.0444691286,4.8368213281501085
2019-08-26,1690887.5665576563,4.8368213281501085
2019-08-27,1680690.7467477426,4.8368213281501085
2019-08-28,1697588.1935927973,4.8368213281501085
2019-08-29,1774790.582411538,4.8368213281501085
2019-08-30,1762263.9025418863,4.8368213281501085
2019-09-03,1710989.3307726488,4.8368213281501085
2019-09-04,1782948.1317718134,4.8368213281501085
2019-09-05,1881417.4486162767,4.8368213281501085
2019-09-06,1876173.8607967005,4.8368213281501085
2019-09-09,1864229.4121611223,4.8368213281501085
2019-09-10,1848788.7707507715,4.8368213281501085
2019-09-11,1898605.952633153,4.8368213281501085
2019-09-12,1922204.143403779,4.8368213281501085
2019-09-13,1901810.7375648126,4.8368213281501085
2019-09-16,1875591.162000905,4.8368213281501085
2019-09-17,1900354.516582261,4.8368213281501085
2019-09-18,1899189.2358811006,4.8368213281501085
2019-09-19,1907637.725522767,4.8368213281501085
2019-09-20,1847623.3731591806,4.8368213281501085
2019-09-23,1849371.7033274279,4.8368213281501085
2019-09-24,1776247.154065381,4.8368213281501085
2019-09-25,1833056.8383877382,4.8368213281501085
2019-09-26,1814703.0536697016,4.8368213281501085
2019-09-27,1748862.1809098825,4.8368213281501085
2019-09-30,1795475.5129840479,4.8368213281501085
2019-10-01,1752066.8489511118,4.8368213281501085
2019-10-02,1662337.0789201364,4.8368213281501085
2019-10-03,1717107.3759024248,4.8368213281501085
2019-10-04,1789357.234073411,4.8368213281501085
2019-10-07,1772751.5457427606,4.8368213281501085
2019-10-08,1692052.9641492472,4.8368213281501085
2019-10-09,1743327.3021376238,4.8368213281501085
2019-10-10,1781491.44322754,4.8368213281501085
2019-10-11,1848206.1888454065,4.8368213281501085
2019-10-14,1850245.225514184,4.8368213281501085
2019-10-15,1920456.0470163927,4.8368213281501085
2019-10-16,1906180.8031976328,4.8368213281501085
2019-10-17,1919290.8832056627,4.8368213281501085
2019-10-18,1864229.4121611223,4.8368213281501085
2019-10-21,1913463.8952477083,4.8368213281501085
2019-10-22,1869182.1765897379,4.8368213281501085
2019-10-23,1877921.723403226,4.8368213281501085
2019-10-24,1931817.7968561754,4.8368213281501085
2019-10-25,1975808.6921231851,4.8368213281501085
2019-10-28,2036114.8030011759,4.8368213281501085
2019-10-29,1989210.6475360498,4.8368213281501085
2019-10-30,2017177.618144761,4.8368213281501085
2019-10-31,2018634.3066890344,4.8368213281501085
2019-11-01,2073404.7205617533,4.8368213281501085
2019-11-04,2110404.0485122306,4.8368213281501085
2019-11-05,2113025.667086373,4.8368213281501085
2019-11-06,2099624.413016091,4.8368213281501085
2019-11-07,2120891.691713105,4.8368213281501085
2019-11-08,2145946.220356713,4.8368213281501085
2019-11-11,2136914.7981383903,4.8368213281501085
2019-11-12,2154394.359327088,4.8368213281501085
2019-11-13,2151190.1588475807,4.8368213281501085
2019-11-14,2150607.109380494,4.8368213281501085
2019-11-15,2191101.9287631614,4.8368213281501085
2019-11-18,2183826.1554670404,13026.155467040371
2019-11-19,2216226.1554670404,13026.155467040371
2019-11-20,2245926.1554670404,13026.155467040371
2019-11-21,2214396.78958718,6.134563605301082
2019-11-22,2220381.5363885565,6.134563605301082
2019-11-25,2297287.802009742,6.134563605301082
2019-11-26,2311052.263406913,6.134563605301082
2019-11-27,2357734.1529237432,6.134563605301082
2019-11-29,2373303.8321508653,36003.832150865346
2019-12-02,2284620.6369196107,2.4989534546621144
2019-12-03,2233304.4702402283,2.4989534546621144
2019-12-04,2266401.3071294953,2.4989534546621144
2019-12-05,2278243.274521463,2.4989534546621144
2019-12-06,2348688.8481146027,2.4989534546621144
2019-12-09,2319842.9363924195,2.4989534546621144
2019-12-10,2314681.446777933,2.4989534546621144
2019-12-11,2349599.8998857667,2.4989534546621144
2019-12-12,2403344.888189905,2.4989534546621144
2019-12-13,2424903.604052179,2.4989534546621144
2019-12-16,2494437.8822122742,2.4989534546621144
2019-12-17,2497778.242931955,2.4989534546621144
2019-12-18,2503547.181614511,2.4989534546621144
2019-12-19,2554559.9892526795,2.4989534546621144
2019-12-20,2584924.1581522156,2.4989534546621144
2019-12-23,2642947.673002059,2537.4809415885247
2019-12-24,2601946.6982557653,2546.698255765298
2019-12-26,2593746.6982557653,2546.698255765298
2019-12-27,2673696.6982557653,2546.698255765298
2019-12-30,2819246.6982557653,2546.698255765298
2019-12-31,2906386.0173518606,7.529246086720377
2020-01-02,3050445.645647759,7.529246086720377
2020-01-03,2813137.4416176802,15987.441617680248
2020-01-06,3077911.245594198,1.4064409080892801
2020-01-07,3074150.8481599633,1.4064409080892801
2020-01-08,3144903.898010427,1.4064409080892801
2020-01-09,3224200.9875871483,1.4064409080892801
2020-01-10,3197882.3182679955,1.4064409080892801
2020-01-13,3309651.2553788964,1.4064409080892801
2020-01-14,3271027.8747178856,1.4064409080892801
2020-01-15,3273077.9287912194,1.4064409080892801
2020-01-16,3364339.1964532677,1.4064409080892801
2020-01-17,3414584.028492147,1.4064409080892801
2020-01-21,3412874.78185671,1.4064409080892801
2020-01-22,3436117.4104310814,1.4064409080892801
2020-01-23,3325683.870448175,16983.870448174886
2020-01-24,3620883.870448175,16983.870448174886
2020-01-27,4103331.46356782,11.034704294521362
2020-01-28,4294070.942613687,11.034704294521362
2020-01-29,4309558.507642832,11.034704294521362
2020-01-30,4358239.949869242,11.034704294521362
2020-01-31,4144045.2960682777,11.034704294521362
2020-02-03,4334341.735685434,11.034704294521362
2020-02-04,4630407.093916025,11.034704294521362
2020-02-05,4683955.934866037,11.034704294521362
2020-02-06,4798133.372636881,11.034704294521362
2020-02-07,4736176.722528543,11.034704294521362
2020-02-10,4907000.372255411,11.034704294521362
2020-02-11,4910541.847688761,11.034704294521362
2020-02-12,5054369.912225809,11.034704294521362
2020-02-13,5034897.477335062,11.034704294521362
2020-02-14,5068973.883394327,11.034704294521362
2020-02-18,5077825.086980905,11.034704294521362
2020-02-19,5224752.297521677,11.034704294521362
2020-02-20,5076055.059263315,11.034704294521362
2020-02-21,4785742.468614664,11.034704294521362
2020-02-24,4234325.58465394,11.034704294521362
2020-02-25,3891792.9163418678,11.034704294521362
2020-02-26,3945341.0472927955,11.034704294521362
2020-02-27,3355420.5616128496,0.24932742639175665
2020-02-28,3522821.5470570275,12.99267470324412
2020-03-02,4127604.7585743614,12.99267470324412
2020-03-03,3767375.360272768,7.041478517465293
2020-03-04,3893272.7830395508,57022.78303955076
2020-03-05,4346598.706298701,5.223291270434856
2020-03-06,3556305.10790698,44055.107906979974
2020-03-09,4849905.10790698,44055.107906979974
2020-03-10,4334619.17751815,2.0885784830898046
2020-03-11,4208093.5104016345,109393.51040163403
2020-03-12,5636093.5104016345,109393.51040163403
2020-03-13,5408630.2551881,5.98146640509367
2020-03-16,4021388.3641877985,190438.36418779846
2020-03-17,4124731.3403254817,7.960822231601924
2020-03-18,3575709.6102046864,256809.6102046864
2020-03-19,3778218.214004966,29876.440567465965
2020-03-20,4253038.1749424655,29876.440567465965
2020-03-23,4362612.3624424655,29876.440567465965
2020-03-24,4031603.193428358,8.039707502350211
2020-03-25,4124539.06938116,11.010299128945917
2020-03-26,4122522.614394588,11.010299128945917
2020-03-27,4119503.174788875,11.010299128945917
2020-03-30,4127057.016677303,11.010299128945917
2020-03-31,4138638.7536157793,11.010299128945917
2020-04-01,4129305.981734676,11.010299128945917
2020-04-02,4135360.3616174883,11.010299128945917
2020-04-03,4125776.3876795,11.010299128945917
2020-04-06,4132333.171676082,11.010299128945917
2020-04-07,3622093.3616626025,3.305630421731621
2020-04-08,3900760.4314601184,3.305630421731621
2020-04-09,3905132.654627538,3.305630421731621
2020-04-13,3938655.053614354,3.305630421731621
2020-04-14,4430403.420054173,3.305630421731621
2020-04-15,4174802.0323136523,17443.598719902337
2020-04-16,4031090.9385636523,17443.598719902337
2020-04-17,3866849.0909074023,17443.598719902337
2020-04-20,4041355.1534074023,17443.598719902337
2020-04-21,4544345.376063652,17443.598719902337
2020-04-22,4374428.397258177,23.238667860627174
2020-04-23,4284688.999126194,11.9129350166113
2020-04-24,4543010.849699734,11.9129350166113
2020-04-27,4679422.36890292,11.9129350166113
2020-04-28,4486840.456413982,11.9129350166113
2020-04-29,5038357.185235737,11.9129350166113
2020-04-30,5158738.7444600025,14983.04914750252
2020-05-01,5608624.3577412525,14983.04914750252
2020-05-04,6007377.572080905,1.5870545450598001
2020-05-05,6294865.1429150645,1.5870545450598001
2020-05-06,6418186.679002101,1.5870545450598001
2020-05-07,6727667.064324671,1.5870545450598001
2020-05-08,6819131.39143688,19127.157061880454
2020-05-11,6650612.25081188,19127.157061880454
2020-05-12,7094684.48518688,19127.157061880454
2020-05-13,6630375.8916329285,8.178967370651662
2020-05-14,6903374.76582612,8.178967370651662
2020-05-15,6982194.381878748,8.178967370651662
2020-05-18,7508896.8443421265,8.178967370651662
2020-05-19,7639557.253388839,12384.724091963843
2020-05-20,7448392.567023324,7.882605599239469
2020-05-21,7730073.584370534,8231.752339283936
2020-05-22,7902389.623743584,15.050976326689124
2020-05-26,8921072.452944312,6755.675600561313
2020-05-27,9130188.940222144,11.925520300865173
2020-05-28,9071983.745906513,1.580069224969991
2020-05-29,9446320.988810223,1.580069224969991
2020-06-01,9562730.623948734,1.580069224969991
2020-06-02,9753323.650577229,1.580069224969991
2020-06-03,9885710.48639552,1.580069224969991
2020-06-04,9684846.53297202,1.580069224969991
2020-06-05,10258906.108324688,1.580069224969991
2020-06-08,10487160.725691479,1.580069224969991
2020-06-09,10682389.342358135,52364.34235813469
2020-06-10,10930140.533494385,13.273698242381215
2020-06-11,13382196.949915849,55896.94991584867
2020-06-12,11269535.233613646,4.103423750028014
2020-06-15,11666894.196654951,4.103423750028014
2020-06-16,12283528.112298643,4.103423750028014
2020-06-17,12403135.248557722,4.103423750028014
2020-06-18,12498818.185846006,4.103423750028014
2020-06-19,12481541.848241484,4.103423750028014
2020-06-22,12925413.45388571,4.103423750028014
2020-06-23,13262967.249728834,4.103423750028014
2020-06-24,12481541.848241484,4.103423750028014
2020-06-25,12812452.04690138,4.103423750028014
2020-06-26,11891486.585513746,4.103423750028014
2020-06-29,12271567.078859007,4.103423750028014
2020-06-30,12977241.400653517,4.103423750028014
2020-07-01,13441045.929938948,4.103423750028014
2020-07-02,13726771.779014265,4.103423750028014
2020-07-06,14735446.155397093,4.103423750028014
2020-07-07,14445736.493312513,4.103423750028014
2020-07-08,15001236.948739683,4.103423750028014
2020-07-09,15376004.27001158,4.103423750028014
2020-07-10,15701599.16450659,4.103423750028014
2020-07-13,14731461.27634207,4.103423750028014
2020-07-14,15043764.71228758,4.103423750028014
2020-07-15,15118187.49896208,4.103423750028014
2020-07-16,14793924.095622694,4.103423750028014
2020-07-17,14863027.313949263,4.103423750028014
2020-07-20,16128193.366500532,4.103423750028014
2020-07-21,15612557.692310011,4.103423750028014
2020-07-22,15793295.090648329,4.103423750028014
2020-07-23,14556039.182168638,4.103423750028014
2020-07-24,14125456.90298239,4.103423750028014
2020-07-27,14884291.728746092,4.103423750028014
2020-07-28,14324802.130080855,4.103423750028014
2020-07-29,14812526.594154036,4.103423750028014
2020-07-30,15053065.961553251,4.103423750028014
2020-07-31,15865060.225240385,4.103423750028014
2020-08-03,16456443.780986464,4.103423750028014
2020-08-04,16670404.495469725,4.103423750028014
2020-08-05,16803302.024232544,4.103423750028014
2020-08-06,17446515.65883795,4.103423750028014
2020-08-07,16876393.31975142,4.103423750028014
2020-08-10,16649141.146718657,4.103423750028014
2020-08-11,15704255.750543272,4.103423750028014
2020-08-12,16879052.037879623,4.103423750028014
2020-08-13,16997326.616937317,4.103423750028014
2020-08-14,16948157.388297714,4.103423750028014
2020-08-17,17507651.251145996,4.103423750028014
2020-08-18,18021949.037906326,4.103423750028014
2020-08-19,17669785.08490721,4.103423750028014
2020-08-20,18396715.29313246,4.103423750028014
2020-08-21,18780785.99576155,4.103423750028014
2020-08-24,19128971.46598021,4.103423750028014
2020-08-25,19575495.393478073,4.103423750028014
2020-08-26,20828702.54468123,4.103423750028014
2020-08-27,22359333.174388293,14758.174388293177
2020-08-28,22233033.174388293,14758.174388293177
2020-08-31,23853883.174388293,14758.174388293177
2020-09-01,24413537.458986476,3.7974645644426346
2020-09-02,26239394.16847336,52394.1684733592
2020-09-03,31481144.16847336,52394.1684733592
2020-09-04,29618446.196019325,15.666821632534266
2020-09-08,25432047.177151833,15.666821632534266
2020-09-09,27617258.23964325,15.666821632534266
2020-09-10,26019652.651250992,15.666821632534266
2020-09-11,25450872.868726883,15.666821632534266
2020-09-14,26762000.17718998,15.666821632534266
2020-09-15,27899558.06481758,15.666821632534266
2020-09-16,26559159.76660267,15.666821632534266
2020-09-17,25335863.347232424,0.7306857922586154
2020-09-18,24357220.37754401,0.7306857922586154
2020-09-21,24645793.919887148,0.7306857922586154
2020-09-22,25992468.214259706,0.7306857922586154
2020-09-23,23585601.423160158,0.7306857922586154
2020-09-24,23930636.97554358,0.7306857922586154
2020-09-25,25607706.286838137,0.7306857922586154
2020-09-28,27125848.291499697,0.7306857922586154
2020-09-29,26841458.2385517,0.7306857922586154
2020-09-30,27372600.35926398,0.7306857922586154
2020-10-01,28654443.9873844,0.7306857922586154
2020-10-02,26291495.44782599,0.7306857922586154
2020-10-05,27949752.476214968,0.7306857922586154
2020-10-06,26448331.009761415,0.7306857922586154
2020-10-07,27838918.523410402,0.7306857922586154
2020-10-08,28248773.000094973,0.7306857922586154
2020-10-09,29505530.788638674,0.7306857922586154
2020-10-12,32257418.035327516,0.7306857922586154
2020-10-13,32261614.944095217,0.7306857922586154
2020-10-14,31464896.730762087,0.7306857922586154
2020-10-15,30814557.033298098,0.7306857922586154
2020-10-16,30341980.40927466,0.7306857922586154
2020-10-19,28834287.063571535,0.7306857922586154
2020-10-20,29020390.277057253,0.7306857922586154
2020-10-21,28945110.95184668,0.7306857922586154
2020-10-22,28959748.132464968,0.7306857922586154
2020-10-23,29129134.162585817,0.7306857922586154
2020-10-26,27801273.828540407,0.7306857922586154
2020-10-27,28457887.08267554,0.7306857922586154
2020-10-28,25118388.995547853,0.7306857922586154
2020-10-29,26396055.843959413,0.7306857922586154
2020-10-30,24560057.548610292,0.7306857922586154
2020-11-02,24568426.204822145,0.7306857922586154
2020-11-03,25804268.22381171,0.7306857922586154
2020-11-04,29292239.926349245,0.7306857922586154
2020-11-05,31552726.524158083,0.7306857922586154
2020-11-06,31659370.277881227,0.7306857922586154
2020-11-09,29727188.629718386,0.7306857922586154
2020-11-10,28123305.22151526,0.7306857922586154
2020-11-11,30013665.395099245,0.7306857922586154
2020-11-12,29574533.202334963,0.7306857922586154
2020-11-13,30350337.323535524,0.7306857922586154
2020-11-16,31048765.342563234,0.7306857922586154
2020-11-17,30762288.577182375,0.7306857922586154
2020-11-18,30049209.95816382,0.7306857922586154
2020-11-19,30793642.94116553,0.7306857922586154
2020-11-20,30168420.954288088,0.7306857922586154
2020-11-23,30174681.09158667,0.7306857922586154
2020-11-24,31408434.720721804,0.7306857922586154
2020-11-25,32000218.98602637,0.7306857922586154
2020-11-27,32874303.23700293,0.7306857922586154
2020-11-30,33043682.5574375,0.7306857922586154
2020-12-01,34342255.11087378,0.7306857922586154
2020-12-02,34480276.71248206,0.7306857922586154
2020-12-03,34620374.961993776,0.7306857922586154
2020-12-04,35044876.68382605,0.7306857922586154
2020-12-07,35638751.01640662,0.7306857922586154
2020-12-08,35964959.189090334,0.7306857922586154
2020-12-09,33556007.362979494,0.7306857922586154
2020-12-10,33967958.616626345,0.7306857922586154
2020-12-11,33729563.46312293,0.7306857922586154
2020-12-14,34448912.283969484,0.7306857922586154
2020-12-15,35519553.43965491,0.7306857922586154
2020-12-16,36115517.83951148,0.7306857922586154
2020-12-17,36855770.68796118,0.7306857922586154
2020-12-18,36454276.48038062,0.7306857922586154
2020-12-21,36318355.01057776,0.7306857922586154
2020-12-22,36604841.84048804,0.7306857922586154
2020-12-23,36052788.98248633,0.7306857922586154
2020-12-24,36521188.826800905,0.7306857922586154
2020-12-28,37616937.62854346,0.7306857922586154
2020-12-29,37727761.516818605,0.7306857922586154
2020-12-30,37721487.96014746,0.7306857922586154
2020-12-31,38016335.059161745,0.7306857922586154
2021-01-04,36353902.928485475,0.7306857922586154
2021-01-05,37265628.51948889,0.7306857922586154
2021-01-06,35724480.677997194,0.7306857922586154
2021-01-07,38304905.246661745,0.7306857922586154
2021-01-08,39789601.14264258,0.7306857922586154
2021-01-11,38030968.88493689,0.7306857922586154
2021-01-12,37865783.11842688,0.7306857922586154
2021-01-13,38601852.47748145,0.7306857922586154
2021-01-14,38014248.34672888,0.7306857922586154
2021-01-15,37089975.64238318,0.7306857922586154
2021-01-19,38698035.83029517,0.7306857922586154
2021-01-20,41395571.26327857,0.7306857922586154
2021-01-21,42424390.94438513,0.7306857922586154
2021-01-22,42039630.69438513,0.7306857922586154
2021-01-25,43206461.91257056,0.7306857922586154
2021-01-26,43252476.94107398,0.7306857922586154
2021-01-27,39764500.20627173,0.7306857922586154
2021-01-28,40350007.56006201,0.7306857922586154
2021-01-29,37836508.75719031,0.7306857922586154
2021-02-01,40617673.719958864,0.7306857922586154
2021-02-02,42583316.57359656,0.7306857922586154
2021-02-03,42093999.282306276,0.7306857922586154
2021-02-04,43582865.248309694,0.7306857922586154
2021-02-05,44038724.68896826,0.7306857922586154
2021-02-08,44900268.53628882,0.7306857922586154
2021-02-09,44879351.08931311,0.7306857922586154
2021-02-10,44561503.1857334,0.7306857922586154
2021-02-11,45280845.29689368,0.7306857922586154
2021-02-12,46050375.8614231,0.7306857922586154
2021-02-16,45665608.90173682,0.7306857922586154
2021-02-17,45029906.384891115,0.7306857922586154
2021-02-18,44423495.00349768,0.7306857922586154
2021-02-19,43837980.94002112,0.7306857922586154
2021-02-22,40442020.84285315,0.7306857922586154
2021-02-23,40082351.46469458,0.7306857922586154
2021-02-24,41048442.288776,0.7306857922586154
2021-02-25,36761674.047580324,0.7306857922586154
2021-02-26,37313723.55073889,0.7306857922586154
2021-03-01,40567491.976276,0.7306857922586154
2021-03-02,38622756.5050846,0.7306857922586154
2021-03-03,35272808.081576906,0.7306857922586154
2021-03-04,33528816.359332643,0.7306857922586154
2021-03-05,35030242.858050905,0.7306857922586154
2021-03-08,32035770.258777224,0.7306857922586154
2021-03-09,35808126.98199805,0.7306857922586154
2021-03-10,35502829.54660376,0.7306857922586154
2021-03-11,37966149.960635744,0.7306857922586154
2021-03-12,37020969.87384375,0.7306857922586154
2021-03-15,38204535.04960974,0.7306857922586154
2021-03-16,38831877.29735144,0.7306857922586154
2021-03-17,39321184.52411231,0.7306857922586154
2021-03-18,35711933.56465491,0.7306857922586154
2021-03-19,36167803.0698429,0.7306857922586154
2021-03-22,38095794.51892432,0.7306857922586154
2021-03-23,37598120.31337317,0.7306857922586154
2021-03-24,35699383.096469484,0.7306857922586154
2021-03-25,35507006.326312624,0.7306857922586154
2021-03-26,37075341.816608034,0.7306857922586154
2021-03-29,37054424.369632326,0.7306857922586154
2021-03-30,36527469.09315833,0.7306857922586154
2021-03-31,38166900.41926917,0.7306857922586154
2021-04-01,40107449.04622229,0.7306857922586154
2021-04-05,42516410.93686255,0.7306857922586154
2021-04-06,42416030.67528113,0.7306857922586154
2021-04-07,42729698.44430884,0.7306857922586154
2021-04-08,44063818.915652834,0.7306857922586154
2021-04-09,44862620.486575685,0.7306857922586154
2021-04-12,44686974.31915625,0.7306857922586154
2021-04-13,46217658.40489539,0.7306857922586154
2021-04-14,44594964.391208254,0.7306857922586154
2021-04-15,46564777.31486853,0.7306857922586154
2021-04-16,46761344.28410681,0.7306857922586154
2021-04-19,47971877.17682212,3051.31652777642
2021-04-20,48108147.512079865,10.529669433832169
2021-04-21,49324637.24469057,10.529669433832169
2021-04-22,47529295.612469345,10.529669433832169
2021-04-23,49320113.57551828,10.529669433832169
2021-04-26,50296935.90539804,10.529669433832169
2021-04-27,49636683.3541781,10.529669433832169
2021-04-28,49125661.09866014,10.529669433832169
2021-04-29,49618592.30513063,10.529669433832169
2021-04-30,48687006.66697374,10.529669433832169
2021-05-03,47891076.68936029,10.529669433832169
2021-05-04,45367641.978901535,10.529669433832169
2021-05-05,44838521.41905275,10.529669433832169
2021-05-06,45819863.79046312,10.529669433832169
2021-05-07,46941396.37451425,10.529669433832169
2021-05-10,43414011.829708725,10.529669433832169
2021-05-11,43196933.751705796,10.529669433832169
2021-05-12,39909231.12019792,10.529669433832169
2021-05-13,40750372.396042496,10.529669433832169
2021-05-14,43400444.44983354,10.529669433832169
2021-05-17,42667827.70242372,10.529669433832169
2021-05-18,41772420.53472009,10.529669433832169
2021-05-19,41926170.87195268,10.529669433832169
2021-05-20,44350124.76467958,10.529669433832169
2021-05-21,43617508.01726976,10.529669433832169
2021-05-24,45801776.36905733,10.529669433832169
2021-05-25,46023370.86094919,10.529669433832169
2021-05-26,46489163.680027634,10.529669433832169
2021-05-27,45946493.878512055,10.529669433832169
2021-05-28,46394195.64854303,10.529669433832169
2021-06-01,45941966.58169809,10.529669433832169
2021-06-02,46181655.7502791,10.529669433832169
2021-06-03,44730007.77354303,10.529669433832169
2021-06-04,47022800.65376535,10.529669433832169
2021-06-07,47438854.87779871,10.529669433832169
2021-06-08,47493117.14201608,10.529669433832169
2021-06-09,47547379.40623346,10.529669433832169
2021-06-10,49003558.30742517,10.529669433832169
2021-06-11,49392481.39934984,10.529669433832169
2021-06-14,50776296.10435167,10.529669433832169
2021-06-15,49835663.127850205,10.529669433832169
2021-06-16,49302026.15411249,10.529669433832169
2021-06-17,51142608.10569826,10.529669433832169
2021-06-18,49921583.820990235,10.529669433832169
2021-06-21,50835092.92066637,10.529669433832169
2021-06-22,52255086.09612146,10.529669433832169
2021-06-23,52345534.086075455,10.529669433832169
2021-06-24,53308778.153155,10.529669433832169
2021-06-25,53141456.80840555,10.529669433832169
2021-06-28,55022730.016691834,10.529669433832169
2021-06-29,55642284.0559279,10.529669433832169
2021-06-30,55398078.47345796,10.529669433832169
2021-07-01,55425209.60556665,10.529669433832169
2021-07-02,57306486.441494614,10.529669433832169
2021-07-06,58075278.03171602,10.529669433832169
2021-07-07,60288598.72105313,5078.721053130925
2021-07-08,66132846.22105313,5078.721053130925
2021-07-09,64546994.314379916,18.617005571722984
2021-07-12,65356640.839953646,18.617005571722984
2021-07-13,65321645.37310146,18.617005571722984
2021-07-14,65676503.175540194,18.617005571722984
2021-07-15,64317096.267504916,18.617005571722984
2021-07-16,62737769.97189067,18.617005571722984
2021-07-19,61233425.94418071,18.617005571722984
2021-07-20,63252550.92391513,18.617005571722984
2021-07-21,64696930.78646205,18.617005571722984
2021-07-22,66056345.71270488,18.617005571722984
2021-07-23,68250391.8992474,18.617005571722984
2021-07-26,68535246.74067043,18.617005571722984
2021-07-27,66296230.43708347,18.617005571722984
2021-07-28,67020924.05366443,18.617005571722984
2021-07-29,67350773.06675456,18.617005571722984
2021-07-30,66341216.59054302,18.617005571722984
2021-08-02,66321215.17180942,18.617005571722984
2021-08-03,67475720.79500698,18.617005571722984
2021-08-04,67810561.14229701,18.617005571722984
2021-08-05,69085023.15954708,18.617005571722984
2021-08-06,68185412.3452618,18.617005571722984
2021-08-09,68550248.80699657,18.617005571722984
2021-08-10,67525698.28266643,18.617005571722984
2021-08-11,67160865.83003543,18.617005571722984
2021-08-12,67860546.64816402,18.617005571722984
2021-08-13,68540258.12038921,18.617005571722984
2021-08-16,68660226.54175304,18.617005571722984
2021-08-17,66855981.50615238,18.617005571722984
2021-08-18,64911834.78521846,18.617005571722984
2021-08-19,65836426.32512592,18.617005571722984
2021-08-20,67870545.35297893,18.617005571722984
2021-08-23,70894235.474725,18.617005571722984
2021-08-24,71593928.3201649,18.617005571722984
2021-08-25,71673901.92226909,18.617005571722984
2021-08-26,70459424.11570095,18.617005571722984
2021-08-27,72518547.92379878,18.617005571722984
2021-08-30,74922494.74758647,18.617005571722984
2021-08-31,74712578.0739262,18.617005571722984
2021-09-01,75122396.68001674,18.617005571722984
2021-09-02,75017446.36139415,18.617005571722984
2021-09-03,75692146.45390056,18.617005571722984
2021-09-07,76002018.10287975,18.617005571722984
2021-09-08,75222343.6371281,18.617005571722984
2021-09-09,74417708.49127315,18.617005571722984
2021-09-10,72743418.5545399,18.617005571722984
2021-09-13,72578500.0616505,18.617005571722984
2021-09-14,71953761.42038845,18.617005571722984
2021-09-15,73548085.77322505,18.617005571722984
2021-09-16,73693006.85648464,18.617005571722984
2021-09-17,71089150.08205913,18.617005571722984
2021-09-20,66716063.784404024,18.617005571722984
2021-09-21,66801028.72070812,18.617005571722984
2021-09-22,68755170.13735317,18.617005571722984
2021-09-23,70664337.42785,18.617005571722984
2021-09-24,70864247.37848781,18.617005571722984
2021-09-27,69154990.0386288,18.617005571722984
2021-09-28,63387501.36608623,18.617005571722984
2021-09-29,62967680.046077,18.617005571722984
2021-09-30,62257980.47761463,18.617005571722984
2021-10-01,63392492.700286135,18.617005571722984
2021-10-04,59494180.50808452,18.617005571722984
2021-10-05,61783194.34484981,18.617005571722984
2021-10-06,63002659.476514086,18.617005571722984
2021-10-07,64706917.46396564,18.617005571722984
2021-10-08,63712359.04497646,18.617005571722984
2021-10-11,62297967.27866672,18.617005571722984
2021-10-12,61663241.95990108,18.617005571722984
2021-10-13,63107617.813344225,18.617005571722984
2021-10-14,66591108.03794406,18.617005571722984
2021-10-15,67825579.24503826,18.617005571722984
2021-10-18,69859678.2273724,18.617005571722984
2021-10-19,71394034.40594219,18.617005571722984
2021-10-20,71169099.62954067,18.617005571722984
2021-10-21,72443561.64679073,18.617005571722984
2021-10-22,70609364.59688686,18.617005571722984
2021-10-25,72728424.50642131,18.617005571722984
2021-10-26,73408143.99685405,18.617005571722984
2021-10-27,73987900.49376033,18.617005571722984
2021-10-28,76416832.05227397,18.617005571722984
2021-10-29,77546348.9316418,18.617005571722984
2021-11-01,78311013.31285976,18.617005571722984
2021-11-02,79355577.28323482,18.617005571722984
2021-11-03,81874457.09404491,18.617005571722984
2021-11-04,85691777.64531235,3407.6453123539686
2021-11-05,90337532.64531235,3407.6453123539686
2021-11-08,90452242.64531235,3407.6453123539686
2021-11-09,92861152.64531235,3407.6453123539686
2021-11-10,93662780.92450587,25.91547267138958
2021-11-11,94422370.89366786,25.91547267138958
2021-11-12,97419420.88043849,25.91547267138958
2021-11-15,97390004.23349635,25.91547267138958
2021-11-16,99403750.36771266,25.91547267138958
2021-11-17,99521511.42127101,25.91547267138958
2021-11-18,102565680.94399135,25.91547267138958
2021-11-19,104302670.65384547,25.91547267138958
2021-11-22,100687360.96602504,25.91547267138958
2021-11-23,99315453.19399135,25.91547267138958
2021-11-24,100233953.51474635,25.91547267138958
2021-11-26,94705003.09015529,25.91547267138958
2021-11-29,100587255.56857936,25.91547267138958
2021-11-30,96265351.21967189,25.91547267138958
2021-12-01,91325206.06287257,25.91547267138958
2021-12-02,93044540.11661403,25.91547267138958
2021-12-03,88369343.16045253,25.91547267138958
2021-12-06,90436084.60274379,25.91547267138958
2021-12-07,98591183.98363368,25.91547267138958
2021-12-08,99963129.54198329,25.91547267138958
2021-12-09,95647119.85835902,25.91547267138958
2021-12-10,98608839.63974635,25.91547267138958
2021-12-13,94369394.47875087,25.91547267138958
2021-12-14,91560718.7234103,25.91547267138958
2021-12-15,97619631.67532985,25.91547267138958
2021-12-16,90171136.40210597,25.91547267138958
2021-12-17,88793305.62505214,25.91547267138958
2021-12-20,86137749.46839015,25.91547267138958
2021-12-21,91896336.78139369,25.91547267138958
2021-12-22,95176056.75096767,25.91547267138958
2021-12-23,97437104.8762881,25.91547267138958
2021-12-27,102094627.28317897,25.91547267138958
2021-12-28,100893438.08646266,25.91547267138958
2021-12-29,100734471.05539577,25.91547267138958
2021-12-30,99792363.73377101,25.91547267138958
2021-12-31,97937584.6306216,25.91547267138958
2022-01-03,100763897.14891689,25.91547267138958
2022-01-04,96848290.16191737,25.91547267138958
2022-01-05,87939523.81688564,25.91547267138958
2022-01-06,87698107.04448573,25.91547267138958
2022-01-07,84830588.5486819,25.91547267138958
2022-01-10,85142637.39211147,25.91547267138958
2022-01-11,88887516.35721461,25.91547267138958
2022-01-12,89900255.74986903,25.91547267138958
2022-01-13,83376193.24899928,25.91547267138958
2022-01-14,84636253.52591579,25.91547267138958
2022-01-18,78536144.04306667,25.91547267138958
2022-01-19,75804042.25693385,25.91547267138958
2022-01-20,72871753.29235713,25.91547267138958
2022-01-21,66736299.43425624,25.91547267138958
2022-01-24,67991953.38393316,41.486025892198086
2022-01-25,62863611.9900884,31.695742547512054
2022-01-26,62886173.897943124,48.05754242837429
2022-01-27,61677889.54532014,48.05754242837429
2022-01-28,69630651.59342347,48.05754242837429
2022-01-31,75584001.6209032,8.003359019756317
2022-02-01,77026498.94802874,8.003359019756317
2022-02-02,78847933.50382632,8.003359019756317
2022-02-03,69361735.24124163,8.003359019756317
2022-02-04,71757743.67867869,8.003359019756317
2022-02-07,70131882.03618068,8.003359019756317
2022-02-08,72515662.26348513,8.003359019756317
2022-02-09,77014265.83484477,8.003359019756317
2022-02-10,71904442.97585887,8.003359019756317
2022-02-11,65132064.0378744,8.003359019756317
2022-02-14,63751943.58233687,427.9487919509411
2022-02-15,58721630.684387654,427.9487919509411
2022-02-16,61051427.06530221,13.642958000302315
2022-02-17,55637896.685118034,13.642958000302315
2022-02-18,58252091.2928859,674.8136378526688
2022-02-22,59910814.55899918,674.8136378526688
2022-02-23,64494925.13272965,674.8136378526688
2022-02-24,88147393.76641524,23.000942826271057
2022-02-25,86504628.39102817,2484.8945910930634
2022-02-28,86997987.37862903,2535.4352696539195
2022-03-01,88048989.95539536,4.525036469101906
2022-03-02,87596064.2730986,4.525036469101906
2022-03-03,93259334.27496542,764.7466451078653
2022-03-04,97994628.52081503,764.7466451078653
2022-03-07,108765609.30694784,764.7466451078653
2022-03-08,110262262.46783651,764.7466451078653
2022-03-09,97307656.46344198,764.7466451078653
2022-03-10,102435527.99493612,764.7466451078653
2022-03-11,107661505.65533651,764.7466451078653
2022-03-14,113770827.34503378,764.7466451078653
2022-03-15,102435527.99493612,764.7466451078653
2022-03-16,92376059.68658651,764.7466451078653
2022-03-17,97766094.7827505,36.765687361359596
2022-03-18,103610213.55439891,36.765687361359596
2022-03-21,101858874.79681621,20.691440925002098
2022-03-22,107878954.52727734,20.691440925002098
2022-03-23,103325277.28915058,20.691440925002098
2022-03-24,110020705.6255344,20.691440925002098
2022-03-25,109847043.22876011,20.691440925002098
2022-03-28,114844465.03768192,20.691440925002098
2022-03-29,120729461.11681972,20.691440925002098
2022-03-30,117102006.54505382,20.691440925002098
2022-03-31,112258930.67379986,20.691440925002098
2022-04-01,111776560.9237579,20.691440925002098
2022-04-04,118761372.41533695,20.691440925002098
2022-04-05,110908264.41781841,20.691440925002098
2022-04-06,103614730.09503971,20.691440925002098
2022-04-07,104290055.48406444,20.691440925002098
2022-04-08,100025846.5297588,20.691440925002098
2022-04-11,92925236.89009891,20.691440925002098
2022-04-12,102274097.18885729,2208.747573107481
2022-04-13,97595161.08106369,2230.40992111114
2022-04-14,104454051.42261642,2230.40992111114
2022-04-18,103629921.56690353,2230.40992111114
2022-04-19,97674924.80640548,2230.40992111114
2022-04-20,98126864.0727629,2230.40992111114
2022-04-21,103045060.31470627,2230.40992111114
2022-04-22,111764865.98218673,2230.40992111114
2022-04-25,106820101.89624923,2230.40992111114
2022-04-26,118570590.5390715,2230.40992111114
2022-04-27,115903577.34240654,5.433226853609085
2022-04-28,129759826.00207451,5.433226853609085
2022-04-29,136320901.65659976,2638.4241778701544
2022-05-02,129978982.65757631,2638.4241778701544
2022-05-03,129655422.27671693,2638.4241778701544
2022-05-04,115968603.87583803,2638.4241778701544
2022-05-05,121129689.99962232,27.41611859202385
2022-05-06,120154339.57654041,1495.6627220511436
2022-05-09,133948902.11291736,1495.6627220511436
2022-05-10,121440293.7504984,35.4900613874197
2022-05-11,125573959.54326022,22.17118990421295
2022-05-12,133250687.81361231,24.78782495856285
2022-05-13,146725950.10169825,24.78782495856285
2022-05-16,143614658.6493301,1635.9691543281078
2022-05-17,131405379.93253323,1635.9691543281078
2022-05-18,149287645.29434964,1635.9691543281078
2022-05-19,154220669.5716934,1635.9691543281078
2022-05-20,153326561.1029434,1635.9691543281078
2022-05-23,142936354.72208402,1635.9691543281078
2022-05-24,149261380.40487704,36.854118674993515
2022-05-25,149415336.80315432,36.854118674993515
2022-05-26,149492357.15441164,36.854118674993515
2022-05-27,149607769.65536532,36.854118674993515
2022-05-31,147839951.68640235,20.897980719804764
2022-06-01,146328706.3337107,20.897980719804764
2022-06-02,156756480.056901,20.897980719804764
2022-06-03,145535273.6907206,20.897980719804764
2022-06-06,145459716.09867957,20.897980719804764
2022-06-07,150900314.6996775,20.897980719804764
2022-06-08,145648610.0787821,20.897980719804764
2022-06-09,133974058.1603556,20.897980719804764
2022-06-10,133740099.65768462,2498.515106499195
2022-06-13,151426700.38034087,2498.515106499195
2022-06-14,146738070.43658963,23.789239317178726
2022-06-15,155955553.84177533,23.789239317178726
2022-06-16,148775258.98649305,251.2989930510521
2022-06-17,150214682.0665393,23.365912914276123
2022-06-21,161268994.32693052,23.365912914276123
2022-06-22,152108174.78114247,4134.601454973221
2022-06-23,145186217.50379872,4134.601454973221
2022-06-24,130029226.45793678,80.64519263275815
2022-06-27,128140201.3987173,52.95835627615452
2022-06-28,128190399.18142451,52.95835627615452
2022-06-29,126329534.16308647,4120.837891161442
2022-06-30,131348940.4228521,4120.837891161442
2022-07-01,133807311.15361175,47.27153167128563
2022-07-05,134015798.65605316,47.27153167128563
2022-07-06,133477223.65702972,47.27153167128563
2022-07-07,139474577.4532735,14.712363928556442
2022-07-08,139824274.1626775,14.712363928556442
2022-07-11,133923577.17127964,14.712363928556442
2022-07-12,128416282.21661732,14.712363928556442
2022-07-13,127410978.55186436,14.712363928556442
2022-07-14,116952938.39943387,511.4311721473932
2022-07-15,115848345.35261981,20.01711718738079
2022-07-18,112573080.40949695,20.01711718738079
2022-07-19,122546073.80816333,20.01711718738079
2022-07-20,128470966.13070361,20.01711718738079
2022-07-21,123867645.6050158,2797.281041190028
2022-07-22,129017683.25613885,2797.281041190028
2022-07-25,127441178.32301998,8.591090202331543
2022-07-26,121005870.49610424,8.591090202331543
2022-07-27,136591930.08941936,8.591090202331543
2022-07-28,142841222.85589123,8.591090202331543
2022-07-29,149164936.99115276,8.591090202331543
2022-08-01,142708600.46949092,309.3798913061619
2022-08-02,145743136.48365107,309.3798913061619
2022-08-03,134117905.48706904,309.3798913061619
2022-08-04,132322818.64478388,309.3798913061619
2022-08-05,133305847.57593623,309.3798913061619
2022-08-08,136853224.0715417,309.3798913061619
2022-08-09,140870801.11328974,309.3798913061619
2022-08-10,132454131.6309197,7.205580949783325
2022-08-11,140350973.9893413,243.947837382555
2022-08-12,131839298.35457566,243.947837382555
2022-08-15,129368173.40340379,243.947837382555
2022-08-16,130374931.85066941,243.947837382555
2022-08-17,133448620.00177348,22.08579981327057
2022-08-18,135368180.2400434,39.8400494903326
2022-08-19,135945338.27375674,745.8460223823786
2022-08-22,136512493.925108,25.87457087635994
2022-08-23,135755496.15148693,1049.5889869332314
2022-08-24,135468324.78429943,1049.5889869332314
2022-08-25,128699071.43469006,1049.5889869332314
2022-08-26,145232453.16320568,1049.5889869332314
2022-08-29,150976077.8995338,1049.5889869332314
2022-08-30,155611993.54406506,1049.5889869332314
2022-08-31,160247920.79992443,1049.5889869332314
2022-09-01,162750498.73937756,1049.5889869332314
2022-09-02,169068442.98742443,1049.5889869332314
2022-09-06,164560449.04394108,38.358411371707916
2022-09-07,172354853.31218034,9.437271878522704
2022-09-08,162873088.33475712,608.7234289944172
2022-09-09,153215000.4783118,608.7234289944172
2022-09-12,146022815.31327274,608.7234289944172
2022-09-13,169325558.5251868,608.7234289944172
2022-09-14,167147322.76835087,608.7234289944172
2022-09-15,179230194.77616337,608.7234289944172
2022-09-16,181942738.91678837,608.7234289944172
2022-09-19,177668481.21952274,608.7234289944172
2022-09-20,180709752.67557743,608.7234289944172
2022-09-21,189463721.18827274,608.7234289944172
2022-09-22,195422896.848429,608.7234289944172
2022-09-23,198203440.51506254,26.102773874998093
2022-09-26,193818807.33297986,2.7214686329823863
2022-09-27,194793136.588,2.7214686329823863
2022-09-28,200558205.51027936,2.7214686329823863
2022-09-29,198837055.0569037,1947.0007513463497
2022-09-30,191587981.59329346,27.926560670137405
2022-10-03,208802374.9084154,6.579920372398735
2022-10-04,211146231.24802536,3293.4350370764732
2022-10-05,209098072.9736113,3293.4350370764732
2022-10-06,214497711.47019333,3293.4350370764732
2022-10-07,240937141.6713652,3293.4350370764732
2022-10-10,252993090.35788864,3293.4350370764732
2022-10-11,264909470.33640426,3293.4350370764732
2022-10-12,262157079.82010168,38.863284051418304
2022-10-13,285941750.52614033,4.0323773874624464
2022-10-14,326729614.0478473,3667.5478472709656
2022-10-17,298530561.4853473,3667.5478472709656
2022-10-18,290407415.3290973,3667.5478472709656
2022-10-19,293192532.4853473,3667.5478472709656
2022-10-20,293018427.7665973,3667.5478472709656
2022-10-21,269983414.4384723,3667.5478472709656
2022-10-24,272779746.7845478,45.002138167619705
2022-10-25,288470660.9026058,20.742232056621205
2022-10-26,269049068.1121013,20.742232056621205
2022-10-27,260161223.24900505,20.742232056621205
2022-10-28,264269194.30459595,16.04334259033203
2022-10-31,260511109.22917503,27.480155408382416
2022-11-01,253724839.09768116,1.8329812208831662
2022-11-02,227390148.0917703,1.8329812208831662
2022-11-03,229051186.55335167,1436.5338204205036
2022-11-04,216650972.17835167,1436.5338204205036
2022-11-07,205800784.60022667,1436.5338204205036
2022-11-08,200176359.75159386,1436.5338204205036
2022-11-09,206569123.73218927,33.32278069853783
2022-11-10,208288241.25692376,33.32278069853783
2022-11-11,219635615.83989832,41.12458536028862
2022-11-14,213851616.87581292,14.728283322366195
2022-11-15,221277021.2955059,14.728283322366195
2022-11-16,212210243.2521023,14.728283322366195
2022-11-17,212991819.80003396,14.728283322366195
2022-11-18,213929756.79718056,14.728283322366195
2022-11-21,206817024.91202965,14.728283322366195
2022-11-22,218697678.4320568,14.728283322366195
2022-11-23,224403488.7001919,14.728283322366195
2022-11-25,220495396.38368645,14.728283322366195
2022-11-28,206113556.04287377,14.728283322366195
2022-11-29,200173245.40415612,14.728283322366195
2022-11-30,230031175.16825524,14.728283322366195
2022-12-01,230290529.25322872,91.81463295221329
2022-12-02,227568642.03427628,5.397695816845427
2022-12-05,216097854.97063473,5.397695816845427
2022-12-06,202028703.01456508,38.44712123274803
2022-12-07,199454576.33425334,66.7201786339283
2022-12-08,199059531.63613322,66.7201786339283
2022-12-09,198980563.86129192,66.7201786339283
2022-12-12,198796145.63472942,66.7201786339283
2022-12-13,199559981.04732707,66.7201786339283
2022-12-14,195858849.79453206,79.22609734535217
2022-12-15,187341690.74047953,41.301774084568024
2022-12-16,187415917.0070582,41.301774084568024
2022-12-19,187020594.0449534,41.301774084568024
2022-12-20,182041241.18889984,917.8175619542599
2022-12-21,173289709.6862143,917.8175619542599
2022-12-22,179982366.3326869,51.54046583175659
2022-12-23,175661970.0988294,2991.4835950136185
2022-12-27,180505350.39668095,2991.4835950136185
2022-12-28,189283994.78047,2991.4835950136185
2022-12-29,192646227.16463858,35.70592504739761
2022-12-30,180704038.49509427,1342.837135285139
2023-01-03,186093479.4386978,1342.837135285139
2023-01-04,185069049.10666654,1342.837135285139
2023-01-05,195937044.22995755,1342.837135285139
2023-01-06,178966941.7922134,1342.837135285139
2023-01-09,174069264.28478572,7.004252880811691
2023-01-10,173954504.69839045,7.004252880811691
2023-01-11,180772551.25166017,30.768109142780304
2023-01-12,183623815.65870196,101.36680036783218
2023-01-13,187257144.4447944,8.72196838175347
2023-01-17,188281916.65253612,8.72196838175347
2023-01-18,181294711.76018593,8.72196838175347
2023-01-19,175786135.42718008,46.56959608197212
2023-01-20,189553003.7834095,0.9150337269011573
2023-01-23,202834004.88728678,93.9876457452774
2023-01-24,201620634.84112778,4.653276827469
2023-01-25,200127107.85996476,4.653276827469
2023-01-26,211701625.38095227,4.653276827469
2023-01-27,217768883.20535222,4.653276827469
2023-01-30,204700875.94826356,4.653276827469
2023-01-31,213848486.6149849,4.653276827469
2023-02-01,227663220.1175932,4.653276827469
2023-02-02,251185618.28232804,4.653276827469
2023-02-03,238210965.77282754,4.653276827469
2023-02-06,232143726.57095852,4.653276827469
2023-02-07,246518458.2013792,4.653276827469
2023-02-08,233263778.6941761,4.653276827469
2023-02-09,227009792.7520689,4.653276827469
2023-02-10,222342669.91618195,4.653276827469
2023-02-13,232890415.5714163,4.653276827469
2023-02-14,237930938.77512494,4.653276827469
2023-02-15,243251470.35400525,4.653276827469
2023-02-16,229343363.48127785,4.653276827469
2023-02-17,224396232.27021924,4.653276827469
2023-02-21,208621309.78369275,4.653276827469
2023-02-22,208807963.41127625,4.653276827469
2023-02-23,214035158.86509934,4.653276827469
2023-02-24,203207404.83469334,4.653276827469
2023-02-27,207594500.6728777,4.653276827469
2023-02-28,206567728.80712453,4.653276827469
2023-03-01,201527242.84847775,4.653276827469
2023-03-02,206381075.17954102,4.653276827469
2023-03-03,218982345.94375077,4.653276827469
2023-03-06,219915763.06191579,4.653276827469
2023-03-07,211701625.38095227,4.653276827469
2023-03-08,214595231.48303548,4.653276827469
2023-03-09,203300740.95975056,4.653276827469
2023-03-10,194899875.1610798,4.653276827469
2023-03-13,190947861.59406117,26.648550301790237
2023-03-14,191997756.09578812,20.96490204334259
2023-03-15,190988793.09847745,68.16354379057884
2023-03-16,207017263.75877976,35.1062548160553
2023-03-17,205579140.59769848,80.54308155179024
2023-03-20,207754607.64176533,9.468485565218288
2023-03-21,216540059.54580948,9.468485565218288
2023-03-22,207703360.46602413,9.468485565218288
2023-03-23,215109361.9265096,9.468485565218288
2023-03-24,217297449.40174744,9.468485565218288
2023-03-27,212837025.4297845,9.468485565218288
2023-03-28,209302422.58516952,9.468485565218288
2023-03-29,220747986.8466775,9.468485565218288
2023-03-30,226723257.30208084,9.468485565218288
2023-03-31,237832159.3354623,9.468485565218288
2023-04-03,236148965.04506752,9.468485565218288
2023-04-04,233792546.4557664,9.468485565218288
2023-04-05,226302412.82403156,9.468485565218288
2023-04-06,230847002.35302612,9.468485565218288
2023-04-10,230342042.39661857,9.468485565218288
2023-04-11,225881651.8104379,9.468485565218288
2023-04-12,219906381.35503456,9.468485565218288
2023-04-13,232530179.95052978,9.468485565218288
2023-04-14,231183631.1953704,9.468485565218288
2023-04-17,231436077.78779194,9.468485565218288
2023-04-18,231604475.67341968,9.468485565218288
2023-04-19,231099482.3312299,9.468485565218288
2023-04-20,225713304.0034835,9.468485565218288
2023-04-21,226134115.09575054,9.468485565218288
2023-04-24,224787599.7263734,9.468485565218288
2023-04-25,212079668.9596288,9.468485565218288
2023-04-26,215614288.4971349,9.468485565218288
2023-04-27,233035139.90693733,9.468485565218288
2023-04-28,237747993.77843067,9.468485565218288
2023-05-01,237074719.40085098,9.468485565218288
2023-05-02,230762803.41021225,9.468485565218288
2023-05-03,226218280.65278217,9.468485565218288
2023-05-04,223693547.64230892,9.468485565218288
2023-05-05,237411364.9360864,9.468485565218288
2023-05-08,239347022.51179382,9.468485565218288
2023-05-09,234718284.11865875,9.468485565218288
2023-05-10,242292583.30742523,9.468485565218288
2023-05-11,244312356.36149094,9.468485565218288
2023-05-12,241787589.96523544,9.468485565218288
2023-05-15,245490590.69547817,9.468485565218288
2023-05-16,246416361.74415275,9.468485565218288
2023-05-17,255252977.3594825,9.468485565218288
2023-05-18,268970844.73193336,9.468485565218288
2023-05-19,267119319.32747528,9.468485565218288
2023-05-22,269896565.7019346,9.468485565218288
2023-05-23,259460887.9674594,9.468485565218288
2023-05-24,255252977.3594825,9.468485565218288
2023-05-25,273683782.0678823,9.468485565218288
2023-05-26,294386722.9583137,9.468485565218288
2023-05-30,298510468.009259,9.468485565218288
2023-05-31,292450981.91815066,9.468485565218288
2023-06-01,303055040.8453624,9.468485565218288
2023-06-02,309871850.0208442,9.468485565218288
2023-06-05,310545174.4770973,9.468485565218288
2023-06-06,310208512.24897075,9.468485565218288
2023-06-07,294386722.9583137,9.468485565218288
2023-06-08,304485788.5433357,9.468485565218288
2023-06-09,308188705.8091228,9.468485565218288
2023-06-12,323926329.5427482,9.468485565218288
2023-06-13,331164033.27495265,9.468485565218288
2023-06-14,338233372.5073116,9.468485565218288
2023-06-15,350099681.0895221,9.468485565218288
2023-06-16,336141973.62498325,73.62498325109482
2023-06-20,346555203.05520725,52.723652839660645
2023-06-21,332666227.81418973,13.056743454631253
2023-06-22,343712372.61906034,13.056743454631253
2023-06-23,333522523.88401395,13.056743454631253
2023-06-26,320335740.4898489,13.056743454631253
2023-06-27,336176980.74930936,13.056743454631253
2023-06-28,338232016.82102567,13.056743454631253
2023-06-29,335920173.196575,13.056743454631253
2023-06-30,351076288.5596121,13.056743454631253
2023-07-03,353473937.87217313,13.056743454631253
2023-07-05,353217028.73417264,13.056743454631253
2023-07-06,344911078.75919706,13.056743454631253
2023-07-07,341400359.6858328,13.056743454631253
2023-07-10,341657234.9620779,13.056743454631253
2023-07-11,346538068.38126737,13.056743454631253
2023-07-12,359382272.39634305,13.056743454631253
2023-07-13,377278650.3127859,13.056743454631253
2023-07-14,376936070.93369657,13.056743454631253
2023-07-17,387382761.0832327,13.056743454631253
2023-07-18,396630677.3691214,13.056743454631253
2023-07-19,396630677.3691214,13.056743454631253
2023-07-20,368801427.57914335,13.056743454631253
2023-07-21,365547448.3350027,13.056743454631253
2023-07-24,367003266.78367215,13.056743454631253
2023-07-25,374367250.44773465,13.056743454631253
2023-07-26,370513951.99528104,13.056743454631253
2023-07-27,367345812.30100614,13.056743454631253
2023-07-28,387211556.04807645,13.056743454631253
2023-07-31,387982181.8768118,13.056743454631253
2023-08-01,384985145.63242704,13.056743454631253
2023-08-02,359810488.1547659,13.056743454631253
2023-08-03,357241566.0835379,13.056743454631253
2023-08-04,352275164.00852567,13.056743454631253
2023-08-07,361009228.156658,13.056743454631253
2023-08-08,351761379.59428006,13.056743454631253
2023-08-09,340030279.201763,13.056743454631253
2023-08-10,341571530.8592337,13.056743454631253
2023-08-11,334721297.7476614,13.056743454631253
2023-08-14,345852909.62308866,13.056743454631253
2023-08-15,335235082.161907,13.056743454631253
2023-08-16,324103402.562969,13.056743454631253
2023-08-17,313142995.72269803,13.056743454631253
2023-08-18,311687244.99753934,13.056743454631253
2023-08-21,326757859.42826444,13.056743454631253
2023-08-22,325302176.4266165,13.056743454631253
2023-08-23,340629699.9953421,13.056743454631253
2023-08-24,318195034.17704374,13.056743454631253
2023-08-25,325730392.18503934,13.056743454631253
2023-08-28,333008739.46976835,13.056743454631253
2023-08-29,354244597.56266385,13.056743454631253
2023-08-30,360152999.8103445,13.056743454631253
2023-08-31,363406775.8839529,13.056743454631253
2023-09-01,362122433.3644827,13.056743454631253
2023-09-05,363064331.95188504,13.056743454631253
2023-09-06,353473937.87217313,13.056743454631253
2023-09-07,345767408.69077665,13.056743454631253
2023-09-08,346794909.7957571,13.056743454631253
2023-09-11,358611680.4293631,13.056743454631253
2023-09-12,347137421.4513357,13.056743454631253
2023-09-13,350562504.1453665,13.056743454631253
2023-09-14,358782919.3262747,13.056743454631253
2023-09-15,340372790.8573416,13.056743454631253
2023-09-18,341143484.4095877,13.056743454631253
2023-09-19,339088346.75260526,13.056743454631253
2023-09-20,324385708.01749784,13.056743454631253
2023-09-21,305910768.14878446,13.056743454631253
2023-09-22,306168591.55417997,13.056743454631253
2023-09-25,310207283.1172903,13.056743454631253
2023-09-26,296372588.8958548,13.056743454631253
2023-09-27,298177115.7013357,13.056743454631253
2023-09-28,305395189.0615042,13.056743454631253
2023-09-29,306082684.2808035,13.056743454631253
2023-10-02,313386698.7761038,13.056743454631253
2023-10-03,296802159.12449247,13.056743454631253
2023-10-04,308832428.12571317,13.056743454631253
2023-10-05,305567037.4700125,13.056743454631253
2023-10-06,320948502.8150442,13.056743454631253
2023-10-09,325674723.45920926,13.056743454631253
2023-10-10,331002362.7405203,13.056743454631253
2023-10-11,338048655.4156912,13.056743454631253
2023-10-12,334095837.26420194,13.056743454631253
2023-10-13,321464115.76407987,13.056743454631253
2023-10-16,332291242.73521024,13.056743454631253
2023-10-17,329111894.7999075,13.056743454631253
2023-10-18,315191225.58158475,13.056743454631253
2023-10-19,306770145.63834745,13.056743454631253
2023-10-20,292935349.8316458,13.056743454631253
2023-10-23,295513312.9915579,13.056743454631253
2023-10-24,303848519.5231741,13.056743454631253
2023-10-25,281592609.9114798,13.056743454631253
2023-10-26,295668949.26786166,17.551553070545197
2023-10-27,289266644.9470236,42.17926996946335
2023-10-30,298720085.7394414,27.905052661895752
2023-10-31,293821348.1169143,792.6393752098083
2023-11-01,277244977.4670119,792.6393752098083
2023-11-02,273160972.24694765,55.462722182273865
2023-11-03,282793146.45283777,17.002173274418283
2023-11-06,286028911.87924653,17.002173274418283
2023-11-07,294080709.9205349,17.002173274418283
2023-11-08,294607445.88099366,17.002173274418283
2023-11-09,287609149.4141701,17.002173274418283
2023-11-10,306798137.7848633,17.002173274418283
2023-11-13,304013817.9623516,17.002173274418283
2023-11-14,323127575.28357774,17.002173274418283
2023-11-15,324030614.75910836,17.002173274418283
2023-11-16,324557321.06601983,17.002173274418283
2023-11-17,324783103.17506295,17.002173274418283
2023-11-20,336371739.1083649,17.002173274418283
2023-11-21,330276422.80997735,17.002173274418283
2023-11-22,334114244.2069538,17.002173274418283
2023-11-24,332458716.3154686,17.002173274418283
2023-11-27,331480416.1369236,17.002173274418283
2023-11-28,334114244.2069538,17.002173274418283
2023-11-29,332910161.9193657,17.002173274418283
2023-11-30,330125990.36459047,17.002173274418283
2023-12-01,332910161.9193657,17.002173274418283
2023-12-04,323428647.7491825,17.002173274418283
2023-12-05,325761344.0465134,17.002173274418283
2023-12-06,319967070.56018335,17.002173274418283
2023-12-07,333361696.48390466,17.002173274418283
2023-12-08,337350039.2869099,17.002173274418283
2023-12-11,345928602.9422043,17.002173274418283
2023-12-12,354281532.756192,17.002173274418283
2023-12-13,366773119.2043827,17.002173274418283
2023-12-14,375711183.38145536,26.63145536184311
2023-12-15,393685696.13145536,26.63145536184311
2023-12-18,395000904.38145536,26.63145536184311
2023-12-19,404207362.13145536,26.63145536184311
2023-12-20,439717984.88145536,26.63145536184311
2023-12-21,432130110.7954758,47.45702439546585
2023-12-22,433853418.24753845,21.855517240088588
2023-12-26,441780874.79322326,21.855517240088588
2023-12-27,444107366.8573636,21.855517240088588
2023-12-28,442987140.1541165,21.855517240088588
2023-12-29,436869301.3948697,21.855517240088588
2024-01-02,414724269.38733184,21.855517240088588
2024-01-03,401454437.6301755,21.855517240088588
2024-01-04,394733347.8661984,21.855517240088588
2024-01-05,396198202.4971646,21.855517240088588
2024-01-08,420066644.5988034,21.855517240088588
2024-01-09,422823972.2829999,21.855517240088588
2024-01-10,431182230.64180267,21.855517240088588
2024-01-11,433250201.0497464,21.855517240088588
2024-01-12,433767311.9760159,21.855517240088588
2024-01-16,433508790.31981933,21.855517240088588
2024-01-17,426012237.008067,21.855517240088588
2024-01-18,444279714.6281613,21.855517240088588
2024-01-19,469957571.67460907,21.855517240088588
2024-01-22,471853295.7325696,21.855517240088588
2024-01-23,477454192.6002377,21.855517240088588
2024-01-24,485295407.64664733,21.855517240088588
2024-01-25,486674122.1991528,21.855517240088588
2024-01-26,477712646.642558,21.855517240088588
2024-01-29,491757975.7544278,21.855517240088588
2024-01-30,481934964.1854733,21.855517240088588
2024-01-31,453585818.1124753,21.855517240088588
2024-02-01,469612909.9399518,21.855517240088588
2024-02-02,493222931.8062085,21.855517240088588
2024-02-05,490723990.5504559,21.855517240088588
2024-02-06,487880455.1739224,21.855517240088588
2024-02-07,502442793.79124725,21.855517240088588
2024-02-08,504510730.3922528,21.855517240088588
2024-02-09,519331624.4727124,21.855517240088588
2024-02-12,513213718.0995892,21.855517240088588
2024-02-13,488914507.9917706,21.855517240088588
2024-02-14,504424657.92766845,21.855517240088588
2024-02-15,508646840.2428311,21.855517240088588
2024-02-16,494687685.01636016,21.855517240088588
2024-02-20,483227335.8178891,21.855517240088588
2024-02-21,477195704.7509793,21.855517240088588
2024-02-22,518469953.2326001,21.855517240088588
2024-02-23,513730727.60504425,21.855517240088588
2024-02-26,513041370.3287915,21.855517240088588
2024-02-27,516229533.6330441,21.855517240088588
2024-02-28,507871342.8881177,21.855517240088588
2024-02-29,520107121.82742584,21.855517240088588
2024-03-01,543975530.1221265,21.855517240088588
2024-03-04,537512962.014346,21.855517240088588
2024-03-05,508733014.12823,21.855517240088588
2024-03-06,518125257.69100463,21.855517240088588
2024-03-07,541218168.6309918,21.855517240088588
2024-03-08,517522074.30015075,21.855517240088588
2024-03-11,511490409.4263028,21.855517240088588
2024-03-12,533204538.19990814,21.855517240088588
2024-03-13,520796445.2967404,21.855517240088588
2024-03-14,516574229.1746396,21.855517240088588
2024-03-15,497703568.1636914,21.855517240088588
2024-03-18,511748863.46862304,21.855517240088588
2024-03-19,515281756.1214093,21.855517240088588
2024-03-20,533571952.00395477,21.855517240088588
2024-03-21,540490170.0244092,21.855517240088588
2024-03-22,541614352.1394223,21.855517240088588
2024-03-25,536079784.4844464,21.855517240088588
2024-03-26,531064018.1026486,21.855517240088588
2024-03-27,535733838.0861386,21.855517240088588
2024-03-28,532361156.51334655,21.855517240088588
2024-04-01,535647359.9382962,21.855517240088588
2024-04-02,521291987.3964566,21.855517240088588
2024-04-03,524751079.5032147,21.855517240088588
2024-04-04,500018227.79947174,21.855517240088588
2024-04-05,517659871.3801373,21.855517240088588
2024-04-08,518005851.5853833,21.855517240088588
2024-04-09,523367462.9446744,21.855517240088588
2024-04-10,509617403.63079345,21.855517240088588
2024-04-11,533571952.00395477,21.855517240088588
2024-04-12,507801362.5261029,21.855517240088588
2024-04-15,482290207.49177825,21.855517240088588
2024-04-16,482376685.63962066,21.855517240088588
2024-04-17,464475573.8084897,21.855517240088588
2024-04-18,456173705.42255676,21.855517240088588
2024-04-19,427895283.46421325,21.855517240088588
2024-04-22,440348170.56045806,21.855517240088588
2024-04-23,459978743.9276227,21.855517240088588
2024-04-24,464475573.8084897,21.855517240088588
2024-04-25,457038453.09404266,21.855517240088588
2024-04-26,478052778.2475003,21.855517240088588
2024-04-29,483760336.0050992,21.855517240088588
2024-04-30,456087261.0816525,21.855517240088588
2024-05-01,446228752.2276181,21.855517240088588
2024-05-02,462746078.4655179,21.855517240088588
2024-05-03,490332675.2411221,21.855517240088588
2024-05-06,506417712.1606244,21.855517240088588
2024-05-07,506417712.1606244,21.855517240088588
2024-05-08,505466418.72741973,21.855517240088588
2024-05-09,508233685.6514386,21.855517240088588
2024-05-10,511692845.37207305,21.855517240088588
2024-05-13,515065493.13792694,21.855517240088588
2024-05-14,524664635.1623105,21.855517240088588
2024-05-15,548878651.7859372,21.855517240088588
2024-05-16,545506004.0200833,21.855517240088588
2024-05-17,544295242.3364133,21.855517240088588
2024-05-20,555537401.5559262,21.855517240088588
2024-05-21,558391146.6277875,21.855517240088588
2024-05-22,558045267.843356,21.855517240088588
2024-05-23,549743365.6504849,21.855517240088588
2024-05-24,565136543.5803097,21.855517240088588
2024-05-28,571276559.690997,21.855517240088588
2024-05-29,559342473.8679303,21.855517240088588
2024-05-30,541354951.5028332,21.855517240088588
2024-05-31,540749638.2748746,21.855517240088588
2024-06-03,546024805.2932614,21.855517240088588
2024-06-04,550089278.2418545,21.855517240088588
2024-06-05,583296954.6272153,21.855517240088588
2024-06-06,582605197.0583524,21.855517240088588
2024-06-07,580443175.7484158,21.855517240088588
2024-06-10,586583124.2452267,21.855517240088588
2024-06-11,598690200.1709164,21.855517240088588
2024-06-12,622298734.5318936,21.855517240088588
2024-06-13,632243789.1476468,21.855517240088588
2024-06-14,636563850.4140635,14.726777076721191
2024-06-17,630877945.1013498,14.726777076721191
2024-06-18,627259613.0394907,14.726777076721191
2024-06-20,657756791.7267771,14.726777076721191
2024-06-21,659022871.9726089,37.28518521785736
2024-06-24,636701129.9646086,0.2647069111184521
2024-06-25,657959934.4885763,0.2647069111184521
2024-06-26,662076771.4031118,0.2647069111184521
2024-06-27,666878339.6037992,0.2647069111184521
2024-06-28,656386098.2917722,0.2647069111184521
2024-07-01,667145043.3747076,0.2647069111184521
2024-07-02,687596187.712663,0.2647069111184521
2024-07-03,704490427.6179823,0.2647069111184521
2024-07-05,725830399.843717,0.2647069111184521
2024-07-08,723471543.363126,56.6489155292511
2024-07-09,723471543.363126,56.6489155292511
2024-07-10,720788282.3273365,56.6489155292511
2024-07-11,724142345.8273365,56.6489155292511
2024-07-12,716815621.498317,57.26898121833801
2024-07-15,722149087.3442413,16.363642840505655
2024-07-16,722682475.6110259,16.363642840505655
2024-07-17,659125566.4619704,16.363642840505655
2024-07-18,649258506.6435882,16.363642840505655
2024-07-19,631658147.7796737,16.363642840505655
2024-07-22,659214464.5064346,16.363642840505655
2024-07-23,652103174.8312026,16.363642840505655
2024-07-24,581790360.4790603,16.363642840505655
2024-07-25,562412213.8139564,16.363642840505655
2024-07-26,578501479.0100738,16.363642840505655
2024-07-29,581879396.9939986,16.363642840505655
2024-07-30,558145488.4734832,16.363642840505655
2024-07-31,606946499.2405273,16.363642840505655
2024-08-01,563212296.2141334,16.363642840505655
2024-08-02,522144757.58071434,16.363642840505655
2024-08-05,476632628.2826568,16.363642840505655
2024-08-06,488543996.947528,16.363642840505655
2024-08-07,472810220.07641137,16.363642840505655
2024-08-08,516100140.58619606,16.363642840505655
2024-08-09,523122497.5993453,16.363642840505655
2024-08-12,526678142.4369613,16.363642840505655
2024-08-13,564990049.3977042,16.363642840505655
2024-08-14,565967858.6515723,16.363642840505655
2024-08-15,608546594.8056442,16.363642840505655
2024-08-16,610146551.9002868,16.363642840505655
2024-08-19,633791700.8468124,16.363642840505655
2024-08-20,629880325.3608657,16.363642840505655
2024-08-21,638502812.5567504,16.363642840505655
2024-08-22,607835410.4499313,16.363642840505655
2024-08-23,626946966.8344985,16.363642840505655
2024-08-26,608546594.8056442,16.363642840505655
2024-08-27,613702265.9731399,16.363642840505655
2024-08-28,592901715.9789916,16.363642840505655
2024-08-29,589790561.3636962,16.363642840505655
2024-08-30,609879996.2373687,16.363642840505655
2024-09-03,554234216.8403922,16.363642840505655
2024-09-04,549523035.8952171,16.363642840505655
2024-09-05,551300892.9316436,16.363642840505655
2024-09-06,506588811.4161445,16.363642840505655
2024-09-09,525433639.04970086,16.363642840505655
2024-09-10,539567320.3557006,16.363642840505655
2024-09-11,573968024.9185897,16.363642840505655
2024-09-12,590946166.7064925,16.363642840505655
2024-09-13,598679673.4577361,16.363642840505655
2024-09-16,590679472.5731002,16.363642840505655
2024-09-17,591035064.7509567,16.363642840505655
2024-09-18,583301627.2349502,16.363642840505655
2024-09-19,627391457.0568191,16.363642840505655
2024-09-20,623391252.7616454,16.363642840505655
2024-09-23,628013674.1328307,16.363642840505655
2024-09-24,636902786.2268707,16.363642840505655
2024-09-25,639132160.8621856,16.363642840505655
2024-09-26,652687104.821086,16.363642840505655
2024-09-27,641450779.7181503,16.363642840505655
2024-09-30,646444786.6069671,16.363642840505655
2024-10-01,619067166.027217,16.363642840505655
2024-10-02,621385992.588893,16.363642840505655
2024-10-03,619958985.1165801,16.363642840505655
2024-10-04,641807479.6598006,16.363642840505655
2024-10-07,620672523.4703552,16.363642840505655
2024-10-08,647604061.4173309,16.363642840505655
2024-10-09,663210030.040721,16.363642840505655
2024-10-10,660891480.4199935,16.363642840505655
2024-10-11,662585805.1428329,16.363642840505655
2024-10-14,679529398.547412,16.363642840505655
2024-10-15,652419649.1000854,16.363642840505655
2024-10-16,652062949.158435,16.363642840505655
2024-10-17,654024729.602275,16.363642840505655
2024-10-18,665617823.8820983,16.363642840505655
2024-10-21,669274067.519252,16.363642840505655
2024-10-22,671235917.1983291,16.363642840505655
2024-10-23,640202329.9223739,16.363642840505655
2024-10-24,655451598.6041137,16.363642840505655
2024-10-25,666509573.7362243,16.363642840505655
2024-10-28,667133729.3988754,16.363642840505655
2024-10-29,685593436.0259429,16.363642840505655
2024-10-30,670344236.5794402,16.363642840505655
2024-10-31,619334898.6891662,16.363642840505655
2024-11-01,632533004.235942,16.363642840505655
2024-11-04,626647385.9634734,16.363642840505655
2024-11-05,650457730.1857711,16.363642840505655
2024-11-06,703250429.3138229,16.363642840505655
2024-11-07,736156829.7539169,16.363642840505655
2024-11-08,737940398.6974059,16.363642840505655
2024-11-11,736602704.6809798,16.363642840505655
2024-11-12,732589691.8669387,16.363642840505655
2024-11-13,729379323.1568481,16.363642840505655
2024-11-14,713951773.7395202,16.363642840505655
2024-11-15,662318210.951358,16.363642840505655
2024-11-18,675694804.9394332,16.363642840505655
2024-11-19,689249679.6630965,16.363642840505655
2024-11-20,688447174.0296203,16.363642840505655
2024-11-21,695224542.1562148,16.363642840505655
2024-11-22,697810685.9684173,16.363642840505655
2024-11-25,701021123.913745,16.363642840505655
2024-11-26,711900818.3102676,16.363642840505655
2024-11-27,694689630.7142135,16.363642840505655
2024-11-29,712435729.7522689,16.363642840505655
2024-12-02,735532604.8560287,16.363642840505655
2024-12-03,742042517.2616225,16.363642840505655
2024-12-04,769152335.9441863,16.363642840505655
2024-12-05,762820773.5094177,16.363642840505655
2024-12-06,782439754.946849,16.363642840505655
2024-12-09,764158467.5258437,16.363642840505655
2024-12-10,755864986.1767608,16.363642840505655
2024-12-11,796262223.8619872,16.363642840505655
2024-12-12,780477905.2677718,16.363642840505655
2024-12-13,797243217.9367629,16.363642840505655
2024-12-16,831932979.6146346,16.363642840505655
2024-12-17,820785898.7323486,16.363642840505655
2024-12-18,732054572.719226,16.363642840505655
2024-12-19,721710135.9408904,16.363642840505655
2024-12-20,740437298.2889587,16.363642840505655
2024-12-23,761060952.2522613,16.363642840505655
2024-12-24,791302903.8269683,16.363642840505655
2024-12-26,789602971.0499221,16.363642840505655
2024-12-27,757482044.3749725,16.363642840505655
2024-12-30,727061188.9475433,16.363642840505655
2024-12-31,708003289.8717452,16.363642840505655
2025-01-02,703529516.55466,16.363642840505655
2025-01-03,737260993.3155318,16.363642840505655
2025-01-06,762403008.088626,16.363642840505655
2025-01-07,721334811.7204543,16.363642840505655
2025-01-08,721871592.513858,16.363642840505655
2025-01-10,687424361.8716232,16.363642840505655
2025-01-13,680266476.8818084,16.363642840505655
2025-01-14,677850720.9881622,16.363642840505655
2025-01-15,723661184.9229766,16.363642840505655
2025-01-16,708898016.8410674,16.363642840505655
2025-01-17,743882028.2767059,16.363642840505655
2025-01-21,756229440.4649688,16.363642840505655
2025-01-22,785576734.3055907,16.363642840505655
2025-01-23,790408315.3281204,16.363642840505655
2025-01-24,776181997.2748519,16.363642840505655
2025-01-27,708092741.7981063,16.363642840505655
2025-01-28,739497983.8269302,16.363642840505655
2025-01-29,734934689.3482467,16.363642840505655
2025-01-30,744150384.0557891,16.363642840505655
2025-01-31,740124216.5466949,16.363642840505655
2025-02-03,722229538.6897765,16.363642840505655
2025-02-04,748445184.2849151,16.363642840505655
2025-02-05,758197798.2563354,16.363642840505655
2025-02-06,769560962.3136779,16.363642840505655
2025-02-07,740213668.473056,16.363642840505655
2025-02-10,766250479.4507095,16.363642840505655
2025-02-11,760792458.0027038,16.363642840505655
2025-02-12,762313556.162265,16.363642840505655
2025-02-13,794434621.3076888,16.363642840505655
2025-02-14,803739767.9415923,16.363642840505655
2025-02-18,808750322.0520812,16.363642840505655
2025-02-19,808839843.2136794,16.363642840505655
2025-02-20,798997708.0806609,16.363642840505655
2025-02-21,748982034.3135558,16.363642840505655
2025-02-24,722050427.131343,16.363642840505655
2025-02-25,694492794.9350768,16.363642840505655
2025-02-26,698966429.7816879,16.363642840505655
2025-02-27,640987665.217044,16.363642840505655
2025-02-28,670334889.8224288,16.363642840505655
2025-03-03,627029841.413333,16.363642840505655
2025-03-04,620140242.9673644,16.363642840505655
2025-03-05,644298148.0800124,16.363642840505655
2025-03-06,590882539.5235778,16.363642840505655
2025-03-07,603140361.3150054,16.363642840505655
2025-03-10,535140557.7646209,16.363642840505655
2025-03-11,531141481.0521651,61.77639299631119
2025-03-12,556301216.0714544,0.8128446682847397
2025-03-13,525134455.5345625,0.8128446682847397
2025-03-14,570056444.3297628,0.8128446682847397
2025-03-17,567389477.5651485,79.79377090930939
2025-03-18,567899724.2559985,5.663690466971673
2025-03-19,568774273.9065493,5.663690466971673
2025-03-20,569138575.8495349,5.663690466971673
2025-03-21,569502936.9997271,5.663690466971673
2025-03-24,568191082.9202975,5.663690466971673
2025-03-25,575411692.4013475,39.659873366355896
2025-03-26,543413998.0278916,5.70764402316378
2025-03-27,536770821.46006113,81.27915292978287
2025-03-28,538146370.1162511,6.92366998339871
2025-03-31,538421558.2863027,6.92366998339871
2025-04-01,538973610.8995229,6.92366998339871
2025-04-02,538628522.1404897,6.92366998339871
2025-04-03,541250604.425974,6.92366998339871
2025-04-04,482555327.49812233,49.01839363574982
2025-04-07,488857522.72733665,16.06809591227035
2025-04-08,461300626.26310325,16.06809591227035
2025-04-09,640482479.3560598,16.06809591227035
2025-04-10,576128166.8323745,46.20481097698212
2025-04-11,574723480.9172744,46.20481097698212
2025-04-14,617103482.4476413,448.6657809019089
2025-04-15,614526495.7981611,62.8656507730484
2025-04-16,615706932.4408003,62.8656507730484
2025-04-17,615785505.0158583,62.8656507730484
2025-04-21,615549659.841252,62.8656507730484
2025-04-22,615234796.0185744,62.8656507730484
2025-04-23,614841423.345555,62.8656507730484
2025-04-24,616336341.4625746,62.8656507730484
2025-04-25,648440620.2370975,49.051581144332886
2025-04-28,645916073.7726352,49.051581144332886
2025-04-29,654691817.5102603,49.051581144332886
2025-04-30,663347272.4494236,49.051581144332886
2025-05-01,691597802.0445468,49.051581144332886
2025-05-02,724416612.2174137,49.051581144332886
2025-05-05,701149432.5062486,77.07167828083038
2025-05-06,749828736.2936785,35.00792717933655
2025-05-07,773041997.7774279,35.00792717933655
2025-05-08,793402381.4745257,35.00792717933655
2025-05-09,792883700.438309,35.00792717933655
2025-05-12,901039606.9136584,35.00792717933655
2025-05-13,944104065.8367702,89.68293106555939
2025-05-14,960763008.5903789,19.84126388246139
2025-05-15,963767130.5853893,19.84126388246139
2025-05-16,975647081.9318858,19.84126388246139
2025-05-19,978241488.6739208,19.84126388246139
2025-05-20,968000292.9869853,19.84126388246139
2025-05-21,927718088.0546275,19.84126388246139
2025-05-22,932497396.9904033,19.84126388246139
2025-05-23,905596941.0211955,19.84126388246139
2025-05-27,968682976.1547099,19.84126388246139
2025-05-28,956256878.2740337,19.84126388246139
2025-05-29,960899650.5762645,19.84126388246139
2025-05-30,955847268.3733989,19.84126388246139
2025-06-02,977831773.4209453,19.84126388246139
2025-06-03,1000635498.2697612,19.84126388246139
2025-06-04,1008692002.4676372,19.84126388246139
2025-06-05,985205489.098756,19.84126388246139
2025-06-06,1013334669.4175273,19.84126388246139
2025-06-09,1017840799.7338725,19.84126388246139
2025-06-10,1037504076.6588145,19.84126388246139
2025-06-11,1026853060.366563,19.84126388246139
2025-06-12,1033544092.876649,19.84126388246139
2025-06-13,994490928.3508769,19.84126388246139
2025-06-16,1035046101.1979839,19.84126388246139
2025-06-17,1004458945.4183818,19.84126388246139
2025-06-18,1003093473.7305919,19.84126388246139
2025-06-20,989301904.1621257,19.84126388246139
2025-06-23,1020025596.5752727,19.84126388246139
2025-06-24,1066452476.7788554,19.84126388246139
2025-06-25,1074641092.811967,19.84126388246139
2025-06-26,1104081383.010728,19.84126388246139
2025-06-27,1114898961.3536234,19.84126388246139
2025-06-30,1136534118.0394144,19.84126388246139
2025-07-01,1107641660.0122843,19.84126388246139
2025-07-02,1129687585.4744577,19.84126388246139
2025-07-03,1161318782.9503794,19.84126388246139
2025-07-07,1140047684.3844163,92.76938796043396
2025-07-08,1104334839.429611,85.46976828575134
2025-07-09,1127211663.6346588,1.1941490079238264
2025-07-10,1122024422.7658806,1.1941490079238264
2025-07-11,1113512358.1006203,1.1941490079238264
2025-07-14,1125349655.8847961,1.1941490079238264
2025-07-15,1128275594.96986,1.1941490079238264
2025-07-16,1131467900.6285057,1.1941490079238264
2025-07-17,1157802580.3613815,1.1941490079238264
2025-07-18,1153812505.2798996,1.1941490079238264
2025-07-21,1171369060.7657585,1.1941490079238264
2025-07-22,1153147560.9867249,1.1941490079238264
2025-07-23,1168309989.559208,1.1941490079238264
2025-07-24,1176024182.4710236,1.1941490079238264
2025-07-25,1182674341.7170296,1.1941490079238264
2025-07-28,1179964117.0893724,69.88395857810974
2025-07-29,1137493795.948796,80.12540125846863
2025-07-30,1141439076.8272843,34.62644817225676
2025-07-31,1122603887.2612748,34.62644817225676
2025-08-01,1055280688.6486955,34.62644817225676
2025-08-04,1113058856.3329606,34.62644817225676
2025-08-05,1089896712.7159562,34.62644817225676
2025-08-06,1130621348.997908,34.62644817225676
2025-08-07,1142075229.4481645,34.62644817225676
2025-08-08,1172873456.5567155,34.62644817225676
2025-08-11,1162564885.8196244,34.62644817225676
2025-08-12,1205453341.8289628,34.62644817225676
2025-08-13,1207234999.992659,34.62644817225676
2025-08-14,1203926066.3817582,34.62644817225676
2025-08-15,1186872632.8942704,34.62644817225676
2025-08-18,1185345357.4470658,34.62644817225676
2025-08-19,1136984637.6735673,34.62644817225676
2025-08-20,1116240500.6707902,34.62644817225676
2025-08-21,1100714244.7156816,34.62644817225676
2025-08-22,1150220274.2023454,34.62644817225676
2025-08-25,1140166282.011397,34.62644817225676
2025-08-26,1153401918.540175,34.62644817225676
2025-08-27,1158619897.5026689,34.62644817225676
2025-08-28,1179745608.5801835,34.62644817225676
2025-08-29,1137239314.1345353,34.62644817225676
2025-09-02,1108222843.104506,34.62644817225676
2025-09-03,1134057669.7967057,34.62644817225676
2025-09-04,1164728411.8025346,34.62644817225676
2025-09-05,1168546404.5908952,34.62644817225676
2025-09-08,1185218068.1739945,34.62644817225676
2025-09-09,1194890290.4605546,34.62644817225676
2025-09-10,1196162889.4467912,34.62644817225676
2025-09-11,1216270775.9138627,34.62644817225676
2025-09-12,1231415457.7942338,34.62644817225676
2025-09-15,1262849739.6088395,34.62644817225676
2025-09-16,1259413614.6396928,34.62644817225676
2025-09-17,1251395859.1585832,34.62644817225676
2025-09-18,1285121152.0588212,34.62644817225676
2025-09-19,1310574110.931807,34.62644817225676
2025-09-22,1332718234.1087174,34.62644817225676
2025-09-23,1305865386.9764237,34.62644817225676
2025-09-24,1291827436.3679948,34.62644817225676
2025-09-25,1274502680.8992143,34.62644817225676
2025-09-26,1289789045.5319963,34.62644817225676
2025-09-29,1306986315.8980546,34.62644817225676
2025-09-30,1317177290.929793,34.62644817225676
2025-10-01,1335775624.5330644,34.62644817225676
2025-10-02,1352080988.7541947,34.62644817225676
2025-10-03,1333737429.5267167,34.62644817225676
2025-10-06,1363545933.5797257,34.62644817225676
2025-10-07,1341508047.9884171,34.62644817225676
2025-10-08,1386984980.323073,34.62644817225676
2025-10-09,1381507233.3286881,34.62644817225676
2025-10-10,1236541494.73564,34.62644817225676
2025-10-13,1315011708.7355485,34.62644817225676
2025-10-14,1288260399.2772355,34.62644817225676
2025-10-15,1314629449.2570329,34.62644817225676
2025-10-16,1299980118.47856,34.62644817225676
2025-10-17,1324693037.1008744,34.62644817225676
2025-10-20,1374373746.6361222,34.62644817225676
2025-10-21,1372845002.466536,34.62644817225676
2025-10-22,1332463557.6477494,34.62644817225676
2025-10-23,1365838805.0470414,34.62644817225676
2025-10-24,1408385832.0600724,34.62644817225676
2025-10-27,1483161915.5258012,34.62644817225676
2025-10-28,1517046711.67668,34.62644817225676
2025-10-29,1536409466.3221574,34.62644817225676
2025-10-30,1466091934.4328141,34.62644817225676
2025-10-31,1486856046.0599809,34.62644817225676
2025-11-03,1507237996.1234574,34.62644817225676
2025-11-04,1415010063.7455277,34.62644817225676
2025-11-05,1442525598.4163957,34.62644817225676
2025-11-06,1361635027.8464494,34.62644817225676
2025-11-07,1347495147.904738,34.62644817225676
2025-11-10,1435773979.5430436,34.62644817225676
2025-11-11,1423927068.9834733,34.62644817225676
2025-11-12,1420997163.6618485,34.62644817225676
2025-11-13,1333228076.6047807,34.62644817225676
2025-11-14,1334246880.3634782,34.62644817225676
2025-11-17,1299980118.47856,34.62644817225676
2025-11-18,1252974441.974318,34.62644817225676
2025-11-19,1274502680.8992143,34.62644817225676
2025-11-20,1183421233.2123551,34.62644817225676
2025-11-21,1209662896.0042558,34.62644817225676
2025-11-24,1301381279.6305985,34.62644817225676
2025-11-25,1325075100.7497392,34.62644817225676
2025-11-26,1359724122.113173,34.62644817225676
2025-11-28,1389532724.0810075,34.62644817225676
2025-12-01,1377048877.5819535,34.62644817225676
2025-12-02,1408895478.7264848,34.62644817225676
2025-12-03,1418831581.4676042,34.62644817225676
2025-12-04,1414245544.7884965,34.62644817225676
2025-12-05,1430551202.7541032,34.62644817225676
2025-12-08,1421634197.5161576,34.62644817225676
2025-12-09,1426984361.4929948,34.62644817225676
2025-12-10,1443289823.6289506,34.62644817225676
2025-12-11,1429532105.2509294,34.62644817225676
2025-12-12,1345711727.2741838,34.62644817225676
2025-12-15,1325329973.040358,34.62644817225676
2025-12-16,1333228076.6047807,34.62644817225676
2025-12-17,1258579380.3269486,34.62644817225676
2025-12-18,1312336479.8748918,34.62644817225676
2025-12-19,1363545933.5797257,34.62644817225676
2025-12-22,1382144365.0978227,34.62644817225676
2025-12-23,1401507021.8284745,34.62644817225676
2025-12-24,1412632593.8690324,34.62644817225676
2025-12-26,1411356763.6935563,34.62644817225676
2025-12-29,1390432659.2416215,34.62644817225676
2025-12-30,1380480988.0432572,34.62644817225676
2025-12-31,1345267193.9666886,34.62644817225676
2026-01-02,1335825756.9236894,34.62644817225676
2026-01-05,1367722294.6291947,34.62644817225676
2026-01-06,1403701586.811049,34.62644817225676
2026-01-07,1407784243.3725724,34.62644817225676
2026-01-08,1382777384.4442887,34.62644817225676
2026-01-09,1422839431.1024919,34.62644817225676
2026-01-12,1426156687.473555,34.62644817225676
2026-01-13,1418756676.626143,34.62644817225676
2026-01-14,1373591309.2660356,34.62644817225676
2026-01-15,1387625734.9407487,34.62644817225676
2026-01-16,1381501554.2688127,34.62644817225676
2026-01-20,1294487978.0048356,34.62644817225676
2026-01-21,1345522360.0017838,34.62644817225676
2026-01-22,1375377569.4265275,34.62644817225676
2026-01-23,1387625734.9407487,34.62644817225676
2026-01-26,1405487846.971541,34.62644817225676
2026-01-27,1442742871.4140458,34.62644817225676
2026-01-28,1456011798.9834733,34.62644817225676
2026-01-29,1429984373.8296342,34.62644817225676
2026-01-30,1377929229.7774796,34.62644817225676
2026-02-02,1405998179.0417314,34.62644817225676
2026-02-03,1340163677.4351335,34.62644817225676
2026-02-04,1269736285.1116471,34.62644817225676
2026-02-05,1215639714.8639054,34.62644817225676
2026-02-06,1290915555.5986772,34.62644817225676
2026-02-09,1320260335.038405,34.62644817225676
2026-02-10,1301887988.8522477,34.62644817225676
2026-02-11,1311584494.0155168,34.62644817225676
2026-02-12,1231460400.6991105,34.62644817225676
2026-02-13,1236818985.3509355,34.62644817225676
2026-02-17,1233756895.0149674,34.62644817225676
2026-02-18,1260294848.0686479,34.62644817225676
2026-02-19,1246005256.3588395,34.62644817225676
2026-02-20,1277391461.9941545,34.62644817225676
2026-02-23,1230950264.458571,34.62644817225676
2026-02-24,1270246519.2670121,34.62644817225676
2026-02-25,1323577493.4946427,34.62644817225676
2026-02-26,1277136295.9590592,34.62644817225676
2026-02-27,1263612104.439711,34.62644817225676
2026-03-02,1268205190.9862504,34.62644817225676
2026-03-03,1227377646.2227616,34.62644817225676
2026-03-04,1282494782.6960588,34.62644817225676
2026-03-05,1270756851.3372025,34.62644817225676
2026-03-06,1213088054.5129533,34.62644817225676
2026-03-09,1260294848.0686479,34.62644817225676
2026-03-10,1260550112.0185685,34.62644817225676
2026-03-11,1259274086.0134416,34.62644817225676
2026-03-12,1194970874.3618913,34.62644817225676
2026-03-13,1172005343.7143693,34.62644817225676
2026-03-16,1211046628.3173661,34.62644817225676
2026-03-17,1228908740.3481584,34.62644817225676
2026-03-18,1176343264.2258134,34.62644817225676
2026-03-19,1165881163.0424333,34.62644817225676
2026-03-20,1099281359.1602006,34.62644817225676
2026-03-23,1137295986.328415,135.6862030029297
2026-03-24,1115077420.3597095,70.14692568778992
2026-03-25,1100247685.904895,73.45518810270809
2026-03-26,1204055524.253772,73.45518810270809
2026-03-27,1275351933.982776,73.45518810270809
2026-03-30,1133796483.80366,79.63273859024048
2026-03-31,1279401448.1682687,79.63273859024048
2026-04-01,1290516224.405498,148.47387266159058
2026-04-02,1374678085.0811787,44.779680252075195
2026-04-06,1372920523.0747395,44.779680252075195
2026-04-07,1374502219.392168,44.779680252075195
2026-04-08,1375732458.0524921,44.779680252075195
2026-04-09,1402323165.5929966,72.89056587219238
2026-04-10,1408338055.1454787,22.734082585831864
2026-04-13,1451014945.268598,22.734082585831864
2026-04-14,1529781071.4012427,22.734082585831864
2026-04-15,1593939761.9625068,22.734082585831864
2026-04-16,1616280597.4127326,22.734082585831864
2026-04-17,1678147796.4434943,22.734082585831864
2026-04-20,1672874211.9528184,120.21244668960571
2026-04-21,1638337553.0470393,65.0573160648346
2026-04-22,1718541871.3224406,5.370292148775704
2026-04-23,1690284793.7307048,5.370292148775704
2026-04-24,1785616771.2505412,5.370292148775704
2026-04-27,1787900063.2218547,5.370292148775704
2026-04-28,1733669418.6948771,5.370292148775704
2026-04-29,1765637037.0895305,5.370292148775704
2026-04-30,1813588355.33892,5.370292148775704
2026-05-01,1863823184.244804,5.370292148775704
2026-05-04,1852691671.1786418,5.370292148775704
2026-05-05,1923476565.1967082,5.370292148775704
2026-05-06,2042784201.8412395,5.370292148775704
2026-05-07,2048792754.2814856,149.07880306243896
2026-05-08,2063655551.1576452,4.784476283264155
2026-05-11,2113960791.096427,4.784476283264155
2026-05-12,2043076342.9739904,4.784476283264155
2026-05-13,2090085953.8970404,58.07260799407959
2026-05-14,2042179368.906453,138.98617243766785
2026-05-15,2061200393.8284955,26.735042943954483
2026-05-18,1964125033.223792,93.93509578704834
2026-05-19,1927390336.7996292,20.823646428619327
2026-05-20,2022002329.5811844,20.823646428619327
2026-05-21,2033630596.572853,20.823646428619327
2026-05-22,2057151372.5361328,20.823646428619327
2026-05-26,2165770215.097389,20.823646428619327
2026-05-27,2158370427.237625,20.823646428619327
2026-05-28,2211490759.608513,20.823646428619327
2026-05-29,2234747293.5918503,20.823646428619327
2026-06-01,2273860776.183037,20.823646428619327
2026-06-02,2305045581.986023,20.823646428619327
2026-06-03,2291002149.5797973,193.755961894989
2026-06-04,2360539737.711893,131.1742649078369
2026-06-05,2023438782.316545,48.94058360768052
2026-06-08,2112630385.628984,48.94058360768052
2026-06-09,2041997056.9014754,48.94058360768052
2026-06-10,1918734765.3715682,48.94058360768052
2026-06-11,2105428724.149156,48.94058360768052
2026-06-12,2147254558.0551925,48.94058360768052
2026-06-15,2343089070.8475204,48.94058360768052
2026-06-16,2214010101.712877,48.94058360768052
2026-06-17,2147808678.940553,48.94058360768052
2026-06-18,2295446347.1112075,48.94058360768052
2026-06-22,2287413610.4161086,48.94058360768052
2026-06-23,2061940739.8125777,48.94058360768052
2026-06-24,2035038181.439592,48.94058360768052
2026-06-25,2080847276.5089126,48.94058360768052
2026-06-26,1994226361.1644454,48.94058360768052
2026-06-29,2143036787.67003,48.94058360768052
2026-06-30,2248814453.622682,48.94058360768052
2026-07-01,2150532805.9740615,48.94058360768052
2026-07-02,2036426348.6977859,48.94058360768052
2026-07-06,2121659096.784059,48.94058360768052
2026-07-07,2005331699.2299972,48.94058360768052
2026-07-08,2018935568.579866,48.94058360768052
2026-07-09,2119437944.2807326,48.94058360768052
2026-07-10,2138594694.8889174,48.94058360768052
2026-07-13,2016714416.0765395,48.94058360768052
2026-07-14,2082790625.780168,48.94058360768052
2026-07-15,2066688225.1459823,48.94058360768052
2026-07-16,1963964484.716249,48.94058360768052
2026-07-17,1874844825.8619246,48.94058360768052
2026-07-20,1878176554.6169143,48.94058360768052
2026-07-21,1981455477.059709,48.94058360768052
2026-07-22,1951193388.3859725,48.94058360768052
2026-07-23,1840696250.8712173,48.94058360768052
2026-07-24,1776840981.445375,48.94058360768052
2026-07-27,1760183186.5725875,48.94058360768052
2026-07-28,1709098907.3642516,48.94058360768052
2026-07-29,1603321347.5243697,48.94058360768052
2026-07-30,1757406745.9434295,48.94058360768052
2026-07-31,1794054170.5567641,48.94058360768052
2026-08-03,1886782936.9470687,48.94058360768052
2026-08-04,2077238168.9729323,48.94058360768052
2026-08-05,2022267085.1093154,48.94058360768052
2026-08-06,1999779030.1972213,48.94058360768052
2026-08-07,2067520998.1655746,48.94058360768052
2026-08-10,2048919854.0215316,48.94058360768052
2026-08-11,2028374936.1551528,48.94058360768052
2026-08-12,2071130317.927095,48.94058360768052
2026-08-13,2141926211.418367,48.94058360768052
2026-08-14,2131931661.8300185,48.94058360768052
2026-08-17,2121103914.7709975,48.94058360768052
2026-08-18,2013660490.5536208,48.94058360768052
2026-08-19,2000611803.2168136,48.94058360768052
2026-08-20,1956746269.6442885,48.94058360768052
2026-08-21,1975902595.801393,48.94058360768052
2026-08-24,1915934449.369142,48.94058360768052
2026-08-25,1950915797.3794417,48.94058360768052
2026-08-26,1956468466.4122176,48.94058360768052
2026-08-27,2035038181.439592,48.94058360768052
2026-08-28,1994781543.177507,48.94058360768052
2026-08-31,1996724892.4487624,48.94058360768052
2026-09-01,1919821147.911653,48.94058360768052
2026-09-02,1932314441.0098586,48.94058360768052
2026-09-03,1999779030.1972213,48.94058360768052
2026-09-04,2009218609.9980483,48.94058360768052
2026-09-08,2003388349.9587417,48.94058360768052
2026-09-09,1986452751.8538833,48.94058360768052
2026-09-10,1921486906.1763778,48.94058360768052
2026-09-11,1970627730.000688,48.94058360768052
2026-09-14,1923152664.4411025,48.94058360768052
2026-09-15,1885117178.682344,48.94058360768052
2026-09-16,1885950163.9274764,48.94058360768052
2026-09-17,1981732855.8406997,48.94058360768052
2026-09-18,2016714416.0765395,48.94058360768052
2026-09-21,2190789444.2361465,48.94058360768052
2026-09-22,2244094769.8350387,48.94058360768052
2026-09-23,2188071683.968843,48.94058360768052
2026-09-24,2185846286.9547133,48.94058360768052
2026-09-25,2214219356.0954757,48.94058360768052
2026-09-28,2143008349.4476485,48.94058360768052
2026-09-29,2154691365.433519,48.94058360768052
2026-09-30,2170546947.7644973,48.94058360768052
2026-10-01,2190018853.2998214,48.94058360768052
2026-10-02,2253441182.623735,48.94058360768052
2026-10-05,2312134702.461778,48.94058360768052
