date,symbol,shares,close
2012-10-17,TQQQ,172042,0.5835608839988708
2012-10-18,TQQQ,172054,0.5635988712310791
2012-10-19,TQQQ,172054,0.5228826403617859
2012-10-22,TQQQ,172054,0.5310853123664856
2012-10-23,TQQQ,172054,0.5153716802597046
2012-10-24,TQQQ,172054,0.5102335810661316
2012-10-25,TQQQ,172054,0.5102335810661316
2012-10-26,TQQQ,172054,0.5155699849128723
2012-10-31,TQQQ,172054,0.5055885910987854
2012-11-01,TQQQ,172054,0.5270334482192993
2012-11-02,TQQQ,172054,0.5077620148658752
2012-11-05,TQQQ,172054,0.5202140808105469
2012-11-06,TQQQ,172054,0.5233768820762634
2012-11-07,TQQQ,172054,0.485822856426239
2012-11-08,TQQQ,172054,0.4630935788154602
2012-11-09,TQQQ,172054,0.46813398599624634
2012-11-12,TQQQ,172054,0.46882569789886475
2012-11-13,TQQQ,172054,0.45864683389663696
2012-11-14,TQQQ,172054,0.4422415792942047
2012-11-15,TECL,76833,0.9542621374130249
2012-11-16,TECL,76839,0.9599353671073914
2012-11-19,TECL,76839,1.0343704223632812
2012-11-20,TQQQ,164779,0.47524943947792053
2012-11-21,TQQQ,164804,0.47860896587371826
2012-11-23,TQQQ,164804,0.5005479454994202
2012-11-26,TQQQ,164804,0.5069718956947327
2012-11-27,TQQQ,164804,0.5012396574020386
2012-11-28,TQQQ,164804,0.5146800875663757
2012-11-29,TQQQ,164804,0.5235744118690491
2012-11-30,TQQQ,164804,0.5216968059539795
2012-12-03,TQQQ,164804,0.5191277861595154
2012-12-04,TQQQ,164804,0.5157673954963684
2012-12-05,TQQQ,164804,0.4998563230037689
2012-12-06,TQQQ,164804,0.5090475678443909
2012-12-07,TQQQ,164804,0.5003507137298584
2012-12-10,TQQQ,164804,0.5047972202301025
2012-12-11,TQQQ,164804,0.5242659449577332
2012-12-12,TQQQ,164804,0.5207081437110901
2012-12-13,TQQQ,164804,0.5089479088783264
2012-12-14,TQQQ,164804,0.4945199489593506
2012-12-17,TQQQ,164804,0.5137911438941956
2012-12-18,TQQQ,164804,0.5376077890396118
2012-12-19,TQQQ,164804,0.5298994779586792
2012-12-20,TQQQ,164804,0.5302940011024475
2012-12-21,TQQQ,164804,0.5137911438941956
2012-12-24,TQQQ,164804,0.5094423294067383
2012-12-26,TQQQ,164804,0.4973858594894409
2012-12-27,TQQQ,164804,0.49461856484413147
2012-12-28,TQQQ,164804,0.48028913140296936
2012-12-31,TQQQ,164804,0.5116165280342102
2013-01-02,TQQQ,164804,0.5593487024307251
2013-01-03,TQQQ,164804,0.5512457489967346
2013-01-04,TQQQ,164804,0.545810341835022
2013-01-07,TQQQ,164804,0.5464032292366028
2013-01-08,TQQQ,164804,0.5432403087615967
2013-01-09,TQQQ,164804,0.5487751960754395
2013-01-10,TQQQ,164804,0.5584598183631897
2013-01-11,TQQQ,164804,0.5605344176292419
2013-01-14,TQQQ,164804,0.5533204674720764
2013-01-15,TQQQ,164804,0.5451179146766663
2013-01-16,TQQQ,164804,0.5512457489967346
2013-01-17,TQQQ,164804,0.559744119644165
2013-01-18,TQQQ,164804,0.5565822124481201
2013-01-22,TQQQ,164804,0.5588551759719849
2013-01-23,TQQQ,164804,0.5679469704627991
2013-01-24,TQQQ,164804,0.5453160405158997
2013-01-25,TQQQ,164804,0.5534191131591797
2013-01-29,TQQQ,161525,0.5573725700378418
2013-01-31,TQQQ,160802,0.5507514476776123
2013-02-01,TQQQ,160813,0.5688357949256897
2013-02-04,TQQQ,160813,0.5398808121681213
2013-02-05,TQQQ,160813,0.5635988712310791
2013-02-06,TQQQ,160813,0.5583610534667969
2013-02-07,TQQQ,160813,0.559744119644165
2013-02-08,TQQQ,160813,0.57674241065979
2013-02-11,TQQQ,160813,0.5765441060066223
2013-02-12,TQQQ,160813,0.5698243379592896
2013-02-13,TQQQ,160813,0.5764455795288086
2013-02-14,TQQQ,160813,0.5752595663070679
2013-02-15,TQQQ,160813,0.5703186392784119
2013-02-19,TQQQ,160813,0.5827706456184387
2013-02-20,TQQQ,160813,0.5561866164207458
2013-02-21,TQQQ,160813,0.5381020307540894
2013-02-22,TQQQ,160813,0.5539134740829468
2013-02-25,TQQQ,160813,0.533258855342865
2013-02-26,TQQQ,160813,0.5396826863288879
2013-02-27,TQQQ,160813,0.5560879111289978
2013-02-28,TQQQ,160813,0.55401211977005
2013-03-01,TQQQ,160813,0.559744119644165
2013-03-04,TQQQ,160813,0.5669583082199097
2013-03-05,TQQQ,160813,0.5918622016906738
2013-03-06,TQQQ,160813,0.5881070494651794
2013-03-07,TQQQ,160813,0.5932464003562927
2013-03-08,TQQQ,160813,0.5939379930496216
2013-03-11,TQQQ,160813,0.6000648140907288
2013-03-12,TQQQ,160813,0.5927520990371704
2013-03-13,TQQQ,160813,0.5908744931221008
2013-03-14,TQQQ,160813,0.5969027280807495
2013-03-15,TQQQ,160813,0.5912692546844482
2013-03-18,TQQQ,160813,0.5872172713279724
2013-03-19,TQQQ,160813,0.5848454236984253
2013-03-20,TQQQ,160813,0.5960128903388977
2013-03-21,TQQQ,160813,0.5769397616386414
2013-03-22,TQQQ,160813,0.5928508639335632
2013-03-25,TQQQ,160813,0.5868226885795593
2013-03-26,TQQQ,160813,0.5958156585693359
2013-03-27,TQQQ,160813,0.5989777445793152
2013-03-28,TQQQ,160813,0.6024366021156311
2013-04-01,TQQQ,160813,0.5907750129699707
2013-04-02,TQQQ,160813,0.6041167974472046
2013-04-03,TQQQ,160813,0.5881070494651794
2013-04-04,TQQQ,160813,0.588403046131134
2013-04-05,TQQQ,160813,0.5739750266075134
2013-04-08,TQQQ,160813,0.5827706456184387
2013-04-09,TQQQ,160813,0.5942339301109314
2013-04-10,TQQQ,160813,0.6290208101272583
2013-04-11,TQQQ,160813,0.6279336214065552
2013-04-12,TQQQ,160813,0.6272417902946472
2013-04-15,TQQQ,160813,0.5890956521034241
2013-04-16,TQQQ,160813,0.6137027144432068
2013-04-17,TQQQ,160813,0.5778297781944275
2013-04-18,TQQQ,160813,0.5528262853622437
2013-04-19,TQQQ,160813,0.5757540464401245
2013-04-22,TQQQ,160813,0.5934438705444336
2013-04-23,TQQQ,160813,0.6109351515769958
2013-04-24,TQQQ,160813,0.6094533205032349
2013-04-25,TQQQ,160813,0.6193360686302185
2013-04-26,TQQQ,160813,0.614098310470581
2013-04-29,TQQQ,160813,0.630403995513916
2013-04-30,TQQQ,160813,0.6442400217056274
2013-05-01,TQQQ,160813,0.6360374093055725
2013-05-02,TQQQ,160813,0.6590638756752014
2013-05-03,TQQQ,160813,0.6820892095565796
2013-05-06,TQQQ,160813,0.6908849477767944
2013-05-07,TQQQ,160813,0.6892046332359314
2013-05-08,TQQQ,160813,0.6999772787094116
2013-05-09,TQQQ,160813,0.6975058913230896
2013-05-10,TQQQ,160813,0.7093649506568909
2013-05-13,TQQQ,160813,0.7121322751045227
2013-05-14,TQQQ,160813,0.7226079702377319
2013-05-15,TQQQ,160813,0.7279446125030518
2013-05-16,TQQQ,160813,0.7252759337425232
2013-05-17,TQQQ,160813,0.7457330822944641
2013-05-21,TQQQ,158195,0.7451402544975281
2013-05-22,TQQQ,158201,0.7269560694694519
2013-05-23,TQQQ,158201,0.719050407409668
2013-05-24,TQQQ,158201,0.7186548709869385
2013-05-28,TQQQ,158201,0.7334783673286438
2013-05-29,TQQQ,158201,0.7224097847938538
2013-05-30,TQQQ,158201,0.7341700792312622
2013-05-31,TQQQ,158201,0.7132194638252258
2013-06-03,TQQQ,158201,0.7173702120780945
2013-06-04,TQQQ,158201,0.7065985202789307
2013-06-05,TQQQ,158201,0.6795199513435364
2013-06-06,TQQQ,158201,0.6878213286399841
2013-06-07,TQQQ,158201,0.716579794883728
2013-06-10,TQQQ,158201,0.7168759107589722
2013-06-11,TQQQ,158201,0.6961225867271423
2013-06-12,TQQQ,158201,0.6720091104507446
2013-06-13,TQQQ,158201,0.6961225867271423
2013-06-14,TQQQ,158201,0.6838681101799011
2013-06-17,TQQQ,158201,0.7028424143791199
2013-06-18,TQQQ,158201,0.7194451093673706
2013-06-19,TQQQ,158201,0.696814239025116
2013-06-20,TQQQ,158201,0.6454259157180786
2013-06-21,TQQQ,158201,0.6363335251808167
2013-06-24,TQQQ,158201,0.6166673898696899
2013-06-25,TQQQ,158201,0.6298109889030457
2013-06-26,TQQQ,158201,0.6470064520835876
2013-06-27,TQQQ,158201,0.6542205810546875
2013-06-28,TQQQ,158201,0.6559994220733643
2013-07-01,TQQQ,158201,0.670032799243927
2013-07-02,TQQQ,158201,0.670329749584198
2013-07-03,TQQQ,158201,0.6794214844703674
2013-07-05,TQQQ,158201,0.6944425106048584
2013-07-08,TQQQ,158201,0.6967158317565918
2013-07-09,TQQQ,158201,0.709464430809021
2013-07-10,TQQQ,158201,0.7214222550392151
2013-07-11,TQQQ,158201,0.7663877010345459
2013-07-12,TQQQ,158201,0.7743918895721436
2013-07-15,TQQQ,158201,0.780420184135437
2013-07-16,TQQQ,158201,0.7773566842079163
2013-07-17,TQQQ,158201,0.7828906178474426
2013-07-18,TQQQ,158201,0.7771594524383545
2013-07-19,TQQQ,158201,0.7535399794578552
2013-07-22,TQQQ,158201,0.7589752674102783
2013-07-23,TQQQ,158201,0.7420766949653625
2013-07-24,TQQQ,158201,0.7490925192832947
2013-07-25,TQQQ,158201,0.7626317143440247
2013-07-26,TQQQ,158201,0.7752819061279297
2013-07-29,TQQQ,158201,0.7717241048812866
2013-07-30,TQQQ,158201,0.7831875681877136
2013-07-31,TQQQ,158201,0.7881283760070801
2013-08-01,TQQQ,158201,0.8121433258056641
2013-08-02,TQQQ,158201,0.8256825804710388
2013-08-05,TQQQ,158201,0.8274614214897156
2013-08-06,TQQQ,158201,0.8127362728118896
2013-08-07,TQQQ,158201,0.8080914616584778
2013-08-08,TQQQ,158201,0.8188632130622864
2013-08-09,TQQQ,158201,0.8100675940513611
2013-08-12,TQQQ,158201,0.8151080012321472
2013-08-13,TQQQ,158201,0.8286473155021667
2013-08-14,TQQQ,158201,0.8194560408592224
2013-08-15,TQQQ,158201,0.7783453464508057
2013-08-16,TQQQ,158201,0.7755778431892395
2013-08-19,TQQQ,158201,0.7725144028663635
2013-08-20,TQQQ,158201,0.7830888628959656
2013-08-21,TQQQ,158201,0.7752819061279297
2013-08-22,TQQQ,158201,0.7974184155464172
2013-08-23,TQQQ,158201,0.8142182230949402
2013-08-26,TQQQ,158201,0.8149097561836243
2013-08-27,TQQQ,158201,0.7636203169822693
2013-08-28,TQQQ,158201,0.7735030055046082
2013-08-29,TQQQ,158201,0.7895128130912781
2013-08-30,TQQQ,158201,0.7747875452041626
2013-09-03,TQQQ,158201,0.787535548210144
2013-09-04,TQQQ,158201,0.8132306337356567
2013-09-05,TQQQ,158201,0.8167883157730103
2013-09-06,TQQQ,158201,0.8197530508041382
2013-09-09,TQQQ,158201,0.8486092686653137
2013-09-10,TQQQ,158201,0.8614568710327148
2013-09-11,TQQQ,158201,0.8571088314056396
2013-09-12,TQQQ,158201,0.8532544374465942
2013-09-13,TQQQ,158201,0.8560216426849365
2013-09-16,TQQQ,158201,0.8488076329231262
2013-09-17,TQQQ,158201,0.86580491065979
2013-09-18,TQQQ,158201,0.8976268172264099
2013-09-19,TQQQ,158201,0.9031606316566467
2013-09-20,TQQQ,158201,0.8932788968086243
2013-09-23,TQQQ,158201,0.8882383704185486
2013-09-24,TQQQ,158201,0.8884356021881104
2013-09-25,TQQQ,158201,0.8800356984138489
2013-09-26,TQQQ,158201,0.9001959562301636
2013-09-27,TQQQ,158201,0.8959465622901917
2013-09-30,TQQQ,158201,0.8903142213821411
2013-10-01,TQQQ,158201,0.9169967770576477
2013-10-02,TQQQ,158201,0.9153165817260742
2013-10-03,TQQQ,158201,0.8834947347640991
2013-10-04,TQQQ,158201,0.9062241315841675
2013-10-07,TQQQ,158201,0.8837916851043701
2013-10-08,TQQQ,158201,0.8337855935096741
2013-10-09,TQQQ,158201,0.8245952725410461
2013-10-10,TQQQ,158201,0.8769723176956177
2013-10-11,TQQQ,158201,0.8967370390892029
2013-10-14,TQQQ,158201,0.9153165817260742
2013-10-15,TQQQ,158201,0.9055325388908386
2013-10-16,TQQQ,158201,0.9364646673202515
2013-10-17,TQQQ,158201,0.9515851140022278
2013-10-18,TQQQ,158201,0.9986254572868347
2013-10-21,TQQQ,158201,1.0043575763702393
2013-10-22,TQQQ,158201,1.0078169107437134
2013-10-23,TQQQ,158201,0.991608738899231
2013-10-24,TQQQ,158201,1.0039618015289307
2013-10-25,TQQQ,158201,1.0240237712860107
2013-10-28,TQQQ,158201,1.0260995626449585
2013-10-29,TQQQ,158201,1.0310407876968384
2013-10-30,TQQQ,158201,1.0277786254882812
2013-10-31,TQQQ,158201,1.0211577415466309
2013-11-01,TQQQ,158201,1.0206630229949951
2013-11-04,TQQQ,158201,1.025605320930481
2013-11-05,TQQQ,158201,1.0299532413482666
2013-11-06,TQQQ,158201,1.0281741619110107
2013-11-07,TQQQ,158201,0.9711525440216064
2013-11-08,TQQQ,158201,1.009497046470642
2013-11-11,TQQQ,158201,1.004653811454773
2013-11-12,TQQQ,158201,1.0095953941345215
2013-11-13,TQQQ,158201,1.0457652807235718
2013-11-14,TQQQ,158201,1.0538684129714966
2013-11-15,TQQQ,158201,1.0611820220947266
2013-11-18,TQQQ,158201,1.031830906867981
2013-11-19,TQQQ,158201,1.0216517448425293
2013-11-20,TQQQ,158201,1.0145366191864014
2013-11-21,TQQQ,158201,1.045567274093628
2013-11-22,TQQQ,158201,1.0620709657669067
2013-11-25,TQQQ,158201,1.0690877437591553
2013-11-26,TQQQ,158201,1.0867775678634644
2013-11-27,TQQQ,158201,1.1085193157196045
2013-11-29,TQQQ,158201,1.1267024278640747
2013-12-02,TQQQ,158201,1.1196857690811157
2013-12-03,TQQQ,158201,1.1164251565933228
2013-12-04,TQQQ,158201,1.1192913055419922
2013-12-05,TQQQ,158201,1.1158322095870972
2013-12-06,TQQQ,158201,1.1388587951660156
2013-12-09,TQQQ,158201,1.1524964570999146
2013-12-10,TQQQ,158201,1.1504204273223877
2013-12-11,TQQQ,158201,1.1074321269989014
2013-12-12,TQQQ,158201,1.09843909740448
2013-12-13,TQQQ,158201,1.0932013988494873
2013-12-16,TQQQ,158201,1.1119776964187622
2013-12-17,TQQQ,158201,1.10496187210083
2013-12-18,TQQQ,158201,1.1431078910827637
2013-12-19,TQQQ,158201,1.1328303813934326
2013-12-20,TQQQ,158201,1.1669245958328247
2013-12-23,TQQQ,158201,1.2046756744384766
2013-12-24,TQQQ,158201,1.2063560485839844
2013-12-26,TQQQ,158201,1.2181154489517212
2013-12-27,TQQQ,158201,1.2092212438583374
2013-12-30,TQQQ,158201,1.202897071838379
2013-12-31,TQQQ,158201,1.2265162467956543
2014-01-02,TQQQ,158201,1.1978563070297241
2014-01-03,TQQQ,158201,1.1717668771743774
2014-01-06,TQQQ,158201,1.1593149900436401
2014-01-07,TQQQ,158201,1.189357876777649
2014-01-08,TQQQ,158201,1.1982520818710327
2014-01-09,TQQQ,158201,1.185898780822754
2014-01-10,TQQQ,158201,1.1977577209472656
2014-01-13,TQQQ,158201,1.1444909572601318
2014-01-14,TQQQ,158201,1.2100125551223755
2014-01-15,TQQQ,158201,1.2382758855819702
2014-01-16,TQQQ,158201,1.2408459186553955
2014-01-17,TQQQ,158201,1.2188080549240112
2014-01-21,TQQQ,158201,1.2460838556289673
2014-01-22,TQQQ,158201,1.257645606994629
2014-01-23,TQQQ,158201,1.2425260543823242
2014-01-24,TQQQ,158201,1.1689006090164185
2014-01-27,TQQQ,158201,1.1349050998687744
2014-01-28,TQQQ,158201,1.134509563446045
2014-01-29,TQQQ,158201,1.0987354516983032
2014-01-30,TQQQ,158201,1.1566468477249146
2014-01-31,TQQQ,158201,1.1485432386398315
2014-02-03,TQQQ,158201,1.0724482536315918
2014-02-04,TQQQ,158201,1.0933985710144043
2014-02-05,TQQQ,158201,1.0833187103271484
2014-02-06,TQQQ,158201,1.124825119972229
2014-02-07,TQQQ,158201,1.1845155954360962
2014-02-10,TQQQ,158201,1.20625638961792
2014-02-11,TQQQ,158201,1.247565746307373
2014-02-12,TQQQ,158201,1.2534953355789185
2014-02-13,TQQQ,158201,1.2857118844985962
2014-02-14,TQQQ,158201,1.2894675731658936
2014-02-18,TQQQ,158201,1.3096280097961426
2014-02-19,TQQQ,158201,1.2809683084487915
2014-02-20,TQQQ,158201,1.299547553062439
2014-02-21,TQQQ,158201,1.2928271293640137
2014-02-24,TQQQ,158201,1.3155573606491089
2014-02-25,TQQQ,158201,1.3108141422271729
2014-02-26,TQQQ,158201,1.3064647912979126
2014-02-27,TQQQ,158201,1.3321601152420044
2014-02-28,TQQQ,158201,1.3254393339157104
2014-03-03,TQQQ,158201,1.2963850498199463
2014-03-04,TQQQ,158201,1.3485645055770874
2014-03-05,TQQQ,158201,1.3596333265304565
2014-03-06,TQQQ,158201,1.3544937372207642
2014-03-07,TQQQ,158201,1.3351247310638428
2014-03-10,TQQQ,158201,1.3378911018371582
2014-03-11,TQQQ,158201,1.321288824081421
2014-03-12,TQQQ,158201,1.33611261844635
2014-03-13,TQQQ,158201,1.2793875932693481
2014-03-14,TQQQ,158201,1.2530994415283203
2014-03-17,TQQQ,158201,1.2865031957626343
2014-03-18,TQQQ,158201,1.3327531814575195
2014-03-19,TQQQ,158201,1.3108141422271729
2014-03-20,TQQQ,158201,1.3210912942886353
2014-03-21,TQQQ,158201,1.2726670503616333
2014-03-24,TQQQ,158201,1.2406474351882935
2014-03-25,TQQQ,158201,1.2521119117736816
2014-03-26,TQQQ,158201,1.2044777870178223
2014-03-27,TQQQ,158201,1.1831315755844116
2014-03-28,TQQQ,158201,1.1908400058746338
2014-03-31,TQQQ,158201,1.2145576477050781
2014-04-01,TQQQ,158201,1.2803751230239868
2014-04-02,TQQQ,158201,1.2904552221298218
2014-04-03,TQQQ,158201,1.2600175142288208
2014-04-04,TQQQ,158201,1.1600065231323242
2014-04-07,TQQQ,158201,1.125220537185669
2014-04-08,TQQQ,158201,1.1566468477249146
2014-04-09,TQQQ,158201,1.2159419059753418
2014-04-10,TQQQ,158201,1.103676438331604
2014-04-11,TQQQ,158201,1.0651344060897827
2014-04-14,TQQQ,158201,1.0890510082244873
2014-04-15,TQQQ,158201,1.0999212265014648
2014-04-16,TQQQ,158201,1.1426136493682861
2014-04-17,TQQQ,158201,1.1432064771652222
2014-04-21,TQQQ,158201,1.1690988540649414
2014-04-22,TQQQ,158201,1.1977577209472656
2014-04-23,TQQQ,158201,1.1651455163955688
2014-04-24,TQQQ,158201,1.199536681175232
2014-04-25,TQQQ,158201,1.1416248083114624
2014-04-28,TQQQ,158201,1.1538795232772827
2014-04-29,TQQQ,158201,1.1793763637542725
2014-04-30,TQQQ,158201,1.1898521184921265
2014-05-01,TQQQ,158201,1.2005254030227661
2014-05-02,TQQQ,158201,1.1945956945419312
2014-05-05,TQQQ,158201,1.2115932703018188
2014-05-06,TQQQ,158201,1.1647502183914185
2014-05-07,TQQQ,158201,1.1542755365371704
2014-05-08,TQQQ,158201,1.1503219604492188
2014-05-09,TQQQ,158201,1.163762092590332
2014-05-12,TQQQ,158201,1.2204872369766235
2014-05-13,TQQQ,158201,1.223057508468628
2014-05-14,TQQQ,158201,1.2048732042312622
2014-05-15,TQQQ,158201,1.1770048141479492
2014-05-16,TQQQ,158201,1.1989436149597168
2014-05-19,TQQQ,158201,1.2246379852294922
2014-05-20,TQQQ,158201,1.2111982107162476
2014-05-21,TQQQ,158201,1.2453911304473877
2014-05-22,TQQQ,158201,1.260807991027832
2014-05-23,TQQQ,158201,1.289072036743164
2014-05-27,TQQQ,158201,1.3374966382980347
2014-05-28,TQQQ,158201,1.3248465061187744
2014-05-29,TQQQ,158201,1.3517273664474487
2014-05-30,TQQQ,158201,1.350541591644287
2014-06-02,TQQQ,158201,1.3471810817718506
2014-06-03,TQQQ,158201,1.345205307006836
2014-06-04,TQQQ,158201,1.359435796737671
2014-06-05,TQQQ,158201,1.394814372062683
2014-06-06,TQQQ,158201,1.4173463582992554
2014-06-12,TQQQ,157956,1.3835484981536865
2014-06-13,TQQQ,157957,1.3930355310440063
2014-06-16,TQQQ,157957,1.3981746435165405
2014-06-17,TQQQ,157957,1.4001511335372925
2014-06-18,TQQQ,157957,1.4256478548049927
2014-06-19,TQQQ,157957,1.4201140403747559
2014-06-20,TQQQ,157957,1.4252533912658691
2014-06-23,TQQQ,157957,1.4268338680267334
2014-06-24,TQQQ,157957,1.4228814840316772
2014-06-25,TQQQ,157957,1.4490145444869995
2014-06-26,TQQQ,157957,1.4529682397842407
2014-06-27,TQQQ,157957,1.467398762702942
2014-06-30,TQQQ,157957,1.4782724380493164
2014-07-01,TQQQ,157957,1.5278898477554321
2014-07-09,TQQQ,159441,1.5280882120132446
2014-07-10,TQQQ,159442,1.513656735420227
2014-07-11,TQQQ,159442,1.5399495363235474
2014-07-14,TQQQ,159442,1.5694031715393066
2014-07-15,TQQQ,159442,1.552996277809143
2014-07-16,TQQQ,159442,1.5705894231796265
2014-07-17,TQQQ,159442,1.5079243183135986
2014-07-18,TQQQ,159442,1.5792876482009888
2014-07-21,TQQQ,159442,1.5735543966293335
2014-07-22,TQQQ,159442,1.6047886610031128
2014-07-23,TQQQ,159442,1.634837031364441
2014-07-24,TQQQ,159442,1.6291037797927856
2014-07-25,TQQQ,159442,1.6091370582580566
2014-07-28,TQQQ,159442,1.6111148595809937
2014-07-29,TQQQ,159442,1.603009819984436
2014-07-30,TQQQ,159442,1.6221846342086792
2014-07-31,TQQQ,159442,1.5233436822891235
2014-08-01,TQQQ,159442,1.5057494640350342
2014-08-04,TQQQ,159442,1.536588191986084
2014-08-05,TQQQ,159442,1.5006096363067627
2014-08-06,TQQQ,159442,1.498039960861206
2014-08-07,TQQQ,159442,1.4836090803146362
2014-08-08,TQQQ,159442,1.515238642692566
2014-08-11,TQQQ,159442,1.5427159070968628
2014-08-12,TQQQ,159442,1.5391576290130615
2014-08-13,TQQQ,159442,1.5891720056533813
2014-08-14,TQQQ,159442,1.6136841773986816
2014-08-15,TQQQ,159442,1.6356273889541626
2014-08-18,TQQQ,159442,1.675163984298706
2014-08-19,TQQQ,159442,1.704025149345398
2014-08-20,TQQQ,159442,1.704025149345398
2014-08-21,TQQQ,159442,1.7137119770050049
2014-08-22,TQQQ,159442,1.7204334735870361
2014-08-25,TQQQ,159442,1.739607810974121
2014-08-26,TQQQ,159442,1.745538592338562
2014-08-27,TQQQ,159442,1.745736837387085
2014-08-28,TQQQ,159442,1.7386201620101929
2014-08-29,TQQQ,159442,1.758981466293335
2014-09-02,TQQQ,159442,1.77360999584198
2014-09-04,TQQQ,161368,1.7376315593719482
2014-09-05,TQQQ,161369,1.7645161151885986
2014-09-08,TQQQ,161369,1.7734122276306152
2014-09-09,TQQQ,161369,1.7303177118301392
2014-09-10,TQQQ,161369,1.77044677734375
2014-09-11,TQQQ,161369,1.7690632343292236
2014-09-12,TQQQ,161369,1.74118971824646
2014-09-15,TQQQ,161369,1.6888041496276855
2014-09-16,TQQQ,161369,1.7344690561294556
2014-09-17,TQQQ,161369,1.7429686784744263
2014-09-18,TQQQ,161369,1.7805284261703491
2014-09-19,TQQQ,161369,1.7765752077102661
2014-09-22,TQQQ,161369,1.7283401489257812
2014-09-23,TQQQ,161369,1.713316559791565
2014-09-24,TQQQ,161369,1.7688658237457275
2014-09-25,TQQQ,161369,1.6565815210342407
2014-09-26,TQQQ,161369,1.7095608711242676
2014-09-29,TQQQ,161369,1.7038276195526123
2014-09-30,TQQQ,161369,1.7101539373397827
2014-10-01,TQQQ,161369,1.6283130645751953
2014-10-02,TQQQ,161369,1.6275217533111572
2014-10-03,TQQQ,161369,1.676547884941101
2014-10-06,TQQQ,161369,1.665082335472107
2014-10-07,TQQQ,161369,1.5947067737579346
2014-10-08,TQQQ,161369,1.6868268251419067
2014-10-09,TQQQ,161369,1.6028122901916504
2014-10-10,TQQQ,161369,1.4828182458877563
2014-10-13,TQQQ,161369,1.4134314060211182
2014-10-14,TECL,95841,2.3914427757263184
2014-10-15,TECL,95841,2.3485512733459473
2014-10-16,TECL,95841,2.3015763759613037
2014-10-17,TECL,95841,2.3914427757263184
2014-10-20,BSV,3620,61.713279724121094
2014-10-21,TQQQ,145341,1.5943113565444946
2014-10-22,TQQQ,145342,1.5696017742156982
2014-10-23,TQQQ,145342,1.6413601636886597
2014-10-24,TQQQ,145342,1.6791170835494995
2014-10-27,TQQQ,145342,1.6854435205459595
2014-10-28,TQQQ,145342,1.7607603073120117
2014-10-29,TQQQ,145342,1.739607810974121
2014-10-30,TQQQ,145342,1.7504812479019165
2014-10-31,TQQQ,145342,1.8226346969604492
2014-11-03,TQQQ,145342,1.8414150476455688
2014-11-04,TQQQ,145342,1.821844458580017
2014-11-05,TQQQ,145342,1.821647047996521
2014-11-06,TQQQ,145342,1.837263584136963
2014-11-07,TQQQ,145342,1.832716941833496
2014-11-10,TQQQ,145342,1.8514968156814575
2014-11-11,TQQQ,145342,1.8690906763076782
2014-11-12,TQQQ,145342,1.879370093345642
2014-11-13,TQQQ,145342,1.9034878015518188
2014-11-14,TQQQ,145342,1.9210807085037231
2014-11-17,TQQQ,145342,1.9030920267105103
2014-11-18,TQQQ,145342,1.945791482925415
2014-11-19,TQQQ,145342,1.9210807085037231
2014-11-20,TQQQ,145342,1.9465816020965576
2014-11-21,TQQQ,145342,1.9606176614761353
2014-11-24,TQQQ,145342,2.004899024963379
2014-11-26,TQQQ,144168,2.0525403022766113
2014-12-02,TQQQ,147204,2.02782940864563
2014-12-03,TQQQ,147205,2.0462141036987305
2014-12-04,TQQQ,147205,2.040086269378662
2014-12-05,TQQQ,147205,2.0414700508117676
2014-12-08,TQQQ,147205,1.9973865747451782
2014-12-09,TQQQ,147205,2.0167596340179443
2014-12-10,TQQQ,147205,1.9191040992736816
2014-12-11,TQQQ,147205,1.9491524696350098
2014-12-12,TQQQ,147205,1.8847078084945679
2014-12-15,TQQQ,147205,1.8281704187393188
2014-12-16,TQQQ,147205,1.7374341487884521
2014-12-17,TQQQ,147205,1.8307400941848755
2014-12-18,TQQQ,147205,1.9649664163589478
2014-12-19,TQQQ,147205,1.986909031867981
2014-12-22,TQQQ,147205,2.0052378177642822
2014-12-23,TQQQ,147205,1.9860584735870361
2014-12-24,TQQQ,147205,1.9902105331420898
2014-12-26,TQQQ,147205,2.0305449962615967
2014-12-29,TQQQ,147205,2.0309407711029053
2014-12-30,TQQQ,147205,1.9890246391296387
2014-12-31,TQQQ,147205,1.9267442226409912
2015-01-02,TQQQ,147205,1.9109272956848145
2015-01-05,TQQQ,147205,1.824920654296875
2015-01-06,TQQQ,147205,1.7525566816329956
2015-01-07,TQQQ,147205,1.8199772834777832
2015-01-08,TQQQ,147205,1.9237782955169678
2015-01-09,TQQQ,147205,1.884829044342041
2015-01-12,TQQQ,147205,1.8268976211547852
2015-01-13,TQQQ,147205,1.8253157138824463
2015-01-14,TQQQ,147205,1.7972402572631836
2015-01-15,TQQQ,147205,1.7258647680282593
2015-01-16,TQQQ,147205,1.7873539924621582
2015-01-20,TQQQ,147205,1.8268976211547852
2015-01-21,TQQQ,147205,1.854973316192627
2015-01-22,TQQQ,147205,1.9581809043884277
2015-01-23,TQQQ,147205,1.971230387687683
2015-01-26,TQQQ,147205,1.9668803215026855
2015-01-27,TQQQ,147205,1.8146388530731201
2015-01-28,TQQQ,147205,1.783400535583496
2015-01-29,TQQQ,147205,1.8350045680999756
2015-01-30,TQQQ,147205,1.7928904294967651
2015-02-02,TQQQ,147205,1.839946985244751
2015-02-03,TQQQ,147205,1.8901671171188354
2015-02-04,TQQQ,147205,1.8852237462997437
2015-02-05,TQQQ,147205,1.9352459907531738
2015-02-06,TQQQ,147205,1.9000523090362549
2015-02-09,TQQQ,147205,1.8790947198867798
2015-02-10,TQQQ,147205,1.9690555334091187
2015-02-11,TQQQ,147205,1.9911997318267822
2015-02-12,TQQQ,147205,2.060795545578003
2015-02-13,TQQQ,147205,2.112795352935791
2015-02-17,TQQQ,147205,2.1185295581817627
2015-02-18,TQQQ,147205,2.127624034881592
2015-02-19,TQQQ,147205,2.159654378890991
2015-02-20,TQQQ,147205,2.20117449760437
2015-02-23,TQQQ,147205,2.209873914718628
2015-02-24,TQQQ,147205,2.214421033859253
2015-02-25,TQQQ,147205,2.1966259479522705
2015-02-26,TQQQ,147205,2.230041265487671
2015-02-27,TQQQ,147205,2.2005808353424072
2015-03-02,TQQQ,147205,2.2598965167999268
2015-03-03,TQQQ,147205,2.227471113204956
2015-03-04,TQQQ,147205,2.202756881713867
2015-03-05,TQQQ,147205,2.2124440670013428
2015-03-06,TQQQ,147205,2.1363234519958496
2015-03-09,TQQQ,147205,2.1568853855133057
2015-03-10,TQQQ,147205,2.0374653339385986
2015-03-11,TQQQ,147205,2.0016796588897705
2015-03-12,TQQQ,147205,2.0400354862213135
2015-03-13,TQQQ,147205,2.0137388706207275
2015-03-16,TQQQ,147205,2.090848922729492
2015-03-17,TQQQ,147205,2.1025140285491943
2015-03-18,TQQQ,147205,2.163015604019165
2015-03-19,TQQQ,147205,2.1734936237335205
2015-03-20,TQQQ,147205,2.2185730934143066
2015-03-23,TQQQ,147205,2.1999881267547607
2015-03-24,TQQQ,147205,2.1776463985443115
2015-03-25,TQQQ,147205,2.0258045196533203
2015-03-26,TQQQ,147205,2.0091946125030518
2015-03-27,TQQQ,147205,2.0285730361938477
2015-03-30,TQQQ,147205,2.1015374660491943
2015-03-31,TQQQ,147205,2.036482334136963
2015-04-01,TQQQ,147205,2.0020759105682373
2015-04-02,TQQQ,147205,2.0054383277893066
2015-04-06,TQQQ,147205,2.053685426712036
2015-04-07,TQQQ,147205,2.044194221496582
2015-04-08,TQQQ,147205,2.092837333679199
2015-04-09,TQQQ,147205,2.131791830062866
2015-04-10,TQQQ,147205,2.157299041748047
2015-04-13,TQQQ,147205,2.141282320022583
2015-04-14,TQQQ,147205,2.1228930950164795
2015-04-15,TQQQ,147205,2.1604623794555664
2015-04-16,TQQQ,147205,2.1529486179351807
2015-04-17,TQQQ,147205,2.0523016452789307
2015-04-20,TQQQ,147205,2.144050359725952
2015-04-21,TQQQ,147205,2.1715357303619385
2015-04-22,TQQQ,147205,2.206733226776123
2015-04-23,TQQQ,147205,2.233229637145996
2015-04-24,TQQQ,147205,2.320629119873047
2015-04-27,TQQQ,147205,2.3057985305786133
2015-04-28,TQQQ,147205,2.2907705307006836
2015-04-29,TQQQ,147205,2.247070789337158
2015-04-30,TQQQ,147205,2.1414802074432373
2015-05-01,TQQQ,147205,2.228088855743408
2015-05-04,TQQQ,147205,2.235996961593628
2015-05-05,TQQQ,147205,2.1300110816955566
2015-05-06,TQQQ,147205,2.0845324993133545
2015-05-07,TQQQ,147205,2.12032151222229
2015-05-08,TQQQ,147205,2.1980316638946533
2015-05-11,TQQQ,147205,2.1739091873168945
2015-05-12,TQQQ,147205,2.1458301544189453
2015-05-13,TQQQ,147205,2.1569035053253174
2015-05-14,TQQQ,147205,2.2524099349975586
2015-05-15,TQQQ,147205,2.2522127628326416
2015-05-18,TQQQ,147205,2.279895067214966
2015-05-19,TQQQ,147205,2.273369789123535
2015-05-20,TQQQ,147205,2.2771270275115967
2015-05-21,TQQQ,147205,2.3129172325134277
2015-05-22,TQQQ,147205,2.3065898418426514
2015-05-26,TQQQ,147205,2.2267041206359863
2015-05-27,TQQQ,147205,2.3338770866394043
2015-05-28,TQQQ,147205,2.316673994064331
2015-05-29,TQQQ,147205,2.277522087097168
2015-06-01,TQQQ,147205,2.2974936962127686
2015-06-02,TQQQ,147205,2.276533365249634
2015-06-03,TQQQ,147205,2.2965049743652344
2015-06-04,TQQQ,147205,2.2464776039123535
2015-06-05,TQQQ,147205,2.2294723987579346
2015-06-08,TQQQ,147205,2.161252975463867
2015-06-09,TQQQ,147205,2.1505751609802246
2015-06-10,TQQQ,147205,2.235799789428711
2015-06-11,TQQQ,147205,2.2480597496032715
2015-06-12,TQQQ,147205,2.1909139156341553
2015-06-15,TQQQ,147205,2.1606602668762207
2015-06-16,TQQQ,147205,2.1936817169189453
2015-06-17,TQQQ,147205,2.2120718955993652
2015-06-18,TQQQ,147205,2.305601119995117
2015-06-19,TQQQ,147205,2.2704036235809326
2015-06-22,TQQQ,147205,2.32517671585083
2015-06-23,TQQQ,147205,2.3309104442596436
2015-06-24,TQQQ,147205,2.295121192932129
2015-06-25,TQQQ,147205,2.2800934314727783
2015-06-26,TQQQ,147205,2.2377777099609375
2015-06-29,TQQQ,147205,2.079589366912842
2015-06-30,TQQQ,147205,2.1033174991607666
2015-07-01,TQQQ,147205,2.146422863006592
2015-07-02,TQQQ,147205,2.1545305252075195
2015-07-06,TQQQ,147205,2.136338949203491
2015-07-07,TQQQ,147205,2.147214412689209
2015-07-08,TQQQ,147205,2.0396459102630615
2015-07-09,TQQQ,147205,2.0337135791778564
2015-07-10,TQQQ,147205,2.128232002258301
2015-07-13,TQQQ,147205,2.236985921859741
2015-07-14,TQQQ,147205,2.2818729877471924
2015-07-15,TQQQ,147205,2.292747735977173
2015-07-16,TQQQ,147205,2.382322311401367
2015-07-17,TQQQ,147205,2.4912757873535156
2015-07-20,TQQQ,147205,2.519155979156494
2015-07-21,TQQQ,147205,2.512234687805176
2015-07-22,TQQQ,147205,2.429778575897217
2015-07-23,TQQQ,147205,2.400712013244629
2015-07-24,TQQQ,147205,2.3324928283691406
2015-07-27,TQQQ,147205,2.272578716278076
2015-07-28,TQQQ,147205,2.3324928283691406
2015-07-29,TQQQ,147205,2.358593702316284
2015-07-30,TQQQ,147205,2.3914177417755127
2015-07-31,TQQQ,147205,2.3841018676757812
2015-08-03,TQQQ,147205,2.3621532917022705
2015-08-04,TQQQ,147205,2.3469274044036865
2015-08-05,TQQQ,147205,2.401898145675659
2015-08-06,TQQQ,147205,2.286618709564209
2015-08-07,TQQQ,147205,2.277522087097168
2015-08-10,TQQQ,147205,2.3544416427612305
2015-08-11,TQQQ,147205,2.26466965675354
2015-08-12,TQQQ,147205,2.2846407890319824
2015-08-13,TQQQ,147205,2.2743589878082275
2015-08-14,TQQQ,147205,2.286618709564209
2015-08-17,TQQQ,147205,2.3427751064300537
2015-08-18,TQQQ,147205,2.3054027557373047
2015-08-19,TQQQ,147205,2.262098789215088
2015-08-20,TQQQ,147205,2.075831651687622
2015-08-21,TECL,99025,2.687819242477417
2015-08-24,TECL,99025,2.389172315597534
2015-08-25,TECL,99025,2.312014579772949
2015-08-26,TECL,99025,2.6524174213409424
2015-08-27,TECL,1,2.838503837585449
2015-08-28,BSV,4397,62.07695770263672
2015-09-03,BSV,4391,62.1684684753418
2015-09-04,BSV,4391,62.207305908203125
2015-09-08,BSV,4391,62.1529541015625
2015-09-09,BSV,4391,62.1684684753418
2015-09-10,BSV,4391,62.1529541015625
2015-09-11,BSV,4391,62.207305908203125
2015-09-14,BSV,4391,62.183963775634766
2015-09-15,TECL,97599,2.880260467529297
2015-09-16,TECL,97599,2.913846492767334
2015-09-17,TECL,97599,2.8521203994750977
2015-09-18,TECL,97599,2.74137544631958
2015-09-21,TECL,97599,2.824887752532959
2015-09-22,TECL,97599,2.6914498805999756
2015-09-23,BSV,4231,62.28485107421875
2015-09-24,BSV,4231,62.27708435058594
2015-09-25,BSV,4231,62.246070861816406
2015-09-28,BSV,4231,62.2926025390625
2015-09-29,TECL,104297,2.479039430618286
2015-09-30,TECL,104297,2.6161081790924072
2015-10-01,TECL,1,2.6206469535827637
2015-10-01,BSV,4409,62.367881774902344
2015-10-02,BSV,4409,62.515438079833984
2015-10-05,BSV,4409,62.44550704956055
2015-10-06,TECL,95456,2.9038615226745605
2015-10-07,TECL,95456,2.9401707649230957
2015-10-08,TECL,95456,2.9900963306427
2015-10-09,TECL,95456,3.0218682289123535
2015-10-12,TECL,95456,3.0336685180664062
2015-10-13,TECL,95456,3.011882781982422
2015-10-14,TECL,95456,3.000081777572632
2015-10-15,TECL,95456,3.1044719219207764
2015-10-16,TECL,95456,3.1307966709136963
2015-10-21,TECL,93703,3.0636229515075684
2015-10-22,TECL,93703,3.2696807384490967
2015-10-23,TQQQ,140830,2.3309104442596436
2015-10-26,TQQQ,140830,2.337832450866699
2015-10-27,TQQQ,140830,2.353057861328125
2015-10-28,TQQQ,140830,2.407633066177368
2015-10-29,TQQQ,140830,2.3987350463867188
2015-10-30,TQQQ,140830,2.365910053253174
2015-11-02,TQQQ,140830,2.4465861320495605
2015-11-03,TQQQ,140830,2.4699201583862305
2015-11-04,TQQQ,140830,2.47090744972229
2015-11-05,TQQQ,140830,2.449158191680908
2015-11-06,TQQQ,140830,2.4572641849517822
2015-11-09,TQQQ,140830,2.3781700134277344
2015-11-10,TQQQ,140830,2.3613626956939697
2015-11-11,TQQQ,140830,2.3508825302124023
2015-11-12,TQQQ,140830,2.2826638221740723
2015-11-17,TQQQ,140326,2.245687961578369
2015-11-18,TQQQ,140326,2.37441349029541
2015-11-19,TQQQ,140326,2.377972364425659
2015-11-20,TQQQ,140326,2.4252307415008545
2015-11-23,TQQQ,140326,2.4056553840637207
2015-11-24,TQQQ,140326,2.398141860961914
2015-11-25,TQQQ,140326,2.403480052947998
2015-11-27,TQQQ,140326,2.4121806621551514
2015-11-30,TQQQ,140326,2.3969552516937256
2015-12-01,TQQQ,140326,2.468139410018921
2015-12-02,TQQQ,140326,2.4232535362243652
2015-12-03,TQQQ,140326,2.299669027328491
2015-12-04,TQQQ,140326,2.457659959793091
2015-12-07,TQQQ,140326,2.4276037216186523
2015-12-08,TQQQ,140326,2.427802324295044
2015-12-09,TQQQ,140326,2.3146965503692627
2015-12-10,TQQQ,140326,2.347520589828491
2015-12-11,TQQQ,140326,2.186563491821289
2015-12-17,TQQQ,127517,2.275149345397949
2015-12-24,TQQQ,123907,2.30283260345459
2015-12-28,TQQQ,123907,2.3022401332855225
2015-12-29,TQQQ,123907,2.4072372913360596
2015-12-30,TQQQ,123907,2.3457412719726562
2015-12-31,TQQQ,123907,2.2587380409240723
2016-01-08,TECL,91167,2.6968960762023926
2016-01-11,TECL,91167,2.747730016708374
2016-01-12,TECL,91167,2.838503837585449
2016-01-13,TECL,1,2.6215546131134033
2016-01-13,BSV,4230,62.3679313659668
2016-01-14,TECL,99444,2.767700433731079
2016-01-15,BSV,4184,62.41474533081055
2016-01-19,TECL,99724,2.536226987838745
2016-01-20,TECL,99724,2.47813081741333
2016-01-21,TECL,99724,2.5198874473571777
2016-01-22,TECL,99724,2.722313404083252
2016-01-25,BSV,4322,62.344566345214844
2016-01-26,BSV,4322,62.41474533081055
2016-01-27,BSV,4322,62.42253494262695
2016-01-28,BSV,4322,62.46929168701172
2016-01-29,BSV,4322,62.53950119018555
2016-02-01,BSV,4322,62.487979888916016
2016-02-02,TECL,94217,2.756808042526245
2016-02-03,BSV,4188,62.66755676269531
2016-02-04,BSV,4188,62.706573486328125
2016-02-05,BSV,4188,62.67534637451172
2016-02-08,BSV,4188,62.769039154052734
2016-02-09,TECL,113241,2.3764641284942627
2016-02-10,TECL,113241,2.3937113285064697
2016-02-11,TECL,113241,2.3710176944732666
2016-02-12,TECL,113241,2.4690544605255127
2016-02-16,TECL,1,2.6024913787841797
2016-02-16,BSV,4618,62.69096374511719
2016-02-17,BSV,4618,62.65974426269531
2016-02-18,TECL,102324,2.72775936126709
2016-02-19,TECL,102324,2.7368369102478027
2016-02-22,TECL,102324,2.842135429382324
2016-02-23,TECL,102324,2.7096052169799805
2016-02-24,TECL,102324,2.7740542888641357
2016-02-25,TECL,102324,2.8757219314575195
2016-02-26,TECL,102324,2.8521203994750977
2016-02-29,TECL,102324,2.8003785610198975
2016-03-01,TECL,102324,3.036391496658325
2016-03-04,TECL,100276,3.083594560623169
2016-03-07,TECL,100276,3.0318522453308105
2016-03-08,TECL,100276,2.9764811992645264
2016-03-09,TECL,100276,3.0472843647003174
2016-03-10,TECL,100276,3.0445611476898193
2016-03-11,TECL,100276,3.1834452152252197
2016-03-14,TECL,1,3.196153163909912
2016-03-14,TQQQ,170808,1.8769093751907349
2016-03-15,TQQQ,170810,1.8757230043411255
2016-03-16,TQQQ,170810,1.923575758934021
2016-03-17,TQQQ,170810,1.9180384874343872
2016-03-18,TQQQ,170810,1.9291118383407593
2016-03-21,TQQQ,170810,1.9520494937896729
2016-03-22,TQQQ,170810,1.969449520111084
2016-03-23,TQQQ,170810,1.9225865602493286
2016-03-24,TQQQ,170810,1.9219932556152344
2016-03-28,TQQQ,170810,1.915071964263916
2016-03-29,TQQQ,170810,2.006624460220337
2016-03-30,TQQQ,170810,2.036679983139038
2016-03-31,TQQQ,170810,2.024815559387207
2016-04-01,TQQQ,170810,2.0922436714172363
2016-04-04,TQQQ,170810,2.066340684890747
2016-04-05,TQQQ,170810,2.010777235031128
2016-04-06,TQQQ,170810,2.1070737838745117
2016-04-07,TQQQ,170810,2.01611590385437
2016-04-08,TQQQ,170810,2.0113706588745117
2016-04-11,TQQQ,170810,1.9898163080215454
2016-04-12,TQQQ,170810,2.036284923553467
2016-04-13,TQQQ,170810,2.115774393081665
2016-04-14,TQQQ,170810,2.1171581745147705
2016-04-15,TQQQ,170810,2.100944995880127
2016-04-18,TQQQ,170810,2.131988763809204
2016-04-19,TQQQ,170810,2.095210075378418
2016-04-20,TQQQ,170810,2.100351333618164
2016-04-21,TQQQ,170810,2.100944995880127
2016-04-22,TQQQ,170810,2.0058329105377197
2016-04-25,TQQQ,170810,2.004251480102539
2016-04-26,TQQQ,170810,1.9767650365829468
2016-04-27,TQQQ,170810,1.9293087720870972
2016-04-28,TQQQ,170810,1.8608927726745605
2016-04-29,TQQQ,170810,1.8312324285507202
2016-05-02,TQQQ,170810,1.8796781301498413
2016-05-03,TQQQ,170810,1.8296502828598022
2016-05-04,TQQQ,170810,1.7934645414352417
2016-05-05,TQQQ,170810,1.7924766540527344
2016-05-06,TQQQ,170810,1.8183791637420654
2016-05-09,TQQQ,170810,1.8343958854675293
2016-05-10,TQQQ,170810,1.911315679550171
2016-05-11,TQQQ,170810,1.859113097190857
2016-05-12,TQQQ,170810,1.8330119848251343
2016-05-13,TQQQ,170810,1.8108655214309692
2016-05-16,TQQQ,170810,1.8806657791137695
2016-05-17,TQQQ,170810,1.8084931373596191
2016-05-18,TQQQ,170810,1.829056978225708
2016-05-19,TQQQ,170810,1.8001881837844849
2016-05-20,TQQQ,170810,1.8602993488311768
2016-05-23,TQQQ,170810,1.8512040376663208
2016-05-24,TQQQ,170810,1.96450674533844
2016-05-25,TQQQ,170810,2.006822109222412
2016-05-26,TQQQ,170810,2.0236289501190186
2016-05-27,TQQQ,170810,2.0540809631347656
2016-05-31,TQQQ,170810,2.066340684890747
2016-06-01,TQQQ,170810,2.067131519317627
2016-06-02,TQQQ,170810,2.0787971019744873
2016-06-03,TQQQ,170810,2.050323486328125
2016-06-06,TQQQ,170810,2.0722718238830566
2016-06-07,TQQQ,170810,2.057640552520752
2016-06-08,TQQQ,170810,2.0667359828948975
2016-06-09,TQQQ,170810,2.057640552520752
2016-06-10,TQQQ,170810,1.9884326457977295
2016-06-13,TQQQ,170810,1.937416434288025
2016-06-14,TQQQ,170810,1.9384061098098755
2016-06-15,TQQQ,170810,1.921004056930542
2016-06-16,TQQQ,170810,1.934846043586731
2016-06-17,TQQQ,170810,1.8686046600341797
2016-06-20,TQQQ,170810,1.9022200107574463
2016-06-21,TQQQ,170810,1.921202540397644
2016-06-22,TQQQ,170810,1.908745288848877
2016-06-23,TQQQ,170810,1.9892233610153198
2016-06-24,TQQQ,170810,1.7456130981445312
2016-06-27,TQQQ,170810,1.6439763307571411
2016-06-28,TQQQ,1,1.7469967603683472
2016-06-28,TECL,96361,3.0563621520996094
2016-06-29,TQQQ,167553,1.8377575874328613
2016-06-30,TQQQ,167555,1.9045926332473755
2016-07-01,TQQQ,167555,1.9306938648223877
2016-07-05,TQQQ,167555,1.8964852094650269
2016-07-06,TQQQ,167555,1.9411734342575073
2016-07-07,TQQQ,167555,1.9595627784729004
2016-07-08,TQQQ,167555,2.050126075744629
2016-07-11,TQQQ,167555,2.085125684738159
2016-07-12,TQQQ,167555,2.1179492473602295
2016-07-13,TQQQ,167555,2.103118896484375
2016-07-14,TQQQ,167555,2.1458301544189453
2016-07-15,TQQQ,167555,2.133768320083618
2016-07-18,TQQQ,167555,2.1762821674346924
2016-07-19,TQQQ,167555,2.1537392139434814
2016-07-20,TQQQ,167555,2.2274951934814453
2016-07-21,TQQQ,167555,2.214247703552246
2016-07-22,TQQQ,167555,2.2399518489837646
2016-07-25,TQQQ,167555,2.241929292678833
2016-07-26,TQQQ,167555,2.249443769454956
2016-07-27,TQQQ,167555,2.2933409214019775
2016-07-28,TQQQ,167555,2.31825590133667
2016-07-29,TQQQ,167555,2.333482027053833
2016-08-01,TQQQ,167555,2.3700623512268066
2016-08-02,TQQQ,167555,2.316673994064331
2016-08-03,TQQQ,167555,2.3386223316192627
2016-08-04,TQQQ,167555,2.359583616256714
2016-08-05,TQQQ,167555,2.427802324295044
2016-08-08,TQQQ,167555,2.420090436935425
2016-08-09,TQQQ,167555,2.4361066818237305
2016-08-10,TQQQ,167555,2.4173219203948975
2016-08-11,TQQQ,167555,2.4485645294189453
2016-08-12,TQQQ,167555,2.453111171722412
2016-08-15,TQQQ,167555,2.4839587211608887
2016-08-16,TQQQ,167555,2.4448065757751465
2016-08-17,TQQQ,167555,2.456275701522827
2016-08-18,TQQQ,167555,2.458648443222046
2016-08-19,TQQQ,167555,2.455286979675293
2016-08-22,TQQQ,167555,2.457659959793091
2016-08-23,TQQQ,167555,2.472292900085449
2016-08-24,TQQQ,167555,2.424637794494629
2016-08-25,TQQQ,167555,2.4131689071655273
2016-08-26,TQQQ,167555,2.424835681915283
2016-08-29,TQQQ,167555,2.43155837059021
2016-08-30,TQQQ,167555,2.409609317779541
2016-08-31,TQQQ,167555,2.4032819271087646
2016-09-01,TQQQ,167555,2.4139599800109863
2016-09-02,TQQQ,167555,2.4422364234924316
2016-09-06,TQQQ,167555,2.487517833709717
2016-09-07,TQQQ,167555,2.492065906524658
2016-09-08,TQQQ,167555,2.449354648590088
2016-09-09,TQQQ,167555,2.2636806964874268
2016-09-12,TQQQ,167555,2.379751682281494
2016-09-13,TQQQ,167555,2.323594808578491
2016-09-14,TQQQ,167555,2.3534529209136963
2016-09-15,TQQQ,167555,2.4626030921936035
2016-09-16,TQQQ,167555,2.4598348140716553
2016-09-19,TQQQ,167555,2.4276037216186523
2016-09-20,TQQQ,167555,2.441049575805664
2016-09-21,TQQQ,167555,2.512037754058838
2016-09-22,TQQQ,167555,2.5707647800445557
2016-09-23,TQQQ,167555,2.5244948863983154
2016-09-26,TQQQ,167555,2.4618122577667236
2016-09-27,TQQQ,167555,2.531613826751709
2016-09-28,TQQQ,167555,2.545454978942871
2016-09-29,TQQQ,167555,2.4914729595184326
2016-09-30,TQQQ,167555,2.5426859855651855
2016-10-03,TQQQ,167555,2.536951780319214
2016-10-04,TQQQ,167555,2.5225167274475098
2016-10-05,TQQQ,167555,2.548816442489624
2016-10-06,TQQQ,167555,2.5448617935180664
2016-10-07,TQQQ,167555,2.5282514095306396
2016-10-10,TQQQ,167555,2.5735323429107666
2016-10-11,TQQQ,167555,2.467151403427124
2016-10-12,TQQQ,167555,2.4620094299316406
2016-10-13,TQQQ,167555,2.433140277862549
2016-10-14,TQQQ,167555,2.4386770725250244
2016-10-17,TQQQ,167555,2.4218695163726807
2016-10-18,TQQQ,167555,2.4839587211608887
2016-10-19,TQQQ,167555,2.484947443008423
2016-10-20,TQQQ,167555,2.4744672775268555
2016-10-21,TQQQ,167555,2.501359224319458
2016-10-24,TQQQ,167555,2.592515230178833
2016-10-25,TQQQ,167555,2.566612720489502
2016-10-26,TQQQ,167555,2.517376184463501
2016-10-27,TQQQ,167555,2.4821786880493164
2016-10-28,TQQQ,167555,2.439270496368408
2016-10-31,TQQQ,167555,2.425429105758667
2016-11-01,TQQQ,167555,2.3755998611450195
2016-11-02,TQQQ,167555,2.3137073516845703
2016-11-03,TQQQ,167555,2.247070789337158
2016-11-04,TQQQ,167555,2.2215628623962402
2016-11-07,TQQQ,167555,2.380740165710449
2016-11-08,TQQQ,167555,2.4274063110351562
2016-11-09,TQQQ,167555,2.461416244506836
2016-11-10,TQQQ,167555,2.3443572521209717
2016-11-11,TQQQ,167555,2.3423798084259033
2016-11-14,TQQQ,167555,2.2632851600646973
2016-11-15,TQQQ,167555,2.3680856227874756
2016-11-16,TQQQ,167555,2.406644344329834
2016-11-17,TQQQ,167555,2.4624056816101074
2016-11-18,TQQQ,167555,2.4347221851348877
2016-11-21,TQQQ,167555,2.507884979248047
2016-11-22,TQQQ,167555,2.5304272174835205
2016-11-23,TQQQ,167555,2.4999747276306152
2016-11-25,TQQQ,167555,2.524099111557007
2016-11-28,TQQQ,167555,2.5100598335266113
2016-11-29,TQQQ,167555,2.5341835021972656
2016-11-30,TQQQ,167555,2.4521236419677734
2016-12-01,TQQQ,167555,2.317465305328369
2016-12-02,TQQQ,167555,2.326758861541748
2016-12-05,TQQQ,167555,2.3805432319641113
2016-12-06,TQQQ,167555,2.3977458477020264
2016-12-07,TQQQ,167555,2.486726760864258
2016-12-08,TQQQ,167555,2.5019524097442627
2016-12-09,TQQQ,167555,2.5604822635650635
2016-12-13,TQQQ,165104,2.623560905456543
2016-12-15,TQQQ,165525,2.620198965072632
2016-12-16,TQQQ,165526,2.588362693786621
2016-12-19,TQQQ,165526,2.6200015544891357
2016-12-20,TQQQ,165526,2.651639223098755
2016-12-21,TQQQ,165526,2.6423442363739014
2016-12-22,TQQQ,165526,2.619408369064331
2016-12-23,TQQQ,165526,2.6275148391723633
2016-12-27,TQQQ,165526,2.6658761501312256
2016-12-28,TQQQ,165526,2.604182481765747
2016-12-29,TQQQ,165526,2.5915277004241943
2016-12-30,TQQQ,165526,2.515793800354004
2017-01-03,TQQQ,165526,2.5766971111297607
2017-01-04,TQQQ,165526,2.6205942630767822
2017-01-05,TQQQ,165526,2.667062282562256
2017-01-06,TQQQ,165526,2.7346878051757812
2017-01-09,TQQQ,165526,2.76237154006958
2017-01-10,TQQQ,165526,2.7781894207000732
2017-01-11,TQQQ,165526,2.7995450496673584
2017-01-12,TQQQ,165526,2.7853076457977295
2017-01-13,TQQQ,165526,2.8173410892486572
2017-01-17,TQQQ,165526,2.7908453941345215
2017-01-18,TQQQ,165526,2.809828042984009
2017-01-19,TQQQ,165526,2.8023128509521484
2017-01-20,TQQQ,165526,2.820505380630493
2017-01-23,TQQQ,165526,2.8268322944641113
2017-01-24,TQQQ,165526,2.885758638381958
2017-01-25,TQQQ,165526,2.969993829727173
2017-01-31,TQQQ,169768,2.912254571914673
2017-02-01,TQQQ,169769,2.967621088027954
2017-02-02,TQQQ,169769,2.960106611251831
2017-02-03,TQQQ,169769,2.985812187194824
2017-02-06,TQQQ,169769,2.996885299682617
2017-02-07,TQQQ,169769,3.0277323722839355
2017-02-08,TQQQ,169769,3.044738292694092
2017-02-09,TQQQ,169769,3.076375722885132
2017-02-10,TQQQ,169769,3.1068263053894043
2017-02-13,TQQQ,169769,3.1614015102386475
2017-03-01,TQQQ,159315,3.4089677333831787
2017-03-03,TQQQ,161665,3.3725836277008057
2017-03-06,TQQQ,161665,3.3492510318756104
2017-03-07,TQQQ,161665,3.332641124725342
2017-03-08,TQQQ,161665,3.349646806716919
2017-03-09,TQQQ,161665,3.359928846359253
2017-03-10,TQQQ,161665,3.396707534790039
2017-03-13,TQQQ,161665,3.4164810180664062
2017-03-14,TQQQ,161665,3.3911709785461426
2017-03-15,TQQQ,161665,3.4504923820495605
2017-03-16,TQQQ,161665,3.4485137462615967
2017-03-17,TQQQ,161665,3.440208911895752
2017-03-20,TQQQ,161665,3.4504923820495605
2017-03-21,TQQQ,161665,3.2966532707214355
2017-03-22,TQQQ,161665,3.361510992050171
2017-03-23,TQQQ,161665,3.3346188068389893
2017-03-24,TQQQ,161665,3.3528103828430176
2017-03-27,TQQQ,161665,3.3706068992614746
2017-03-28,TQQQ,161665,3.433882236480713
2017-03-29,TQQQ,161665,3.479361057281494
2017-03-30,TQQQ,161665,3.496762990951538
2017-03-31,TQQQ,161665,3.488456964492798
2017-04-03,TQQQ,161665,3.4809436798095703
2017-04-04,TQQQ,161665,3.496762990951538
2017-04-05,TQQQ,161665,3.4568192958831787
2017-04-06,TQQQ,161665,3.459587574005127
2017-04-07,TQQQ,161665,3.4556329250335693
2017-04-10,TQQQ,161665,3.459587574005127
2017-04-11,TQQQ,161665,3.416085958480835
2017-04-12,TQQQ,161665,3.371002435684204
2017-04-13,TQQQ,161665,3.331058979034424
2017-04-17,TQQQ,161665,3.410154104232788
2017-04-18,TQQQ,161665,3.4002671241760254
2017-04-19,TQQQ,161665,3.412130832672119
2017-04-20,TQQQ,161665,3.4947848320007324
2017-04-21,TQQQ,161665,3.4932031631469727
2017-04-24,TQQQ,161665,3.6201491355895996
2017-04-25,TQQQ,161665,3.700430154800415
2017-04-26,TQQQ,161665,3.684215784072876
2017-04-27,TQQQ,161665,3.7486772537231445
2017-04-28,TQQQ,161665,3.7700326442718506
2017-05-01,TQQQ,161665,3.864945650100708
2017-05-04,TQQQ,162572,3.853477954864502
2017-05-05,TQQQ,162572,3.895397663116455
2017-05-08,TQQQ,162572,3.9187307357788086
2017-05-09,UVXY,1,621500.0
2017-05-10,UVXY,1,625500.0
2017-05-11,UVXY,1,622000.0
2017-05-12,UVXY,1,620500.0
2017-05-15,UVXY,1,593000.0
2017-05-16,UVXY,1,581500.0
2017-05-17,UVXY,1,792500.0
2017-05-18,TQQQ,216417,3.8594095706939697
2017-05-19,TQQQ,216417,3.9060771465301514
2017-05-22,TQQQ,216417,4.007316589355469
2017-05-23,TQQQ,216417,4.017203330993652
2017-05-24,TQQQ,216417,4.072568893432617
2017-05-25,TQQQ,216417,4.179741382598877
2017-05-26,TQQQ,216417,4.197537899017334
2017-05-30,TQQQ,216417,4.206238746643066
2017-05-31,TQQQ,216417,4.201096534729004
2017-06-01,TQQQ,216417,4.251322269439697
2017-06-02,TQQQ,216417,4.396460056304932
2017-06-05,UVXY,1,529000.0
2017-06-06,TQQQ,219374,4.3430705070495605
2017-06-07,TQQQ,219374,4.390528202056885
2017-06-08,TQQQ,219374,4.4023919105529785
2017-06-09,TQQQ,219374,4.084038257598877
2017-06-12,TQQQ,219374,4.010085105895996
2017-06-13,TQQQ,219374,4.103811740875244
2017-06-14,TQQQ,219374,4.048839569091797
2017-06-15,TQQQ,219374,3.9942643642425537
2017-06-16,TQQQ,219374,3.946413516998291
2017-06-19,TQQQ,219374,4.13742733001709
2017-06-20,TQQQ,219374,4.043700218200684
2017-06-21,TQQQ,219374,4.161154747009277
2017-06-22,TQQQ,219374,4.156408786773682
2017-06-23,TQQQ,219374,4.203073978424072
2017-06-26,TQQQ,219374,4.147312641143799
2017-06-27,TQQQ,219374,3.919126510620117
2017-06-28,TQQQ,219374,4.083642482757568
2017-06-29,TQQQ,219374,3.8756237030029297
2017-06-30,TQQQ,219374,3.862178087234497
2017-07-03,TQQQ,219374,3.756981611251831
2017-07-05,TQQQ,219375,3.8641557693481445
2017-07-06,TQQQ,219375,3.7621240615844727
2017-07-07,TQQQ,219375,3.87483286857605
2017-07-10,TQQQ,219375,3.955904960632324
2017-07-11,TQQQ,219375,3.9883334636688232
2017-07-12,TQQQ,219375,4.130308151245117
2017-07-13,TQQQ,219375,4.157595157623291
2017-07-14,TQQQ,219375,4.255276679992676
2017-07-17,TQQQ,219375,4.257649898529053
2017-07-18,TQQQ,219375,4.342281341552734
2017-07-19,TQQQ,219375,4.4217705726623535
2017-07-20,TQQQ,219375,4.438380241394043
2017-07-21,TQQQ,219375,4.431657791137695
2017-07-24,TQQQ,219375,4.489396095275879
2017-07-25,TQQQ,219375,4.459339141845703
2017-07-26,TQQQ,219375,4.4992828369140625
2017-07-27,TQQQ,219375,4.419000625610352
2017-07-28,TQQQ,219375,4.404766082763672
2017-07-31,TQQQ,219375,4.347421646118164
2017-08-01,TQQQ,219375,4.375896453857422
2017-08-02,TQQQ,219375,4.407929420471191
2017-08-03,TQQQ,219375,4.362053394317627
2017-08-04,TQQQ,219375,4.379059314727783
2017-08-07,TQQQ,219375,4.456573486328125
2017-08-08,TQQQ,219375,4.439962863922119
2017-08-09,TQQQ,219375,4.422561168670654
2017-08-10,TQQQ,219375,4.135448455810547
2017-08-11,TQQQ,219375,4.2299675941467285
2017-08-14,TQQQ,219375,4.394484043121338
2017-08-15,TQQQ,219375,4.4023919105529785
2017-08-16,TQQQ,219375,4.42533016204834
2017-08-17,TQQQ,219375,4.153244495391846
2017-08-18,TQQQ,219375,4.138612747192383
2017-08-21,TQQQ,219375,4.13109827041626
2017-08-22,TQQQ,219375,4.314992427825928
2017-08-23,TQQQ,219375,4.266746520996094
2017-08-24,TQQQ,219375,4.231153964996338
2017-08-25,TQQQ,219375,4.202680587768555
2017-08-28,TQQQ,219375,4.239457130432129
2017-08-29,TQQQ,219375,4.291661262512207
2017-08-30,TQQQ,219375,4.440357685089111
2017-08-31,TQQQ,219375,4.566513538360596
2017-09-01,TQQQ,219375,4.563349723815918
2017-09-05,TQQQ,219375,4.441148281097412
2017-09-06,TQQQ,219375,4.479509353637695
2017-09-07,TQQQ,219375,4.507192611694336
2017-09-08,TQQQ,219375,4.396064281463623
2017-09-11,TQQQ,219375,4.536062240600586
2017-09-12,TQQQ,219375,4.574422836303711
2017-09-13,TQQQ,219375,4.593405723571777
2017-09-14,TQQQ,219375,4.51589298248291
2017-09-15,TQQQ,219375,4.552276134490967
2017-09-18,TQQQ,219375,4.541203022003174
2017-09-19,TQQQ,219375,4.560581207275391
2017-09-20,TQQQ,219375,4.522616386413574
2017-09-21,TQQQ,219375,4.435611248016357
2017-09-22,TQQQ,219375,4.424538612365723
2017-09-25,TQQQ,219375,4.28572940826416
2017-09-26,TQQQ,219375,4.314992427825928
2017-09-27,TQQQ,219375,4.4320526123046875
2017-09-28,TQQQ,219375,4.424538612365723
2017-09-29,TQQQ,219375,4.518265724182129
2017-10-02,TQQQ,219375,4.53092098236084
2017-10-03,TQQQ,219375,4.559394359588623
2017-10-04,UVXY,4,246875.0
2017-10-05,UVXY,4,230125.0
2017-10-06,UVXY,4,230250.0
2017-10-09,UVXY,4,239750.0
2017-10-10,TQQQ,196083,4.717978477478027
2017-10-11,TQQQ,196083,4.759109020233154
2017-10-12,UVXY,4,217000.0
2017-10-13,TQQQ,186395,4.786396026611328
2017-10-16,TQQQ,186395,4.83582878112793
2017-10-17,TQQQ,186395,4.852834701538086
2017-10-18,TQQQ,186395,4.83424711227417
2017-10-19,TQQQ,186395,4.780858516693115
2017-10-20,UVXY,4,190750.0
2017-10-23,UVXY,4,203000.0
2017-10-24,TQQQ,193238,4.750012397766113
2017-10-25,TQQQ,193238,4.692272186279297
2017-10-26,TQQQ,193238,4.648772716522217
2017-10-27,TQQQ,193238,5.049385070800781
2017-10-30,TQQQ,193238,5.085372447967529
2017-10-31,TQQQ,193238,5.139155864715576
2017-11-01,TQQQ,193238,5.13243293762207
2017-11-02,TQQQ,193238,5.106332302093506
2017-11-03,TQQQ,193238,5.248702526092529
2017-11-06,TQQQ,193238,5.302091598510742
2017-11-07,TQQQ,193238,5.310791969299316
2017-11-08,TQQQ,193238,5.377230167388916
2017-11-09,UVXY,5,192000.0
2017-11-10,TQQQ,187589,5.2894368171691895
2017-11-13,TQQQ,187589,5.305254936218262
2017-11-14,TQQQ,187589,5.251866340637207
2017-11-15,TQQQ,187589,5.17474889755249
2017-11-16,TQQQ,187589,5.368529796600342
2017-11-17,TQQQ,187589,5.3084187507629395
2017-11-20,TQQQ,187589,5.295368194580078
2017-11-21,TQQQ,187589,5.46225643157959
2017-11-22,TQQQ,187589,5.484008312225342
2017-11-24,TQQQ,187589,5.5457024574279785
2017-11-27,TQQQ,187589,5.536605358123779
2017-11-28,TQQQ,187589,5.5773396492004395
2017-11-29,TQQQ,187589,5.290622234344482
2017-11-30,TQQQ,187589,5.421919345855713
2017-12-01,UVXY,5,177375.0
2017-12-04,TQQQ,173191,5.164863109588623
2017-12-05,TQQQ,173191,5.1723761558532715
2017-12-06,TQQQ,173191,5.240792274475098
2017-12-07,TQQQ,173191,5.292599201202393
2017-12-08,TQQQ,173191,5.362597942352295
2017-12-11,TQQQ,173191,5.48559045791626
2017-12-12,TQQQ,173191,5.465025901794434
2017-12-13,TQQQ,173191,5.492312908172607
2017-12-14,TQQQ,173191,5.484402179718018
2017-12-15,TQQQ,173191,5.662761211395264
2017-12-18,TQQQ,173191,5.808295249938965
2017-12-19,TQQQ,173191,5.713776111602783
2017-12-20,TQQQ,173191,5.690049648284912
2017-12-21,TQQQ,173191,5.687279224395752
2017-12-22,TQQQ,173191,5.66829776763916
2017-12-26,TQQQ,173191,5.576549053192139
2017-12-27,TQQQ,173191,5.576549053192139
2017-12-28,TQQQ,173191,5.591576099395752
2017-12-29,TQQQ,173191,5.48598575592041
2018-01-02,TQQQ,173191,5.767561435699463
2018-01-03,TQQQ,173191,5.936427116394043
2018-01-04,TQQQ,173191,5.971230506896973
2018-01-05,TQQQ,173191,6.151564598083496
2018-01-08,UVXY,9,109625.0
2018-01-09,UVXY,9,112000.0
2018-01-10,UVXY,9,109750.0
2018-01-11,UVXY,9,108375.0
2018-01-12,UVXY,9,108375.0
2018-01-16,UVXY,9,121875.0
2018-01-17,TQQQ,174139,6.58935022354126
2018-01-18,UVXY,9,117875.0
2018-01-19,UVXY,9,116750.0
2018-01-22,UVXY,9,111500.0
2018-01-23,UVXY,9,115625.0
2018-01-24,UVXY,9,121250.0
2018-01-25,UVXY,9,125750.0
2018-01-26,UVXY,9,124000.0
2018-01-29,UVXY,9,141625.0
2018-01-30,TQQQ,205371,6.920362949371338
2018-01-31,TQQQ,205371,7.005783557891846
2018-02-01,TQQQ,205371,6.83059024810791
2018-02-02,TQQQ,205371,6.413367748260498
2018-02-05,TQQQ,205371,5.673043727874756
2018-02-06,TQQQ,205371,6.110436916351318
2018-02-07,TQQQ,205371,5.868801116943359
2018-02-08,TQQQ,205371,5.141528606414795
2018-02-09,TQQQ,205371,5.38355827331543
2018-02-12,TQQQ,205371,5.684906482696533
2018-02-13,TQQQ,205371,5.754115581512451
2018-02-14,TQQQ,205371,6.091056823730469
2018-02-15,TQQQ,205371,6.409412384033203
2018-02-16,TQQQ,205371,6.337831497192383
2018-02-20,TQQQ,205371,6.369468688964844
2018-02-21,TQQQ,205371,6.3121256828308105
2018-02-22,TQQQ,205371,6.3133134841918945
2018-02-23,TQQQ,205371,6.689405918121338
2018-02-26,TQQQ,205371,6.9579315185546875
2018-02-27,TQQQ,205371,6.708784103393555
2018-02-28,TQQQ,205371,6.573927402496338
2018-03-01,TQQQ,205371,6.257552623748779
2018-03-02,TQQQ,205371,6.429581165313721
2018-03-05,TQQQ,205371,6.631271839141846
2018-03-06,TQQQ,205371,6.71511173248291
2018-03-07,TQQQ,205371,6.765336036682129
2018-03-08,TQQQ,205371,6.866182327270508
2018-03-09,TQQQ,205371,7.266003131866455
2018-03-12,TQQQ,205371,7.374759197235107
2018-03-13,TQQQ,205371,7.107024192810059
2018-03-14,TQQQ,205371,7.082901477813721
2018-03-15,TQQQ,205371,7.051263809204102
2018-03-16,TQQQ,205371,7.004598140716553
2018-03-19,TQQQ,205371,6.564833641052246
2018-03-20,TQQQ,205371,6.613081455230713
2018-03-21,TQQQ,205371,6.517376899719238
2018-03-22,TQQQ,205371,6.0412278175354
2018-03-23,TQQQ,205371,5.553215503692627
2018-03-26,TQQQ,205371,6.178061485290527
2018-03-27,TQQQ,205371,5.585644245147705
2018-03-28,TQQQ,205371,5.393049716949463
2018-03-29,TQQQ,205371,5.691632270812988
2018-04-02,TQQQ,205371,5.186218738555908
2018-04-03,TQQQ,205371,5.360225200653076
2018-04-04,TQQQ,205371,5.613722801208496
2018-04-05,TQQQ,205371,5.701913356781006
2018-04-06,TQQQ,205371,5.27638578414917
2018-04-09,TQQQ,205371,5.381976127624512
2018-04-10,TQQQ,205371,5.73750638961792
2018-04-11,TQQQ,205371,5.64100980758667
2018-04-12,TQQQ,205371,5.838747024536133
2018-04-13,TQQQ,205371,5.752139091491699
2018-04-16,TQQQ,205371,5.879084587097168
2018-04-17,TQQQ,205371,6.255177974700928
2018-04-18,TQQQ,205371,6.298679351806641
2018-04-19,TQQQ,205371,6.127439975738525
2018-04-20,TQQQ,205371,5.8336052894592285
2018-04-23,TQQQ,205371,5.787730693817139
2018-04-24,TQQQ,205371,5.418756008148193
2018-04-25,TQQQ,205371,5.440110206604004
2018-04-26,TQQQ,205371,5.777448654174805
2018-04-27,TQQQ,205371,5.790894031524658
2018-04-30,TQQQ,205371,5.667507648468018
2018-05-01,TQQQ,205371,5.851798057556152
2018-05-02,TQQQ,205371,5.749765872955322
2018-05-03,TQQQ,205371,5.750159740447998
2018-05-04,TQQQ,205371,6.073658466339111
2018-05-07,TQQQ,205371,6.2180047035217285
2018-05-08,TQQQ,205371,6.197438716888428
2018-05-09,TQQQ,205371,6.405061721801758
2018-05-10,TQQQ,205371,6.604379653930664
2018-05-11,TQQQ,205371,6.584606647491455
2018-05-14,TQQQ,205371,6.613870620727539
2018-05-15,TQQQ,205371,6.399921894073486
2018-05-16,TQQQ,205371,6.5177717208862305
2018-05-17,TQQQ,205371,6.444214344024658
2018-05-18,TQQQ,205371,6.340995788574219
2018-05-21,TQQQ,205371,6.45172643661499
2018-05-22,TQQQ,205371,6.418112277984619
2018-05-23,TQQQ,205371,6.579464435577393
2018-05-24,TQQQ,205371,6.573927402496338
2018-05-25,TQQQ,205371,6.590537071228027
2018-05-29,TQQQ,205371,6.506302833557129
2018-05-30,TQQQ,205371,6.64511251449585
2018-05-31,TQQQ,205371,6.630876064300537
2018-06-01,TQQQ,205371,6.939344882965088
2018-06-04,TQQQ,205371,7.117307186126709
2018-06-05,TQQQ,205371,7.190865516662598
2018-06-06,TQQQ,205371,7.309505462646484
2018-06-07,TQQQ,205371,7.139848709106445
2018-06-08,TQQQ,205371,7.13510274887085
2018-06-11,TQQQ,205371,7.190865516662598
2018-06-12,TQQQ,205371,7.304759502410889
2018-06-13,TQQQ,205371,7.2964558601379395
2018-06-14,TQQQ,205371,7.518314361572266
2018-06-15,TQQQ,205371,7.443571090698242
2018-06-18,TQQQ,205371,7.426961898803711
2018-06-19,TQQQ,205371,7.360522270202637
2018-06-20,TQQQ,205371,7.514756202697754
2018-06-21,TQQQ,205371,7.320183753967285
2018-06-22,TQQQ,205371,7.246625900268555
2018-06-25,TQQQ,205371,6.783924102783203
2018-06-26,TQQQ,205371,6.858668327331543
2018-06-27,TQQQ,205371,6.5834197998046875
2018-06-28,TQQQ,205371,6.744772434234619
2018-06-29,TQQQ,205371,6.775618553161621
2018-07-02,TQQQ,205371,6.927480697631836
2018-07-03,TQQQ,205371,6.689011573791504
2018-07-05,TQQQ,205371,6.934598922729492
2018-07-06,TQQQ,205371,7.246625900268555
2018-07-09,TQQQ,205371,7.448317050933838
2018-07-10,TQQQ,205371,7.4661126136779785
2018-07-11,TQQQ,205371,7.356963634490967
2018-07-12,TQQQ,205371,7.720006465911865
2018-07-13,TQQQ,205371,7.74254846572876
2018-07-16,TQQQ,205371,7.6903462409973145
2018-07-17,TQQQ,205371,7.832714080810547
2018-07-18,TQQQ,205371,7.782884120941162
2018-07-19,TQQQ,205371,7.667802333831787
2018-07-20,TQQQ,205371,7.657125949859619
2018-07-23,TQQQ,205371,7.723566055297852
2018-07-24,TQQQ,205371,7.822037696838379
2018-07-25,TQQQ,205371,8.148301124572754
2018-07-26,TQQQ,205371,7.792376518249512
2018-07-27,TQQQ,205371,7.467298984527588
2018-07-30,TQQQ,205371,7.14578104019165
2018-07-31,TQQQ,205371,7.288150310516357
2018-08-01,TQQQ,205371,7.387808799743652
2018-08-02,TQQQ,205371,7.682039737701416
2018-08-03,TQQQ,205371,7.750853061676025
2018-08-06,TQQQ,205371,7.893224239349365
2018-08-07,TQQQ,205371,7.970339775085449
2018-08-08,TQQQ,205371,7.991694450378418
2018-08-09,TQQQ,205371,7.984577655792236
2018-08-10,TQQQ,205371,7.798309326171875
2018-08-13,TQQQ,205371,7.775767803192139
2018-08-14,TQQQ,205371,7.919323444366455
2018-08-15,TQQQ,205371,7.631023406982422
2018-08-16,TQQQ,205371,7.701024532318115
2018-08-17,TQQQ,205371,7.699837684631348
2018-08-20,TQQQ,205371,7.684411525726318
2018-08-21,TQQQ,205371,7.763903617858887
2018-08-22,TQQQ,205371,7.854068756103516
2018-08-23,TQQQ,205371,7.8149213790893555
2018-08-24,TQQQ,205371,8.03203296661377
2018-08-27,TQQQ,205371,8.274060249328613
2018-08-28,TQQQ,205371,8.310843467712402
2018-08-29,TQQQ,205371,8.601511001586914
2018-08-30,TQQQ,205371,8.552870750427246
2018-08-31,TQQQ,205371,8.577783584594727
2018-09-04,TQQQ,205371,8.475752830505371
2018-09-05,TQQQ,205371,8.138811111450195
2018-09-06,TQQQ,205371,7.916952133178711
2018-09-07,TQQQ,205371,7.838645935058594
2018-09-10,TQQQ,205371,7.907460689544678
2018-09-11,TQQQ,205371,8.083049774169922
2018-09-12,TQQQ,205371,8.013049125671387
2018-09-13,TQQQ,205371,8.250332832336426
2018-09-14,TQQQ,205371,8.187453269958496
2018-09-17,TQQQ,205371,7.842206954956055
2018-09-18,TQQQ,205371,8.028473854064941
2018-09-19,TQQQ,205371,8.010676383972168
2018-09-20,TQQQ,205371,8.26219654083252
2018-09-21,TQQQ,205371,8.130505561828613
2018-09-24,TQQQ,205371,8.200504302978516
2018-09-25,TQQQ,205371,8.233722686767578
2018-09-26,TQQQ,205371,8.225417137145996
2018-09-27,TQQQ,205371,8.45321273803711
2018-09-28,TQQQ,205371,8.440159797668457
2018-10-01,TQQQ,205371,8.488802909851074
2018-10-02,TQQQ,205371,8.440159797668457
2018-10-03,TQQQ,205371,8.465075492858887
2018-10-04,TQQQ,205371,7.982203006744385
2018-10-05,TQQQ,205371,7.682039737701416
2018-10-08,TQQQ,205371,7.544414520263672
2018-10-09,TQQQ,205371,7.602550983428955
2018-10-10,TQQQ,205371,6.616639137268066
2018-10-11,TQQQ,205371,6.348509788513184
2018-10-12,TECL,113903,12.481019973754883
2018-10-15,TQQQ,205857,6.62494421005249
2018-10-16,TQQQ,205857,7.195610046386719
2018-10-17,TQQQ,205857,7.219338417053223
2018-10-18,TQQQ,205857,6.7186713218688965
2018-10-19,TQQQ,205857,6.691384792327881
2018-10-22,TQQQ,205857,6.792230129241943
2018-10-23,TQQQ,205857,6.717483997344971
2018-10-24,TECS,7,208404.875
2018-10-25,TECL,133979,11.54728889465332
2018-10-26,BSV,22391,63.71226501464844
2018-10-29,SPXL,35838,37.60520935058594
2018-10-30,SPXL,35838,39.350135803222656
2018-10-31,TECS,7,188089.171875
2018-11-01,BSV,22247,63.658512115478516
2018-11-02,BSV,22247,63.568565368652344
2018-11-05,TECS,7,192490.890625
2018-11-06,TECS,7,188512.4375
2018-11-07,TECS,1,172513.859375
2018-11-07,TQQQ,180416,6.818329334259033
2018-11-08,TQQQ,206268,6.702062129974365
2018-11-09,TQQQ,206268,6.361559867858887
2018-11-12,TQQQ,206268,5.802758693695068
2018-11-13,TQQQ,1,5.800385475158691
2018-11-13,TECS,6,200278.59375
2018-11-14,TECS,6,208235.53125
2018-11-15,TECS,6,192829.484375
2018-11-16,BSV,18995,63.78117370605469
2018-11-19,BSV,18995,63.82205581665039
2018-11-20,BSV,18995,63.78117370605469
2018-11-21,TECS,5,224826.625
2018-11-23,TECS,5,231344.578125
2018-11-26,TECS,5,215769.28125
2018-11-27,BSV,19037,63.764808654785156
2018-11-28,BSV,19037,63.8302116394043
2018-11-29,TQQQ,206760,5.890554428100586
2018-11-30,TECL,119731,10.468713760375977
2018-12-03,TQQQ,210476,6.322408676147461
2018-12-04,TQQQ,210476,5.62716817855835
2018-12-06,BSV,17328,63.920291900634766
2018-12-07,BSV,17328,63.98585510253906
2018-12-10,BSV,17328,64.03495788574219
2018-12-11,BSV,17328,64.01042175292969
2018-12-12,BSV,17328,63.98585510253906
2018-12-13,BSV,17328,64.05137634277344
2018-12-14,BSV,17328,64.09233093261719
2018-12-17,BSV,17328,64.18245697021484
2018-12-18,SPXL,32766,33.106170654296875
2018-12-19,SPXL,32766,31.474437713623047
2018-12-20,SPXL,32766,30.0690860748291
2018-12-21,TECL,131469,6.8157782554626465
2018-12-24,TECL,131469,6.281957626342773
2018-12-26,TECL,131469,7.401525020599365
2018-12-27,BSV,14523,64.29137420654297
2018-12-28,BSV,14523,64.40631103515625
2018-12-31,BSV,14523,64.48016357421875
2019-01-02,BSV,14523,64.53758239746094
2019-01-03,BSV,14523,64.685302734375
2019-01-04,BSV,14523,64.52118682861328
2019-01-07,BSV,14523,64.44729614257812
2019-01-08,TECL,118807,7.843337535858154
2019-01-09,TECL,118807,8.12573528289795
2019-01-10,TECL,118807,8.233224868774414
2019-01-11,TECL,118807,8.194055557250977
2019-01-14,TECL,118807,7.97087287902832
2019-01-15,TECL,118807,8.318857192993164
2019-01-16,TECL,118807,8.332521438598633
2019-01-17,TECL,118807,8.501958847045898
2019-01-18,TECL,118807,8.882740020751953
2019-01-22,TECL,118807,8.425439834594727
2019-01-23,TECL,118807,8.516535758972168
2019-01-24,TECL,118807,8.736987113952637
2019-01-25,TECL,118807,9.108656883239746
2019-01-28,TECL,118807,8.73151969909668
2019-01-29,TECL,118807,8.465521812438965
2019-01-30,TECL,118807,9.234369277954102
2019-01-31,TECL,118807,9.193374633789062
2019-02-01,TECS,5,182157.53125
2019-02-04,TECL,114387,9.814648628234863
2019-02-05,TQQQ,196961,5.8664350509643555
2019-02-06,TQQQ,196961,5.820101261138916
2019-02-07,TQQQ,196962,5.582499027252197
2019-02-08,TECL,112907,9.8893461227417
2019-02-11,TECL,112907,9.878416061401367
2019-02-12,TECL,112907,10.278326034545898
2019-02-13,TQQQ,198477,5.852177619934082
2019-02-14,TQQQ,198477,5.873561859130859
2019-02-15,TQQQ,198477,5.943655014038086
2019-02-19,TQQQ,198477,5.979296684265137
2019-02-20,TQQQ,198477,5.974544525146484
2019-02-21,TQQQ,198477,5.906827449798584
2019-02-22,TQQQ,198477,6.035133361816406
2019-02-25,TQQQ,198477,6.1016621589660645
2019-02-26,TQQQ,198477,6.120670795440674
2019-02-27,TQQQ,198477,6.1016621589660645
2019-02-28,TQQQ,198477,6.063645362854004
2019-03-01,TQQQ,198477,6.184823513031006
2019-03-04,TQQQ,198477,6.18601131439209
2019-03-05,TQQQ,198477,6.201456069946289
2019-03-06,TQQQ,198477,6.094533443450928
2019-03-07,TQQQ,198477,5.872374057769775
2019-03-08,TQQQ,198477,5.839109420776367
2019-03-11,TQQQ,198477,6.203832626342773
2019-03-12,TQQQ,198477,6.304812431335449
2019-03-13,TQQQ,198477,6.441435813903809
2019-03-14,TQQQ,198477,6.4129228591918945
2019-03-15,TQQQ,198477,6.572117328643799
2019-03-18,TQQQ,198477,6.631518840789795
2019-03-19,TQQQ,198477,6.6980485916137695
2019-03-20,TQQQ,198477,6.775295257568359
2019-03-21,TQQQ,198477,7.089043617248535
2019-03-22,UVXY,14,111975.0
2019-03-25,TQQQ,240027,6.583958148956299
2019-03-26,TQQQ,240027,6.674278259277344
2019-03-27,TQQQ,240027,6.543550491333008
2019-03-28,TQQQ,240027,6.585144996643066
2019-03-29,TQQQ,240027,6.733700752258301
2019-04-01,TQQQ,240027,6.998722553253174
2019-04-02,TQQQ,240027,7.075970649719238
2019-04-03,TQQQ,240027,7.198379993438721
2019-04-04,TQQQ,240027,7.187684535980225
2019-04-05,TQQQ,240027,7.29583215713501
2019-04-08,TQQQ,240027,7.352877616882324
2019-04-09,TQQQ,240027,7.272063732147217
2019-04-10,TQQQ,240027,7.3897199630737305
2019-04-11,TQQQ,240027,7.333862781524658
2019-04-12,TQQQ,240027,7.424184322357178
2019-04-15,TQQQ,240027,7.430126190185547
2019-04-16,TQQQ,240027,7.502622127532959
2019-04-17,TQQQ,240027,7.577492713928223
2019-04-18,TQQQ,240027,7.601262092590332
2019-04-22,TQQQ,240027,7.665436267852783
2019-04-23,TQQQ,240027,7.956605911254883
2019-04-24,UVXY,24,79500.0
2019-04-25,TQQQ,249323,7.967301845550537
2019-04-26,UVXY,24,77700.0
2019-04-29,UVXY,24,79550.0
2019-04-30,UVXY,24,79475.0
2019-05-01,TQQQ,239607,7.764078617095947
2019-05-02,TQQQ,239607,7.669001579284668
2019-05-03,TQQQ,239607,8.030287742614746
2019-05-06,TQQQ,239607,7.88648796081543
2019-05-07,TQQQ,239607,7.427748203277588
2019-05-08,TQQQ,239607,7.3623857498168945
2019-05-09,TQQQ,239607,7.245916843414307
2019-05-10,TQQQ,239607,7.266120910644531
2019-05-13,TQQQ,239607,6.5150275230407715
2019-05-14,TQQQ,239607,6.719439506530762
2019-05-15,TQQQ,239607,6.998722553253174
2019-05-16,TQQQ,239607,7.217395305633545
2019-05-17,TQQQ,239607,6.992780685424805
2019-05-20,TQQQ,239607,6.642190456390381
2019-05-21,TQQQ,239607,6.841848850250244
2019-05-22,TQQQ,239607,6.752715587615967
2019-05-23,TQQQ,239607,6.434214115142822
2019-05-24,TQQQ,239607,6.42470645904541
2019-05-28,TQQQ,239607,6.355776309967041
2019-05-29,TQQQ,239607,6.196525573730469
2019-05-30,TQQQ,239607,6.270208358764648
2019-05-31,TQQQ,239607,5.968345642089844
2019-06-03,TECL,124584,10.72056770324707
2019-06-04,TECL,124584,11.78796100616455
2019-06-05,TQQQ,245137,6.172756671905518
2019-06-06,TQQQ,245137,6.315369129180908
2019-06-07,TQQQ,245137,6.675466537475586
2019-06-10,TQQQ,245137,6.919096946716309
2019-06-11,TQQQ,245137,6.945242881774902
2019-06-12,TQQQ,245137,6.827586650848389
2019-06-13,TQQQ,245137,6.939300537109375
2019-06-14,TQQQ,245137,6.848978519439697
2019-06-17,TQQQ,245137,6.973766803741455
2019-06-18,TQQQ,245137,7.275629043579102
2019-06-19,TQQQ,245137,7.361196994781494
2019-06-20,TQQQ,245137,7.563231468200684
2019-06-21,TQQQ,245137,7.52876615524292
2019-06-24,TQQQ,245137,7.5263895988464355
2019-06-25,TQQQ,245137,7.141335487365723
2019-06-26,TQQQ,245137,7.231657028198242
2019-06-27,TQQQ,245137,7.310093402862549
2019-06-28,TQQQ,245137,7.340992450714111
2019-07-01,TQQQ,245137,7.633350849151611
2019-07-02,TQQQ,245137,7.726047992706299
2019-07-03,TQQQ,245137,7.897182941436768
2019-07-05,TQQQ,245137,7.846078872680664
2019-07-08,TQQQ,245137,7.6808857917785645
2019-07-09,TQQQ,245137,7.796164512634277
2019-07-10,TQQQ,245137,8.02672290802002
2019-07-11,TQQQ,245137,8.005330085754395
2019-07-12,TQQQ,245137,8.139625549316406
2019-07-15,TQQQ,245137,8.208555221557617
2019-07-16,TQQQ,245137,8.092087745666504
2019-07-17,TQQQ,245137,7.972054481506348
2019-07-18,TQQQ,245137,8.006521224975586
2019-07-19,TQQQ,245137,7.812803268432617
2019-07-22,TQQQ,245137,7.997012138366699
2019-07-23,TQQQ,245137,8.151508331298828
2019-07-24,TQQQ,245137,8.32502269744873
2019-07-25,TQQQ,245137,8.087333679199219
2019-07-26,TQQQ,245137,8.327399253845215
2019-07-29,TQQQ,245137,8.25014877319336
2019-07-30,TQQQ,245137,8.139625549316406
2019-07-31,TQQQ,245137,7.796164512634277
2019-08-01,TQQQ,245137,7.686829566955566
2019-08-02,TQQQ,245137,7.335051536560059
2019-08-05,TQQQ,245137,6.564942836761475
2019-08-06,TQQQ,245137,6.834717750549316
2019-08-07,TQQQ,245137,6.934546947479248
2019-08-08,TQQQ,245137,7.393285274505615
2019-08-09,TQQQ,245137,7.1746110916137695
2019-08-12,TQQQ,245137,6.934546947479248
2019-08-13,TQQQ,245137,7.3897199630737305
2019-08-14,TQQQ,245137,6.727758407592773
2019-08-15,TQQQ,245137,6.699235439300537
2019-08-16,TQQQ,245137,7.0082292556762695
2019-08-19,TQQQ,245137,7.336239337921143
2019-08-20,TQQQ,245137,7.185307502746582
2019-08-21,TQQQ,245137,7.368327617645264
2019-08-22,TQQQ,245137,7.297021389007568
2019-08-23,TQQQ,245137,6.6291184425354
2019-08-26,TQQQ,245137,6.897705078125
2019-08-27,TQQQ,245137,6.856108665466309
2019-08-28,TQQQ,245137,6.925039291381836
2019-08-29,TQQQ,245137,7.2399749755859375
2019-08-30,TQQQ,245137,7.188874244689941
2019-09-03,TQQQ,245137,6.97970724105835
2019-09-04,TQQQ,245137,7.273252487182617
2019-09-05,TQQQ,245137,7.674943447113037
2019-09-06,TQQQ,245137,7.653553009033203
2019-09-09,TQQQ,245137,7.604827404022217
2019-09-10,TQQQ,245137,7.541839599609375
2019-09-11,TQQQ,245137,7.74506139755249
2019-09-12,TQQQ,245137,7.841326713562012
2019-09-13,TQQQ,245137,7.758134841918945
2019-09-16,TQQQ,245137,7.6511759757995605
2019-09-17,TQQQ,245137,7.752194404602051
2019-09-18,TQQQ,245137,7.747440814971924
2019-09-19,TQQQ,245137,7.781905174255371
2019-09-20,TQQQ,245137,7.53708553314209
2019-09-23,TQQQ,245137,7.544217586517334
2019-09-24,TQQQ,245137,7.245916843414307
2019-09-25,TQQQ,245137,7.477663516998291
2019-09-26,TQQQ,245137,7.402791976928711
2019-09-27,TQQQ,245137,7.134203910827637
2019-09-30,TQQQ,245137,7.3243560791015625
2019-10-01,TQQQ,245137,7.147276878356934
2019-10-02,TQQQ,245137,6.781237602233887
2019-10-03,TQQQ,245137,7.004664897918701
2019-10-04,TQQQ,245137,7.2993974685668945
2019-10-07,TQQQ,245137,7.231657028198242
2019-10-08,TQQQ,245137,6.902459144592285
2019-10-09,TQQQ,245137,7.1116251945495605
2019-10-10,TQQQ,245137,7.26731014251709
2019-10-11,TQQQ,245137,7.539463043212891
2019-10-14,TQQQ,245137,7.547780990600586
2019-10-15,TQQQ,245137,7.834195613861084
2019-10-16,TQQQ,245137,7.775961875915527
2019-10-17,TQQQ,245137,7.829442501068115
2019-10-18,TQQQ,245137,7.604827404022217
2019-10-21,TQQQ,245137,7.8056721687316895
2019-10-22,TQQQ,245137,7.625031471252441
2019-10-23,TQQQ,245137,7.6606831550598145
2019-10-24,TQQQ,245137,7.880544185638428
2019-10-25,TQQQ,245137,8.059998512268066
2019-10-28,TQQQ,245137,8.306008338928223
2019-10-29,TQQQ,245137,8.114669799804688
2019-10-30,TQQQ,245137,8.22875690460205
2019-10-31,TQQQ,245137,8.234699249267578
2019-11-01,TQQQ,245137,8.45812702178955
2019-11-04,TQQQ,245137,8.609060287475586
2019-11-05,TQQQ,245137,8.619754791259766
2019-11-06,TQQQ,245137,8.565086364746094
2019-11-07,TQQQ,245137,8.651843070983887
2019-11-08,TQQQ,245137,8.754049301147461
2019-11-11,TQQQ,245137,8.717206954956055
2019-11-12,TQQQ,245137,8.788512229919434
2019-11-13,TQQQ,245137,8.77544116973877
2019-11-14,TQQQ,245137,8.773062705993652
2019-11-15,TQQQ,245137,8.938255310058594
2019-11-18,UVXY,54,40200.0
2019-11-19,UVXY,54,40800.0
2019-11-20,UVXY,54,41350.0
2019-11-21,TQQQ,251794,8.794453620910645
2019-11-22,TQQQ,251794,8.818222045898438
2019-11-25,TQQQ,251794,9.123655319213867
2019-11-26,TQQQ,251794,9.17832088470459
2019-11-27,TQQQ,251794,9.363718032836914
2019-11-29,UVXY,63,37100.0
2019-12-02,TQQQ,255498,8.941823959350586
2019-12-03,TQQQ,255498,8.740976333618164
2019-12-04,TQQQ,255498,8.870514869689941
2019-12-05,TQQQ,255498,8.916863441467285
2019-12-06,TQQQ,255498,9.192582130432129
2019-12-09,TQQQ,255498,9.079681396484375
2019-12-10,TQQQ,255498,9.059479713439941
2019-12-11,TQQQ,255498,9.196147918701172
2019-12-12,TQQQ,255498,9.406501770019531
2019-12-13,TQQQ,255498,9.490880966186523
2019-12-16,TQQQ,255498,9.763032913208008
2019-12-17,TQQQ,255498,9.776106834411621
2019-12-18,TQQQ,255498,9.798686027526855
2019-12-19,TQQQ,255498,9.998346328735352
2019-12-20,TQQQ,255498,10.117189407348633
2019-12-23,TQQQ,1,10.192060470581055
2019-12-23,UVXY,82,32200.0
2019-12-24,UVXY,82,31700.0
2019-12-26,UVXY,82,31600.0
2019-12-27,UVXY,82,32575.0
2019-12-30,UVXY,82,34350.0
2019-12-31,TQQQ,282456,10.289668083190918
2020-01-02,TQQQ,282456,10.79969310760498
2020-01-03,UVXY,86,32525.0
2020-01-06,TQQQ,287500,10.70577335357666
2020-01-07,TQQQ,287500,10.692693710327148
2020-01-08,TQQQ,287500,10.938791275024414
2020-01-09,TQQQ,287500,11.214607238769531
2020-01-10,TQQQ,287500,11.123064041137695
2020-01-13,TQQQ,287500,11.511825561523438
2020-01-14,TQQQ,287500,11.377483367919922
2020-01-15,TQQQ,287500,11.384613990783691
2020-01-16,TQQQ,287500,11.702044486999512
2020-01-17,TQQQ,287500,11.876809120178223
2020-01-21,TQQQ,287500,11.870863914489746
2020-01-22,TQQQ,287500,11.95170783996582
2020-01-23,UVXY,123,26900.0
2020-01-24,UVXY,123,29300.0
2020-01-27,TQQQ,372244,11.023200988769531
2020-01-28,TQQQ,372244,11.535605430603027
2020-01-29,TQQQ,372244,11.577211380004883
2020-01-30,TQQQ,372244,11.707989692687988
2020-01-31,TQQQ,372244,11.132575035095215
2020-02-03,TQQQ,372244,11.643789291381836
2020-02-04,TQQQ,372244,12.439142227172852
2020-02-05,TQQQ,372244,12.582996368408203
2020-02-06,TQQQ,372244,12.889723777770996
2020-02-07,TQQQ,372244,12.723282814025879
2020-02-10,TQQQ,372244,13.182185173034668
2020-02-11,TQQQ,372244,13.191699028015137
2020-02-12,TQQQ,372244,13.578080177307129
2020-02-13,TQQQ,372244,13.525769233703613
2020-02-14,TQQQ,372244,13.61731243133545
2020-02-18,TQQQ,372244,13.641090393066406
2020-02-19,TQQQ,372244,14.035797119140625
2020-02-20,TQQQ,372244,13.636335372924805
2020-02-21,TQQQ,372244,12.856436729431152
2020-02-24,TQQQ,372244,11.375104904174805
2020-02-25,TQQQ,372244,10.45492172241211
2020-02-26,TQQQ,372244,10.598773956298828
2020-02-27,TQQQ,372245,9.014010429382324
2020-02-28,TECL,185520,18.988834381103516
2020-03-02,TECL,185520,22.248769760131836
2020-03-03,TQQQ,399756,9.424169540405273
2020-03-04,UVXY,66,58125.0
2020-03-05,TQQQ,450866,9.640543937683105
2020-03-06,UVXY,42,83625.0
2020-03-09,UVXY,42,114425.0
2020-03-10,TECL,248893,17.415584564208984
2020-03-11,UVXY,34,120550.0
2020-03-12,UVXY,34,162550.0
2020-03-13,TECL,376679,14.358709335327148
2020-03-16,UVXY,17,225350.0
2020-03-17,TECL,414586,9.949017524719238
2020-03-18,UVXY,12,276575.0
2020-03-19,TECS,53,70723.4296875
2020-03-20,TECS,53,79682.296875
2020-03-23,TECS,53,81749.734375
2020-03-24,SPXL,187493,21.502643585205078
2020-03-25,BSV,59756,69.0228271484375
2020-03-26,BSV,59756,68.98908233642578
2020-03-27,BSV,59756,68.93855285644531
2020-03-30,BSV,59756,69.0649642944336
2020-03-31,BSV,59756,69.25878143310547
2020-04-01,BSV,59756,69.10260009765625
2020-04-02,BSV,59756,69.20391845703125
2020-04-03,BSV,59756,69.04353332519531
2020-04-06,BSV,59756,69.15325927734375
2020-04-07,TECL,317934,11.392584800720215
2020-04-08,TECL,317934,12.269078254699707
2020-04-09,TECL,317934,12.282830238342285
2020-04-13,TECL,317934,12.38826847076416
2020-04-14,TECL,317934,13.934967994689941
2020-04-15,TECS,119,34935.78515625
2020-04-16,TECS,119,33728.12890625
2020-04-17,TECS,119,32347.9453125
2020-04-20,TECS,119,33814.3828125
2020-04-21,TECS,119,38041.19140625
2020-04-22,TECS,1,33641.87109375
2020-04-22,TECL,334075,12.993379592895508
2020-04-23,TECL,336623,12.728414535522461
2020-04-24,TECL,336623,13.495806694030762
2020-04-27,TECL,336623,13.901041984558105
2020-04-28,TECL,336623,13.32894229888916
2020-04-29,TECL,336623,14.967323303222656
2020-04-30,TECS,178,28897.50390625
2020-05-01,TECS,178,31424.951171875
2020-05-04,TECL,428367,14.023900032043457
2020-05-05,TECL,428367,14.695024490356445
2020-05-06,TECL,428367,14.982912063598633
2020-05-07,TECL,428367,15.705377578735352
2020-05-08,TECS,264,25757.591796875
2020-05-11,TECS,264,25119.26171875
2020-05-12,TECS,264,26801.353515625
2020-05-13,TECL,447762,14.807794570922852
2020-05-14,TECL,447762,15.41749095916748
2020-05-15,TECL,447762,15.593521118164062
2020-05-18,TECL,447762,16.769821166992188
2020-05-19,TECS,305,25007.123046875
2020-05-20,TECL,422554,17.627059936523438
2020-05-21,TECS,318,24282.521484375
2020-05-22,TECL,461759,17.11363410949707
2020-05-26,TECS,370,24092.748046875
2020-05-27,TQQQ,959964,9.510957717895508
2020-05-28,TQQQ,959965,9.450325965881348
2020-05-29,TQQQ,959965,9.840274810791016
2020-06-01,TQQQ,959965,9.961539268493652
2020-06-02,TQQQ,959965,10.160080909729004
2020-06-03,TQQQ,959965,10.297988891601562
2020-06-04,TQQQ,959965,10.08874797821045
2020-06-05,TQQQ,959965,10.686748504638672
2020-06-08,TQQQ,959965,10.924522399902344
2020-06-09,UVXY,139,76475.0
2020-06-10,TQQQ,944592,11.571268081665039
2020-06-11,UVXY,117,113900.0
2020-06-12,TQQQ,1117830,10.08161449432373
2020-06-15,TQQQ,1117830,10.437088012695312
2020-06-16,TQQQ,1117830,10.988722801208496
2020-06-17,TQQQ,1117830,11.095722198486328
2020-06-18,TQQQ,1117830,11.181319236755371
2020-06-19,TQQQ,1117830,11.165863990783691
2020-06-22,TQQQ,1117830,11.562947273254395
2020-06-23,TQQQ,1117830,11.864919662475586
2020-06-24,TQQQ,1117830,11.165863990783691
2020-06-25,TQQQ,1117830,11.461893081665039
2020-06-26,TQQQ,1117830,10.638006210327148
2020-06-29,TQQQ,1117830,10.978022575378418
2020-06-30,TQQQ,1117830,11.609312057495117
2020-07-01,TQQQ,1117830,12.024227142333984
2020-07-02,TQQQ,1117830,12.279834747314453
2020-07-06,TQQQ,1117830,13.182185173034668
2020-07-07,TQQQ,1117830,12.923013687133789
2020-07-08,TQQQ,1117830,13.41995906829834
2020-07-09,TQQQ,1117830,13.75522232055664
2020-07-10,TQQQ,1117830,14.046496391296387
2020-07-13,TQQQ,1117830,13.178620338439941
2020-07-14,TQQQ,1117830,13.458003997802734
2020-07-15,TQQQ,1117830,13.524581909179688
2020-07-16,TQQQ,1117830,13.234498977661133
2020-07-17,TQQQ,1117830,13.296318054199219
2020-07-20,TQQQ,1117830,14.428123474121094
2020-07-21,TQQQ,1117830,13.966840744018555
2020-07-22,TQQQ,1117830,14.12852668762207
2020-07-23,TQQQ,1117830,13.021689414978027
2020-07-24,TQQQ,1117830,12.636494636535645
2020-07-27,TQQQ,1117830,13.315340995788574
2020-07-28,TQQQ,1117830,12.814826965332031
2020-07-29,TQQQ,1117830,13.251140594482422
2020-07-30,TQQQ,1117830,13.466324806213379
2020-07-31,TQQQ,1117830,14.192727088928223
2020-08-03,TQQQ,1117830,14.721773147583008
2020-08-04,TQQQ,1117830,14.913180351257324
2020-08-05,TQQQ,1117830,15.032069206237793
2020-08-06,TQQQ,1117830,15.607481956481934
2020-08-07,TQQQ,1117830,15.097455978393555
2020-08-10,TQQQ,1117830,14.894158363342285
2020-08-11,TQQQ,1117830,14.048872947692871
2020-08-12,TQQQ,1117830,15.099834442138672
2020-08-13,TQQQ,1117830,15.205641746520996
2020-08-14,TQQQ,1117830,15.16165542602539
2020-08-17,TQQQ,1117830,15.6621732711792
2020-08-18,TQQQ,1117830,16.12225914001465
2020-08-19,TQQQ,1117830,15.80721664428711
2020-08-20,TQQQ,1117830,16.457521438598633
2020-08-21,TQQQ,1117830,16.80110740661621
2020-08-24,TQQQ,1117830,17.112590789794922
2020-08-25,TQQQ,1117830,17.512046813964844
2020-08-26,TQQQ,1117830,18.633153915405273
2020-08-27,UVXY,421,53075.0
2020-08-28,UVXY,421,52775.0
2020-08-31,UVXY,421,56625.0
2020-09-01,TQQQ,1209796,20.17987632751465
2020-09-02,UVXY,435,60200.0
2020-09-03,UVXY,435,72250.0
2020-09-04,TQQQ,1758903,16.839149475097656
2020-09-08,TQQQ,1758903,14.459030151367188
2020-09-09,TQQQ,1758903,15.701401710510254
2020-09-10,TQQQ,1758903,14.793105125427246
2020-09-11,TQQQ,1758903,14.469733238220215
2020-09-14,TQQQ,1758903,15.215156555175781
2020-09-15,TQQQ,1758903,15.861899375915527
2020-09-16,TQQQ,1758903,15.099834442138672
2020-09-17,TQQQ,1758904,14.404346466064453
2020-09-18,TQQQ,1758904,13.847952842712402
2020-09-21,TQQQ,1758904,14.012017250061035
2020-09-22,TQQQ,1758904,14.777649879455566
2020-09-23,TQQQ,1758904,13.409259796142578
2020-09-24,TQQQ,1758904,13.605424880981445
2020-09-25,TQQQ,1758904,14.55889892578125
2020-09-28,TQQQ,1758904,15.422017097473145
2020-09-29,TQQQ,1758904,15.260331153869629
2020-09-30,TQQQ,1758904,15.562304496765137
2020-10-01,TQQQ,1758904,16.291078567504883
2020-10-02,TQQQ,1758904,14.947657585144043
2020-10-05,TQQQ,1758904,15.890436172485352
2020-10-06,TQQQ,1758904,15.036824226379395
2020-10-07,TQQQ,1758904,15.827423095703125
2020-10-08,TQQQ,1758904,16.060440063476562
2020-10-09,TQQQ,1758904,16.774951934814453
2020-10-12,TQQQ,1758904,18.33949851989746
2020-10-13,TQQQ,1758904,18.34188461303711
2020-10-14,TQQQ,1758904,17.8889217376709
2020-10-15,TQQQ,1758904,17.519180297851562
2020-10-16,TQQQ,1758904,17.250503540039062
2020-10-19,TQQQ,1758904,16.393325805664062
2020-10-20,TQQQ,1758904,16.49913215637207
2020-10-21,TQQQ,1758904,16.45633316040039
2020-10-22,TQQQ,1758904,16.46465492248535
2020-10-23,TQQQ,1758904,16.560956954956055
2020-10-26,TQQQ,1758904,15.806020736694336
2020-10-27,TQQQ,1758904,16.17932891845703
2020-10-28,TQQQ,1758904,14.280704498291016
2020-10-29,TQQQ,1758904,15.00710391998291
2020-10-30,TQQQ,1758904,13.963273048400879
2020-11-02,TQQQ,1758904,13.96803092956543
2020-11-03,TQQQ,1758904,14.67065143585205
2020-11-04,TQQQ,1758904,16.653688430786133
2020-11-05,TQQQ,1758904,17.93885612487793
2020-11-06,TQQQ,1758904,17.999486923217773
2020-11-09,TQQQ,1758904,16.900972366333008
2020-11-10,TQQQ,1758904,15.989107131958008
2020-11-11,TQQQ,1758904,17.063844680786133
2020-11-12,TQQQ,1758904,16.81418228149414
2020-11-13,TQQQ,1758904,17.2552547454834
2020-11-16,TQQQ,1758904,17.65233612060547
2020-11-17,TQQQ,1758904,17.489463806152344
2020-11-18,TQQQ,1758904,17.08405303955078
2020-11-19,TQQQ,1758904,17.50728988647461
2020-11-20,TQQQ,1758904,17.15182876586914
2020-11-23,TQQQ,1758904,17.15538787841797
2020-11-24,TQQQ,1758904,17.856821060180664
2020-11-25,TQQQ,1758904,18.19327163696289
2020-11-27,TQQQ,1758904,18.69021987915039
2020-11-30,TQQQ,1758904,18.786518096923828
2020-12-01,TQQQ,1758904,19.524803161621094
2020-12-02,TQQQ,1758904,19.603273391723633
2020-12-03,TQQQ,1758904,19.682924270629883
2020-12-04,TQQQ,1758904,19.92426872253418
2020-12-07,TQQQ,1758904,20.26190757751465
2020-12-08,TQQQ,1758904,20.447368621826172
2020-12-09,TQQQ,1758904,19.07779312133789
2020-12-10,TQQQ,1758904,19.312002182006836
2020-12-11,TQQQ,1758904,19.17646598815918
2020-12-14,TQQQ,1758904,19.58544158935547
2020-12-15,TQQQ,1758904,20.19413948059082
2020-12-16,TQQQ,1758904,20.53296661376953
2020-12-17,TQQQ,1758904,20.953826904296875
2020-12-18,TQQQ,1758904,20.725563049316406
2020-12-21,TQQQ,1758904,20.648286819458008
2020-12-22,TQQQ,1758904,20.81116485595703
2020-12-23,TQQQ,1758904,20.497303009033203
2020-12-24,TQQQ,1758904,20.76360511779785
2020-12-28,TQQQ,1758904,21.386577606201172
2020-12-29,TQQQ,1758904,21.4495849609375
2020-12-30,TQQQ,1758904,21.44601821899414
2020-12-31,TQQQ,1758904,21.613649368286133
2021-01-04,TQQQ,1758904,20.66849708557129
2021-01-05,TQQQ,1758904,21.186845779418945
2021-01-06,TQQQ,1758904,20.31064796447754
2021-01-07,TQQQ,1758904,21.777711868286133
2021-01-08,TQQQ,1758904,22.621814727783203
2021-01-11,TQQQ,1758904,21.62196922302246
2021-01-12,TQQQ,1758904,21.52805519104004
2021-01-13,TQQQ,1758904,21.946537017822266
2021-01-14,TQQQ,1758904,21.612462997436523
2021-01-15,TQQQ,1758904,21.08698081970215
2021-01-19,TQQQ,1758904,22.001220703125
2021-01-20,TQQQ,1758904,23.534866333007812
2021-01-21,TQQQ,1758904,24.119787216186523
2021-01-22,TQQQ,1758904,23.901037216186523
2021-01-25,TQQQ,1758904,24.564422607421875
2021-01-26,TQQQ,1758904,24.59058380126953
2021-01-27,TQQQ,1758904,22.6075439453125
2021-01-28,TQQQ,1758904,22.940425872802734
2021-01-29,TQQQ,1758904,21.511411666870117
2021-02-01,TQQQ,1758904,23.09260368347168
2021-02-02,TQQQ,1758904,24.210142135620117
2021-02-03,TQQQ,1758904,23.931947708129883
2021-02-04,TQQQ,1758904,24.77842140197754
2021-02-05,TQQQ,1758904,25.037593841552734
2021-02-08,TQQQ,1758904,25.52741241455078
2021-02-09,TQQQ,1758904,25.515520095825195
2021-02-10,TQQQ,1758904,25.33481216430664
2021-02-11,TQQQ,1758904,25.743783950805664
2021-02-12,TQQQ,1758904,26.181289672851562
2021-02-16,TQQQ,1758904,25.962535858154297
2021-02-17,TQQQ,1758904,25.601116180419922
2021-02-18,TQQQ,1758904,25.256349563598633
2021-02-19,TQQQ,1758904,24.923463821411133
2021-02-22,TQQQ,1758904,22.992738723754883
2021-02-23,TQQQ,1758904,22.788253784179688
2021-02-24,TQQQ,1758904,23.33751106262207
2021-02-25,TQQQ,1758904,20.90032958984375
2021-02-26,TQQQ,1758904,21.214189529418945
2021-03-01,TQQQ,1758904,23.06407356262207
2021-03-02,TQQQ,1758904,21.95842170715332
2021-03-03,TQQQ,1758904,20.053855895996094
2021-03-04,TQQQ,1758904,19.062334060668945
2021-03-05,TQQQ,1758904,19.91594886779785
2021-03-08,TQQQ,1758904,18.213483810424805
2021-03-09,TQQQ,1758904,20.358203887939453
2021-03-10,TQQQ,1758904,20.18463134765625
2021-03-11,TQQQ,1758904,21.58511734008789
2021-03-12,TQQQ,1758904,21.047748565673828
2021-03-15,TQQQ,1758904,21.72064781188965
2021-03-16,TQQQ,1758904,22.077314376831055
2021-03-17,TQQQ,1758904,22.35550308227539
2021-03-18,TQQQ,1758904,20.30351448059082
2021-03-19,TQQQ,1758904,20.562692642211914
2021-03-22,TQQQ,1758904,21.658824920654297
2021-03-23,TQQQ,1758904,21.375879287719727
2021-03-24,TQQQ,1758904,20.29637908935547
2021-03-25,TQQQ,1758904,20.1870059967041
2021-03-26,TQQQ,1758904,21.07866096496582
2021-03-29,TQQQ,1758904,21.066768646240234
2021-03-30,TQQQ,1758904,20.767175674438477
2021-03-31,TQQQ,1758904,21.699251174926758
2021-04-01,TQQQ,1758904,22.802522659301758
2021-04-05,TQQQ,1758904,24.172103881835938
2021-04-06,TQQQ,1758904,24.115034103393555
2021-04-07,TQQQ,1758904,24.293365478515625
2021-04-08,TQQQ,1758904,25.051860809326172
2021-04-09,TQQQ,1758904,25.50600814819336
2021-04-12,TQQQ,1758904,25.406147003173828
2021-04-13,TQQQ,1758904,26.276395797729492
2021-04-14,TQQQ,1758904,25.353836059570312
2021-04-15,TQQQ,1758904,26.473745346069336
2021-04-16,TQQQ,1758904,26.585500717163086
2021-04-19,TQQQ,1,25.860294342041016
2021-04-19,UVXY,4048,11850.0
2021-04-20,TQQQ,1901929,25.294391632080078
2021-04-21,TQQQ,1901929,25.93400001525879
2021-04-22,TQQQ,1901929,24.990041732788086
2021-04-23,TQQQ,1901929,25.931621551513672
2021-04-26,TQQQ,1901929,26.44521713256836
2021-04-27,TQQQ,1901929,26.098068237304688
2021-04-28,TQQQ,1901929,25.829381942749023
2021-04-29,TQQQ,1901929,26.08855628967285
2021-04-30,TQQQ,1901929,25.598745346069336
2021-05-03,TQQQ,1901929,25.180259704589844
2021-05-04,TQQQ,1901929,23.853483200073242
2021-05-05,TQQQ,1901929,23.575281143188477
2021-05-06,TQQQ,1901929,24.09125328063965
2021-05-07,TQQQ,1901929,24.68093490600586
2021-05-10,TQQQ,1901929,22.8262996673584
2021-05-11,TQQQ,1901929,22.7121639251709
2021-05-12,TQQQ,1901929,20.983549118041992
2021-05-13,TQQQ,1901929,21.425806045532227
2021-05-14,TQQQ,1901929,22.81916618347168
2021-05-17,TQQQ,1901929,22.433969497680664
2021-05-18,TQQQ,1901929,21.963180541992188
2021-05-19,TQQQ,1901929,22.04401969909668
2021-05-20,TQQQ,1901929,23.318490982055664
2021-05-21,TQQQ,1901929,22.93329429626465
2021-05-24,TQQQ,1901929,24.081743240356445
2021-05-25,TQQQ,1901929,24.198253631591797
2021-05-26,TQQQ,1901929,24.443159103393555
2021-05-27,TQQQ,1901929,24.157833099365234
2021-05-28,TQQQ,1901929,24.393226623535156
2021-06-01,TQQQ,1901929,24.155452728271484
2021-06-02,TQQQ,1901929,24.281476974487305
2021-06-03,TQQQ,1901929,23.518226623535156
2021-06-04,TQQQ,1901929,24.723735809326172
2021-06-07,TQQQ,1901929,24.942489624023438
2021-06-08,TQQQ,1901929,24.971019744873047
2021-06-09,TQQQ,1901929,24.999549865722656
2021-06-10,TQQQ,1901929,25.765182495117188
2021-06-11,TQQQ,1901929,25.96967124938965
2021-06-14,TQQQ,1901929,26.697256088256836
2021-06-15,TQQQ,1901929,26.202688217163086
2021-06-16,TQQQ,1901929,25.92211151123047
2021-06-17,TQQQ,1901929,26.889856338500977
2021-06-18,TQQQ,1901929,26.24786376953125
2021-06-21,TQQQ,1901929,26.72817039489746
2021-06-22,TQQQ,1901929,27.474777221679688
2021-06-23,TQQQ,1901929,27.5223331451416
2021-06-24,TQQQ,1901929,28.028789520263672
2021-06-25,TQQQ,1901929,27.940814971923828
2021-06-28,TQQQ,1901929,28.929954528808594
2021-06-29,TQQQ,1901929,29.255704879760742
2021-06-30,TQQQ,1901929,29.12730598449707
2021-07-01,TQQQ,1901929,29.141571044921875
2021-07-02,TQQQ,1901929,30.130712509155273
2021-07-06,TQQQ,1901929,30.534929275512695
2021-07-07,UVXY,8563,7040.0
2021-07-08,UVXY,8563,7722.5
2021-07-09,TQQQ,2101925,30.708505630493164
2021-07-12,TQQQ,2101925,31.093698501586914
2021-07-13,TQQQ,2101925,31.077049255371094
2021-07-14,TQQQ,2101925,31.245874404907227
2021-07-15,TQQQ,2101925,30.599130630493164
2021-07-16,TQQQ,2101925,29.847759246826172
2021-07-19,TQQQ,2101925,29.132061004638672
2021-07-20,TQQQ,2101925,30.092668533325195
2021-07-21,TQQQ,2101925,30.77983856201172
2021-07-22,TQQQ,2101925,31.426586151123047
2021-07-23,TQQQ,2101925,32.47041320800781
2021-07-26,TQQQ,2101925,32.605934143066406
2021-07-27,TQQQ,2101925,31.540712356567383
2021-07-28,TQQQ,2101925,31.885488510131836
2021-07-29,TQQQ,2101925,32.042415618896484
2021-07-30,TQQQ,2101925,31.562114715576172
2021-08-02,TQQQ,2101925,31.55259895324707
2021-08-03,TQQQ,2101925,32.10186004638672
2021-08-04,TQQQ,2101925,32.26116180419922
2021-08-05,TQQQ,2101925,32.86749267578125
2021-08-06,TQQQ,2101925,32.43949890136719
2021-08-09,TQQQ,2101925,32.61307144165039
2021-08-10,TQQQ,2101925,32.12563705444336
2021-08-11,TQQQ,2101925,31.95206642150879
2021-08-12,TQQQ,2101925,32.284942626953125
2021-08-13,TQQQ,2101925,32.60831832885742
2021-08-16,TQQQ,2101925,32.6653938293457
2021-08-17,TQQQ,2101925,31.807016372680664
2021-08-18,TQQQ,2101925,30.882080078125
2021-08-19,TQQQ,2101925,31.321958541870117
2021-08-20,TQQQ,2101925,32.28969955444336
2021-08-23,TQQQ,2101925,33.728233337402344
2021-08-24,TQQQ,2101925,34.06111526489258
2021-08-25,TQQQ,2101925,34.09916305541992
2021-08-26,TQQQ,2101925,33.52136993408203
2021-08-27,TQQQ,2101925,34.501007080078125
2021-08-30,TQQQ,2101925,35.64469528198242
2021-08-31,TQQQ,2101925,35.54482650756836
2021-09-01,TQQQ,2101925,35.73979949951172
2021-09-02,TQQQ,2101925,35.68986892700195
2021-09-03,TQQQ,2101925,36.010860443115234
2021-09-07,TQQQ,2101925,36.15828323364258
2021-09-08,TQQQ,2101925,35.787349700927734
2021-09-09,TQQQ,2101925,35.404541015625
2021-09-10,TQQQ,2101925,34.60799026489258
2021-09-13,TQQQ,2101925,34.5295295715332
2021-09-14,TQQQ,2101925,34.23230743408203
2021-09-15,TQQQ,2101925,34.990814208984375
2021-09-16,TQQQ,2101925,35.05976104736328
2021-09-17,TQQQ,2101925,33.82096481323242
2021-09-20,TQQQ,2101925,31.740449905395508
2021-09-21,TQQQ,2101925,31.780872344970703
2021-09-22,TQQQ,2101925,32.71056365966797
2021-09-23,TQQQ,2101925,33.618858337402344
2021-09-24,TQQQ,2101925,33.713966369628906
2021-09-27,TQQQ,2101925,32.900779724121094
2021-09-28,TQQQ,2101925,30.156871795654297
2021-09-29,TQQQ,2101925,29.95713996887207
2021-09-30,TQQQ,2101925,29.619497299194336
2021-10-01,TQQQ,2101925,30.15924644470215
2021-10-04,TQQQ,2101925,28.304607391357422
2021-10-05,TQQQ,2101925,29.39361572265625
2021-10-06,TQQQ,2101925,29.97378158569336
2021-10-07,TQQQ,2101925,30.784589767456055
2021-10-08,TQQQ,2101925,30.311424255371094
2021-10-11,TQQQ,2101925,29.638521194458008
2021-10-12,TQQQ,2101925,29.3365478515625
2021-10-13,TQQQ,2101925,30.02371597290039
2021-10-14,TQQQ,2101925,31.681001663208008
2021-10-15,TQQQ,2101925,32.268306732177734
2021-10-18,TQQQ,2101925,33.23603820800781
2021-10-19,TQQQ,2101925,33.96601486206055
2021-10-20,TQQQ,2101925,33.85900115966797
2021-10-21,TQQQ,2101925,34.46533203125
2021-10-22,TQQQ,2101925,33.59270477294922
2021-10-25,TQQQ,2101925,34.60085678100586
2021-10-26,TQQQ,2101925,34.92423629760742
2021-10-27,TQQQ,2101925,35.20005798339844
2021-10-28,TQQQ,2101925,36.35563278198242
2021-10-29,TQQQ,2101925,36.89300537109375
2021-11-01,TQQQ,2101925,37.256797790527344
2021-11-02,TQQQ,2101925,37.753753662109375
2021-11-03,TQQQ,2101925,38.95212173461914
2021-11-04,UVXY,22942,3735.0
2021-11-05,UVXY,22942,3937.5
2021-11-08,UVXY,22942,3942.5
2021-11-09,UVXY,22942,4047.5
2021-11-10,TQQQ,2476364,37.82269287109375
2021-11-11,TQQQ,2476364,38.12942886352539
2021-11-12,TQQQ,2476364,39.339691162109375
2021-11-15,TQQQ,2476364,39.32781219482422
2021-11-16,TQQQ,2476364,40.14099884033203
2021-11-17,TQQQ,2476364,40.18855285644531
2021-11-18,TQQQ,2476364,41.417842864990234
2021-11-19,TQQQ,2476364,42.11927032470703
2021-11-22,TQQQ,2476364,40.65934371948242
2021-11-23,TQQQ,2476364,40.105342864990234
2021-11-24,TQQQ,2476364,40.47624969482422
2021-11-26,TQQQ,2476364,38.243560791015625
2021-11-29,TQQQ,2476364,40.618919372558594
2021-11-30,TQQQ,2476364,38.8736572265625
2021-12-01,TQQQ,2476364,36.87873840332031
2021-12-02,TQQQ,2476364,37.573036193847656
2021-12-03,TQQQ,2476364,35.68510818481445
2021-12-06,TQQQ,2476364,36.51969528198242
2021-12-07,TQQQ,2476364,39.812870025634766
2021-12-08,TQQQ,2476364,40.366886138916016
2021-12-09,TQQQ,2476364,38.62400436401367
2021-12-10,TQQQ,2476364,39.81999969482422
2021-12-13,TQQQ,2476364,38.108036041259766
2021-12-14,TQQQ,2476364,36.97384262084961
2021-12-15,TQQQ,2476364,39.42053985595703
2021-12-16,TQQQ,2476364,36.41270446777344
2021-12-17,TQQQ,2476364,35.8563117980957
2021-12-20,TQQQ,2476364,34.78395080566406
2021-12-21,TQQQ,2476364,37.109371185302734
2021-12-22,TQQQ,2476364,38.433780670166016
2021-12-23,TQQQ,2476364,39.346832275390625
2021-12-27,TQQQ,2476364,41.227622985839844
2021-12-28,TQQQ,2476364,40.74256134033203
2021-12-29,TQQQ,2476364,40.678367614746094
2021-12-30,TQQQ,2476364,40.29792785644531
2021-12-31,TQQQ,2476364,39.54893493652344
2022-01-03,TQQQ,2476364,40.690250396728516
2022-01-04,TQQQ,2476364,39.10905838012695
2022-01-05,TQQQ,2476364,35.511539459228516
2022-01-06,TQQQ,2476364,35.4140510559082
2022-01-07,TQQQ,2476364,34.25609588623047
2022-01-10,TQQQ,2476364,34.38210678100586
2022-01-11,TQQQ,2476364,35.89435577392578
2022-01-12,TQQQ,2476364,36.30331802368164
2022-01-13,TQQQ,2476364,33.668785095214844
2022-01-14,TQQQ,2476364,34.17761993408203
2022-01-18,TQQQ,2476364,31.71428680419922
2022-01-19,TQQQ,2476364,30.61101531982422
2022-01-20,TQQQ,2476364,29.426904678344727
2022-01-21,TQQQ,2476364,26.949298858642578
2022-01-24,TECL,1215277,55.94766616821289
2022-01-25,TQQQ,2482477,25.322925567626953
2022-01-26,TECL,1187826,52.942203521728516
2022-01-27,TECL,1187826,51.92498016357422
2022-01-28,TECL,1187826,58.62020492553711
2022-01-31,TQQQ,2570611,29.40312385559082
2022-02-01,TQQQ,2570611,29.96427345275879
2022-02-02,TQQQ,2570611,30.672834396362305
2022-02-03,TQQQ,2570611,26.98258399963379
2022-02-04,TQQQ,2570611,27.914661407470703
2022-02-07,TQQQ,2570611,27.282180786132812
2022-02-08,TQQQ,2570611,28.209501266479492
2022-02-09,TQQQ,2570611,29.959514617919922
2022-02-10,TQQQ,2570611,27.971729278564453
2022-02-11,TQQQ,2570611,25.337188720703125
2022-02-14,TECS,19835,3214.092041015625
2022-02-15,TECS,19835,2960.484130859375
2022-02-16,TQQQ,2240901,27.244136810302734
2022-02-17,TQQQ,2240901,24.828353881835938
2022-02-18,TECS,17481,3332.270263671875
2022-02-22,TECS,17481,3427.157470703125
2022-02-23,TECS,17481,3689.391357421875
2022-02-24,TECL,1723684,51.138938903808594
2022-02-25,TECL,1,53.312110900878906
2022-02-25,TECS,27235,3176.136962890625
2022-02-28,TECS,27235,3194.251953125
2022-03-01,BSV,1271354,69.25607299804688
2022-03-02,BSV,1271354,68.89981842041016
2022-03-03,TECS,28443,3278.7880859375
2022-03-04,TECS,28443,3445.271728515625
2022-03-07,TECS,28443,3823.958251953125
2022-03-08,TECS,28443,3876.57763671875
2022-03-09,TECS,28443,3421.119140625
2022-03-10,TECS,28443,3601.405029296875
2022-03-11,TECS,28443,3785.14013671875
2022-03-14,TECS,28443,3999.931884765625
2022-03-15,TECS,28443,3601.405029296875
2022-03-16,TECS,28443,3247.73388671875
2022-03-17,TECL,1968735,49.65932846069336
2022-03-18,TECL,1968735,52.62779235839844
2022-03-21,TQQQ,4057447,25.10417366027832
2022-03-22,TQQQ,4057447,26.5878849029541
2022-03-23,TQQQ,4057447,25.46558380126953
2022-03-24,TQQQ,4057447,27.115741729736328
2022-03-25,TQQQ,4057447,27.072940826416016
2022-03-28,TQQQ,4057447,28.304607391357422
2022-03-29,TQQQ,4057447,29.75502586364746
2022-03-30,TQQQ,4057447,28.86100196838379
2022-03-31,TQQQ,4057447,27.667375564575195
2022-04-01,TQQQ,4057447,27.548490524291992
2022-04-04,TQQQ,4057447,29.269969940185547
2022-04-05,TQQQ,4057447,27.334489822387695
2022-04-06,TQQQ,4057447,25.536922454833984
2022-04-07,TQQQ,4057447,25.7033634185791
2022-04-08,TQQQ,4057447,24.65240478515625
2022-04-11,TQQQ,4057447,22.902385711669922
2022-04-12,TQQQ,1,22.6075439453125
2022-04-12,TECS,30819,3318.468017578125
2022-04-13,TECS,30819,3166.648193359375
2022-04-14,TECS,30819,3389.2021484375
2022-04-18,TECS,30819,3362.461181640625
2022-04-19,TECS,30819,3169.236328125
2022-04-20,TECS,30819,3183.900634765625
2022-04-21,TECS,30819,3343.48388671875
2022-04-22,TECS,30819,3626.419921875
2022-04-25,TECS,30819,3465.974609375
2022-04-26,TECS,30819,3847.248779296875
2022-04-27,TECL,2937984,39.450035095214844
2022-04-28,TECL,2937984,44.16627883911133
2022-04-29,TECS,37510,3634.1845703125
2022-05-02,TECS,37510,3465.11181640625
2022-05-03,TECS,37510,3456.48583984375
2022-05-04,TECS,37510,3091.601318359375
2022-05-05,BSV,1807445,67.0170669555664
2022-05-06,TECS,33109,3629.008544921875
2022-05-09,TECS,33109,4045.6494140625
2022-05-10,TECL,3505648,34.64131546020508
2022-05-11,TECS,29709,4226.7978515625
2022-05-12,TECL,4389064,30.359699249267578
2022-05-13,TECL,4389064,33.42988967895508
2022-05-16,TECS,35742,4018.046630859375
2022-05-17,TECS,35742,3676.451904296875
2022-05-18,TECS,35742,4176.76708984375
2022-05-19,TECS,35742,4314.78466796875
2022-05-20,TECS,35742,4289.76904296875
2022-05-23,TECS,35742,3999.06884765625
2022-05-24,BSV,2209985,67.5395278930664
2022-05-25,BSV,2209985,67.60919189453125
2022-05-26,BSV,2209985,67.64404296875
2022-05-27,BSV,2209985,67.6962661743164
2022-05-31,TECL,4085596,36.185646057128906
2022-06-01,TECL,4085596,35.81575012207031
2022-06-02,TECL,4085596,38.36807632446289
2022-06-03,TECL,4085596,35.62154769897461
2022-06-06,TECL,4085596,35.60305404663086
2022-06-07,TECL,4085596,36.93470764160156
2022-06-08,TECL,4085596,35.649288177490234
2022-06-09,TECL,4085596,32.79179763793945
2022-06-10,TECS,32340,4135.36181640625
2022-06-13,TECS,32340,4682.25732421875
2022-06-14,TECL,5728441,25.615703582763672
2022-06-15,TECL,5728441,27.224777221679688
2022-06-16,TECS,30881,4817.6875
2022-06-17,SPXL,2580769,58.205387115478516
2022-06-21,SPXL,2580769,62.48872756958008
2022-06-22,TECS,34588,4397.595703125
2022-06-23,TECS,34588,4197.4697265625
2022-06-24,TECS,34589,3759.262939453125
2022-06-27,BSV,1923275,66.62601470947266
2022-06-28,BSV,1923275,66.65211486816406
2022-06-29,TECS,30465,4146.5751953125
2022-06-30,TECS,30465,4311.3349609375
2022-07-01,BSV,1990304,67.22956085205078
2022-07-05,BSV,1990304,67.33431243896484
2022-07-06,BSV,1990304,67.06371307373047
2022-07-07,TECL,4726522,29.508920669555664
2022-07-08,TECL,4726522,29.58290672302246
2022-07-11,TECL,4726522,28.334484100341797
2022-07-12,TECL,4726522,27.169294357299805
2022-07-13,TECL,4726522,26.956600189208984
2022-07-14,TECS,29226,4001.656982421875
2022-07-15,TECL,3979500,29.111276626586914
2022-07-18,TECL,3979500,28.28824234008789
2022-07-19,TECL,3979500,30.794334411621094
2022-07-20,TECL,3979500,32.28318786621094
2022-07-21,TECS,38271,3236.519775390625
2022-07-22,TECS,38271,3371.08740234375
2022-07-25,TECL,4022498,31.682096481323242
2022-07-26,TECL,4022498,30.08226776123047
2022-07-27,TECL,4022498,33.95698928833008
2022-07-28,TECL,4022498,35.51057434082031
2022-07-29,TECL,4022498,37.08266067504883
2022-08-01,TECS,49547,2880.260986328125
2022-08-02,TECS,49547,2941.506591796875
2022-08-03,TECS,49547,2706.876220703125
2022-08-04,TECS,49547,2670.646240234375
2022-08-05,TECS,49547,2690.486572265625
2022-08-08,TECS,49547,2762.082763671875
2022-08-09,TECS,49547,2843.1689453125
2022-08-10,TECL,3308654,40.032630920410156
2022-08-11,TECS,53050,2645.631103515625
2022-08-12,TECS,53050,2485.184814453125
2022-08-15,TECS,53050,2438.603759765625
2022-08-16,TECS,53050,2457.581298828125
2022-08-17,TQQQ,7523345,17.737934112548828
2022-08-18,TECL,3218618,42.05784606933594
2022-08-19,TECS,52098,2609.4013671875
2022-08-22,TECL,3745755,36.444580078125
2022-08-23,TECS,47560,2854.3828125
2022-08-24,TECS,47560,2848.3447265625
2022-08-25,TECS,47560,2706.013916015625
2022-08-26,TECS,47560,3053.64599609375
2022-08-29,TECS,47560,3174.411865234375
2022-08-30,TECS,47560,3271.886962890625
2022-08-31,TECS,47560,3369.3623046875
2022-09-01,TECS,47560,3421.981689453125
2022-09-02,TECS,47560,3554.8232421875
2022-09-06,TECL,5935635,27.724145889282227
2022-09-07,TECL,5935636,29.03730010986328
2022-09-08,TECS,47644,3418.53076171875
2022-09-09,TECS,47644,3215.817138671875
2022-09-12,TECS,47644,3064.8603515625
2022-09-13,TECS,47644,3553.961669921875
2022-09-14,TECS,47644,3508.24267578125
2022-09-15,TECS,47644,3761.85009765625
2022-09-16,TECS,47644,3818.78369140625
2022-09-19,TECS,47644,3729.0712890625
2022-09-20,TECS,47644,3792.904541015625
2022-09-21,TECS,47644,3976.6416015625
2022-09-22,TECS,47644,4101.71875
2022-09-23,TECL,8780451,22.573261260986328
2022-09-26,TECL,8780452,22.073898315429688
2022-09-27,TECL,8780452,22.184864044189453
2022-09-28,TECL,8780452,22.84144401550293
2022-09-29,TECS,43797,4539.92529296875
2022-09-30,TECL,9645114,19.863731384277344
2022-10-03,TECL,9645115,21.648509979248047
2022-10-04,TECS,53962,3912.807861328125
2022-10-05,TECS,53962,3874.852294921875
2022-10-06,TECS,53962,3974.916015625
2022-10-07,TECS,53962,4464.8798828125
2022-10-10,TECS,53962,4688.29541015625
2022-10-11,TECS,53962,4909.12451171875
2022-10-12,TECL,14209936,18.448854446411133
2022-10-13,TECL,14209938,20.12265968322754
2022-10-14,TECS,67264,4857.3671875
2022-10-17,TECS,67264,4438.1376953125
2022-10-18,TECS,67264,4317.37255859375
2022-10-19,TECS,67264,4358.7783203125
2022-10-20,TECS,67264,4356.18994140625
2022-10-21,TECS,67264,4013.733154296875
2022-10-24,TECL,11865456,22.989398956298828
2022-10-25,TECL,11865457,24.31180191040039
2022-10-26,TECL,11865457,22.674983978271484
2022-10-27,TECL,11865457,21.925931930541992
2022-10-28,BSV,4037933,65.44664764404297
2022-10-31,TECL,10952890,23.78468894958496
2022-11-01,TECL,10952891,23.165102005004883
2022-11-02,TECL,10952891,20.7607421875
2022-11-03,TECS,51340,4461.4287109375
2022-11-04,TECS,51340,4219.8974609375
2022-11-07,TECS,51340,4008.5576171875
2022-11-08,TECS,51340,3899.005126953125
2022-11-09,BSV,3160017,65.36961364746094
2022-11-10,BSV,3160017,65.91363525390625
2022-11-11,TECL,8452201,25.985607147216797
2022-11-14,TECL,8452202,25.301288604736328
2022-11-15,TECL,8452202,26.179805755615234
2022-11-16,TECL,8452202,25.107093811035156
2022-11-17,TECL,8452202,25.19956398010254
2022-11-18,TECL,8452202,25.31053352355957
2022-11-21,TECL,8452202,24.469009399414062
2022-11-22,TECL,8452202,25.874637603759766
2022-11-23,TECL,8452202,26.549705505371094
2022-11-25,TECL,8452202,26.087329864501953
2022-11-28,TECL,8452202,24.385780334472656
2022-11-29,TECL,8452202,23.682968139648438
2022-11-30,TECL,8452202,27.215530395507812
2022-12-01,TQQQ,20441681,11.265728950500488
2022-12-02,TQQQ,20441689,11.132575035095215
2022-12-05,TQQQ,20441689,10.571428298950195
2022-12-06,TECL,8471008,23.849424362182617
2022-12-07,BSV,2997528,66.53966522216797
2022-12-08,BSV,2997528,66.40787506103516
2022-12-09,BSV,2997528,66.38153076171875
2022-12-12,BSV,2997528,66.32000732421875
2022-12-13,BSV,2997528,66.5748291015625
2022-12-14,TQQQ,18892623,10.366944313049316
2022-12-15,BSV,2811033,66.64512634277344
2022-12-16,BSV,2811033,66.6715316772461
2022-12-19,BSV,2811033,66.53089904785156
2022-12-20,TECS,53117,3427.157470703125
2022-12-21,TECS,53117,3262.39794921875
2022-12-22,BSV,2705958,66.51334381103516
2022-12-23,TECS,50132,3503.92919921875
2022-12-27,TECS,50132,3600.541748046875
2022-12-28,TECS,50132,3775.65234375
2022-12-29,TECL,9363794,20.573518753051758
2022-12-30,TECS,51635,3499.616455078125
2023-01-03,TECS,51635,3603.9921875
2023-01-04,TECS,51635,3584.15234375
2023-01-05,TECS,51635,3794.629638671875
2023-01-06,TECS,51635,3465.974609375
2023-01-09,BSV,2605989,66.79585266113281
2023-01-10,BSV,2605989,66.75181579589844
2023-01-11,TECL,7965040,22.69574546813965
2023-01-12,TQQQ,19489453,9.421696662902832
2023-01-13,TQQQ,19489463,9.608121871948242
2023-01-17,TQQQ,19489463,9.6607027053833
2023-01-18,TQQQ,19489463,9.302190780639648
2023-01-19,TECL,7986663,22.00995445251465
2023-01-20,TECL,7986665,23.733686447143555
2023-01-23,TECL,1,25.34620475769043
2023-01-23,TQQQ,19527128,10.387287139892578
2023-01-24,TQQQ,19527139,10.325149536132812
2023-01-25,TQQQ,19527139,10.248664855957031
2023-01-26,TQQQ,19527139,10.841404914855957
2023-01-27,TQQQ,19527139,11.152113914489746
2023-01-30,TQQQ,19527139,10.482891082763672
2023-01-31,TQQQ,19527139,10.951347351074219
2023-02-01,TQQQ,19527139,11.65881061553955
2023-02-02,TQQQ,19527139,12.863410949707031
2023-02-03,TQQQ,19527139,12.198968887329102
2023-02-06,TQQQ,19527139,11.888260841369629
2023-02-07,TQQQ,19527139,12.624402046203613
2023-02-08,TQQQ,19527139,11.945619583129883
2023-02-09,TQQQ,19527139,11.625348091125488
2023-02-10,TQQQ,19527139,11.386341094970703
2023-02-13,TQQQ,19527139,11.926499366760254
2023-02-14,TQQQ,19527139,12.1846284866333
2023-02-15,TQQQ,19527139,12.457097053527832
2023-02-16,TQQQ,19527139,11.744852066040039
2023-02-17,TQQQ,19527139,11.49150562286377
2023-02-21,TQQQ,19527139,10.683659553527832
2023-02-22,TQQQ,19527139,10.693218231201172
2023-02-23,TQQQ,19527139,10.960906982421875
2023-02-24,TQQQ,19527139,10.40640926361084
2023-02-27,TQQQ,19527139,10.631075859069824
2023-02-28,TQQQ,19527139,10.57849407196045
2023-03-01,TQQQ,19527139,10.320366859436035
2023-03-02,TQQQ,19527139,10.56893539428711
2023-03-03,TQQQ,19527139,11.214256286621094
2023-03-06,TQQQ,19527139,11.262057304382324
2023-03-07,TQQQ,19527139,10.841404914855957
2023-03-08,TQQQ,19527139,10.989588737487793
2023-03-09,TQQQ,19527139,10.411189079284668
2023-03-10,TQQQ,19527139,9.980974197387695
2023-03-13,BSV,2846022,67.09288787841797
2023-03-14,SPXL,3095541,62.02396774291992
2023-03-15,TQQQ,17288819,11.046950340270996
2023-03-16,TECL,6946001,29.803800582885742
2023-03-17,TQQQ,17503759,11.744852066040039
2023-03-20,TQQQ,17503765,11.86913776397705
2023-03-21,TQQQ,17503765,12.371055603027344
2023-03-22,TQQQ,17503765,11.866209983825684
2023-03-23,TQQQ,17503765,12.289319038391113
2023-03-24,TQQQ,17503765,12.414325714111328
2023-03-27,TQQQ,17503765,12.159499168395996
2023-03-28,TQQQ,17503765,11.957565307617188
2023-03-29,TQQQ,17503765,12.611456871032715
2023-03-30,TQQQ,17503765,12.952827453613281
2023-03-31,TQQQ,17503765,13.587485313415527
2023-04-03,TQQQ,17503765,13.491323471069336
2023-04-04,TQQQ,17503765,13.35669994354248
2023-04-05,TQQQ,17503765,12.928784370422363
2023-04-06,TQQQ,17503765,13.188419342041016
2023-04-10,TQQQ,17503765,13.159570693969727
2023-04-11,TQQQ,17503765,12.904746055603027
2023-04-12,TQQQ,17503765,12.563375473022461
2023-04-13,TQQQ,17503765,13.28458023071289
2023-04-14,TQQQ,17503765,13.207651138305664
2023-04-17,TQQQ,17503765,13.222073554992676
2023-04-18,TQQQ,17503765,13.231694221496582
2023-04-19,TQQQ,17503765,13.20284366607666
2023-04-20,TQQQ,17503765,12.89512825012207
2023-04-21,TQQQ,17503765,12.919169425964355
2023-04-24,TQQQ,17503765,12.842242240905762
2023-04-25,TQQQ,17503765,12.116230964660645
2023-04-26,TQQQ,17503765,12.31816577911377
2023-04-27,TQQQ,17503765,13.31342887878418
2023-04-28,TQQQ,17503765,13.582676887512207
2023-05-01,TQQQ,17503765,13.544212341308594
2023-05-02,TQQQ,17503765,13.183609008789062
2023-05-03,TQQQ,17503765,12.923977851867676
2023-05-04,TQQQ,17503765,12.779738426208496
2023-05-05,TQQQ,17503765,13.563445091247559
2023-05-08,TQQQ,17503765,13.674030303955078
2023-05-09,TQQQ,17503765,13.409587860107422
2023-05-10,TQQQ,17503765,13.84231185913086
2023-05-11,TQQQ,17503765,13.95770263671875
2023-05-12,TQQQ,17503765,13.813461303710938
2023-05-15,TQQQ,17503765,14.025015830993652
2023-05-16,TQQQ,17503765,14.077905654907227
2023-05-17,TQQQ,17503765,14.582746505737305
2023-05-18,TQQQ,17503765,15.366456031799316
2023-05-19,TQQQ,17503765,15.260677337646484
2023-05-22,TQQQ,17503765,15.419342994689941
2023-05-23,TQQQ,17503765,14.82314682006836
2023-05-24,TQQQ,17503765,14.582746505737305
2023-05-25,TQQQ,17503765,15.635708808898926
2023-05-26,TQQQ,17503765,16.818479537963867
2023-05-30,TQQQ,17503765,17.0540714263916
2023-05-31,TQQQ,17503765,16.707889556884766
2023-06-01,TQQQ,17503765,17.313705444335938
2023-06-02,TQQQ,17503765,17.703153610229492
2023-06-05,TQQQ,17503765,17.741621017456055
2023-06-06,TQQQ,17503765,17.722387313842773
2023-06-07,TQQQ,17503765,16.818479537963867
2023-06-08,TQQQ,17503765,17.395444869995117
2023-06-09,TQQQ,17503765,17.60699462890625
2023-06-12,TQQQ,17503765,18.506093978881836
2023-06-13,TQQQ,17503765,18.919588088989258
2023-06-14,TQQQ,17503765,19.323463439941406
2023-06-15,TQQQ,17503765,20.001392364501953
2023-06-16,UVXY,634230,530.0
2023-06-20,TQQQ,17753310,19.520593643188477
2023-06-21,TQQQ,17753312,18.738262176513672
2023-06-22,TQQQ,17753312,19.360464096069336
2023-06-23,TQQQ,17753312,18.786495208740234
2023-06-26,TQQQ,17753312,18.043716430664062
2023-06-27,TQQQ,17753312,18.93601417541504
2023-06-28,TQQQ,17753312,19.051769256591797
2023-06-29,TQQQ,17753312,18.92154884338379
2023-06-30,TQQQ,17753312,19.77525520324707
2023-07-03,TQQQ,17753312,19.910308837890625
2023-07-05,TQQQ,17753312,19.895837783813477
2023-07-06,TQQQ,17753312,19.4279842376709
2023-07-07,TQQQ,17753312,19.230234146118164
2023-07-10,TQQQ,17753312,19.24470329284668
2023-07-11,TQQQ,17753312,19.519628524780273
2023-07-12,TQQQ,17753312,20.24311065673828
2023-07-13,TQQQ,17753312,21.251169204711914
2023-07-14,TQQQ,17753312,21.23187255859375
2023-07-17,TQQQ,17753312,21.820308685302734
2023-07-18,TQQQ,17753312,22.34122085571289
2023-07-19,TQQQ,17753312,22.34122085571289
2023-07-20,TQQQ,17753312,20.77366828918457
2023-07-21,TQQQ,17753312,20.59037971496582
2023-07-24,TQQQ,17753312,20.672382354736328
2023-07-25,TQQQ,17753312,21.087177276611328
2023-07-26,TQQQ,17753312,20.87013053894043
2023-07-27,TQQQ,17753312,20.69167709350586
2023-07-28,TQQQ,17753312,21.810665130615234
2023-07-31,TQQQ,17753312,21.85407257080078
2023-08-01,TQQQ,17753312,21.685256958007812
2023-08-02,TQQQ,17753312,20.267230987548828
2023-08-03,TQQQ,17753312,20.122529983520508
2023-08-04,TQQQ,17753312,19.842784881591797
2023-08-07,TQQQ,17753312,20.334753036499023
2023-08-08,TQQQ,17753312,19.813844680786133
2023-08-09,TQQQ,17753312,19.153060913085938
2023-08-10,TQQQ,17753312,19.23987579345703
2023-08-11,TQQQ,17753312,18.854019165039062
2023-08-14,TQQQ,17753312,19.481035232543945
2023-08-15,TQQQ,17753312,18.882959365844727
2023-08-16,TQQQ,17753312,18.255939483642578
2023-08-17,TQQQ,17753312,17.638566970825195
2023-08-18,TQQQ,17753312,17.556568145751953
2023-08-21,TQQQ,17753312,18.405458450317383
2023-08-22,TQQQ,17753312,18.323463439941406
2023-08-23,TQQQ,17753312,19.186824798583984
2023-08-24,TQQQ,17753312,17.92313575744629
2023-08-25,TQQQ,17753312,18.347583770751953
2023-08-28,TQQQ,17753312,18.75755500793457
2023-08-29,TQQQ,17753312,19.953718185424805
2023-08-30,TQQQ,17753312,20.286523818969727
2023-08-31,TQQQ,17753312,20.46980094909668
2023-09-01,TQQQ,17753312,20.397457122802734
2023-09-05,TQQQ,17753312,20.450511932373047
2023-09-06,TQQQ,17753312,19.910308837890625
2023-09-07,TQQQ,17753312,19.476219177246094
2023-09-08,TQQQ,17753312,19.534095764160156
2023-09-11,TQQQ,17753312,20.199705123901367
2023-09-12,TQQQ,17753312,19.553388595581055
2023-09-13,TQQQ,17753312,19.746315002441406
2023-09-14,TQQQ,17753312,20.2093505859375
2023-09-15,TQQQ,17753312,19.172353744506836
2023-09-18,TQQQ,17753312,19.21576499938965
2023-09-19,TQQQ,17753312,19.100004196166992
2023-09-20,TQQQ,17753312,18.271841049194336
2023-09-21,TQQQ,17753312,17.23119354248047
2023-09-22,TQQQ,17753312,17.245716094970703
2023-09-25,TQQQ,17753312,17.47320556640625
2023-09-26,TQQQ,17753312,16.693931579589844
2023-09-27,TQQQ,17753312,16.795576095581055
2023-09-28,TQQQ,17753312,17.202152252197266
2023-09-29,TQQQ,17753312,17.240877151489258
2023-10-02,TQQQ,17753312,17.652294158935547
2023-10-03,TQQQ,17753312,16.718128204345703
2023-10-04,TQQQ,17753312,17.395763397216797
2023-10-05,TQQQ,17753312,17.21183204650879
2023-10-06,TQQQ,17753312,18.078231811523438
2023-10-09,TQQQ,17753312,18.34444808959961
2023-10-10,TQQQ,17753312,18.644540786743164
2023-10-11,TQQQ,17753312,19.041440963745117
2023-10-12,TQQQ,17753312,18.818788528442383
2023-10-13,TQQQ,17753312,18.107275009155273
2023-10-16,TQQQ,17753312,18.717140197753906
2023-10-17,TQQQ,17753312,18.538055419921875
2023-10-18,TQQQ,17753312,17.753938674926758
2023-10-19,TQQQ,17753312,17.279600143432617
2023-10-20,TQQQ,17753312,16.500320434570312
2023-10-23,TQQQ,17753312,16.645530700683594
2023-10-24,TQQQ,17753312,17.115032196044922
2023-10-25,TQQQ,17753312,15.861412048339844
2023-10-26,TECS,191005,1547.96435546875
2023-10-27,TECL,7743955,37.353858947753906
2023-10-30,TECL,1,38.553123474121094
2023-10-30,SPXL,4330671,68.97776794433594
2023-10-31,TECS,203932,1440.777099609375
2023-11-01,TECS,203932,1359.4932861328125
2023-11-02,TECS,1,1288.9283447265625
2023-11-02,TQQQ,15546924,17.570011138916016
2023-11-03,TQQQ,15546999,18.189563751220703
2023-11-06,TQQQ,15546999,18.39769172668457
2023-11-07,TQQQ,15546999,18.915592193603516
2023-11-08,TQQQ,15546999,18.949472427368164
2023-11-09,TQQQ,15546999,18.49933433532715
2023-11-10,TQQQ,15546999,19.733591079711914
2023-11-13,TQQQ,15546999,19.554500579833984
2023-11-14,TQQQ,15546999,20.783918380737305
2023-11-15,TQQQ,15546999,20.842002868652344
2023-11-16,TQQQ,15546999,20.87588119506836
2023-11-17,TQQQ,15546999,20.890403747558594
2023-11-20,TQQQ,15546999,21.63579750061035
2023-11-21,TQQQ,15546999,21.24374008178711
2023-11-22,TQQQ,15546999,21.49059295654297
2023-11-24,TQQQ,15546999,21.38410758972168
2023-11-27,TQQQ,15546999,21.321182250976562
2023-11-28,TQQQ,15546999,21.49059295654297
2023-11-29,TQQQ,15546999,21.413145065307617
2023-11-30,TQQQ,15546999,21.23406410217285
2023-12-01,TQQQ,15546999,21.413145065307617
2023-12-04,TQQQ,15546999,20.80328369140625
2023-12-05,TQQQ,15546999,20.953325271606445
2023-12-06,TQQQ,15546999,20.580631256103516
2023-12-07,TQQQ,15546999,21.442188262939453
2023-12-08,TQQQ,15546999,21.69872283935547
2023-12-11,TQQQ,15546999,22.250505447387695
2023-12-12,TQQQ,15546999,22.78777503967285
2023-12-13,TQQQ,15546999,23.59124755859375
2023-12-14,UVXY,1753611,214.25
2023-12-15,UVXY,1753611,224.5
2023-12-18,UVXY,1753611,225.25
2023-12-19,UVXY,1753611,230.5
2023-12-20,UVXY,1753611,250.75
2023-12-21,TQQQ,17724571,24.38028335571289
2023-12-22,TQQQ,17724572,24.477510452270508
2023-12-26,TQQQ,17724572,24.924768447875977
2023-12-27,TQQQ,17724572,25.056026458740234
2023-12-28,TQQQ,17724572,24.99282455444336
2023-12-29,TQQQ,17724572,24.647663116455078
2024-01-02,TQQQ,17724572,23.398265838623047
2024-01-03,TQQQ,17724572,22.64959716796875
2024-01-04,TQQQ,17724572,22.270401000976562
2024-01-05,TQQQ,17724572,22.353046417236328
2024-01-08,TQQQ,17724572,23.699676513671875
2024-01-09,TQQQ,17724572,23.855241775512695
2024-01-10,TQQQ,17724572,24.326805114746094
2024-01-11,TQQQ,17724572,24.443477630615234
2024-01-12,TQQQ,17724572,24.472652435302734
2024-01-16,TQQQ,17724572,24.458066940307617
2024-01-17,TQQQ,17724572,24.035120010375977
2024-01-18,TQQQ,17724572,25.065750122070312
2024-01-19,TQQQ,17724572,26.51446533203125
2024-01-22,TQQQ,17724572,26.62141990661621
2024-01-23,TQQQ,17724572,26.937416076660156
2024-01-24,TQQQ,17724572,27.37980842590332
2024-01-25,TQQQ,17724572,27.45759391784668
2024-01-26,TQQQ,17724572,26.951997756958008
2024-01-29,TQQQ,17724572,27.74441909790039
2024-01-30,TQQQ,17724572,27.190216064453125
2024-01-31,TQQQ,17724572,25.590789794921875
2024-02-01,TQQQ,17724572,26.495019912719727
2024-02-02,TQQQ,17724572,27.827070236206055
2024-02-05,TQQQ,17724572,27.68608283996582
2024-02-06,TQQQ,17724572,27.525653839111328
2024-02-07,TQQQ,17724572,28.347244262695312
2024-02-08,TQQQ,17724572,28.46391487121582
2024-02-09,TQQQ,17724572,29.300092697143555
2024-02-12,TQQQ,17724572,28.954927444458008
2024-02-13,TQQQ,17724572,27.583993911743164
2024-02-14,TQQQ,17724572,28.45905876159668
2024-02-15,TQQQ,17724572,28.697269439697266
2024-02-16,TQQQ,17724572,27.909709930419922
2024-02-20,TQQQ,17724572,27.26313018798828
2024-02-21,TQQQ,17724572,26.922832489013672
2024-02-22,TQQQ,17724572,29.25147819519043
2024-02-23,TQQQ,17724572,28.98409652709961
2024-02-26,TQQQ,17724572,28.94520378112793
2024-02-27,TQQQ,17724572,29.125076293945312
2024-02-28,TQQQ,17724572,28.65351676940918
2024-02-29,TQQQ,17724572,29.34384536743164
2024-03-01,TQQQ,17724572,30.690473556518555
2024-03-04,TQQQ,17724572,30.325862884521484
2024-03-05,TQQQ,17724572,28.702131271362305
2024-03-06,TQQQ,17724572,29.232030868530273
2024-03-07,TQQQ,17724572,30.5349063873291
2024-03-08,TQQQ,17724572,29.197999954223633
2024-03-11,TQQQ,17724572,28.85770034790039
2024-03-12,TQQQ,17724572,30.082786560058594
2024-03-13,TQQQ,17724572,29.382736206054688
2024-03-14,TQQQ,17724572,29.14452362060547
2024-03-15,TQQQ,17724572,28.079862594604492
2024-03-18,TQQQ,17724572,28.872282028198242
2024-03-19,TQQQ,17724572,29.071603775024414
2024-03-20,TQQQ,17724572,30.103515625
2024-03-21,TQQQ,17724572,30.493833541870117
2024-03-22,TQQQ,17724572,30.55725860595703
2024-03-25,TQQQ,17724572,30.245004653930664
2024-03-26,TQQQ,17724572,29.962020874023438
2024-03-27,TQQQ,17724572,30.225486755371094
2024-03-28,TQQQ,17724572,30.03520393371582
2024-04-01,TQQQ,17724572,30.22060775756836
2024-04-02,TQQQ,17724572,29.410694122314453
2024-04-03,TQQQ,17724572,29.605852127075195
2024-04-04,TQQQ,17724572,28.210453033447266
2024-04-05,TQQQ,17724572,29.205774307250977
2024-04-08,TQQQ,17724572,29.22529411315918
2024-04-09,TQQQ,17724572,29.527790069580078
2024-04-10,TQQQ,17724572,28.75202751159668
2024-04-11,TQQQ,17724572,30.103515625
2024-04-12,TQQQ,17724572,28.649568557739258
2024-04-15,TQQQ,17724572,27.21025848388672
2024-04-16,TQQQ,17724572,27.215137481689453
2024-04-17,TQQQ,17724572,26.205177307128906
2024-04-18,TQQQ,17724572,25.73679542541504
2024-04-19,TQQQ,17724572,24.141359329223633
2024-04-22,TQQQ,17724572,24.843936920166016
2024-04-23,TQQQ,17724572,25.95147132873535
2024-04-24,TQQQ,17724572,26.205177307128906
2024-04-25,TQQQ,17724572,25.78558349609375
2024-04-26,TQQQ,17724572,26.971187591552734
2024-04-29,TQQQ,17724572,27.293201446533203
2024-04-30,TQQQ,17724572,25.731918334960938
2024-05-01,TQQQ,17724572,25.17571258544922
2024-05-02,TQQQ,17724572,26.107601165771484
2024-05-03,TQQQ,17724572,27.664005279541016
2024-05-06,TQQQ,17724572,28.571504592895508
2024-05-07,TQQQ,17724572,28.571504592895508
2024-05-08,TQQQ,17724572,28.517833709716797
2024-05-09,TQQQ,17724572,28.673959732055664
2024-05-10,TQQQ,17724572,28.869121551513672
2024-05-13,TQQQ,17724572,29.059402465820312
2024-05-14,TQQQ,17724572,29.600975036621094
2024-05-15,TQQQ,17724572,30.96710205078125
2024-05-16,TQQQ,17724572,30.77682113647461
2024-05-17,TQQQ,17724572,30.708511352539062
2024-05-20,TQQQ,17724572,31.34278106689453
2024-05-21,TQQQ,17724572,31.503786087036133
2024-05-22,TQQQ,17724572,31.484272003173828
2024-05-23,TQQQ,17724572,31.015888214111328
2024-05-24,TQQQ,17724572,31.884353637695312
2024-05-28,TQQQ,17724572,32.23076629638672
2024-05-29,TQQQ,17724572,31.557458877563477
2024-05-30,TQQQ,17724572,30.54262351989746
2024-05-31,TQQQ,17724572,30.508472442626953
2024-06-03,TQQQ,17724572,30.80609130859375
2024-06-04,TQQQ,17724572,31.035404205322266
2024-06-05,TQQQ,17724572,32.90894317626953
2024-06-06,TQQQ,17724572,32.86991500854492
2024-06-07,TQQQ,17724572,32.7479362487793
2024-06-10,TQQQ,17724572,33.09434509277344
2024-06-11,TQQQ,17724572,33.77741241455078
2024-06-12,TQQQ,17724572,35.109378814697266
2024-06-13,TQQQ,17724572,35.670467376708984
2024-06-14,UVXY,5169012,123.1500015258789
2024-06-17,UVXY,5169012,122.05000305175781
2024-06-18,UVXY,5169012,121.3499984741211
2024-06-20,UVXY,5169012,127.25
2024-06-21,TQQQ,18154970,36.29985809326172
2024-06-24,TQQQ,18154971,35.07034683227539
2024-06-25,TQQQ,18154971,36.241310119628906
2024-06-26,TQQQ,18154971,36.46807098388672
2024-06-27,TQQQ,18154971,36.732547760009766
2024-06-28,TQQQ,18154971,36.15462112426758
2024-07-01,TQQQ,18154971,36.74723815917969
2024-07-02,TQQQ,18154971,37.873714447021484
2024-07-03,TQQQ,18154971,38.80427169799805
2024-07-05,TQQQ,18154971,39.979705810546875
2024-07-08,UVXY,6708127,107.8499984741211
2024-07-09,UVXY,6708127,107.8499984741211
2024-07-10,UVXY,6708127,107.44999694824219
2024-07-11,UVXY,6708127,107.94999694824219
2024-07-12,TQQQ,18149601,39.49483871459961
2024-07-15,TQQQ,18149602,39.788700103759766
2024-07-16,TQQQ,18149602,39.81808853149414
2024-07-17,TQQQ,18149602,36.316253662109375
2024-07-18,TQQQ,18149602,35.77260208129883
2024-07-19,TQQQ,18149602,34.80286407470703
2024-07-22,TQQQ,18149602,36.32115173339844
2024-07-23,TQQQ,18149602,35.92933654785156
2024-07-24,TQQQ,18149602,32.055267333984375
2024-07-25,TQQQ,18149602,30.987577438354492
2024-07-26,TQQQ,18149602,31.87405776977539
2024-07-29,TQQQ,18149602,32.06017303466797
2024-07-30,TQQQ,18149602,30.752490997314453
2024-07-31,TQQQ,18149602,33.44131088256836
2024-08-01,TQQQ,18149602,31.031660079956055
2024-08-02,TQQQ,18149602,28.768936157226562
2024-08-05,TQQQ,18149602,26.26132583618164
2024-08-06,TQQQ,18149602,26.917613983154297
2024-08-07,TQQQ,18149602,26.05072021484375
2024-08-08,TQQQ,18149602,28.43589210510254
2024-08-09,TQQQ,18149602,28.82280731201172
2024-08-12,TQQQ,18149602,29.018714904785156
2024-08-13,TQQQ,18149602,31.129610061645508
2024-08-14,TQQQ,18149602,31.18348503112793
2024-08-15,TQQQ,18149602,33.52947235107422
2024-08-16,TQQQ,18149602,33.61762619018555
2024-08-19,TQQQ,18149602,34.92041778564453
2024-08-20,TQQQ,18149602,34.70491027832031
2024-08-21,TQQQ,18149602,35.179988861083984
2024-08-22,TQQQ,18149602,33.49028778076172
2024-08-23,TQQQ,18149602,34.54328918457031
2024-08-26,TQQQ,18149602,33.52947235107422
2024-08-27,TQQQ,18149602,33.81353759765625
2024-08-28,TQQQ,18149602,32.667476654052734
2024-08-29,TQQQ,18149602,32.49605941772461
2024-08-30,TQQQ,18149602,33.60293960571289
2024-09-03,TQQQ,18149602,30.536989212036133
2024-09-04,TQQQ,18149602,30.277414321899414
2024-09-05,TQQQ,18149602,30.375370025634766
2024-09-06,TQQQ,18149602,27.911840438842773
2024-09-09,TQQQ,18149602,28.950145721435547
2024-09-10,TQQQ,18149602,29.728878021240234
2024-09-11,TQQQ,18149602,31.62427520751953
2024-09-12,TQQQ,18149602,32.559730529785156
2024-09-13,TQQQ,18149602,32.9858283996582
2024-09-16,TQQQ,18149602,32.54503631591797
2024-09-17,TQQQ,18149602,32.56462860107422
2024-09-18,TQQQ,18149602,32.13853454589844
2024-09-19,TQQQ,18149602,34.567779541015625
2024-09-20,TQQQ,18149602,34.34737777709961
2024-09-23,TQQQ,18149602,34.6020622253418
2024-09-24,TQQQ,18149602,35.09183120727539
2024-09-25,TQQQ,18149602,35.214664459228516
2024-09-26,TQQQ,18149602,35.961509704589844
2024-09-27,TQQQ,18149602,35.34241485595703
2024-09-30,TQQQ,18149602,35.61757278442383
2024-10-01,TQQQ,18149602,34.109130859375
2024-10-02,TQQQ,18149602,34.23689270019531
2024-10-03,TQQQ,18149602,34.158267974853516
2024-10-04,TQQQ,18149602,35.36206817626953
2024-10-07,TQQQ,18149602,34.19758224487305
2024-10-08,TQQQ,18149602,35.68144607543945
2024-10-09,TQQQ,18149602,36.541297912597656
2024-10-10,TQQQ,18149602,36.413551330566406
2024-10-11,TQQQ,18149602,36.50690460205078
2024-10-14,TQQQ,18149602,37.44045639038086
2024-10-15,TQQQ,18149602,35.946773529052734
2024-10-16,TQQQ,18149602,35.927120208740234
2024-10-17,TQQQ,18149602,36.03520965576172
2024-10-18,TQQQ,18149602,36.6739616394043
2024-10-21,TQQQ,18149602,36.87541198730469
2024-10-22,TQQQ,18149602,36.98350524902344
2024-10-23,TQQQ,18149602,35.27362823486328
2024-10-24,TQQQ,18149602,36.113826751708984
2024-10-25,TQQQ,18149602,36.72309494018555
2024-10-28,TQQQ,18149602,36.757484436035156
2024-10-29,TQQQ,18149602,37.77457046508789
2024-10-30,TQQQ,18149602,36.93437576293945
2024-10-31,TQQQ,18149602,34.12388229370117
2024-11-01,TQQQ,18149602,34.85106658935547
2024-11-04,TQQQ,18149602,34.52678298950195
2024-11-05,TQQQ,18149602,35.83867645263672
2024-11-06,TQQQ,18149602,38.74742889404297
2024-11-07,TQQQ,18149602,40.56049346923828
2024-11-08,TQQQ,18149602,40.65876388549805
2024-11-11,TQQQ,18149602,40.585060119628906
2024-11-12,TQQQ,18149602,40.36395263671875
2024-11-13,TQQQ,18149602,40.187068939208984
2024-11-14,TQQQ,18149602,39.3370475769043
2024-11-15,TQQQ,18149602,36.49216079711914
2024-11-18,TQQQ,18149602,37.22917938232422
2024-11-19,TQQQ,18149602,37.97602081298828
2024-11-20,TQQQ,18149602,37.93180465698242
2024-11-21,TQQQ,18149602,38.30522155761719
2024-11-22,TQQQ,18149602,38.44771194458008
2024-11-25,TQQQ,18149602,38.62459945678711
2024-11-26,TQQQ,18149602,39.22404479980469
2024-11-27,TQQQ,18149602,38.27574920654297
2024-11-29,TQQQ,18149602,39.253517150878906
2024-12-02,TQQQ,18149602,40.526100158691406
2024-12-03,TQQQ,18149602,40.88478088378906
2024-12-04,TQQQ,18149602,42.37846755981445
2024-12-05,TQQQ,18149602,42.02961349487305
2024-12-06,TQQQ,18149602,43.110572814941406
2024-12-09,TQQQ,18149602,42.10331726074219
2024-12-10,TQQQ,18149602,41.646366119384766
2024-12-11,TQQQ,18149602,43.87215805053711
2024-12-12,TQQQ,18149602,43.002479553222656
2024-12-13,TQQQ,18149602,43.92620849609375
2024-12-16,TQQQ,18149602,45.83753204345703
2024-12-17,TQQQ,18149602,45.22335433959961
2024-12-18,TQQQ,18149602,40.334468841552734
2024-12-19,TQQQ,18149602,39.7645149230957
2024-12-20,TQQQ,18149602,40.79633712768555
2024-12-23,TQQQ,18149602,41.93265151977539
2024-12-24,TQQQ,18149602,43.59891128540039
2024-12-26,TQQQ,18149602,43.5052490234375
2024-12-27,TQQQ,18149602,41.7354621887207
2024-12-30,TQQQ,18149602,40.05934524536133
2024-12-31,TQQQ,18149602,39.009300231933594
2025-01-02,TQQQ,18149602,38.7628059387207
2025-01-03,TQQQ,18149602,40.62133026123047
2025-01-06,TQQQ,18149602,42.006595611572266
2025-01-07,TQQQ,18149602,39.74383544921875
2025-01-08,TQQQ,18149602,39.77341079711914
2025-01-10,TQQQ,18149602,37.875450134277344
2025-01-13,TQQQ,18149602,37.4810676574707
2025-01-14,TQQQ,18149602,37.347965240478516
2025-01-15,TQQQ,18149602,39.872013092041016
2025-01-16,TQQQ,18149602,39.058597564697266
2025-01-17,TQQQ,18149602,40.98613357543945
2025-01-21,TQQQ,18149602,41.666446685791016
2025-01-22,TQQQ,18149602,43.28341293334961
2025-01-23,TQQQ,18149602,43.54962158203125
2025-01-24,TQQQ,18149602,42.765785217285156
2025-01-27,TQQQ,18149602,39.01422882080078
2025-01-28,TQQQ,18149602,40.74458312988281
2025-01-29,TQQQ,18149602,40.49315643310547
2025-01-30,TQQQ,18149602,41.000919342041016
2025-01-31,TQQQ,18149602,40.77908706665039
2025-02-03,TQQQ,18149602,39.79313278198242
2025-02-04,TQQQ,18149602,41.237552642822266
2025-02-05,TQQQ,18149602,41.774898529052734
2025-02-06,TQQQ,18149602,42.40098190307617
2025-02-07,TQQQ,18149602,40.78401565551758
2025-02-10,TQQQ,18149602,42.21858215332031
2025-02-11,TQQQ,18149602,41.9178581237793
2025-02-12,TQQQ,18149602,42.00166702270508
2025-02-13,TQQQ,18149602,43.771461486816406
2025-02-14,TQQQ,18149602,44.28415298461914
2025-02-18,TQQQ,18149602,44.56022262573242
2025-02-19,TQQQ,18149602,44.565155029296875
2025-02-20,TQQQ,18149602,44.02287673950195
2025-02-21,TQQQ,18149602,41.26713180541992
2025-02-24,TQQQ,18149602,39.78326416015625
2025-02-25,TQQQ,18149602,38.2649040222168
2025-02-26,TQQQ,18149602,38.511390686035156
2025-02-27,TQQQ,18149602,35.316898345947266
2025-02-28,TQQQ,18149602,36.933860778808594
2025-03-03,TQQQ,18149602,34.547855377197266
2025-03-04,TQQQ,18149602,34.16825485229492
2025-03-05,TQQQ,18149602,35.499298095703125
2025-03-06,TQQQ,18149602,32.55622482299805
2025-03-07,TQQQ,18149602,33.23160171508789
2025-03-10,TQQQ,18149602,29.484973907470703
2025-03-11,TECL,9326166,56.951744079589844
2025-03-12,TECL,9326167,59.64950180053711
2025-03-13,TECL,9326167,56.307640075683594
2025-03-14,TECL,9326167,61.12440872192383
2025-03-17,BSV,7760406,73.11336517333984
2025-03-18,BSV,7760407,73.17911529541016
2025-03-19,BSV,7760407,73.29180908203125
2025-03-20,BSV,7760407,73.33875274658203
2025-03-21,BSV,7760407,73.38570404052734
2025-03-24,BSV,7760407,73.21665954589844
2025-03-25,TQQQ,17340921,33.18230056762695
2025-03-26,TQQQ,17340922,31.337087631225586
2025-03-27,BSV,7323748,73.29180908203125
2025-03-28,BSV,7323749,73.47962951660156
2025-03-31,BSV,7323749,73.51720428466797
2025-04-01,BSV,7323749,73.59258270263672
2025-04-02,BSV,7323749,73.54546356201172
2025-04-03,BSV,7323749,73.90348815917969
2025-04-04,TECL,13197859,36.563148498535156
2025-04-07,TECL,13197860,37.04066467285156
2025-04-08,TECL,13197860,34.95268249511719
2025-04-09,TECL,13197860,48.529266357421875
2025-04-10,BSV,7846701,73.4229736328125
2025-04-11,BSV,7846701,73.24395751953125
2025-04-14,TECS,1145061,538.9259033203125
2025-04-15,BSV,8352526,73.57372283935547
2025-04-16,BSV,8352526,73.71504974365234
2025-04-17,BSV,8352526,73.72445678710938
2025-04-21,BSV,8352526,73.69622039794922
2025-04-22,BSV,8352526,73.65852355957031
2025-04-23,BSV,8352526,73.6114273071289
2025-04-24,BSV,8352526,73.7904052734375
2025-04-25,TECL,12839164,50.50489044189453
2025-04-28,TECL,12839164,50.30826187133789
2025-04-29,TECL,12839164,50.99177551269531
2025-04-30,TECL,12839164,51.66592025756836
2025-05-01,TECL,12839164,53.86626052856445
2025-05-02,TECL,12839164,56.42240905761719
2025-05-05,TECS,1663008,421.6151428222656
2025-05-06,TECL,13850374,54.137794494628906
2025-05-07,TECL,13850374,55.81379699707031
2025-05-08,TECL,13850374,57.28382110595703
2025-05-09,TECL,13850374,57.24637222290039
2025-05-12,TECL,13850374,65.05525207519531
2025-05-13,TQQQ,27617482,34.18501281738281
2025-05-14,TQQQ,27617484,34.78821563720703
2025-05-15,TQQQ,27617484,34.89699172973633
2025-05-16,TQQQ,27617484,35.327152252197266
2025-05-19,TQQQ,27617484,35.42109298706055
2025-05-20,TQQQ,27617484,35.050270080566406
2025-05-21,TQQQ,27617484,33.59169387817383
2025-05-22,TQQQ,27617484,33.764747619628906
2025-05-23,TQQQ,27617484,32.79071044921875
2025-05-27,TQQQ,27617484,35.074989318847656
2025-05-28,TQQQ,27617484,34.62505340576172
2025-05-29,TQQQ,27617484,34.79316329956055
2025-05-30,TQQQ,27617484,34.61022186279297
2025-06-02,TQQQ,27617484,35.40625762939453
2025-06-03,TQQQ,27617484,36.231956481933594
2025-06-04,TQQQ,27617484,36.52367401123047
2025-06-05,TQQQ,27617484,35.67325210571289
2025-06-06,TQQQ,27617484,36.69178009033203
2025-06-09,TQQQ,27617484,36.854942321777344
2025-06-10,TQQQ,27617484,37.56692886352539
2025-06-11,TQQQ,27617484,37.18126678466797
2025-06-12,TQQQ,27617484,37.42354202270508
2025-06-13,TQQQ,27617484,36.00946807861328
2025-06-16,TQQQ,27617484,37.477928161621094
2025-06-17,TQQQ,27617484,36.370399475097656
2025-06-18,TQQQ,27617484,36.32095718383789
2025-06-20,TQQQ,27617484,35.82157897949219
2025-06-23,TQQQ,27617484,36.934051513671875
2025-06-24,TQQQ,27617484,38.61511993408203
2025-06-25,TQQQ,27617484,38.91162109375
2025-06-26,TQQQ,27617484,39.977622985839844
2025-06-27,TQQQ,27617484,40.36931610107422
2025-06-30,TQQQ,27617484,41.15270233154297
2025-07-01,TQQQ,27617484,40.106536865234375
2025-07-02,TQQQ,27617484,40.9047966003418
2025-07-03,TQQQ,27617484,42.05012893676758
2025-07-07,UVXY,12212615,93.3499984741211
2025-07-08,TQQQ,26825353,41.16757583618164
2025-07-09,TQQQ,26825355,42.020381927490234
2025-07-10,TQQQ,26825355,41.82701110839844
2025-07-11,TQQQ,26825355,41.50969696044922
2025-07-14,TQQQ,26825355,41.95096969604492
2025-07-15,TQQQ,26825355,42.06004333496094
2025-07-16,TQQQ,26825355,42.179046630859375
2025-07-17,TQQQ,26825355,43.1607551574707
2025-07-18,TQQQ,26825355,43.01201248168945
2025-07-21,TQQQ,26825355,43.66648864746094
2025-07-22,TQQQ,26825355,42.98722457885742
2025-07-23,TQQQ,26825355,43.552452087402344
2025-07-24,TQQQ,26825355,43.840023040771484
2025-07-25,TQQQ,26825355,44.087928771972656
2025-07-28,UVXY,15956242,73.94999694824219
2025-07-29,TQQQ,25667783,44.316009521484375
2025-07-30,TQQQ,25667784,44.4697151184082
2025-07-31,TQQQ,25667784,43.73590850830078
2025-08-01,TQQQ,25667784,41.113040924072266
2025-08-04,TQQQ,25667784,43.36404037475586
2025-08-05,TQQQ,25667784,42.4616584777832
2025-08-06,TQQQ,25667784,44.04826354980469
2025-08-07,TQQQ,25667784,44.49449920654297
2025-08-08,TQQQ,25667784,45.69437789916992
2025-08-11,TQQQ,25667784,45.292762756347656
2025-08-12,TQQQ,25667784,46.96366882324219
2025-08-13,TQQQ,25667784,47.0330810546875
2025-08-14,TQQQ,25667784,46.90416717529297
2025-08-15,TQQQ,25667784,46.239776611328125
2025-08-18,TQQQ,25667784,46.180274963378906
2025-08-19,TQQQ,25667784,44.296173095703125
2025-08-20,TQQQ,25667784,43.48799514770508
2025-08-21,TQQQ,25667784,42.88310241699219
2025-08-22,TQQQ,25667784,44.811824798583984
2025-08-25,TQQQ,25667784,44.420127868652344
2025-08-26,TQQQ,25667784,44.9357795715332
2025-08-27,TQQQ,25667784,45.139068603515625
2025-08-28,TQQQ,25667784,45.96211242675781
2025-08-29,TQQQ,25667784,44.306095123291016
2025-09-02,TQQQ,25667784,43.17563247680664
2025-09-03,TQQQ,25667784,44.1821403503418
2025-09-04,TQQQ,25667784,45.377052307128906
2025-09-05,TQQQ,25667784,45.52579879760742
2025-09-08,TQQQ,25667784,46.175315856933594
2025-09-09,TQQQ,25667784,46.55213928222656
2025-09-10,TQQQ,25667784,46.60171890258789
2025-09-11,TQQQ,25667784,47.385108947753906
2025-09-12,TQQQ,25667784,47.975135803222656
2025-09-15,TQQQ,25667784,49.19979476928711
2025-09-16,TQQQ,25667784,49.06592559814453
2025-09-17,TQQQ,25667784,48.75355911254883
2025-09-18,TQQQ,25667784,50.067474365234375
2025-09-19,TQQQ,25667784,51.059104919433594
2025-09-22,TQQQ,25667784,51.92182540893555
2025-09-23,TQQQ,25667784,50.87565612792969
2025-09-24,TQQQ,25667784,50.3287467956543
2025-09-25,TQQQ,25667784,49.653785705566406
2025-09-26,TQQQ,25667784,50.249332427978516
2025-09-29,TQQQ,25667784,50.91932678222656
2025-09-30,TQQQ,25667784,51.31636047363281
2025-10-01,TQQQ,25667784,52.04093933105469
2025-10-02,TQQQ,25667784,52.676185607910156
2025-10-03,TQQQ,25667784,51.96153259277344
2025-10-06,TQQQ,25667784,53.12285232543945
2025-10-07,TQQQ,25667784,52.2642707824707
2025-10-08,TQQQ,25667784,54.0360221862793
2025-10-09,TQQQ,25667784,53.82261276245117
2025-10-10,TQQQ,25667784,48.174842834472656
2025-10-13,TQQQ,25667784,51.231990814208984
2025-10-14,TQQQ,25667784,50.18977737426758
2025-10-15,TQQQ,25667784,51.217098236083984
2025-10-16,TQQQ,25667784,50.64636993408203
2025-10-17,TQQQ,25667784,51.609169006347656
2025-10-20,TQQQ,25667784,53.54469680786133
2025-10-21,TQQQ,25667784,53.485137939453125
2025-10-22,TQQQ,25667784,51.911903381347656
2025-10-23,TQQQ,25667784,53.212181091308594
2025-10-24,TQQQ,25667784,54.86978530883789
2025-10-27,TQQQ,25667784,57.78301239013672
2025-10-28,TQQQ,25667784,59.10314178466797
2025-10-29,TQQQ,25667784,59.85750198364258
2025-10-30,TQQQ,25667784,57.117977142333984
2025-10-31,TQQQ,25667784,57.92693328857422
2025-11-03,TQQQ,25667784,58.72100067138672
2025-11-04,TQQQ,25667784,55.12786102294922
2025-11-05,TQQQ,25667784,56.19984817504883
2025-11-06,TQQQ,25667784,53.048404693603516
2025-11-07,TQQQ,25667784,52.49752426147461
2025-11-10,TQQQ,25667784,55.93680953979492
2025-11-11,TQQQ,25667784,55.47526168823242
2025-11-12,TQQQ,25667784,55.361114501953125
2025-11-13,TQQQ,25667784,51.941688537597656
2025-11-14,TQQQ,25667784,51.981380462646484
2025-11-17,TQQQ,25667784,50.64636993408203
2025-11-18,TQQQ,25667784,48.815059661865234
2025-11-19,TQQQ,25667784,49.653785705566406
2025-11-20,TQQQ,25667784,46.10531234741211
2025-11-21,TQQQ,25667784,47.12767028808594
2025-11-24,TQQQ,25667784,50.700958251953125
2025-11-25,TQQQ,25667784,51.624053955078125
2025-11-26,TQQQ,25667784,52.97395706176758
2025-11-28,TQQQ,25667784,54.13528060913086
2025-12-01,TQQQ,25667784,53.64891815185547
2025-12-02,TQQQ,25667784,54.88964080810547
2025-12-03,TQQQ,25667784,55.2767448425293
2025-12-04,TQQQ,25667784,55.09807586669922
2025-12-05,TQQQ,25667784,55.733333587646484
2025-12-08,TQQQ,25667784,55.38593292236328
2025-12-09,TQQQ,25667784,55.5943717956543
2025-12-10,TQQQ,25667784,56.22962188720703
2025-12-11,TQQQ,25667784,55.69363021850586
2025-12-12,TQQQ,25667784,52.428043365478516
2025-12-15,TQQQ,25667784,51.63398361206055
2025-12-16,TQQQ,25667784,51.941688537597656
2025-12-17,TQQQ,25667784,49.033424377441406
2025-12-18,TQQQ,25667784,51.12776565551758
2025-12-19,TQQQ,25667784,53.12285232543945
2025-12-22,TQQQ,25667784,53.847434997558594
2025-12-23,TQQQ,25667784,54.60179138183594
2025-12-24,TQQQ,25667784,55.03523635864258
2025-12-26,TQQQ,25667784,54.985530853271484
2025-12-29,TQQQ,25667784,54.17034149169922
2025-12-30,TQQQ,25667784,53.782630920410156
2025-12-31,TQQQ,25667784,52.41072463989258
2026-01-02,TQQQ,25667784,52.04289245605469
2026-01-05,TQQQ,25667784,53.285560607910156
2026-01-06,TQQQ,25667784,54.68729019165039
2026-01-07,TQQQ,25667784,54.84634780883789
2026-01-08,TQQQ,25667784,53.87209701538086
2026-01-09,TQQQ,25667784,55.43288803100586
2026-01-12,TQQQ,25667784,55.56212615966797
2026-01-13,TQQQ,25667784,55.273826599121094
2026-01-14,TQQQ,25667784,53.51421356201172
2026-01-15,TQQQ,25667784,54.06098556518555
2026-01-16,TQQQ,25667784,53.822391510009766
2026-01-20,TQQQ,25667784,50.43239974975586
2026-01-21,TQQQ,25667784,52.4206657409668
2026-01-22,TQQQ,25667784,53.583805084228516
2026-01-23,TQQQ,25667784,54.06098556518555
2026-01-26,TQQQ,25667784,54.75688171386719
2026-01-27,TQQQ,25667784,56.20831298828125
2026-01-28,TQQQ,25667784,56.72526168823242
2026-01-29,TQQQ,25667784,55.71125030517578
2026-01-30,TQQQ,25667784,53.6832160949707
2026-02-02,TQQQ,25667784,54.776763916015625
2026-02-03,TQQQ,25667784,52.21189498901367
2026-02-04,TQQQ,25667784,49.46809005737305
2026-02-05,TQQQ,25667784,47.36052322387695
2026-02-06,TQQQ,25667784,50.29322052001953
2026-02-09,TQQQ,25667784,51.43647384643555
2026-02-10,TQQQ,25667784,50.720699310302734
2026-02-11,TQQQ,25667784,51.09846878051758
2026-02-12,TQQQ,25667784,47.97688674926758
2026-02-13,TQQQ,25667784,48.18565368652344
2026-02-17,TQQQ,25667784,48.06635665893555
2026-02-18,TQQQ,25667784,49.100257873535156
2026-02-19,TQQQ,25667784,48.54354476928711
2026-02-20,TQQQ,25667784,49.76633071899414
2026-02-23,TQQQ,25667784,47.95701217651367
2026-02-24,TQQQ,25667784,49.48796844482422
2026-02-25,TQQQ,25667784,51.56570816040039
2026-02-26,TQQQ,25667784,49.75638961791992
2026-02-27,TQQQ,25667784,49.229496002197266
2026-03-02,TQQQ,25667784,49.40843963623047
2026-03-03,TQQQ,25667784,47.81782531738281
2026-03-04,TQQQ,25667784,49.965152740478516
2026-03-05,TQQQ,25667784,49.507850646972656
2026-03-06,TQQQ,25667784,47.261112213134766
2026-03-09,TQQQ,25667784,49.100257873535156
2026-03-10,TQQQ,25667784,49.11020278930664
2026-03-11,TQQQ,25667784,49.060489654541016
2026-03-12,TQQQ,25667784,46.55527877807617
2026-03-13,TQQQ,25667784,45.66055679321289
2026-03-16,TQQQ,25667784,47.18157958984375
2026-03-17,TQQQ,25667784,47.87747573852539
2026-03-18,TQQQ,25667784,45.829559326171875
2026-03-19,TQQQ,25667784,45.42196273803711
2026-03-20,TQQQ,25667784,42.82727813720703
2026-03-23,SPXL,5986058,189.99078369140625
2026-03-24,SPXL,1,187.99676513671875
2026-03-24,TECS,5806127,192.0518035888672
2026-03-25,TECS,5806128,189.49765014648438
2026-03-26,TECS,5806128,207.3766632080078
2026-03-27,TECS,5806128,219.6561737060547
2026-03-30,TECL,14808579,76.56348419189453
2026-03-31,TECL,14808579,86.39595794677734
2026-04-01,TECS,6665077,193.6235809326172
2026-04-02,BSV,17938574,76.63251495361328
2026-04-06,BSV,17938574,76.53453826904297
2026-04-07,BSV,17938574,76.62271118164062
2026-04-08,BSV,17938574,76.69129180908203
2026-04-09,TQQQ,28763682,48.75325393676758
2026-04-10,TQQQ,28763683,48.96236801147461
2026-04-13,TQQQ,28763683,50.446075439453125
2026-04-14,TQQQ,28763683,53.18446350097656
2026-04-15,TQQQ,28763683,55.415008544921875
2026-04-16,TQQQ,28763683,56.19171142578125
2026-04-17,TQQQ,28763683,58.34259033203125
2026-04-20,TQQQ,1,57.83474349975586
2026-04-20,UVXY,43115311,38.79999923706055
2026-04-21,TQQQ,28663503,57.157615661621094
2026-04-22,TQQQ,28663504,59.95574951171875
2026-04-23,TQQQ,28663504,58.96992874145508
2026-04-24,TQQQ,28663504,62.29582977294922
2026-04-27,TQQQ,28663504,62.37548828125
2026-04-28,TQQQ,28663504,60.48351287841797
2026-04-29,TQQQ,28663504,61.598785400390625
2026-04-30,TQQQ,28663504,63.271690368652344
2026-05-01,TQQQ,28663504,65.02426147460938
2026-05-04,TQQQ,28663504,64.63591003417969
2026-05-05,TQQQ,28663504,67.10542297363281
2026-05-06,TQQQ,28663504,71.26777648925781
2026-05-07,UVXY,57164972,35.84000015258789
2026-05-08,UVXY,57164976,36.099998474121094
2026-05-11,UVXY,57164976,36.97999954223633
2026-05-12,UVXY,57164976,35.7400016784668
2026-05-13,TQQQ,27174382,76.91383361816406
2026-05-14,UVXY,57639831,35.43000030517578
2026-05-15,UVXY,57639834,35.7599983215332
2026-05-18,TQQQ,26540018,74.00616455078125
2026-05-19,TQQQ,26540019,72.62203979492188
2026-05-20,TQQQ,26540019,76.18692016601562
2026-05-21,TQQQ,26540019,76.62506103515625
2026-05-22,TQQQ,26540019,77.51129913330078
2026-05-26,TQQQ,26540019,81.60394287109375
2026-05-27,TQQQ,26540019,81.32512664794922
2026-05-28,TQQQ,26540019,83.32664489746094
2026-05-29,TQQQ,26540019,84.20292663574219
2026-06-01,TQQQ,26540019,85.67668151855469
2026-06-02,TQQQ,26540019,86.85169219970703
2026-06-03,TQQQ,1,86.1944808959961
2026-06-03,UVXY,78782733,29.079999923706055
2026-06-04,TQQQ,27816825,84.86013793945312
2026-06-05,TQQQ,27816826,72.74153900146484
2026-06-08,TQQQ,27816826,75.94792938232422
2026-06-09,TQQQ,27816826,73.40869903564453
2026-06-10,TQQQ,27816826,68.97748565673828
2026-06-11,TQQQ,27816826,75.68903350830078
2026-06-12,TQQQ,27816826,77.1926498413086
2026-06-15,TQQQ,27816826,84.23279571533203
2026-06-16,TQQQ,27816826,79.59247589111328
2026-06-17,TQQQ,27816826,77.21257019042969
2026-06-18,TQQQ,27816826,82.52006530761719
2026-06-22,TQQQ,27816826,82.23129272460938
2026-06-23,TQQQ,27816826,74.12566375732422
2026-06-24,TQQQ,27816826,73.15853118896484
2026-06-25,TQQQ,27816826,74.80534362792969
2026-06-26,TQQQ,27816826,71.69136810302734
2026-06-29,TQQQ,27816826,77.04102325439453
2026-06-30,TQQQ,27816826,80.84367370605469
2026-07-01,TQQQ,27816826,77.31050109863281
2026-07-02,TQQQ,27816826,73.20843505859375
2026-07-06,TQQQ,27816826,76.27250671386719
2026-07-07,TQQQ,27816826,72.0905990600586
2026-07-08,TQQQ,27816826,72.57965087890625
2026-07-09,TQQQ,27816826,76.19265747070312
2026-07-10,TQQQ,27816826,76.88133239746094
2026-07-13,TQQQ,27816826,72.49980163574219
2026-07-14,TQQQ,27816826,74.87520599365234
2026-07-15,TQQQ,27816826,74.29633331298828
2026-07-16,TQQQ,27816826,70.60346984863281
2026-07-17,TQQQ,27816826,67.39966583251953
2026-07-20,TQQQ,27816826,67.51943969726562
2026-07-21,TQQQ,27816826,71.23226165771484
2026-07-22,TQQQ,27816826,70.14435577392578
2026-07-23,TQQQ,27816826,66.17204284667969
2026-07-24,TQQQ,27816826,63.87648010253906
2026-07-27,TQQQ,27816826,63.27764129638672
2026-07-28,TQQQ,27816826,61.44118881225586
2026-07-29,TQQQ,27816826,57.63854217529297
2026-07-30,TQQQ,27816826,63.17782974243164
2026-07-31,TQQQ,27816826,64.49528503417969
2026-08-03,TQQQ,27816826,67.8288345336914
2026-08-04,TQQQ,27816826,74.67559814453125
2026-08-05,TQQQ,27816826,72.69941711425781
2026-08-06,TQQQ,27816826,71.89098358154297
2026-08-07,TQQQ,27816826,74.3262710571289
2026-08-10,TQQQ,27816826,73.6575698852539
2026-08-11,TQQQ,27816826,72.91899108886719
2026-08-12,TQQQ,27816826,74.45602416992188
2026-08-13,TQQQ,27816826,77.0010986328125
2026-08-14,TQQQ,27816826,76.64179992675781
2026-08-17,TQQQ,27816826,76.25254821777344
2026-08-18,TQQQ,27816826,72.3900146484375
2026-08-19,TQQQ,27816826,71.9209213256836
2026-08-20,TQQQ,27816826,70.34397888183594
2026-08-21,TQQQ,27816826,71.03263854980469
2026-08-24,TQQQ,27816826,68.87681579589844
2026-08-25,TQQQ,27816826,70.1343765258789
2026-08-26,TQQQ,27816826,70.33399200439453
2026-08-27,TQQQ,27816826,73.15853118896484
2026-08-28,TQQQ,27816826,71.7113265991211
2026-08-31,TQQQ,27816826,71.78118896484375
2026-09-01,TQQQ,27816826,69.01654052734375
2026-09-02,TQQQ,27816826,69.46566772460938
2026-09-03,TQQQ,27816826,71.89098358154297
2026-09-04,TQQQ,27816826,72.23033142089844
2026-09-08,TQQQ,27816826,72.02073669433594
2026-09-09,TQQQ,27816826,71.41191101074219
2026-09-10,TQQQ,27816826,69.07642364501953
2026-09-11,TQQQ,27816826,70.84300994873047
2026-09-14,TQQQ,27816826,69.13630676269531
2026-09-15,TQQQ,27816826,67.76895141601562
2026-09-16,TQQQ,27816826,67.79889678955078
2026-09-17,TQQQ,27816826,71.24223327636719
2026-09-18,TQQQ,27816826,72.49980163574219
2026-09-21,TQQQ,27816826,78.75770568847656
2026-09-22,TQQQ,27816826,80.67400360107422
2026-09-23,TQQQ,27816826,78.66000366210938
2026-09-24,TQQQ,27816826,78.58000183105469
2026-09-25,TQQQ,27816826,79.5999984741211
2026-09-28,TQQQ,27816826,77.04000091552734
2026-09-29,TQQQ,27816826,77.45999908447266
2026-09-30,TQQQ,27816826,78.02999877929688
2026-10-01,TQQQ,27816826,78.7300033569336
2026-10-02,TQQQ,27816826,81.01000213623047
2026-10-05,TQQQ,27816826,83.12000274658203
