date,equity,cash
2015-01-02,100000.0,100000.0
2015-01-05,100000.0,100000.0
2015-01-06,100000.0,100000.0
2015-01-07,100000.0,100000.0
2015-01-08,100000.0,100000.0
2015-01-09,100000.0,100000.0
2015-01-12,100000.0,100000.0
2015-01-13,100000.0,100000.0
2015-01-14,100000.0,100000.0
2015-01-15,100000.0,100000.0
2015-01-16,100000.0,100000.0
2015-01-20,100000.0,100000.0
2015-01-21,100000.0,100000.0
2015-01-22,100000.0,100000.0
2015-01-23,100000.0,100000.0
2015-01-26,100000.0,100000.0
2015-01-27,100000.0,100000.0
2015-01-28,100000.0,100000.0
2015-01-29,100000.0,100000.0
2015-01-30,100000.0,100000.0
2015-02-02,100000.0,100000.0
2015-02-03,100000.0,100000.0
2015-02-04,100000.0,100000.0
2015-02-05,100000.0,100000.0
2015-02-06,100000.0,100000.0
2015-02-09,100000.0,100000.0
2015-02-10,100000.0,100000.0
2015-02-11,100000.0,100000.0
2015-02-12,100000.0,100000.0
2015-02-13,100000.0,100000.0
2015-02-17,100000.0,100000.0
2015-02-18,100000.0,100000.0
2015-02-19,100000.0,100000.0
2015-02-20,100000.0,100000.0
2015-02-23,100000.0,100000.0
2015-02-24,100000.0,100000.0
2015-02-25,100000.0,100000.0
2015-02-26,100000.0,100000.0
2015-02-27,100000.0,100000.0
2015-03-02,100000.0,100000.0
2015-03-03,100000.0,100000.0
2015-03-04,100000.0,100000.0
2015-03-05,100000.0,100000.0
2015-03-06,100000.0,100000.0
2015-03-09,100000.0,100000.0
2015-03-10,100000.0,100000.0
2015-03-11,100000.0,100000.0
2015-03-12,100000.0,100000.0
2015-03-13,100000.0,100000.0
2015-03-16,100000.0,100000.0
2015-03-17,100000.0,100000.0
2015-03-18,100000.0,100000.0
2015-03-19,100000.0,100000.0
2015-03-20,100000.0,100000.0
2015-03-23,100000.0,100000.0
2015-03-24,100000.0,100000.0
2015-03-25,100000.0,100000.0
2015-03-26,100000.0,100000.0
2015-03-27,100000.0,100000.0
2015-03-30,100000.0,100000.0
2015-03-31,100000.0,100000.0
2015-04-01,100000.0,100000.0
2015-04-02,100000.0,100000.0
2015-04-06,100000.0,100000.0
2015-04-07,100000.0,100000.0
2015-04-08,100000.0,100000.0
2015-04-09,100000.0,100000.0
2015-04-10,100000.0,100000.0
2015-04-13,100000.0,100000.0
2015-04-14,100000.0,100000.0
2015-04-15,100000.0,100000.0
2015-04-16,100000.0,100000.0
2015-04-17,100000.0,100000.0
2015-04-20,100000.0,100000.0
2015-04-21,100000.0,100000.0
2015-04-22,100000.0,100000.0
2015-04-23,100000.0,100000.0
2015-04-24,100000.0,100000.0
2015-04-27,100000.0,100000.0
2015-04-28,100000.0,100000.0
2015-04-29,100000.0,100000.0
2015-04-30,100000.0,100000.0
2015-05-01,100000.0,100000.0
2015-05-04,100000.0,100000.0
2015-05-05,100000.0,100000.0
2015-05-06,100000.0,100000.0
2015-05-07,100000.0,100000.0
2015-05-08,100000.0,100000.0
2015-05-11,100000.0,100000.0
2015-05-12,100000.0,100000.0
2015-05-13,100000.0,100000.0
2015-05-14,100000.0,100000.0
2015-05-15,100000.0,100000.0
2015-05-18,100000.0,100000.0
2015-05-19,100000.0,100000.0
2015-05-20,100000.0,100000.0
2015-05-21,100000.0,100000.0
2015-05-22,100000.0,100000.0
2015-05-26,100000.0,100000.0
2015-05-27,100000.0,100000.0
2015-05-28,100000.0,100000.0
2015-05-29,100000.0,100000.0
2015-06-01,100000.0,100000.0
2015-06-02,100000.0,100000.0
2015-06-03,100000.0,100000.0
2015-06-04,100000.0,100000.0
2015-06-05,100000.0,100000.0
2015-06-08,100000.0,100000.0
2015-06-09,100000.0,100000.0
2015-06-10,100000.0,100000.0
2015-06-11,100000.0,100000.0
2015-06-12,100000.0,100000.0
2015-06-15,100000.0,100000.0
2015-06-16,100000.0,100000.0
2015-06-17,100000.0,100000.0
2015-06-18,100000.0,100000.0
2015-06-19,100000.0,100000.0
2015-06-22,100000.0,100000.0
2015-06-23,100000.0,100000.0
2015-06-24,100000.0,100000.0
2015-06-25,100000.0,100000.0
2015-06-26,100000.0,100000.0
2015-06-29,100000.0,100000.0
2015-06-30,100000.0,100000.0
2015-07-01,100000.0,100000.0
2015-07-02,100000.0,100000.0
2015-07-06,100000.0,100000.0
2015-07-07,100000.0,100000.0
2015-07-08,100000.0,100000.0
2015-07-09,100000.0,100000.0
2015-07-10,100000.0,100000.0
2015-07-13,100000.0,100000.0
2015-07-14,100000.0,100000.0
2015-07-15,100000.0,100000.0
2015-07-16,100000.0,100000.0
2015-07-17,100000.0,100000.0
2015-07-20,100000.0,100000.0
2015-07-21,100000.0,100000.0
2015-07-22,100000.0,100000.0
2015-07-23,100000.0,100000.0
2015-07-24,100000.0,100000.0
2015-07-27,100000.0,100000.0
2015-07-28,100000.0,100000.0
2015-07-29,100000.0,100000.0
2015-07-30,100000.0,100000.0
2015-07-31,100000.0,100000.0
2015-08-03,100000.0,100000.0
2015-08-04,100000.0,100000.0
2015-08-05,100000.0,100000.0
2015-08-06,100000.0,100000.0
2015-08-07,100000.0,100000.0
2015-08-10,100000.0,100000.0
2015-08-11,100000.0,100000.0
2015-08-12,100000.0,100000.0
2015-08-13,100000.0,100000.0
2015-08-14,100000.0,100000.0
2015-08-17,100000.0,100000.0
2015-08-18,100000.0,100000.0
2015-08-19,100000.0,100000.0
2015-08-20,100000.0,100000.0
2015-08-21,100000.0,100000.0
2015-08-24,100000.0,100000.0
2015-08-25,100000.0,100000.0
2015-08-26,100000.0,100000.0
2015-08-27,100000.0,100000.0
2015-08-28,100000.0,100000.0
2015-08-31,100000.0,100000.0
2015-09-01,100000.0,100000.0
2015-09-02,100000.0,100000.0
2015-09-03,100000.0,100000.0
2015-09-04,100000.0,100000.0
2015-09-08,100000.0,100000.0
2015-09-09,100000.0,100000.0
2015-09-10,100000.0,100000.0
2015-09-11,100000.0,100000.0
2015-09-14,100000.0,100000.0
2015-09-15,100000.0,100000.0
2015-09-16,100000.0,100000.0
2015-09-17,100000.0,100000.0
2015-09-18,100000.0,100000.0
2015-09-21,100000.0,100000.0
2015-09-22,100000.0,100000.0
2015-09-23,100000.0,100000.0
2015-09-24,100000.0,100000.0
2015-09-25,100000.0,100000.0
2015-09-28,100000.0,100000.0
2015-09-29,100000.0,100000.0
2015-09-30,100000.0,100000.0
2015-10-01,100000.0,100000.0
2015-10-02,100000.0,100000.0
2015-10-05,100000.0,100000.0
2015-10-06,100000.0,100000.0
2015-10-07,100000.0,100000.0
2015-10-08,100000.0,100000.0
2015-10-09,100000.0,100000.0
2015-10-12,100000.0,100000.0
2015-10-13,100000.0,100000.0
2015-10-14,100000.0,100000.0
2015-10-15,100000.0,100000.0
2015-10-16,100000.0,100000.0
2015-10-19,99769.46733622081,28040.439448936064
2015-10-20,100041.40582153147,28012.34156218117
2015-10-21,99408.05666143997,28052.324920369225
2015-10-22,99945.81092703018,27969.487384435266
2015-10-23,101202.85421117715,10077.98183497362
2015-10-26,101263.44171466338,10032.177046794766
2015-10-27,101104.28164646475,10076.484880898877
2015-10-28,101907.04597216407,10140.324178274072
2015-10-29,101310.92187540252,10116.847312316484
2015-10-30,101226.62710389252,10179.71119102593
2015-11-02,101694.88381813823,10247.290466893304
2015-11-03,101555.1809619764,10177.053754697185
2015-11-04,101426.44614845746,10212.041896226332
2015-11-05,101442.08862864306,10152.98701369097
2015-11-06,103444.85081745026,10320.03529895185
2015-11-09,103056.30178123142,10315.839744085335
2015-11-10,102081.5838373474,10194.292509155646
2015-11-11,102110.2062218309,10239.447121274521
2015-11-12,101719.3195152852,10234.64393382996
2015-11-13,101341.24882991659,55774.84990413533
2015-11-16,101407.2495013033,55774.84990413533
2015-11-17,100409.65189155535,9994.440448131114
2015-11-18,102077.52878825231,10201.109489782293
2015-11-19,102598.0791609502,10215.425948641318
2015-11-20,102930.52089602445,10334.358233160718
2015-11-23,102508.271461834,10279.292548288395
2015-11-24,102803.16543476823,10196.524077763592
2015-11-25,102467.89880522017,10337.70786364798
2015-11-27,102266.31010753295,10283.51873320719
2015-11-30,102605.42320214352,10248.586011277048
2015-12-01,103695.04759939916,10232.207999551369
2015-12-02,102906.95362281441,10424.494329627747
2015-12-03,102481.90948945942,10395.924698538203
2015-12-04,104953.53071409566,10330.729417623108
2015-12-07,104064.69066813859,10545.125905069428
2015-12-08,104507.3355694351,10264.87391882514
2015-12-09,103122.44865150146,10514.918919333737
2015-12-10,103330.04641305307,10355.373929668465
2015-12-11,101917.4985123602,10222.338172766307
2015-12-14,102494.1801532941,10208.430073781503
2015-12-15,102781.83172279329,56590.23325019808
2015-12-16,103537.05806948157,28880.374164476114
2015-12-17,101531.46110507974,10154.27137884626
2015-12-18,101365.76215453257,28321.59989835133
2015-12-21,102194.84420218779,28518.369959619762
2015-12-22,102003.75530269227,28612.926427508202
2015-12-23,102046.59092761025,28568.01301319346
2015-12-24,102165.17531232235,10168.47510020133
2015-12-28,102137.5596493496,10109.536028207682
2015-12-29,103286.80224768943,10277.367207811536
2015-12-30,102535.658576513,10277.552554572285
2015-12-31,101478.81797076459,10232.702024173694
2016-01-04,100306.1330341437,28021.068496320495
2016-01-05,100364.74933473863,28181.487612412355
2016-01-06,100468.32280748498,28180.141120725977
2016-01-07,100092.80256527197,30399.69841473829
2016-01-08,99096.8707635901,22663.97175638889
2016-01-11,99520.3425600631,9823.144476423953
2016-01-12,100465.92977309835,55238.79017043722
2016-01-13,99485.00945957353,28139.66858132531
2016-01-14,98630.11372499913,54331.51516848057
2016-01-15,98929.84278812035,27778.61519106253
2016-01-19,99200.03494065946,54592.61350053495
2016-01-20,99794.92363566373,54801.93246287321
2016-01-21,99846.16155070279,54801.93246287321
2016-01-22,99636.9324628732,54801.93246287321
2016-01-25,99863.13522793839,27909.13531394789
2016-01-26,100578.07251997624,28036.25553103123
2016-01-27,98920.20925885515,9974.860756934442
2016-01-28,99807.41716409526,27842.642888911574
2016-01-29,101088.60232573934,9849.52898734994
2016-02-01,100772.68312964134,10087.260669144913
2016-02-02,99543.96075093813,30208.965119898992
2016-02-03,99079.72544394288,9854.065313442086
2016-02-04,99425.99331507739,20279.21419832762
2016-02-05,97016.57467656514,9968.424563518975
2016-02-08,96276.40671002914,29853.24920493414
2016-02-09,95978.49045203606,29070.29372356811
2016-02-10,95760.26434891547,9496.632063499352
2016-02-11,96578.11789301224,9483.795125516126
2016-02-12,97284.40201558225,27171.290281728427
2016-02-16,96751.3453047821,27141.59454613418
2016-02-17,97610.10791617322,27281.51286261964
2016-02-18,97982.8501745571,9789.77541459693
2016-02-19,98170.59338111705,9673.721547852227
2016-02-22,99331.47177343619,9955.841289272428
2016-02-23,99104.77032607858,27728.0051735646
2016-02-24,100146.61923655281,9934.714919769858
2016-02-25,100615.55662937934,10030.645186622689
2016-02-26,100426.1428089461,28243.275575431315
2016-02-29,100865.69820672252,28078.552572309756
2016-03-01,103037.88153129109,10044.87087475547
2016-03-02,103310.1937346496,28740.491146508626
2016-03-03,103989.24172078387,28809.641789662994
2016-03-04,103923.05993841804,29149.39509950794
2016-03-07,103741.94741438613,29048.460826921317
2016-03-08,103393.32872944913,28995.128297506184
2016-03-09,103158.78311088271,28876.130929436164
2016-03-10,103781.39550258625,28927.677552719008
2016-03-11,103429.59852456253,29092.522115818672
2016-03-14,103535.93727013638,10292.627433271908
2016-03-15,104033.51827081783,10316.369318929752
2016-03-16,105518.85466732139,10408.559574202238
2016-03-17,104906.05997691245,10543.356392837482
2016-03-18,104768.14117857684,10528.564451663386
2016-03-21,104782.16108825369,10413.746438409522
2016-03-22,105221.98160930329,10384.79988630467
2016-03-23,105007.70939699111,10450.597509059282
2016-03-24,105348.94198446441,10484.775545408014
2016-03-28,105211.96318368577,10592.630686565872
2016-03-29,107153.61167693179,10519.416381597923
2016-03-30,107458.39570993284,10733.91982394555
2016-03-31,107350.42023874243,10823.367357024754
2016-04-01,107816.23664142597,10632.425793666725
2016-04-04,107437.43424919511,10912.337694021715
2016-04-05,107119.03459311464,10648.013870963836
2016-04-06,107767.19972497897,10682.546892590095
2016-04-07,107121.49938194206,10738.088119668268
2016-04-08,107279.97460673121,10743.829832771087
2016-04-11,107830.74328508857,10760.646619706185
2016-04-12,108347.0166902245,10793.112350016927
2016-04-13,109252.25128047518,10873.444215941947
2016-04-14,109060.86143613816,10873.964956352727
2016-04-15,109282.25409463061,10875.453054815658
2016-04-18,109300.97386514852,10847.704299089415
2016-04-19,109129.68180806359,10946.164301046934
2016-04-20,108970.89394487452,10811.030653014892
2016-04-21,108878.24082195917,10848.506565453208
2016-04-22,106866.71584837552,10701.775434781273
2016-04-25,107123.01209637428,21818.675942390215
2016-04-26,106630.84103977488,10689.52542459772
2016-04-27,105605.25132454917,10461.318958535647
2016-04-28,104822.26192206613,16075.882044260426
2016-04-29,106488.52400542487,10646.31990100135
2016-05-02,107453.02093903809,10544.803960011299
2016-05-03,106863.95849406162,10713.956976706171
2016-05-04,106148.42990422904,10668.664901024697
2016-05-05,105874.16331153567,10739.591964537454
2016-05-06,106737.15156809583,10603.417066495556
2016-05-09,106167.67764424223,10609.872925270975
2016-05-10,107569.16642545066,10819.338841005188
2016-05-11,107972.99757024694,10788.541779011966
2016-05-12,107377.99672997037,10878.322034836203
2016-05-13,109617.93407402719,22451.25603805268
2016-05-16,110814.51487088331,10917.355082155556
2016-05-17,110176.69743461846,11124.249594166267
2016-05-18,110452.29881330681,10928.814581477163
2016-05-19,110262.58482446053,11011.363551395922
2016-05-20,110926.93945240344,11001.774742239377
2016-05-23,110736.04407152442,11060.516056387705
2016-05-24,111622.84720017979,11113.091287875866
2016-05-25,112059.6430608551,11140.189467124183
2016-05-26,112366.59103984149,11218.494921868154
2016-05-27,112280.7574318446,11271.445267537963
2016-05-31,113111.56825800805,11302.134368619016
2016-06-01,112482.39477645245,78765.83930908528
2016-06-02,112101.70619649433,78307.97825831913
2016-06-03,112780.15139837058,78928.98439760001
2016-06-06,113578.5085745706,78897.68271502394
2016-06-07,113162.86866383058,11353.968856854259
2016-06-08,113587.48112706121,11403.850754298524
2016-06-09,114229.13625789249,11352.695348506813
2016-06-10,113460.12417188672,11268.947793636606
2016-06-13,113110.33507608084,11244.06995557456
2016-06-14,112803.42089088752,62055.43893440558
2016-06-15,113178.20388218216,62098.363756144565
2016-06-16,112648.63507355332,62472.83619965195
2016-06-17,113292.69028605484,62225.29154337906
2016-06-20,112988.68670807785,61979.747087106174
2016-06-21,112396.29050842734,11102.424766578395
2016-06-22,112127.46369997434,11280.29198602609
2016-06-23,112231.78079852741,61762.53485450429
2016-06-24,114672.20105031485,11368.985624346678
2016-06-27,114107.23034233552,62675.15021843415
2016-06-28,114047.004416737,11180.673692974487
2016-06-29,115251.27993337292,11446.72908703465
2016-06-30,116002.5279992552,11574.58893975927
2016-07-01,116647.60996710898,11571.251784917127
2016-07-05,117068.06291300371,11624.454835000783
2016-07-06,117790.57901889441,11710.509907785636
2016-07-07,118203.13600540985,11738.534222134245
2016-07-08,119846.05714744164,11976.485501228106
2016-07-11,120339.36839856471,11982.370473283177
2016-07-12,120250.84273546614,12089.373989280839
2016-07-13,120394.4643053575,12100.863906578581
2016-07-14,120754.39656420908,12034.697654926389
2016-07-15,120241.88529243128,12092.877121111318
2016-07-18,120698.19792846986,11978.226678770267
2016-07-19,120736.56696929372,11964.855099457865
2016-07-20,121677.44164818132,12200.087283786188
2016-07-21,121644.75777447846,12229.846400624787
2016-07-22,122038.60158787738,12074.352913961517
2016-07-25,121821.92504164534,12186.722763508138
2016-07-26,122060.4050977158,12143.17874824281
2016-07-27,123485.18857457973,12533.559133556866
2016-07-28,124115.44745429566,12323.668597422145
2016-07-29,125079.59189961234,12491.198753216655
2016-08-01,125557.5860390142,12605.370712704998
2016-08-02,125109.43793752772,12497.09582653625
2016-08-03,125222.59544836784,12467.803758018252
2016-08-04,126070.07699274777,12593.639253852347
2016-08-05,126430.00007615195,12625.304041482079
2016-08-08,126798.8321940287,12741.464221654738
2016-08-09,127160.82506590355,12728.074448399433
2016-08-10,126984.36208746769,12796.815668920053
2016-08-11,127302.12761711726,12724.59620868812
2016-08-12,128299.98219210851,12845.156268427245
2016-08-15,128595.84192681202,12975.460111378516
2016-08-16,128392.51357115383,12846.567039381216
2016-08-17,127958.7287689964,12763.416357688115
2016-08-18,128418.01256081392,12623.514481752416
2016-08-19,128031.35077785888,12881.140768403206
2016-08-22,127978.20904189046,12868.119186219523
2016-08-23,128353.32122959224,12904.40657438365
2016-08-24,127385.92017205647,12832.832684120456
2016-08-25,127263.01509223144,12771.923073269527
2016-08-26,127466.20811985784,12621.692795742085
2016-08-29,127580.1399270468,12766.93281747629
2016-08-30,126790.84836213781,12720.511076857587
2016-08-31,126538.38882745185,12782.055129179145
2016-09-01,127463.81488602488,12722.144285133765
2016-09-02,127875.52085096852,12938.072539043576
2016-09-06,129045.8766089801,12848.819530618595
2016-09-07,128651.11704767708,12837.95592249397
2016-09-08,127983.73795128168,12755.752889636173
2016-09-09,125242.4618829308,12711.537033182189
2016-09-12,124669.49518922858,68463.53681520514
2016-09-13,123994.80607112308,12297.557367404894
2016-09-14,124207.575951042,68309.83581584913
2016-09-15,123848.74703258497,68309.83581584913
2016-09-16,123533.62508631198,12253.960728411355
2016-09-19,123433.45067741978,12368.779579783555
2016-09-20,123377.88138391927,12332.661146187344
2016-09-21,124964.23776326809,12239.237452251047
2016-09-22,125667.52170006285,12496.405062475296
2016-09-23,125225.35136425757,12546.925217988723
2016-09-26,124698.82886958447,12365.036635163695
2016-09-27,125936.13303225303,12402.00476568008
2016-09-28,126380.37077141688,12577.503630527719
2016-09-29,126002.57061932307,12623.36855290157
2016-09-30,126633.20748222858,12617.305226574239
2016-10-03,126351.7400674925,12645.251288305291
2016-10-04,125072.07189416191,12568.746325485921
2016-10-05,125386.35958765932,12541.755333413557
2016-10-06,124930.56905356368,12560.477831754299
2016-10-07,124806.24458371373,12611.222912656987
2016-10-10,125472.28486031364,12548.918586076006
2016-10-11,124517.164187729,12674.133338272208
2016-10-12,124877.00030712518,12388.726179641824
2016-10-13,124393.18331845241,12446.777889208377
2016-10-14,124524.65906576456,12454.232625525607
2016-10-17,124177.62521352965,12422.065732504916
2016-10-18,124929.14001405693,12488.199324970023
2016-10-19,124975.81387567148,12452.31207155809
2016-10-20,124958.89309605726,12459.254672137584
2016-10-21,125892.30069618707,12590.819943242126
2016-10-24,127827.3196950356,12747.433889428765
2016-10-25,128406.78580301507,89555.94215172036
2016-10-26,127139.56730541294,89231.4680894286
2016-10-27,126619.80436041988,89034.89336422122
2016-10-28,125451.9692877073,88127.61209995934
2016-10-31,127050.48875070571,87780.51704693794
2016-11-01,126057.28995768142,12768.691573301085
2016-11-02,126316.49902669198,69565.73930684334
2016-11-03,126619.36837404153,69441.36697023294
2016-11-04,126659.7642516073,69564.75453175866
2016-11-07,125629.56069586388,69318.4099924337
2016-11-08,125479.90497561388,12516.283376416493
2016-11-09,124618.26298358571,12498.335198546762
2016-11-10,121740.19563902041,12517.20420253894
2016-11-11,126468.35379285408,12585.823610492473
2016-11-14,123874.1320268136,12735.44355549632
2016-11-15,124613.52633431781,87212.75856283534
2016-11-16,128192.85580529601,88421.78324641616
2016-11-17,127483.84469453264,90032.73542348314
2016-11-18,127720.08319471555,89315.4889230557
2016-11-21,127500.57665543443,89561.06660942918
2016-11-22,127838.61616447636,12744.65408995816
2016-11-23,126777.0835075955,12743.928613958793
2016-11-25,126772.15347350907,12754.378271234742
2016-11-28,126755.49123436812,12665.762400215903
2016-11-29,126436.8969625786,12690.052775795759
2016-11-30,124999.96339256421,12680.793431588565
2016-12-01,123249.17434702182,12471.94410286213
2016-12-02,123624.07692967997,12286.083450428107
2016-12-05,124874.4209897011,12404.856687256639
2016-12-06,125363.05826454393,12558.267534067549
2016-12-07,126647.36264660128,12493.495061895921
2016-12-08,126230.14120742392,12635.183138576269
2016-12-09,126188.11985651166,12633.647840653972
2016-12-12,125566.59762681335,12481.268825419847
2016-12-13,126753.39698590508,12659.948108332077
2016-12-14,126687.06703056987,35536.93067803081
2016-12-15,126408.31697019658,12597.003931370587
2016-12-16,126826.24146590313,12767.498010969966
2016-12-19,127990.32744963962,12710.523723443333
2016-12-20,128605.9382778027,12822.344688258408
2016-12-21,128752.50562331952,12849.078777053728
2016-12-22,128667.43000884238,12962.897149040124
2016-12-23,129071.63448428063,12823.651569117585
2016-12-27,131093.93767758657,13112.843760931966
2016-12-28,129645.01184470212,13309.488212652563
2016-12-29,130386.53832426104,12791.732220554679
2016-12-30,128480.09443040637,13053.720989187043
2017-01-03,128155.99792314546,12730.724073658164
2017-01-04,128644.07638972756,19632.627022204375
2017-01-05,129365.45056508592,12940.113014445822
2017-01-06,130178.3143190322,12945.97887601233
2017-01-09,131439.04322094898,13055.371665429864
2017-01-10,131420.32841605673,13288.588749594783
2017-01-11,131654.52215436465,13072.892908368167
2017-01-12,131543.31353462063,13055.315090778702
2017-01-13,131712.4563293015,13210.790954545648
2017-01-17,131677.48656698552,13226.423245871942
2017-01-18,131687.95166580516,13132.971327708538
2017-01-19,132036.66151031316,13189.744407976284
2017-01-20,132064.44648100864,13338.838399191018
2017-01-23,132841.78936573866,13188.917399853497
2017-01-24,133406.1044914621,13309.899452437736
2017-01-25,133953.4039064343,13354.958614915144
2017-01-26,134246.909048738,13362.671618165483
2017-01-27,135138.49509276112,13540.586007248963
2017-01-30,134551.09180907975,13375.239282176595
2017-01-31,134510.6535808166,13410.94717684589
2017-02-01,136478.67389085636,13588.249709395028
2017-02-02,136973.13478682106,13557.18960497444
2017-02-03,136376.96635393117,13569.714288511032
2017-02-06,137545.19017153332,13681.985130601615
2017-02-07,138070.14953070157,13838.224013857762
2017-02-08,138449.15103041768,13821.55405318378
2017-02-09,138199.9492109251,13937.815345330213
2017-02-10,137892.0354744745,13856.030724937993
2017-02-13,137303.40291693955,13576.162095339587
2017-02-14,137653.16548063591,28133.663265727308
2017-02-15,138047.35571278143,13659.032064567085
2017-02-16,137903.39706294393,13827.302493737687
2017-02-17,137889.49782653927,13709.625734053838
2017-02-21,139088.88635783206,13828.718523073288
2017-02-22,139105.56980273858,14040.423692203925
2017-02-23,137265.92744562277,13745.354613038382
2017-02-24,136594.50959007378,35011.16740028496
2017-02-27,136833.84084923577,13600.727598503338
2017-02-28,136094.41932663159,13781.214200584462
2017-03-01,137273.57225797122,13683.923078512604
2017-03-02,135467.9223215324,13632.18753120721
2017-03-03,135549.40991558932,13424.116801403996
2017-03-06,134995.664589821,13349.866973816055
2017-03-07,134986.50763535406,13456.297537087465
2017-03-08,134960.11877113426,13528.36161547745
2017-03-09,134698.61606119986,13408.828206051536
2017-03-10,135024.97534480222,13511.327152158097
2017-03-13,135603.34894340197,13481.425374437966
2017-03-14,135207.4770693854,13691.623275287515
2017-03-15,136396.11136394413,13562.743539628102
2017-03-16,136820.850111532,13616.102255153452
2017-03-17,137311.270821777,13801.270357099189
2017-03-20,138525.35811934024,13883.352123589808
2017-03-21,138138.55079375528,97163.97648583671
2017-03-22,139406.64709228097,96293.42733710822
2017-03-23,138694.31504339632,97770.85888070519
2017-03-24,139338.36463229416,97648.18407575844
2017-03-27,139475.50107179876,97292.75408397909
2017-03-28,139963.77423169176,14031.988953371445
2017-03-29,140560.2491375993,14036.434730250676
2017-03-30,140809.31594417637,14045.698580723454
2017-03-31,141057.00529218552,14060.497535475464
2017-04-03,141169.59612505653,14181.963622977531
2017-04-04,140281.78012830752,13812.269810028258
2017-04-05,140009.85217174952,14007.049386352928
2017-04-06,139764.29982948457,13952.923460961922
2017-04-07,139608.14512401432,14027.647174414089
2017-04-10,139265.10995807752,13988.190347577187
2017-04-11,139396.27541982764,21146.864435311494
2017-04-12,139729.0894060406,76766.77113821835
2017-04-13,140027.29809930615,76888.29888513379
2017-04-17,139841.8977849751,76888.29888513379
2017-04-18,140193.49380941843,13906.543708281264
2017-04-19,139630.31254924834,14040.672581806772
2017-04-20,140546.5959306554,14045.810877163813
2017-04-21,140935.75763835196,14146.77778090719
2017-04-24,141768.96555936767,14190.046421889783
2017-04-25,142188.48971803972,14202.039692958098
2017-04-26,141870.0883284586,14417.830489255717
2017-04-27,142689.9016967208,14239.6100600154
2017-04-28,142633.52015765788,14429.76167520169
2017-05-01,144875.34386635714,14284.863625535298
2017-05-02,144218.45106564916,14458.99628983893
2017-05-03,143870.1919879699,14251.250992753558
2017-05-04,143299.88149612394,14545.907379798573
2017-05-05,143903.82814533703,14422.821198534883
2017-05-08,144983.9675145417,14532.679660585483
2017-05-09,145270.72286683,14475.03358298221
2017-05-10,149392.52817080513,14758.023440580537
2017-05-11,150575.5039197961,14936.93276162538
2017-05-12,151557.6522729908,15109.135084680154
2017-05-15,152943.3494857538,15158.407170890612
2017-05-16,154259.7991949694,15284.323722995996
2017-05-17,151339.16185292383,15313.417506782022
2017-05-18,151181.74925027858,83460.05064188014
2017-05-19,151517.0495747674,83339.64870349054
2017-05-22,152240.57202470035,15108.876216051278
2017-05-23,151728.23856787462,15266.630490825355
2017-05-24,152332.42890153814,15343.228782996412
2017-05-25,152959.84446335546,15241.549450881388
2017-05-26,153959.33950269644,15170.77373063987
2017-05-30,154616.94870826832,15390.674275132336
2017-05-31,154304.3821338164,15531.723590229654
2017-06-01,154527.3885671887,15308.524293878974
2017-06-02,155912.55705493066,15478.583923989281
2017-06-05,156753.24078900975,15587.135207010922
2017-06-06,157070.58529051763,15753.881452646074
2017-06-07,157417.82297078497,15809.44440022832
2017-06-08,158705.6844264329,15952.395486241645
2017-06-09,154459.37630615462,16104.551696398144
2017-06-12,153401.9200148759,15220.056211966072
2017-06-13,154587.15646385538,15544.32623314248
2017-06-14,153932.5753397503,15411.746275857937
2017-06-15,153291.33648424884,15236.404381330207
2017-06-16,153461.25117721834,15460.934621718312
2017-06-19,155224.35385421978,15504.523150484432
2017-06-20,154486.95217686583,15710.85566192557
2017-06-21,155474.89949003447,15555.099294340507
2017-06-22,155379.21180963772,15561.894452574435
2017-06-23,155356.4590688925,15474.099601386084
2017-06-26,154161.44013975278,15581.163353425412
2017-06-27,152202.22825751174,15376.94109377732
2017-06-28,154266.7645647188,15266.557060446328
2017-06-29,152059.9330004432,15265.319894669283
2017-06-30,151620.32404836663,15227.556185092995
2017-07-03,149687.03430762974,23140.735185773065
2017-07-05,151143.10152717435,14993.900360067732
2017-07-06,150640.0052093418,14973.057634249462
2017-07-07,151647.3909038731,15076.108993930493
2017-07-10,153590.74282410071,15210.280805134027
2017-07-11,154009.9304912614,15338.26401739587
2017-07-12,155920.08615770846,15540.842145352643
2017-07-13,155969.90633772925,15634.345860710877
2017-07-14,157556.89889035316,15635.59204182717
2017-07-17,158125.97846539723,15894.149014789924
2017-07-18,159115.44538462005,15625.26845705353
2017-07-19,159378.34398053528,15965.711061223774
2017-07-20,159850.1782714826,16031.829603860995
2017-07-21,160076.78031621122,16005.135487891672
2017-07-24,160365.87823700559,16041.687646147113
2017-07-25,160431.6242633482,16007.419898571603
2017-07-26,161458.21026466403,16104.826139431329
2017-07-27,159639.13111533195,16115.955593242963
2017-07-28,159543.67646762147,15731.34532519593
2017-07-31,158236.44881597595,16079.518646393588
2017-08-01,160415.51124810026,110629.7332429771
2017-08-02,161983.91131523834,113711.99877289518
2017-08-03,161722.1275964959,113760.30983745889
2017-08-04,162044.62579715386,113330.84198558464
2017-08-07,162153.44605106502,113622.04436868816
2017-08-08,162383.58798033782,16219.123189516744
2017-08-09,163030.54664373212,16091.31613683514
2017-08-10,160399.0922810291,16222.91863314854
2017-08-11,159905.7903637039,87828.05982628935
2017-08-14,159394.02654827194,87705.06762493208
2017-08-15,158324.99354242475,15745.970471135686
2017-08-16,158294.36611599554,15830.008868642937
2017-08-17,156602.24853034125,15799.850657416462
2017-08-18,156554.78782832023,86476.886079663
2017-08-21,156817.7827981643,86230.78156983177
2017-08-22,157657.15092947456,15568.015018486716
2017-08-23,157963.82967309628,15696.180537506685
2017-08-24,157477.26473856307,15921.782521728057
2017-08-25,157373.82439983953,15767.931581865449
2017-08-28,158492.42920757178,15661.582295187747
2017-08-29,158882.82499726446,15836.393970805719
2017-08-30,159763.188258955,15947.734821149817
2017-08-31,161533.24059673835,16036.526145902177
2017-09-01,161431.75648334136,16213.314998890066
2017-09-05,160473.24044987556,16076.52994725106
2017-09-06,160195.83967032784,15966.70916905756
2017-09-07,161285.502374604,15997.281723931073
2017-09-08,159895.22249722952,15985.01531243795
2017-09-11,161127.6203133238,16055.304925597973
2017-09-12,161340.06833692695,16124.377811872013
2017-09-13,161551.60486815003,15977.472140050188
2017-09-14,161034.6564833222,16090.949408203182
2017-09-15,162701.0562042409,16271.962870519712
2017-09-18,162790.5351022777,16452.966925054494
2017-09-19,162842.19095778107,16330.07468962311
2017-09-20,161767.22526010315,16201.305204713733
2017-09-21,159828.55027089833,16069.881115777484
2017-09-22,159353.06615782372,15991.525047784962
2017-09-25,157665.23712060146,15799.715953800027
2017-09-26,157701.16948890727,15836.124985695296
2017-09-27,158529.792648969,15885.168033776605
2017-09-28,158598.41672081617,15888.904068895836
2017-09-29,159289.47437382585,15958.014389046499
2017-10-02,158966.72083599947,15974.760782078722
2017-10-03,158973.6668748215,15992.028103764376
2017-10-04,159501.20246336263,15949.862772200511
2017-10-05,160394.8907670897,16051.154667846535
2017-10-06,160889.46625205214,15996.400309287867
2017-10-09,162032.22735239408,16160.518650783511
2017-10-10,162708.01151978274,114393.1299785306
2017-10-11,162905.76885246596,113883.66840671857
2017-10-12,164501.04731454267,114966.59067334546
2017-10-13,163488.8387549817,115192.18007692689
2017-10-16,164500.93922841427,114843.24809968351
2017-10-17,164210.2221950148,16369.54118429168
2017-10-18,163598.62799906204,16360.14671778152
2017-10-19,163108.63782399177,16209.360430650695
2017-10-20,162953.62251445602,16415.760238378745
2017-10-23,162544.17004616407,16300.673492743052
2017-10-24,163051.02857405262,16213.559965196404
2017-10-25,162135.8137491965,16292.14411247011
2017-10-26,162222.74844115952,16310.480616986559
2017-10-27,169120.70257851403,16678.50489517967
2017-10-30,170327.0490151037,16975.80742126596
2017-10-31,169869.7648207657,119482.19671268387
2017-11-01,166990.77154763648,118602.57115825124
2017-11-02,167293.76204347512,16537.678681372607
2017-11-03,168578.97844819256,16903.859322826345
2017-11-06,169672.9020849012,16806.851570680006
2017-11-07,169893.31652268223,17037.833088005114
2017-11-08,170228.4633478936,16924.516560059415
2017-11-09,169630.50590336032,16776.98208725163
2017-11-10,170394.01808121003,17113.3405003766
2017-11-13,170026.05461507372,17144.612598472148
2017-11-14,170126.3866279264,17069.328577770775
2017-11-15,168739.90692371072,16951.075151860143
2017-11-16,169503.598788993,93264.39783074104
2017-11-17,169305.02049134174,16974.359584073212
2017-11-20,168992.93587012714,16968.16067977374
2017-11-21,170501.10382046446,17105.536424300517
2017-11-22,171277.51183247406,17132.99179768402
2017-11-24,172156.2001980159,17142.846977553083
2017-11-27,172286.3900904976,17425.224721463786
2017-11-28,171958.5732554223,17286.099969747236
2017-11-29,168041.5938847902,17216.515019738938
2017-11-30,169225.92049104694,16822.05248577122
2017-12-01,168581.0714822133,16862.530025990767
2017-12-04,165111.8354442665,16922.869058425138
2017-12-05,165020.3717339235,24989.601775904233
2017-12-06,165747.61477646444,16511.306992383925
2017-12-07,165662.73225786327,16487.75205900312
2017-12-08,166174.82819279272,16696.28197392066
2017-12-11,167423.90950028526,16732.839828654385
2017-12-12,166825.92289793034,16681.158817882744
2017-12-13,166570.54244036664,16643.546002817056
2017-12-14,166535.07854532322,16623.090687504613
2017-12-15,168382.82137990472,16798.097364668825
2017-12-18,169950.949656952,17057.23562191782
2017-12-19,169209.17747090748,17121.542007192882
2017-12-20,169077.18063620682,17008.659254828646
2017-12-21,169045.90384156787,16875.939526153452
2017-12-22,169056.53964188186,16949.718339944746
2017-12-26,169144.6645830107,16854.131321711553
2017-12-27,169502.20932486403,17045.65043404449
2017-12-28,169927.32474680414,17052.89897413721
2017-12-29,168972.09289008792,17013.532165829507
2018-01-02,171371.39908000763,16889.698224752505
2018-01-03,173474.93527517168,17221.082450960555
2018-01-04,174360.28293433742,17440.465765147965
2018-01-05,175636.16893014451,17429.900771231845
2018-01-08,176793.15583205264,17665.82373976749
2018-01-09,176672.27601248186,17720.82044750612
2018-01-10,176914.30894147302,17523.349820245763
2018-01-11,177856.1299542332,17780.86564530376
2018-01-12,179695.79591925628,17753.29408438691
2018-01-16,179661.4564745409,50472.661461113166
2018-01-17,176157.07997372473,125816.81726315344
2018-01-18,175965.09235318768,49215.172766529206
2018-01-19,176570.91982702748,49490.55953650015
2018-01-22,177486.56699336896,49456.86007465255
2018-01-23,178636.8110573637,49796.177561079196
2018-01-24,178877.84925781214,50163.46688209498
2018-01-25,178521.62842788943,50172.91485443362
2018-01-26,179659.59865234565,50227.61054371069
2018-01-29,179351.28904508526,50283.55615114147
2018-01-30,177299.30459799574,205592.37943281935
2018-01-31,180986.41255464248,202857.49418153457
2018-02-01,183273.14513748206,209527.77429550208
2018-02-02,178367.63166856192,128278.46790456199
2018-02-05,178155.37087087892,125236.17120580935
2018-02-06,185595.1443954513,29175.682426075688
2018-02-07,183381.79899134432,18660.87306895051
2018-02-08,176408.6265198371,18530.770924248412
2018-02-09,180210.19864495992,30726.782167756544
2018-02-12,182300.1621757421,100182.81037673088
2018-02-13,182763.78900540975,100307.4678079
2018-02-14,184165.33973069664,100559.38251634117
2018-02-15,185767.83805754528,18358.00924780711
2018-02-16,184629.76765433673,18466.69495478991
2018-02-20,185711.97132210052,18473.867777865304
2018-02-21,184262.41570904086,18599.95401766132
2018-02-22,185026.2813102855,18435.148614133777
2018-02-23,187453.43874113477,18677.07677500164
2018-02-26,189533.5137433023,18862.988333126963
2018-02-27,188444.45683089684,18864.58555308771
2018-02-28,187624.00705262617,18936.260287489466
2018-03-01,184564.49169669684,18794.242930751407
2018-03-02,185873.365324844,18211.303888190854
2018-03-05,186835.87389639646,18607.88198355466
2018-03-06,188124.5061593378,18744.280766996184
2018-03-07,187891.48619029348,18532.032075379528
2018-03-08,188641.01984777645,18827.970465566665
2018-03-09,191467.5969933102,18950.02486549113
2018-03-12,192982.35847969342,19151.424241259585
2018-03-13,191606.58886156094,19459.16035566343
2018-03-14,191309.95493183346,19284.446219064906
2018-03-15,191026.19623228358,19036.035583460784
2018-03-16,190863.50934725578,19197.15533810433
2018-03-19,188315.73064957536,19013.90041123307
2018-03-20,189998.9718097204,18777.2931655401
2018-03-21,189783.0990001863,19141.995187014913
2018-03-22,186777.3020542741,18788.391457903414
2018-03-23,183180.00775761768,18812.61390633748
2018-03-26,190298.65093432565,30532.03483401437
2018-03-27,184745.34079764131,19194.245870807208
2018-03-28,181971.77334756678,30972.7077347738
2018-03-29,182540.5941962513,100273.9335974964
2018-04-02,180161.80764973853,18186.4866963694
2018-04-03,181980.2535976874,100264.1516232001
2018-04-04,189246.2105944569,18183.592396062122
2018-04-05,189790.01950222268,19061.185825884495
2018-04-06,186002.28348582375,18787.061178618555
2018-04-09,186598.2417877539,18781.369554839945
2018-04-10,191060.86113709531,19111.067950907567
2018-04-11,190088.20831545768,19063.866569127415
2018-04-12,192711.03692679558,18996.297731925588
2018-04-13,191881.03691640534,19381.628003746646
2018-04-16,192885.4201118537,19205.279217440708
2018-04-17,196766.93691327295,19371.127623817545
2018-04-18,197212.18107543103,19689.152469493078
2018-04-19,195185.8326640256,19631.846800339998
2018-04-20,191864.14890023286,19375.371782026847
2018-04-23,190733.89085572358,19279.350911074827
2018-04-24,187556.1298864386,19140.789652158976
2018-04-25,186677.52739700075,18630.16628392932
2018-04-26,189524.78734706916,18914.319245567698
2018-04-27,191213.72671997728,19258.271513106254
2018-04-30,190369.21625989545,19086.640152393455
2018-05-01,192060.25273210293,19018.052224938932
2018-05-02,192537.52405075092,19359.516216793243
2018-05-03,193979.35715137204,19195.311201436125
2018-05-04,196600.04403472057,19414.989461661484
2018-05-07,198802.4984281192,19812.593191874996
2018-05-08,198889.3023175512,19952.46660845619
2018-05-09,200340.56055038288,20011.265141180298
2018-05-10,202342.44631829447,20179.342167522373
2018-05-11,201091.7761483644,19989.747170016642
2018-05-14,201114.01924631733,20135.185352541404
2018-05-15,198057.76812748538,20011.60622791874
2018-05-16,198603.91812988906,19704.736998526147
2018-05-17,198082.09706420772,19808.87598533505
2018-05-18,197544.9643315513,19862.378579064116
2018-05-21,198384.9800612826,19758.54448198268
2018-05-22,197879.50019584392,19774.385845525012
2018-05-23,199403.51074007747,19648.62271765469
2018-05-24,199752.49803676724,19995.426662350874
2018-05-25,200011.15343432585,19915.376800109538
2018-05-29,199741.63996682508,20055.540395120206
2018-05-30,200168.82084182868,110108.7188368238
2018-05-31,199956.15336138936,19920.95017869205
2018-06-01,201776.77304724924,20105.49976615183
2018-06-04,203613.42027222645,20259.013038988236
2018-06-05,204861.80536105437,20430.334295533117
2018-06-06,205105.73101363945,20410.171086652754
2018-06-07,204083.7921652302,20565.712666939187
2018-06-08,203916.83352123955,20309.403755538257
2018-06-11,203645.06653698997,20388.770859804907
2018-06-12,204140.59935735652,20399.499009360767
2018-06-13,203986.2187591742,20286.705485935057
2018-06-14,205175.4290145783,20501.65467108768
2018-06-15,203164.84968409155,20394.224291177736
2018-06-18,203397.39911870725,20433.486814782682
2018-06-19,202344.76667493273,20167.36720174242
2018-06-20,203097.965489275,20394.09594953728
2018-06-21,201598.7726569074,20190.73091744357
2018-06-22,200379.1937208458,20136.705188302614
2018-06-25,196615.28984278115,19923.53470533761
2018-06-26,197303.60382410153,108574.16223474607
2018-06-27,193696.5004095906,19601.312527644033
2018-06-28,193482.86997756158,106591.1690803448
2018-06-29,193798.92020186578,106591.1690803448
2018-07-02,196784.78628950854,19381.160792644223
2018-07-03,195282.26074167292,19653.290078602236
2018-07-05,196829.05406606523,19580.00430238573
2018-07-06,198928.1818620999,19607.24065182997
2018-07-09,200514.14303563745,19906.298705803456
2018-07-10,201034.78358203307,19986.43947345151
2018-07-11,199484.16433478275,19983.98841620364
2018-07-12,202127.35134621398,20020.928537566833
2018-07-13,202365.06295653636,20119.241322243746
2018-07-16,202019.28860546584,20294.482979550306
2018-07-17,202944.12973788232,20005.23386958093
2018-07-18,201925.16615053907,20345.125518291155
2018-07-19,201423.53423303645,20136.53236669581
2018-07-20,202162.00148616266,20289.679563860416
2018-07-23,202037.7228669052,20090.981453788743
2018-07-24,202581.82087023687,20243.44194539023
2018-07-25,205126.626761432,20239.067580218638
2018-07-26,203646.31656539743,20376.03752172296
2018-07-27,202387.67307181953,20633.486074882727
2018-07-30,199771.92929559384,20324.930401856043
2018-07-31,200263.7602865044,19876.025306398034
2018-08-01,202320.93480935597,20203.90485730672
2018-08-02,204544.72003795338,20147.743991868025
2018-08-03,204958.9201463389,20507.758559100603
2018-08-06,205543.72254435453,20508.921198529344
2018-08-07,206217.58511562546,20669.168427183227
2018-08-08,207181.85857085537,20513.523447793246
2018-08-09,207366.9644788175,20765.439412441763
2018-08-10,206623.52619967994,20572.761312347033
2018-08-13,206091.64688879516,20676.111509385366
2018-08-14,207847.13456632273,20861.820374504485
2018-08-15,205802.3076636393,20669.01600333047
2018-08-16,206152.06023869506,20762.09260401717
2018-08-17,205301.66075019303,20514.087404055026
2018-08-20,205363.46120937058,20319.316912247625
2018-08-21,206019.34068642056,20679.6383958856
2018-08-22,208061.45023565626,20682.745541861997
2018-08-23,208213.36173890755,20774.495043503495
2018-08-24,210250.22899898194,21064.115382038577
2018-08-27,211931.97401119175,21084.307698497203
2018-08-28,214111.25288116955,148630.26278412365
2018-08-29,216027.84518953777,152930.21596189952
2018-08-30,217565.19910692208,150490.67917703622
2018-08-31,217065.68488071027,152633.23137805524
2018-09-04,202890.87094671783,149794.16220123824
2018-09-05,193899.4036997398,19316.616726740234
2018-09-06,192381.1891693113,19408.325203323147
2018-09-07,191705.94162444345,19184.607487480556
2018-09-10,191563.36283419377,19297.19961855657
2018-09-11,193429.40580050388,18964.02008501927
2018-09-12,193149.74050453395,19342.268788606834
2018-09-13,194366.30206745284,19361.489741021574
2018-09-14,194064.3061206827,19438.69700126743
2018-09-17,191940.39532529353,19315.281373133646
2018-09-18,192394.83455969195,19233.50397898058
2018-09-19,192085.33395881858,19061.65862579552
2018-09-20,192647.00156495057,19250.752737016304
2018-09-21,191903.6196143055,19140.95458096503
2018-09-24,193001.93816126973,19052.405488387645
2018-09-25,194156.92825750762,19296.22584251815
2018-09-26,193342.47452805002,19451.929425453745
2018-09-27,194370.28367420475,19550.541955912508
2018-09-28,196198.3570377277,19311.331791107506
2018-10-01,197590.57535823283,19739.047353586524
2018-10-02,197527.5929700276,19835.483488216072
2018-10-03,197431.6937299955,19772.143643020383
2018-10-04,194765.53351488925,19722.185738953114
2018-10-05,192877.79933774297,19467.304563878217
2018-10-08,190962.89455123286,19132.40752835614
2018-10-09,190921.53808815195,104895.13925392342
2018-10-10,191135.45715553476,104895.13925392342
2018-10-11,191458.20524776884,19164.514448055692
2018-10-12,197128.2626649759,19583.171252431624
2018-10-15,193017.26966834918,19871.843848952205
2018-10-16,197958.9949554647,19415.545221730572
2018-10-17,197760.49654282263,19818.26396406821
2018-10-18,194976.2122560109,19881.056494768993
2018-10-19,195842.43524307426,107790.84362167533
2018-10-22,195613.98981156945,107558.68050828575
2018-10-23,197957.90300237233,19691.579134574484
2018-10-24,198056.2911484507,108811.38834693702
2018-10-25,203012.5663094828,19802.434874565326
2018-10-26,196603.72072855203,108104.91552988258
2018-10-29,187453.08045512106,19587.385407265698
2018-10-30,190640.98591778698,18607.199914674187
2018-10-31,194595.13530284454,54109.05060035278
2018-11-01,196816.03120818938,54676.605705412294
2018-11-02,195769.68246804737,54860.62309419179
2018-11-05,194854.9996572519,54668.1005641008
2018-11-06,194860.6256086271,54481.35413951089
2018-11-07,198467.85724313784,19628.92065866517
2018-11-08,197028.7431817787,19787.71519525222
2018-11-09,194430.1548336794,19271.396239166468
2018-11-12,187974.4990035846,19234.63547628665
2018-11-13,188637.81801551464,61873.23596709851
2018-11-14,183028.86659928804,18965.85196229463
2018-11-15,186121.46404107971,18225.826147402953
2018-11-16,178754.6768406312,49856.562427846635
2018-11-19,176660.58391291657,57097.81725866356
2018-11-20,175591.5154615257,58468.89341410139
2018-11-21,176347.88177625992,57553.823113845385
2018-11-23,175973.68373683997,49274.77594689437
2018-11-26,179215.96881670365,17663.411539977893
2018-11-27,178199.25648885485,49876.52868276355
2018-11-28,180610.77956324478,50014.939942654586
2018-11-29,179586.0379268111,18121.36605586422
2018-11-30,180460.65769793536,50258.1477072432
2018-12-03,182381.27174899148,18283.12292239236
2018-12-04,175861.74352947556,18087.65006796203
2018-12-06,174197.5797678434,48296.714302679204
2018-12-07,172982.7444245492,60524.271625248046
2018-12-10,175336.23508801893,50260.061765341336
2018-12-11,173920.54529302954,17614.75809067129
2018-12-12,175311.5862730333,49039.46129210678
2018-12-13,175267.23214825755,49090.202678767484
2018-12-14,173532.31753657188,48827.8621942791
2018-12-17,172862.02685052148,48615.79337722055
2018-12-18,173911.00130154658,50466.49241234827
2018-12-19,169680.4401769036,17239.823561608187
2018-12-20,167434.06949630642,38501.18663040067
2018-12-21,161725.38736652737,16802.866344207578
2018-12-24,158842.06059135048,76842.6933809623
2018-12-26,166335.97270975946,15983.762530907374
2018-12-27,164872.32917289773,90721.77936058083
2018-12-28,165173.677859116,90721.77936058083
2018-12-31,165019.94659525726,46210.674035137636
2019-01-02,165558.17386242264,46038.0641698491
2019-01-03,162097.88301606398,16415.160793020543
2019-01-04,165034.5896544188,49434.69444510639
2019-01-07,167045.90530777426,16541.819372658436
2019-01-08,167432.22339234006,16926.556133123744
2019-01-09,169093.0706696783,16682.781379250133
2019-01-10,168360.57641288353,46929.07699081017
2019-01-11,168460.96779225522,47005.217845660976
2019-01-14,168342.69224667462,47123.9928238383
2019-01-15,169131.67772085895,47399.79347617854
2019-01-16,169535.9674716543,47447.13266854989
2019-01-17,169871.61883104994,47310.31083763791
2019-01-18,169845.67532351924,47565.13615420772
2019-01-22,168605.25291665984,47560.61082681609
2019-01-23,168368.38894364232,16917.288583010366
2019-01-24,169237.43345658848,47249.96600644656
2019-01-25,171100.81961270724,47585.4041535512
2019-01-28,169184.01519550756,47240.83381142093
2019-01-29,168533.43964840114,51113.2195556277
2019-01-30,171046.06557289083,47609.65489641149
2019-01-31,171822.38098628007,47938.53436428986
2019-02-01,170932.44479195733,48125.35828225273
2019-02-04,171654.72835323136,47889.955618112486
2019-02-05,172885.8480690141,17349.435883345133
2019-02-06,172521.6837856052,17410.31437342142
2019-02-07,170492.57734541193,17133.005523245476
2019-02-08,169825.1307642599,47356.31112886868
2019-02-11,169224.01889549685,47345.33530556154
2019-02-12,170359.37678715383,47473.127057043646
2019-02-13,170010.0722409562,17149.522556908472
2019-02-14,170388.34817040703,16924.961676724168
2019-02-15,171220.8062709342,17479.583849288094
2019-02-19,172203.01900542437,17013.576784498087
2019-02-20,172390.85244657358,17112.09760786853
2019-02-21,171762.50116648435,17407.333984754085
2019-02-22,173403.60375217415,17340.696046390312
2019-02-25,173651.18033426706,17508.50492757266
2019-02-26,173714.47909720943,17255.106479726302
2019-02-27,173202.9264666529,17070.872009465238
2019-02-28,172438.33265192545,17188.933609795928
2019-03-01,172959.91821367855,17402.978211237158
2019-03-04,173367.10095669606,17348.90874459126
2019-03-05,173136.04780518063,17386.01599442013
2019-03-06,171790.2715708709,17358.82819409134
2019-03-07,169914.42596689903,17017.27355829916
2019-03-08,170700.83137901322,16906.939838485872
2019-03-11,174661.23645117643,17331.535144833364
2019-03-12,175724.77092668097,17632.39473744909
2019-03-13,177719.098665724,17645.38546753905
2019-03-14,176914.35811819453,17869.056266921943
2019-03-15,178956.1622482393,17634.78759633042
2019-03-18,180027.14510291818,17945.726733624953
2019-03-19,181388.66748030737,18155.59266598776
2019-03-20,182286.36441152508,18238.60753744061
2019-03-21,185718.74747478432,18247.70703517862
2019-03-22,182538.97380300218,18624.937187630476
2019-03-25,182272.90140089908,18349.951963757652
2019-03-26,182449.86143585676,18312.081391301082
2019-03-27,181809.80232253013,18168.266427659357
2019-03-28,181432.96465608425,18105.785300462914
2019-03-29,182399.30373936053,18194.96337681169
2019-04-01,183635.08023827517,18423.284259729026
2019-04-02,184387.3740344808,18380.58753927207
2019-04-03,185693.8085828182,18350.62219766346
2019-04-04,185635.11603389325,18440.938882690094
2019-04-05,186615.4634643209,18645.495518745174
2019-04-08,187638.35903562445,18837.758121622977
2019-04-09,187036.76494388725,18816.115181733614
2019-04-10,188207.7765957017,18702.254357923983
2019-04-11,187204.45756736322,18680.809866576634
2019-04-12,187042.2412020994,18711.623422367655
2019-04-15,186227.98232428238,18620.024434725496
2019-04-16,188097.68778664496,130272.42771584418
2019-04-17,187085.98596145146,132241.8512568616
2019-04-18,186808.70056138505,131025.8085087346
2019-04-22,188401.62434930395,130626.27167672703
2019-04-23,184774.6240289592,130744.54132155412
2019-04-24,184069.668018086,18293.63775132422
2019-04-25,184160.26788553523,18443.451898425083
2019-04-26,183872.00553198412,18251.538711744102
2019-04-29,183560.7982209715,37642.4597924742
2019-04-30,183547.5997334119,18200.43465763293
2019-05-01,183696.95022694176,18641.533632913284
2019-05-02,183211.51733483688,18577.627235311447
2019-05-03,185367.9139885907,18626.26957368896
2019-05-06,184156.63104279156,18039.83918793316
2019-05-07,181395.7735018541,18222.740882854625
2019-05-08,180689.64876753496,99679.94631392168
2019-05-09,180883.40007297165,99437.00212375291
2019-05-10,181036.9301911876,99557.39998641466
2019-05-13,179781.66774301717,18130.30454998205
2019-05-14,180555.06834484916,99364.08895184379
2019-05-15,180508.6585471807,99364.08895184379
2019-05-16,181298.56176613946,18131.24909447808
2019-05-17,179250.4251905025,17927.191620403617
2019-05-20,176140.0295266321,17528.636475484636
2019-05-21,177814.47878650995,17645.610874217484
2019-05-22,176494.89186893735,17557.072236168715
2019-05-23,173637.77940945508,17299.818410919932
2019-05-24,173459.17432091798,17326.29402039613
2019-05-28,172805.91152947544,17476.418737107513
2019-05-29,171277.1060620431,26107.272281754416
2019-05-30,171628.95718139375,17178.627525508044
2019-05-31,169990.2917928192,17150.43621940343
2019-06-03,169700.93812298123,47526.69532322232
2019-06-04,171406.39598927583,51357.32948360528
2019-06-05,171441.46207555794,17314.974558201066
2019-06-06,173138.86414576683,17109.559682618725
2019-06-07,175987.3730248638,17434.95731632193
2019-06-10,177552.96150110418,17553.15593622381
2019-06-11,178201.93031533633,17758.28464635288
2019-06-12,177250.5773512353,17807.822574280646
2019-06-13,178329.06767389868,17505.06576368903
2019-06-14,177440.05057967576,17571.342313417535
2019-06-17,177977.7143613267,17640.483003036992
2019-06-18,181103.93815165033,17811.342336945432
2019-06-19,181594.15548418087,18258.328777294573
2019-06-20,183644.61782058483,18351.764636838492
2019-06-21,183335.04056022174,18332.42431590563
2019-06-24,184417.6663825605,18339.39965630508
2019-06-25,182385.41384234425,18450.509445095016
2019-06-26,184411.9308478309,18623.731997676015
2019-06-27,185228.18706971157,18665.086959180717
2019-06-28,185072.3197235489,18688.964860382075
2019-07-01,185814.08067831866,18836.77550968997
2019-07-02,186737.5802194269,18387.332901159054
2019-07-03,187413.40745697523,18517.039826970344
2019-07-05,186336.04566674968,18342.95380788584
2019-07-08,184969.5830755219,18276.593089579044
2019-07-09,185769.20105342328,18300.105016512276
2019-07-10,188083.84164726094,18766.962228887845
2019-07-11,188454.2353219577,18988.813240964053
2019-07-12,189490.59050183286,18946.829729127785
2019-07-15,189856.7953899104,19047.88108708448
2019-07-16,188728.80951438626,18961.173819882475
2019-07-17,189424.7945890911,18970.969784785073
2019-07-18,190391.8364150545,18865.900075676156
2019-07-19,188718.72550549963,19049.764468817517
2019-07-22,190601.9902440256,19077.945245379822
2019-07-23,191623.26117742932,19123.18989218151
2019-07-24,192786.36732871772,19392.082012250445
2019-07-25,190750.33486965165,19093.385366706712
2019-07-26,191008.0104981976,19035.08258739285
2019-07-29,191043.01325403297,19274.36570631111
2019-07-30,190831.9692257786,19047.592910661722
2019-07-31,188227.6842573723,19300.13514886707
2019-08-01,190849.63561915333,103547.23327540333
2019-08-02,190512.23811177874,104493.8684981313
2019-08-05,191714.81769298605,105458.2818958669
2019-08-06,192019.66115331155,19284.39310121043
2019-08-07,193460.49786609894,19070.80701464898
2019-08-08,195277.2506977661,107121.19335523681
2019-08-09,193846.53249327673,19568.94086567892
2019-08-12,192928.26509403836,19424.196609016773
2019-08-13,192315.48402600596,106255.02476697275
2019-08-14,191292.19569751303,19233.892986503055
2019-08-15,191030.4828761437,19216.683774552606
2019-08-16,194503.41344747582,106979.27419576685
2019-08-19,194762.16949178066,19388.98344136562
2019-08-20,194136.2392101297,19664.61120414825
2019-08-21,195581.19857786986,19550.007460106353
2019-08-22,194905.63230363888,19594.585344715528
2019-08-23,188784.94195013086,19293.538038540297
2019-08-26,191121.80831407773,19030.372965566974
2019-08-27,190559.77958198608,19110.757662258737
2019-08-28,190540.09933902815,18967.22885658338
2019-08-29,192688.69632936938,19266.127764000725
2019-08-30,192384.27989937176,19268.26375414242
2019-09-03,191886.43560962557,19345.860746191724
2019-09-04,194092.11409436943,19359.2793022323
2019-09-05,196601.7278098025,19641.037067786685
2019-09-06,195617.58554883537,19670.30007358131
2019-09-09,195481.98024533887,19708.96110175747
2019-09-10,195348.04637831493,19555.990007102915
2019-09-11,196885.1250692384,19755.170700647086
2019-09-12,197576.25833619092,19882.49865258191
2019-09-13,196018.94309911854,19467.427353001913
2019-09-16,195571.00535178307,19628.270968200013
2019-09-17,196422.1889151447,19587.785741698066
2019-09-18,196360.01829366435,19616.38223867167
2019-09-19,196432.23445700563,19713.336925973068
2019-09-20,195036.36432848132,19570.52677831803
2019-09-23,195634.56755149152,19592.160230515256
2019-09-24,194225.22017134534,19688.18614043103
2019-09-25,195626.4908411709,19405.085232516878
2019-09-26,194832.13024747733,19438.85979020957
2019-09-27,192793.1096048093,19481.67286393405
2019-09-30,194127.61212618154,19333.94971926016
2019-10-01,194418.03515613376,19339.285467031594
2019-10-02,192572.18147195084,19367.07911170226
2019-10-03,195402.75231434414,19406.83257509776
2019-10-04,196509.0662103307,107963.47001892445
2019-10-07,196055.6141604492,19598.461477191144
2019-10-08,193258.798630478,19390.96657490931
2019-10-09,195110.46542863545,107323.56354264912
2019-10-10,195659.85346293927,19550.23837686061
2019-10-11,197864.7961811916,19884.49463223378
2019-10-14,198026.16712419796,19664.157446787834
2019-10-15,200893.61787184016,20129.614205916096
2019-10-16,200280.45023000918,19914.002395040625
2019-10-17,200508.00269751062,20161.447257084747
2019-10-18,198938.18823081403,19933.816662134235
2019-10-21,201454.70754360614,20101.628794903132
2019-10-22,200695.2267077933,20205.055188037004
2019-10-23,201491.97438984463,20117.06693726133
2019-10-24,203304.67136508855,20314.365582293583
2019-10-25,204935.36900579912,20167.154331803144
2019-10-28,206221.8523426234,20485.24196054331
2019-10-29,204137.5051690223,20658.439113724446
2019-10-30,205160.22693464288,20401.901558132264
2019-10-31,205780.19290181433,20324.87404795919
2019-11-01,207353.76233079925,20468.337720661297
2019-11-04,209102.91191527992,20924.62926528603
2019-11-05,207927.99156849456,20919.08941547942
2019-11-06,207672.38216696001,20762.76806555011
2019-11-07,207195.67501507106,21009.98418722453
2019-11-08,207181.9228118026,20586.843072231964
2019-11-11,207141.58504163788,20680.32314741182
2019-11-12,207812.58035628122,20752.214811008384
2019-11-13,207780.46872289857,20733.637722093667
2019-11-14,208170.91493786866,20720.230709925243
2019-11-15,207678.210800614,20825.99716993774
2019-11-18,209630.48419727437,20637.236892834815
2019-11-19,208898.46494820993,21079.45040419977
2019-11-20,208855.34022080194,20752.944442622786
2019-11-21,208004.08647721383,20948.161317759477
2019-11-22,208209.56444923702,20840.726044581574
2019-11-25,210990.51587794092,20923.9553873327
2019-11-26,210975.0956732074,20994.050596837158
2019-11-27,211785.18357927407,21089.155987091905
2019-11-29,211303.5200915098,21079.57782266139
2019-12-02,208981.39792781885,21066.580739555906
2019-12-03,208475.71721444966,20693.192256315953
2019-12-04,209280.81436226438,115231.9756018884
2019-12-05,208749.11366843444,21030.54162453873
2019-12-06,209961.57190784003,20899.450572810412
2019-12-09,209352.90946381126,20984.821011472086
2019-12-10,209737.94692895698,21040.654038408287
2019-12-11,211230.6593340548,21095.287502160885
2019-12-12,212709.16035170085,21232.138235516628
2019-12-13,213700.9968749963,21420.64225215539
2019-12-16,214818.04139489887,21473.77320785281
2019-12-17,215564.4384335485,21542.887388607545
2019-12-18,215471.99738584284,21617.06118903881
2019-12-19,216982.8215046552,21631.90998178992
2019-12-20,217801.80142956405,21940.642384821465
2019-12-23,218584.73850688076,21869.98190650083
2019-12-24,219064.24603308353,21941.73693121586
2019-12-26,222104.05913431483,22081.439865897457
2019-12-27,221815.94224903698,22350.994226671406
2019-12-30,220747.27253848134,22075.452502546894
2019-12-31,221606.67673135447,22050.155540234322
2020-01-02,225118.74539451435,22342.44253806905
2020-01-03,224126.18677610232,22434.016440809508
2020-01-06,225832.18176264054,22463.852939550954
2020-01-07,226081.04487575908,22627.59814848323
2020-01-08,226546.36338246558,22707.283194668034
2020-01-09,227975.3633645499,22767.310870500834
2020-01-10,228114.6317044831,23045.780405674046
2020-01-13,230119.83578759237,22847.61623269125
2020-01-14,229789.1346248536,160633.45504035044
2020-01-15,234851.59436863594,162817.49058598213
2020-01-16,237396.5741466536,169947.19078054567
2020-01-17,238852.06140838074,167625.47266803193
2020-01-21,228786.5888789374,162486.06380254807
2020-01-22,222484.79812992382,22007.634051211353
2020-01-23,223332.82550061427,22357.3430701562
2020-01-24,222485.17720701447,22547.723449728404
2020-01-27,219272.4875033404,22100.412301352175
2020-01-28,218205.21889399338,253337.07445048142
2020-01-29,220607.60382147683,250255.14356299295
2020-01-30,220257.1334716299,255399.00799860744
2020-01-31,222353.27005559375,155331.8238313811
2020-02-03,220244.06699448836,253234.08014041197
2020-02-04,215537.01036726503,248823.58897673158
2020-02-05,223187.70822559873,22570.645979276094
2020-02-06,225312.27630285773,22487.483625932073
2020-02-07,225167.66839804623,22345.73075690244
2020-02-10,228963.15971404137,22340.49734526696
2020-02-11,228696.63004358293,22960.45741136554
2020-02-12,230325.43145312328,23012.408732786356
2020-02-13,229812.69483892905,22959.85936110008
2020-02-14,232674.02856025108,23444.19098338494
2020-02-18,234404.5192001707,23093.383045995914
2020-02-19,237919.09478291124,23664.35493668169
2020-02-20,236202.21670083224,24008.881890575285
2020-02-21,232377.8250703328,23688.582496594703
2020-02-24,225745.5446474616,22685.58830190343
2020-02-25,220702.72674150037,37297.22938890027
2020-02-26,223068.1685981335,57935.114924389294
2020-02-27,212316.95084935843,21898.590509240024
2020-02-28,210929.24607356108,90333.91662009276
2020-03-02,220477.87122689173,21479.49992524073
2020-03-03,224586.88957825577,122403.92998352922
2020-03-04,229912.48180317404,22539.340805287393
2020-03-05,225589.91986021778,123536.39630064745
2020-03-06,225631.61910708208,124326.9671448018
2020-03-09,228472.3763496403,22715.041653824257
2020-03-10,241695.17241794494,23679.959100073844
2020-03-11,232393.27891551232,23737.140246975167
2020-03-12,211714.4165365236,21826.051886750967
2020-03-13,229527.7063054489,89177.17110342253
2020-03-16,216401.48204509204,117536.76247111744
2020-03-17,223113.19295003463,21583.032605433953
2020-03-18,217020.2865198458,21177.602859338593
2020-03-19,220806.0674065783,21766.096269054666
2020-03-20,212814.25164882775,22603.78297989008
2020-03-23,213939.18273547274,21206.128170043048
2020-03-24,231321.125869123,43505.74678930428
2020-03-25,230397.54202253858,64961.026815247926
2020-03-26,234831.48073143372,65037.091239398804
2020-03-27,232015.06007320338,65287.91018993312
2020-03-30,235229.6165195853,65379.97777141635
2020-03-31,231916.56565393726,23442.881956713587
2020-04-01,223765.2522197339,22693.78527742356
2020-04-02,228754.7019005025,22593.733150025648
2020-04-03,225429.47576403889,22681.011533501474
2020-04-06,240385.39977414542,23310.275645803747
2020-04-07,239137.95474343922,24579.689856583143
2020-04-08,242621.8425981792,24216.07827017629
2020-04-09,243259.58682479511,24729.21746101034
2020-04-13,248826.43262712623,24298.139425679703
2020-04-14,258818.29491204853,25346.86981267566
2020-04-15,257572.5392668021,25424.72315237644
2020-04-16,263572.051630614,26125.916593191807
2020-04-17,261440.21549045824,26341.90995228075
2020-04-20,259019.76822518295,25923.930046548296
2020-04-21,250973.79100028588,25790.153972545406
2020-04-22,258195.6073818396,25618.951753635258
2020-04-23,258098.86746420275,26240.24971069704
2020-04-24,261640.53591891055,25894.653679568804
2020-04-27,261863.1413027623,26357.902260003342
2020-04-28,257530.60435779608,26523.194143371944
2020-04-29,263968.6847112894,26234.876060318944
2020-04-30,266118.5280156146,26387.301468373415
2020-05-01,258961.483966724,25854.396915809215
2020-05-04,263054.56549867993,25716.27511343368
2020-05-05,265083.0706255072,26463.48837300477
2020-05-06,267038.8050428727,26553.965972552534
2020-05-07,269960.916109264,26854.996292293195
2020-05-08,272969.6166445696,26995.653153129788
2020-05-11,275398.59353146254,27018.94570049942
2020-05-12,271857.1890233008,27701.45069818176
2020-05-13,271463.80181588687,27362.24853410282
2020-05-14,274586.5062115472,27079.0062377732
2020-05-15,277185.28390428924,26930.69649431613
2020-05-18,279764.3581825603,27961.002050052975
2020-05-19,280621.7255168737,28197.35954244742
2020-05-20,283970.07015141234,28444.56375130399
2020-05-21,280100.0742385985,28397.630574047733
2020-05-22,281924.1987224277,27936.180331772164
2020-05-26,278304.6539080446,28408.184879571727
2020-05-27,277517.5069363962,27479.56322702269
2020-05-28,277339.39851162175,27531.954679224316
2020-05-29,281037.9982793853,27681.581029705758
2020-06-01,281991.98194456665,28093.496739869992
2020-06-02,282326.12159138423,27966.79638939603
2020-06-03,281101.0758506679,28035.306317510574
2020-06-04,280612.4376711327,28007.202815480847
2020-06-05,282513.3467924692,28190.662023792436
2020-06-08,284024.3367079738,28078.114101314863
2020-06-09,289114.8138617424,28170.87407959975
2020-06-10,295536.3532370449,29258.7290877224
2020-06-11,285760.6935763361,28972.694818020052
2020-06-12,290354.11458802165,160095.49849915443
2020-06-15,290135.1815302946,158810.21004897132
2020-06-16,289046.3791531872,29078.349735195596
2020-06-17,291083.6203945221,29027.76523666991
2020-06-18,291570.0862183155,29187.872435051348
2020-06-19,292484.2537661263,29065.473325795767
2020-06-22,297466.03123430425,29259.607153455545
2020-06-23,299879.9754348616,30054.739595017843
2020-06-24,296300.0320611522,29954.50200992085
2020-06-25,299681.8376016556,29869.94223784797
2020-06-26,293153.2831516352,30180.803372391703
2020-06-29,294698.2426492892,29105.959473820723
2020-06-30,300109.1061468767,29583.748427455306
2020-07-01,302591.35287731764,29808.883252798267
2020-07-02,303771.0780496562,30568.95317744856
2020-07-06,311411.9495628615,30800.20745737751
2020-07-07,312748.79714545957,218188.07765159363
2020-07-08,322379.8009533851,219285.95221662207
2020-07-09,322395.15362684766,224795.01551764048
2020-07-10,301716.84784733795,225804.3429835989
2020-07-13,281716.61926865234,28779.37486195223
2020-07-14,284218.16482635756,28117.0034951808
2020-07-15,282810.706421645,28536.69745806009
2020-07-16,280142.044684754,28074.953959808932
2020-07-17,280179.44065463165,28334.381944533376
2020-07-20,288163.25546498265,28385.706667375216
2020-07-21,286247.75484663487,28966.786936821965
2020-07-22,288127.1628909364,28925.113232161108
2020-07-23,281755.05857141194,28665.599341942623
2020-07-24,282756.1992595667,27967.888723182168
2020-07-27,287563.49393261585,28534.517875563237
2020-07-28,285341.3386837877,28881.419067088445
2020-07-29,288812.9178922423,28672.474654937607
2020-07-30,289666.48402485595,28641.630402419432
2020-07-31,297100.2426275383,29509.373423970763
2020-08-03,301948.570343882,30010.605086237367
2020-08-04,304620.4948160086,30206.227537337356
2020-08-05,306750.08925669215,30752.060491967415
2020-08-06,310821.01574948896,30590.714273964073
2020-08-07,306028.8107722884,30850.505054820154
2020-08-10,305032.35819197976,30888.45341445291
2020-08-11,295661.33690850274,29926.613898439595
2020-08-12,301924.59913369693,29965.54211732426
2020-08-13,304550.656959982,30450.979238958473
2020-08-14,304500.7839898454,30555.048241554417
2020-08-17,310176.29774085263,30919.42996493556
2020-08-18,313328.75193004665,31314.041979599584
2020-08-19,309140.851351666,31233.535422253128
2020-08-20,312498.5472801392,30580.092293566937
2020-08-21,315982.4246784819,31269.394417442178
2020-08-24,316813.8166809447,32109.509994543347
2020-08-25,317867.9222234624,31430.877598180115
2020-08-26,322173.7266686783,31505.43249639128
2020-08-27,320617.74208144017,32230.768852985555
2020-08-28,324658.7105525552,32465.76196132293
2020-08-31,327434.2177459697,32726.25383586687
2020-09-01,324931.10552692495,231458.0001297005
2020-09-02,329508.45347140695,229909.57583163644
2020-09-03,322411.7448238495,230142.14003030097
2020-09-04,327929.50967142364,369495.9656192996
2020-09-08,337493.36082317494,387087.48568584584
2020-09-09,334636.90410357347,183620.65158587327
2020-09-10,324819.69750015787,33708.15570824196
2020-09-11,322232.8729435799,32866.64555519796
2020-09-14,327510.9063950888,33211.3722726218
2020-09-15,329593.8718926706,33133.01188443081
2020-09-16,324197.92916576087,32805.91632548988
2020-09-17,321054.0194776659,31821.821619809136
2020-09-18,316933.92581601394,32452.109329655294
2020-09-21,318433.7650984784,47350.03248586854
2020-09-22,323444.8311291779,32281.32155810243
2020-09-23,313980.77259636315,32073.79211235435
2020-09-24,316709.91262376,31285.463725444584
2020-09-25,322833.55879822874,31689.574051295735
2020-09-28,327044.3596838645,33066.40580546179
2020-09-29,326544.9793440356,32615.89874615814
2020-09-30,329683.3261089296,32782.134595868076
2020-10-01,333025.71923486184,33475.34932843635
2020-10-02,324678.4927044624,32679.426239084576
2020-10-05,331184.44311276556,32763.56615201117
2020-10-06,326258.4451311147,33244.00175075886
2020-10-07,330495.4869633615,33089.01598748567
2020-10-08,330399.9962534822,33325.43761490949
2020-10-09,335497.54489034036,33158.67192166664
2020-10-12,344224.24211748235,33692.33197649112
2020-10-13,341808.0442965374,34185.620750700036
2020-10-14,339822.24657402287,34184.70338211309
2020-10-15,338799.822856082,33641.319975985585
2020-10-16,336078.34557356,34028.76346220135
2020-10-19,331200.4565777897,33966.672737610235
2020-10-20,333142.4273821713,33392.655911147755
2020-10-21,332582.99382538314,33429.289322323755
2020-10-22,330590.3215376293,67943.58910812488
2020-10-23,331682.5927818122,33078.49232938912
2020-10-26,328451.6032263835,32822.57499380906
2020-10-27,332431.99831619055,32834.895326993756
2020-10-28,320967.3711616129,32853.99938121741
2020-10-29,324858.1375564593,73466.30327453792
2020-10-30,316125.21148740867,32231.84807645898
2020-11-02,317166.5551600953,92417.90304331975
2020-11-03,318911.47876509535,175417.6402336012
2020-11-04,323366.3490388699,32093.309369833034
2020-11-05,332039.2834060857,32742.69406396839
2020-11-06,333203.1381733578,32987.64535643274
2020-11-09,320992.45628964284,32852.23979412893
2020-11-10,314487.9814279585,32208.82612781812
2020-11-11,320553.2353471612,48424.239003548515
2020-11-12,320323.0054876372,32075.33904667344
2020-11-13,320893.958091335,32455.091561870275
2020-11-16,322375.81336056034,31880.648660052193
2020-11-17,320756.09465225757,32414.229990087173
2020-11-18,318554.24190615636,32165.75289248446
2020-11-19,319202.3625867617,31757.339376236196
2020-11-20,316823.5683715467,31877.789589655844
2020-11-23,313749.5245459683,31591.68545466734
2020-11-24,313535.1166121713,31166.83150265132
2020-11-25,315977.4599809495,31299.875084861884
2020-11-27,315953.1011158144,31486.80595552083
2020-11-30,316258.48125730356,31567.832564218825
2020-12-01,320863.6922733995,31967.883166572712
2020-12-02,321786.186209695,31794.24516584127
2020-12-03,321338.6381285407,32197.409590981224
2020-12-04,321059.8726483338,32073.00066766669
2020-12-07,323063.1883628564,32086.5837142663
2020-12-08,323382.4248230078,32530.01336403866
2020-12-09,317054.7212308572,31922.23400627831
2020-12-10,317317.1375007353,31699.957256289497
2020-12-11,318178.6330218585,31828.830131080937
2020-12-14,319449.91551624885,31906.94767223943
2020-12-15,323458.6762667258,32293.37196832492
2020-12-16,325893.2362818197,32443.3195757345
2020-12-17,327500.762247768,32469.600328174176
2020-12-18,325520.15340765566,32601.690371118493
2020-12-21,327141.5850265676,32277.399067705326
2020-12-22,328029.733195938,32796.93778005969
2020-12-23,326182.26321347273,32882.0115693382
2020-12-24,327062.39464637265,32608.437948908682
2020-12-28,330513.6601656911,32817.30847158407
2020-12-29,330748.3142910369,32995.904726064975
2020-12-30,330665.1677091376,33181.35966088932
2020-12-31,329948.2351803098,33145.936380795014
2021-01-04,328641.1123711649,33360.827204424466
2021-01-05,331274.13975088426,32955.36497156448
2021-01-06,322333.2813645359,32847.730796908945
2021-01-07,327540.2747587483,66525.47911684918
2021-01-08,325283.5524325026,32519.304702247464
2021-01-11,323624.5858911215,32245.180594795773
2021-01-12,323126.4957090904,32490.602198271914
2021-01-13,324817.57869797584,32106.164387520526
2021-01-14,321332.66053477547,32392.88294307013
2021-01-15,317786.16350903607,32059.439304018983
2021-01-19,320521.90029115195,82235.02371949666
2021-01-20,328692.18174098275,32135.661664231047
2021-01-21,333313.75273416884,32890.237477287126
2021-01-22,332857.72741182474,32991.873285848196
2021-01-25,335032.54931690096,33875.975037115815
2021-01-26,335207.89184551005,33453.13478832011
2021-01-27,330861.9144620469,33464.71744056251
2021-01-28,330379.3237373519,182565.25000688317
2021-01-29,330319.4105293441,182565.25000688317
2021-02-01,336992.5156700225,33626.28123208003
2021-02-02,339793.77513944835,187118.71742689342
2021-02-03,337042.7833508048,34023.622275212765
2021-02-04,339182.19816544873,33487.907378705575
2021-02-05,339818.5299787065,33771.51142020433
2021-02-08,343717.0256121591,34014.971484465954
2021-02-09,342982.52681546996,34685.69612699342
2021-02-10,344443.0243796242,34714.34795750509
2021-02-11,345283.95198258146,34910.62337692963
2021-02-12,344419.62153373304,34460.34192214552
2021-02-16,342662.3293039244,34453.32853240186
2021-02-17,339860.41412796394,33697.37103332892
2021-02-18,339345.5538175021,33536.94472478969
2021-02-19,338255.60818808083,33857.24707357889
2021-02-22,333418.7448354334,33828.274463233385
2021-02-23,333133.6324101426,33214.45448503275
2021-02-24,333922.61317257665,33168.644288108575
2021-02-25,323156.51200065645,32869.58610687289
2021-02-26,323348.3610973604,179499.27326777054
2021-03-01,327244.341699231,32343.124787915105
2021-03-02,321988.01289617835,33042.32546102819
2021-03-03,313652.5040545714,32126.987538839592
2021-03-04,309397.1198982869,31259.679246393287
2021-03-05,311595.42449246073,171711.36502895976
2021-03-08,301694.2138443858,31113.989511576394
2021-03-09,313437.5870956559,30651.719652571213
2021-03-10,312218.25618232106,31890.211500771977
2021-03-11,318141.15352593735,31551.352307904497
2021-03-12,316534.7614192408,31136.64779657539
2021-03-15,319099.54663892667,31846.58910795133
2021-03-16,320998.3566371954,32271.843118861965
2021-03-17,322063.6931618908,31792.654244349294
2021-03-18,314379.01527350873,31930.962897715275
2021-03-19,315673.7188407218,31309.52719509954
2021-03-22,320053.64954804437,31900.73224686637
2021-03-23,319406.0226502758,31947.216688666875
2021-03-24,315794.4472697379,31983.021265328098
2021-03-25,313973.5829369877,31428.324845061128
2021-03-26,316637.73514991626,31559.52341895925
2021-03-29,316237.5509780632,31475.643576024613
2021-03-30,312826.13823088433,31504.84178599147
2021-03-31,318303.07840738073,31694.63490590823
2021-04-01,323957.0704828083,32455.435188847707
2021-04-05,328246.83034798905,32306.816699002207
2021-04-06,328307.1614485328,32663.45798116367
2021-04-07,331113.6325348027,32502.24676019031
2021-04-08,334734.31446972035,33146.04825153493
2021-04-09,337124.9896239401,33131.20188895471
2021-04-12,338985.2872200075,33165.1087799135
2021-04-13,343433.0261266297,34236.989196545444
2021-04-14,339005.0675562747,34552.687644852
2021-04-15,346002.35397953703,34285.058578917546
2021-04-16,346244.8173884794,34844.9717091963
2021-04-19,343513.05813666765,34074.638922418984
2021-04-20,341779.9743119149,34314.027008142926
2021-04-21,344458.23939088953,34120.51776174676
2021-04-22,339859.05708438175,34358.40378314273
2021-04-23,343300.7889381107,33985.703260010116
2021-04-26,345642.3803665526,34325.45957301927
2021-04-27,345165.70300546766,34768.782704983954
2021-04-28,343841.8979152187,34244.557827328084
2021-04-29,343366.7916796156,34736.87015556776
2021-04-30,341011.1845916945,34316.19544069354
2021-05-03,340700.9479136694,34219.658910297214
2021-05-04,334314.24909789226,33674.117273398864
2021-05-05,334545.39383730816,51513.19163451123
2021-05-06,338180.3835854316,33737.84186790233
2021-05-07,340682.3017891717,34112.11782921079
2021-05-10,334818.9737642404,34174.76941949092
2021-05-11,335701.3674490728,33184.263748434976
2021-05-12,329860.1670219146,181926.9333793365
2021-05-13,328313.89428266906,33135.34720072176
2021-05-14,331838.65864637797,182289.11653212016
2021-05-17,332333.5167403462,33350.60764839678
2021-05-18,329544.92728265206,33249.52585442941
2021-05-19,329866.9346738319,32732.34146265793
2021-05-20,335285.6903551431,33504.4926060052
2021-05-21,334501.3904220929,34247.212371098045
2021-05-24,340463.62647250795,33700.9172401776
2021-05-25,341269.9738621189,34476.19835896033
2021-05-26,341450.0686965656,33970.60754925724
2021-05-27,338305.86498817825,34256.04659065627
2021-05-28,340990.0291234995,33770.56351299536
2021-06-01,340082.9745787971,34244.07958978347
2021-06-02,342657.5622421166,33898.79814681019
2021-06-03,339672.3342545215,34265.213008183666
2021-06-04,345018.45913680975,34411.19235404912
2021-06-07,345808.9780614772,34431.18543604997
2021-06-08,346710.4303547169,34497.25401270638
2021-06-09,347097.60997425555,34477.54440723894
2021-06-10,349198.1404553953,34447.16595283182
2021-06-11,350020.28984475584,34662.33324838132
2021-06-14,352468.32377231575,34744.32088840459
2021-06-15,350696.5314979478,34879.9095802232
2021-06-16,349692.8300257029,34969.05172827859
2021-06-17,352030.0275198289,34640.549326545784
2021-06-18,350545.54056357604,35093.21369170412
2021-06-21,352005.87315678084,35000.64082073651
2021-06-22,355117.7945677746,35009.823773096854
2021-06-23,355364.13650865917,35285.83534212473
2021-06-24,355043.4703472374,35558.18490869983
2021-06-25,353600.75091539527,35508.07721696999
2021-06-28,358528.2635166468,35481.45639155524
2021-06-29,358914.2767271179,35416.56938497008
2021-06-30,359335.7270900251,35831.52221789374
2021-07-01,360417.52517171326,36204.24284978334
2021-07-02,365494.69667106733,36308.86670929062
2021-07-06,370130.45873497135,36545.47935150275
2021-07-07,371459.56157378777,37305.96172790152
2021-07-08,369576.31894128816,36560.96842782993
2021-07-09,371013.3580470634,36785.30039935835
2021-07-12,371849.794220717,37237.571490080365
2021-07-13,371809.38935876003,37094.40989327542
2021-07-14,373500.7603054424,37350.93382839159
2021-07-15,369542.0343099308,37153.653885431275
2021-07-16,364296.33903972077,36914.511494554776
2021-07-19,362778.8461445479,55025.389687409835
2021-07-20,362965.6069320163,200351.2075179538
2021-07-21,364339.9720464598,36362.70106562482
2021-07-22,367451.3586430543,36672.29531526499
2021-07-23,368734.2505413981,36482.595458695476
2021-07-26,368442.5052563122,36556.95245518002
2021-07-27,365818.1588470011,36610.21490779211
2021-07-28,366499.64386186097,36322.8083725879
2021-07-29,367905.2656792932,37163.67017643983
2021-07-30,362047.3798764208,36179.22781114366
2021-08-02,362696.5194018051,55151.98886896821
2021-08-03,365033.22223603894,36507.32761323621
2021-08-04,365273.59319626103,36351.8077176691
2021-08-05,366930.386051593,36738.16556399838
2021-08-06,362876.22871944756,36272.15949795099
2021-08-09,360984.17257579055,36422.23902781689
2021-08-10,359318.3533074643,35961.9496552731
2021-08-11,358991.2510479033,36185.923399740466
2021-08-12,361804.42395223223,35531.985475669746
2021-08-13,364522.231281461,36215.622104825256
2021-08-16,365541.6444985141,36385.82070891757
2021-08-17,362324.35886515776,36294.87131442228
2021-08-18,358644.08115938643,35921.97709444504
2021-08-19,358362.6713041067,197417.41071450713
2021-08-20,358448.4910804053,197249.59403145508
2021-08-23,365852.1353008091,36353.135886365155
2021-08-24,365395.0179029216,36512.766499113
2021-08-25,365106.27588106965,36480.71589114048
2021-08-26,364260.0755316308,37034.8662115624
2021-08-27,368324.7354687302,36503.17432485508
2021-08-30,371716.8281233991,37020.379164048536
2021-08-31,371157.83268387365,36876.33485825108
2021-09-01,371701.1288593543,37398.02528269416
2021-09-02,371352.8929426912,37301.831468844786
2021-09-03,374094.34408502525,37256.56028680746
2021-09-07,372893.32631010225,37312.504799787275
2021-09-08,371485.3380093606,37105.52335405661
2021-09-09,369839.43007388967,36874.56452289478
2021-09-10,366366.23562916036,37320.10930736775
2021-09-13,366586.5304202604,36579.896158175456
2021-09-14,367328.37952198996,36534.51667752279
2021-09-15,369133.58162465243,37121.44377675205
2021-09-16,367860.997700684,36369.85870455975
2021-09-17,364299.8224652483,36567.975764579984
2021-09-20,358888.4836491991,36230.51875395064
2021-09-21,361371.20104159403,198652.00762118388
2021-09-22,360763.6058267503,198652.00762118388
2021-09-23,361294.5833382541,36086.84628724393
2021-09-24,360239.42597915884,35953.80209686515
2021-09-27,356527.02098437713,35848.855865206
2021-09-28,346979.65070714476,35342.2927569342
2021-09-29,347540.9030659852,191705.77599078987
2021-09-30,346119.8672375933,34822.44043781914
2021-10-01,348723.20647459343,34822.957237532886
2021-10-04,340311.9149443901,34494.90184090502
2021-10-05,345535.47450345923,34055.72817701271
2021-10-06,348729.07668209047,34355.32071590393
2021-10-07,351736.4629310709,35241.66925278721
2021-10-08,350474.5781303412,34946.52132759155
2021-10-11,348962.9491193071,34325.261256910875
2021-10-12,347946.1309888583,34711.92929818449
2021-10-13,350457.5018785896,34652.18816551591
2021-10-14,356543.1872818259,35111.471675136454
2021-10-15,359559.5821243517,35773.32405245226
2021-10-18,361605.5547665204,35495.323420390014
2021-10-19,363077.3050947746,35976.33512025677
2021-10-20,363005.2735485007,36014.71220053928
2021-10-21,365475.38998982264,36107.52716633632
2021-10-22,363888.7929950697,36672.22256812876
2021-10-25,365202.0339191916,36502.11178860689
2021-10-26,371198.93980525667,257712.37511943514
2021-10-27,369135.6316879728,257443.28594670084
2021-10-28,364575.5233385263,255108.47961446625
2021-10-29,363096.66882020794,35580.02761918862
2021-11-01,362544.8844798878,36374.687412627056
2021-11-02,362173.0790202494,253526.05150102338
2021-11-03,356010.91097341216,252433.0294998709
2021-11-04,362464.0861399617,247747.36156873373
2021-11-05,365892.2517664569,255410.69059397155
2021-11-08,377867.3848438058,266737.83137700893
2021-11-09,377597.5507831907,38184.336170229886
2021-11-10,372892.1482674545,37441.540300077824
2021-11-11,375437.71224398183,37785.62862963248
2021-11-12,378128.7386639026,37473.78479122198
2021-11-15,377493.9844188393,37375.242250412775
2021-11-16,378040.6031132742,37034.19932375394
2021-11-17,378283.69822978415,37651.88222598469
2021-11-18,387366.76541072305,38463.23549014504
2021-11-19,390087.9315650746,38765.04262998552
2021-11-22,383739.029896375,38739.1542440618
2021-11-23,382346.2241258141,37867.04315085375
2021-11-24,384257.92858378816,37874.21579234527
2021-11-26,377231.9820266971,38440.10369455901
2021-11-29,381195.7471048661,209910.39212439733
2021-11-30,380047.89857894136,210244.8985789414
2021-12-01,380722.66898291477,209910.18521826633
2021-12-02,385339.4398860852,38121.22497367069
2021-12-03,387311.261206272,212349.75607931887
2021-12-06,386879.5641293952,212681.0028500983
2021-12-07,387497.88029150455,212681.0028500983
2021-12-08,388417.6791794644,39003.45500305756
2021-12-09,384012.1132028982,38648.424770204714
2021-12-10,387207.65785193734,38879.233958962475
2021-12-13,378688.46807329543,39155.021368430935
2021-12-14,375025.8733018867,58850.793187522126
2021-12-15,385559.4492833641,37706.65197348861
2021-12-16,373481.2496833702,39100.53142165141
2021-12-17,371463.1465886215,36761.61279040372
2021-12-20,367764.3566440379,79065.49549138898
2021-12-21,374301.99531036644,37062.502890169926
2021-12-22,378296.07988337224,37248.583072459165
2021-12-23,379598.2395675266,38225.67114330179
2021-12-27,386043.3113751875,37924.05037550789
2021-12-28,384085.63384589466,38796.81841620717
2021-12-29,382905.86583279434,37940.65938137831
2021-12-30,380747.8033162555,37952.67749991027
2021-12-31,378791.6507843868,38228.14069069783
2022-01-03,381579.20961574616,97535.20862392489
2022-01-04,377547.1971089325,38425.172847457856
2022-01-05,368830.77388999,37744.72620245948
2022-01-06,367098.00771172985,36869.111936888556
2022-01-07,364816.45330190135,36957.96972798776
2022-01-10,364273.3901732407,57900.2069304428
2022-01-11,369072.4190915358,36281.48686726212
2022-01-12,370500.0443253516,36972.04274988164
2022-01-13,360560.3990855425,37201.42528488331
2022-01-14,363012.98081114155,57974.30411627157
2022-01-18,356044.9697171841,35891.52186409573
2022-01-19,359044.31410021614,196309.14573473763
2022-01-20,350125.6595916038,36165.81634514383
2022-01-21,340958.8402719377,34570.59329127062
2022-01-24,341574.6548781164,33303.935018039476
2022-01-25,333171.1812098828,33562.31794389157
2022-01-26,337350.0203476597,81858.23105627787
2022-01-27,342175.7086057601,188486.50300883633
2022-01-28,341718.30201594083,187819.19639460294
2022-01-31,342628.44945769804,188153.74282317655
2022-02-01,342229.9221597547,34466.67679842656
2022-02-02,345423.2363638728,34320.50363682206
2022-02-03,333818.5538877394,33682.275079145686
2022-02-04,343503.22104566643,34123.53120344232
2022-02-07,343618.3162806747,34203.434810948165
2022-02-08,348245.19796966587,34408.44422363313
2022-02-09,354208.90562059253,35176.225008028465
2022-02-10,347247.6364069537,35057.89773088248
2022-02-11,338356.3925234531,34656.660038635586
2022-02-14,338653.47223039425,101026.65562578003
2022-02-15,340133.546063698,94779.50737503832
2022-02-16,342271.08890227333,34134.58982543009
2022-02-17,333498.4870591388,33856.29750301693
2022-02-18,333589.86895697174,107264.98656790312
2022-02-22,333208.89098265965,93311.27399352388
2022-02-23,321375.62034012243,33592.951957477766
2022-02-24,321754.7873162667,137126.98574155962
2022-02-25,323400.7394876674,89950.75486852678
2022-02-28,325208.44936862856,90726.70003429324
2022-03-01,326197.24369555473,90919.18018847465
2022-03-02,325060.91329076607,178940.4267642768
2022-03-03,323902.6155351058,91512.5351975814
2022-03-04,324352.87169403903,90888.53734917515
2022-03-07,322593.58017228515,91013.98555253417
2022-03-08,326259.5799277697,178009.4182513629
2022-03-09,325721.55738766945,32282.193881352316
2022-03-10,324249.9087652114,90721.34873713524
2022-03-11,321562.8555293308,90282.70208694799
2022-03-14,317209.37056107586,89601.36748642985
2022-03-15,318309.5748965701,88115.94957613554
2022-03-16,326156.57834061,32065.30680664399
2022-03-17,329201.5500459078,32783.833516061604
2022-03-18,336866.1341201549,33243.79648320728
2022-03-21,338367.8402538591,33888.17863848739
2022-03-22,341462.41306099406,33899.09073814858
2022-03-23,339299.75895382295,33915.65038181675
2022-03-24,348227.54163802916,34121.89965881166
2022-03-25,347651.4925323826,35002.56667865336
2022-03-28,351324.5176626888,34752.53640811116
2022-03-29,354846.78747144964,35760.0968128803
2022-03-30,350781.5576012168,35473.93454289769
2022-03-31,345810.8476277707,34870.252098214405
2022-04-01,344641.2843278243,34369.32685788413
2022-04-04,351450.47631806,34856.35789459808
2022-04-05,344270.6561346258,34971.95305921687
2022-04-06,336951.0145452963,51394.548995827325
2022-04-07,336940.78665816574,33645.337849495714
2022-04-08,332582.6548434394,33373.9328890937
2022-04-11,326266.7748444189,67700.48910833492
2022-04-12,328890.0582735344,129169.17576621017
2022-04-13,331596.63925578486,92297.17388942132
2022-04-14,328330.1357259549,92632.15907190213
2022-04-18,329541.65769235446,92630.88084642244
2022-04-19,329193.8432479618,91790.45298917271
2022-04-20,325700.15139529604,33101.18275973694
2022-04-21,319146.6147961114,32466.672527739855
2022-04-22,315961.12694840046,88870.26761536213
2022-04-25,312847.992699664,172270.29027656832
2022-04-26,313061.98828662233,172447.22247851687
2022-04-27,311246.1001720571,31548.535779967286
2022-04-28,322633.87858306605,31506.696503750874
2022-04-29,313536.10733056965,173069.56442285483
2022-05-02,316981.2876899091,31308.047386869526
2022-05-03,316468.803222095,174063.1862177005
2022-05-04,320190.56675590156,88899.50275863291
2022-05-05,308607.1927212542,32207.34084976373
2022-05-06,307025.917924805,85737.9782427982
2022-05-09,300670.935250421,85054.36275400683
2022-05-10,301429.973964458,72271.00323844477
2022-05-11,289977.85297984246,29918.17736262447
2022-05-12,286093.0319807075,74455.9997274421
2022-05-13,296152.16488426784,69128.35897606473
2022-05-16,293766.26144879713,29250.758845266268
2022-05-17,301148.0242345908,29731.956664858135
2022-05-18,288930.1804727025,29321.70410093738
2022-05-19,289053.7542763757,110702.0662118005
2022-05-20,285698.0452881055,75098.44970323611
2022-05-23,290811.3931768322,28300.87579325673
2022-05-24,285658.83428887045,28530.797232901205
2022-05-25,289896.5247700228,28175.82434392112
2022-05-26,296884.69306691556,28540.343091329614
2022-05-27,305972.09763112006,30055.72661747871
2022-05-31,306858.5311029286,30669.101751121958
2022-06-01,306828.781723412,31130.663559349498
2022-06-02,314444.8525021937,30520.746407833376
2022-06-03,306303.92866131465,30940.40135380429
2022-06-06,307499.0770061424,31103.19736747054
2022-06-07,309452.52008018433,30404.09101066531
2022-06-08,307229.2362544113,30478.86467810205
2022-06-09,299572.5301799653,30527.800664889597
2022-06-10,292207.2403694716,151382.13813939955
2022-06-13,285415.9087279319,97975.17674283976
2022-06-14,284451.56105998176,65197.34353736061
2022-06-15,292702.4384836733,28950.933822113286
2022-06-16,285711.08987024974,79533.50986555769
2022-06-17,288731.8072889617,87609.590614157
2022-06-21,292147.18361162825,81458.63705134077
2022-06-22,292346.9089684479,81491.8468842499
2022-06-23,292910.79926009563,81877.48031325724
2022-06-24,295643.7497554533,82208.8465705626
2022-06-27,292155.6725174076,29804.533609021404
2022-06-28,283058.5297928884,29124.98338423513
2022-06-29,282579.95200171747,78942.70802130977
2022-06-30,279602.68417821924,28473.403338299213
2022-07-01,279886.8065205836,83418.50119889012
2022-07-05,284069.8095907723,27774.662433103273
2022-07-06,284684.92183000414,28157.521836107655
2022-07-07,289107.018204538,28368.962591020212
2022-07-08,288852.13681113225,28654.005639905732
2022-07-11,283731.4574795695,28622.39468774514
2022-07-12,280697.58802179684,28255.649877113025
2022-07-13,281094.37755988224,71073.50778697115
2022-07-14,282244.1458051238,28038.77333808277
2022-07-15,285363.2429964182,28439.142257892803
2022-07-18,285134.7106147805,29144.89488563925
2022-07-19,291659.89993697783,28849.702019039607
2022-07-20,296000.66070479347,29165.800635518564
2022-07-21,299641.67411878094,29613.299645209172
2022-07-22,295897.6572356714,29677.100816298847
2022-07-25,293793.2482690532,29197.94764992783
2022-07-26,288311.9196684677,29088.90207508392
2022-07-27,298111.4994588933,60018.32539425706
2022-07-28,301287.7137056265,29618.281576720263
2022-07-29,309251.7004067361,30493.46304482813
2022-08-01,309844.7479376326,30940.261445475633
2022-08-02,308124.0856152863,30955.63760007328
2022-08-03,314421.9756137036,30785.005665888668
2022-08-04,317844.761708431,31601.274159602897
2022-08-05,315464.1598885005,31195.82189106401
2022-08-08,312033.7452221761,31161.26486405231
2022-08-09,310560.9956189097,80222.00205811871
2022-08-10,315627.9331451357,31451.937259286708
2022-08-11,314938.79759886843,88421.53026679141
2022-08-12,320008.386669764,31841.597691187344
2022-08-15,318994.29969567107,88922.79309624482
2022-08-16,318728.78944979724,88981.14152918871
2022-08-17,317217.4094503534,31818.33050710085
2022-08-18,316687.2610434575,88186.37557020615
2022-08-19,313328.5780432906,88058.70247108598
2022-08-22,307501.5027691565,31206.574897452367
2022-08-23,308109.23774617614,92740.86246007384
2022-08-24,308649.02042876283,86002.56275664367
2022-08-25,311019.63413407817,86291.06460740582
2022-08-26,304762.7531147171,86622.79941369778
2022-08-29,303828.34788512875,105687.92047691035
2022-08-30,303100.8606395825,167148.8952922925
2022-08-31,300534.6544205436,85038.62477748482
2022-09-01,297962.5117752635,83736.0409290874
2022-09-02,298278.43755786464,90437.84306209134
2022-09-06,296571.95173764706,83691.14199948791
2022-09-07,299396.94030396536,83427.85239045216
2022-09-08,298896.35772119655,83350.79157816066
2022-09-09,301560.09892374085,84149.87705141114
2022-09-12,305432.52932975715,30575.194473723805
2022-09-13,294719.08201070543,82888.64095636125
2022-09-14,294789.2936814694,96070.39636549041
2022-09-15,290848.80293163034,82339.01737865183
2022-09-16,291293.04291365406,81410.48686907552
2022-09-19,292323.2459432794,81158.59544965757
2022-09-20,291009.3191040022,81525.26727847883
2022-09-21,290681.4626742095,88275.03698069754
2022-09-22,289397.87646340014,87731.13180683735
2022-09-23,285825.2144018482,100009.08068907967
2022-09-26,285435.5818963137,28631.917955883997
2022-09-27,286106.1407357782,28892.093635711088
2022-09-28,290424.84018631955,28520.514126978098
2022-09-29,285230.222131988,79873.5059092249
2022-09-30,283980.89667894214,86299.82188417285
2022-10-03,289124.5214571104,92722.11664906598
2022-10-04,293590.11560820637,81413.1494340807
2022-10-05,292964.40891066636,81396.58678237043
2022-10-06,292263.3502371027,81577.45938322086
2022-10-07,286534.37075773935,81096.86710325938
2022-10-10,283635.44646919786,99188.531554113
2022-10-11,282455.6811541051,82637.14764961904
2022-10-12,282419.17604410916,28462.29062044891
2022-10-13,288087.56668247824,27212.270714422502
2022-10-14,285019.6548793847,80946.86027412952
2022-10-17,288995.1555783125,80822.73953216996
2022-10-18,290185.34991546394,81608.08307357552
2022-10-19,289104.7282142039,28900.55546563822
2022-10-20,289659.0068483814,29081.486452148798
2022-10-21,295754.76664880896,28563.92892984536
2022-10-24,297872.67618430976,29350.870896948643
2022-10-25,302370.7723022123,29823.176011623946
2022-10-26,294965.8661585786,29501.39675721905
2022-10-27,292541.78195006447,76445.01850611762
2022-10-28,296480.6635035363,28738.574976810527
2022-10-31,292950.8937640632,44803.24897532114
2022-11-01,289541.0812104966,29492.025917413408
2022-11-02,282418.1944160703,29256.55394270453
2022-11-03,279390.6070038137,57362.74736941431
2022-11-04,285938.38408029586,73810.69149911912
2022-11-07,287730.7197684613,28510.90653603941
2022-11-08,290620.62212094886,28876.749824615537
2022-11-09,283295.4180011777,28770.821571352873
2022-11-10,302997.2911896501,76250.62288139205
2022-11-11,308428.2517193128,30249.154146986162
2022-11-14,305829.4127802678,30839.862700922138
2022-11-15,308136.0947741361,31126.079948315157
2022-11-16,304534.93356147123,30301.12679877594
2022-11-17,302723.97743395646,30211.02055529433
2022-11-18,301095.13713398174,30334.918250467326
2022-11-21,298299.2263659889,61203.88938803021
2022-11-22,302213.2400379403,29687.52965357142
2022-11-23,305401.3209363438,30388.277395389243
2022-11-25,303410.10191311844,30064.104684496022
2022-11-28,299363.21981566306,30085.178061894152
2022-11-29,297152.95963921415,29920.372450493433
2022-11-30,303391.7883590937,123589.59680788522
2022-12-01,304669.121192898,30317.340751613854
2022-12-02,302869.6703423359,30240.86460197945
2022-12-05,297841.85493124626,29900.958290468683
2022-12-06,293110.8808814581,45195.80393424588
2022-12-07,293463.15054404055,81636.53730856691
2022-12-08,295765.81949808553,82242.71723940327
2022-12-09,295526.11889663234,83126.57159438627
2022-12-12,296279.3774523203,82523.31008476662
2022-12-13,300163.6252509478,84483.57740701466
2022-12-14,297851.2903018148,30262.950160518412
2022-12-15,289324.51103135524,29187.67631074367
2022-12-16,288822.95246557484,80834.2139096666
2022-12-19,286782.862865431,80962.99701307507
2022-12-20,288851.7382721051,106442.0416053876
2022-12-21,291597.48524542147,28875.5995051413
2022-12-22,283520.56659137446,28691.441522709923
2022-12-23,283119.2255769515,91349.93990953211
2022-12-27,279110.39616087684,28559.687005794134
2022-12-28,275724.6671643646,71397.08452276302
2022-12-29,278552.896212784,96472.14023133871
2022-12-30,280377.1247092643,27932.15608514931
2023-01-03,279366.7547221373,28468.62960197434
2023-01-04,280062.16415215505,90953.86446381579
2023-01-05,274969.654624879,42695.81834214888
2023-01-06,279796.20895315555,77277.82300497437
2023-01-09,282251.1691711461,28395.074303439793
2023-01-10,285136.6353786583,28543.039498149894
2023-01-11,290235.3915577182,28595.651852632443
2023-01-12,293215.59549414756,29395.285225745458
2023-01-13,297252.98750810744,29102.131245900437
2023-01-17,298602.9124467653,29787.98253419816
2023-01-18,296048.76603935135,29931.505125502492
2023-01-19,294044.2504765914,29656.790256254484
2023-01-20,301004.6929266813,29398.756754195965
2023-01-23,306465.8760186685,30032.314453269344
2023-01-24,306704.2547569558,30513.705143003168
2023-01-25,307213.5662269988,30206.820249597073
2023-01-26,310883.9051940794,30833.51626661969
2023-01-27,314379.0453853595,30935.09601211423
2023-01-30,308275.79352518986,31404.854827374926
2023-01-31,312227.9071929457,30710.002384901287
2023-02-01,319142.97721972346,31253.62792315365
2023-02-02,327063.41358463466,32359.15214054285
2023-02-03,318995.788092792,31691.99938505883
2023-02-06,317326.41074272624,31945.741671528744
2023-02-07,316609.0525003389,238830.15748843705
2023-02-08,323198.61836576357,223810.94058561217
2023-02-09,326774.35509204125,227131.45332812524
2023-02-10,328282.76835642,228451.42370615143
2023-02-13,326803.9772129722,227259.89198500587
2023-02-14,332189.74230431387,32788.087700355725
2023-02-15,331869.19648265064,32852.44256877126
2023-02-16,326525.4647102705,32692.02808765087
2023-02-17,323658.5340816301,32288.467524699594
2023-02-21,317788.28565805743,32106.736992057053
2023-02-22,317804.65796711424,82101.54728367305
2023-02-23,323379.1332408695,66347.35923116494
2023-02-24,319309.30820698437,32123.2589687794
2023-02-27,320779.2939559807,82992.32398527759
2023-02-28,320780.0908633044,32234.79656703976
2023-03-01,317682.29453975725,32118.366423912496
2023-03-02,320163.7023654127,31805.333610072143
2023-03-03,326449.19095204875,32121.205951438427
2023-03-06,325910.3021316368,32852.66119764635
2023-03-07,322786.7976519018,32392.153803482594
2023-03-08,325217.2159477995,32388.476663284124
2023-03-09,322534.600237758,32866.85438051924
2023-03-10,321096.5842630986,32460.1501867894
2023-03-13,324732.47825156606,93507.25310050407
2023-03-14,330671.60925763595,32662.60418408861
2023-03-15,332526.78935535805,32822.551575740756
2023-03-16,331325.3517706189,182755.10567686887
2023-03-17,333585.28671503003,33563.34527254042
2023-03-20,332776.1106739299,33570.88780214954
2023-03-21,334148.80631698505,33513.96600974933
2023-03-22,334446.0035081069,33350.56713725732
2023-03-23,338421.7925721951,33683.888878042286
2023-03-24,337274.9850681505,33404.94019968127
2023-03-27,334458.32180499705,33440.460650440764
2023-03-28,334098.7072614133,33502.26212248198
2023-03-29,338444.1780847087,33592.37873778486
2023-03-30,342196.5437054594,33743.43512391641
2023-03-31,344823.35942038003,33962.963138183964
2023-04-03,345599.9242869425,34223.443986039194
2023-04-04,346964.99004386365,34686.62929557266
2023-04-05,343131.6026371402,34590.43704876132
2023-04-06,344969.37576586753,34186.358122892685
2023-04-10,344139.89470145,34183.75618216291
2023-04-11,341085.08994948433,34869.72339522405
2023-04-12,338968.43182009563,34625.08793085916
2023-04-13,345644.57192789944,34045.90293681058
2023-04-14,343827.94418134494,34373.34191694062
2023-04-17,344542.9914104261,34266.07327382942
2023-04-18,346351.3734914916,34716.782629217414
2023-04-19,347879.69634403597,34498.17925228488
2023-04-20,345588.3759475667,34671.412789912916
2023-04-21,345743.8104625333,34782.120044289906
2023-04-24,344835.3242164129,34645.789525555985
2023-04-25,340098.888689329,34121.02521734412
2023-04-26,346133.39278298174,34658.81035500321
2023-04-27,352485.55474173534,35086.03793799389
2023-04-28,352197.6383868338,34960.71074019681
2023-05-01,351961.43482956634,35059.60095581754
2023-05-02,352915.7975412511,35068.15134679311
2023-05-03,352399.25962972187,35339.403779502114
2023-05-04,352416.81060712325,35100.63784520612
2023-05-05,357574.3806870775,35584.74116261764
2023-05-08,358318.14052983007,35925.45235844334
2023-05-09,357419.83310477436,36010.71748892965
2023-05-10,361329.818744968,36422.2157443271
2023-05-11,360576.28395616816,36536.68737375545
2023-05-12,358444.16831576894,36205.96730220389
2023-05-15,360271.4465943739,36066.890037672245
2023-05-16,361098.76016668254,36087.443005122484
2023-05-17,364444.8641148654,36258.01984606663
2023-05-18,368938.6182667483,36143.29309241667
2023-05-19,368216.263251564,36957.323172828634
2023-05-22,367408.00865810504,36439.939394646804
2023-05-23,364662.85463313735,36584.98270396862
2023-05-24,364314.4972251952,36546.51401367787
2023-05-25,379325.56474627263,38318.07705630069
2023-05-26,386024.24348965695,37747.29178372435
2023-05-30,389673.17530295864,38990.18068549646
2023-05-31,381366.83857455174,272321.6971408359
2023-06-01,393293.65869220294,269255.6535576204
2023-06-02,385990.6237740813,277026.6445870696
2023-06-05,389356.98796318227,269986.1347184008
2023-06-06,388806.6698704439,39021.27684981402
2023-06-07,380735.1032418003,39014.091355203615
2023-06-08,386495.08788130985,38214.90160201298
2023-06-09,386653.45716767106,38976.73059754166
2023-06-12,391111.7970095288,38779.898083747554
2023-06-13,393059.19570536626,39391.94766612067
2023-06-14,396771.22387620824,39509.66159746066
2023-06-15,400039.5324020273,39440.671714771415
2023-06-16,397727.59602986625,40228.77501546195
2023-06-20,397624.25152124924,39642.29708399336
2023-06-21,394708.82717400766,39750.18053704478
2023-06-22,398439.14447309455,38912.27991773567
2023-06-23,396143.767718185,39931.07660185199
2023-06-26,391363.1228658124,39612.65422262391
2023-06-27,395699.4563468234,38853.36395485563
2023-06-28,394862.8020795199,39281.52398808924
2023-06-29,393738.47024645424,39481.31633867836
2023-06-30,400303.7052712318,39653.76373909683
2023-07-03,399556.6559587767,40298.793005590676
2023-07-05,398780.03861957736,39960.007876932075
2023-07-06,397898.185586942,39864.32197381338
2023-07-07,398862.3720148892,39721.036397823795
2023-07-10,395498.1430929873,40091.049220917
2023-07-11,396979.40575873863,39870.446064829935
2023-07-12,403060.56945339474,40100.59781185422
2023-07-13,409115.06240675005,40937.4211713985
2023-07-14,408810.5574498616,41192.99263052567
2023-07-17,410931.00789450126,41197.59705542043
2023-07-18,415766.946439621,40990.981611129755
2023-07-19,416124.8463310627,41728.375254097395
2023-07-20,408577.297547082,41341.3819587031
2023-07-21,405570.7392229022,41238.95071734802
2023-07-24,405444.7351282505,40615.366292801285
2023-07-25,409115.39688166016,40538.99062403074
2023-07-26,406711.58432582393,40592.19492915644
2023-07-27,403918.6244539952,40961.02336451767
2023-07-28,410245.32029277907,40590.896327324976
2023-07-31,410966.81275893364,41098.016646873075
2023-08-01,408347.82425841567,40960.073236076816
2023-08-02,400315.2675062762,40328.71620241266
2023-08-03,400366.0004804074,39974.12676977504
2023-08-04,403434.80791230925,41003.17654939419
2023-08-07,404409.4459281529,222651.86716228374
2023-08-08,402498.2142632445,40497.17898492416
2023-08-09,396713.4463968433,40181.96583654054
2023-08-10,396754.87848960696,39389.77963554199
2023-08-11,394055.1063139548,39563.5392286887
2023-08-14,399724.4411131111,63929.82016431962
2023-08-15,396397.10505991033,40494.70761423161
2023-08-16,393494.79753871646,39441.14824672429
2023-08-17,391031.0721450652,39255.77309950246
2023-08-18,390756.12232079107,38852.404097219296
2023-08-21,398405.1880288295,39393.117792623445
2023-08-22,397368.6873488078,40362.869798148604
2023-08-23,403288.1311829246,39876.14492346414
2023-08-24,396273.1422101222,40961.93341648206
2023-08-25,397037.4215741266,39447.74678088317
2023-08-28,398862.6125284702,40100.63239541357
2023-08-29,406558.5741572029,40065.221534217075
2023-08-30,409544.649380928,40983.19732404327
2023-08-31,411158.6877834334,41281.22736473224
2023-09-01,411021.5972545907,41739.298868970596
2023-09-05,411580.1406528418,40618.30885810301
2023-09-06,404119.2226134725,40967.62828745318
2023-09-07,400680.68383890094,39285.244980868716
2023-09-08,401141.95435207454,40252.0329615411
2023-09-11,405728.25059003034,90370.5633952061
2023-09-12,401393.4983315014,40738.04989094962
2023-09-13,404000.8175692169,40246.81615014953
2023-09-14,405616.63948325487,40370.363974374275
2023-09-15,398504.690719275,40348.77995267341
2023-09-18,400136.8796239044,39532.85366488951
2023-09-19,398635.59799531323,39705.067203076935
2023-09-20,391426.2384736002,39888.1081177652
2023-09-21,386053.3918435109,99364.42289514664
2023-09-22,387770.7702085491,213437.6549741741
2023-09-25,389770.32044165785,38868.51615088635
2023-09-26,383504.1478662398,38736.95780276322
2023-09-27,382476.4979825127,210987.99197054983
2023-09-28,381615.7481664361,210291.28239189993
2023-09-29,379169.19890446356,38644.19618458438
2023-10-02,382969.47609429195,38108.88463311031
2023-10-03,376702.68887490756,37994.63425225742
2023-10-04,377211.4291866282,207564.00979881082
2023-10-05,377761.05636750476,37812.5882736327
2023-10-06,383033.6596142379,37536.25122037801
2023-10-09,385376.667944762,37680.340311857915
2023-10-10,386016.2339933992,38451.791099417256
2023-10-11,390445.425736985,38834.9734397743
2023-10-12,390618.8370182008,39044.670262524494
2023-10-13,389562.5588023513,39516.03525803976
2023-10-16,392074.76795181975,38623.75032028899
2023-10-17,388178.7252496292,38279.980056147746
2023-10-18,384884.82769184536,38511.658799938654
2023-10-19,386584.55062911444,58995.30165145331
2023-10-20,382654.3848247792,38735.019369151734
2023-10-23,387017.6386435762,38297.17486412669
2023-10-24,389828.80484876526,39004.139199351164
2023-10-25,385143.8335530878,38899.67534996279
2023-10-26,382282.05533570994,107412.57073945749
2023-10-27,386646.6559567235,133620.0098805211
2023-10-30,387602.4126199087,108231.32233365384
2023-10-31,386621.81512547133,108315.79848957657
2023-11-01,388926.35126861586,108242.0011747743
2023-11-02,391652.63252540585,39235.452242813066
2023-11-03,394859.5581967269,39151.75731248009
2023-11-06,397138.58898517664,39155.102245064365
2023-11-07,400581.20066873886,39868.750027106784
2023-11-08,401320.7957532284,39883.06885503506
2023-11-09,401017.2359981796,40252.52910425867
2023-11-10,406038.94902934675,40193.3741544688
2023-11-13,405510.45397763443,40064.64398007582
2023-11-14,410827.7570451209,41389.08846601933
2023-11-15,408610.716155196,41523.129912520235
2023-11-16,412221.72407121386,40694.49847001755
2023-11-17,411928.6991254513,41189.254511040934
2023-11-20,415555.25304517424,41337.14708432829
2023-11-21,414115.02901370707,41468.65598209084
2023-11-22,414358.5773419626,41632.31371586398
2023-11-24,413670.28227476473,115835.62242369054
2023-11-27,415017.02503059345,153472.45831916766
2023-11-28,416910.8977204226,41817.93107613548
2023-11-29,416174.6809139307,41623.972032552505
2023-11-30,413952.1371390192,41508.80965107362
2023-12-01,416284.6528249702,115603.34413585276
2023-12-04,410567.1766472356,115767.52531056566
2023-12-05,414796.2787457156,41338.332334582825
2023-12-06,411660.0375195786,41730.649778489744
2023-12-07,415484.1734168265,41232.47432014687
2023-12-08,416565.1055842008,41227.48512369054
2023-12-11,412113.48944042,115224.79447887215
2023-12-12,413880.7416488137,114766.09418406151
2023-12-13,418537.0732261591,115844.28096694275
2023-12-14,418453.43082295766,117460.63927327504
2023-12-15,418517.29293313145,117521.16013589024
2023-12-18,421014.99576294364,117573.45041382255
2023-12-19,421876.9826589382,118049.98435266379
2023-12-20,418817.37059058587,117791.66032447257
2023-12-21,421260.27236168145,42446.29396049735
2023-12-22,421182.8422700798,42256.52471942067
2023-12-26,422476.1294549465,42140.392566061004
2023-12-27,423192.36465003836,118194.96136405814
2023-12-28,422602.5501849252,118385.7438036996
2023-12-29,421878.3929407096,118059.03683109046
2024-01-02,418092.52336369344,117739.58825169392
2024-01-03,415648.80556858156,41558.12990558721
2024-01-04,413327.04450094316,41204.3261133394
2024-01-05,414836.3553431182,41690.7222025542
2024-01-08,422671.767237628,41970.38955208115
2024-01-09,424903.7299302,42643.111293115
2024-01-10,428830.62746851763,42560.45801203573
2024-01-11,430399.7828927513,42995.33738188704
2024-01-12,431954.55298191856,43169.42470890832
2024-01-16,431769.1052999669,42879.98441983994
2024-01-17,428960.10441754013,43238.1396653429
2024-01-18,434944.3499096642,43174.51220214466
2024-01-19,440856.7859960975,43565.17543091191
2024-01-22,440837.69183757855,44215.58598735881
2024-01-23,442994.2590464653,44249.930501848576
2024-01-24,444513.5865669304,44136.78560257495
2024-01-25,445978.60401388915,44791.075556247575
2024-01-26,445045.64361493895,44297.81048505616
2024-01-29,449238.1519252598,44399.76607626079
2024-01-30,446936.7023041218,315054.0575134724
2024-01-31,446523.7804099502,312292.0297995986
2024-02-01,448587.71927020146,314787.03317401005
2024-02-02,459096.59090072964,315104.2624324069
2024-02-05,464528.01958280115,322612.72688107996
2024-02-06,469436.9917828948,325661.55704473564
2024-02-07,464531.0908290968,328140.7047893629
2024-02-08,463401.8820686888,408379.0435295653
2024-02-09,467254.41125369264,406129.5656421204
2024-02-12,465006.9121636476,410157.7196129884
2024-02-13,468641.9087739692,46925.18663651807
2024-02-14,471773.6386222141,47049.98015968967
2024-02-15,470211.33451171,47292.21424193456
2024-02-16,469435.0718513172,47227.214353148214
2024-02-20,465385.259137894,47297.36585023533
2024-02-21,464192.12825076794,46414.216461827484
2024-02-22,481039.12618922634,47818.11278438017
2024-02-23,481332.9324593003,48780.69319385845
2024-02-26,480096.69194416853,48100.80718617293
2024-02-27,479670.82966579567,48286.1098553098
2024-02-28,478293.76110545406,47470.213589584935
2024-02-29,482753.4976515516,47964.649949525265
2024-03-01,488742.3554899095,48355.05909556131
2024-03-04,491316.04230891867,49174.81331264182
2024-03-05,486892.9026576565,74458.75263324245
2024-03-06,489456.43914260686,49249.91935195743
2024-03-07,496401.8394649307,49302.34671285551
2024-03-08,492948.6530209352,50163.49681671154
2024-03-11,490798.23118073033,48911.521456304064
2024-03-12,498590.59214625036,49187.14266810096
2024-03-13,498165.7022559586,49880.48611521152
2024-03-14,498759.2075262636,49637.654357013096
2024-03-15,494514.9521719435,49003.80068268571
2024-03-18,496043.4562091109,50100.23254578085
2024-03-19,499238.04904122616,49032.61738534238
2024-03-20,504586.4348183526,49929.44724663629
2024-03-21,502866.67319681833,50645.57476237008
2024-03-22,504868.8733287674,50127.08545645296
2024-03-25,504518.00797490025,50566.8434470072
2024-03-26,501546.69146310864,50811.49074899729
2024-03-27,502863.9628953076,50133.34405985837
2024-03-28,503970.34895216924,50496.760878438756
2024-04-01,505680.4173308599,50943.57745659237
2024-04-02,505079.95648547274,50444.57416125401
2024-04-03,506246.08912860823,50498.03224384261
2024-04-04,500345.6460644562,51044.260276492336
2024-04-05,508419.5227997443,76347.88554693673
2024-04-08,507626.3919384193,50710.09761163712
2024-04-09,507851.51352865493,50408.31188375745
2024-04-10,506827.5253454859,49692.81218020268
2024-04-11,518429.84618041926,50995.053089598965
2024-04-12,512679.6259078308,52028.21659081417
2024-04-15,518220.06685377716,283350.2200977957
2024-04-16,518500.77126268216,284450.00997117825
2024-04-17,516778.10190009366,284891.06576728116
2024-04-18,514518.74290265964,51999.49125471042
2024-04-19,502130.36298660643,50893.686533969696
2024-04-22,501668.64634720003,276233.9371186844
2024-04-23,504255.2558942317,50338.688526678015
2024-04-24,501429.3253515146,51024.833423414006
2024-04-25,502421.1900691816,49792.74756429881
2024-04-26,511652.03232630494,50592.60768183472
2024-04-29,513173.06603385205,51554.047235023936
2024-04-30,502439.2597198714,51077.85835268389
2024-05-01,502981.91650565894,50586.16008170876
2024-05-02,510009.33544153906,50591.02973170021
2024-05-03,519983.56586147804,52098.560780301304
2024-05-06,526295.7534846577,51755.16891281934
2024-05-07,523683.38482702425,52471.766861326
2024-05-08,523202.8049717436,51961.5068760405
2024-05-09,525748.8114824365,52237.46221638425
2024-05-10,526523.3018616517,53038.27410591445
2024-05-13,527850.3872951481,52588.262562176955
2024-05-14,531271.2053532733,52761.77197314642
2024-05-15,538097.2212867028,53143.38861458363
2024-05-16,535849.8727628121,53662.367887628956
2024-05-17,536894.5613003519,53884.04255492949
2024-05-20,540567.0031663297,53837.39064038981
2024-05-21,542053.3070897899,53713.83985040998
2024-05-22,538610.6508438266,53991.82761689782
2024-05-23,540024.234728113,54535.626405969495
2024-05-24,544232.6633280403,54748.93417154613
2024-05-28,552437.1978011155,55605.13371420139
2024-05-29,551593.3768685512,55397.0883706264
2024-05-30,544806.002781048,54973.16656126041
2024-05-31,542402.758286247,54719.8365943525
2024-06-03,549191.7696907449,55231.59661030061
2024-06-04,550103.0400278297,54877.47482702407
2024-06-05,559574.9652771326,55291.38484805547
2024-06-06,560982.8418106015,55818.927587884216
2024-06-07,558304.5222639148,55930.03981152228
2024-06-10,559998.9042484821,55601.79471326477
2024-06-11,567248.3748228634,55914.84664750933
2024-06-12,574909.91023952,57071.58892756935
2024-06-13,575988.4864363042,57413.91835158732
2024-06-14,578961.7166598178,57423.12648037447
2024-06-17,580724.2534413232,57961.79758499994
2024-06-18,589509.1306743962,510993.07983211096
2024-06-20,603497.1226484072,520948.429227997
2024-06-21,615383.4721055848,427558.80972155166
2024-06-24,621186.5711114684,431869.7159707824
2024-06-25,625124.5078028265,95551.58529458672
2024-06-26,629844.8145738556,63062.39091357727
2024-06-27,632604.7232440318,63436.19711335553
2024-06-28,627014.133946794,63437.86179103227
2024-07-01,635088.8906132224,62913.13226666481
2024-07-02,637392.7637261095,62651.17230307482
2024-07-03,643641.1059390148,63215.90945921749
2024-07-05,648895.548642789,65032.06142965423
2024-07-08,648624.8186381713,64575.889484728956
2024-07-09,650389.0862079739,64612.73459969747
2024-07-10,657452.3926727579,65321.878298978496
2024-07-11,652864.3497378975,184257.8661334663
2024-07-12,654162.4439273124,65294.094195867125
2024-07-15,654999.8832792639,66090.9317106603
2024-07-16,656182.5227883557,65827.85094387329
2024-07-17,641820.215809279,65193.41098444989
2024-07-18,638667.9267609246,132485.5508453973
2024-07-19,632619.1068315848,347917.79231742467
2024-07-22,632708.9962358817,347917.79231742467
2024-07-23,635115.5065169391,63846.8836684284
2024-07-24,618183.3931929955,63044.9926650414
2024-07-25,615401.2656814324,338995.4833633172
2024-07-26,618310.6855566186,339434.3593847436
2024-07-29,615676.0219546302,62358.074582193585
2024-07-30,609079.4554976858,61709.2962722219
2024-07-31,623832.0390959884,341324.1852904464
2024-08-01,610133.4504536458,62616.54974258627
2024-08-02,594345.7390523176,328669.8833699445
2024-08-05,591014.5530604352,323816.0781916608
2024-08-06,591016.6570365098,59454.62674018416
2024-08-07,587044.6890231641,60260.24577060064
2024-08-08,600131.7626433969,59330.88422542805
2024-08-09,600924.1575583033,330778.48049531505
2024-08-12,606634.5785887812,60490.524114904285
2024-08-13,617884.7206725379,61522.993133475466
2024-08-14,619012.5363294235,62224.879911576914
2024-08-15,630954.070584162,62703.70213018251
2024-08-16,633734.70108713,62974.85193551864
2024-08-19,640274.1080229467,63346.41206957758
2024-08-20,639706.3237178493,64150.84378315697
2024-08-21,641393.1821747185,63796.522430455734
2024-08-22,630521.8700539998,63998.685819380706
2024-08-23,638768.3103701213,63748.54344812424
2024-08-26,635534.9784730156,64229.215289421845
2024-08-27,636579.6746005667,63173.44771763219
2024-08-28,629348.5412230206,63774.05045458798
2024-08-29,627324.5982587378,62559.396537546374
2024-08-30,631888.6071119257,95480.62904643503
2024-09-03,616660.1678586365,63164.023876702915
2024-09-04,612189.9811961302,125306.57017012914
2024-09-05,613930.1446452972,337898.33739432064
2024-09-06,601469.5555256025,61726.17465096874
2024-09-09,608815.5058057233,61061.155784360904
2024-09-10,615087.8110826482,60953.851167487126
2024-09-11,628540.5452112294,61327.20988408095
2024-09-12,635690.6827138494,63270.25203452801
2024-09-13,637802.4611062253,63675.19998256801
2024-09-16,632371.0776584465,63086.41902807537
2024-09-17,632648.1650160766,63938.20413961178
2024-09-18,629755.3107876743,63129.08425569181
2024-09-19,643631.4426694765,63972.8060422792
2024-09-20,644056.7254348194,64893.45693353762
2024-09-23,644647.4880165219,64456.00456467867
2024-09-24,649368.0277070901,64938.70986651393
2024-09-25,651175.2236413657,65145.71952149262
2024-09-26,651807.8587772256,66193.14043921295
2024-09-27,646024.7863336019,65531.95302061361
2024-09-30,647283.5265085316,64160.5786935902
2024-10-01,639455.8052782814,64773.02505824974
2024-10-02,640304.2198147401,64133.12282987687
2024-10-03,641406.9146402241,64432.596357143055
2024-10-04,645670.2900332031,64442.87308679195
2024-10-07,640321.1244751527,64151.34659734502
2024-10-08,642479.9599648446,354302.0357705087
2024-10-09,640908.5505827738,352612.74693287135
2024-10-10,645127.0335982324,64330.36910848638
2024-10-11,647646.6655579563,64518.671005343975
2024-10-14,651502.0823006167,65535.81046528947
2024-10-15,648398.1516346132,64990.40465585341
2024-10-16,650398.959226515,64941.31721296525
2024-10-17,653082.5892682481,65788.71420721292
2024-10-18,658178.757805892,66172.54592234714
2024-10-21,663288.7616087431,65869.48821701946
2024-10-22,667346.1228215784,66840.23814750617
2024-10-23,656485.4329475795,66975.78484577296
2024-10-24,659360.6794963649,66468.26203115494
2024-10-25,662585.4900027182,66356.29163846037
2024-10-28,662676.694165607,66484.71748103673
2024-10-29,667950.3008145422,66023.58304110466
2024-10-30,667126.4418683496,66568.45845465327
2024-10-31,647617.941167065,65829.73076362262
2024-11-01,654856.738503984,65518.5221496138
2024-11-04,653594.5296675558,65608.7924849386
2024-11-05,660274.246498939,65547.80136954448
2024-11-06,664892.102534512,65580.12134859893
2024-11-07,675147.2299025718,66883.97862083346
2024-11-08,671219.3035170044,67208.95114578858
2024-11-11,662204.5092153095,66405.39131064643
2024-11-12,665095.2495883947,66741.24940528921
2024-11-13,667765.3052618622,66754.79369570008
2024-11-14,668865.4645133688,66332.64497906706
2024-11-15,655367.7652994312,66713.59539281498
2024-11-18,656862.6426852774,65847.39624057521
2024-11-19,665908.1140370978,65302.75992638003
2024-11-20,664107.3465763852,66772.14566390958
2024-11-21,661643.3334968018,67004.7404487061
2024-11-22,660511.6219135128,65723.93633612026
2024-11-25,655612.5311847238,66237.20159488005
2024-11-26,664611.3359821974,65668.01850783217
2024-11-27,660530.2315769743,66102.22527509437
2024-11-29,666806.5957056895,66081.04907483011
2024-12-02,672120.8841533117,66594.31803697873
2024-12-03,677557.0263346229,67016.82745156618
2024-12-04,686952.939151327,68317.50662569229
2024-12-05,689368.6921748609,68591.79045672122
2024-12-06,690964.4769975761,68515.15906544712
2024-12-09,691360.7811582262,68442.86514260115
2024-12-10,688068.7170258405,69066.86207588932
2024-12-11,696286.2904633171,68930.80338751139
2024-12-12,694003.4774519755,69278.51932209266
2024-12-13,689004.4690975107,69483.81583823335
2024-12-16,694052.0815786929,111151.00984712549
2024-12-17,694355.2082067428,482851.96830806107
2024-12-18,707025.2011803791,487896.2360467122
2024-12-19,722696.544887379,810877.9233358654
2024-12-20,721383.6585023212,829413.8449494648
2024-12-23,700251.9470043743,495828.0771313275
2024-12-24,691751.1579646077,67927.62380017893
2024-12-26,690976.6456204426,68517.98900423165
2024-12-27,681465.8846839425,68811.12589488004
2024-12-30,676393.8678966404,67689.75839957007
2024-12-31,670584.3829709493,68196.42062964066
2025-01-02,670208.7535009518,67205.79178525355
2025-01-03,678577.1674560657,67620.47342530392
2025-01-06,687308.706699025,68649.13714946446
2025-01-07,673226.0711539051,69195.83339145393
2025-01-08,674426.8596275736,67506.31623157751
2025-01-10,663689.498816544,66324.08783631939
2025-01-13,657110.5108701824,64926.80991193047
2025-01-14,657095.0743566878,135340.49232543784
2025-01-15,668526.0256439105,66537.53780516546
2025-01-16,658087.0205754659,67422.385077419
2025-01-17,666950.5013295221,66629.47126970772
2025-01-21,667751.7668907337,66601.43746873671
2025-01-22,679849.1934935446,66699.82661122031
2025-01-23,679936.6947124542,67232.45133476872
2025-01-24,676428.90397051,68059.99691179422
2025-01-27,657609.3951246694,65162.252432103516
2025-01-28,674764.3228830935,148049.38146158468
2025-01-29,668937.6708793596,67070.90925979172
2025-01-30,663257.9931310794,66836.20208493678
2025-01-31,662718.7928930441,67077.54753934535
2025-02-03,654054.4583043265,187383.48268787138
2025-02-04,660942.5892329685,65398.316863583794
2025-02-05,664939.5500641813,66486.41065988445
2025-02-06,670808.7005472447,67083.44209387556
2025-02-07,661077.7671443257,66610.99038040968
2025-02-10,668718.4297178067,66474.80746438875
2025-02-11,669343.3986861568,67119.57417748989
2025-02-12,667798.4019931618,66537.10844457777
2025-02-13,676013.0376654074,67000.60475830287
2025-02-14,676126.616438621,67676.07951235144
2025-02-18,678124.5536394204,68608.1382799234
2025-02-19,679480.4202830762,67278.45931505863
2025-02-20,679458.9339023451,68205.88620337057
2025-02-21,669772.1492493103,67723.13328861687
2025-02-24,665966.6498572787,102312.5088355501
2025-02-25,659273.8200189924,66491.92429755686
2025-02-26,660335.2657125883,149894.98348602577
2025-02-27,643712.4573478793,66679.7193718051
2025-02-28,641024.8402695365,352217.66232153843
2025-03-03,628145.9081175285,64841.35126328052
2025-03-04,623079.5859164346,342719.06846037996
2025-03-05,623665.3497662821,342182.0748639383
2025-03-06,622235.0748639384,342182.0748639383
2025-03-07,626511.1001230328,62663.759157761844
2025-03-10,615331.752245358,339448.2633842739
2025-03-11,618565.4703324398,339715.7065384945
2025-03-12,617350.3492587499,61848.81338533673
2025-03-13,621624.5060929866,339891.38109298656
2025-03-14,629803.6807784663,62346.329383812976
2025-03-17,630699.8928206266,175903.15635517248
2025-03-18,628379.1886575614,63547.58012179479
2025-03-19,634277.765642428,176528.28901126338
2025-03-20,633745.594522738,176528.28901126338
2025-03-21,632923.7456949262,176317.00130253128
2025-03-24,635093.1919832393,177639.27019979205
2025-03-25,640313.0184721865,63844.212289325136
2025-03-26,627585.251094845,63865.24139025521
2025-03-27,627571.6665843057,174715.5953791665
2025-03-28,624777.1572607247,176303.25707609337
2025-03-31,634053.0965663173,105804.79834854385
2025-04-01,632455.0590698044,175970.7356521408
2025-04-02,634092.5046267351,176460.08040188163
2025-04-03,614924.4744522631,62232.44845891597
2025-04-04,592095.5217477351,174049.9762689143
2025-04-07,587200.501133968,204502.26761346022
2025-04-08,569352.214780883,60115.97187621998
2025-04-09,618079.4694429522,167206.14939748106
2025-04-10,609337.0366767597,332981.70571362495
2025-04-11,614601.807681059,337824.8444852583
2025-04-14,613023.5060368788,336937.1357976209
2025-04-15,614287.6024057548,171936.09254094775
2025-04-16,616058.3741599123,172684.69825659206
2025-04-17,613673.4568951782,172670.68924075924
2025-04-21,617573.0932694941,187048.252823022
2025-04-22,625550.3791404873,62548.00734483295
2025-04-23,639660.762401931,63878.840877883194
2025-04-24,656070.1267436075,64601.90706282134
2025-04-25,663044.4045223786,65053.70965238346
2025-04-28,662945.7274276069,65882.31472313913
2025-04-29,663621.2751623321,66095.66894590142
2025-04-30,660558.3477706488,64694.01056666927
2025-05-01,672161.7484242915,67431.25493979447
2025-05-02,671238.5872615275,66532.24047502852
2025-05-05,670833.402265613,67017.32557493917
2025-05-06,674003.0511232628,67310.39037192008
2025-05-07,675480.1979188655,67274.03146073563
2025-05-08,675932.8301826324,67973.17497023003
2025-05-09,677827.3619526593,67591.18412673158
2025-05-12,696467.2912232629,69700.79863903437
2025-05-13,705924.1070123855,70715.13884221955
2025-05-14,706642.198064214,71078.83199060557
2025-05-15,706344.8963817689,70122.10413018198
2025-05-16,704907.7180870447,70382.59812244508
2025-05-19,707727.8962012009,70366.33708865212
2025-05-20,707937.5186326707,70222.33279587878
2025-05-21,701662.6198422976,70235.29971290311
2025-05-22,702089.8837023056,69840.88232901465
2025-05-23,699297.1497857815,69544.7438104397
2025-05-27,707712.6683292438,70105.32410622135
2025-05-28,705315.7013283933,70547.31306850564
2025-05-29,710704.8672776353,71888.52216960298
2025-05-30,706709.6597488852,70497.00767979342
2025-06-02,715376.780954619,71185.0198309618
2025-06-03,717405.118274677,71919.93913649338
2025-06-04,720016.0362018549,72181.07852973577
2025-06-05,717572.6833930936,72339.78931960736
2025-06-06,721896.3353813428,72389.20995409664
2025-06-09,724556.601663015,72268.82297649154
2025-06-10,726269.2220848653,72392.01035390826
2025-06-11,722341.242810316,72877.90786463734
2025-06-12,728307.6340397621,72324.8496311927
2025-06-13,725327.2013236686,72588.50006024088
2025-06-16,728998.4989067002,72908.25598677833
2025-06-17,731154.0332235508,509054.73073331645
2025-06-18,725453.6057846814,508007.8543045788
2025-06-20,735980.3323011204,505214.5295514866
2025-06-23,734589.8943097936,514834.90959910024
2025-06-24,730733.9413670087,72091.08185467964
2025-06-25,737126.765436427,72845.19843508414
2025-06-26,741168.3028859962,74199.34381006839
2025-06-27,742607.9641484788,73786.6044072679
2025-06-30,745849.3709569399,74594.67672781392
2025-07-01,744981.1629507423,74954.04197906259
2025-07-02,751208.5984248442,74712.99362748097
2025-07-03,755748.6799883206,75240.0499834378
2025-07-07,752836.9903967947,75377.33729010528
2025-07-08,749607.8964576556,75140.4022254779
2025-07-09,756611.9929284608,75415.30222411512
2025-07-10,758054.2270238972,75803.6635931111
2025-07-11,761833.8807724649,75524.14688574616
2025-07-14,759306.3251553485,76004.21419343447
2025-07-15,764565.8319345438,76391.5534006082
2025-07-16,764933.9805825058,77000.13298729098
2025-07-17,767371.5512039568,75858.69398044611
2025-07-18,768987.259117258,76809.30355085178
2025-07-21,773905.7681526421,76989.04778521048
2025-07-22,771766.6866276263,77283.50776410094
2025-07-23,772272.7480028399,77320.88873465141
2025-07-24,776187.5078845385,77151.73430970943
2025-07-25,774406.4933004985,77315.35240084026
2025-07-28,775849.0349949555,77287.70110213327
2025-07-29,773074.9534001722,77942.62637380496
2025-07-30,770483.638563471,77387.47678978935
2025-07-31,777190.0903529251,78828.3841456497
2025-08-01,763303.4292693237,77331.1069426636
2025-08-04,769153.6934863611,423110.8594104333
2025-08-05,766083.4983250139,77289.13093914966
2025-08-06,776723.6613574616,76908.94469791566
2025-08-07,782846.9463095535,77901.8788046706
2025-08-08,789358.7865458713,78635.2603923069
2025-08-11,783671.0017511464,79178.50800724995
2025-08-12,788101.2575242007,78192.17480630518
2025-08-13,789687.2972647133,79138.1411520424
2025-08-14,793849.8128433533,79497.24948886113
2025-08-15,790973.990274202,79546.10636306916
2025-08-18,790950.6183488115,78928.0015580401
2025-08-19,780859.9436164307,79543.67117075202
2025-08-20,775739.6013985894,77452.11882412655
2025-08-21,772944.423690356,77364.64199785108
2025-08-22,783338.6272117089,76552.1799766015
2025-08-25,782807.0451131515,78479.82251793673
2025-08-26,786628.9526485073,78409.16700397608
2025-08-27,789287.475921731,78275.3822327661
2025-08-28,792770.733240067,78067.14182466181
2025-08-29,785852.8854929812,79372.51290386985
2025-09-02,781299.5768366589,77229.39595897336
2025-09-03,787905.3217942222,79040.37770242538
2025-09-04,794326.9687459896,78986.25802211264
2025-09-05,788743.4416615582,78850.11336871154
2025-09-08,793855.6072165084,79539.06130281213
2025-09-09,794659.7971590853,79399.15395534998
2025-09-10,792497.106740204,80154.95525094621
2025-09-11,793836.095880207,79080.68264168162
2025-09-12,798155.5752525588,79255.45498278335
2025-09-15,804948.85727958,79967.18363456042
2025-09-16,815335.6665506173,564178.1187448312
2025-09-17,817991.6288212542,569000.5638188128
2025-09-18,828122.1711954434,574022.0340494473
2025-09-19,817541.7215307027,579891.4177282124
2025-09-22,798029.3591093951,571816.2449889117
2025-09-23,795842.4547815828,79941.67282967857
2025-09-24,791742.8524998095,79704.74957927722
2025-09-25,793487.7535410274,79102.1522074093
2025-09-26,796392.1038277128,79740.53079914831
2025-09-29,804129.8521518812,80325.72113991834
2025-09-30,808715.7231766216,80757.97351231502
2025-10-01,810988.3683745443,80900.18345327966
2025-10-02,812252.7901893397,81877.2130103846
2025-10-03,812335.0733512951,81708.79286423455
2025-10-06,817957.0257525683,81607.54859497552
2025-10-07,825616.4535401632,573754.3612092306
2025-10-08,779138.626372121,579309.3092944843
2025-10-09,774721.5797031086,77540.12840916333
2025-10-10,757836.3631729283,77898.51191560409
2025-10-13,770427.0384760936,422962.3318415721
2025-10-14,770606.3573431622,77560.63422914856
2025-10-15,779123.4347368309,427760.69145069807
2025-10-16,787307.8177226158,430106.35672408063
2025-10-17,780650.2204085533,433282.1591292564
2025-10-20,795960.921920538,79063.21542334555
2025-10-21,784569.3879467034,78988.35892448659
2025-10-22,780410.5732855224,77786.31861633301
2025-10-23,784870.5378040567,78142.97570078514
2025-10-24,790951.4561632829,79007.41580378579
2025-10-27,794750.6705794269,78828.7266554767
2025-10-28,803385.371244628,79639.93527050693
2025-10-29,807281.8393469283,81953.0755835005
2025-10-30,801925.5144681206,81148.50453464894
2025-10-31,810087.786801124,82579.75700070898
2025-11-03,817502.6611847159,82529.15422670811
2025-11-04,805941.198027057,81547.30023042618
2025-11-05,804941.1985188691,80566.46011554876
2025-11-06,793741.9768538728,80195.82446434644
2025-11-07,795233.1697064795,79315.79763616704
2025-11-10,813289.5161091222,80690.29296459098
2025-11-11,814099.9052202313,80919.15360279962
2025-11-12,815329.7204912517,81534.79519828291
2025-11-13,803258.4935475349,80855.36538896555
2025-11-14,799921.0709131364,120066.03896123206
2025-11-17,792032.5241608964,79662.4838471757
2025-11-18,786799.1244394635,433038.3686716412
2025-11-19,790652.7392846553,79389.98911680857
2025-11-20,804159.6215920853,442804.2157082963
2025-11-21,803599.890291945,442055.08090473793
2025-11-24,809328.2926967301,442055.08090473793
2025-11-25,814746.4200535784,81257.24376878838
2025-11-26,820571.4076581952,82187.38184032413
2025-11-28,825599.0473132223,82150.48874998993
2025-12-01,832241.3720912749,82681.104146939
2025-12-02,835185.2805297025,83011.7646605619
2025-12-03,828022.9870967857,83140.43100547713
2025-12-04,827586.7867605551,82983.7613241537
2025-12-05,826227.4337396906,82724.05849555001
2025-12-08,828732.0703261886,82692.33897242881
2025-12-09,829861.613245174,82459.30062310371
2025-12-10,829323.8689222354,82682.41326427645
2025-12-11,828296.6871491938,82686.16734328569
2025-12-12,819588.8919986625,82552.99829138712
2025-12-15,813969.0174217238,82218.59708786146
2025-12-16,814531.5347462442,81343.79997451571
2025-12-17,809357.9865331262,81262.40671440058
2025-12-18,816709.5129734974,81318.55003709608
2025-12-19,823536.3563986493,81979.59477145197
2025-12-22,829669.8442892855,83592.38289402181
2025-12-23,839891.5017306658,83119.23735688647
2025-12-24,839671.3311684245,84411.0956642741
2025-12-26,843448.6456083405,84444.09063092347
2025-12-29,831601.4277381379,82588.27128977368
2025-12-30,831321.3284169164,83212.42000016833
2025-12-31,826563.9052068405,82818.15136162558
2026-01-02,823570.0013519567,83665.7378479284
2026-01-05,828872.6881140943,83621.32324593024
2026-01-06,832167.7638313033,82913.78269116666
2026-01-07,833925.3724521755,82375.21174660904
2026-01-08,832825.28073013,83297.9580830353
2026-01-09,835410.3583114315,82781.07727505454
2026-01-12,839079.7961630333,83263.43622345815
2026-01-13,837188.7614926461,84183.02295199662
2026-01-14,828006.5040850156,82336.58602471286
2026-01-15,828589.8865814486,83038.89465334799
2026-01-16,827417.1634605592,126179.48554307873
2026-01-20,820089.7449192667,82919.57934614654
2026-01-21,823444.2571846312,454369.0521065062
2026-01-22,828356.3788125454,82601.04751371735
2026-01-23,840237.2423162234,83224.57630059842
2026-01-26,847442.0597690295,84226.13626133907
2026-01-27,862488.3598690897,84962.26715668729
2026-01-28,872074.9105328773,86481.32123844372
2026-01-29,860178.6414624957,86336.00323312558
2026-01-30,834289.279183744,128234.47890603401
2026-02-02,826743.9353274137,82831.73359096356
2026-02-03,830502.4510652545,83776.81907672914
2026-02-04,827241.9318566505,83741.06421138681
2026-02-05,807895.3731884604,124628.93916746428
2026-02-06,809252.0337689487,442877.2234662144
2026-02-09,821744.2021109251,81532.82019869365
2026-02-10,816928.951512332,82586.68599414345
2026-02-11,816746.3411608085,82521.85277274699
2026-02-12,796888.3039274213,81848.00133037545
2026-02-13,795890.4518113118,80169.70951700024
2026-02-17,794558.48266155,79036.98592693087
2026-02-18,804755.6009174478,80366.25672494296
2026-02-19,803469.9156373717,80331.2723726012
2026-02-20,813852.7379565233,80354.01307249014
2026-02-23,814578.8117046856,81034.3572369121
2026-02-24,818758.2386538092,81160.39005151426
2026-02-25,826141.6957588644,81734.79729084684
2026-02-26,819000.0488794396,82809.15315800409
2026-02-27,810872.3192284629,81270.08479242769
2026-03-02,818803.0011532102,80545.75118372771
2026-03-03,808654.5169956705,80298.70284772132
2026-03-04,817185.2105125852,81137.67529530004
2026-03-05,816657.7139901655,81393.47514434032
2026-03-06,810844.0409504696,81645.02706497155
2026-03-09,807183.1281781107,442389.9691204935
2026-03-10,811313.3660898539,446706.1972666117
2026-03-11,807887.3047739665,81298.27492777516
2026-03-12,796351.0875522197,79989.55965915335
2026-03-13,791770.1153419174,439227.5181434311
2026-03-16,791449.2596770462,435997.3053313431
2026-03-17,790500.7414805241,79300.44562786294
2026-03-18,775135.8656952934,78078.53200083542
2026-03-19,763329.2278250215,76267.05585846878
2026-03-20,748488.67874991,76546.81520926056
2026-03-23,751707.171149574,210418.39978726924
2026-03-24,749630.6110938871,209420.88965834022
2026-03-25,761943.501808865,214638.76902077903
2026-03-26,745214.1043042385,211731.1110486232
2026-03-27,751700.5980756702,209635.95668773068
2026-03-30,750052.4364163635,124443.55273411245
2026-03-31,772843.0227766325,123997.39200881014
2026-04-01,778575.3777512552,77660.77544107453
2026-04-02,776731.7609581784,76297.7279839353
2026-04-06,779008.239776201,77568.42236287087
2026-04-07,779179.5942568317,77726.59433312561
2026-04-08,790907.4265216166,80207.97184022015
2026-04-09,801790.9568858092,79785.18805646345
2026-04-10,807611.3391014173,80437.33400498182
2026-04-13,813190.7136131446,80934.55150376959
2026-04-14,829441.3046993344,81963.91358605318
2026-04-15,843422.7369244185,83377.61052060983
2026-04-16,844769.328398528,84501.4734028005
2026-04-17,855460.3090305927,85127.00055891296
2026-04-20,854140.6848152006,85354.33902052292
2026-04-21,848123.6326290106,86372.98568687186
2026-04-22,863496.3229953578,85582.88340490367
2026-04-23,854122.8294325701,86156.56981953308
2026-04-24,868395.4771731871,86215.44194064317
2026-04-27,869829.4226855827,86189.22586246254
2026-04-28,873932.4052172699,604883.4479723969
2026-04-29,861783.4807871694,600917.5197581167
2026-04-30,828964.4551645701,603983.0066324656
2026-05-01,841148.2083886297,691450.8096306951
2026-05-04,838599.6547665709,583632.2563595885
2026-05-05,803048.4668167257,588856.3469436788
2026-05-06,803361.0718692457,78371.18124424573
2026-05-07,805528.6279462117,80430.97187931713
2026-05-08,810371.0530072325,81048.53768740826
2026-05-11,810705.5527852289,80088.13638813424
2026-05-12,809527.2080484164,564635.0501199496
2026-05-13,816892.258073862,559134.0977802828
2026-05-14,815370.2192777616,577036.167672537
2026-05-15,836609.6100714207,577210.8141729832
2026-05-18,839040.3630369435,583423.5177458058
2026-05-19,846457.0921422838,724067.8899022936
2026-05-20,859957.9544614891,591389.1981443504
2026-05-21,842639.1269033814,601185.361812439
2026-05-22,829338.530940691,588922.5870472584
2026-05-26,836235.6995600178,580764.9114130451
2026-05-27,836709.3018390271,84031.79982486692
2026-05-28,846424.3404485725,83616.48757381664
2026-05-29,852311.8338527591,84697.07195090361
2026-06-01,853427.3261560376,85230.2024988111
2026-06-02,857084.8848917137,595765.5233499657
2026-06-03,878916.6687720609,596164.5569556546
2026-06-04,882008.9301964324,709634.1706291717
2026-06-05,867641.3534691547,616426.943145058
2026-06-08,866734.297450268,998336.8184768793
2026-06-09,856172.8609726762,87539.55405739293
2026-06-10,836546.7282624992,85165.50435502853
2026-06-11,849460.7941591337,460436.5467836454
2026-06-12,844475.7209600171,84821.79235589108
2026-06-15,864784.2603986984,86403.28267653038
2026-06-16,861418.030508928,86462.01677601779
2026-06-17,842994.1142372319,85980.33385698289
2026-06-18,850967.9486417559,84921.87277505663
2026-06-22,837051.1491637009,84491.99967334449
2026-06-23,829156.2428105172,82749.8766300973
2026-06-24,818312.2221601991,81946.97632584845
2026-06-25,801914.508817968,81392.86746054611
2026-06-26,814704.3983569081,122689.84107541395
2026-06-29,814585.2253480633,81767.78751236993
2026-06-30,821831.1945246557,81837.59863842519
2026-07-01,830532.1093204131,82974.40843845508
2026-07-02,843203.399259727,82647.58582894091
2026-07-06,846791.3592309834,84690.16318606153
2026-07-07,847718.7793489797,84578.35504783224
2026-07-08,850117.7786379674,83648.4871950963
2026-07-09,855125.3353291779,85213.55555928042
2026-07-10,858914.6751369629,85098.1580471191
2026-07-13,851943.8934207703,86063.4650760438
2026-07-14,857361.4947253333,85411.82143126595
2026-07-15,871157.1921526933,85652.82769651657
2026-07-16,864805.0291899297,86616.19905076952
2026-07-17,860304.9053195873,85274.4325870434
2026-07-20,861661.6928853388,86118.52384847356
2026-07-21,866486.5421696624,86271.71741685484
2026-07-22,867565.2196101694,86996.49089618016
2026-07-23,849674.3821028612,86118.85399617176
2026-07-24,852551.2427180975,85771.3149379461
2026-07-27,851238.1723410977,86558.45443033108
2026-07-28,850813.9897919513,85007.36938484672
2026-07-29,842951.1370914903,84912.43984112416
2026-07-30,868263.2381907152,476016.83438212145
2026-07-31,873255.9852110407,86292.14478745675
2026-08-03,888155.302750529,87974.82339567068
2026-08-04,894380.712745796,89034.21237958499
2026-08-05,905862.7149303551,90735.5637157555
2026-08-06,909831.3286697351,91018.40301055544
2026-08-07,920258.311229264,92163.78342775037
2026-08-10,920073.3713404927,91693.50201676221
2026-08-11,913769.5456362065,92805.90482810108
2026-08-12,913340.1313712532,92211.70899271312
2026-08-13,912035.4752870867,91597.8902956316
2026-08-14,912028.5139318455,91388.02938899891
2026-08-17,909116.7468732914,91644.7994703373
2026-08-18,902949.0135094726,90550.0571648681
2026-08-19,918260.0900357394,91349.38102084676
2026-08-20,912306.3297726222,91313.14987149912
2026-08-21,914632.3800373292,92587.96881296397
2026-08-24,915997.8155864336,91839.48279224416
2026-08-25,920448.8875524842,91691.02977965708
2026-08-26,916793.6970575512,91979.03098089102
2026-08-27,930706.4551976676,92378.30935416177
2026-08-28,924859.1049726303,141808.12000253756
2026-08-31,920382.1465098548,92305.24877425915
2026-09-01,910299.265879467,90664.21387751393
2026-09-02,917368.9354349934,91902.12084453925
2026-09-03,932099.2585127864,92833.45846395829
2026-09-04,924351.2668821046,92781.9114896485
2026-09-08,912933.9238081975,92122.07633505296
2026-09-09,910221.6204976398,91499.40487569156
2026-09-10,907715.6228816074,90623.07777662693
2026-09-11,915339.2668714282,91063.35210702398
2026-09-14,908277.1391687382,89967.18538761023
2026-09-15,903896.9347330661,90266.67377725561
2026-09-16,900696.6311055637,90585.37927450903
2026-09-17,915469.6652939,187928.92628022804
2026-09-18,917805.760381374,91741.13683095896
2026-09-21,928995.1561570881,92423.74069077952
2026-09-22,929082.4430473194,92304.35402754403
2026-09-23,917949.7935859668,92753.65259475593
2026-09-24,914723.669058846,90579.88988404124
2026-09-25,923758.600900066,91680.73676432382
2026-09-28,911195.170980132,90888.87401357919
2026-09-29,909786.7316853139,90887.91410413705
2026-09-30,913325.9002071628,91209.43093836405
2026-10-01,914433.6846229633,91784.6305610737
2026-10-02,919371.9208731571,92584.54152440224
2026-10-05,923747.6225095097,91752.12342503702
