date,symbol,shares,close
2015-10-19,MSFT,164,41.15631103515625
2015-10-19,AAPL,272,25.016178131103516
2015-10-19,GLD,399,112.0199966430664
2015-10-19,NVDA,9961,0.6742138266563416
2015-10-19,AMZN,236,28.657499313354492
2015-10-20,MSFT,164,41.28593826293945
2015-10-20,AAPL,271,25.472930908203125
2015-10-20,GLD,399,112.7300033569336
2015-10-20,NVDA,10037,0.673244059085846
2015-10-20,AMZN,236,28.04400062561035
2015-10-21,MSFT,163,40.793312072753906
2015-10-21,AAPL,265,25.4706974029541
2015-10-21,GLD,400,111.7300033569336
2015-10-21,NVDA,9967,0.6645163297653198
2015-10-21,AMZN,239,27.78849983215332
2015-10-22,MSFT,163,41.510650634765625
2015-10-22,AAPL,263,25.86027717590332
2015-10-22,GLD,401,111.69000244140625
2015-10-22,NVDA,9996,0.6885173320770264
2015-10-22,AMZN,239,28.195499420166016
2015-10-23,MSFT,353,45.69370651245117
2015-10-23,AAPL,611,26.66183090209961
2015-10-23,GLD,245,111.5
2015-10-23,NVDA,22986,0.6931236982345581
2015-10-23,AMZN,516,29.951499938964844
2015-10-26,MSFT,351,46.886375427246094
2015-10-26,AAPL,603,25.811010360717773
2015-10-26,GLD,245,111.43000030517578
2015-10-26,NVDA,22961,0.6899722814559937
2015-10-26,AMZN,528,30.430500030517578
2015-10-27,MSFT,342,46.402400970458984
2015-10-27,AAPL,616,25.647567749023438
2015-10-27,GLD,245,111.68000030517578
2015-10-27,NVDA,23190,0.6894873380661011
2015-10-27,AMZN,524,30.550500869750977
2015-10-28,MSFT,346,46.65302276611328
2015-10-28,AAPL,613,26.704368591308594
2015-10-28,GLD,244,110.77999877929688
2015-10-28,NVDA,23101,0.6950633525848389
2015-10-28,AMZN,524,30.854999542236328
2015-10-29,MSFT,345,46.1171760559082
2015-10-29,AAPL,601,26.986480712890625
2015-10-29,GLD,248,109.72000122070312
2015-10-29,NVDA,23333,0.6710622906684875
2015-10-29,AMZN,517,31.327499389648438
2015-10-30,MSFT,346,45.49491882324219
2015-10-30,AAPL,590,26.75587272644043
2015-10-30,GLD,250,109.30000305175781
2015-10-30,NVDA,23558,0.6877902746200562
2015-10-30,AMZN,511,31.295000076293945
2015-11-02,MSFT,349,46.01347732543945
2015-11-02,AAPL,590,27.132017135620117
2015-11-02,GLD,251,108.58999633789062
2015-11-02,NVDA,23142,0.6957905888557434
2015-11-02,AMZN,510,31.417499542236328
2015-11-03,MSFT,349,46.799964904785156
2015-11-03,AAPL,590,27.4432373046875
2015-11-03,GLD,253,106.9800033569336
2015-11-03,NVDA,23064,0.6909417510032654
2015-11-03,AMZN,507,31.265499114990234
2015-11-04,MSFT,342,47.01602554321289
2015-11-04,AAPL,581,27.31561279296875
2015-11-04,GLD,256,105.97000122070312
2015-11-04,NVDA,23239,0.6795476078987122
2015-11-04,AMZN,510,32.04750061035156
2015-11-05,MSFT,341,46.998741149902344
2015-11-05,AAPL,584,27.189693450927734
2015-11-05,GLD,259,105.63999938964844
2015-11-05,NVDA,23464,0.6717895269393921
2015-11-05,AMZN,496,32.782501220703125
2015-11-06,MSFT,345,47.46543502807617
2015-11-06,AAPL,593,27.221174240112305
2015-11-06,GLD,265,104.0999984741211
2015-11-06,NVDA,21878,0.7648846507072449
2015-11-06,AMZN,494,32.96849822998047
2015-11-09,MSFT,345,46.80860900878906
2015-11-09,AAPL,597,27.110992431640625
2015-11-09,GLD,267,104.4000015258789
2015-11-09,NVDA,21459,0.761490523815155
2015-11-09,AMZN,494,32.77450180053711
2015-11-10,MSFT,345,46.2468147277832
2015-11-10,AAPL,611,26.25653648376465
2015-11-10,GLD,265,104.18000030517578
2015-11-10,NVDA,21404,0.7469444870948792
2015-11-10,AMZN,494,32.98400115966797
2015-11-11,MSFT,346,46.367828369140625
2015-11-11,AAPL,614,26.10813331604004
2015-11-11,GLD,265,103.83000183105469
2015-11-11,NVDA,21526,0.7396716475486755
2015-11-11,AMZN,486,33.662498474121094
2015-11-12,MSFT,347,46.08261489868164
2015-11-12,AAPL,614,26.02044105529785
2015-11-12,GLD,266,103.8499984741211
2015-11-12,NVDA,21735,0.7370047569274902
2015-11-12,AMZN,477,33.279998779296875
2015-11-13,GLD,440,103.55999755859375
2015-11-16,GLD,440,103.70999908447266
2015-11-17,GLD,265,102.33999633789062
2015-11-17,MSFT,344,46.08869934082031
2015-11-17,AAPL,617,25.563980102539062
2015-11-17,NVDA,21583,0.7370047569274902
2015-11-17,AMZN,490,32.165000915527344
2015-11-18,GLD,265,102.43000030517578
2015-11-18,MSFT,344,46.854373931884766
2015-11-18,AAPL,611,26.373462677001953
2015-11-18,NVDA,21467,0.7551345229148865
2015-11-18,AMZN,491,33.176998138427734
2015-11-19,GLD,268,103.55999755859375
2015-11-19,MSFT,344,46.932674407958984
2015-11-19,AAPL,610,26.70849609375
2015-11-19,NVDA,21289,0.7573249340057373
2015-11-19,AMZN,486,33.063499450683594
2015-11-20,GLD,268,103.08999633789062
2015-11-20,MSFT,344,47.150211334228516
2015-11-20,AAPL,606,26.82543182373047
2015-11-20,NVDA,21271,0.7638956308364868
2015-11-20,AMZN,486,33.42250061035156
2015-11-23,GLD,271,102.26000213623047
2015-11-23,MSFT,344,47.150211334228516
2015-11-23,AAPL,605,26.476898193359375
2015-11-23,NVDA,21060,0.7524579167366028
2015-11-23,AMZN,484,33.949501037597656
2015-11-24,GLD,269,102.94000244140625
2015-11-24,MSFT,344,47.20240783691406
2015-11-24,AAPL,611,26.73098373413086
2015-11-24,NVDA,21451,0.7585417628288269
2015-11-24,AMZN,479,33.557498931884766
2015-11-25,GLD,270,102.45999908447266
2015-11-25,MSFT,344,46.715171813964844
2015-11-25,AAPL,604,26.53986167907715
2015-11-25,NVDA,21373,0.7575681209564209
2015-11-25,AMZN,479,33.766998291015625
2015-11-27,GLD,273,101.25
2015-11-27,MSFT,344,46.92399597167969
2015-11-27,AAPL,605,26.490388870239258
2015-11-27,NVDA,21229,0.7638956308364868
2015-11-27,AMZN,474,33.66299819946289
2015-11-30,GLD,273,101.91999816894531
2015-11-30,MSFT,341,47.2894172668457
2015-11-30,AAPL,609,26.600566864013672
2015-11-30,NVDA,21140,0.77192622423172
2015-11-30,AMZN,478,33.2400016784668
2015-12-01,GLD,273,102.27999877929688
2015-12-01,MSFT,343,48.04640579223633
2015-12-01,AAPL,609,26.384706497192383
2015-12-01,NVDA,20862,0.7969921827316284
2015-12-01,AMZN,482,33.952999114990234
2015-12-02,GLD,275,100.69000244140625
2015-12-02,MSFT,339,48.03769302368164
2015-12-02,AAPL,618,26.146358489990234
2015-12-02,NVDA,20431,0.7909080386161804
2015-12-02,AMZN,479,33.800498962402344
2015-12-03,GLD,275,101.76000213623047
2015-12-03,MSFT,338,47.15890884399414
2015-12-03,AAPL,621,25.90350914001465
2015-12-03,NVDA,20425,0.7892047166824341
2015-12-03,AMZN,479,33.3125
2015-12-04,GLD,270,104.0199966430664
2015-12-04,MSFT,343,48.646766662597656
2015-12-04,AAPL,624,26.76471710205078
2015-12-04,NVDA,20502,0.8213275671005249
2015-12-04,AMZN,485,33.63199996948242
2015-12-07,GLD,273,102.66999816894531
2015-12-07,MSFT,340,48.55976104736328
2015-12-07,AAPL,617,26.59607696533203
2015-12-07,NVDA,20097,0.8057527542114258
2015-12-07,AMZN,489,33.49150085449219
2015-12-08,GLD,272,102.83999633789062
2015-12-08,MSFT,339,48.5423583984375
2015-12-08,AAPL,617,26.5848331451416
2015-12-08,NVDA,20508,0.8167038559913635
2015-12-08,AMZN,492,33.86650085449219
2015-12-09,GLD,272,102.63999938964844
2015-12-09,MSFT,341,47.837581634521484
2015-12-09,AAPL,622,25.997957229614258
2015-12-09,NVDA,20165,0.7960183024406433
2015-12-09,AMZN,486,33.239498138427734
2015-12-10,GLD,272,102.55000305175781
2015-12-10,MSFT,338,48.08991622924805
2015-12-10,AAPL,623,26.121627807617188
2015-12-10,NVDA,20383,0.802589476108551
2015-12-10,AMZN,489,33.11600112915039
2015-12-11,GLD,272,103.11000061035156
2015-12-11,MSFT,338,47.037105560302734
2015-12-11,AAPL,623,25.44930076599121
2015-12-11,NVDA,20302,0.790664553642273
2015-12-11,AMZN,495,32.00749969482422
2015-12-14,GLD,134,101.79000091552734
2015-12-14,MSFT,411,47.97679901123047
2015-12-14,AAPL,771,25.29190444946289
2015-12-14,NVDA,24593,0.7926114797592163
2015-12-14,AMZN,606,32.89550018310547
2015-12-15,GLD,455,101.5199966430664
2015-12-16,GLD,453,102.75
2015-12-16,MSFT,144,48.83818435668945
2015-12-16,AAPL,279,25.035566329956055
2015-12-16,NVDA,8669,0.8072127103805542
2015-12-16,AMZN,210,33.78850173950195
2015-12-17,GLD,276,100.5
2015-12-17,MSFT,330,48.46405029296875
2015-12-17,AAPL,643,24.504898071289062
2015-12-17,NVDA,20034,0.7950450778007507
2015-12-17,AMZN,476,33.532501220703125
2015-12-18,GLD,451,102.04000091552734
2015-12-18,MSFT,142,47.0980110168457
2015-12-18,AAPL,281,23.84157943725586
2015-12-18,NVDA,8689,0.7821473479270935
2015-12-18,AMZN,206,33.207000732421875
2015-12-21,GLD,447,103.1500015258789
2015-12-21,MSFT,144,47.70705795288086
2015-12-21,AAPL,285,24.133886337280273
2015-12-21,NVDA,8713,0.8006423711776733
2015-12-21,AMZN,206,33.22549819946289
2015-12-22,GLD,447,102.61000061035156
2015-12-22,MSFT,144,48.15951156616211
2015-12-22,AAPL,285,24.11140251159668
2015-12-22,NVDA,8594,0.8013723492622375
2015-12-22,AMZN,206,33.157501220703125
2015-12-23,GLD,448,102.30999755859375
2015-12-23,MSFT,143,48.568450927734375
2015-12-23,AAPL,285,24.421707153320312
2015-12-23,NVDA,8579,0.8045359253883362
2015-12-23,AMZN,206,33.185001373291016
2015-12-24,GLD,269,103.05000305175781
2015-12-24,MSFT,331,48.43794250488281
2015-12-24,AAPL,657,24.29129409790039
2015-12-24,NVDA,20083,0.8072127103805542
2015-12-24,AMZN,485,33.13949966430664
2015-12-28,GLD,269,102.2699966430664
2015-12-28,MSFT,332,48.68156433105469
2015-12-28,AAPL,662,24.019210815429688
2015-12-28,NVDA,20065,0.8064828515052795
2015-12-28,AMZN,482,33.7599983215332
2015-12-29,GLD,269,102.19999694824219
2015-12-29,MSFT,330,49.203617095947266
2015-12-29,AAPL,670,24.450939178466797
2015-12-29,NVDA,19987,0.8196240663528442
2015-12-29,AMZN,476,34.69850158691406
2015-12-30,GLD,274,101.41999816894531
2015-12-30,MSFT,330,48.99479675292969
2015-12-30,AAPL,665,24.13164520263672
2015-12-30,NVDA,19807,0.8125666975975037
2015-12-30,AMZN,469,34.45349884033203
2015-12-31,GLD,273,101.45999908447266
2015-12-31,MSFT,330,48.27262496948242
2015-12-31,AAPL,669,23.668439865112305
2015-12-31,NVDA,19865,0.8021023869514465
2015-12-31,AMZN,469,33.794498443603516
2016-01-04,GLD,438,102.88999938964844
2016-01-04,MSFT,144,47.68095016479492
2016-01-04,AAPL,294,23.68867301940918
2016-01-04,NVDA,8627,0.7877444624900818
2016-01-04,AMZN,207,31.84950065612793
2016-01-05,GLD,439,103.18000030517578
2016-01-05,MSFT,143,47.89848327636719
2016-01-05,AAPL,286,23.095050811767578
2016-01-05,NVDA,8468,0.8003990054130554
2016-01-05,AMZN,210,31.68950080871582
2016-01-06,GLD,433,104.66999816894531
2016-01-06,MSFT,143,47.02839279174805
2016-01-06,AAPL,299,22.643089294433594
2016-01-06,NVDA,8610,0.7673026919364929
2016-01-06,AMZN,217,31.63249969482422
2016-01-07,GLD,427,106.1500015258789
2016-01-07,MSFT,147,45.39262390136719
2016-01-07,AAPL,204,21.68745231628418
2016-01-07,NVDA,9057,0.7368829250335693
2016-01-07,AMZN,217,30.39699935913086
2016-01-08,GLD,129,105.68000030517578
2016-01-08,MSFT,420,45.53184509277344
2016-01-08,AAPL,864,21.8021297454834
2016-01-08,NVDA,17106,0.7210647463798523
2016-01-08,AMZN,412,30.352500915527344
2016-01-11,GLD,128,104.73999786376953
2016-01-11,MSFT,418,45.505733489990234
2016-01-11,AAPL,857,22.1551513671875
2016-01-11,NVDA,26403,0.7222816944122314
2016-01-11,AMZN,622,30.886999130249023
2016-01-12,GLD,434,104.20999908447266
2016-01-13,GLD,434,104.72000122070312
2016-01-13,MSFT,144,44.931480407714844
2016-01-13,AAPL,300,21.898813247680664
2016-01-13,NVDA,9150,0.7120605707168579
2016-01-13,AMZN,218,29.090499877929688
2016-01-14,GLD,430,103.0199966430664
2016-01-15,GLD,427,104.08000183105469
2016-01-15,MSFT,150,44.36591339111328
2016-01-15,AAPL,310,21.840347290039062
2016-01-15,NVDA,10023,0.6597391963005066
2016-01-15,AMZN,234,28.509000778198242
2016-01-19,GLD,429,103.9800033569336
2016-01-20,GLD,427,105.37000274658203
2016-01-21,GLD,427,105.48999786376953
2016-01-22,GLD,427,105.0
2016-01-25,GLD,426,106.08000183105469
2016-01-25,MSFT,149,45.061988830566406
2016-01-25,AAPL,295,22.35976791381836
2016-01-25,NVDA,9749,0.6916185021400452
2016-01-25,AMZN,225,29.826499938964844
2016-01-26,GLD,424,107.29000091552734
2016-01-26,MSFT,149,45.39262390136719
2016-01-26,AAPL,300,22.48344612121582
2016-01-26,NVDA,9748,0.6984326839447021
2016-01-26,AMZN,224,30.0625
2016-01-27,GLD,253,107.69000244140625
2016-01-27,MSFT,348,44.566036224365234
2016-01-27,AAPL,730,21.006126403808594
2016-01-27,NVDA,22606,0.690158486366272
2016-01-27,AMZN,523,29.167499542236328
2016-01-28,GLD,420,106.54000091552734
2016-01-28,MSFT,150,45.29692077636719
2016-01-28,AAPL,320,21.156780242919922
2016-01-28,NVDA,9670,0.6826143860816956
2016-01-28,AMZN,222,31.767499923706055
2016-01-29,GLD,253,106.94999694824219
2016-01-29,MSFT,329,47.93328857421875
2016-01-29,AAPL,735,21.887569427490234
2016-01-29,NVDA,22783,0.7127906084060669
2016-01-29,AMZN,548,29.350000381469727
2016-02-01,GLD,253,108.05000305175781
2016-02-01,MSFT,332,47.60264587402344
2016-02-01,AAPL,732,21.68294906616211
2016-02-01,NVDA,22291,0.7130339741706848
2016-02-01,AMZN,549,28.74049949645996
2016-02-02,GLD,417,108.08999633789062
2016-02-02,MSFT,144,46.11479949951172
2016-02-02,AAPL,315,21.244482040405273
2016-02-02,NVDA,9577,0.6828578114509583
2016-02-02,AMZN,159,27.604999542236328
2016-02-03,GLD,250,109.25
2016-02-03,MSFT,338,45.38391876220703
2016-02-03,AAPL,734,21.664955139160156
2016-02-03,NVDA,22793,0.6862649917602539
2016-02-03,AMZN,566,26.553499221801758
2016-02-04,GLD,243,110.56999969482422
2016-02-04,MSFT,344,45.24470520019531
2016-02-04,AAPL,722,21.839038848876953
2016-02-04,NVDA,22739,0.6865085363388062
2016-02-04,AMZN,199,26.812999725341797
2016-02-05,GLD,243,112.31999969482422
2016-02-05,MSFT,345,43.643733978271484
2016-02-05,AAPL,715,21.255762100219727
2016-02-05,NVDA,22873,0.6431908011436462
2016-02-05,AMZN,589,25.10650062561035
2016-02-08,GLD,229,113.83000183105469
2016-02-08,MSFT,351,42.991172790527344
2016-02-08,AAPL,720,21.479576110839844
2016-02-08,NVDA,15969,0.6137447953224182
2016-02-09,GLD,377,113.58000183105469
2016-02-09,MSFT,102,42.87807083129883
2016-02-09,AAPL,305,21.47505760192871
2016-02-09,NVDA,10693,0.6203153133392334
2016-02-09,AMZN,271,24.103500366210938
2016-02-10,GLD,115,114.45999908447266
2016-02-10,MSFT,424,43.252201080322266
2016-02-10,AAPL,850,21.31227684020996
2016-02-10,NVDA,29535,0.6188551783561707
2016-02-10,AMZN,749,24.52400016784668
2016-02-11,GLD,109,119.05999755859375
2016-02-11,MSFT,430,43.234806060791016
2016-02-11,AAPL,859,21.183408737182617
2016-02-11,NVDA,30230,0.6156915426254272
2016-02-11,AMZN,743,25.19099998474121
2016-02-12,GLD,370,118.36000061035156
2016-02-12,MSFT,151,43.93958282470703
2016-02-12,AAPL,309,21.24898338317871
2016-02-12,NVDA,10505,0.6261557936668396
2016-02-12,AMZN,258,25.354000091552734
2016-02-16,GLD,375,114.7699966430664
2016-02-16,MSFT,147,44.7720947265625
2016-02-16,AAPL,305,21.84808349609375
2016-02-16,NVDA,10292,0.6568187475204468
2016-02-16,AMZN,252,26.05500030517578
2016-02-17,GLD,378,115.4800033569336
2016-02-17,MSFT,146,45.93762969970703
2016-02-17,AAPL,301,22.182680130004883
2016-02-17,NVDA,9870,0.6731234192848206
2016-02-17,AMZN,249,26.704999923706055
2016-02-18,GLD,230,118.29000091552734
2016-02-18,MSFT,337,45.736061096191406
2016-02-18,AAPL,692,21.762174606323242
2016-02-18,NVDA,21237,0.7310423851013184
2016-02-18,AMZN,571,26.25
2016-02-19,GLD,225,117.58000183105469
2016-02-19,MSFT,337,45.411834716796875
2016-02-19,AAPL,707,21.712432861328125
2016-02-19,NVDA,21105,0.7407764792442322
2016-02-19,AMZN,589,26.7450008392334
2016-02-22,GLD,229,115.48999786376953
2016-02-22,MSFT,337,46.139183044433594
2016-02-22,AAPL,711,21.9023380279541
2016-02-22,NVDA,20605,0.7670591473579407
2016-02-22,AMZN,572,27.975000381469727
2016-02-23,GLD,382,117.22000122070312
2016-02-23,MSFT,146,44.850955963134766
2016-02-23,AAPL,308,21.4072265625
2016-02-23,NVDA,8799,0.7690061926841736
2016-02-23,AMZN,242,27.64699935913086
2016-02-24,GLD,226,117.61000061035156
2016-02-24,MSFT,352,45.00870132446289
2016-02-24,AAPL,738,21.726001739501953
2016-02-24,NVDA,20474,0.7743598818778992
2016-02-24,AMZN,574,27.70199966430664
2016-02-25,GLD,230,117.91999816894531
2016-02-25,MSFT,349,45.657196044921875
2016-02-25,AAPL,728,21.875213623046875
2016-02-25,NVDA,20336,0.7760631442070007
2016-02-25,AMZN,570,27.75749969482422
2016-02-26,GLD,386,117.11000061035156
2016-02-26,MSFT,148,44.95611572265625
2016-02-26,AAPL,311,21.90912628173828
2016-02-26,NVDA,8739,0.7709529399871826
2016-02-26,AMZN,244,27.761499404907227
2016-02-29,GLD,386,118.63999938964844
2016-02-29,MSFT,150,44.58806228637695
2016-02-29,AAPL,311,21.85938262939453
2016-02-29,NVDA,8796,0.7659457325935364
2016-02-29,AMZN,245,27.625999450683594
2016-03-01,GLD,230,117.7699966430664
2016-03-01,MSFT,356,46.07783889770508
2016-03-01,AAPL,720,22.72752571105957
2016-03-01,NVDA,20725,0.799895703792572
2016-03-01,AMZN,572,28.95199966430664
2016-03-02,GLD,392,118.68000030517578
2016-03-02,MSFT,152,46.4020881652832
2016-03-02,AAPL,307,22.777257919311523
2016-03-02,NVDA,8749,0.8045361638069153
2016-03-02,AMZN,240,29.010499954223633
2016-03-03,GLD,392,120.7300033569336
2016-03-03,MSFT,151,45.87627410888672
2016-03-03,AAPL,307,22.946823120117188
2016-03-03,NVDA,8681,0.7974532842636108
2016-03-03,AMZN,241,28.874500274658203
2016-03-04,GLD,388,120.54000091552734
2016-03-04,MSFT,153,45.595855712890625
2016-03-04,AAPL,305,23.28819465637207
2016-03-04,NVDA,8762,0.7950108647346497
2016-03-04,AMZN,242,28.756999969482422
2016-03-07,GLD,387,121.13999938964844
2016-03-07,MSFT,155,44.719512939453125
2016-03-07,AAPL,304,23.030467987060547
2016-03-07,NVDA,8879,0.7898817658424377
2016-03-07,AMZN,244,28.139999389648438
2016-03-08,GLD,384,120.58000183105469
2016-03-08,MSFT,157,45.262847900390625
2016-03-08,AAPL,307,22.84056282043457
2016-03-08,NVDA,8957,0.7754713296890259
2016-03-08,AMZN,251,28.01300048828125
2016-03-09,GLD,388,119.58000183105469
2016-03-09,MSFT,153,46.305686950683594
2016-03-09,AAPL,304,22.86090850830078
2016-03-09,NVDA,8885,0.7749829888343811
2016-03-09,AMZN,249,27.973499298095703
2016-03-10,GLD,388,121.5
2016-03-10,MSFT,151,45.613399505615234
2016-03-10,AAPL,305,22.87221336364746
2016-03-10,NVDA,8976,0.7737615704536438
2016-03-10,AMZN,247,27.946500778198242
2016-03-11,GLD,387,119.41000366210938
2016-03-11,MSFT,151,46.50724792480469
2016-03-11,AAPL,304,23.118637084960938
2016-03-11,NVDA,8946,0.7869507670402527
2016-03-11,AMZN,247,28.480499267578125
2016-03-14,GLD,233,117.87000274658203
2016-03-14,MSFT,353,46.59486389160156
2016-03-14,AAPL,708,23.177413940429688
2016-03-14,NVDA,20836,0.7889045476913452
2016-03-14,AMZN,575,28.668500900268555
2016-03-15,GLD,237,117.95999908447266
2016-03-15,MSFT,353,46.96293640136719
2016-03-15,AAPL,694,23.643129348754883
2016-03-15,NVDA,20765,0.7849968671798706
2016-03-15,AMZN,571,28.85099983215332
2016-03-16,GLD,238,120.58999633789062
2016-03-16,MSFT,349,47.62895965576172
2016-03-16,AAPL,691,23.957382202148438
2016-03-16,NVDA,20969,0.808444082736969
2016-03-16,AMZN,567,28.713499069213867
2016-03-17,GLD,235,120.12999725341797
2016-03-17,MSFT,349,47.900611877441406
2016-03-17,AAPL,695,23.9189510345459
2016-03-17,NVDA,20598,0.8016052842140198
2016-03-17,AMZN,582,27.972000122070312
2016-03-18,GLD,237,119.80000305175781
2016-03-18,MSFT,345,46.87531661987305
2016-03-18,AAPL,690,23.946073532104492
2016-03-18,NVDA,20424,0.8257853984832764
2016-03-18,AMZN,590,27.604000091552734
2016-03-21,GLD,237,118.95999908447266
2016-03-21,MSFT,351,47.199554443359375
2016-03-21,AAPL,686,23.943815231323242
2016-03-21,NVDA,20065,0.8282278776168823
2016-03-21,AMZN,598,27.698999404907227
2016-03-22,GLD,236,119.30999755859375
2016-03-22,MSFT,351,47.38358688354492
2016-03-22,AAPL,691,24.126934051513672
2016-03-22,NVDA,19931,0.826762318611145
2016-03-22,AMZN,603,28.02400016784668
2016-03-23,GLD,242,116.61000061035156
2016-03-23,MSFT,348,47.29595184326172
2016-03-23,AAPL,685,23.99355125427246
2016-03-23,NVDA,19854,0.8409285545349121
2016-03-23,AMZN,588,28.48150062561035
2016-03-24,GLD,242,116.33000183105469
2016-03-24,MSFT,349,47.50626754760742
2016-03-24,AAPL,691,23.889556884765625
2016-03-24,NVDA,19784,0.8421497344970703
2016-03-24,AMZN,582,29.147499084472656
2016-03-28,GLD,244,116.5999984741211
2016-03-28,MSFT,349,46.91911315917969
2016-03-28,AAPL,693,23.781038284301758
2016-03-28,NVDA,19768,0.8506981730461121
2016-03-28,AMZN,569,28.993499755859375
2016-03-29,GLD,243,118.76000213623047
2016-03-29,MSFT,352,47.94443893432617
2016-03-29,AAPL,699,24.34397315979004
2016-03-29,NVDA,19584,0.8643755912780762
2016-03-29,AMZN,571,29.69300079345703
2016-03-30,GLD,245,117.0999984741211
2016-03-30,MSFT,352,48.24238967895508
2016-03-30,AAPL,689,24.768999099731445
2016-03-30,NVDA,19481,0.8734127283096313
2016-03-30,AMZN,567,29.934499740600586
2016-03-31,GLD,246,117.63999938964844
2016-03-31,MSFT,352,48.4001350402832
2016-03-31,AAPL,685,24.64013671875
2016-03-31,NVDA,19354,0.8702375888824463
2016-03-31,AMZN,567,29.68199920654297
2016-04-01,GLD,248,116.93000030517578
2016-04-01,MSFT,349,48.69809341430664
2016-04-01,AAPL,684,24.866209030151367
2016-04-01,NVDA,19428,0.8829382658004761
2016-04-01,AMZN,569,29.924999237060547
2016-04-04,GLD,249,116.1500015258789
2016-04-04,MSFT,349,48.57539749145508
2016-04-04,AAPL,681,25.121681213378906
2016-04-04,NVDA,19095,0.8743897080421448
2016-04-04,AMZN,568,29.659500122070312
2016-04-05,GLD,247,117.66000366210938
2016-04-05,MSFT,349,47.812984466552734
2016-04-05,AAPL,682,24.825515747070312
2016-04-05,NVDA,19501,0.8731687068939209
2016-04-05,AMZN,572,29.30699920654297
2016-04-06,GLD,247,116.94000244140625
2016-04-06,MSFT,352,48.30373764038086
2016-04-06,AAPL,675,25.08550453186035
2016-04-06,NVDA,19494,0.8743897080421448
2016-04-06,AMZN,572,30.104000091552734
2016-04-07,GLD,246,118.61000061035156
2016-04-07,MSFT,352,47.725341796875
2016-04-07,AAPL,682,24.538400650024414
2016-04-07,NVDA,19534,0.8653527498245239
2016-04-07,AMZN,567,29.571500778198242
2016-04-08,GLD,246,118.43000030517578
2016-04-08,MSFT,352,47.6902961730957
2016-04-08,AAPL,686,24.56552505493164
2016-04-08,NVDA,19377,0.8709702491760254
2016-04-08,AMZN,568,29.729999542236328
2016-04-11,GLD,244,120.02999877929688
2016-04-11,MSFT,355,47.593902587890625
2016-04-11,AAPL,688,24.64691734313965
2016-04-11,NVDA,19371,0.8763437271118164
2016-04-11,AMZN,569,29.796499252319336
2016-04-12,GLD,243,120.05000305175781
2016-04-12,MSFT,357,47.8918571472168
2016-04-12,AAPL,688,24.96794891357422
2016-04-12,NVDA,19359,0.875366747379303
2016-04-12,AMZN,569,30.15850067138672
2016-04-13,GLD,245,118.7699966430664
2016-04-13,MSFT,355,48.50529479980469
2016-04-13,AAPL,683,25.329669952392578
2016-04-13,NVDA,19450,0.8973486423492432
2016-04-13,AMZN,563,30.740999221801758
2016-04-14,GLD,249,117.11000061035156
2016-04-14,MSFT,355,48.5140495300293
2016-04-14,AAPL,680,25.343231201171875
2016-04-14,NVDA,19173,0.8997911810874939
2016-04-14,AMZN,558,31.037500381469727
2016-04-15,GLD,251,117.91999816894531
2016-04-15,MSFT,355,48.76820373535156
2016-04-15,AAPL,679,24.834562301635742
2016-04-15,NVDA,19107,0.9068740606307983
2016-04-15,AMZN,553,31.29450035095215
2016-04-18,GLD,249,117.73999786376953
2016-04-18,MSFT,354,49.47803497314453
2016-04-18,AAPL,698,24.29876136779785
2016-04-18,NVDA,19000,0.9029662013053894
2016-04-18,AMZN,551,31.767499923706055
2016-04-19,GLD,248,119.58000183105469
2016-04-19,MSFT,350,49.41668701171875
2016-04-19,AAPL,710,24.169897079467773
2016-04-19,NVDA,19125,0.8868462443351746
2016-04-19,AMZN,545,31.395000457763672
2016-04-20,GLD,247,118.97000122070312
2016-04-20,MSFT,349,48.71562194824219
2016-04-20,AAPL,712,24.219633102416992
2016-04-20,NVDA,19409,0.8902655839920044
2016-04-20,AMZN,545,31.649499893188477
2016-04-21,GLD,246,119.41999816894531
2016-04-21,MSFT,352,48.88211441040039
2016-04-21,AAPL,712,23.957382202148438
2016-04-21,NVDA,19334,0.8892885446548462
2016-04-21,AMZN,545,31.549999237060547
2016-04-22,GLD,244,117.88999938964844
2016-04-22,MSFT,371,45.37676239013672
2016-04-22,AAPL,712,23.89181900024414
2016-04-22,NVDA,18930,0.8858690857887268
2016-04-22,AMZN,541,31.024999618530273
2016-04-25,GLD,244,118.2300033569336
2016-04-25,MSFT,124,45.665950775146484
2016-04-25,AAPL,709,23.75617790222168
2016-04-25,NVDA,18968,0.8902655839920044
2016-04-25,AMZN,545,31.309999465942383
2016-04-26,GLD,244,118.69999694824219
2016-04-26,MSFT,368,45.07881546020508
2016-04-26,AAPL,718,23.59113883972168
2016-04-26,NVDA,18850,0.890998125076294
2016-04-26,AMZN,540,30.8439998626709
2016-04-27,GLD,239,119.04000091552734
2016-04-27,MSFT,368,44.640647888183594
2016-04-27,AAPL,763,22.11486053466797
2016-04-27,NVDA,18638,0.9112703204154968
2016-04-27,AMZN,541,30.328500747680664
2016-04-28,GLD,239,121.29000091552734
2016-04-28,MSFT,375,43.7292594909668
2016-04-28,AAPL,504,21.438879013061523
2016-04-28,NVDA,18402,0.8841594457626343
2016-04-28,AMZN,541,30.100000381469727
2016-04-29,GLD,235,123.6500015258789
2016-04-29,MSFT,387,43.70295715332031
2016-04-29,AAPL,789,21.192459106445312
2016-04-29,NVDA,19047,0.8677949905395508
2016-04-29,AMZN,504,32.97949981689453
2016-05-02,GLD,234,123.23999786376953
2016-05-02,MSFT,385,44.35145568847656
2016-05-02,AAPL,792,21.16985511779785
2016-05-02,NVDA,19212,0.8792746067047119
2016-05-02,AMZN,507,34.192501068115234
2016-05-03,GLD,234,122.95999908447266
2016-05-03,MSFT,383,43.624088287353516
2016-05-03,AAPL,792,21.518009185791016
2016-05-03,NVDA,19427,0.8687722086906433
2016-05-03,AMZN,499,33.566001892089844
2016-05-04,GLD,234,122.20999908447266
2016-05-04,MSFT,383,43.70295715332031
2016-05-04,AAPL,779,21.29419708251953
2016-05-04,NVDA,19532,0.8489885330200195
2016-05-04,AMZN,506,33.54499816894531
2016-05-05,GLD,234,122.06999969482422
2016-05-05,MSFT,383,43.76429748535156
2016-05-05,AAPL,784,21.207761764526367
2016-05-05,NVDA,19596,0.8541174530982971
2016-05-05,AMZN,499,32.954498291015625
2016-05-06,GLD,233,123.18000030517578
2016-05-06,MSFT,382,44.158660888671875
2016-05-06,AAPL,785,21.089488983154297
2016-05-06,NVDA,19574,0.8629103899002075
2016-05-06,AMZN,508,33.6974983215332
2016-05-09,GLD,237,120.6500015258789
2016-05-09,MSFT,379,43.87822723388672
2016-05-09,AAPL,792,21.105411529541016
2016-05-09,NVDA,19372,0.8616893291473389
2016-05-09,AMZN,498,33.98749923706055
2016-05-10,GLD,238,120.9800033569336
2016-05-10,MSFT,381,44.71075439453125
2016-05-10,AAPL,792,21.24870491027832
2016-05-10,NVDA,19405,0.878297746181488
2016-05-10,AMZN,485,35.153499603271484
2016-05-11,GLD,239,122.12000274658203
2016-05-11,MSFT,380,44.737037658691406
2016-05-11,AAPL,799,21.041723251342773
2016-05-11,NVDA,19298,0.8807400465011597
2016-05-11,AMZN,482,35.6614990234375
2016-05-12,GLD,239,121.16000366210938
2016-05-12,MSFT,380,45.14015579223633
2016-05-12,AAPL,808,20.548145294189453
2016-05-12,NVDA,19222,0.8687722086906433
2016-05-12,AMZN,476,35.89649963378906
2016-05-13,GLD,242,121.70999908447266
2016-05-13,MSFT,380,44.763328552246094
2016-05-13,AAPL,280,20.589092254638672
2016-05-13,NVDA,17919,1.0009076595306396
2016-05-13,AMZN,479,35.49599838256836
2016-05-16,GLD,242,121.80000305175781
2016-05-16,MSFT,388,45.42060089111328
2016-05-16,AAPL,822,21.35332679748535
2016-05-16,NVDA,17411,1.0304611921310425
2016-05-16,AMZN,487,35.53300094604492
2016-05-17,GLD,246,122.22000122070312
2016-05-17,MSFT,383,44.573421478271484
2016-05-17,AAPL,812,21.26462745666504
2016-05-17,NVDA,17023,1.0326588153839111
2016-05-17,AMZN,491,34.76350021362305
2016-05-18,GLD,245,120.0999984741211
2016-05-18,MSFT,388,44.838165283203125
2016-05-18,AAPL,808,21.50800132751465
2016-05-18,NVDA,16857,1.0590370893478394
2016-05-18,AMZN,501,34.872501373291016
2016-05-19,GLD,249,119.87000274658203
2016-05-19,MSFT,388,44.40574645996094
2016-05-19,AAPL,804,21.426118850708008
2016-05-19,NVDA,16405,1.0636779069900513
2016-05-19,AMZN,501,34.92599868774414
2016-05-20,GLD,249,119.70999908447266
2016-05-20,MSFT,391,44.67049789428711
2016-05-20,AAPL,809,21.658119201660156
2016-05-20,NVDA,16283,1.0827287435531616
2016-05-20,AMZN,498,35.13999938964844
2016-05-23,GLD,252,119.37000274658203
2016-05-23,MSFT,391,44.149837493896484
2016-05-23,AAPL,802,21.933340072631836
2016-05-23,NVDA,16070,1.0844383239746094
2016-05-23,AMZN,497,34.837501525878906
2016-05-24,GLD,253,117.30000305175781
2016-05-24,MSFT,391,45.526485443115234
2016-05-24,AAPL,790,22.26769256591797
2016-05-24,NVDA,16057,1.1107630729675293
2016-05-24,AMZN,500,35.209999084472656
2016-05-25,GLD,259,116.9800033569336
2016-05-25,MSFT,385,45.99418258666992
2016-05-25,AAPL,785,22.658918380737305
2016-05-25,NVDA,15811,1.1061100959777832
2016-05-25,AMZN,498,35.41749954223633
2016-05-26,GLD,258,116.58000183105469
2016-05-26,MSFT,385,45.79122543334961
2016-05-26,AAPL,780,22.838607788085938
2016-05-26,NVDA,15946,1.1178641319274902
2016-05-26,AMZN,498,35.74549865722656
2016-05-27,GLD,260,115.62000274658203
2016-05-27,MSFT,385,46.170658111572266
2016-05-27,AAPL,780,22.824951171875
2016-05-27,NVDA,15784,1.1239867210388184
2016-05-27,AMZN,495,35.61199951171875
2016-05-31,GLD,261,116.05999755859375
2016-05-31,MSFT,384,46.7707633972168
2016-05-31,AAPL,780,22.7135009765625
2016-05-31,NVDA,15660,1.144066333770752
2016-05-31,AMZN,496,36.13949966430664
2016-06-01,GLD,262,115.94000244140625
2016-06-01,MSFT,384,46.63839340209961
2016-06-01,AAPL,787,22.395063400268555
2016-06-01,NVDA,15578,1.1462701559066772
2016-06-01,AMZN,493,35.97200012207031
2016-06-01,AMAT,-3104,21.837814331054688
2016-06-02,GLD,262,115.66999816894531
2016-06-02,MSFT,380,46.311866760253906
2016-06-02,AAPL,794,22.226760864257812
2016-06-02,NVDA,15310,1.154350996017456
2016-06-02,AMZN,490,36.4119987487793
2016-06-02,AMAT,-3063,21.963226318359375
2016-06-03,GLD,258,118.87999725341797
2016-06-03,MSFT,384,45.702972412109375
2016-06-03,AAPL,799,22.272247314453125
2016-06-03,NVDA,15548,1.1381890773773193
2016-06-03,AMZN,490,36.277000427246094
2016-06-03,AMAT,-3096,21.84678077697754
2016-06-06,GLD,257,118.91999816894531
2016-06-06,MSFT,387,46.003021240234375
2016-06-06,AAPL,798,22.433731079101562
2016-06-06,NVDA,15575,1.132312297821045
2016-06-06,AMZN,490,36.33649826049805
2016-06-06,AMAT,-3096,21.64972496032715
2016-06-07,GLD,258,118.81999969482422
2016-06-07,MSFT,387,45.97653579711914
2016-06-07,AAPL,792,22.52471923828125
2016-06-07,NVDA,15680,1.1345161199569702
2016-06-07,AMZN,490,36.1870002746582
2016-06-08,GLD,255,120.58000183105469
2016-06-08,MSFT,389,45.923580169677734
2016-06-08,AAPL,794,22.504249572753906
2016-06-08,NVDA,15765,1.130842924118042
2016-06-08,AMZN,492,36.332000732421875
2016-06-09,GLD,254,121.25
2016-06-09,MSFT,389,45.552955627441406
2016-06-09,AAPL,796,22.66574478149414
2016-06-09,NVDA,15842,1.1602282524108887
2016-06-09,AMZN,493,36.38249969482422
2016-06-10,GLD,253,121.73999786376953
2016-06-10,MSFT,397,45.429405212402344
2016-06-10,AAPL,798,22.47922706604004
2016-06-10,NVDA,15600,1.131332516670227
2016-06-10,AMZN,495,35.89550018310547
2016-06-13,GLD,249,122.63999938964844
2016-06-13,MSFT,406,44.24689483642578
2016-06-13,AAPL,793,22.140317916870117
2016-06-13,NVDA,15708,1.145780324935913
2016-06-13,AMZN,498,35.762001037597656
2016-06-14,GLD,413,122.7699966430664
2016-06-14,MSFT,1,43.97334289550781
2016-06-15,GLD,413,123.68000030517578
2016-06-16,GLD,410,122.37999725341797
2016-06-17,GLD,412,123.94999694824219
2016-06-20,GLD,414,123.20999908447266
2016-06-21,GLD,250,120.83999633789062
2016-06-21,MSFT,399,45.17350387573242
2016-06-21,AAPL,819,21.8150691986084
2016-06-21,NVDA,15129,1.1575347185134888
2016-06-21,AMZN,494,35.79100036621094
2016-06-22,GLD,251,120.9000015258789
2016-06-22,MSFT,393,44.997013092041016
2016-06-22,AAPL,810,21.733177185058594
2016-06-22,NVDA,15271,1.1565550565719604
2016-06-22,AMZN,494,35.529998779296875
2016-06-23,GLD,420,120.11000061035156
2016-06-23,AAPL,1,21.858278274536133
2016-06-23,NVDA,1,1.1874094009399414
2016-06-24,GLD,246,126.0
2016-06-24,AAPL,856,21.244152069091797
2016-06-24,NVDA,15901,1.119823932647705
2016-06-24,MSFT,411,43.97334289550781
2016-06-24,AMZN,522,34.948001861572266
2016-06-27,GLD,406,126.68000030517578
2016-06-28,GLD,123,125.31999969482422
2016-06-28,MSFT,503,43.6291618347168
2016-06-28,AAPL,1028,21.287368774414062
2016-06-28,NVDA,19254,1.1239867210388184
2016-06-28,AMZN,621,35.397499084472656
2016-06-29,GLD,246,125.83999633789062
2016-06-29,MSFT,411,44.59989547729492
2016-06-29,AAPL,847,21.471607208251953
2016-06-29,NVDA,15955,1.1423518657684326
2016-06-29,AMZN,506,35.779998779296875
2016-06-30,GLD,247,126.47000122070312
2016-06-30,MSFT,407,45.155853271484375
2016-06-30,AAPL,847,21.74454689025879
2016-06-30,NVDA,15887,1.151167631149292
2016-06-30,AMZN,506,35.78099822998047
2016-07-01,GLD,246,128.41000366210938
2016-07-01,MSFT,406,45.14702606201172
2016-07-01,AAPL,843,21.810518264770508
2016-07-01,NVDA,15987,1.142596960067749
2016-07-01,AMZN,510,36.284000396728516
2016-07-05,GLD,244,129.47000122070312
2016-07-05,MSFT,408,45.155853271484375
2016-07-05,AAPL,844,21.60580062866211
2016-07-05,NVDA,16128,1.159493088722229
2016-07-05,AMZN,508,36.404998779296875
2016-07-06,GLD,242,130.22999572753906
2016-07-06,MSFT,410,45.34115219116211
2016-07-06,AAPL,855,21.72862434387207
2016-07-06,NVDA,15993,1.166839838027954
2016-07-06,AMZN,508,36.88050079345703
2016-07-07,GLD,245,129.74000549316406
2016-07-07,MSFT,410,45.34115219116211
2016-07-07,AAPL,854,21.821887969970703
2016-07-07,NVDA,15810,1.197204351425171
2016-07-07,AMZN,503,36.82849884033203
2016-07-08,GLD,246,130.52000427246094
2016-07-08,MSFT,410,46.15303421020508
2016-07-08,AAPL,853,21.99020767211914
2016-07-08,NVDA,15459,1.2452006340026855
2016-07-08,AMZN,505,37.29050064086914
2016-07-11,GLD,250,129.2899932861328
2016-07-11,MSFT,409,46.4089469909668
2016-07-11,AAPL,859,22.058433532714844
2016-07-11,NVDA,14972,1.2738512754440308
2016-07-11,AMZN,505,37.68899917602539
2016-07-12,GLD,253,127.1500015258789
2016-07-12,MSFT,407,46.95606994628906
2016-07-12,AAPL,859,22.15852165222168
2016-07-12,NVDA,14747,1.2929515838623047
2016-07-12,AMZN,502,37.410499572753906
2016-07-13,GLD,254,128.32000732421875
2016-07-13,MSFT,402,47.2208137512207
2016-07-13,AAPL,858,22.033416748046875
2016-07-13,NVDA,14662,1.2924619913101196
2016-07-13,AMZN,508,37.131500244140625
2016-07-14,GLD,257,127.33000183105469
2016-07-14,MSFT,399,47.42378616333008
2016-07-14,AAPL,856,22.47012710571289
2016-07-14,NVDA,14590,1.30568528175354
2016-07-14,AMZN,507,37.060001373291016
2016-07-15,GLD,257,126.83999633789062
2016-07-15,MSFT,399,47.388484954833984
2016-07-15,AAPL,844,22.467853546142578
2016-07-15,NVDA,14723,1.2905032634735107
2016-07-15,AMZN,508,36.77199935913086
2016-07-18,GLD,257,127.04000091552734
2016-07-18,MSFT,400,47.617919921875
2016-07-18,AAPL,845,22.706674575805664
2016-07-18,NVDA,14529,1.2971144914627075
2016-07-18,AMZN,516,36.80350112915039
2016-07-19,GLD,257,127.20999908447266
2016-07-19,MSFT,400,46.85019302368164
2016-07-19,AAPL,838,22.71578025817871
2016-07-19,NVDA,14631,1.3105825185775757
2016-07-19,AMZN,517,36.997501373291016
2016-07-20,GLD,261,125.38999938964844
2016-07-20,MSFT,387,49.338741302490234
2016-07-20,AAPL,841,22.736249923706055
2016-07-20,NVDA,14561,1.3277244567871094
2016-07-20,AMZN,515,37.2859992980957
2016-07-21,GLD,261,127.30000305175781
2016-07-21,MSFT,388,49.24167251586914
2016-07-21,AAPL,844,22.615694046020508
2016-07-21,NVDA,14475,1.3032362461090088
2016-07-21,AMZN,514,37.221500396728516
2016-07-22,GLD,260,126.3499984741211
2016-07-22,MSFT,388,49.92116928100586
2016-07-22,AAPL,848,22.440563201904297
2016-07-22,NVDA,14647,1.3387436866760254
2016-07-22,AMZN,513,37.24300003051758
2016-07-25,GLD,262,125.47000122070312
2016-07-25,MSFT,386,50.06236267089844
2016-07-25,AAPL,858,22.140317916870117
2016-07-25,NVDA,14253,1.3634757995605469
2016-07-25,AMZN,514,36.980499267578125
2016-07-26,GLD,262,126.0
2016-07-26,MSFT,386,50.088844299316406
2016-07-26,AAPL,872,21.987930297851562
2016-07-26,NVDA,13977,1.3867393732070923
2016-07-26,AMZN,517,36.77949905395508
2016-07-27,GLD,263,128.02999877929688
2016-07-27,MSFT,390,49.5858154296875
2016-07-27,AAPL,824,23.416336059570312
2016-07-27,NVDA,13958,1.3727818727493286
2016-07-27,AMZN,529,36.833499908447266
2016-07-28,GLD,261,127.66000366210938
2016-07-28,MSFT,394,49.603477478027344
2016-07-28,AAPL,833,23.732498168945312
2016-07-28,NVDA,14159,1.3757203817367554
2016-07-28,AMZN,523,37.63050079345703
2016-07-29,GLD,262,128.97999572753906
2016-07-29,MSFT,395,50.01823425292969
2016-07-29,AAPL,829,23.702922821044922
2016-07-29,NVDA,14223,1.3982487916946411
2016-07-29,AMZN,514,37.94049835205078
2016-08-01,GLD,262,129.22000122070312
2016-08-01,MSFT,395,49.92998123168945
2016-08-01,AAPL,829,24.121448516845703
2016-08-01,NVDA,14032,1.3891879320144653
2016-08-01,AMZN,518,38.387001037597656
2016-08-02,GLD,262,130.27000427246094
2016-08-02,MSFT,395,49.92998123168945
2016-08-02,AAPL,822,23.76434326171875
2016-08-02,NVDA,14201,1.372291922569275
2016-08-02,AMZN,519,38.02899932861328
2016-08-03,GLD,260,129.64999389648438
2016-08-03,MSFT,394,50.2741584777832
2016-08-03,AAPL,825,24.062307357788086
2016-08-03,NVDA,14365,1.375964641571045
2016-08-03,AMZN,520,37.731998443603516
2016-08-04,GLD,260,129.8699951171875
2016-08-04,MSFT,394,50.64479064941406
2016-08-04,AAPL,818,24.21094512939453
2016-08-04,NVDA,14285,1.4014325141906738
2016-08-04,AMZN,524,38.03850173950195
2016-08-05,GLD,265,127.55000305175781
2016-08-05,MSFT,391,51.147796630859375
2016-08-05,AAPL,818,24.579133987426758
2016-08-05,NVDA,14022,1.4251850843429565
2016-08-05,AMZN,520,38.29899978637695
2016-08-08,GLD,268,127.44000244140625
2016-08-08,MSFT,390,51.236061096191406
2016-08-08,AAPL,812,24.782665252685547
2016-08-08,NVDA,13812,1.438408613204956
2016-08-08,AMZN,520,38.327999114990234
2016-08-09,GLD,268,127.95999908447266
2016-08-09,MSFT,390,51.359588623046875
2016-08-09,AAPL,809,24.883281707763672
2016-08-09,NVDA,13844,1.4420818090438843
2016-08-09,AMZN,521,38.41550064086914
2016-08-10,GLD,267,128.55999755859375
2016-08-10,MSFT,391,51.200740814208984
2016-08-10,AAPL,809,24.69804573059082
2016-08-10,NVDA,13821,1.4327763319015503
2016-08-10,AMZN,522,38.428001403808594
2016-08-11,GLD,267,127.66999816894531
2016-08-11,MSFT,391,51.447818756103516
2016-08-11,AAPL,808,24.682043075561523
2016-08-11,NVDA,13913,1.4619170427322388
2016-08-11,AMZN,521,38.5620002746582
2016-08-12,GLD,270,127.4000015258789
2016-08-12,MSFT,393,51.130149841308594
2016-08-12,AAPL,817,24.739208221435547
2016-08-12,NVDA,13286,1.5437055826187134
2016-08-12,AMZN,524,38.62799835205078
2016-08-15,GLD,271,127.83999633789062
2016-08-15,MSFT,394,51.28898620605469
2016-08-15,AAPL,817,25.0364990234375
2016-08-15,NVDA,13084,1.5422366857528687
2016-08-15,AMZN,524,38.42449951171875
2016-08-16,GLD,271,128.47000122070312
2016-08-16,MSFT,396,51.00483322143555
2016-08-16,AAPL,809,25.013629913330078
2016-08-16,NVDA,13154,1.5329315662384033
2016-08-16,AMZN,527,38.20199966430664
2016-08-17,GLD,271,128.5
2016-08-17,MSFT,396,51.11140060424805
2016-08-17,AAPL,809,24.97704315185547
2016-08-17,NVDA,13182,1.4974236488342285
2016-08-17,AMZN,528,38.23149871826172
2016-08-18,GLD,269,129.11000061035156
2016-08-18,MSFT,396,51.14691162109375
2016-08-18,AAPL,807,24.94503402709961
2016-08-18,NVDA,13479,1.5206873416900635
2016-08-18,AMZN,528,38.222999572753906
2016-08-19,GLD,269,127.97000122070312
2016-08-19,MSFT,396,51.164676666259766
2016-08-19,AAPL,810,25.009061813354492
2016-08-19,NVDA,13259,1.524605393409729
2016-08-19,AMZN,528,37.865501403808594
2016-08-22,GLD,270,127.77999877929688
2016-08-22,MSFT,394,51.20907211303711
2016-08-22,AAPL,810,24.81468391418457
2016-08-22,NVDA,13174,1.5309722423553467
2016-08-22,AMZN,531,37.9739990234375
2016-08-23,GLD,270,127.76000213623047
2016-08-23,MSFT,394,51.404422760009766
2016-08-23,AAPL,814,24.89243507385254
2016-08-23,NVDA,13085,1.5433611869812012
2016-08-23,AMZN,531,38.122501373291016
2016-08-24,GLD,272,126.33999633789062
2016-08-24,MSFT,394,51.45769119262695
2016-08-24,AAPL,813,24.704912185668945
2016-08-24,NVDA,13030,1.5195642709732056
2016-08-24,AMZN,529,37.86249923706055
2016-08-25,GLD,272,126.2300033569336
2016-08-25,MSFT,390,51.65304946899414
2016-08-25,AAPL,815,24.599720001220703
2016-08-25,NVDA,13171,1.5095058679580688
2016-08-25,AMZN,529,37.96099853515625
2016-08-26,GLD,272,126.05000305175781
2016-08-26,MSFT,389,51.52873992919922
2016-08-26,AAPL,817,24.455652236938477
2016-08-26,NVDA,13270,1.5217721462249756
2016-08-26,AMZN,529,38.45000076293945
2016-08-29,GLD,273,126.30000305175781
2016-08-29,MSFT,389,51.59090042114258
2016-08-29,AAPL,823,24.428205490112305
2016-08-29,NVDA,13145,1.5207911729812622
2016-08-29,AMZN,523,38.56449890136719
2016-08-30,GLD,273,125.02999877929688
2016-08-30,MSFT,389,51.404422760009766
2016-08-30,AAPL,827,24.240684509277344
2016-08-30,NVDA,13186,1.5119596719741821
2016-08-30,AMZN,520,38.37900161743164
2016-08-31,GLD,273,124.77999877929688
2016-08-31,MSFT,389,51.02259826660156
2016-08-31,AAPL,826,24.2635440826416
2016-08-31,NVDA,13160,1.5048446655273438
2016-08-31,AMZN,520,38.45800018310547
2016-09-01,GLD,273,125.29000091552734
2016-09-01,MSFT,393,51.138031005859375
2016-09-01,AAPL,821,24.407617568969727
2016-09-01,NVDA,13220,1.5492491722106934
2016-09-01,AMZN,517,38.53099822998047
2016-09-02,GLD,273,126.56999969482422
2016-09-02,MSFT,393,51.20907211303711
2016-09-02,AAPL,820,24.636310577392578
2016-09-02,NVDA,12995,1.5340389013290405
2016-09-02,AMZN,521,38.62200164794922
2016-09-06,GLD,272,128.7100067138672
2016-09-06,MSFT,393,51.155792236328125
2016-09-06,AAPL,819,24.629444122314453
2016-09-06,NVDA,13124,1.5485131740570068
2016-09-06,AMZN,522,39.44350051879883
2016-09-07,GLD,271,128.27000427246094
2016-09-07,MSFT,398,51.20018768310547
2016-09-07,AAPL,823,24.78037452697754
2016-09-07,NVDA,13161,1.5256977081298828
2016-09-07,AMZN,515,39.2239990234375
2016-09-08,GLD,271,127.58999633789062
2016-09-08,MSFT,396,50.9959602355957
2016-09-08,AAPL,824,24.130908966064453
2016-09-08,NVDA,13264,1.5367372035980225
2016-09-08,AMZN,515,39.202999114990234
2016-09-09,GLD,270,126.75
2016-09-09,MSFT,397,49.91264724731445
2016-09-09,AAPL,836,23.584352493286133
2016-09-09,NVDA,13177,1.4601948261260986
2016-09-09,AMZN,514,38.00699996948242
2016-09-12,GLD,444,126.58999633789062
2016-09-13,GLD,267,125.75
2016-09-13,MSFT,391,50.1967887878418
2016-09-13,AAPL,798,24.686614990234375
2016-09-13,NVDA,13201,1.4687812328338623
2016-09-13,AMZN,510,38.050498962402344
2016-09-14,GLD,443,126.18000030517578
2016-09-15,GLD,443,125.37000274658203
2016-09-16,GLD,268,125.05999755859375
2016-09-16,MSFT,380,50.83612060546875
2016-09-16,AAPL,739,26.28055191040039
2016-09-16,NVDA,12613,1.5416438579559326
2016-09-16,AMZN,503,38.92599868774414
2016-09-19,GLD,267,125.31999969482422
2016-09-19,MSFT,383,50.55198669433594
2016-09-19,AAPL,741,25.97411346435547
2016-09-19,NVDA,12535,1.5620061159133911
2016-09-19,AMZN,501,38.755001068115234
2016-09-20,GLD,267,125.44000244140625
2016-09-20,MSFT,383,50.4454231262207
2016-09-20,AAPL,753,25.971830368041992
2016-09-20,NVDA,12335,1.5477771759033203
2016-09-20,AMZN,502,39.01100158691406
2016-09-21,GLD,266,127.2699966430664
2016-09-21,MSFT,383,51.28898239135742
2016-09-21,AAPL,751,25.967256546020508
2016-09-21,NVDA,12583,1.5912007093429565
2016-09-21,AMZN,499,39.48699951171875
2016-09-22,GLD,266,127.56999969482422
2016-09-22,MSFT,384,51.34226989746094
2016-09-22,AAPL,755,26.211950302124023
2016-09-22,NVDA,12347,1.5951253175735474
2016-09-22,AMZN,498,40.23500061035156
2016-09-23,GLD,266,127.6500015258789
2016-09-23,MSFT,385,50.9959602355957
2016-09-23,AAPL,756,25.775161743164062
2016-09-23,NVDA,12390,1.5934077501296997
2016-09-23,AMZN,493,40.287498474121094
2016-09-26,GLD,264,127.55000305175781
2016-09-26,MSFT,387,50.525333404541016
2016-09-26,AAPL,769,25.81403160095215
2016-09-26,NVDA,12466,1.5784435272216797
2016-09-26,AMZN,490,39.95800018310547
2016-09-27,GLD,265,126.62000274658203
2016-09-27,MSFT,388,51.45769119262695
2016-09-27,AAPL,760,25.862058639526367
2016-09-27,NVDA,12475,1.632415533065796
2016-09-27,AMZN,490,40.80550003051758
2016-09-28,GLD,269,126.22000122070312
2016-09-28,MSFT,387,51.52873992919922
2016-09-28,AAPL,763,26.05872344970703
2016-09-28,NVDA,12139,1.6383031606674194
2016-09-28,AMZN,486,41.43600082397461
2016-09-29,GLD,270,126.06999969482422
2016-09-29,MSFT,387,50.96933364868164
2016-09-29,AAPL,766,25.653953552246094
2016-09-29,NVDA,12136,1.6535136699676514
2016-09-29,AMZN,480,41.45249938964844
2016-09-30,GLD,270,125.63999938964844
2016-09-30,MSFT,389,51.14691162109375
2016-09-30,AAPL,774,25.852909088134766
2016-09-30,NVDA,11977,1.6809908151626587
2016-09-30,AMZN,479,41.865501403808594
2016-10-03,GLD,272,125.31999969482422
2016-10-03,MSFT,390,50.98706817626953
2016-10-03,AAPL,773,25.73171043395996
2016-10-03,NVDA,11843,1.679273009300232
2016-10-03,AMZN,477,41.83700180053711
2016-10-04,GLD,276,120.97000122070312
2016-10-04,MSFT,390,50.827247619628906
2016-10-04,AAPL,768,25.841474533081055
2016-10-04,NVDA,11795,1.6755928993225098
2016-10-04,AMZN,472,41.701499938964844
2016-10-05,GLD,279,120.77999877929688
2016-10-05,MSFT,389,51.18244552612305
2016-10-05,AAPL,763,25.852909088134766
2016-10-05,NVDA,11700,1.6738759279251099
2016-10-05,AMZN,472,42.21799850463867
2016-10-06,GLD,281,119.66000366210938
2016-10-06,MSFT,384,51.27123260498047
2016-10-06,AAPL,758,26.04500389099121
2016-10-06,NVDA,11902,1.6520419120788574
2016-10-06,AMZN,467,42.08300018310547
2016-10-07,GLD,281,119.73999786376953
2016-10-07,MSFT,384,51.324501037597656
2016-10-07,AAPL,757,26.08388328552246
2016-10-07,NVDA,11886,1.640020489692688
2016-10-07,AMZN,467,41.971500396728516
2016-10-10,GLD,282,120.16000366210938
2016-10-10,MSFT,384,51.53761672973633
2016-10-10,AAPL,750,26.538969039916992
2016-10-10,NVDA,11961,1.6461538076400757
2016-10-10,AMZN,467,42.08549880981445
2016-10-11,GLD,282,119.55000305175781
2016-10-11,MSFT,384,50.78284454345703
2016-10-11,AAPL,735,26.596145629882812
2016-10-11,NVDA,12052,1.6223573684692383
2016-10-11,AMZN,470,41.54999923706055
2016-10-12,GLD,282,119.73999786376953
2016-10-12,MSFT,387,50.71181106567383
2016-10-12,AAPL,732,26.833969116210938
2016-10-12,NVDA,12156,1.6297169923782349
2016-10-12,AMZN,471,41.704498291015625
2016-10-13,GLD,280,120.02999877929688
2016-10-13,MSFT,389,50.54309844970703
2016-10-13,AAPL,733,26.75164794921875
2016-10-13,NVDA,12161,1.6032212972640991
2016-10-13,AMZN,472,41.4640007019043
2016-10-14,GLD,282,119.36000061035156
2016-10-14,MSFT,388,50.98706817626953
2016-10-14,AAPL,730,26.90028953552246
2016-10-14,NVDA,12113,1.618922233581543
2016-10-14,AMZN,471,41.14799880981445
2016-10-17,GLD,281,119.68000030517578
2016-10-17,MSFT,386,50.80948257446289
2016-10-17,AAPL,730,26.881994247436523
2016-10-17,NVDA,12115,1.6096001863479614
2016-10-17,AMZN,477,40.647499084472656
2016-10-18,GLD,281,120.41999816894531
2016-10-18,MSFT,386,51.20018768310547
2016-10-18,AAPL,729,26.86370086669922
2016-10-18,NVDA,12064,1.6341326236724854
2016-10-18,AMZN,478,40.88249969482422
2016-10-19,GLD,279,121.11000061035156
2016-10-19,MSFT,386,51.08475875854492
2016-10-19,AAPL,734,26.783660888671875
2016-10-19,NVDA,12125,1.6306979656219482
2016-10-19,AMZN,479,40.884498596191406
2016-10-20,GLD,279,120.73999786376953
2016-10-20,MSFT,386,50.83612060546875
2016-10-20,AAPL,737,26.769935607910156
2016-10-20,NVDA,11947,1.6616096496582031
2016-10-20,AMZN,484,40.51599884033203
2016-10-21,GLD,281,120.83000183105469
2016-10-21,MSFT,371,52.97612380981445
2016-10-21,AAPL,742,26.664743423461914
2016-10-21,NVDA,11976,1.6569483280181885
2016-10-21,AMZN,490,40.949501037597656
2016-10-24,GLD,281,120.55999755859375
2016-10-24,MSFT,374,54.1660041809082
2016-10-24,AAPL,743,26.904863357543945
2016-10-24,NVDA,11941,1.7347168922424316
2016-10-24,AMZN,483,41.90449905395508
2016-10-25,GLD,285,121.47000122070312
2016-10-25,MSFT,373,54.157127380371094
2016-10-25,AAPL,746,27.04207992553711
2016-10-25,NVDA,11634,1.7631752490997314
2016-10-25,AMZN,481,41.75899887084961
2016-10-25,NFLX,-6066,12.651000022888184
2016-10-26,GLD,284,120.79000091552734
2016-10-26,MSFT,373,53.83744812011719
2016-10-26,AAPL,768,26.43376922607422
2016-10-26,NVDA,11490,1.7702901363372803
2016-10-26,AMZN,482,41.12950134277344
2016-10-26,NFLX,-6060,12.696999549865723
2016-10-27,GLD,284,121.01000213623047
2016-10-27,MSFT,373,53.36684036254883
2016-10-27,AAPL,760,26.179933547973633
2016-10-27,NVDA,11238,1.733981728553772
2016-10-27,AMZN,482,40.917999267578125
2016-10-27,NFLX,-5993,12.647000312805176
2016-10-28,GLD,281,121.58000183105469
2016-10-28,MSFT,373,53.16259765625
2016-10-28,AAPL,762,26.00612449645996
2016-10-28,NVDA,11388,1.731037974357605
2016-10-28,AMZN,507,38.816001892089844
2016-10-28,NFLX,-5995,12.656999588012695
2016-10-31,GLD,279,121.94000244140625
2016-10-31,MSFT,371,53.206993103027344
2016-10-31,AAPL,761,25.964967727661133
2016-10-31,NVDA,11385,1.7457573413848877
2016-10-31,AMZN,507,39.49100112915039
2016-10-31,NFLX,-5938,12.487000465393066
2016-11-01,GLD,280,122.7300033569336
2016-11-01,MSFT,377,53.10043716430664
2016-11-01,AAPL,774,25.49616050720215
2016-11-01,NVDA,11463,1.693993091583252
2016-11-01,AMZN,503,39.27050018310547
2016-11-02,GLD,459,123.63999938964844
2016-11-03,GLD,460,124.30000305175781
2016-11-04,GLD,459,124.38999938964844
2016-11-07,GLD,461,122.1500015258789
2016-11-08,GLD,278,121.63999938964844
2016-11-08,MSFT,367,53.69538879394531
2016-11-08,AAPL,780,25.528226852416992
2016-11-08,NVDA,11272,1.7457573413848877
2016-11-08,AMZN,504,39.38750076293945
2016-11-09,GLD,271,121.55999755859375
2016-11-09,MSFT,368,53.42898941040039
2016-11-09,AAPL,778,25.486848831176758
2016-11-09,NVDA,11565,1.7163177728652954
2016-11-09,AMZN,514,38.59400177001953
2016-11-10,GLD,278,119.75
2016-11-10,MSFT,368,52.12368392944336
2016-11-10,AAPL,774,24.776578903198242
2016-11-10,NVDA,11258,1.6625912189483643
2016-11-10,AMZN,508,37.11899948120117
2016-11-11,GLD,280,117.0999984741211
2016-11-11,MSFT,379,52.407840728759766
2016-11-11,AAPL,796,24.92369270324707
2016-11-11,NVDA,10054,2.158154249191284
2016-11-11,AMZN,533,36.95050048828125
2016-11-14,GLD,293,116.11000061035156
2016-11-14,MSFT,379,51.60866165161133
2016-11-14,AAPL,803,24.29847526550293
2016-11-14,NVDA,9203,2.051927089691162
2016-11-14,AMZN,533,35.95349884033203
2016-11-15,GLD,290,117.12000274658203
2016-11-15,MSFT,377,52.627777099609375
2016-11-15,AAPL,803,24.620283126831055
2016-11-15,NVDA,9503,2.1144859790802
2016-11-15,AMZN,538,37.1619987487793
2016-11-15,BAC,-4729,16.126434326171875
2016-11-16,GLD,290,116.7699966430664
2016-11-16,MSFT,377,53.325069427490234
2016-11-16,AAPL,810,25.282272338867188
2016-11-16,NVDA,9278,2.2479450702667236
2016-11-16,AMZN,538,37.324501037597656
2016-11-16,BAC,-4786,15.798460960388184
2016-11-17,GLD,297,116.16999816894531
2016-11-17,MSFT,376,54.21009063720703
2016-11-17,AAPL,803,25.27308464050293
2016-11-17,NVDA,8948,2.2665889263153076
2016-11-17,AMZN,540,37.81999969482422
2016-11-17,BAC,-4883,16.062440872192383
2016-11-18,GLD,297,115.1500015258789
2016-11-18,MSFT,370,53.95084762573242
2016-11-18,AAPL,797,25.29836654663086
2016-11-18,NVDA,8860,2.290386438369751
2016-11-18,AMZN,528,38.007999420166016
2016-11-18,BAC,-4768,15.998451232910156
2016-11-21,GLD,298,115.58000183105469
2016-11-21,MSFT,372,54.406768798828125
2016-11-21,AAPL,796,25.682233810424805
2016-11-21,NVDA,8726,2.281064033508301
2016-11-21,AMZN,526,39.0
2016-11-21,BAC,-4772,16.262420654296875
2016-11-22,GLD,298,115.54000091552734
2016-11-22,MSFT,370,54.63920593261719
2016-11-22,AAPL,783,25.698318481445312
2016-11-22,NVDA,8801,2.2975008487701416
2016-11-22,AMZN,512,39.26649856567383
2016-11-23,GLD,301,113.25
2016-11-23,MSFT,368,53.99555206298828
2016-11-23,AAPL,783,25.567296981811523
2016-11-23,NVDA,8699,2.308802843093872
2016-11-23,AMZN,512,39.00600051879883
2016-11-25,GLD,302,112.61000061035156
2016-11-25,MSFT,371,54.11176681518555
2016-11-25,AAPL,783,25.69601821899414
2016-11-25,NVDA,8625,2.3134713172912598
2016-11-25,AMZN,509,39.01850128173828
2016-11-28,GLD,302,113.80000305175781
2016-11-28,MSFT,370,54.18327713012695
2016-11-28,AAPL,780,25.64545440673828
2016-11-28,NVDA,8651,2.3122425079345703
2016-11-28,AMZN,513,38.3385009765625
2016-11-29,GLD,302,113.2699966430664
2016-11-29,MSFT,367,54.612388610839844
2016-11-29,AAPL,781,25.62017059326172
2016-11-29,NVDA,8615,2.2911128997802734
2016-11-29,AMZN,518,38.125999450683594
2016-11-30,GLD,302,111.75
2016-11-30,MSFT,366,53.870391845703125
2016-11-30,AAPL,776,25.404096603393555
2016-11-30,NVDA,8647,2.265315055847168
2016-11-30,AMZN,521,37.528499603271484
2016-12-01,GLD,303,111.54000091552734
2016-12-01,MSFT,366,52.92279052734375
2016-12-01,AAPL,775,25.16734504699707
2016-12-01,NVDA,8683,2.15327787399292
2016-12-01,AMZN,522,37.182498931884766
2016-12-02,GLD,297,112.13999938964844
2016-12-02,MSFT,366,52.96748352050781
2016-12-02,AAPL,772,25.261592864990234
2016-12-02,NVDA,9138,2.1731789112091064
2016-12-02,AMZN,521,37.016998291015625
2016-12-05,GLD,301,111.54000091552734
2016-12-05,MSFT,366,53.834632873535156
2016-12-05,AAPL,772,25.079998016357422
2016-12-05,NVDA,8831,2.2574520111083984
2016-12-05,AMZN,524,37.96799850463867
2016-12-06,GLD,302,111.43000030517578
2016-12-06,MSFT,366,53.5932502746582
2016-12-06,AAPL,783,25.27308464050293
2016-12-06,NVDA,8708,2.2945525646209717
2016-12-06,AMZN,517,38.236000061035156
2016-12-07,GLD,302,111.83000183105469
2016-12-07,MSFT,368,54.862693786621094
2016-12-07,AAPL,786,25.521333694458008
2016-12-07,NVDA,8655,2.3358302116394043
2016-12-07,AMZN,517,38.520999908447266
2016-12-08,GLD,306,111.56999969482422
2016-12-08,MSFT,364,54.54085922241211
2016-12-08,AAPL,783,25.77187728881836
2016-12-08,NVDA,8528,2.2967641353607178
2016-12-08,AMZN,517,38.36650085449219
2016-12-09,GLD,307,110.4000015258789
2016-12-09,MSFT,364,55.399070739746094
2016-12-09,AAPL,772,26.19251251220703
2016-12-09,NVDA,8602,2.25597882270813
2016-12-09,AMZN,517,38.43299865722656
2016-12-12,GLD,307,110.81999969482422
2016-12-12,MSFT,358,55.57786178588867
2016-12-12,AAPL,760,26.043109893798828
2016-12-12,NVDA,8961,2.201188325881958
2016-12-12,AMZN,517,38.00600051879883
2016-12-13,GLD,307,110.44999694824219
2016-12-13,MSFT,355,56.301979064941406
2016-12-13,AAPL,758,26.477550506591797
2016-12-13,NVDA,8961,2.2400076389312744
2016-12-13,AMZN,518,38.71699905395508
2016-12-14,GLD,413,108.83000183105469
2016-12-14,MSFT,204,56.03379821777344
2016-12-14,AAPL,434,26.477550506591797
2016-12-14,NVDA,5039,2.3697357177734375
2016-12-14,AMZN,295,38.441001892089844
2016-12-15,GLD,317,107.33999633789062
2016-12-15,MSFT,354,55.94439697265625
2016-12-15,AAPL,750,26.622364044189453
2016-12-15,NVDA,8356,2.425262689590454
2016-12-15,AMZN,519,38.04999923706055
2016-12-16,GLD,318,108.05000305175781
2016-12-16,MSFT,355,55.694087982177734
2016-12-16,AAPL,749,26.65683937072754
2016-12-16,NVDA,8166,2.467031955718994
2016-12-16,AMZN,523,37.88850021362305
2016-12-19,GLD,316,108.58999633789062
2016-12-19,MSFT,357,56.874114990234375
2016-12-19,AAPL,751,26.81083869934082
2016-12-19,NVDA,8162,2.497006416320801
2016-12-19,AMZN,526,38.29999923706055
2016-12-20,GLD,322,107.79000091552734
2016-12-20,MSFT,356,56.80259323120117
2016-12-20,AAPL,753,26.882097244262695
2016-12-20,NVDA,7867,2.58398175239563
2016-12-20,AMZN,526,38.56100082397461
2016-12-21,GLD,322,107.8499984741211
2016-12-21,MSFT,357,56.80259323120117
2016-12-21,AAPL,755,26.907379150390625
2016-12-21,NVDA,7813,2.60019850730896
2016-12-21,AMZN,526,38.529998779296875
2016-12-22,GLD,322,107.58999633789062
2016-12-22,MSFT,356,56.81154251098633
2016-12-22,AAPL,758,26.730390548706055
2016-12-22,NVDA,7730,2.6316471099853516
2016-12-22,AMZN,528,38.31700134277344
2016-12-23,GLD,322,107.93000030517578
2016-12-23,MSFT,356,56.53440856933594
2016-12-23,AAPL,761,26.783262252807617
2016-12-23,NVDA,7737,2.6972477436065674
2016-12-23,AMZN,529,38.02949905395508
2016-12-27,GLD,322,108.55999755859375
2016-12-27,MSFT,361,56.57017517089844
2016-12-27,AAPL,763,26.953357696533203
2016-12-27,NVDA,7425,2.882502317428589
2016-12-27,AMZN,535,38.56999969482422
2016-12-28,GLD,327,108.86000061035156
2016-12-28,MSFT,365,56.31092071533203
2016-12-28,AAPL,767,26.83842658996582
2016-12-28,NVDA,7058,2.6842260360717773
2016-12-28,AMZN,535,38.60649871826172
2016-12-29,GLD,319,110.29000091552734
2016-12-29,MSFT,362,56.230464935302734
2016-12-29,AAPL,759,26.83152961730957
2016-12-29,NVDA,7878,2.7377877235412598
2016-12-29,AMZN,526,38.25749969482422
2016-12-30,GLD,319,109.61000061035156
2016-12-30,MSFT,365,55.55105209350586
2016-12-30,AAPL,766,26.622364044189453
2016-12-30,NVDA,7510,2.6225569248199463
2016-12-30,AMZN,536,37.493499755859375
2017-01-03,GLD,317,110.47000122070312
2017-01-03,MSFT,361,55.94439697265625
2017-01-03,AAPL,761,26.698211669921875
2017-01-03,NVDA,7888,2.5063424110412598
2017-01-03,AMZN,534,37.68349838256836
2017-01-04,GLD,313,110.86000061035156
2017-01-04,MSFT,362,55.694087982177734
2017-01-04,AAPL,761,26.6683292388916
2017-01-04,NVDA,5318,2.5648183822631836
2017-01-04,AMZN,534,37.85900115966797
2017-01-05,GLD,311,112.58000183105469
2017-01-05,MSFT,365,55.694087982177734
2017-01-05,AAPL,763,26.80394172668457
2017-01-05,NVDA,7919,2.499708652496338
2017-01-05,AMZN,534,39.022499084472656
2017-01-06,GLD,312,111.75
2017-01-06,MSFT,366,56.17682647705078
2017-01-06,AAPL,760,27.102766036987305
2017-01-06,NVDA,8066,2.533123731613159
2017-01-06,AMZN,522,39.79949951171875
2017-01-09,GLD,313,112.66999816894531
2017-01-09,MSFT,366,55.998043060302734
2017-01-09,AAPL,759,27.35100746154785
2017-01-09,NVDA,8082,2.6358237266540527
2017-01-09,AMZN,516,39.84600067138672
2017-01-10,GLD,314,113.1500015258789
2017-01-10,MSFT,369,55.98015213012695
2017-01-10,AAPL,759,27.378599166870117
2017-01-10,NVDA,7826,2.615922212600708
2017-01-10,AMZN,520,39.79499816894531
2017-01-11,GLD,314,113.5
2017-01-11,MSFT,369,56.489707946777344
2017-01-11,AAPL,757,27.525705337524414
2017-01-11,NVDA,7929,2.5837366580963135
2017-01-11,AMZN,520,39.95100021362305
2017-01-12,GLD,311,113.91000366210938
2017-01-12,MSFT,368,55.97121810913086
2017-01-12,AAPL,758,27.4107723236084
2017-01-12,NVDA,8095,2.5414769649505615
2017-01-12,AMZN,519,40.68199920654297
2017-01-13,GLD,312,114.20999908447266
2017-01-13,MSFT,369,56.051666259765625
2017-01-13,AAPL,757,27.362499237060547
2017-01-13,NVDA,8136,2.541231155395508
2017-01-13,AMZN,509,40.856998443603516
2017-01-17,GLD,308,115.8499984741211
2017-01-17,MSFT,370,55.899688720703125
2017-01-17,AAPL,764,27.583171844482422
2017-01-17,NVDA,8214,2.484229564666748
2017-01-17,AMZN,509,40.486000061035156
2017-01-18,GLD,307,114.87000274658203
2017-01-18,MSFT,370,55.872886657714844
2017-01-18,AAPL,751,27.580875396728516
2017-01-18,NVDA,8410,2.52943754196167
2017-01-18,AMZN,511,40.374000549316406
2017-01-19,GLD,310,114.7699966430664
2017-01-19,MSFT,372,55.694087982177734
2017-01-19,AAPL,754,27.532602310180664
2017-01-19,NVDA,8174,2.5837366580963135
2017-01-19,AMZN,511,40.45199966430664
2017-01-20,GLD,312,115.05000305175781
2017-01-20,MSFT,372,56.08743667602539
2017-01-20,AAPL,754,27.583171844482422
2017-01-20,NVDA,8012,2.5554819107055664
2017-01-20,AMZN,512,40.416500091552734
2017-01-23,GLD,309,115.79000091552734
2017-01-23,MSFT,372,56.284095764160156
2017-01-23,AAPL,754,27.601558685302734
2017-01-23,NVDA,8158,2.582016706466675
2017-01-23,AMZN,515,40.89400100708008
2017-01-24,GLD,310,115.2699966430664
2017-01-24,MSFT,371,56.78472137451172
2017-01-24,AAPL,762,27.576278686523438
2017-01-24,NVDA,8081,2.6370534896850586
2017-01-24,AMZN,510,41.12200164794922
2017-01-25,GLD,316,114.31999969482422
2017-01-25,MSFT,369,56.927764892578125
2017-01-25,AAPL,761,28.015308380126953
2017-01-25,NVDA,7860,2.648355007171631
2017-01-25,AMZN,510,41.82600021362305
2017-01-26,GLD,318,113.26000213623047
2017-01-26,MSFT,368,57.4552001953125
2017-01-26,AAPL,754,28.029102325439453
2017-01-26,NVDA,7944,2.6940536499023438
2017-01-26,AMZN,505,41.95750045776367
2017-01-27,GLD,321,113.48999786376953
2017-01-27,MSFT,363,58.80509567260742
2017-01-27,AAPL,755,28.031394958496094
2017-01-27,NVDA,7849,2.746142625808716
2017-01-27,AMZN,505,41.78850173950195
2017-01-30,GLD,321,113.97000122070312
2017-01-30,MSFT,362,58.22400665283203
2017-01-30,AAPL,763,27.957849502563477
2017-01-30,NVDA,7787,2.703143835067749
2017-01-30,AMZN,509,41.51900100708008
2017-01-31,GLD,315,115.55000305175781
2017-01-31,MSFT,365,57.7949104309082
2017-01-31,AAPL,761,27.89348030090332
2017-01-31,NVDA,7909,2.6825058460235596
2017-01-31,AMZN,514,41.17399978637695
2017-02-01,GLD,319,115.19999694824219
2017-02-01,MSFT,371,56.8383674621582
2017-02-01,AAPL,732,29.594440460205078
2017-02-01,NVDA,7858,2.7997028827667236
2017-02-01,AMZN,514,41.61750030517578
2017-02-02,GLD,318,115.83999633789062
2017-02-02,MSFT,380,56.471839904785156
2017-02-02,AAPL,732,29.54387664794922
2017-02-02,NVDA,7727,2.8350839614868164
2017-02-02,AMZN,514,41.997501373291016
2017-02-03,GLD,318,116.12999725341797
2017-02-03,MSFT,378,56.927764892578125
2017-02-03,AAPL,728,29.670289993286133
2017-02-03,NVDA,7561,2.8102681636810303
2017-02-03,AMZN,531,40.5099983215332
2017-02-06,GLD,315,117.69999694824219
2017-02-06,MSFT,378,56.891990661621094
2017-02-06,AAPL,725,29.94842529296875
2017-02-06,NVDA,7677,2.882256507873535
2017-02-06,AMZN,531,40.38199996948242
2017-02-07,GLD,317,117.45999908447266
2017-02-07,MSFT,380,56.70426559448242
2017-02-07,AAPL,724,30.23345375061035
2017-02-07,NVDA,7443,2.926973581314087
2017-02-07,AMZN,536,40.625
2017-02-08,GLD,316,118.19000244140625
2017-02-08,MSFT,382,56.62380599975586
2017-02-08,AAPL,721,30.350683212280273
2017-02-08,NVDA,7480,2.914196729660034
2017-02-08,AMZN,536,40.98550033569336
2017-02-09,GLD,316,117.29000091552734
2017-02-09,MSFT,384,57.2674674987793
2017-02-09,AAPL,719,30.56999397277832
2017-02-09,NVDA,7477,2.8594067096710205
2017-02-09,AMZN,532,41.06800079345703
2017-02-10,GLD,321,117.5999984741211
2017-02-10,MSFT,381,57.21382141113281
2017-02-10,AAPL,715,30.500732421875
2017-02-10,NVDA,7419,2.7915961742401123
2017-02-10,AMZN,531,41.37300109863281
2017-02-13,GLD,320,116.80000305175781
2017-02-13,MSFT,379,57.85748291015625
2017-02-13,AAPL,708,30.770835876464844
2017-02-13,NVDA,7797,2.6628501415252686
2017-02-13,AMZN,523,41.826499938964844
2017-02-14,GLD,316,116.93000030517578
2017-02-14,MSFT,374,58.07332992553711
2017-02-14,AAPL,703,31.17022132873535
2017-02-14,NVDA,2722,2.672678232192993
2017-02-14,AMZN,518,41.81949996948242
2017-02-15,GLD,319,117.44999694824219
2017-02-15,MSFT,374,58.037357330322266
2017-02-15,AAPL,693,31.283342361450195
2017-02-15,NVDA,8091,2.6780846118927
2017-02-15,AMZN,519,42.1349983215332
2017-02-16,GLD,317,118.08000183105469
2017-02-16,MSFT,374,58.02835464477539
2017-02-16,AAPL,695,31.24640655517578
2017-02-16,NVDA,8107,2.635087013244629
2017-02-16,AMZN,518,42.207000732421875
2017-02-17,GLD,315,117.68000030517578
2017-02-17,MSFT,374,58.11830139160156
2017-02-17,AAPL,695,31.331819534301758
2017-02-17,NVDA,8273,2.6345951557159424
2017-02-17,AMZN,516,42.253501892089844
2017-02-21,GLD,318,117.75
2017-02-21,MSFT,374,58.00137710571289
2017-02-21,AAPL,692,31.558055877685547
2017-02-21,NVDA,8178,2.728942632675171
2017-02-21,AMZN,513,42.821998596191406
2017-02-22,GLD,318,117.91000366210938
2017-02-22,MSFT,378,57.884456634521484
2017-02-22,AAPL,695,31.652713775634766
2017-02-22,NVDA,7996,2.7247610092163086
2017-02-22,AMZN,512,42.78049850463867
2017-02-23,GLD,315,118.94000244140625
2017-02-23,MSFT,377,58.11830139160156
2017-02-23,AAPL,688,31.51882553100586
2017-02-23,NVDA,8402,2.472111940383911
2017-02-23,AMZN,509,42.609500885009766
2017-02-24,GLD,308,119.69999694824219
2017-02-24,MSFT,371,58.11830139160156
2017-02-24,AAPL,686,31.548826217651367
2017-02-24,AMZN,509,42.262001037597656
2017-02-27,GLD,308,119.12000274658203
2017-02-27,MSFT,371,57.76754379272461
2017-02-27,AAPL,680,31.61115264892578
2017-02-27,AMZN,510,42.43199920654297
2017-02-27,NVDA,8556,2.568547248840332
2017-02-28,GLD,309,119.2300033569336
2017-02-28,MSFT,374,57.542694091796875
2017-02-28,AAPL,682,31.62501335144043
2017-02-28,AMZN,508,42.25199890136719
2017-02-28,NVDA,8379,2.4964663982391357
2017-03-01,GLD,312,119.05999755859375
2017-03-01,MSFT,373,58.406105041503906
2017-03-01,AAPL,676,32.271392822265625
2017-03-01,AMZN,505,42.65399932861328
2017-03-01,NVDA,8424,2.5286943912506104
2017-03-02,GLD,313,117.58000183105469
2017-03-02,MSFT,371,57.569671630859375
2017-03-02,AAPL,667,32.079795837402344
2017-03-02,AMZN,505,42.445499420166016
2017-03-02,NVDA,8558,2.435457468032837
2017-03-03,GLD,312,117.51000213623047
2017-03-03,MSFT,370,57.785526275634766
2017-03-03,AAPL,665,32.26909255981445
2017-03-03,AMZN,503,42.49399948120117
2017-03-03,NVDA,8775,2.421435832977295
2017-03-06,GLD,311,116.72000122070312
2017-03-06,MSFT,370,57.80351638793945
2017-03-06,AAPL,661,32.16752243041992
2017-03-06,AMZN,503,42.330501556396484
2017-03-06,NVDA,8908,2.4027392864227295
2017-03-07,GLD,313,115.77999877929688
2017-03-07,MSFT,368,57.920433044433594
2017-03-07,AAPL,661,32.209083557128906
2017-03-07,AMZN,502,42.30099868774414
2017-03-07,NVDA,8831,2.4290618896484375
2017-03-08,GLD,317,115.05999755859375
2017-03-08,MSFT,368,58.45106506347656
2017-03-08,AAPL,663,32.089019775390625
2017-03-08,AMZN,502,42.525001525878906
2017-03-08,NVDA,8589,2.424633264541626
2017-03-09,GLD,317,114.47000122070312
2017-03-09,MSFT,363,58.21724319458008
2017-03-09,AAPL,663,32.01516342163086
2017-03-09,AMZN,499,42.650001525878906
2017-03-09,NVDA,8812,2.4241414070129395
2017-03-10,GLD,319,114.72000122070312
2017-03-10,MSFT,363,58.39712142944336
2017-03-10,AAPL,663,32.12135696411133
2017-03-10,AMZN,498,42.62300109863281
2017-03-10,NVDA,8693,2.4384100437164307
2017-03-13,GLD,319,114.73999786376953
2017-03-13,MSFT,363,58.19924545288086
2017-03-13,AAPL,663,32.13520050048828
2017-03-13,AMZN,499,42.72949981689453
2017-03-13,NVDA,8687,2.5055692195892334
2017-03-14,GLD,319,114.12000274658203
2017-03-14,MSFT,367,57.929439544677734
2017-03-14,AAPL,664,32.08673095703125
2017-03-14,AMZN,500,42.62649917602539
2017-03-14,NVDA,8480,2.50384783744812
2017-03-15,GLD,320,116.25
2017-03-15,MSFT,367,58.23522186279297
2017-03-15,AAPL,664,32.42608642578125
2017-03-15,AMZN,500,42.64849853515625
2017-03-15,NVDA,8485,2.522789716720581
2017-03-16,GLD,316,116.7300033569336
2017-03-16,MSFT,370,58.13627243041992
2017-03-16,AAPL,664,32.47918701171875
2017-03-16,AMZN,504,42.67100143432617
2017-03-16,NVDA,8511,2.5537869930267334
2017-03-17,GLD,316,116.98999786376953
2017-03-17,MSFT,370,58.34314727783203
2017-03-17,AAPL,664,32.31758117675781
2017-03-17,AMZN,506,42.615501403808594
2017-03-17,NVDA,8405,2.609384775161743
2017-03-20,GLD,316,117.51000213623047
2017-03-20,MSFT,371,58.39712142944336
2017-03-20,AAPL,668,32.656944274902344
2017-03-20,AMZN,509,42.8484992980957
2017-03-20,NVDA,8252,2.6925337314605713
2017-03-21,GLD,317,118.54000091552734
2017-03-21,MSFT,372,57.74954605102539
2017-03-21,AAPL,666,32.28293991088867
2017-03-21,AMZN,509,42.15999984741211
2017-03-21,NVDA,8166,2.605448007583618
2017-03-21,ORCL,-2115,38.92264938354492
2017-03-22,GLD,313,118.83000183105469
2017-03-22,MSFT,375,58.48704147338867
2017-03-22,AAPL,670,32.647705078125
2017-03-22,AMZN,515,42.40299987792969
2017-03-22,NVDA,8348,2.6585850715637207
2017-03-22,ORCL,-2107,38.87925338745117
2017-03-23,GLD,316,118.66999816894531
2017-03-23,MSFT,376,58.34314727783203
2017-03-23,AAPL,674,32.53227233886719
2017-03-23,AMZN,518,42.36899948120117
2017-03-23,NVDA,8295,2.63447642326355
2017-03-23,ORCL,-2159,39.01813888549805
2017-03-24,GLD,317,118.86000061035156
2017-03-24,MSFT,374,58.442081451416016
2017-03-24,AAPL,673,32.4676399230957
2017-03-24,AMZN,516,42.28049850463867
2017-03-24,NVDA,8193,2.643824815750122
2017-03-24,ORCL,-2146,38.75773239135742
2017-03-27,GLD,314,119.52999877929688
2017-03-27,MSFT,376,58.54999542236328
2017-03-27,AAPL,680,32.523048400878906
2017-03-27,AMZN,522,42.340999603271484
2017-03-27,NVDA,8431,2.6630120277404785
2017-03-27,ORCL,-2159,38.92264938354492
2017-03-28,GLD,314,119.04000091552734
2017-03-28,MSFT,376,58.720890045166016
2017-03-28,AAPL,677,33.197147369384766
2017-03-28,AMZN,517,42.79999923706055
2017-03-28,NVDA,8256,2.6492371559143066
2017-03-29,GLD,317,119.33000183105469
2017-03-29,MSFT,376,58.88277816772461
2017-03-29,AAPL,666,33.27101135253906
2017-03-29,AMZN,514,43.715999603271484
2017-03-29,NVDA,8304,2.6406264305114746
2017-03-30,GLD,319,118.47000122070312
2017-03-30,MSFT,376,59.09861755371094
2017-03-30,AAPL,665,33.227149963378906
2017-03-30,AMZN,506,43.81700134277344
2017-03-30,NVDA,8354,2.6913034915924072
2017-03-31,GLD,320,118.72000122070312
2017-03-31,MSFT,376,59.23353958129883
2017-03-31,AAPL,668,33.164817810058594
2017-03-31,AMZN,506,44.32699966430664
2017-03-31,NVDA,8266,2.6797406673431396
2017-04-03,GLD,320,119.3499984741211
2017-04-03,MSFT,376,58.9547233581543
2017-04-03,AAPL,669,33.174049377441406
2017-04-03,AMZN,501,44.57550048828125
2017-04-03,NVDA,8290,2.6662113666534424
2017-04-04,GLD,317,119.62000274658203
2017-04-04,MSFT,376,59.11662673950195
2017-04-04,AAPL,668,33.42106246948242
2017-04-04,AMZN,496,45.34149932861328
2017-04-04,NVDA,8675,2.4792466163635254
2017-04-05,GLD,318,119.62000274658203
2017-04-05,MSFT,370,58.96372604370117
2017-04-05,AAPL,663,33.247928619384766
2017-04-05,AMZN,485,45.4640007019043
2017-04-05,NVDA,8962,2.4607951641082764
2017-04-06,GLD,318,119.18000030517578
2017-04-06,MSFT,373,59.11662673950195
2017-04-06,AAPL,663,33.164817810058594
2017-04-06,AMZN,483,44.91400146484375
2017-04-06,NVDA,8948,2.478754758834839
2017-04-07,GLD,315,119.45999908447266
2017-04-07,MSFT,373,59.0716438293457
2017-04-07,AAPL,665,33.090946197509766
2017-04-07,AMZN,491,44.74399948120117
2017-04-07,NVDA,8890,2.46817684173584
2017-04-10,GLD,316,119.45999908447266
2017-04-10,MSFT,373,58.93673324584961
2017-04-10,AAPL,664,33.051700592041016
2017-04-10,AMZN,489,45.35200119018555
2017-04-10,NVDA,8906,2.405198812484741
2017-04-11,GLD,313,121.19000244140625
2017-04-11,MSFT,372,58.89176559448242
2017-04-11,AAPL,664,32.69618606567383
2017-04-11,AMZN,484,45.11800003051758
2017-04-11,NVDA,6157,2.413809299468994
2017-04-12,GLD,516,122.0199966430664
2017-04-13,GLD,515,122.5999984741211
2017-04-17,GLD,515,122.23999786376953
2017-04-18,GLD,309,122.81999969482422
2017-04-18,MSFT,375,58.81081771850586
2017-04-18,AAPL,675,32.5969123840332
2017-04-18,NVDA,9081,2.442591905593872
2017-04-18,AMZN,489,45.18899917602539
2017-04-19,GLD,310,121.7300033569336
2017-04-19,MSFT,375,58.49604415893555
2017-04-19,AAPL,675,32.476863861083984
2017-04-19,NVDA,8994,2.452185869216919
2017-04-19,AMZN,488,44.959999084472656
2017-04-20,GLD,310,121.95999908447266
2017-04-20,MSFT,375,58.909751892089844
2017-04-20,AAPL,676,32.8831787109375
2017-04-20,NVDA,8941,2.491055727005005
2017-04-20,AMZN,490,45.10300064086914
2017-04-21,GLD,310,122.30999755859375
2017-04-21,MSFT,375,59.71920394897461
2017-04-21,AAPL,674,32.843936920166016
2017-04-21,NVDA,8926,2.501387119293213
2017-04-21,AMZN,490,44.92649841308594
2017-04-24,GLD,316,121.4800033569336
2017-04-24,MSFT,368,60.735511779785156
2017-04-24,AAPL,673,33.16020584106445
2017-04-24,NVDA,8802,2.5326297283172607
2017-04-24,AMZN,490,45.37049865722656
2017-04-25,GLD,106,120.25
2017-04-25,MSFT,430,61.08627700805664
2017-04-25,AAPL,1080,33.36566162109375
2017-04-25,NVDA,10330,2.5766656398773193
2017-04-25,AMZN,580,45.38100051879883
2017-04-26,GLD,106,120.83999633789062
2017-04-26,MSFT,431,61.005340576171875
2017-04-26,AAPL,1081,33.169437408447266
2017-04-26,NVDA,10209,2.5589523315429688
2017-04-26,AMZN,580,45.464500427246094
2017-04-27,GLD,106,120.38999938964844
2017-04-27,MSFT,431,61.40105438232422
2017-04-27,AAPL,1083,33.1948356628418
2017-04-27,NVDA,10287,2.5988051891326904
2017-04-27,AMZN,578,45.91899871826172
2017-04-28,GLD,107,120.7699966430664
2017-04-28,MSFT,431,61.57195281982422
2017-04-28,AAPL,1094,33.162513732910156
2017-04-28,NVDA,10299,2.5658411979675293
2017-04-28,AMZN,563,46.2495002746582
2017-05-01,GLD,107,119.66999816894531
2017-05-01,MSFT,431,62.42637252807617
2017-05-01,AAPL,1083,33.83892059326172
2017-05-01,NVDA,10317,2.623406410217285
2017-05-01,AMZN,573,47.4114990234375
2017-05-02,GLD,109,119.6500015258789
2017-05-02,MSFT,429,62.327430725097656
2017-05-02,AAPL,1077,34.05362319946289
2017-05-02,NVDA,10356,2.545668363571167
2017-05-02,AMZN,569,47.34700012207031
2017-05-03,GLD,109,117.9800033569336
2017-05-03,MSFT,428,62.12955856323242
2017-05-03,AAPL,1081,33.94972229003906
2017-05-03,NVDA,10501,2.564610481262207
2017-05-03,AMZN,564,47.05149841308594
2017-05-04,GLD,110,116.79000091552734
2017-05-04,MSFT,429,61.88671875
2017-05-04,AAPL,1076,33.82737350463867
2017-05-04,NVDA,10381,2.5547704696655273
2017-05-04,AMZN,564,46.87649917602539
2017-05-05,GLD,110,117.01000213623047
2017-05-05,MSFT,429,62.05760955810547
2017-05-05,AAPL,1072,34.38836669921875
2017-05-05,NVDA,10463,2.5550153255462646
2017-05-05,AMZN,565,46.70750045776367
2017-05-08,GLD,110,116.75
2017-05-08,MSFT,431,62.00362777709961
2017-05-08,AAPL,1062,35.32332229614258
2017-05-08,NVDA,10431,2.5282013416290283
2017-05-08,AMZN,569,47.45199966430664
2017-05-09,GLD,337,116.05000305175781
2017-05-09,MSFT,370,62.09358215332031
2017-05-09,AAPL,645,35.54957580566406
2017-05-09,NVDA,9030,2.5323827266693115
2017-05-09,AMZN,481,47.64099884033203
2017-05-10,GLD,115,116.04000091552734
2017-05-10,MSFT,442,62.33640670776367
2017-05-10,AAPL,1055,35.38104248046875
2017-05-10,NVDA,9762,2.983804702758789
2017-05-10,AMZN,575,47.4474983215332
2017-05-11,GLD,115,116.5
2017-05-11,MSFT,448,61.57195281982422
2017-05-11,AAPL,1064,35.68702697753906
2017-05-11,NVDA,9339,3.1119730472564697
2017-05-11,AMZN,583,47.38100051879883
2017-05-12,GLD,348,116.83000183105469
2017-05-12,MSFT,386,61.49999237060547
2017-05-12,AAPL,664,36.185420989990234
2017-05-12,NVDA,7641,3.1461689472198486
2017-05-12,AMZN,499,48.067501068115234
2017-05-15,GLD,117,117.13999938964844
2017-05-15,MSFT,460,61.54497146606445
2017-05-15,AAPL,1063,36.09269714355469
2017-05-15,NVDA,8849,3.3041045665740967
2017-05-15,AMZN,588,47.89849853515625
2017-05-16,GLD,353,117.6500015258789
2017-05-16,MSFT,393,62.784202575683594
2017-05-16,AAPL,670,36.03938293457031
2017-05-16,NVDA,7214,3.3656060695648193
2017-05-16,AMZN,504,48.30350112915039
2017-05-17,GLD,348,119.79000091552734
2017-05-17,MSFT,389,61.03841781616211
2017-05-17,AAPL,679,34.829345703125
2017-05-17,NVDA,7334,3.141986131668091
2017-05-17,AMZN,506,47.237998962402344
2017-05-18,GLD,570,118.80999755859375
2017-05-19,GLD,571,119.4000015258789
2017-05-22,GLD,343,119.9000015258789
2017-05-22,MSFT,388,61.91582489013672
2017-05-22,AAPL,669,35.69630813598633
2017-05-22,NVDA,7039,3.4206197261810303
2017-05-22,AMZN,495,48.53350067138672
2017-05-23,GLD,343,119.13999938964844
2017-05-23,MSFT,388,62.12386703491211
2017-05-23,AAPL,670,35.652259826660156
2017-05-23,NVDA,6996,3.374567747116089
2017-05-23,AMZN,494,48.57699966430664
2017-05-24,GLD,345,119.61000061035156
2017-05-24,MSFT,386,62.20526885986328
2017-05-24,AAPL,673,35.54561233520508
2017-05-24,NVDA,6923,3.4124932289123535
2017-05-24,AMZN,493,49.01750183105469
2017-05-25,GLD,116,119.4800033569336
2017-05-25,MSFT,454,62.974151611328125
2017-05-25,AAPL,1085,35.66848373413086
2017-05-25,NVDA,8226,3.4048590660095215
2017-05-25,AMZN,575,49.66899871826172
2017-05-26,GLD,115,120.54000091552734
2017-05-26,MSFT,451,63.28166961669922
2017-05-26,AAPL,1086,35.608219146728516
2017-05-26,NVDA,8370,3.4930224418640137
2017-05-26,AMZN,572,49.78900146484375
2017-05-30,GLD,346,120.13999938964844
2017-05-30,MSFT,385,63.68873977661133
2017-05-30,AAPL,683,35.62212371826172
2017-05-30,NVDA,6864,3.5676398277282715
2017-05-30,AMZN,488,49.834999084472656
2017-05-31,GLD,348,120.62000274658203
2017-05-31,MSFT,384,63.17314147949219
2017-05-31,AAPL,684,35.411163330078125
2017-05-31,NVDA,6765,3.55483341217041
2017-05-31,AMZN,488,49.73099899291992
2017-06-01,GLD,348,120.72000122070312
2017-06-01,MSFT,384,63.408302307128906
2017-06-01,AAPL,685,35.508541107177734
2017-06-01,NVDA,6817,3.5550806522369385
2017-06-01,AMZN,488,49.79750061035156
2017-06-02,GLD,345,121.61000061035156
2017-06-02,MSFT,384,64.90985870361328
2017-06-02,AAPL,685,36.03473663330078
2017-06-02,NVDA,6871,3.5373499393463135
2017-06-02,AMZN,488,50.33649826049805
2017-06-05,GLD,345,121.7300033569336
2017-06-05,MSFT,377,65.3802261352539
2017-06-05,AAPL,685,35.68239212036133
2017-06-05,NVDA,6969,3.6449668407440186
2017-06-05,AMZN,488,50.56700134277344
2017-06-06,GLD,345,123.0999984741211
2017-06-06,MSFT,378,65.5972900390625
2017-06-06,AAPL,694,35.80294418334961
2017-06-06,NVDA,6802,3.628467321395874
2017-06-06,AMZN,489,50.150001525878906
2017-06-07,GLD,345,122.44999694824219
2017-06-07,MSFT,378,65.47972869873047
2017-06-07,AAPL,690,36.01618957519531
2017-06-07,NVDA,6784,3.67230224609375
2017-06-07,AMZN,492,50.503501892089844
2017-06-08,GLD,349,121.6500015258789
2017-06-08,MSFT,379,65.08172607421875
2017-06-08,AAPL,691,35.92810821533203
2017-06-08,NVDA,6589,3.9387614727020264
2017-06-08,AMZN,492,50.51350021362305
2017-06-09,GLD,356,120.54000091552734
2017-06-09,MSFT,384,63.60732650756836
2017-06-09,AAPL,696,34.534934997558594
2017-06-09,NVDA,6180,3.6841235160827637
2017-06-09,AMZN,495,48.91550064086914
2017-06-12,GLD,343,120.36000061035156
2017-06-12,MSFT,384,63.11886978149414
2017-06-12,AAPL,711,33.70969772338867
2017-06-12,NVDA,6692,3.693235158920288
2017-06-12,AMZN,497,48.24549865722656
2017-06-13,GLD,348,120.4800033569336
2017-06-13,MSFT,384,63.90581130981445
2017-06-13,AAPL,714,33.98091506958008
2017-06-13,NVDA,6408,3.7284507751464844
2017-06-13,AMZN,498,49.03950119018555
2017-06-14,GLD,346,119.81999969482422
2017-06-14,MSFT,382,63.562095642089844
2017-06-14,AAPL,715,33.649417877197266
2017-06-14,NVDA,6559,3.7363314628601074
2017-06-14,AMZN,496,48.82350158691406
2017-06-15,GLD,344,119.31999969482422
2017-06-15,MSFT,382,63.2274284362793
2017-06-15,AAPL,719,33.447750091552734
2017-06-15,NVDA,6609,3.7523391246795654
2017-06-15,AMZN,498,48.208499908447266
2017-06-16,GLD,348,119.33999633789062
2017-06-16,MSFT,384,63.317867279052734
2017-06-16,AAPL,727,32.97949981689453
2017-06-16,NVDA,6449,3.73386812210083
2017-06-16,AMZN,488,49.385501861572266
2017-06-19,GLD,351,118.43000030517578
2017-06-19,MSFT,382,64.10479736328125
2017-06-19,AAPL,731,33.922969818115234
2017-06-19,NVDA,6448,3.874239683151245
2017-06-19,AMZN,480,49.75849914550781
2017-06-20,GLD,354,118.18000030517578
2017-06-20,MSFT,382,63.2364501953125
2017-06-20,AAPL,720,33.614654541015625
2017-06-20,NVDA,6259,3.8685758113861084
2017-06-20,AMZN,491,49.62950134277344
2017-06-21,GLD,354,118.5199966430664
2017-06-21,MSFT,384,63.562095642089844
2017-06-21,AAPL,723,33.81400680541992
2017-06-21,NVDA,6265,3.927186965942383
2017-06-21,AMZN,489,50.11149978637695
2017-06-22,GLD,354,118.91999816894531
2017-06-22,MSFT,384,63.55303955078125
2017-06-22,AAPL,726,33.75836944580078
2017-06-22,NVDA,6237,3.9000978469848633
2017-06-22,AMZN,489,50.064998626708984
2017-06-23,GLD,352,119.43000030517578
2017-06-23,MSFT,386,64.412353515625
2017-06-23,AAPL,728,33.90904998779297
2017-06-23,NVDA,6270,3.7882933616638184
2017-06-23,AMZN,489,50.1870002746582
2017-06-26,GLD,354,118.36000061035156
2017-06-26,MSFT,380,63.797279357910156
2017-06-26,AAPL,718,33.80242156982422
2017-06-26,NVDA,6409,3.7469210624694824
2017-06-26,AMZN,486,49.69900131225586
2017-06-27,GLD,350,118.80999755859375
2017-06-27,MSFT,382,62.60323715209961
2017-06-27,AAPL,720,33.31793975830078
2017-06-27,NVDA,6498,3.6097512245178223
2017-06-27,AMZN,489,48.8390007019043
2017-06-28,GLD,116,118.9000015258789
2017-06-28,MSFT,453,63.13697814941406
2017-06-28,AAPL,1155,33.804744720458984
2017-06-28,NVDA,7718,3.737070083618164
2017-06-28,AMZN,580,49.51649856567383
2017-06-29,GLD,350,118.31999969482422
2017-06-29,MSFT,385,61.95200729370117
2017-06-29,AAPL,720,33.306358337402344
2017-06-29,NVDA,6504,3.612213611602783
2017-06-29,AMZN,493,48.79650115966797
2017-06-30,GLD,349,118.0199966430664
2017-06-30,MSFT,385,62.349998474121094
2017-06-30,AAPL,717,33.385162353515625
2017-06-30,NVDA,6614,3.5600056648254395
2017-06-30,AMZN,490,48.400001525878906
2017-07-03,GLD,351,116.08999633789062
2017-07-03,MSFT,381,61.662540435791016
2017-07-03,AAPL,711,33.264617919921875
2017-07-03,NVDA,4456,3.4312095642089844
2017-07-03,AMZN,490,47.68299865722656
2017-07-05,GLD,350,116.5199966430664
2017-07-05,MSFT,383,62.485679626464844
2017-07-05,AAPL,711,33.40139389038086
2017-07-05,NVDA,6767,3.522820472717285
2017-07-05,AMZN,491,48.56999969482422
2017-07-06,GLD,349,116.47000122070312
2017-07-06,MSFT,383,62.024356842041016
2017-07-06,AAPL,714,33.08611297607422
2017-07-06,NVDA,6777,3.533409595489502
2017-07-06,AMZN,491,48.25699996948242
2017-07-07,GLD,352,115.27999877929688
2017-07-07,MSFT,383,62.82939910888672
2017-07-07,AAPL,717,33.4222526550293
2017-07-07,NVDA,6623,3.614185333251953
2017-07-07,AMZN,491,48.9379997253418
2017-07-10,GLD,357,115.47000122070312
2017-07-10,MSFT,382,63.29977798461914
2017-07-10,AAPL,717,33.62623977661133
2017-07-10,NVDA,6500,3.7850918769836426
2017-07-10,AMZN,487,49.82350158691406
2017-07-11,GLD,359,115.62000274658203
2017-07-11,MSFT,382,63.30881118774414
2017-07-11,AAPL,720,33.73518753051758
2017-07-11,NVDA,6378,3.8387768268585205
2017-07-11,AMZN,487,49.70650100708008
2017-07-12,GLD,360,116.02999877929688
2017-07-12,MSFT,382,64.35810089111328
2017-07-12,AAPL,722,33.78388214111328
2017-07-12,NVDA,6265,4.002049922943115
2017-07-12,AMZN,488,50.32550048828125
2017-07-13,GLD,363,115.81999969482422
2017-07-13,MSFT,380,64.91889953613281
2017-07-13,AAPL,728,34.25444412231445
2017-07-13,NVDA,6123,3.9557535648345947
2017-07-13,AMZN,489,50.03150177001953
2017-07-14,GLD,362,116.7699966430664
2017-07-14,MSFT,378,65.83247375488281
2017-07-14,AAPL,720,34.54884719848633
2017-07-14,NVDA,6215,4.062139511108398
2017-07-14,AMZN,492,50.09049987792969
2017-07-17,GLD,363,117.29000091552734
2017-07-17,MSFT,378,66.34808349609375
2017-07-17,AAPL,721,34.66939163208008
2017-07-17,NVDA,6077,4.044900894165039
2017-07-17,AMZN,495,50.50199890136719
2017-07-18,GLD,362,118.11000061035156
2017-07-18,MSFT,376,66.30284881591797
2017-07-18,AAPL,719,34.789920806884766
2017-07-18,NVDA,6236,4.0870137214660645
2017-07-18,AMZN,494,51.22249984741211
2017-07-19,GLD,364,118.08000183105469
2017-07-19,MSFT,377,66.80939483642578
2017-07-19,AAPL,719,35.00782775878906
2017-07-19,NVDA,6128,4.065833568572998
2017-07-19,AMZN,490,51.34349822998047
2017-07-20,GLD,365,118.23999786376953
2017-07-20,MSFT,375,67.1350326538086
2017-07-20,AAPL,717,34.850196838378906
2017-07-20,NVDA,6157,4.124937534332275
2017-07-20,AMZN,488,51.435001373291016
2017-07-21,GLD,362,119.26000213623047
2017-07-21,MSFT,378,66.74606323242188
2017-07-21,AAPL,722,34.83397674560547
2017-07-21,NVDA,6121,4.139712810516357
2017-07-21,AMZN,491,51.28350067138672
2017-07-24,GLD,362,119.30999755859375
2017-07-24,MSFT,379,66.57420349121094
2017-07-24,AAPL,723,35.25586700439453
2017-07-24,NVDA,6087,4.091692924499512
2017-07-24,AMZN,491,51.9474983215332
2017-07-25,GLD,363,118.91999816894531
2017-07-25,MSFT,378,67.10789489746094
2017-07-25,AAPL,717,35.40654373168945
2017-07-25,NVDA,6197,4.071990966796875
2017-07-25,AMZN,486,51.993499755859375
2017-07-26,GLD,366,119.87999725341797
2017-07-26,MSFT,377,66.98125457763672
2017-07-26,AAPL,713,35.57344436645508
2017-07-26,NVDA,6137,4.1190266609191895
2017-07-26,AMZN,486,52.63999938964844
2017-07-27,GLD,365,119.79000091552734
2017-07-27,MSFT,382,66.17623138427734
2017-07-27,AAPL,716,34.90119934082031
2017-07-27,NVDA,6159,3.9830892086029053
2017-07-27,AMZN,478,52.29999923706055
2017-07-28,GLD,357,120.69000244140625
2017-07-28,MSFT,380,66.06768035888672
2017-07-28,AAPL,718,34.65547561645508
2017-07-28,NVDA,6322,4.048349380493164
2017-07-28,AMZN,493,51.00199890136719
2017-07-31,GLD,357,120.75
2017-07-31,MSFT,380,65.76012420654297
2017-07-31,AAPL,723,34.476985931396484
2017-07-31,NVDA,6193,4.002049922943115
2017-07-31,AMZN,493,49.388999938964844
2017-08-01,GLD,356,120.6500015258789
2017-08-01,MSFT,378,65.65156555175781
2017-08-01,AAPL,723,34.782981872558594
2017-08-01,NVDA,6251,4.050812244415283
2017-08-01,AMZN,501,49.80950164794922
2017-08-01,BA,-414,225.61883544921875
2017-08-02,GLD,363,120.4000015258789
2017-08-02,MSFT,389,65.36213684082031
2017-08-02,AAPL,693,36.42647933959961
2017-08-02,NVDA,6265,4.048349380493164
2017-08-02,AMZN,510,49.794498443603516
2017-08-02,BA,-432,224.21484375
2017-08-03,GLD,364,120.58999633789062
2017-08-03,MSFT,391,65.26262664794922
2017-08-03,AAPL,702,36.062564849853516
2017-08-03,NVDA,6317,4.099819660186768
2017-08-03,AMZN,511,49.34600067138672
2017-08-03,BA,-436,224.4975128173828
2017-08-04,GLD,364,119.6500015258789
2017-08-04,MSFT,389,65.74205017089844
2017-08-04,AAPL,704,36.25263977050781
2017-08-04,NVDA,6180,4.117795467376709
2017-08-04,AMZN,514,49.37900161743164
2017-08-04,BA,-432,223.9886932373047
2017-08-07,GLD,367,119.51000213623047
2017-08-07,MSFT,389,65.48876953125
2017-08-07,AAPL,703,36.813629150390625
2017-08-07,NVDA,6169,4.244375705718994
2017-08-07,AMZN,516,49.61349868774414
2017-08-07,BA,-435,226.36322021484375
2017-08-08,GLD,366,119.86000061035156
2017-08-08,MSFT,392,65.84151458740234
2017-08-08,AAPL,697,37.1080207824707
2017-08-08,NVDA,5981,4.193892002105713
2017-08-08,AMZN,516,49.492000579833984
2017-08-09,GLD,362,121.30999755859375
2017-08-09,MSFT,391,65.55207824707031
2017-08-09,AAPL,692,37.33518600463867
2017-08-09,NVDA,6152,4.238465785980225
2017-08-09,AMZN,519,49.10049819946289
2017-08-10,GLD,361,122.20999908447266
2017-08-10,MSFT,394,64.59326171875
2017-08-10,AAPL,690,36.1460075378418
2017-08-10,NVDA,6051,4.05696964263916
2017-08-10,AMZN,525,47.84600067138672
2017-08-11,GLD,587,122.79000091552734
2017-08-14,GLD,588,121.91999816894531
2017-08-15,GLD,356,120.9800033569336
2017-08-15,MSFT,373,66.58333587646484
2017-08-15,AAPL,668,37.60746765136719
2017-08-15,NVDA,6016,4.112131595611572
2017-08-15,AMZN,505,49.137001037597656
2017-08-16,GLD,355,121.87000274658203
2017-08-16,MSFT,373,66.97439575195312
2017-08-16,AAPL,662,37.456207275390625
2017-08-16,NVDA,6043,4.067065238952637
2017-08-16,AMZN,508,48.909000396728516
2017-08-17,GLD,350,122.48999786376953
2017-08-17,MSFT,373,65.83766174316406
2017-08-17,AAPL,667,36.73710250854492
2017-08-17,NVDA,6142,3.9764404296875
2017-08-17,AMZN,509,48.028499603271484
2017-08-18,GLD,573,122.30000305175781
2017-08-21,GLD,575,122.76000213623047
2017-08-22,GLD,346,122.20999908447266
2017-08-22,MSFT,375,66.52880859375
2017-08-22,AAPL,670,37.18391418457031
2017-08-22,NVDA,6239,4.006560325622559
2017-08-22,AMZN,516,48.345001220703125
2017-08-23,GLD,346,122.66999816894531
2017-08-23,MSFT,374,66.1286849975586
2017-08-23,AAPL,669,37.23047637939453
2017-08-23,NVDA,6232,4.086667537689209
2017-08-23,AMZN,516,47.900001525878906
2017-08-24,GLD,348,122.29000091552734
2017-08-24,MSFT,376,66.10137939453125
2017-08-24,AAPL,668,37.065250396728516
2017-08-24,NVDA,6047,4.07163143157959
2017-08-24,AMZN,520,47.622501373291016
2017-08-25,GLD,348,122.73999786376953
2017-08-25,MSFT,376,66.21961975097656
2017-08-25,AAPL,669,37.20254135131836
2017-08-25,NVDA,6075,4.037619113922119
2017-08-25,AMZN,520,47.26300048828125
2017-08-28,GLD,346,124.69000244140625
2017-08-28,MSFT,375,66.22869873046875
2017-08-28,AAPL,668,37.57722473144531
2017-08-28,NVDA,6128,4.06620979309082
2017-08-28,AMZN,525,47.30099868774414
2017-08-29,GLD,339,124.41999816894531
2017-08-29,MSFT,378,66.42875671386719
2017-08-29,AAPL,668,37.912330627441406
2017-08-29,NVDA,6207,4.0595550537109375
2017-08-29,AMZN,529,47.702999114990234
2017-08-30,GLD,345,124.36000061035156
2017-08-30,MSFT,378,67.3017349243164
2017-08-30,AAPL,658,38.01472854614258
2017-08-30,NVDA,6148,4.083709716796875
2017-08-30,AMZN,524,48.37950134277344
2017-08-31,GLD,347,125.81999969482422
2017-08-31,MSFT,375,67.99285125732422
2017-08-31,AAPL,662,38.16599655151367
2017-08-31,NVDA,6148,4.176386833190918
2017-08-31,AMZN,518,49.029998779296875
2017-09-01,GLD,347,126.05999755859375
2017-09-01,MSFT,375,67.23809051513672
2017-09-01,AAPL,664,38.177650451660156
2017-09-01,NVDA,6087,4.201528549194336
2017-09-01,AMZN,518,48.912498474121094
2017-09-05,GLD,344,127.45999908447266
2017-09-05,MSFT,380,66.93800354003906
2017-09-05,AAPL,665,37.71918869018555
2017-09-05,NVDA,6109,4.089378356933594
2017-09-05,AMZN,519,48.26350021362305
2017-09-06,GLD,342,126.80999755859375
2017-09-06,MSFT,378,66.74705505371094
2017-09-06,AAPL,669,37.67961883544922
2017-09-06,NVDA,6145,4.086914539337158
2017-09-06,AMZN,523,48.38999938964844
2017-09-07,GLD,341,128.1300048828125
2017-09-07,MSFT,378,67.6018295288086
2017-09-07,AAPL,671,37.52835464477539
2017-09-07,NVDA,6173,4.105893135070801
2017-09-07,AMZN,521,48.9734992980957
2017-09-08,GLD,340,127.97000122070312
2017-09-08,MSFT,376,67.27445220947266
2017-09-08,AAPL,678,36.91630554199219
2017-09-08,NVDA,6199,4.034659385681152
2017-09-08,AMZN,519,48.29499816894531
2017-09-11,GLD,341,126.19000244140625
2017-09-11,MSFT,374,67.9837646484375
2017-09-11,AAPL,677,37.584205627441406
2017-09-11,NVDA,6192,4.16554069519043
2017-09-11,AMZN,519,48.89799880981445
2017-09-12,GLD,346,126.55999755859375
2017-09-12,MSFT,374,67.91102600097656
2017-09-12,AAPL,673,37.43525314331055
2017-09-12,NVDA,6072,4.180576324462891
2017-09-12,AMZN,518,49.12900161743164
2017-09-13,GLD,345,125.61000061035156
2017-09-13,MSFT,373,68.39295959472656
2017-09-13,AAPL,681,37.15365982055664
2017-09-13,NVDA,6105,4.199309825897217
2017-09-13,AMZN,516,49.97999954223633
2017-09-14,GLD,346,126.16000366210938
2017-09-14,MSFT,372,67.99285125732422
2017-09-14,AAPL,685,36.83485412597656
2017-09-14,NVDA,6099,4.17540168762207
2017-09-14,AMZN,510,49.61050033569336
2017-09-15,GLD,346,125.52999877929688
2017-09-15,MSFT,373,68.4839096069336
2017-09-15,AAPL,690,37.207191467285156
2017-09-15,NVDA,5973,4.439382076263428
2017-09-15,AMZN,512,49.339500427246094
2017-09-18,GLD,353,124.36000061035156
2017-09-18,MSFT,375,68.3475112915039
2017-09-18,AAPL,690,36.92560577392578
2017-09-18,NVDA,5635,4.622763633728027
2017-09-18,AMZN,519,48.70949935913086
2017-09-19,GLD,353,124.62000274658203
2017-09-19,MSFT,375,68.60211944580078
2017-09-19,AAPL,690,36.9395751953125
2017-09-19,NVDA,5608,4.617835521697998
2017-09-19,AMZN,524,48.49300003051758
2017-09-20,GLD,353,123.62000274658203
2017-09-20,MSFT,375,68.14747619628906
2017-09-20,AAPL,697,36.32053756713867
2017-09-20,NVDA,5548,4.580615997314453
2017-09-20,AMZN,527,48.660499572753906
2017-09-21,GLD,354,122.68000030517578
2017-09-21,MSFT,371,67.48360443115234
2017-09-21,AAPL,698,35.69685363769531
2017-09-21,NVDA,5656,4.455403804779053
2017-09-21,AMZN,522,48.23249816894531
2017-09-22,GLD,350,123.23999786376953
2017-09-22,MSFT,373,67.66551208496094
2017-09-22,AAPL,711,35.34777069091797
2017-09-22,NVDA,5650,4.412023067474365
2017-09-22,AMZN,522,47.755001068115234
2017-09-25,GLD,349,124.52999877929688
2017-09-25,MSFT,371,66.61971282958984
2017-09-25,AAPL,714,35.03593063354492
2017-09-25,NVDA,5695,4.214837074279785
2017-09-25,AMZN,525,46.989498138427734
2017-09-26,GLD,347,123.13999938964844
2017-09-26,MSFT,372,66.61971282958984
2017-09-26,AAPL,708,35.638668060302734
2017-09-26,NVDA,5743,4.23850154876709
2017-09-26,AMZN,528,46.93000030517578
2017-09-27,GLD,350,121.9800033569336
2017-09-27,MSFT,372,67.15623474121094
2017-09-27,AAPL,697,35.89232635498047
2017-09-27,NVDA,5759,4.331424236297607
2017-09-27,AMZN,526,47.54349899291992
2017-09-28,GLD,350,122.20999908447266
2017-09-28,MSFT,373,67.17443084716797
2017-09-28,AAPL,697,35.67124938964844
2017-09-28,NVDA,5753,4.330191135406494
2017-09-28,AMZN,525,47.81999969482422
2017-09-29,GLD,351,121.58000183105469
2017-09-29,MSFT,373,67.73825073242188
2017-09-29,AAPL,703,35.86672592163086
2017-09-29,NVDA,5682,4.40635347366333
2017-09-29,AMZN,523,48.067501068115234
2017-10-02,GLD,355,120.7699966430664
2017-10-02,MSFT,370,67.84736633300781
2017-10-02,AAPL,701,35.794586181640625
2017-10-02,NVDA,5641,4.412023067474365
2017-10-02,AMZN,522,47.95949935913086
2017-10-03,GLD,355,120.83000183105469
2017-10-03,MSFT,369,67.52908325195312
2017-10-03,AAPL,699,35.95051574707031
2017-10-03,NVDA,5668,4.421142578125
2017-10-03,AMZN,522,47.85499954223633
2017-10-04,GLD,354,121.16999816894531
2017-10-04,MSFT,371,67.92012023925781
2017-10-04,AAPL,699,35.71779251098633
2017-10-04,NVDA,5652,4.458115577697754
2017-10-04,AMZN,524,48.272499084472656
2017-10-05,GLD,356,120.5199966430664
2017-10-05,MSFT,369,69.0840835571289
2017-10-05,AAPL,702,36.16227722167969
2017-10-05,NVDA,5624,4.455649375915527
2017-10-05,AMZN,520,49.04249954223633
2017-10-06,GLD,358,121.08999633789062
2017-10-06,MSFT,366,69.11138153076172
2017-10-06,AAPL,699,36.1413459777832
2017-10-06,NVDA,5685,4.468713760375977
2017-10-06,AMZN,517,49.479000091552734
2017-10-09,GLD,358,122.08000183105469
2017-10-09,MSFT,368,69.37509155273438
2017-10-09,AAPL,701,36.26701354980469
2017-10-09,NVDA,5645,4.56952428817749
2017-10-09,AMZN,513,49.54949951171875
2017-10-10,GLD,359,122.4000015258789
2017-10-10,MSFT,370,69.37509155273438
2017-10-10,AAPL,708,36.280967712402344
2017-10-10,NVDA,5450,4.656779766082764
2017-10-10,AMZN,515,49.36000061035156
2017-10-10,GM,-2500,39.112911224365234
2017-10-11,GLD,359,122.79000091552734
2017-10-11,MSFT,370,69.49330139160156
2017-10-11,AAPL,707,36.43224334716797
2017-10-11,NVDA,5486,4.706323146820068
2017-10-11,AMZN,517,49.75
2017-10-11,GM,-2493,39.337852478027344
2017-10-12,GLD,360,122.88999938964844
2017-10-12,MSFT,371,70.12985229492188
2017-10-12,AAPL,710,36.30425262451172
2017-10-12,NVDA,5486,4.708542346954346
2017-10-12,AMZN,518,50.04650115966797
2017-10-12,GM,-2530,38.836082458496094
2017-10-13,GLD,360,123.81999969482422
2017-10-13,MSFT,368,70.46630096435547
2017-10-13,AAPL,711,36.53464889526367
2017-10-13,NVDA,5438,4.79628849029541
2017-10-13,AMZN,516,50.14699935913086
2017-10-13,GM,-2523,39.69256591796875
2017-10-16,GLD,358,122.97000122070312
2017-10-16,MSFT,368,70.6117935180664
2017-10-16,AAPL,704,37.207191467285156
2017-10-16,NVDA,5358,4.8786139488220215
2017-10-16,AMZN,513,50.31700134277344
2017-10-16,GM,-2488,39.588748931884766
2017-10-17,GLD,362,122.12999725341797
2017-10-17,MSFT,367,70.5572509765625
2017-10-17,AAPL,695,37.344505310058594
2017-10-17,NVDA,5313,4.874175548553467
2017-10-17,AMZN,513,50.45650100708008
2017-10-18,GLD,364,121.66999816894531
2017-10-18,MSFT,366,70.57545471191406
2017-10-18,AAPL,693,37.17926788330078
2017-10-18,NVDA,5294,4.869985580444336
2017-10-18,AMZN,513,49.849998474121094
2017-10-19,GLD,360,122.38999938964844
2017-10-19,MSFT,364,70.84823608398438
2017-10-19,AAPL,702,36.299598693847656
2017-10-19,NVDA,5346,4.875408172607422
2017-10-19,AMZN,517,49.330501556396484
2017-10-20,GLD,362,121.61000061035156
2017-10-20,MSFT,362,71.66667175292969
2017-10-20,AAPL,705,36.362430572509766
2017-10-20,NVDA,5260,4.853226184844971
2017-10-20,AMZN,517,49.14550018310547
2017-10-23,GLD,364,121.80000305175781
2017-10-23,MSFT,358,71.68485260009766
2017-10-23,AAPL,704,36.34381103515625
2017-10-23,NVDA,5269,4.846323013305664
2017-10-23,AMZN,520,48.314998626708984
2017-10-24,GLD,362,121.33000183105469
2017-10-24,MSFT,357,71.71214294433594
2017-10-24,AAPL,704,36.560237884521484
2017-10-24,NVDA,5271,4.897098541259766
2017-10-24,AMZN,528,48.79499816894531
2017-10-25,GLD,362,121.3499984741211
2017-10-25,MSFT,358,71.50298309326172
2017-10-25,AAPL,703,36.399662017822266
2017-10-25,NVDA,5277,4.7733659744262695
2017-10-25,AMZN,525,48.64550018310547
2017-10-26,GLD,362,120.33000183105469
2017-10-26,MSFT,356,71.62118530273438
2017-10-26,AAPL,701,36.632389068603516
2017-10-26,NVDA,5338,4.82340145111084
2017-10-26,AMZN,523,48.621498107910156
2017-10-27,GLD,374,120.9000015258789
2017-10-27,MSFT,343,76.21347045898438
2017-10-27,AAPL,709,37.944923400878906
2017-10-27,NVDA,5391,4.975481033325195
2017-10-27,AMZN,497,55.04750061035156
2017-10-30,GLD,378,121.12999725341797
2017-10-30,MSFT,349,76.2862319946289
2017-10-30,AAPL,698,38.79899978637695
2017-10-30,NVDA,5347,5.024284839630127
2017-10-30,AMZN,486,55.54249954223633
2017-10-31,GLD,381,120.66999816894531
2017-10-31,MSFT,350,75.64057159423828
2017-10-31,AAPL,688,39.33890914916992
2017-10-31,NVDA,5317,5.097486972808838
2017-10-31,AMZN,485,55.263999938964844
2017-10-31,INTC,-2714,37.963687896728516
2017-11-01,GLD,379,121.11000061035156
2017-11-01,MSFT,350,75.64057159423828
2017-11-01,AAPL,676,38.83856201171875
2017-11-01,NVDA,5175,5.107101917266846
2017-11-01,AMZN,484,55.183998107910156
2017-11-01,INTC,-2652,38.981849670410156
2017-11-02,GLD,372,121.19000244140625
2017-11-02,MSFT,348,76.43173217773438
2017-11-02,AAPL,678,39.12248611450195
2017-11-02,NVDA,5179,5.07604455947876
2017-11-02,AMZN,480,54.71099853515625
2017-11-03,GLD,374,120.62000274658203
2017-11-03,MSFT,347,76.51356506347656
2017-11-03,AAPL,655,40.14411163330078
2017-11-03,NVDA,5192,5.143828392028809
2017-11-03,AMZN,486,55.58000183105469
2017-11-06,GLD,376,121.6500015258789
2017-11-06,MSFT,347,76.81363677978516
2017-11-06,AAPL,661,40.55138397216797
2017-11-06,NVDA,5192,5.166996479034424
2017-11-06,AMZN,479,56.03300094604492
2017-11-07,GLD,377,121.20999908447266
2017-11-07,MSFT,347,76.63176727294922
2017-11-07,AAPL,661,40.68170166015625
2017-11-07,NVDA,5156,5.226151943206787
2017-11-07,AMZN,476,56.15850067138672
2017-11-08,GLD,377,121.62999725341797
2017-11-08,MSFT,350,76.89550018310547
2017-11-08,AAPL,660,41.01448440551758
2017-11-08,NVDA,5130,5.155412197113037
2017-11-08,AMZN,477,56.64400100708008
2017-11-09,GLD,376,122.12999725341797
2017-11-09,MSFT,349,76.46809387207031
2017-11-09,AAPL,655,40.93070983886719
2017-11-09,NVDA,5271,5.060763359069824
2017-11-09,AMZN,474,56.45650100708008
2017-11-10,GLD,377,121.12999725341797
2017-11-10,MSFT,352,76.26803588867188
2017-11-10,AAPL,656,40.795257568359375
2017-11-10,NVDA,5110,5.327455997467041
2017-11-10,AMZN,476,56.26750183105469
2017-11-13,GLD,378,121.30999755859375
2017-11-13,MSFT,352,76.32257843017578
2017-11-13,AAPL,661,40.63175964355469
2017-11-13,NVDA,5032,5.240941524505615
2017-11-13,AMZN,477,56.458499908447266
2017-11-14,GLD,378,121.55999755859375
2017-11-14,MSFT,352,76.43173217773438
2017-11-14,AAPL,661,40.01750183105469
2017-11-14,NVDA,5089,5.279146194458008
2017-11-14,AMZN,473,56.84199905395508
2017-11-15,GLD,375,121.41000366210938
2017-11-15,MSFT,351,75.83767700195312
2017-11-15,AAPL,672,39.48966598510742
2017-11-15,NVDA,5112,5.175622463226318
2017-11-15,AMZN,473,56.33449935913086
2017-11-16,GLD,628,121.4000015258789
2017-11-17,GLD,376,122.86000061035156
2017-11-17,MSFT,352,75.30760192871094
2017-11-17,AAPL,670,39.73957061767578
2017-11-17,NVDA,5077,5.2096381187438965
2017-11-17,AMZN,470,56.49399948120117
2017-11-20,GLD,374,121.30999755859375
2017-11-20,MSFT,353,75.4264144897461
2017-11-20,AAPL,670,39.699867248535156
2017-11-20,NVDA,5099,5.276681900024414
2017-11-20,AMZN,471,56.31549835205078
2017-11-21,GLD,376,121.51000213623047
2017-11-21,MSFT,353,76.51399230957031
2017-11-21,AAPL,670,40.43791198730469
2017-11-21,NVDA,5027,5.325239181518555
2017-11-21,AMZN,471,56.9744987487793
2017-11-22,GLD,377,122.62999725341797
2017-11-22,MSFT,352,75.95648956298828
2017-11-22,AAPL,666,40.86298370361328
2017-11-22,NVDA,5032,5.301312446594238
2017-11-22,AMZN,472,57.80799865722656
2017-11-24,GLD,378,122.31999969482422
2017-11-24,MSFT,355,76.09356689453125
2017-11-24,AAPL,660,40.865318298339844
2017-11-24,NVDA,5075,5.351382732391357
2017-11-24,AMZN,466,59.29999923706055
2017-11-27,GLD,378,122.83000183105469
2017-11-27,MSFT,357,76.65105438232422
2017-11-27,AAPL,666,40.6597785949707
2017-11-27,NVDA,5082,5.281826972961426
2017-11-27,AMZN,454,59.791500091552734
2017-11-28,GLD,378,122.80999755859375
2017-11-28,MSFT,355,77.57411193847656
2017-11-28,AAPL,668,40.42155456542969
2017-11-28,NVDA,5144,5.197225093841553
2017-11-28,AMZN,452,59.68000030517578
2017-11-29,GLD,378,122.04000091552734
2017-11-29,MSFT,350,76.16666412353516
2017-11-29,AAPL,670,39.58308792114258
2017-11-29,NVDA,5216,4.844757556915283
2017-11-29,AMZN,452,58.063499450683594
2017-11-30,GLD,375,121.0999984741211
2017-11-30,MSFT,348,76.92523956298828
2017-11-30,AAPL,667,40.13662338256836
2017-11-30,NVDA,5401,4.950570583343506
2017-11-30,AMZN,454,58.837501525878906
2017-12-01,GLD,375,121.58999633789062
2017-12-01,MSFT,348,77.00748443603516
2017-12-01,AAPL,668,39.94978332519531
2017-12-01,NVDA,5396,4.875834941864014
2017-12-01,AMZN,453,58.11750030517578
2017-12-04,GLD,377,121.18000030517578
2017-12-04,MSFT,346,74.10120391845703
2017-12-04,AAPL,662,39.6578254699707
2017-12-04,NVDA,5402,4.604025363922119
2017-12-04,AMZN,454,56.6974983215332
2017-12-05,GLD,369,120.31999969482422
2017-12-05,MSFT,347,74.56732177734375
2017-12-05,AAPL,655,39.62046813964844
2017-12-05,NVDA,3827,4.6306633949279785
2017-12-05,AMZN,457,57.07849884033203
2017-12-06,GLD,369,120.06999969482422
2017-12-06,MSFT,347,75.65487670898438
2017-12-06,AAPL,661,39.473323822021484
2017-12-06,NVDA,5649,4.668154716491699
2017-12-06,AMZN,455,57.61750030517578
2017-12-07,GLD,376,118.48999786376953
2017-12-07,MSFT,347,75.38983154296875
2017-12-07,AAPL,661,39.54573059082031
2017-12-07,NVDA,5514,4.735489368438721
2017-12-07,AMZN,452,57.989498138427734
2017-12-08,GLD,379,118.4800033569336
2017-12-08,MSFT,344,76.91610717773438
2017-12-08,AAPL,660,39.55739974975586
2017-12-08,NVDA,5488,4.7231597900390625
2017-12-08,AMZN,449,58.099998474121094
2017-12-11,GLD,379,118.01000213623047
2017-12-11,MSFT,340,77.89398956298828
2017-12-11,AAPL,662,40.32813262939453
2017-12-11,NVDA,5528,4.801346778869629
2017-12-11,AMZN,449,58.44599914550781
2017-12-12,GLD,383,118.1500015258789
2017-12-12,MSFT,338,78.2138671875
2017-12-12,AAPL,654,40.101585388183594
2017-12-12,NVDA,5527,4.707126617431641
2017-12-12,AMZN,450,58.25400161743164
2017-12-13,GLD,383,119.16999816894531
2017-12-13,MSFT,337,78.00366973876953
2017-12-13,AAPL,654,40.23471450805664
2017-12-13,NVDA,5551,4.5921854972839355
2017-12-13,AMZN,450,58.20650100708008
2017-12-14,GLD,378,118.93000030517578
2017-12-14,MSFT,336,77.40048217773438
2017-12-14,AAPL,652,40.2230339050293
2017-12-14,NVDA,5719,4.599338531494141
2017-12-14,AMZN,450,58.7130012512207
2017-12-15,GLD,378,119.18000030517578
2017-12-15,MSFT,338,79.37455749511719
2017-12-15,AAPL,651,40.63175964355469
2017-12-15,NVDA,5681,4.724884986877441
2017-12-15,AMZN,448,58.957000732421875
2017-12-18,GLD,381,119.7300033569336
2017-12-18,MSFT,335,78.94500732421875
2017-12-18,AAPL,652,41.203975677490234
2017-12-18,NVDA,5592,4.88126277923584
2017-12-18,AMZN,448,59.52899932861328
2017-12-19,GLD,382,119.81999969482422
2017-12-19,MSFT,338,78.4423599243164
2017-12-19,AAPL,653,40.7648811340332
2017-12-19,NVDA,5484,4.837113380432129
2017-12-19,AMZN,449,59.36899948120117
2017-12-20,GLD,382,120.13999938964844
2017-12-20,MSFT,339,78.1590347290039
2017-12-20,AAPL,654,40.72052001953125
2017-12-20,NVDA,5482,4.854129791259766
2017-12-20,AMZN,449,58.88100051879883
2017-12-21,GLD,381,120.30999755859375
2017-12-21,MSFT,339,78.14076232910156
2017-12-21,AAPL,654,40.874656677246094
2017-12-21,NVDA,5485,4.831686019897461
2017-12-21,AMZN,453,58.737998962402344
2017-12-22,GLD,378,120.94000244140625
2017-12-22,MSFT,340,78.1499252319336
2017-12-22,AAPL,652,40.874656677246094
2017-12-22,NVDA,5545,4.816392421722412
2017-12-22,AMZN,453,58.417999267578125
2017-12-26,GLD,374,121.7699966430664
2017-12-26,MSFT,340,78.04936981201172
2017-12-26,AAPL,664,39.83766555786133
2017-12-26,NVDA,5566,4.869914531707764
2017-12-26,AMZN,453,58.8380012512207
2017-12-27,GLD,374,122.2300033569336
2017-12-27,MSFT,340,78.33267974853516
2017-12-27,AAPL,670,39.844669342041016
2017-12-27,NVDA,5489,4.863257884979248
2017-12-27,AMZN,452,59.112998962402344
2017-12-28,GLD,374,122.8499984741211
2017-12-28,MSFT,341,78.34185028076172
2017-12-28,AAPL,670,39.956787109375
2017-12-28,NVDA,5483,4.868931770324707
2017-12-28,AMZN,451,59.30500030517578
2017-12-29,GLD,372,123.6500015258789
2017-12-29,MSFT,342,78.17733764648438
2017-12-29,AAPL,673,39.52470016479492
2017-12-29,NVDA,5476,4.77273416519165
2017-12-29,AMZN,453,58.4734992980957
2018-01-02,GLD,369,125.1500015258789
2018-01-02,MSFT,341,78.55204010009766
2018-01-02,AAPL,673,40.23238754272461
2018-01-02,NVDA,5546,4.917026519775391
2018-01-02,AMZN,457,59.45050048828125
2018-01-03,GLD,371,124.81999969482422
2018-01-03,MSFT,344,78.91758728027344
2018-01-03,AAPL,673,40.225364685058594
2018-01-03,NVDA,5383,5.240635871887207
2018-01-03,AMZN,457,60.209999084472656
2018-01-04,GLD,376,125.45999908447266
2018-01-04,MSFT,346,79.61219787597656
2018-01-04,AAPL,680,40.4122200012207
2018-01-04,NVDA,5152,5.2682600021362305
2018-01-04,AMZN,456,60.47949981689453
2018-01-05,GLD,377,125.33000183105469
2018-01-05,MSFT,344,80.5992202758789
2018-01-05,AAPL,680,40.872314453125
2018-01-05,NVDA,5206,5.312905788421631
2018-01-05,AMZN,452,61.457000732421875
2018-01-08,GLD,380,125.30999755859375
2018-01-08,MSFT,344,80.68147277832031
2018-01-08,AAPL,681,40.72052001953125
2018-01-08,NVDA,5108,5.475696563720703
2018-01-08,AMZN,450,62.34349822998047
2018-01-09,GLD,383,124.7300033569336
2018-01-09,MSFT,344,80.62664031982422
2018-01-09,AAPL,683,40.715843200683594
2018-01-09,NVDA,5083,5.474215984344482
2018-01-09,AMZN,444,62.6349983215332
2018-01-10,GLD,380,125.02999877929688
2018-01-10,MSFT,345,80.26109313964844
2018-01-10,AAPL,685,40.70649719238281
2018-01-10,NVDA,5147,5.517134189605713
2018-01-10,AMZN,445,62.71649932861328
2018-01-11,GLD,382,125.44000244140625
2018-01-11,MSFT,347,80.49870300292969
2018-01-11,AAPL,685,40.93771743774414
2018-01-11,NVDA,5037,5.527000427246094
2018-01-11,AMZN,444,63.83399963378906
2018-01-12,GLD,382,126.95999908447266
2018-01-12,MSFT,347,81.88785552978516
2018-01-12,AAPL,683,41.3604621887207
2018-01-12,NVDA,5091,5.499870300292969
2018-01-12,AMZN,441,65.26000213623047
2018-01-16,GLD,512,127.16999816894531
2018-01-16,MSFT,198,80.7454605102539
2018-01-16,AAPL,391,41.15025329589844
2018-01-16,NVDA,2938,5.4290771484375
2018-01-16,AMZN,246,65.24299621582031
2018-01-17,GLD,383,126.13999938964844
2018-01-17,MSFT,347,82.38137817382812
2018-01-17,AAPL,688,41.82990646362305
2018-01-17,NVDA,5199,5.54278564453125
2018-01-17,AMZN,431,64.75
2018-01-17,BA,-335,334.5100402832031
2018-01-18,GLD,502,125.86000061035156
2018-01-18,MSFT,194,82.34481811523438
2018-01-18,AAPL,379,41.867271423339844
2018-01-18,NVDA,2869,5.535879611968994
2018-01-18,AMZN,245,64.66600036621094
2018-01-19,GLD,502,126.41999816894531
2018-01-19,MSFT,194,82.25341796875
2018-01-19,AAPL,381,41.68042755126953
2018-01-19,NVDA,2828,5.675731658935547
2018-01-19,AMZN,243,64.72899627685547
2018-01-22,GLD,502,126.6500015258789
2018-01-22,MSFT,194,83.724853515625
2018-01-22,AAPL,383,41.33942794799805
2018-01-22,NVDA,2796,5.76403284072876
2018-01-22,AMZN,245,66.3655014038086
2018-01-23,GLD,505,127.27999877929688
2018-01-23,MSFT,191,83.98989868164062
2018-01-23,AAPL,386,41.34877395629883
2018-01-23,NVDA,2751,5.892786979675293
2018-01-23,AMZN,240,68.12699890136719
2018-01-24,GLD,504,128.8300018310547
2018-01-24,MSFT,191,83.9167709350586
2018-01-24,AAPL,390,40.69015884399414
2018-01-24,NVDA,2740,5.816077709197998
2018-01-24,AMZN,235,67.87550354003906
2018-01-25,GLD,502,127.97000122070312
2018-01-25,MSFT,191,84.38288879394531
2018-01-25,AAPL,395,39.96379470825195
2018-01-25,NVDA,2747,5.829643249511719
2018-01-25,AMZN,235,68.89749908447266
2018-01-26,GLD,502,128.07000732421875
2018-01-26,MSFT,190,85.9639892578125
2018-01-26,AAPL,401,40.057212829589844
2018-01-26,NVDA,2746,6.001807689666748
2018-01-26,AMZN,232,70.10250091552734
2018-01-29,GLD,506,127.3499984741211
2018-01-29,MSFT,186,85.83604431152344
2018-01-29,AAPL,406,39.228084564208984
2018-01-29,NVDA,2699,6.088627815246582
2018-01-29,AMZN,230,70.88400268554688
2018-01-30,GLD,628,126.80000305175781
2018-01-30,NFLX,-3871,27.8799991607666
2018-01-31,GLD,624,127.6500015258789
2018-01-31,NFLX,-3756,27.030000686645508
2018-02-01,GLD,644,128.07000732421875
2018-02-01,NFLX,-4102,26.506999969482422
2018-02-02,GLD,391,126.38999938964844
2018-02-02,NFLX,-4181,26.743000030517578
2018-02-02,MSFT,337,83.88021850585938
2018-02-02,AAPL,744,37.485755920410156
2018-02-02,AMZN,390,71.49749755859375
2018-02-02,NVDA,4938,5.759841442108154
2018-02-05,GLD,191,126.70999908447266
2018-02-05,NFLX,-4097,25.426000595092773
2018-02-05,MSFT,413,80.42559814453125
2018-02-05,AAPL,920,36.549190521240234
2018-02-05,AMZN,487,69.5
2018-02-05,NVDA,6109,5.270975112915039
2018-02-06,GLD,190,125.37999725341797
2018-02-06,MSFT,428,83.46896362304688
2018-02-06,AAPL,941,38.07666015625
2018-02-06,AMZN,499,72.14199829101562
2018-02-06,NVDA,4501,5.563997268676758
2018-02-07,MSFT,463,81.89701080322266
2018-02-07,AAPL,1372,37.261539459228516
2018-02-07,AMZN,529,70.83899688720703
2018-02-07,NVDA,6770,5.64341926574707
2018-02-08,MSFT,465,77.69293975830078
2018-02-08,AAPL,1388,36.23622131347656
2018-02-08,AMZN,533,67.5250015258789
2018-02-08,NVDA,6610,5.365194797515869
2018-02-09,MSFT,317,80.59009552001953
2018-02-09,AAPL,1388,36.67945098876953
2018-02-09,AMZN,545,66.9800033569336
2018-02-09,NVDA,6380,5.724322319030762
2018-02-12,GLD,655,125.37000274658203
2018-02-13,GLD,654,126.08000183105469
2018-02-14,GLD,652,128.22999572753906
2018-02-15,GLD,130,128.3800048828125
2018-02-15,MSFT,408,85.08229064941406
2018-02-15,AAPL,1171,40.56760787963867
2018-02-15,NVDA,5665,6.079996109008789
2018-02-15,AMZN,466,73.08799743652344
2018-02-16,GLD,130,127.95999908447266
2018-02-16,MSFT,406,84.47626495361328
2018-02-16,AAPL,1161,40.436279296875
2018-02-16,NVDA,5681,6.014388084411621
2018-02-16,AMZN,471,72.43450164794922
2018-02-20,GLD,130,126.23999786376953
2018-02-20,MSFT,407,85.13737487792969
2018-02-20,AAPL,1157,40.30025863647461
2018-02-20,NVDA,5668,6.1436333656311035
2018-02-20,AMZN,473,73.4175033569336
2018-02-21,GLD,133,125.66000366210938
2018-02-21,MSFT,407,84.00794219970703
2018-02-21,AAPL,1166,40.117347717285156
2018-02-21,NVDA,5587,5.956916332244873
2018-02-21,AMZN,468,74.14600372314453
2018-02-22,GLD,198,126.30000305175781
2018-02-22,MSFT,385,84.22833251953125
2018-02-22,AAPL,1099,40.45269775390625
2018-02-22,NVDA,5420,5.976414203643799
2018-02-22,AMZN,435,74.26699829101562
2018-02-23,GLD,134,126.13999938964844
2018-02-23,MSFT,402,86.3677978515625
2018-02-23,AAPL,1159,41.15620803833008
2018-02-23,NVDA,5734,6.06970739364624
2018-02-23,AMZN,462,75.0
2018-02-26,GLD,134,126.44999694824219
2018-02-26,MSFT,403,87.61656951904297
2018-02-26,AAPL,1153,41.969970703125
2018-02-26,NVDA,5717,6.08574914932251
2018-02-26,AMZN,463,76.09750366210938
2018-02-27,GLD,135,125.12999725341797
2018-02-27,MSFT,401,86.496337890625
2018-02-27,AAPL,1143,41.83395004272461
2018-02-27,NVDA,5806,6.072915554046631
2018-02-27,AMZN,462,75.5989990234375
2018-02-28,GLD,136,125.0
2018-02-28,MSFT,403,86.10152435302734
2018-02-28,AAPL,1139,41.7706298828125
2018-02-28,NVDA,5772,5.972711563110352
2018-02-28,AMZN,462,75.62249755859375
2018-03-01,GLD,136,124.72000122070312
2018-03-01,MSFT,403,85.25672912597656
2018-03-01,AAPL,1135,41.03895950317383
2018-03-01,NVDA,5836,5.7310872077941895
2018-03-01,AMZN,461,74.67250061035156
2018-03-02,GLD,131,125.38999938964844
2018-03-02,MSFT,403,85.44039916992188
2018-03-02,AAPL,1139,41.32270812988281
2018-03-02,NVDA,6022,5.837954998016357
2018-03-02,AMZN,461,75.01249694824219
2018-03-05,MSFT,449,85.9821548461914
2018-03-05,AAPL,1265,41.46577072143555
2018-03-05,NVDA,6588,5.815991401672363
2018-03-05,AMZN,510,76.18049621582031
2018-03-06,MSFT,404,85.68830871582031
2018-03-06,AAPL,1143,41.430580139160156
2018-03-06,NVDA,5922,5.976660251617432
2018-03-06,AMZN,456,76.88200378417969
2018-03-06,GLD,134,126.52999877929688
2018-03-07,MSFT,405,86.18415832519531
2018-03-07,AAPL,1151,41.04599380493164
2018-03-07,NVDA,5900,5.9687628746032715
2018-03-07,AMZN,455,77.25
2018-03-07,GLD,134,125.72000122070312
2018-03-08,MSFT,405,86.70753479003906
2018-03-08,AAPL,1159,41.493919372558594
2018-03-08,NVDA,5834,5.952473163604736
2018-03-08,AMZN,452,77.59300231933594
2018-03-08,GLD,134,125.41999816894531
2018-03-09,MSFT,403,88.64498901367188
2018-03-09,AAPL,1151,42.20680236816406
2018-03-09,NVDA,5869,6.054898738861084
2018-03-09,AMZN,451,78.94450378417969
2018-03-09,GLD,136,125.54000091552734
2018-03-12,MSFT,342,88.85615539550781
2018-03-12,AAPL,716,42.6148567199707
2018-03-12,NVDA,4962,6.16423225402832
2018-03-12,AMZN,380,79.91950225830078
2018-03-12,GLD,414,125.54000091552734
2018-03-13,MSFT,342,86.68916320800781
2018-03-13,AAPL,713,42.2044677734375
2018-03-13,NVDA,4918,6.113637447357178
2018-03-13,AMZN,378,79.40899658203125
2018-03-13,GLD,416,125.77999877929688
2018-03-14,MSFT,346,86.17497253417969
2018-03-14,AAPL,715,41.84567642211914
2018-03-14,NVDA,4916,6.1390581130981445
2018-03-14,AMZN,378,79.55000305175781
2018-03-14,GLD,414,125.69999694824219
2018-03-15,MSFT,350,86.47796630859375
2018-03-15,AAPL,719,41.894920349121094
2018-03-15,NVDA,4893,6.153868198394775
2018-03-15,AMZN,378,79.11599731445312
2018-03-15,GLD,413,124.9000015258789
2018-03-16,MSFT,347,86.86363220214844
2018-03-16,AAPL,719,41.7471923828125
2018-03-16,NVDA,4883,6.182003498077393
2018-03-16,AMZN,380,78.58399963378906
2018-03-16,GLD,413,124.5999984741211
2018-03-19,MSFT,347,85.2934799194336
2018-03-19,AAPL,719,41.10932159423828
2018-03-19,NVDA,4882,5.948032379150391
2018-03-19,AMZN,384,77.24649810791016
2018-03-19,GLD,412,124.87000274658203
2018-03-20,MSFT,347,85.51384735107422
2018-03-20,AAPL,721,41.09524917602539
2018-03-20,NVDA,4983,6.159791946411133
2018-03-20,AMZN,383,79.32550048828125
2018-03-20,GLD,409,124.30999755859375
2018-03-21,MSFT,351,84.91702270507812
2018-03-21,AAPL,730,40.16424560546875
2018-03-21,NVDA,4872,6.134616851806641
2018-03-21,AMZN,378,79.09300231933594
2018-03-21,GLD,409,126.4800033569336
2018-03-22,MSFT,354,82.44700622558594
2018-03-22,AAPL,744,39.596736907958984
2018-03-22,NVDA,4887,5.969007968902588
2018-03-22,AMZN,379,77.24600219726562
2018-03-22,GLD,404,125.9800033569336
2018-03-23,MSFT,435,80.05043029785156
2018-03-23,AAPL,907,38.6798095703125
2018-03-23,NVDA,5987,5.749844551086426
2018-03-23,AMZN,465,74.77799987792969
2018-03-23,GLD,198,127.61000061035156
2018-03-26,MSFT,287,86.11068725585938
2018-03-26,AAPL,907,40.51601028442383
2018-03-26,NVDA,6083,6.0339202880859375
2018-03-26,AMZN,467,77.79299926757812
2018-03-26,GLD,197,128.27999877929688
2018-03-27,MSFT,345,82.15316772460938
2018-03-27,AAPL,741,39.47714614868164
2018-03-27,NVDA,4932,5.565974712371826
2018-03-27,AMZN,384,74.85250091552734
2018-03-27,GLD,406,127.48999786376953
2018-03-28,MSFT,457,82.07968139648438
2018-03-28,AAPL,1313,39.04094314575195
2018-03-28,NVDA,4552,5.4630560874938965
2018-03-28,AMZN,522,71.57099914550781
2018-03-29,GLD,654,125.79000091552734
2018-04-02,GLD,131,127.26000213623047
2018-04-02,MSFT,409,81.28084564208984
2018-04-02,AAPL,1186,39.08786392211914
2018-04-02,NVDA,6020,5.455652236938477
2018-04-02,AMZN,479,68.59950256347656
2018-04-03,GLD,647,126.30000305175781
2018-04-04,GLD,130,126.44999694824219
2018-04-04,MSFT,420,84.77928161621094
2018-04-04,AAPL,1196,40.24397659301758
2018-04-04,NVDA,6392,5.58374547958374
2018-04-04,AMZN,499,70.52850341796875
2018-04-05,GLD,136,125.80000305175781
2018-04-05,MSFT,417,84.82518768310547
2018-04-05,AAPL,1193,40.52304458618164
2018-04-05,NVDA,6271,5.463797569274902
2018-04-05,AMZN,491,72.5875015258789
2018-04-06,GLD,400,126.38999938964844
2018-04-06,MSFT,353,82.85102081298828
2018-04-06,AAPL,738,39.486515045166016
2018-04-06,NVDA,5519,5.287824630737305
2018-04-06,AMZN,414,70.2614974975586
2018-04-09,GLD,134,126.81999969482422
2018-04-09,MSFT,415,83.34683227539062
2018-04-09,AAPL,1190,39.87815475463867
2018-04-09,NVDA,6497,5.3164544105529785
2018-04-09,AMZN,487,70.30400085449219
2018-04-10,GLD,134,127.12000274658203
2018-04-10,MSFT,416,85.28429412841797
2018-04-10,AAPL,1187,40.62857437133789
2018-04-10,NVDA,6366,5.624961853027344
2018-04-10,AMZN,493,71.81099700927734
2018-04-11,GLD,134,128.11000061035156
2018-04-11,MSFT,418,84.34772491455078
2018-04-11,AAPL,1194,40.438629150390625
2018-04-11,NVDA,6306,5.58374547958374
2018-04-11,AMZN,492,71.35250091552734
2018-04-12,GLD,203,126.62000274658203
2018-04-12,MSFT,396,85.92705535888672
2018-04-12,AAPL,1125,40.83728790283203
2018-04-12,NVDA,5910,5.790074348449707
2018-04-12,AMZN,467,72.42500305175781
2018-04-13,GLD,138,127.44999694824219
2018-04-13,MSFT,415,85.46795654296875
2018-04-13,AAPL,1195,40.975650787353516
2018-04-13,NVDA,6137,5.713565826416016
2018-04-13,AMZN,495,71.53949737548828
2018-04-16,GLD,136,127.62999725341797
2018-04-16,MSFT,415,86.46879577636719
2018-04-16,AAPL,1189,41.231266021728516
2018-04-16,NVDA,6255,5.713319301605225
2018-04-16,AMZN,495,72.07499694824219
2018-04-17,GLD,137,127.75
2018-04-17,MSFT,414,88.21342468261719
2018-04-17,AAPL,1188,41.79877853393555
2018-04-17,NVDA,6251,5.862637042999268
2018-04-17,AMZN,493,75.19149780273438
2018-04-18,GLD,137,127.8499984741211
2018-04-18,MSFT,414,88.55314636230469
2018-04-18,AAPL,1194,41.70497512817383
2018-04-18,NVDA,6283,5.8337578773498535
2018-04-18,AMZN,483,76.39199829101562
2018-04-19,GLD,137,127.5999984741211
2018-04-19,MSFT,411,88.25013732910156
2018-04-19,AAPL,1215,40.52304458618164
2018-04-19,NVDA,6351,5.652850151062012
2018-04-19,AMZN,471,77.84549713134766
2018-04-20,GLD,138,126.62999725341797
2018-04-20,MSFT,410,87.2309341430664
2018-04-20,AAPL,1230,38.862728118896484
2018-04-20,NVDA,6393,5.6447062492370605
2018-04-20,AMZN,463,76.37449645996094
2018-04-23,GLD,138,125.62000274658203
2018-04-23,MSFT,408,87.55229949951172
2018-04-23,AAPL,1247,38.75015640258789
2018-04-23,NVDA,6323,5.525500297546387
2018-04-23,AMZN,463,75.89299774169922
2018-04-24,GLD,138,126.2300033569336
2018-04-24,MSFT,403,85.50467681884766
2018-04-24,AAPL,1249,38.2108039855957
2018-04-24,NVDA,6413,5.459353923797607
2018-04-24,AMZN,463,73.00450134277344
2018-04-25,GLD,403,125.41000366210938
2018-04-25,MSFT,345,84.76090240478516
2018-04-25,AAPL,773,38.37730026245117
2018-04-25,NVDA,5429,5.347305774688721
2018-04-25,AMZN,405,73.00849914550781
2018-04-26,GLD,405,124.97000122070312
2018-04-26,MSFT,345,86.55142974853516
2018-04-26,AAPL,772,38.510963439941406
2018-04-26,NVDA,5392,5.558570384979248
2018-04-26,AMZN,401,75.89800262451172
2018-04-27,GLD,417,125.5
2018-04-27,MSFT,341,87.98387145996094
2018-04-27,AAPL,792,38.065391540527344
2018-04-27,NVDA,5382,5.58596658706665
2018-04-27,AMZN,374,78.63099670410156
2018-04-30,GLD,139,124.58999633789062
2018-04-30,MSFT,401,85.87195587158203
2018-04-30,AAPL,1272,38.75486373901367
2018-04-30,NVDA,6333,5.550673007965088
2018-04-30,AMZN,448,78.30650329589844
2018-05-01,GLD,414,123.70999908447266
2018-05-01,MSFT,351,87.2309341430664
2018-05-01,AAPL,769,39.65536117553711
2018-05-01,NVDA,5411,5.605957984924316
2018-05-01,AMZN,384,79.11299896240234
2018-05-02,GLD,421,123.6500015258789
2018-05-02,MSFT,349,85.86276245117188
2018-05-02,AAPL,741,41.40713882446289
2018-05-02,NVDA,5431,5.585473537445068
2018-05-02,AMZN,384,78.48400115966797
2018-05-03,GLD,418,124.27999877929688
2018-05-03,MSFT,355,86.37699890136719
2018-05-03,AAPL,736,41.48218536376953
2018-05-03,NVDA,5402,5.750338554382324
2018-05-03,AMZN,389,78.60399627685547
2018-05-04,GLD,421,124.54000091552734
2018-05-04,MSFT,355,87.37781524658203
2018-05-04,AAPL,730,43.109676361083984
2018-05-04,NVDA,5328,5.900150299072266
2018-05-04,AMZN,390,79.04750061035156
2018-05-07,GLD,428,124.56999969482422
2018-05-07,MSFT,356,88.35114288330078
2018-05-07,AAPL,717,43.421573638916016
2018-05-07,NVDA,5182,6.13757848739624
2018-05-07,AMZN,391,80.00700378417969
2018-05-08,GLD,431,124.58999633789062
2018-05-08,MSFT,355,87.97466278076172
2018-05-08,AAPL,720,43.63026809692383
2018-05-08,NVDA,5091,6.180028438568115
2018-05-08,AMZN,391,79.61949920654297
2018-05-09,GLD,432,124.33000183105469
2018-05-09,MSFT,355,89.01228332519531
2018-05-09,AAPL,718,43.937496185302734
2018-05-09,NVDA,5062,6.312811374664307
2018-05-09,AMZN,392,80.4000015258789
2018-05-10,GLD,145,125.18000030517578
2018-05-10,MSFT,417,89.90292358398438
2018-05-10,AAPL,1156,44.56597137451172
2018-05-10,NVDA,5868,6.42017126083374
2018-05-10,AMZN,464,80.4540023803711
2018-05-11,GLD,145,125.0
2018-05-11,MSFT,417,89.71011352539062
2018-05-11,AAPL,1143,44.3964729309082
2018-05-11,NVDA,5991,6.281961441040039
2018-05-11,AMZN,464,80.14550018310547
2018-05-14,GLD,145,124.48999786376953
2018-05-14,MSFT,417,90.01313018798828
2018-05-14,AAPL,1146,44.292884826660156
2018-05-14,NVDA,5921,6.302445411682129
2018-05-14,AMZN,466,80.0770034790039
2018-05-15,GLD,146,122.4800033569336
2018-05-15,MSFT,415,89.36119079589844
2018-05-15,AAPL,1148,43.89031982421875
2018-05-15,NVDA,5935,6.060573577880859
2018-05-15,AMZN,466,78.80599975585938
2018-05-16,GLD,436,122.29000091552734
2018-05-16,MSFT,348,89.5917739868164
2018-05-16,AAPL,712,44.29996109008789
2018-05-16,NVDA,5177,6.071680068969727
2018-05-16,AMZN,396,79.36399841308594
2018-05-17,GLD,147,122.36000061035156
2018-05-17,MSFT,412,88.69722747802734
2018-05-17,AAPL,1134,44.01982498168945
2018-05-17,NVDA,6060,6.113637447357178
2018-05-17,AMZN,465,79.08799743652344
2018-05-18,GLD,147,122.41000366210938
2018-05-18,MSFT,415,88.86318969726562
2018-05-18,AAPL,1139,43.85972595214844
2018-05-18,NVDA,5972,6.069953441619873
2018-05-18,AMZN,465,78.71849822998047
2018-05-21,GLD,147,122.4800033569336
2018-05-21,MSFT,414,90.00672149658203
2018-05-21,AAPL,1139,44.170475006103516
2018-05-21,NVDA,5990,6.027997016906738
2018-05-21,AMZN,466,79.27300262451172
2018-05-22,GLD,146,122.41000366210938
2018-05-22,MSFT,410,89.91450500488281
2018-05-22,AAPL,1135,44.059844970703125
2018-05-22,NVDA,6109,5.989987373352051
2018-05-22,AMZN,465,79.06999969482422
2018-05-23,GLD,434,122.54000091552734
2018-05-23,MSFT,348,90.9842758178711
2018-05-23,AAPL,707,44.34232711791992
2018-05-23,NVDA,5222,6.113220691680908
2018-05-23,AMZN,395,80.09300231933594
2018-05-24,GLD,437,123.58999633789062
2018-05-24,MSFT,346,90.66150665283203
2018-05-24,AAPL,707,44.292884826660156
2018-05-24,NVDA,5147,6.11692476272583
2018-05-24,AMZN,394,80.15350341796875
2018-05-25,GLD,437,123.20999908447266
2018-05-25,MSFT,347,90.70760345458984
2018-05-25,AAPL,710,44.39412307739258
2018-05-25,NVDA,5136,6.156190395355225
2018-05-25,AMZN,393,80.50749969482422
2018-05-29,GLD,437,123.19000244140625
2018-05-29,MSFT,347,90.38483428955078
2018-05-29,AAPL,710,44.23403549194336
2018-05-29,NVDA,5113,6.139149188995361
2018-05-29,AMZN,393,80.64350128173828
2018-05-30,GLD,730,123.37000274658203
2018-05-31,GLD,439,123.0999984741211
2018-05-31,MSFT,344,91.1502456665039
2018-05-31,AAPL,715,43.99156951904297
2018-05-31,NVDA,5069,6.22805643081665
2018-05-31,AMZN,388,81.48100280761719
2018-06-01,GLD,441,122.48999786376953
2018-06-01,MSFT,344,92.94855499267578
2018-06-01,AAPL,714,44.784912109375
2018-06-01,NVDA,5033,6.362155914306641
2018-06-01,AMZN,386,82.0770034790039
2018-06-04,GLD,445,122.37000274658203
2018-06-04,MSFT,342,93.76005554199219
2018-06-04,AAPL,708,45.159202575683594
2018-06-04,NVDA,4990,6.540707111358643
2018-06-04,AMZN,387,83.26349639892578
2018-06-05,GLD,449,122.8499984741211
2018-06-05,MSFT,342,94.2396469116211
2018-06-05,AAPL,708,45.50761413574219
2018-06-05,NVDA,4914,6.546140670776367
2018-06-05,AMZN,385,84.81749725341797
2018-06-06,GLD,449,122.91999816894531
2018-06-06,MSFT,342,94.51629638671875
2018-06-06,AAPL,708,45.665348052978516
2018-06-06,NVDA,4996,6.54811429977417
2018-06-06,AMZN,379,84.7874984741211
2018-06-07,GLD,450,122.86000061035156
2018-06-07,MSFT,342,93.03154754638672
2018-06-07,AAPL,708,45.542930603027344
2018-06-07,NVDA,4940,6.492549896240234
2018-06-07,AMZN,380,84.46499633789062
2018-06-08,GLD,447,123.01000213623047
2018-06-08,MSFT,343,93.72319030761719
2018-06-08,AAPL,711,45.12860107421875
2018-06-08,NVDA,4988,6.477237224578857
2018-06-08,AMZN,381,84.19950103759766
2018-06-11,GLD,447,123.2300033569336
2018-06-11,MSFT,344,93.1883316040039
2018-06-11,AAPL,711,45.01795959472656
2018-06-11,NVDA,4961,6.436241149902344
2018-06-11,AMZN,381,84.45600128173828
2018-06-12,GLD,447,122.81999969482422
2018-06-12,MSFT,344,93.4280776977539
2018-06-12,AAPL,712,45.26514434814453
2018-06-12,NVDA,4965,6.484646320343018
2018-06-12,AMZN,380,84.9375
2018-06-13,GLD,449,123.19000244140625
2018-06-13,MSFT,344,93.00386810302734
2018-06-13,AAPL,711,44.8931884765625
2018-06-13,NVDA,4964,6.480201244354248
2018-06-13,AMZN,379,85.24299621582031
2018-06-14,GLD,448,123.37999725341797
2018-06-14,MSFT,344,93.52954864501953
2018-06-14,AAPL,715,44.916744232177734
2018-06-14,NVDA,4948,6.591579914093018
2018-06-14,AMZN,377,86.19300079345703
2018-06-15,GLD,450,121.33999633789062
2018-06-15,MSFT,344,92.33990478515625
2018-06-15,AAPL,718,44.45532989501953
2018-06-15,NVDA,4919,6.550830841064453
2018-06-15,AMZN,376,85.79850006103516
2018-06-18,GLD,450,121.11000061035156
2018-06-18,MSFT,345,93.01310729980469
2018-06-18,AAPL,721,44.43179702758789
2018-06-18,NVDA,4904,6.546633720397949
2018-06-18,AMZN,374,86.18949890136719
2018-06-19,GLD,450,120.80000305175781
2018-06-19,MSFT,345,93.01310729980469
2018-06-19,AAPL,728,43.71377944946289
2018-06-19,NVDA,4924,6.425129413604736
2018-06-19,AMZN,372,86.73899841308594
2018-06-20,GLD,453,120.26000213623047
2018-06-20,MSFT,342,93.94451904296875
2018-06-20,AAPL,728,43.904457092285156
2018-06-20,NVDA,4943,6.4779791831970215
2018-06-20,AMZN,367,87.50399780273438
2018-06-21,GLD,458,120.05000305175781
2018-06-21,MSFT,341,93.2713394165039
2018-06-21,AAPL,728,43.659629821777344
2018-06-21,NVDA,4923,6.349560737609863
2018-06-21,AMZN,365,86.51100158691406
2018-06-22,GLD,454,120.33999633789062
2018-06-22,MSFT,343,92.59813690185547
2018-06-22,AAPL,726,43.53250503540039
2018-06-22,NVDA,4991,6.197433948516846
2018-06-22,AMZN,365,85.78350067138672
2018-06-25,GLD,448,119.88999938964844
2018-06-25,MSFT,340,90.73526763916016
2018-06-25,AAPL,726,42.8851203918457
2018-06-25,NVDA,5147,5.905282020568848
2018-06-25,AMZN,368,83.15750122070312
2018-06-26,GLD,744,119.26000213623047
2018-06-27,GLD,150,118.58000183105469
2018-06-27,MSFT,398,89.95138549804688
2018-06-27,AAPL,1144,43.353580474853516
2018-06-27,NVDA,6077,5.821314334869385
2018-06-27,AMZN,428,83.02549743652344
2018-06-28,GLD,735,118.22000122070312
2018-06-29,GLD,735,118.6500015258789
2018-07-02,GLD,148,117.45999908447266
2018-07-02,MSFT,396,92.22923278808594
2018-07-02,AAPL,1131,44.06452941894531
2018-07-02,NVDA,6211,5.982333183288574
2018-07-02,AMZN,426,85.68900299072266
2018-07-03,GLD,450,118.6500015258789
2018-07-03,MSFT,337,91.34392547607422
2018-07-03,AAPL,705,43.29709243774414
2018-07-03,NVDA,5175,5.848974227905273
2018-07-03,AMZN,362,84.697998046875
2018-07-05,GLD,149,119.05000305175781
2018-07-05,MSFT,397,91.99869537353516
2018-07-05,AAPL,1139,43.645503997802734
2018-07-05,NVDA,6170,5.9944329261779785
2018-07-05,AMZN,427,84.98650360107422
2018-07-06,GLD,149,118.86000061035156
2018-07-06,MSFT,397,93.2897720336914
2018-07-06,AAPL,1140,44.25050735473633
2018-07-06,NVDA,6115,6.108035564422607
2018-07-06,AMZN,430,85.53150177001953
2018-07-09,GLD,452,119.1500015258789
2018-07-09,MSFT,337,93.92607116699219
2018-07-09,AAPL,708,44.86493682861328
2018-07-09,NVDA,5105,6.155448913574219
2018-07-09,AMZN,367,86.95099639892578
2018-07-10,GLD,455,118.93000030517578
2018-07-10,MSFT,336,94.17508697509766
2018-07-10,AAPL,704,44.8108024597168
2018-07-10,NVDA,5120,6.25423526763916
2018-07-10,AMZN,364,87.15350341796875
2018-07-11,GLD,455,117.63999938964844
2018-07-11,MSFT,337,94.04596710205078
2018-07-11,AAPL,708,44.229339599609375
2018-07-11,NVDA,5104,6.112972736358643
2018-07-11,AMZN,362,87.75
2018-07-12,GLD,458,118.12999725341797
2018-07-12,MSFT,334,96.08403015136719
2018-07-12,AAPL,708,44.970882415771484
2018-07-12,NVDA,5129,6.204348564147949
2018-07-12,AMZN,359,89.83100128173828
2018-07-13,GLD,464,117.61000061035156
2018-07-13,MSFT,331,97.2275619506836
2018-07-13,AAPL,708,45.041500091552734
2018-07-13,NVDA,5118,6.157179832458496
2018-07-13,AMZN,354,90.65149688720703
2018-07-16,GLD,155,117.55000305175781
2018-07-16,MSFT,386,96.74803161621094
2018-07-16,AAPL,1136,44.942626953125
2018-07-16,NVDA,6128,6.129519939422607
2018-07-16,AMZN,412,91.12449645996094
2018-07-17,GLD,464,116.27999877929688
2018-07-17,MSFT,329,97.70710754394531
2018-07-17,AAPL,709,45.06975173950195
2018-07-17,NVDA,5206,6.26509952545166
2018-07-17,AMZN,350,92.19650268554688
2018-07-18,GLD,158,116.30999755859375
2018-07-18,MSFT,385,96.94166564941406
2018-07-18,AAPL,1137,44.822566986083984
2018-07-18,NVDA,6019,6.21595573425293
2018-07-18,AMZN,407,92.14600372314453
2018-07-19,GLD,158,115.80999755859375
2018-07-19,MSFT,385,96.27767944335938
2018-07-19,AAPL,1139,45.17097854614258
2018-07-19,NVDA,6023,6.224104881286621
2018-07-19,AMZN,408,90.64849853515625
2018-07-20,GLD,470,116.55999755859375
2018-07-20,MSFT,321,98.00220489501953
2018-07-20,AAPL,709,45.067405700683594
2018-07-20,NVDA,5140,6.195951461791992
2018-07-20,AMZN,351,90.68499755859375
2018-07-23,GLD,469,116.0
2018-07-23,MSFT,324,99.5699462890625
2018-07-23,AAPL,708,45.107421875
2018-07-23,NVDA,5150,6.159402847290039
2018-07-23,AMZN,351,90.0999984741211
2018-07-24,GLD,472,116.04000091552734
2018-07-24,MSFT,320,99.28407287597656
2018-07-24,AAPL,707,45.43464279174805
2018-07-24,NVDA,5155,6.142115116119385
2018-07-24,AMZN,350,91.46199798583984
2018-07-25,GLD,470,116.68000030517578
2018-07-25,MSFT,321,102.2074203491211
2018-07-25,AAPL,704,45.863101959228516
2018-07-25,NVDA,5199,6.22015380859375
2018-07-25,AMZN,350,93.18049621582031
2018-07-26,GLD,474,115.7699966430664
2018-07-26,MSFT,316,101.0915756225586
2018-07-26,AAPL,703,45.71949005126953
2018-07-26,NVDA,5191,6.2935004234313965
2018-07-26,AMZN,350,90.4000015258789
2018-07-27,GLD,478,115.83000183105469
2018-07-27,MSFT,318,99.30249786376953
2018-07-27,AAPL,704,44.959102630615234
2018-07-27,NVDA,5111,6.223857402801514
2018-07-27,AMZN,345,90.8635025024414
2018-07-30,GLD,473,115.6500015258789
2018-07-30,MSFT,322,97.1722183227539
2018-07-30,AAPL,706,44.707218170166016
2018-07-30,NVDA,5116,6.029008865356445
2018-07-30,AMZN,349,88.96099853515625
2018-07-31,GLD,469,115.98999786376953
2018-07-31,MSFT,322,97.8270034790039
2018-07-31,AAPL,704,44.79667663574219
2018-07-31,NVDA,5237,6.0470356941223145
2018-07-31,AMZN,352,88.87200164794922
2018-08-01,GLD,471,115.13999938964844
2018-08-01,MSFT,325,98.01143646240234
2018-08-01,AAPL,679,47.435646057128906
2018-08-01,NVDA,5230,6.086796283721924
2018-08-01,AMZN,356,89.8584976196289
2018-08-02,GLD,472,114.5199966430664
2018-08-02,MSFT,326,99.20106506347656
2018-08-02,AAPL,672,48.82223129272461
2018-08-02,NVDA,5273,6.189283847808838
2018-08-02,AMZN,355,91.71649932861328
2018-08-03,GLD,480,114.91999816894531
2018-08-03,MSFT,325,99.63450622558594
2018-08-03,AAPL,663,48.9634895324707
2018-08-03,NVDA,5197,6.225832462310791
2018-08-03,AMZN,352,91.16449737548828
2018-08-06,GLD,482,114.33000183105469
2018-08-06,MSFT,324,99.71752166748047
2018-08-06,AAPL,659,49.21772766113281
2018-08-06,NVDA,5192,6.273496627807617
2018-08-06,AMZN,353,92.38749694824219
2018-08-07,GLD,485,114.58999633789062
2018-08-07,MSFT,324,100.40916442871094
2018-08-07,AAPL,659,48.756309509277344
2018-08-07,NVDA,5141,6.345607280731201
2018-08-07,AMZN,351,93.1240005493164
2018-08-08,GLD,485,114.91000366210938
2018-08-08,MSFT,323,100.9717025756836
2018-08-08,AAPL,669,48.789276123046875
2018-08-08,NVDA,5119,6.38191032409668
2018-08-08,AMZN,350,94.32599639892578
2018-08-09,GLD,487,114.73999786376953
2018-08-09,MSFT,323,101.1376953125
2018-08-09,AAPL,664,49.17298889160156
2018-08-09,NVDA,5111,6.333507537841797
2018-08-09,AMZN,348,94.9260025024414
2018-08-10,GLD,486,114.69000244140625
2018-08-10,MSFT,323,100.51979064941406
2018-08-10,AAPL,664,49.026512145996094
2018-08-10,NVDA,5205,6.292267322540283
2018-08-10,AMZN,345,94.31500244140625
2018-08-13,GLD,490,112.95999908447266
2018-08-13,MSFT,323,99.79126739501953
2018-08-13,AAPL,659,49.34309005737305
2018-08-13,NVDA,5170,6.32511043548584
2018-08-13,AMZN,344,94.80999755859375
2018-08-14,GLD,165,113.06999969482422
2018-08-14,MSFT,384,101.03627014160156
2018-08-14,AAPL,1057,49.55098342895508
2018-08-14,NVDA,5989,6.456247329711914
2018-08-14,AMZN,401,95.98249816894531
2018-08-15,GLD,498,111.19000244140625
2018-08-15,MSFT,326,99.66614532470703
2018-08-15,AAPL,661,49.666744232177734
2018-08-15,NVDA,5040,6.39821195602417
2018-08-15,AMZN,342,94.13099670410156
2018-08-16,GLD,168,111.0999984741211
2018-08-16,MSFT,383,99.64762878417969
2018-08-16,AAPL,1047,50.39434814453125
2018-08-16,NVDA,5943,6.3577094078063965
2018-08-16,AMZN,403,94.32599639892578
2018-08-17,GLD,496,112.12999725341797
2018-08-17,MSFT,326,99.59209442138672
2018-08-17,AAPL,642,51.40072250366211
2018-08-17,NVDA,5182,6.046048641204834
2018-08-17,AMZN,344,94.11100006103516
2018-08-20,GLD,494,112.69000244140625
2018-08-20,MSFT,326,98.93480682373047
2018-08-20,AAPL,628,50.899898529052734
2018-08-20,NVDA,5387,6.1206278800964355
2018-08-20,AMZN,343,93.83550262451172
2018-08-21,GLD,493,113.0199966430664
2018-08-21,MSFT,327,98.11087036132812
2018-08-21,AAPL,632,50.8006706237793
2018-08-21,NVDA,5281,6.255963325500488
2018-08-21,AMZN,344,94.1709976196289
2018-08-22,GLD,490,113.2699966430664
2018-08-22,MSFT,330,99.11067962646484
2018-08-22,AAPL,640,50.803035736083984
2018-08-22,NVDA,5207,6.490572929382324
2018-08-22,AMZN,345,95.24500274658203
2018-08-23,GLD,497,112.19999694824219
2018-08-23,MSFT,330,99.57357025146484
2018-08-23,AAPL,644,50.906978607177734
2018-08-23,NVDA,5068,6.589850425720215
2018-08-23,AMZN,343,95.1449966430664
2018-08-24,GLD,498,114.16000366210938
2018-08-24,MSFT,330,100.35120391845703
2018-08-24,AAPL,644,51.06526565551758
2018-08-24,NVDA,4992,6.722715377807617
2018-08-24,AMZN,344,95.26950073242188
2018-08-27,GLD,499,114.58999633789062
2018-08-27,MSFT,329,101.46207427978516
2018-08-27,AAPL,647,51.48576354980469
2018-08-27,NVDA,4921,6.813594341278076
2018-08-27,AMZN,347,96.38400268554688
2018-08-28,GLD,499,113.68000030517578
2018-08-28,MSFT,329,102.0730972290039
2018-08-28,AAPL,647,51.901554107666016
2018-08-28,NVDA,4915,6.776058197021484
2018-08-28,AMZN,346,96.64099884033203
2018-08-28,AMD,-4996,25.049999237060547
2018-08-29,GLD,516,114.19999694824219
2018-08-29,MSFT,336,103.702392578125
2018-08-29,AAPL,660,52.67641067504883
2018-08-29,NVDA,5078,6.881320476531982
2018-08-29,AMZN,351,99.90499877929688
2018-08-29,AMD,-5375,25.200000762939453
2018-08-30,GLD,510,113.63999938964844
2018-08-30,MSFT,328,103.63761138916016
2018-08-30,AAPL,643,53.160701751708984
2018-08-30,NVDA,4948,6.864518642425537
2018-08-30,AMZN,340,100.11900329589844
2018-08-30,AMD,-5105,24.889999389648438
2018-08-31,GLD,516,113.51000213623047
2018-08-31,MSFT,331,103.98941040039062
2018-08-31,AAPL,641,53.774925231933594
2018-08-31,NVDA,5010,6.935434341430664
2018-08-31,AMZN,341,100.635498046875
2018-08-31,AMD,-5248,25.170000076293945
2018-09-04,GLD,513,112.93000030517578
2018-09-04,MSFT,329,103.41542053222656
2018-09-04,AAPL,626,53.94736862182617
2018-09-04,NVDA,4873,7.010056972503662
2018-09-04,AMZN,333,101.97550201416016
2018-09-04,AMD,-5016,28.059999465942383
2018-09-05,GLD,468,113.31999969482422
2018-09-05,MSFT,301,100.43447875976562
2018-09-05,AAPL,571,53.595375061035156
2018-09-05,NVDA,4418,6.879589557647705
2018-09-05,AMZN,304,99.74099731445312
2018-09-06,GLD,461,113.54000091552734
2018-09-06,MSFT,305,100.66593933105469
2018-09-06,AAPL,572,52.70475387573242
2018-09-06,NVDA,4454,6.738747596740723
2018-09-06,AMZN,304,97.91549682617188
2018-09-07,GLD,152,113.2300033569336
2018-09-07,MSFT,354,100.17527770996094
2018-09-07,AAPL,923,52.2795295715332
2018-09-07,NVDA,5340,6.717497825622559
2018-09-07,AMZN,366,97.60350036621094
2018-09-10,GLD,152,113.1500015258789
2018-09-10,MSFT,354,101.25845336914062
2018-09-10,AAPL,932,51.57790756225586
2018-09-10,NVDA,5297,6.788414001464844
2018-09-10,AMZN,363,96.95050048828125
2018-09-11,GLD,457,113.22000122070312
2018-09-11,MSFT,299,102.98030090332031
2018-09-11,AAPL,584,52.881927490234375
2018-09-11,NVDA,4458,6.740724563598633
2018-09-11,AMZN,312,99.35749816894531
2018-09-12,GLD,461,114.16999816894531
2018-09-12,MSFT,296,103.41542053222656
2018-09-12,AAPL,574,52.225196838378906
2018-09-12,NVDA,4548,6.627061367034912
2018-09-12,AMZN,306,99.5
2018-09-13,GLD,458,113.76000213623047
2018-09-13,MSFT,295,104.52632904052734
2018-09-13,AAPL,579,53.48670196533203
2018-09-13,NVDA,4572,6.704648494720459
2018-09-13,AMZN,306,99.49349975585938
2018-09-14,GLD,462,113.0199966430664
2018-09-14,MSFT,293,104.9521484375
2018-09-14,AAPL,576,52.87956619262695
2018-09-14,NVDA,4518,6.830419540405273
2018-09-14,AMZN,308,98.5094985961914
2018-09-17,GLD,461,113.61000061035156
2018-09-17,MSFT,291,103.81348419189453
2018-09-17,AAPL,581,51.47159194946289
2018-09-17,NVDA,4487,6.768646717071533
2018-09-17,AMZN,312,95.40149688720703
2018-09-18,GLD,457,113.44000244140625
2018-09-18,MSFT,291,104.80404663085938
2018-09-18,AAPL,588,51.55663299560547
2018-09-18,NVDA,4470,6.696741580963135
2018-09-18,AMZN,315,97.05249786376953
2018-09-19,GLD,457,113.87999725341797
2018-09-19,MSFT,290,103.4061508178711
2018-09-19,AAPL,588,51.58734893798828
2018-09-19,NVDA,4540,6.720462322235107
2018-09-19,AMZN,313,96.32099914550781
2018-09-20,GLD,152,114.2699966430664
2018-09-20,MSFT,343,105.13729858398438
2018-09-20,AAPL,935,51.9795036315918
2018-09-20,NVDA,5409,6.579619407653809
2018-09-20,AMZN,368,97.21499633789062
2018-09-21,GLD,461,113.48999786376953
2018-09-21,MSFT,289,105.77608489990234
2018-09-21,AAPL,583,51.41962432861328
2018-09-21,NVDA,4612,6.509689807891846
2018-09-21,AMZN,312,95.75050354003906
2018-09-24,GLD,455,113.47000122070312
2018-09-24,MSFT,288,106.1556396484375
2018-09-24,AAPL,588,52.15903854370117
2018-09-24,NVDA,4648,6.565287113189697
2018-09-24,AMZN,316,96.71800231933594
2018-09-25,GLD,459,113.6500015258789
2018-09-25,MSFT,287,105.95198059082031
2018-09-25,AAPL,587,52.48979187011719
2018-09-25,NVDA,4595,6.6322503089904785
2018-09-25,AMZN,314,98.72750091552734
2018-09-26,GLD,462,113.05000305175781
2018-09-26,MSFT,287,105.51688385009766
2018-09-26,AAPL,585,52.07164001464844
2018-09-26,NVDA,4595,6.595432758331299
2018-09-26,AMZN,310,98.74250030517578
2018-09-27,GLD,156,112.05000305175781
2018-09-27,MSFT,338,105.91497039794922
2018-09-27,AAPL,928,53.141780853271484
2018-09-27,NVDA,5432,6.607293605804443
2018-09-27,AMZN,361,100.64900207519531
2018-09-28,GLD,469,112.76000213623047
2018-09-28,MSFT,291,105.8779296875
2018-09-28,AAPL,578,53.32843017578125
2018-09-28,NVDA,4554,6.9438347816467285
2018-09-28,AMZN,307,100.1500015258789
2018-10-01,GLD,473,112.56999969482422
2018-10-01,MSFT,292,107.02584838867188
2018-10-01,AAPL,577,53.6875
2018-10-01,NVDA,4421,7.149910926818848
2018-10-01,AMZN,307,100.21800231933594
2018-10-02,GLD,470,113.87000274658203
2018-10-02,MSFT,292,106.59999084472656
2018-10-02,AAPL,580,54.164710998535156
2018-10-02,NVDA,4376,7.078749656677246
2018-10-02,AMZN,311,98.56549835205078
2018-10-03,GLD,470,113.41999816894531
2018-10-03,MSFT,292,106.6185302734375
2018-10-03,AAPL,575,54.82381820678711
2018-10-03,NVDA,4367,7.084926605224609
2018-10-03,AMZN,315,97.63800048828125
2018-10-04,GLD,468,113.4800033569336
2018-10-04,MSFT,292,104.41523742675781
2018-10-04,AAPL,570,53.85997009277344
2018-10-04,NVDA,4403,6.901089191436768
2018-10-04,AMZN,318,95.47100067138672
2018-10-05,GLD,463,113.80000305175781
2018-10-05,MSFT,294,103.80422973632812
2018-10-05,AAPL,570,52.985877990722656
2018-10-05,NVDA,4464,6.6680779457092285
2018-10-05,AMZN,320,94.48249816894531
2018-10-08,GLD,154,112.54000091552734
2018-10-08,MSFT,343,102.61927795410156
2018-10-08,AAPL,921,52.86302947998047
2018-10-08,NVDA,5387,6.567018032073975
2018-10-08,AMZN,378,93.22100067138672
2018-10-09,GLD,764,112.5999984741211
2018-10-10,GLD,764,112.87999725341797
2018-10-11,GLD,228,115.77999877929688
2018-10-11,MSFT,376,98.04606628417969
2018-10-11,AAPL,725,50.66128921508789
2018-10-11,NVDA,6141,5.8099212646484375
2018-10-11,AMZN,426,85.96800231933594
2018-10-12,GLD,230,115.2300033569336
2018-10-12,MSFT,374,101.43431854248047
2018-10-12,AAPL,724,52.47087097167969
2018-10-12,NVDA,6209,6.091855049133301
2018-10-12,AMZN,417,89.43049621582031
2018-10-15,MSFT,402,99.61058807373047
2018-10-15,AAPL,1060,51.3487663269043
2018-10-15,NVDA,6684,5.816099166870117
2018-10-15,AMZN,452,88.04750061035156
2018-10-16,MSFT,369,102.75813293457031
2018-10-16,AAPL,723,52.4803352355957
2018-10-16,NVDA,6304,6.074310779571533
2018-10-16,AMZN,420,90.99800109863281
2018-10-16,GLD,226,115.80000305175781
2018-10-17,MSFT,304,102.48966979980469
2018-10-17,AAPL,598,52.25354766845703
2018-10-17,NVDA,5111,6.005866527557373
2018-10-17,AMZN,341,91.58650207519531
2018-10-17,GLD,463,115.79000091552734
2018-10-18,MSFT,304,100.44378662109375
2018-10-18,AAPL,603,51.03219223022461
2018-10-18,NVDA,5115,5.918642520904541
2018-10-18,AMZN,341,88.53600311279297
2018-10-18,GLD,460,115.91999816894531
2018-10-19,GLD,759,116.01000213623047
2018-10-22,GLD,761,115.70999908447266
2018-10-23,GLD,454,116.38999938964844
2018-10-23,MSFT,310,100.0734634399414
2018-10-23,AAPL,607,52.617347717285156
2018-10-23,NVDA,5688,5.4622602462768555
2018-10-23,AMZN,355,88.43499755859375
2018-10-24,GLD,765,116.66000366210938
2018-10-25,GLD,230,116.4000015258789
2018-10-25,MSFT,383,100.25862884521484
2018-10-25,AAPL,736,51.925167083740234
2018-10-25,NVDA,7839,5.13560152053833
2018-10-25,AMZN,444,89.1084976196289
2018-10-26,GLD,757,116.7699966430664
2018-10-26,MSFT,1,99.01811218261719
2018-10-26,NVDA,1,4.899627685546875
2018-10-29,GLD,228,116.30999755859375
2018-10-29,MSFT,375,96.13903045654297
2018-10-29,NVDA,7449,4.586557865142822
2018-10-29,AAPL,725,50.13920211791992
2018-10-29,AMZN,452,76.94400024414062
2018-10-30,GLD,217,115.80000305175781
2018-10-30,MSFT,371,96.0279541015625
2018-10-30,NVDA,7720,5.016008377075195
2018-10-30,AAPL,714,50.38962173461914
2018-10-30,AMZN,478,76.52100372314453
2018-10-31,GLD,759,115.1500015258789
2018-10-31,MSFT,135,98.87925720214844
2018-10-31,NVDA,2526,5.209483623504639
2018-10-31,AAPL,256,51.70310592651367
2018-10-31,AMZN,167,79.90049743652344
2018-11-01,GLD,758,116.62999725341797
2018-11-01,MSFT,134,98.05533599853516
2018-11-01,NVDA,2520,5.389367580413818
2018-11-01,AAPL,256,52.496864318847656
2018-11-01,AMZN,163,83.27649688720703
2018-11-02,GLD,758,116.6500015258789
2018-11-02,MSFT,134,98.27751922607422
2018-11-02,NVDA,2462,5.310542106628418
2018-11-02,AAPL,267,49.01471710205078
2018-11-02,AMZN,158,83.27649688720703
2018-11-05,GLD,756,116.37000274658203
2018-11-05,MSFT,134,99.52729034423828
2018-11-05,NVDA,2487,5.23270845413208
2018-11-05,AAPL,273,47.62327575683594
2018-11-05,AMZN,158,81.38999938964844
2018-11-06,GLD,753,116.04000091552734
2018-11-06,MSFT,122,99.72168731689453
2018-11-06,NVDA,2308,5.215166091918945
2018-11-06,AAPL,344,48.138275146484375
2018-11-06,AMZN,149,82.1405029296875
2018-11-07,GLD,455,116.02999877929688
2018-11-07,MSFT,304,103.64686584472656
2018-11-07,NVDA,5838,5.282621383666992
2018-11-07,AAPL,633,49.59823226928711
2018-11-07,AMZN,368,87.77449798583984
2018-11-08,GLD,461,115.77999877929688
2018-11-08,MSFT,302,103.45245361328125
2018-11-08,NVDA,5972,5.089890003204346
2018-11-08,AAPL,627,49.42517852783203
2018-11-08,AMZN,356,87.74549865722656
2018-11-09,GLD,460,114.4800033569336
2018-11-09,MSFT,300,101.43431854248047
2018-11-09,NVDA,6136,5.0819807052612305
2018-11-09,AAPL,629,48.472171783447266
2018-11-09,AMZN,355,85.62149810791016
2018-11-12,GLD,456,113.66000366210938
2018-11-12,MSFT,300,98.93480682373047
2018-11-12,NVDA,6077,4.683420181274414
2018-11-12,AAPL,642,46.03044128417969
2018-11-12,AMZN,357,81.84249877929688
2018-11-13,GLD,746,113.69999694824219
2018-11-13,MSFT,118,98.99958801269531
2018-11-13,NVDA,1628,4.924829006195068
2018-11-13,AAPL,234,45.57052993774414
2018-11-13,AMZN,142,81.55850219726562
2018-11-14,MSFT,388,97.5956802368164
2018-11-14,NVDA,7656,4.872446537017822
2018-11-14,AAPL,1157,44.28327941894531
2018-11-14,AMZN,471,79.95050048828125
2018-11-15,MSFT,359,99.743408203125
2018-11-15,NVDA,7192,5.000933647155762
2018-11-15,AAPL,784,45.37614059448242
2018-11-15,AMZN,443,80.97200012207031
2018-11-15,GLD,215,114.7699966430664
2018-11-16,MSFT,111,100.68244171142578
2018-11-16,NVDA,2737,4.062967777252197
2018-11-16,AAPL,334,45.87870788574219
2018-11-16,AMZN,140,79.67050170898438
2018-11-16,GLD,693,115.62000274658203
2018-11-19,MSFT,110,97.27027130126953
2018-11-19,NVDA,919,3.5754497051239014
2018-11-19,AAPL,334,44.060447692871094
2018-11-19,AMZN,140,75.614501953125
2018-11-19,GLD,694,115.66999816894531
2018-11-20,MSFT,324,94.56471252441406
2018-11-20,AAPL,990,41.955326080322266
2018-11-20,AMZN,284,74.77300262451172
2018-11-20,GLD,205,115.66999816894531
2018-11-21,MSFT,125,95.8663558959961
2018-11-21,AAPL,94,41.907920837402344
2018-11-21,AMZN,156,75.83650207519531
2018-11-21,GLD,689,115.86000061035156
2018-11-21,NVDA,3136,3.5756967067718506
2018-11-23,MSFT,125,95.82916259765625
2018-11-23,AAPL,286,40.843502044677734
2018-11-23,AMZN,156,75.10299682617188
2018-11-23,GLD,685,115.7699966430664
2018-11-23,NVDA,3355,3.5828630924224854
2018-11-26,MSFT,347,98.99031829833984
2018-11-26,AAPL,819,41.39585876464844
2018-11-26,AMZN,440,79.06649780273438
2018-11-26,GLD,207,115.63999938964844
2018-11-26,NVDA,9142,3.781773090362549
2018-11-27,MSFT,112,99.61324310302734
2018-11-27,AAPL,370,41.3057746887207
2018-11-27,AMZN,140,79.07099914550781
2018-11-27,GLD,693,114.94999694824219
2018-11-27,NVDA,2936,3.7985763549804688
2018-11-28,MSFT,111,103.31365966796875
2018-11-28,AAPL,361,42.89410400390625
2018-11-28,AMZN,138,83.88749694824219
2018-11-28,GLD,701,115.37999725341797
2018-11-28,NVDA,2828,3.955233097076416
2018-11-29,MSFT,327,102.44895935058594
2018-11-29,AAPL,1058,42.5645751953125
2018-11-29,AMZN,401,83.67849731445312
2018-11-29,GLD,141,115.73999786376953
2018-11-29,NVDA,8493,3.8921611309051514
2018-11-30,MSFT,109,103.09978485107422
2018-11-30,AAPL,356,42.33462142944336
2018-11-30,AMZN,133,84.50849914550781
2018-11-30,GLD,702,115.54000091552734
2018-11-30,NVDA,2856,4.042295932769775
2018-12-03,MSFT,323,104.21550750732422
2018-12-03,AAPL,1059,43.813899993896484
2018-12-03,AMZN,384,88.61799621582031
2018-12-03,GLD,142,116.41000366210938
2018-12-03,NVDA,7960,4.205790042877197
2018-12-04,MSFT,274,100.89629364013672
2018-12-04,AAPL,664,41.88657760620117
2018-12-04,AMZN,325,83.41999816894531
2018-12-04,GLD,415,117.12000274658203
2018-12-04,NVDA,6845,3.8859782218933105
2018-12-06,MSFT,119,101.51921844482422
2018-12-06,AAPL,287,41.41957092285156
2018-12-06,AMZN,145,84.95950317382812
2018-12-06,GLD,661,117.13999938964844
2018-12-06,NVDA,3112,3.9151651859283447
2018-12-07,MSFT,117,97.45622253417969
2018-12-07,AMZN,139,81.45649719238281
2018-12-07,GLD,667,118.08999633789062
2018-12-07,NVDA,3004,3.651003360748291
2018-12-10,MSFT,338,100.03160858154297
2018-12-10,AMZN,136,82.05149841308594
2018-12-10,GLD,198,117.68000030517578
2018-12-10,NVDA,6100,3.7561230659484863
2018-12-10,AAPL,843,40.205806732177734
2018-12-11,MSFT,333,100.96135711669922
2018-12-11,AMZN,404,82.16200256347656
2018-12-11,GLD,203,117.54000091552734
2018-12-11,NVDA,8810,3.6653497219085693
2018-12-11,AAPL,834,39.97584533691406
2018-12-12,MSFT,115,101.41690826416016
2018-12-12,AMZN,143,83.177001953125
2018-12-12,GLD,671,117.79000091552734
2018-12-12,NVDA,3229,3.682910919189453
2018-12-12,AAPL,294,40.087276458740234
2018-12-13,MSFT,116,101.76095581054688
2018-12-13,AMZN,142,82.91899871826172
2018-12-13,GLD,672,117.52999877929688
2018-12-13,NVDA,3178,3.6826634407043457
2018-12-13,AAPL,294,40.525840759277344
2018-12-14,MSFT,116,98.58120727539062
2018-12-14,AMZN,143,79.59549713134766
2018-12-14,GLD,672,117.05999755859375
2018-12-14,NVDA,3227,3.6223134994506836
2018-12-14,AAPL,294,39.22909927368164
2018-12-17,MSFT,119,95.66180419921875
2018-12-17,AMZN,149,76.04550170898438
2018-12-17,GLD,665,117.87000274658203
2018-12-17,NVDA,3257,3.5513253211975098
2018-12-17,AAPL,298,38.86402893066406
2018-12-18,MSFT,343,96.66592407226562
2018-12-18,GLD,199,118.1500015258789
2018-12-18,NVDA,9220,3.6344311237335205
2018-12-18,AAPL,845,39.36898422241211
2018-12-19,MSFT,344,96.40560150146484
2018-12-19,GLD,199,117.43000030517578
2018-12-19,NVDA,9216,3.425922393798828
2018-12-19,AAPL,844,38.140995025634766
2018-12-19,AMZN,430,74.75399780273438
2018-12-20,MSFT,339,94.37876892089844
2018-12-20,GLD,192,119.23999786376953
2018-12-20,NVDA,3160,3.341580390930176
2018-12-20,AAPL,851,37.17851257324219
2018-12-20,AMZN,436,73.04149627685547
2018-12-21,MSFT,339,91.32916259765625
2018-12-21,GLD,190,118.72000122070312
2018-12-21,NVDA,9519,3.2048001289367676
2018-12-21,AAPL,862,35.73243713378906
2018-12-21,AMZN,437,68.87249755859375
2018-12-24,MSFT,225,87.51719665527344
2018-12-24,GLD,181,120.0199966430664
2018-12-24,AAPL,581,34.807891845703125
2018-12-24,AMZN,303,67.197998046875
2018-12-26,MSFT,345,93.49549865722656
2018-12-26,GLD,179,119.66000366210938
2018-12-26,AAPL,868,37.259117126464844
2018-12-26,AMZN,446,73.54499816894531
2018-12-26,NVDA,9579,3.292111873626709
2018-12-27,GLD,615,120.56999969482422
2018-12-28,GLD,615,121.05999755859375
2018-12-31,GLD,615,121.25
2018-12-31,MSFT,118,94.43450927734375
2018-12-31,AAPL,296,37.394248962402344
2018-12-31,NVDA,3328,3.3020050525665283
2018-12-31,AMZN,147,75.09850311279297
2019-01-02,GLD,609,121.33000183105469
2019-01-02,MSFT,119,94.01615905761719
2019-01-02,AAPL,301,37.43692398071289
2019-01-02,NVDA,3429,3.3692827224731445
2019-01-02,AMZN,151,76.95649719238281
2019-01-03,GLD,365,122.43000030517578
2019-01-03,MSFT,278,90.55747985839844
2019-01-03,AAPL,758,33.70792007446289
2019-01-03,NVDA,7823,3.165720224380493
2019-01-03,AMZN,340,75.01399993896484
2019-01-04,GLD,607,121.44000244140625
2019-01-04,MSFT,120,94.76925659179688
2019-01-04,AAPL,216,35.14689254760742
2019-01-04,NVDA,3414,3.3685402870178223
2019-01-04,AMZN,145,78.76950073242188
2019-01-07,GLD,367,121.86000061035156
2019-01-07,MSFT,276,94.89009094238281
2019-01-07,AAPL,741,35.068668365478516
2019-01-07,NVDA,7625,3.546872615814209
2019-01-07,AMZN,326,81.47550201416016
2019-01-08,GLD,375,121.52999877929688
2019-01-08,MSFT,277,95.578125
2019-01-08,AAPL,748,35.737178802490234
2019-01-08,NVDA,7316,3.4585723876953125
2019-01-08,AMZN,319,82.8290023803711
2019-01-09,GLD,374,122.30999755859375
2019-01-09,MSFT,275,96.94483947753906
2019-01-09,AAPL,739,36.34404754638672
2019-01-09,NVDA,7542,3.5265908241271973
2019-01-09,AMZN,320,82.97100067138672
2019-01-10,GLD,620,121.58999633789062
2019-01-10,MSFT,119,96.32191467285156
2019-01-10,AAPL,314,36.46022415161133
2019-01-10,NVDA,3236,3.592136859893799
2019-01-10,AMZN,139,82.81099700927734
2019-01-11,GLD,621,121.80000305175781
2019-01-11,MSFT,119,95.578125
2019-01-11,AAPL,314,36.10226058959961
2019-01-11,NVDA,3180,3.6811790466308594
2019-01-11,AMZN,139,82.02799987792969
2019-01-14,GLD,620,122.08999633789062
2019-01-14,MSFT,119,94.88082122802734
2019-01-14,AAPL,317,35.55937576293945
2019-01-14,NVDA,3128,3.721001386642456
2019-01-14,AMZN,140,80.8604965209961
2019-01-15,GLD,620,121.87999725341797
2019-01-15,MSFT,119,97.63288116455078
2019-01-15,AAPL,319,36.28715896606445
2019-01-15,NVDA,3035,3.7069027423858643
2019-01-15,AMZN,140,83.72799682617188
2019-01-16,GLD,624,122.2699966430664
2019-01-16,MSFT,117,97.97687530517578
2019-01-16,AAPL,316,36.730472564697266
2019-01-16,NVDA,3062,3.681426763534546
2019-01-16,AMZN,136,84.18900299072266
2019-01-17,GLD,624,122.11000061035156
2019-01-17,MSFT,117,98.66488647460938
2019-01-17,AAPL,313,36.948570251464844
2019-01-17,NVDA,3129,3.7526612281799316
2019-01-17,AMZN,136,84.66100311279297
2019-01-18,GLD,630,121.0199966430664
2019-01-18,MSFT,115,100.14318084716797
2019-01-18,AAPL,308,37.1761474609375
2019-01-18,NVDA,3016,3.881525993347168
2019-01-18,AMZN,134,84.80999755859375
2019-01-22,GLD,630,121.44999694824219
2019-01-22,MSFT,115,98.25577545166016
2019-01-22,AAPL,308,36.34169006347656
2019-01-22,NVDA,2973,3.6796951293945312
2019-01-22,AMZN,136,81.6084976196289
2019-01-23,GLD,377,121.27999877929688
2019-01-23,MSFT,269,99.21343231201172
2019-01-23,AAPL,727,36.48866653442383
2019-01-23,NVDA,7115,3.6925575733184814
2019-01-23,AMZN,320,82.0009994506836
2019-01-24,GLD,627,121.08999633789062
2019-01-24,MSFT,115,98.73926544189453
2019-01-24,AAPL,313,36.19944381713867
2019-01-24,NVDA,3021,3.9040346145629883
2019-01-24,AMZN,140,82.74649810791016
2019-01-25,GLD,627,122.86000061035156
2019-01-25,MSFT,115,99.64111328125
2019-01-25,AAPL,312,37.39897918701172
2019-01-25,NVDA,2986,3.961169481277466
2019-01-25,AMZN,138,83.52850341796875
2019-01-28,GLD,620,123.29000091552734
2019-01-28,MSFT,115,97.69795227050781
2019-01-28,AAPL,309,37.05287551879883
2019-01-28,NVDA,3374,3.41355562210083
2019-01-28,AMZN,138,81.89450073242188
2019-01-29,GLD,616,123.9800033569336
2019-01-29,MSFT,117,95.70830535888672
2019-01-29,AAPL,309,36.66884231567383
2019-01-29,NVDA,2262,3.2550106048583984
2019-01-29,AMZN,140,79.69400024414062
2019-01-30,GLD,616,124.69000244140625
2019-01-30,MSFT,117,98.9066162109375
2019-01-30,AAPL,296,39.174591064453125
2019-01-30,NVDA,3438,3.398221254348755
2019-01-30,AMZN,141,83.52149963378906
2019-01-31,GLD,616,124.75
2019-01-31,MSFT,119,97.09362030029297
2019-01-31,AAPL,294,39.45669174194336
2019-01-31,NVDA,3406,3.5555307865142822
2019-01-31,AMZN,137,85.9365005493164
2019-02-01,GLD,617,124.5
2019-02-01,MSFT,119,95.55953216552734
2019-02-01,AAPL,293,39.47565841674805
2019-02-01,NVDA,3237,3.5797691345214844
2019-02-01,AMZN,141,81.3115005493164
2019-02-04,GLD,619,123.95999908447266
2019-02-04,MSFT,120,98.31158447265625
2019-02-04,AAPL,291,40.59696960449219
2019-02-04,NVDA,3205,3.689836025238037
2019-02-04,AMZN,142,81.66549682617188
2019-02-05,GLD,374,124.27999877929688
2019-02-05,MSFT,274,99.6876220703125
2019-02-05,AAPL,661,41.291561126708984
2019-02-05,NVDA,7323,3.708881378173828
2019-02-05,AMZN,329,82.94049835205078
2019-02-06,GLD,376,123.44000244140625
2019-02-06,MSFT,274,98.58120727539062
2019-02-06,AAPL,660,41.3057746887207
2019-02-06,NVDA,7295,3.784320116043091
2019-02-06,AMZN,327,82.01300048828125
2019-02-07,GLD,375,123.73999786376953
2019-02-07,MSFT,276,97.87458801269531
2019-02-07,AAPL,661,40.523468017578125
2019-02-07,NVDA,7229,3.646304130554199
2019-02-07,AMZN,332,80.71849822998047
2019-02-08,GLD,613,124.20999908447266
2019-02-08,MSFT,118,98.24651336669922
2019-02-08,AAPL,284,40.57109069824219
2019-02-08,NVDA,3192,3.6648547649383545
2019-02-08,AMZN,145,79.41100311279297
2019-02-11,GLD,618,123.5999984741211
2019-02-11,MSFT,116,97.85599517822266
2019-02-11,AAPL,281,40.33778381347656
2019-02-11,NVDA,3156,3.6223134994506836
2019-02-11,AMZN,143,79.55000305175781
2019-02-12,GLD,617,123.86000061035156
2019-02-12,MSFT,116,99.38079071044922
2019-02-12,AAPL,283,40.685367584228516
2019-02-12,NVDA,3132,3.7390573024749756
2019-02-12,AMZN,143,81.90049743652344
2019-02-13,GLD,372,123.37000274658203
2019-02-13,MSFT,268,99.3064193725586
2019-02-13,AAPL,658,40.516326904296875
2019-02-13,NVDA,7130,3.7813527584075928
2019-02-13,AMZN,326,82.0
2019-02-14,GLD,371,124.05999755859375
2019-02-14,MSFT,270,99.39010620117188
2019-02-14,AAPL,661,40.663936614990234
2019-02-14,NVDA,7072,3.8221640586853027
2019-02-14,AMZN,329,81.13249969482422
2019-02-15,GLD,373,124.80000305175781
2019-02-15,MSFT,270,100.61737060546875
2019-02-15,AAPL,666,40.57346725463867
2019-02-15,NVDA,6740,3.891666889190674
2019-02-15,AMZN,333,80.39749908447266
2019-02-19,GLD,368,126.69999694824219
2019-02-19,MSFT,270,100.57086944580078
2019-02-19,AAPL,667,40.69488525390625
2019-02-19,NVDA,6949,3.8743526935577393
2019-02-19,AMZN,336,81.37899780273438
2019-02-20,GLD,368,126.4800033569336
2019-02-20,MSFT,270,100.0479965209961
2019-02-20,AAPL,667,40.95677947998047
2019-02-20,NVDA,6965,3.921595335006714
2019-02-20,AMZN,334,81.1050033569336
2019-02-21,GLD,368,125.05000305175781
2019-02-21,MSFT,271,102.15818786621094
2019-02-21,AAPL,664,40.7258415222168
2019-02-21,NVDA,6895,3.8528339862823486
2019-02-21,AMZN,334,80.97200012207031
2019-02-22,GLD,371,125.5
2019-02-22,MSFT,265,103.61479949951172
2019-02-22,AAPL,665,41.180572509765625
2019-02-22,NVDA,6962,3.937424898147583
2019-02-22,AMZN,334,81.5780029296875
2019-02-25,GLD,374,125.37000274658203
2019-02-25,MSFT,264,104.1937026977539
2019-02-25,AAPL,664,41.480552673339844
2019-02-25,NVDA,6841,3.9250576496124268
2019-02-25,AMZN,335,81.6500015258789
2019-02-26,GLD,374,125.58000183105469
2019-02-26,MSFT,263,104.91265869140625
2019-02-26,AAPL,661,41.504364013671875
2019-02-26,NVDA,6963,3.885730028152466
2019-02-26,AMZN,335,81.81999969482422
2019-02-27,GLD,374,124.69000244140625
2019-02-27,MSFT,262,104.7352523803711
2019-02-27,AAPL,661,41.632930755615234
2019-02-27,NVDA,7037,3.8439297676086426
2019-02-27,AMZN,335,82.05449676513672
2019-02-28,GLD,374,123.98999786376953
2019-02-28,MSFT,261,104.60452270507812
2019-02-28,AAPL,657,41.22342300415039
2019-02-28,NVDA,7097,3.819417953491211
2019-02-28,AMZN,334,81.99150085449219
2019-03-01,GLD,378,121.87999725341797
2019-03-01,MSFT,259,105.07139587402344
2019-03-01,AAPL,657,41.65672302246094
2019-03-01,NVDA,7053,3.8736419677734375
2019-03-01,AMZN,330,83.58650207519531
2019-03-04,GLD,385,121.55999755859375
2019-03-04,MSFT,259,104.81930541992188
2019-03-04,AAPL,654,41.866241455078125
2019-03-04,NVDA,6988,3.881812810897827
2019-03-04,AMZN,325,84.80850219726562
2019-03-05,GLD,385,121.72000122070312
2019-03-05,MSFT,260,104.2964096069336
2019-03-05,AAPL,652,41.79005813598633
2019-03-05,NVDA,7060,3.8753747940063477
2019-03-05,AMZN,321,84.62149810791016
2019-03-06,GLD,385,121.61000061035156
2019-03-06,MSFT,260,104.34310150146484
2019-03-06,AAPL,654,41.549591064453125
2019-03-06,NVDA,7045,3.7646992206573486
2019-03-06,AMZN,321,83.44750213623047
2019-03-07,GLD,382,121.51000213623047
2019-03-07,MSFT,260,103.07324981689453
2019-03-07,AAPL,652,41.06867599487305
2019-03-07,NVDA,7210,3.695619583129883
2019-03-07,AMZN,323,81.29750061035156
2019-03-08,GLD,372,122.83999633789062
2019-03-08,MSFT,260,103.18528747558594
2019-03-08,AAPL,655,41.16628646850586
2019-03-08,NVDA,7368,3.729788303375244
2019-03-08,AMZN,331,81.04000091552734
2019-03-11,GLD,377,122.23999786376953
2019-03-11,MSFT,260,105.35151672363281
2019-03-11,AAPL,646,42.59237289428711
2019-03-11,NVDA,7191,3.9897642135620117
2019-03-11,AMZN,331,83.53099822998047
2019-03-12,GLD,385,122.9800033569336
2019-03-12,MSFT,261,106.08915710449219
2019-03-12,AAPL,644,43.070926666259766
2019-03-12,NVDA,6866,4.023932933807373
2019-03-12,AMZN,331,83.65499877929688
2019-03-13,GLD,386,123.83999633789062
2019-03-13,MSFT,261,106.91081237792969
2019-03-13,AAPL,642,43.26138687133789
2019-03-13,NVDA,6853,4.1749653816223145
2019-03-13,AMZN,331,84.54049682617188
2019-03-14,GLD,391,122.41000366210938
2019-03-14,MSFT,261,106.99485778808594
2019-03-14,AAPL,639,43.7422981262207
2019-03-14,NVDA,6684,4.099201679229736
2019-03-14,AMZN,331,84.31099700927734
2019-03-15,GLD,391,122.97000122070312
2019-03-15,MSFT,261,108.22738647460938
2019-03-15,AAPL,638,44.31131362915039
2019-03-15,NVDA,6771,4.20443058013916
2019-03-15,AMZN,330,85.61799621582031
2019-03-18,GLD,392,123.04000091552734
2019-03-18,MSFT,261,109.77735137939453
2019-03-18,AAPL,638,44.76366424560547
2019-03-18,NVDA,6668,4.183136940002441
2019-03-18,AMZN,330,87.10749816894531
2019-03-19,GLD,395,123.37999725341797
2019-03-19,MSFT,259,109.8520278930664
2019-03-19,AAPL,637,44.4089241027832
2019-03-19,NVDA,6675,4.350511074066162
2019-03-19,AMZN,326,88.09249877929688
2019-03-20,GLD,396,124.18000030517578
2019-03-20,MSFT,261,109.73064422607422
2019-03-20,AAPL,645,44.79698944091797
2019-03-20,NVDA,6536,4.318076133728027
2019-03-20,AMZN,324,89.8635025024414
2019-03-21,GLD,396,123.68000030517578
2019-03-21,MSFT,263,112.25169372558594
2019-03-21,AAPL,637,46.446876525878906
2019-03-21,NVDA,6628,4.554282188415527
2019-03-21,AMZN,321,90.96299743652344
2019-03-22,GLD,403,123.97000122070312
2019-03-22,MSFT,262,109.29181671142578
2019-03-22,AAPL,628,45.48504638671875
2019-03-22,NVDA,6449,4.394830703735352
2019-03-22,AMZN,322,88.2385025024414
2019-03-25,GLD,396,124.91999816894531
2019-03-25,MSFT,263,109.86138916015625
2019-03-25,AAPL,629,44.935089111328125
2019-03-25,NVDA,6595,4.302725791931152
2019-03-25,AMZN,326,88.71299743652344
2019-03-26,GLD,399,124.30000305175781
2019-03-26,MSFT,262,110.09481048583984
2019-03-26,AAPL,635,44.470821380615234
2019-03-26,NVDA,6522,4.379232406616211
2019-03-26,AMZN,324,89.18800354003906
2019-03-27,GLD,398,123.6500015258789
2019-03-27,MSFT,262,109.03035736083984
2019-03-27,AAPL,641,44.87080383300781
2019-03-27,NVDA,6541,4.370071887969971
2019-03-27,AMZN,323,88.28500366210938
2019-03-28,GLD,401,121.9000015258789
2019-03-28,MSFT,262,109.17977905273438
2019-03-28,AAPL,637,44.93031692504883
2019-03-28,NVDA,6512,4.388641357421875
2019-03-28,AMZN,323,88.6709976196289
2019-03-29,GLD,402,122.01000213623047
2019-03-29,MSFT,262,110.12281799316406
2019-03-29,AAPL,637,45.22315216064453
2019-03-29,NVDA,6464,4.445835590362549
2019-03-29,AMZN,323,89.0374984741211
2019-04-01,GLD,405,121.52999877929688
2019-04-01,MSFT,261,111.13123321533203
2019-04-01,AAPL,636,45.530277252197266
2019-04-01,NVDA,6386,4.513181686401367
2019-04-01,AMZN,322,90.70950317382812
2019-04-02,GLD,407,121.9800033569336
2019-04-02,MSFT,261,111.28996276855469
2019-04-02,AAPL,636,46.1921272277832
2019-04-02,NVDA,6381,4.531009674072266
2019-04-02,AMZN,320,90.6989974975586
2019-04-03,GLD,410,121.80000305175781
2019-04-03,MSFT,261,112.01826477050781
2019-04-03,AAPL,633,46.508785247802734
2019-04-03,NVDA,6357,4.670157432556152
2019-04-03,AMZN,319,91.03500366210938
2019-04-04,GLD,413,122.11000061035156
2019-04-04,MSFT,261,111.44867706298828
2019-04-04,AAPL,630,46.5897331237793
2019-04-04,NVDA,6269,4.661245822906494
2019-04-04,AMZN,320,90.94300079345703
2019-04-05,GLD,413,121.9800033569336
2019-04-05,MSFT,262,111.94357299804688
2019-04-05,AAPL,627,46.901615142822266
2019-04-05,NVDA,6231,4.727847576141357
2019-04-05,AMZN,320,91.86399841308594
2019-04-08,GLD,410,122.51000213623047
2019-04-08,MSFT,262,111.9809341430664
2019-04-08,AAPL,628,47.63966751098633
2019-04-08,NVDA,6258,4.748645782470703
2019-04-08,AMZN,320,92.49299621582031
2019-04-09,GLD,410,123.1500015258789
2019-04-09,MSFT,266,111.37400817871094
2019-04-09,AAPL,619,47.49681091308594
2019-04-09,NVDA,6259,4.686003684997559
2019-04-09,AMZN,320,91.79199981689453
2019-04-10,GLD,410,123.52999877929688
2019-04-10,MSFT,264,112.22369384765625
2019-04-10,AAPL,623,47.763458251953125
2019-04-10,NVDA,6290,4.756319999694824
2019-04-10,AMZN,320,92.36650085449219
2019-04-11,GLD,414,121.94999694824219
2019-04-11,MSFT,264,112.35441589355469
2019-04-11,AAPL,620,47.36587905883789
2019-04-11,NVDA,6221,4.742455959320068
2019-04-11,AMZN,320,92.20349884033203
2019-04-12,GLD,415,121.83000183105469
2019-04-12,MSFT,263,112.93331909179688
2019-04-12,AAPL,623,47.34681701660156
2019-04-12,NVDA,6182,4.704574108123779
2019-04-12,AMZN,320,92.15299987792969
2019-04-15,GLD,415,121.5999984741211
2019-04-15,MSFT,261,113.02667999267578
2019-04-15,AAPL,622,47.432533264160156
2019-04-15,NVDA,6259,4.573101043701172
2019-04-15,AMZN,320,92.24349975585938
2019-04-16,GLD,417,120.51000213623047
2019-04-16,MSFT,259,112.76522064208984
2019-04-16,AAPL,618,47.43729019165039
2019-04-16,NVDA,6360,4.660005569458008
2019-04-16,AMZN,317,93.1520004272461
2019-04-16,DIS,-885,124.42561340332031
2019-04-17,GLD,422,120.27999877929688
2019-04-17,MSFT,262,113.69898223876953
2019-04-17,AAPL,625,48.36104202270508
2019-04-17,NVDA,6330,4.637228012084961
2019-04-17,AMZN,317,93.24099731445312
2019-04-17,DIS,-910,126.19764709472656
2019-04-18,GLD,421,120.37000274658203
2019-04-18,MSFT,259,115.19290924072266
2019-04-18,AAPL,610,48.53483200073242
2019-04-18,NVDA,6350,4.612716197967529
2019-04-18,AMZN,316,93.08450317382812
2019-04-18,DIS,-891,126.86817169189453
2019-04-22,GLD,419,120.37000274658203
2019-04-22,MSFT,257,115.55706787109375
2019-04-22,AAPL,610,48.694358825683594
2019-04-22,NVDA,6408,4.666445255279541
2019-04-22,AMZN,317,94.3655014038086
2019-04-22,DIS,-887,126.13060760498047
2019-04-23,GLD,421,120.12000274658203
2019-04-23,MSFT,254,117.12572479248047
2019-04-23,AAPL,605,49.396690368652344
2019-04-23,NVDA,6290,4.7209153175354
2019-04-23,AMZN,312,96.1884994506836
2019-04-23,QCOM,-1589,72.92683410644531
2019-04-24,GLD,415,120.47000122070312
2019-04-24,MSFT,248,116.72421264648438
2019-04-24,AAPL,589,49.32050323486328
2019-04-24,NVDA,6141,4.7332963943481445
2019-04-24,AMZN,302,95.0875015258789
2019-04-25,GLD,415,120.56999969482422
2019-04-25,MSFT,241,120.58982849121094
2019-04-25,AAPL,592,48.87290954589844
2019-04-25,NVDA,6217,4.627819538116455
2019-04-25,AMZN,304,95.11250305175781
2019-04-26,GLD,410,121.37000274658203
2019-04-26,MSFT,240,121.28075408935547
2019-04-26,AAPL,593,48.63958740234375
2019-04-26,NVDA,6475,4.409440517425537
2019-04-26,AMZN,301,97.53150177001953
2019-04-29,GLD,410,120.83000183105469
2019-04-29,MSFT,239,121.1687240600586
2019-04-29,AAPL,594,48.71339797973633
2019-04-29,NVDA,2184,4.440141201019287
2019-04-29,AMZN,297,96.92150115966797
2019-04-30,GLD,410,121.19999694824219
2019-04-30,MSFT,239,121.9437255859375
2019-04-30,AAPL,596,47.775367736816406
2019-04-30,NVDA,6545,4.481489658355713
2019-04-30,AMZN,298,96.32599639892578
2019-05-01,GLD,413,120.4000015258789
2019-05-01,MSFT,239,119.40397644042969
2019-05-01,AAPL,584,50.12044906616211
2019-05-01,NVDA,6435,4.468368053436279
2019-05-01,AMZN,301,95.57599639892578
2019-05-02,GLD,413,119.94000244140625
2019-05-02,MSFT,241,117.84467315673828
2019-05-02,AAPL,579,49.79426956176758
2019-05-02,NVDA,6451,4.535712242126465
2019-05-02,AMZN,301,95.04100036621094
2019-05-03,GLD,413,120.6500015258789
2019-05-03,MSFT,244,120.35636901855469
2019-05-03,AAPL,579,50.41328430175781
2019-05-03,NVDA,6404,4.531257152557373
2019-05-03,AMZN,299,98.12300109863281
2019-05-06,GLD,408,120.80999755859375
2019-05-06,MSFT,243,119.65608978271484
2019-05-06,AAPL,589,49.63477325439453
2019-05-06,NVDA,6592,4.4530158042907715
2019-05-06,AMZN,299,97.52749633789062
2019-05-07,GLD,408,121.20999908447266
2019-05-07,MSFT,244,117.20042419433594
2019-05-07,AAPL,589,48.2967529296875
2019-05-07,NVDA,6545,4.286136150360107
2019-05-07,AMZN,298,96.05000305175781
2019-05-08,GLD,670,120.91000366210938
2019-05-09,GLD,672,121.19999694824219
2019-05-10,GLD,671,121.43000030517578
2019-05-13,GLD,134,122.66999816894531
2019-05-13,MSFT,291,115.17424011230469
2019-05-13,AAPL,1026,44.38634490966797
2019-05-13,NVDA,8338,3.9231603145599365
2019-05-13,AMZN,367,91.13400268554688
2019-05-14,GLD,663,122.45999908447266
2019-05-15,GLD,663,122.38999938964844
2019-05-16,GLD,133,121.51000213623047
2019-05-16,MSFT,281,120.83002471923828
2019-05-16,AAPL,1005,45.42837905883789
2019-05-16,NVDA,8480,3.9662423133850098
2019-05-16,AMZN,354,95.37850189208984
2019-05-17,GLD,133,120.6500015258789
2019-05-17,MSFT,278,120.02404022216797
2019-05-17,AAPL,1018,45.1702766418457
2019-05-17,NVDA,8499,3.875621795654297
2019-05-17,AMZN,353,93.44999694824219
2019-05-20,GLD,132,120.63999938964844
2019-05-20,MSFT,277,118.29025268554688
2019-05-20,AAPL,1018,43.75778579711914
2019-05-20,NVDA,8667,3.7572708129882812
2019-05-20,AMZN,353,92.94850158691406
2019-05-21,GLD,133,120.36000061035156
2019-05-21,MSFT,277,118.92753601074219
2019-05-21,AAPL,1017,44.596656799316406
2019-05-21,NVDA,8640,3.8392255306243896
2019-05-21,AMZN,352,92.8759994506836
2019-05-22,GLD,133,120.23999786376953
2019-05-22,MSFT,277,119.6491470336914
2019-05-22,AAPL,1015,43.6837043762207
2019-05-22,NVDA,8637,3.768413782119751
2019-05-22,AMZN,354,92.98400115966797
2019-05-23,GLD,131,121.16999816894531
2019-05-23,MSFT,274,118.25276184082031
2019-05-23,AAPL,1028,42.93803787231445
2019-05-23,NVDA,8740,3.6475868225097656
2019-05-23,AMZN,353,90.77400207519531
2019-05-24,GLD,388,121.30000305175781
2019-05-24,MSFT,232,118.30901336669922
2019-05-24,AAPL,639,42.77313232421875
2019-05-24,NVDA,7496,3.593857526779175
2019-05-24,AMZN,300,91.16400146484375
2019-05-28,GLD,130,120.83000183105469
2019-05-28,MSFT,270,118.23404693603516
2019-05-28,AAPL,1028,42.59626007080078
2019-05-28,NVDA,8927,3.548795461654663
2019-05-28,AMZN,351,91.82150268554688
2019-05-29,GLD,382,120.87000274658203
2019-05-29,MSFT,230,117.0906982421875
2019-05-29,AAPL,641,42.39313507080078
2019-05-29,NVDA,5145,3.474763870239258
2019-05-29,AMZN,297,90.95950317382812
2019-05-30,GLD,382,121.69000244140625
2019-05-30,MSFT,230,117.83104705810547
2019-05-30,AAPL,636,42.612998962402344
2019-05-30,NVDA,7769,3.4482414722442627
2019-05-30,AMZN,297,90.81600189208984
2019-05-31,GLD,376,123.33000183105469
2019-05-31,MSFT,230,115.90985870361328
2019-05-31,AAPL,637,41.84104919433594
2019-05-31,NVDA,7901,3.3577659130096436
2019-05-31,AMZN,300,88.75350189208984
2019-06-03,GLD,617,125.11000061035156
2019-06-03,MSFT,100,112.31108093261719
2019-06-03,AAPL,274,41.41801071166992
2019-06-03,NVDA,3412,3.316122531890869
2019-06-03,AMZN,131,84.6344985961914
2019-06-04,GLD,613,125.1500015258789
2019-06-04,MSFT,101,115.42251586914062
2019-06-04,AAPL,274,42.933265686035156
2019-06-04,NVDA,3397,3.544665575027466
2019-06-04,AMZN,91,86.47799682617188
2019-06-05,GLD,370,125.47000122070312
2019-06-05,MSFT,232,117.9247817993164
2019-06-05,AAPL,618,43.6263427734375
2019-06-05,NVDA,7524,3.502031087875366
2019-06-05,AMZN,311,86.92500305175781
2019-06-06,GLD,369,125.87999725341797
2019-06-06,MSFT,229,119.78974914550781
2019-06-06,AAPL,618,44.26685333251953
2019-06-06,NVDA,7719,3.564000368118286
2019-06-06,AMZN,311,87.71800231933594
2019-06-07,GLD,370,126.58999633789062
2019-06-07,MSFT,227,123.14484405517578
2019-06-07,AAPL,616,45.44510269165039
2019-06-07,NVDA,7684,3.606635570526123
2019-06-07,AMZN,311,90.20149993896484
2019-06-10,GLD,380,125.33000183105469
2019-06-10,MSFT,225,124.26945495605469
2019-06-10,AAPL,608,46.0258674621582
2019-06-10,NVDA,7600,3.679264545440674
2019-06-10,AMZN,306,93.03150177001953
2019-06-11,GLD,386,125.18000030517578
2019-06-11,MSFT,225,123.8008804321289
2019-06-11,AAPL,605,46.558841705322266
2019-06-11,NVDA,7532,3.736772298812866
2019-06-11,AMZN,300,93.18499755859375
2019-06-12,GLD,382,125.83000183105469
2019-06-12,MSFT,227,123.2291488647461
2019-06-12,AAPL,604,46.4106559753418
2019-06-12,NVDA,7574,3.6239867210388184
2019-06-12,AMZN,301,92.76599884033203
2019-06-13,GLD,382,126.5999984741211
2019-06-13,MSFT,227,124.00701141357422
2019-06-13,AAPL,602,46.40109634399414
2019-06-13,NVDA,7682,3.6750502586364746
2019-06-13,AMZN,301,93.51499938964844
2019-06-14,GLD,377,126.55999755859375
2019-06-14,MSFT,226,124.12886047363281
2019-06-14,AAPL,610,46.064109802246094
2019-06-14,NVDA,7798,3.585318088531494
2019-06-14,AMZN,300,93.4834976196289
2019-06-17,GLD,378,126.4800033569336
2019-06-17,MSFT,226,124.50374603271484
2019-06-17,AAPL,607,46.33895492553711
2019-06-17,NVDA,7807,3.594985246658325
2019-06-17,AMZN,299,94.30149841308594
2019-06-18,GLD,380,127.12000274658203
2019-06-18,MSFT,226,126.66860961914062
2019-06-18,AAPL,605,47.428775787353516
2019-06-18,NVDA,7741,3.7895708084106445
2019-06-18,AMZN,298,95.06849670410156
2019-06-19,GLD,386,127.88999938964844
2019-06-19,MSFT,226,127.16531372070312
2019-06-19,AAPL,599,47.290157318115234
2019-06-19,NVDA,7474,3.7955193519592285
2019-06-19,AMZN,299,95.43949890136719
2019-06-20,GLD,382,131.11000061035156
2019-06-20,MSFT,226,128.3461456298828
2019-06-20,AAPL,606,47.670162200927734
2019-06-20,NVDA,7472,3.819812059402466
2019-06-20,AMZN,300,95.90950012207031
2019-06-21,GLD,377,131.97999572753906
2019-06-21,MSFT,226,128.36489868164062
2019-06-21,AAPL,608,47.50764846801758
2019-06-21,NVDA,7599,3.761807441711426
2019-06-21,AMZN,301,95.56500244140625
2019-06-24,GLD,374,133.94000244140625
2019-06-24,MSFT,226,129.12400817871094
2019-06-24,AAPL,610,47.45985412597656
2019-06-24,NVDA,7651,3.7841169834136963
2019-06-24,AMZN,302,95.69499969482422
2019-06-25,GLD,370,134.1999969482422
2019-06-25,MSFT,226,125.04728698730469
2019-06-25,AAPL,613,46.74047088623047
2019-06-25,NVDA,7675,3.7548673152923584
2019-06-25,AMZN,304,93.91349792480469
2019-06-26,GLD,372,132.97000122070312
2019-06-26,MSFT,229,125.51589965820312
2019-06-26,AAPL,612,47.75143051147461
2019-06-26,NVDA,7451,3.947716236114502
2019-06-26,AMZN,305,94.8915023803711
2019-06-27,GLD,377,132.83999633789062
2019-06-27,MSFT,231,125.72207641601562
2019-06-27,AAPL,609,47.73708724975586
2019-06-27,NVDA,7225,4.0461249351501465
2019-06-27,AMZN,306,95.21399688720703
2019-06-28,GLD,377,133.1999969482422
2019-06-28,MSFT,231,125.54402160644531
2019-06-28,AAPL,615,47.30210494995117
2019-06-28,NVDA,7149,4.0709123611450195
2019-06-28,AMZN,306,94.68150329589844
2019-07-01,GLD,385,130.6199951171875
2019-07-01,MSFT,231,127.15592193603516
2019-07-01,AAPL,609,48.1696662902832
2019-07-01,NVDA,6913,4.11899995803833
2019-07-01,AMZN,307,96.1094970703125
2019-07-02,GLD,383,133.41000366210938
2019-07-02,MSFT,230,127.9993896484375
2019-07-02,AAPL,609,48.45167541503906
2019-07-02,NVDA,7140,4.021336555480957
2019-07-02,AMZN,306,96.71549987792969
2019-07-03,GLD,379,133.6300048828125
2019-07-03,MSFT,230,128.82415771484375
2019-07-03,AAPL,607,48.85319519042969
2019-07-03,NVDA,7287,4.0342254638671875
2019-07-03,AMZN,305,96.94999694824219
2019-07-05,GLD,381,132.13999938964844
2019-07-05,MSFT,230,128.44923400878906
2019-07-05,AAPL,602,48.810176849365234
2019-07-05,NVDA,7349,3.9717607498168945
2019-07-05,AMZN,304,97.14550018310547
2019-07-08,GLD,379,131.2899932861328
2019-07-08,MSFT,229,128.3555145263672
2019-07-08,AAPL,607,47.80400466918945
2019-07-08,NVDA,7453,3.8969016075134277
2019-07-08,AMZN,302,97.61599731445312
2019-07-09,GLD,379,131.75
2019-07-09,MSFT,228,127.8869400024414
2019-07-09,AAPL,609,48.0955696105957
2019-07-09,NVDA,7530,3.899380683898926
2019-07-09,AMZN,299,99.41500091552734
2019-07-10,GLD,379,133.8300018310547
2019-07-10,MSFT,229,129.18959045410156
2019-07-10,AAPL,610,48.5711784362793
2019-07-10,NVDA,7467,3.9675474166870117
2019-07-10,AMZN,295,100.87049865722656
2019-07-11,GLD,381,132.6999969482422
2019-07-11,MSFT,229,129.70506286621094
2019-07-11,AAPL,611,48.21746063232422
2019-07-11,NVDA,7358,4.121726989746094
2019-07-11,AMZN,294,100.05349731445312
2019-07-12,GLD,384,133.52999877929688
2019-07-12,MSFT,229,130.17367553710938
2019-07-12,AAPL,615,48.587913513183594
2019-07-12,NVDA,7176,4.154696464538574
2019-07-12,AMZN,296,100.55000305175781
2019-07-15,GLD,384,133.52999877929688
2019-07-15,MSFT,229,130.17367553710938
2019-07-15,AAPL,614,49.04439926147461
2019-07-15,NVDA,7163,4.146266937255859
2019-07-15,AMZN,296,101.04949951171875
2019-07-16,GLD,384,132.39999389648438
2019-07-16,MSFT,229,128.46798706054688
2019-07-16,AAPL,611,48.87470245361328
2019-07-16,NVDA,7219,4.141557693481445
2019-07-16,AMZN,296,100.49500274658203
2019-07-17,GLD,384,134.5800018310547
2019-07-17,MSFT,230,127.70887756347656
2019-07-17,AAPL,611,48.599857330322266
2019-07-17,NVDA,7185,4.206750869750977
2019-07-17,AMZN,296,99.60150146484375
2019-07-18,GLD,382,136.47999572753906
2019-07-18,MSFT,234,127.84944915771484
2019-07-18,AAPL,611,49.15194320678711
2019-07-18,NVDA,7058,4.218400478363037
2019-07-18,AMZN,300,98.8949966430664
2019-07-19,GLD,382,134.47000122070312
2019-07-19,MSFT,230,128.036865234375
2019-07-19,AAPL,612,48.4182243347168
2019-07-19,NVDA,7079,4.175270080566406
2019-07-19,AMZN,302,98.22599792480469
2019-07-22,GLD,380,134.4499969482422
2019-07-22,MSFT,231,129.733154296875
2019-07-22,AAPL,612,49.524776458740234
2019-07-22,NVDA,7105,4.246658802032471
2019-07-22,AMZN,302,99.28150177001953
2019-07-23,GLD,384,133.69000244140625
2019-07-23,MSFT,231,130.5391387939453
2019-07-23,AAPL,606,49.91194534301758
2019-07-23,NVDA,7038,4.354238510131836
2019-07-23,AMZN,302,99.72450256347656
2019-07-24,GLD,384,134.3699951171875
2019-07-24,MSFT,231,131.8793182373047
2019-07-24,AAPL,608,49.87131118774414
2019-07-24,NVDA,6864,4.428603649139404
2019-07-24,AMZN,306,100.04049682617188
2019-07-25,GLD,387,133.4199981689453
2019-07-25,MSFT,231,131.38258361816406
2019-07-25,AAPL,608,49.47697448730469
2019-07-25,NVDA,6908,4.2977213859558105
2019-07-25,AMZN,303,98.69100189208984
2019-07-26,GLD,384,133.63999938964844
2019-07-26,MSFT,229,132.46034240722656
2019-07-26,AAPL,607,49.6490478515625
2019-07-26,NVDA,6951,4.339613914489746
2019-07-26,AMZN,309,97.15249633789062
2019-07-29,GLD,384,134.52999877929688
2019-07-29,MSFT,227,132.1697998046875
2019-07-29,AAPL,604,50.11269760131836
2019-07-29,NVDA,6946,4.3334174156188965
2019-07-29,AMZN,311,95.62249755859375
2019-07-30,GLD,381,134.97999572753906
2019-07-30,MSFT,228,131.53256225585938
2019-07-30,AAPL,601,49.89759826660156
2019-07-30,NVDA,6986,4.349032878875732
2019-07-30,AMZN,316,94.92649841308594
2019-07-31,GLD,383,133.2100067138672
2019-07-31,MSFT,229,127.70887756347656
2019-07-31,AAPL,584,50.91572189331055
2019-07-31,NVDA,6993,4.182210922241211
2019-07-31,AMZN,318,93.33899688720703
2019-08-01,GLD,640,136.41000366210938
2019-08-02,GLD,633,135.88999938964844
2019-08-05,GLD,626,137.7899932861328
2019-08-06,GLD,188,138.91000366210938
2019-08-06,MSFT,292,126.22811126708984
2019-08-06,AAPL,782,47.08222961425781
2019-08-06,NVDA,9634,3.776432514190674
2019-08-06,AMZN,409,89.3915023803711
2019-08-07,GLD,183,141.02000427246094
2019-08-07,MSFT,292,126.78107452392578
2019-08-07,AAPL,782,47.56977844238281
2019-08-07,NVDA,9833,3.814605951309204
2019-08-07,AMZN,411,89.66999816894531
2019-08-08,GLD,622,141.72999572753906
2019-08-09,GLD,373,141.25999450683594
2019-08-09,MSFT,236,129.05841064453125
2019-08-09,AAPL,635,48.21834945678711
2019-08-09,NVDA,7911,3.821794033050537
2019-08-09,AMZN,335,90.37899780273438
2019-08-12,GLD,368,142.6300048828125
2019-08-12,MSFT,236,127.2590103149414
2019-08-12,AAPL,635,48.095977783203125
2019-08-12,NVDA,8065,3.7541234493255615
2019-08-12,AMZN,338,89.24600219726562
2019-08-13,GLD,607,141.77999877929688
2019-08-14,GLD,365,142.75
2019-08-14,MSFT,237,125.98084259033203
2019-08-14,AAPL,623,48.640560150146484
2019-08-14,NVDA,8041,3.719916820526123
2019-08-14,AMZN,339,88.14800262451172
2019-08-15,GLD,182,143.6999969482422
2019-08-15,MSFT,290,125.69873809814453
2019-08-15,AAPL,752,48.39826583862305
2019-08-15,NVDA,9823,3.6876919269561768
2019-08-15,AMZN,412,88.80599975585938
2019-08-16,GLD,613,142.77999877929688
2019-08-19,GLD,370,141.11000061035156
2019-08-19,MSFT,235,130.14639282226562
2019-08-19,AAPL,603,50.46384048461914
2019-08-19,NVDA,7495,4.233272552490234
2019-08-19,AMZN,335,90.80599975585938
2019-08-20,GLD,371,142.2100067138672
2019-08-20,MSFT,236,129.06500244140625
2019-08-20,AAPL,606,50.466224670410156
2019-08-20,NVDA,7264,4.161139965057373
2019-08-20,AMZN,338,90.06900024414062
2019-08-21,GLD,125,141.75999450683594
2019-08-21,MSFT,278,130.50367736816406
2019-08-21,AAPL,967,51.01321792602539
2019-08-21,NVDA,8579,4.24442720413208
2019-08-21,AMZN,398,91.177001953125
2019-08-22,GLD,125,141.39999389648438
2019-08-22,MSFT,278,129.55397033691406
2019-08-22,AAPL,969,50.97003936767578
2019-08-22,NVDA,8544,4.250625133514404
2019-08-22,AMZN,398,90.23300170898438
2019-08-23,GLD,123,144.1699981689453
2019-08-23,MSFT,278,125.42605590820312
2019-08-23,AAPL,973,48.61417770385742
2019-08-23,NVDA,8592,4.026542663574219
2019-08-23,AMZN,400,87.48100280761719
2019-08-26,GLD,357,144.19000244140625
2019-08-26,MSFT,237,127.36308288574219
2019-08-26,AAPL,610,49.537818908691406
2019-08-26,NVDA,7328,4.101153373718262
2019-08-26,AMZN,341,88.44349670410156
2019-08-27,GLD,359,145.57000732421875
2019-08-27,MSFT,236,127.63577270507812
2019-08-27,AAPL,607,48.97882080078125
2019-08-27,NVDA,7305,4.010677814483643
2019-08-27,AMZN,341,88.09149932861328
2019-08-28,GLD,353,145.16000366210938
2019-08-28,MSFT,236,127.46654510498047
2019-08-28,AAPL,611,49.30750274658203
2019-08-28,NVDA,7510,4.000257968902588
2019-08-28,AMZN,341,88.2125015258789
2019-08-29,GLD,357,144.1199951171875
2019-08-29,MSFT,235,129.8737030029297
2019-08-29,AAPL,606,50.142372131347656
2019-08-29,NVDA,7408,4.143673419952393
2019-08-29,AMZN,340,89.31999969482422
2019-08-30,GLD,363,143.75
2019-08-30,MSFT,233,129.6292266845703
2019-08-30,AAPL,605,50.07760238647461
2019-08-30,NVDA,7275,4.156326770782471
2019-08-30,AMZN,340,88.81449890136719
2019-09-03,GLD,357,145.75
2019-09-03,MSFT,234,127.91780853271484
2019-09-03,AAPL,609,49.3482780456543
2019-09-03,NVDA,7388,4.073453903198242
2019-09-03,AMZN,340,89.49199676513672
2019-09-04,GLD,358,146.66000366210938
2019-09-04,MSFT,235,129.4129638671875
2019-09-04,AAPL,609,50.185550689697266
2019-09-04,NVDA,7361,4.187342643737793
2019-09-04,AMZN,338,90.03099822998047
2019-09-05,GLD,363,143.13999938964844
2019-09-05,MSFT,235,131.68846130371094
2019-09-05,AAPL,605,51.1667594909668
2019-09-05,NVDA,7173,4.45978307723999
2019-09-05,AMZN,338,92.03600311279297
2019-09-06,GLD,369,141.9199981689453
2019-09-06,MSFT,235,130.795166015625
2019-09-06,AAPL,604,51.161956787109375
2019-09-06,NVDA,6983,4.432736873626709
2019-09-06,AMZN,338,91.67549896240234
2019-09-09,GLD,372,141.38999938964844
2019-09-09,MSFT,235,129.3094940185547
2019-09-09,AAPL,601,51.380271911621094
2019-09-09,NVDA,6933,4.478641033172607
2019-09-09,AMZN,337,91.56749725341797
2019-09-10,GLD,372,140.17999267578125
2019-09-10,MSFT,238,127.95543670654297
2019-09-10,AAPL,599,51.98723220825195
2019-09-10,NVDA,6903,4.545137882232666
2019-09-10,AMZN,337,91.02749633789062
2019-09-11,GLD,376,141.02999877929688
2019-09-11,MSFT,240,127.99309539794922
2019-09-11,AAPL,589,53.640174865722656
2019-09-11,NVDA,6754,4.573673248291016
2019-09-11,AMZN,339,91.14949798583984
2019-09-12,GLD,376,141.32000732421875
2019-09-12,MSFT,241,129.3094940185547
2019-09-12,AAPL,581,53.52021408081055
2019-09-12,NVDA,6771,4.572183609008789
2019-09-12,AMZN,340,92.17749786376953
2019-09-13,GLD,376,140.14999389648438
2019-09-13,MSFT,240,129.12147521972656
2019-09-13,AAPL,587,52.479034423828125
2019-09-13,NVDA,6882,4.514369487762451
2019-09-13,AMZN,337,91.96700286865234
2019-09-16,GLD,373,141.32000732421875
2019-09-16,MSFT,240,128.19056701660156
2019-09-16,AAPL,588,52.75492477416992
2019-09-16,NVDA,6929,4.471444129943848
2019-09-16,AMZN,337,90.39199829101562
2019-09-17,GLD,373,141.60000610351562
2019-09-17,MSFT,240,129.1873016357422
2019-09-17,AAPL,585,52.946842193603516
2019-09-17,NVDA,6892,4.492784023284912
2019-09-17,AMZN,341,91.12750244140625
2019-09-18,GLD,373,140.7100067138672
2019-09-18,MSFT,240,130.24978637695312
2019-09-18,AAPL,584,53.44345474243164
2019-09-18,NVDA,6897,4.465736389160156
2019-09-18,AMZN,341,90.87300109863281
2019-09-19,GLD,375,141.27999877929688
2019-09-19,MSFT,236,132.64756774902344
2019-09-19,AAPL,583,53.009212493896484
2019-09-19,NVDA,6941,4.390307903289795
2019-09-19,AMZN,341,91.07499694824219
2019-09-20,GLD,375,142.9499969482422
2019-09-20,MSFT,234,131.11488342285156
2019-09-20,AAPL,583,52.23433303833008
2019-09-20,NVDA,7054,4.284855365753174
2019-09-20,AMZN,340,89.70800018310547
2019-09-23,GLD,368,143.75
2019-09-23,MSFT,234,130.83277893066406
2019-09-23,AAPL,584,52.47184371948242
2019-09-23,NVDA,7166,4.338201999664307
2019-09-23,AMZN,345,89.26499938964844
2019-09-24,GLD,370,144.50999450683594
2019-09-24,MSFT,234,129.17782592773438
2019-09-24,AAPL,584,52.22233581542969
2019-09-24,NVDA,7078,4.280885696411133
2019-09-24,AMZN,345,87.08049774169922
2019-09-25,GLD,365,141.8300018310547
2019-09-25,MSFT,236,131.03965759277344
2019-09-25,AAPL,584,53.0260124206543
2019-09-25,NVDA,7149,4.4223151206970215
2019-09-25,AMZN,350,88.41649627685547
2019-09-26,GLD,371,141.7899932861328
2019-09-26,MSFT,235,131.20887756347656
2019-09-26,AAPL,584,52.75251770019531
2019-09-26,NVDA,6977,4.400233268737793
2019-09-26,AMZN,350,86.99199676513672
2019-09-27,GLD,373,141.05999755859375
2019-09-27,MSFT,233,129.50694274902344
2019-09-27,AAPL,579,52.49583053588867
2019-09-27,NVDA,7023,4.26177978515625
2019-09-27,AMZN,350,86.27249908447266
2019-09-30,GLD,125,138.8699951171875
2019-09-30,MSFT,275,130.7293243408203
2019-09-30,AAPL,921,53.73133850097656
2019-09-30,NVDA,8350,4.319095611572266
2019-09-30,AMZN,414,86.79550170898438
2019-10-01,GLD,381,139.6300048828125
2019-10-01,MSFT,234,128.88636779785156
2019-10-01,AAPL,569,53.88007736206055
2019-10-01,NVDA,7068,4.3173604011535645
2019-10-01,AMZN,352,86.78250122070312
2019-10-02,GLD,125,141.25999450683594
2019-10-02,MSFT,281,126.61087799072266
2019-10-02,AAPL,918,52.529415130615234
2019-10-02,NVDA,8391,4.2935404777526855
2019-10-02,AMZN,417,85.6614990234375
2019-10-03,GLD,183,141.89999389648438
2019-10-03,MSFT,290,128.14353942871094
2019-10-03,AAPL,703,52.97564697265625
2019-10-03,NVDA,8569,4.498737812042236
2019-10-03,AMZN,430,86.22100067138672
2019-10-04,GLD,624,141.89999389648438
2019-10-07,GLD,125,140.69000244140625
2019-10-07,MSFT,282,128.93338012695312
2019-10-07,AAPL,914,54.47264099121094
2019-10-07,NVDA,7945,4.573673248291016
2019-10-07,AMZN,420,86.63300323486328
2019-10-08,GLD,124,141.9199981689453
2019-10-08,MSFT,281,127.56993103027344
2019-10-08,AAPL,912,53.83448791503906
2019-10-08,NVDA,8075,4.39750337600708
2019-10-08,AMZN,420,85.27549743652344
2019-10-09,GLD,618,142.0500030517578
2019-10-10,GLD,124,140.80999755859375
2019-10-10,MSFT,277,130.795166015625
2019-10-10,AAPL,901,55.199546813964844
2019-10-10,NVDA,8069,4.541414737701416
2019-10-10,AMZN,419,86.01300048828125
2019-10-11,GLD,127,140.02999877929688
2019-10-11,MSFT,278,131.34056091308594
2019-10-11,AAPL,895,56.667762756347656
2019-10-11,NVDA,7930,4.614861011505127
2019-10-11,AMZN,420,86.59600067138672
2019-10-14,GLD,127,140.58999633789062
2019-10-14,MSFT,279,131.2183380126953
2019-10-14,AAPL,888,56.5861930847168
2019-10-14,NVDA,7959,4.628258228302002
2019-10-14,AMZN,424,86.82150268554688
2019-10-15,GLD,127,139.61000061035156
2019-10-15,MSFT,280,133.1177215576172
2019-10-15,AAPL,888,56.45425033569336
2019-10-15,NVDA,7832,4.872413158416748
2019-10-15,AMZN,424,88.36900329589844
2019-10-16,GLD,385,140.41000366210938
2019-10-16,MSFT,239,132.02699279785156
2019-10-16,AAPL,564,56.22633743286133
2019-10-16,NVDA,6517,4.818818092346191
2019-10-16,AMZN,356,88.87149810791016
2019-10-17,GLD,386,140.61000061035156
2019-10-17,MSFT,239,131.3499298095703
2019-10-17,AAPL,562,56.44465255737305
2019-10-17,NVDA,6515,4.820805072784424
2019-10-17,AMZN,353,89.3740005493164
2019-10-18,GLD,386,140.4600067138672
2019-10-18,MSFT,240,129.20603942871094
2019-10-18,AAPL,561,56.71574783325195
2019-10-18,NVDA,6546,4.726515769958496
2019-10-18,AMZN,353,87.87550354003906
2019-10-21,GLD,128,139.7899932861328
2019-10-21,MSFT,285,130.16514587402344
2019-10-21,AAPL,888,57.699344635009766
2019-10-21,NVDA,7755,4.863481521606445
2019-10-21,AMZN,419,89.28299713134766
2019-10-22,GLD,389,140.1999969482422
2019-10-22,MSFT,244,128.22817993164062
2019-10-22,AAPL,551,57.567405700683594
2019-10-22,NVDA,6475,4.853556156158447
2019-10-22,AMZN,357,88.2864990234375
2019-10-23,GLD,129,140.52999877929688
2019-10-23,MSFT,289,129.04627990722656
2019-10-23,AAPL,874,58.33990478515625
2019-10-23,NVDA,7805,4.840653419494629
2019-10-23,AMZN,422,88.1084976196289
2019-10-24,GLD,388,141.52999877929688
2019-10-24,MSFT,244,131.5850372314453
2019-10-24,AAPL,545,58.435855865478516
2019-10-24,NVDA,6547,4.884572505950928
2019-10-24,AMZN,361,89.03900146484375
2019-10-25,GLD,384,141.86000061035156
2019-10-25,MSFT,244,132.327880859375
2019-10-25,AAPL,547,59.15556335449219
2019-10-25,NVDA,6428,5.075130939483643
2019-10-25,AMZN,375,88.06649780273438
2019-10-28,GLD,393,140.63999938964844
2019-10-28,MSFT,239,135.58132934570312
2019-10-28,AAPL,546,59.748138427734375
2019-10-28,NVDA,6329,5.130958557128906
2019-10-28,AMZN,371,88.85399627685547
2019-10-29,GLD,396,140.25
2019-10-29,MSFT,239,134.30247497558594
2019-10-29,AAPL,543,58.36628341674805
2019-10-29,NVDA,6334,5.034936904907227
2019-10-29,AMZN,366,88.135498046875
2019-10-30,GLD,394,141.02000427246094
2019-10-30,MSFT,239,135.97621154785156
2019-10-30,AAPL,549,58.35908126831055
2019-10-30,NVDA,6370,5.036919593811035
2019-10-30,AMZN,366,88.99949645996094
2019-10-31,GLD,392,142.42999267578125
2019-10-31,MSFT,239,134.8102264404297
2019-10-31,AAPL,547,59.678550720214844
2019-10-31,NVDA,6465,4.987791538238525
2019-10-31,AMZN,366,88.83300018310547
2019-11-01,GLD,392,142.55999755859375
2019-11-01,MSFT,239,135.13934326171875
2019-11-01,AAPL,542,61.37228012084961
2019-11-01,NVDA,6550,5.02674674987793
2019-11-01,AMZN,363,89.5719985961914
2019-11-04,GLD,395,142.14999389648438
2019-11-04,MSFT,241,135.91978454589844
2019-11-04,AAPL,532,61.775325775146484
2019-11-04,NVDA,6426,5.223012924194336
2019-11-04,AMZN,364,90.23300170898438
2019-11-05,GLD,400,139.85000610351562
2019-11-05,MSFT,241,135.83518981933594
2019-11-05,AAPL,532,61.686553955078125
2019-11-05,NVDA,6292,5.200929641723633
2019-11-05,AMZN,364,90.08550262451172
2019-11-06,GLD,400,140.4499969482422
2019-11-06,MSFT,241,135.45907592773438
2019-11-06,AAPL,532,61.71294021606445
2019-11-06,NVDA,6322,5.151800155639648
2019-11-06,AMZN,364,89.78849792480469
2019-11-07,GLD,401,138.27000427246094
2019-11-07,MSFT,242,135.6470947265625
2019-11-07,AAPL,528,62.42518997192383
2019-11-07,NVDA,6269,5.169417858123779
2019-11-07,AMZN,364,89.41000366210938
2019-11-08,GLD,405,137.38999938964844
2019-11-08,MSFT,241,137.24560546875
2019-11-08,AAPL,524,62.59605026245117
2019-11-08,NVDA,6318,5.15552282333374
2019-11-08,AMZN,364,89.29399871826172
2019-11-11,GLD,405,137.05999755859375
2019-11-11,MSFT,239,137.38662719726562
2019-11-11,AAPL,524,63.09173583984375
2019-11-11,NVDA,6318,5.165447235107422
2019-11-11,AMZN,366,88.5824966430664
2019-11-12,GLD,408,137.42999267578125
2019-11-12,MSFT,238,138.28933715820312
2019-11-12,AAPL,519,63.03396987915039
2019-11-12,NVDA,6277,5.200929641723633
2019-11-12,AMZN,368,88.9000015258789
2019-11-13,GLD,407,137.97999572753906
2019-11-13,MSFT,237,138.5150146484375
2019-11-13,AAPL,520,63.637935638427734
2019-11-13,NVDA,6321,5.175124645233154
2019-11-13,AMZN,368,87.65550231933594
2019-11-14,GLD,406,138.55999755859375
2019-11-14,MSFT,237,139.22024536132812
2019-11-14,AAPL,516,63.197593688964844
2019-11-14,NVDA,6314,5.205397129058838
2019-11-14,AMZN,373,87.7300033569336
2019-11-15,GLD,407,138.2100067138672
2019-11-15,MSFT,235,141.01622009277344
2019-11-15,AAPL,517,63.94834899902344
2019-11-15,NVDA,6308,5.066446304321289
2019-11-15,AMZN,373,86.97450256347656
2019-11-18,GLD,406,138.6199951171875
2019-11-18,MSFT,232,141.36415100097656
2019-11-18,AAPL,512,64.27078247070312
2019-11-18,NVDA,6467,5.267178058624268
2019-11-18,AMZN,376,87.62650299072266
2019-11-19,GLD,409,138.69000244140625
2019-11-19,MSFT,232,141.41114807128906
2019-11-19,AAPL,512,64.07589721679688
2019-11-19,NVDA,6303,5.160733699798584
2019-11-19,AMZN,376,87.6395034790039
2019-11-20,GLD,407,138.75999450683594
2019-11-20,MSFT,232,141.1658172607422
2019-11-20,AAPL,514,63.32991409301758
2019-11-20,NVDA,6395,5.2398858070373535
2019-11-20,AMZN,376,87.27649688720703
2019-11-21,GLD,407,138.0
2019-11-21,MSFT,233,141.03372192382812
2019-11-21,AAPL,517,63.04598617553711
2019-11-21,NVDA,6277,5.2150726318359375
2019-11-21,AMZN,377,86.7354965209961
2019-11-22,GLD,407,137.74000549316406
2019-11-22,MSFT,233,141.137451171875
2019-11-22,AAPL,519,62.990665435791016
2019-11-22,NVDA,6273,5.232687950134277
2019-11-22,AMZN,377,87.28600311279297
2019-11-25,GLD,411,137.0800018310547
2019-11-25,MSFT,233,142.68482971191406
2019-11-25,AAPL,521,64.0951156616211
2019-11-25,NVDA,6147,5.488753318786621
2019-11-25,AMZN,376,88.69200134277344
2019-11-26,GLD,416,137.74000549316406
2019-11-26,MSFT,233,143.43963623046875
2019-11-26,AAPL,518,63.59463119506836
2019-11-26,NVDA,6076,5.384294033050537
2019-11-26,AMZN,374,89.84700012207031
2019-11-27,GLD,416,137.00999450683594
2019-11-27,MSFT,232,143.71327209472656
2019-11-27,AAPL,520,64.4488525390625
2019-11-27,NVDA,6127,5.419055461883545
2019-11-27,AMZN,370,90.92549896240234
2019-11-29,GLD,416,137.86000061035156
2019-11-29,MSFT,232,142.82638549804688
2019-11-29,AAPL,520,64.30686950683594
2019-11-29,NVDA,6179,5.381810665130615
2019-11-29,AMZN,367,90.04000091552734
2019-12-02,GLD,416,137.7899932861328
2019-12-02,MSFT,232,141.09974670410156
2019-12-02,AAPL,518,63.5633430480957
2019-12-02,NVDA,6188,5.195828437805176
2019-12-02,AMZN,368,89.08000183105469
2019-12-03,GLD,402,139.11000061035156
2019-12-03,MSFT,234,140.8733367919922
2019-12-03,AAPL,523,62.43000411987305
2019-12-03,NVDA,6497,5.156347751617432
2019-12-03,AMZN,370,88.49800109863281
2019-12-04,GLD,677,138.9199981689453
2019-12-05,GLD,407,139.0
2019-12-05,MSFT,232,141.45831298828125
2019-12-05,AAPL,519,63.905025482177734
2019-12-05,NVDA,6309,5.183164119720459
2019-12-05,AMZN,373,87.02400207519531
2019-12-06,GLD,410,137.6199951171875
2019-12-06,MSFT,232,143.17547607421875
2019-12-06,AAPL,513,65.13945007324219
2019-12-06,NVDA,6278,5.2683329582214355
2019-12-06,AMZN,376,87.58000183105469
2019-12-09,GLD,410,137.5800018310547
2019-12-09,MSFT,232,142.8075408935547
2019-12-09,AAPL,509,64.22747802734375
2019-12-09,NVDA,6294,5.2683329582214355
2019-12-09,AMZN,377,87.47550201416016
2019-12-10,GLD,410,137.97000122070312
2019-12-10,MSFT,232,142.59048461914062
2019-12-10,AAPL,511,64.60284423828125
2019-12-10,NVDA,6242,5.313277244567871
2019-12-10,AMZN,378,86.96050262451172
2019-12-11,GLD,410,138.9199981689453
2019-12-11,MSFT,232,143.12828063964844
2019-12-11,AAPL,511,65.15387725830078
2019-12-11,NVDA,6215,5.396707534790039
2019-12-11,AMZN,379,87.43599700927734
2019-12-12,GLD,408,138.42999267578125
2019-12-12,MSFT,232,144.58126831054688
2019-12-12,AAPL,515,65.31990051269531
2019-12-12,NVDA,6193,5.563818454742432
2019-12-12,AMZN,379,88.0165023803711
2019-12-13,GLD,414,139.0500030517578
2019-12-13,MSFT,232,145.7984161376953
2019-12-13,AAPL,514,66.20780181884766
2019-12-13,NVDA,6021,5.561833381652832
2019-12-13,AMZN,379,88.0469970703125
2019-12-16,GLD,416,139.0399932861328
2019-12-16,MSFT,231,146.74188232421875
2019-12-16,AAPL,507,67.34112548828125
2019-12-16,NVDA,6023,5.590634822845459
2019-12-16,AMZN,382,88.46050262451172
2019-12-17,GLD,417,139.00999450683594
2019-12-17,MSFT,231,145.94935607910156
2019-12-17,AAPL,504,67.47350311279297
2019-12-17,NVDA,6037,5.668604373931885
2019-12-17,AMZN,381,89.53299713134766
2019-12-18,GLD,419,139.02000427246094
2019-12-18,MSFT,233,145.64743041992188
2019-12-18,AAPL,504,67.31228637695312
2019-12-18,NVDA,5955,5.698898792266846
2019-12-18,AMZN,379,89.20149993896484
2019-12-19,GLD,419,139.3800048828125
2019-12-19,MSFT,233,146.91172790527344
2019-12-19,AAPL,504,67.37966918945312
2019-12-19,NVDA,5921,5.84664249420166
2019-12-19,AMZN,381,89.61399841308594
2019-12-20,GLD,422,139.52000427246094
2019-12-20,MSFT,232,148.5156707763672
2019-12-20,AAPL,505,67.24009704589844
2019-12-20,NVDA,5811,5.943728923797607
2019-12-20,AMZN,381,89.32499694824219
2019-12-23,GLD,422,139.9499969482422
2019-12-23,MSFT,231,148.5156707763672
2019-12-23,AAPL,509,68.33733367919922
2019-12-23,NVDA,5757,5.9300737380981445
2019-12-23,AMZN,384,89.6500015258789
2019-12-24,GLD,421,141.27000427246094
2019-12-24,MSFT,231,148.48733520507812
2019-12-24,AAPL,504,68.40230560302734
2019-12-24,NVDA,5826,5.925106048583984
2019-12-24,AMZN,384,89.46050262451172
2019-12-26,GLD,418,142.3800048828125
2019-12-26,MSFT,232,149.70443725585938
2019-12-26,AAPL,505,69.75940704345703
2019-12-26,NVDA,5837,5.939260482788086
2019-12-26,AMZN,384,93.4384994506836
2019-12-27,GLD,422,142.3300018310547
2019-12-27,MSFT,233,149.97805786132812
2019-12-27,AAPL,501,69.73295593261719
2019-12-27,NVDA,5891,5.881653308868408
2019-12-27,AMZN,373,93.48999786376953
2019-12-30,GLD,421,142.6300048828125
2019-12-30,MSFT,233,148.68545532226562
2019-12-30,AAPL,501,70.14682006835938
2019-12-30,NVDA,5962,5.768671989440918
2019-12-30,AMZN,373,92.34449768066406
2019-12-31,GLD,416,142.89999389648438
2019-12-31,MSFT,234,148.78929138183594
2019-12-31,AAPL,498,70.65936279296875
2019-12-31,NVDA,6053,5.8426690101623535
2019-12-31,AMZN,376,92.39199829101562
2020-01-02,GLD,419,143.9499969482422
2020-01-02,MSFT,235,151.5442657470703
2020-01-02,AAPL,495,72.27153015136719
2020-01-02,NVDA,5941,5.9571380615234375
2020-01-02,AMZN,376,94.90049743652344
2020-01-03,GLD,415,145.86000061035156
2020-01-03,MSFT,235,149.65724182128906
2020-01-03,AAPL,493,71.56890869140625
2020-01-03,NVDA,6033,5.86178731918335
2020-01-03,AMZN,377,93.74849700927734
2020-01-06,GLD,407,147.38999938964844
2020-01-06,MSFT,237,150.04408264160156
2020-01-06,AAPL,498,72.13919067382812
2020-01-06,NVDA,6104,5.8863701820373535
2020-01-06,AMZN,378,95.14399719238281
2020-01-07,GLD,413,147.97000122070312
2020-01-07,MSFT,237,148.676025390625
2020-01-07,AAPL,494,71.79991912841797
2020-01-07,NVDA,6023,5.957634449005127
2020-01-07,AMZN,375,95.34300231933594
2020-01-08,GLD,412,146.86000061035156
2020-01-08,MSFT,237,151.04425048828125
2020-01-08,AAPL,498,72.95491027832031
2020-01-08,NVDA,5986,5.968808650970459
2020-01-08,AMZN,375,94.59850311279297
2020-01-09,GLD,421,146.02999877929688
2020-01-09,MSFT,236,152.93121337890625
2020-01-09,AAPL,486,74.50454711914062
2020-01-09,NVDA,5930,6.034360885620117
2020-01-09,AMZN,375,95.05249786376953
2020-01-10,GLD,422,146.91000366210938
2020-01-10,MSFT,235,152.22361755371094
2020-01-10,AAPL,483,74.67295837402344
2020-01-10,NVDA,5875,6.066641330718994
2020-01-10,AMZN,378,94.15799713134766
2020-01-13,GLD,422,145.82000732421875
2020-01-13,MSFT,236,154.05398559570312
2020-01-13,AAPL,481,76.26831817626953
2020-01-13,NVDA,5860,6.256844520568848
2020-01-13,AMZN,381,94.56500244140625
2020-01-14,GLD,426,145.69000244140625
2020-01-14,MSFT,235,152.9689483642578
2020-01-14,AAPL,475,75.23844909667969
2020-01-14,NVDA,5820,6.140139579772949
2020-01-14,AMZN,383,93.47200012207031
2020-01-14,TSLA,-3796,35.861331939697266
2020-01-15,GLD,428,146.5399932861328
2020-01-15,MSFT,238,153.95962524414062
2020-01-15,AAPL,487,74.91600036621094
2020-01-15,NVDA,5944,6.09768009185791
2020-01-15,AMZN,390,93.10099792480469
2020-01-15,TSLA,-3945,34.56666564941406
2020-01-16,GLD,447,146.30999755859375
2020-01-16,MSFT,246,156.7806854248047
2020-01-16,AAPL,506,75.85443878173828
2020-01-16,NVDA,6209,6.181110858917236
2020-01-16,AMZN,405,93.89700317382812
2020-01-16,TSLA,-4420,34.232666015625
2020-01-17,GLD,443,146.5800018310547
2020-01-17,MSFT,240,157.6580810546875
2020-01-17,AAPL,497,76.69422912597656
2020-01-17,NVDA,6095,6.189801216125488
2020-01-17,AMZN,401,93.23600006103516
2020-01-17,TSLA,-4254,34.03333282470703
2020-01-21,GLD,431,146.74000549316406
2020-01-21,MSFT,233,157.09202575683594
2020-01-21,AAPL,480,76.17447662353516
2020-01-21,NVDA,5949,6.156528949737549
2020-01-21,AMZN,393,94.5999984741211
2020-01-21,TSLA,-3945,36.47999954223633
2020-01-22,GLD,411,146.7899932861328
2020-01-22,MSFT,223,156.33726501464844
2020-01-22,AAPL,459,76.44640350341797
2020-01-22,NVDA,5665,6.21041202545166
2020-01-22,AMZN,371,94.37300109863281
2020-01-23,GLD,410,147.1199951171875
2020-01-23,MSFT,223,157.29957580566406
2020-01-23,AAPL,459,76.81451416015625
2020-01-23,NVDA,5617,6.278695106506348
2020-01-23,AMZN,372,94.22899627685547
2020-01-24,GLD,412,147.97999572753906
2020-01-24,MSFT,223,155.7145233154297
2020-01-24,AAPL,459,76.59317016601562
2020-01-24,NVDA,5526,6.21959924697876
2020-01-24,AMZN,373,93.08200073242188
2020-01-27,GLD,396,148.99000549316406
2020-01-27,MSFT,226,153.1104736328125
2020-01-27,AAPL,461,74.3409194946289
2020-01-27,NVDA,5825,5.964339256286621
2020-01-27,AMZN,378,91.41699981689453
2020-01-28,GLD,668,147.66000366210938
2020-01-28,INTC,-2253,59.37360763549805
2020-01-29,GLD,663,148.4600067138672
2020-01-29,INTC,-2189,58.50914764404297
2020-01-30,GLD,672,148.47000122070312
2020-01-30,INTC,-2301,58.63264465332031
2020-01-31,GLD,403,149.3300018310547
2020-01-31,INTC,-2294,56.39213562011719
2020-01-31,MSFT,215,160.6112518310547
2020-01-31,AAPL,452,74.47566986083984
2020-01-31,AMZN,340,100.43599700927734
2020-01-31,NVDA,5768,5.870727062225342
2020-02-03,GLD,667,148.36000061035156
2020-02-03,INTC,-2325,56.82435607910156
2020-02-03,MSFT,1,164.52676391601562
2020-02-03,NVDA,1,5.967566967010498
2020-02-04,GLD,664,146.42999267578125
2020-02-04,TSLA,-2207,59.137332916259766
2020-02-05,GLD,415,146.61000061035156
2020-02-05,MSFT,203,169.73487854003906
2020-02-05,AAPL,455,77.3487319946289
2020-02-05,NVDA,5660,6.226551532745361
2020-02-05,AMZN,342,101.99349975585938
2020-02-06,GLD,411,147.39999389648438
2020-02-06,MSFT,206,173.2541046142578
2020-02-06,AAPL,455,78.25346374511719
2020-02-06,NVDA,5636,6.313210964202881
2020-02-06,AMZN,345,102.5114974975586
2020-02-07,GLD,411,147.7899932861328
2020-02-07,MSFT,206,173.49942016601562
2020-02-07,AAPL,455,77.18978118896484
2020-02-07,NVDA,5642,6.247159957885742
2020-02-07,AMZN,346,103.96399688720703
2020-02-10,GLD,410,148.1699981689453
2020-02-10,MSFT,205,178.03762817382812
2020-02-10,AAPL,467,77.556396484375
2020-02-10,NVDA,5648,6.5297346115112305
2020-02-10,AMZN,340,106.69550323486328
2020-02-11,GLD,420,147.66000366210938
2020-02-11,MSFT,202,174.0183563232422
2020-02-11,AAPL,465,77.08849334716797
2020-02-11,NVDA,5468,6.651900768280029
2020-02-11,AMZN,338,107.54000091552734
2020-02-12,GLD,420,147.5399932861328
2020-02-12,MSFT,206,174.27308654785156
2020-02-12,AAPL,466,78.91917419433594
2020-02-12,NVDA,5392,6.767365455627441
2020-02-12,AMZN,335,108.0
2020-02-13,GLD,418,148.3800048828125
2020-02-13,MSFT,209,173.32960510253906
2020-02-13,AAPL,463,78.357177734375
2020-02-13,NVDA,5385,6.723661422729492
2020-02-13,AMZN,336,107.49349975585938
2020-02-14,GLD,421,149.0
2020-02-14,MSFT,211,174.87692260742188
2020-02-14,AAPL,466,78.37646484375
2020-02-14,NVDA,5127,7.195694923400879
2020-02-14,AMZN,339,106.74349975585938
2020-02-18,GLD,417,150.91000366210938
2020-02-18,MSFT,209,176.65066528320312
2020-02-18,AAPL,478,76.94137573242188
2020-02-18,NVDA,5136,7.364046096801758
2020-02-18,AMZN,342,107.78350067138672
2020-02-19,GLD,421,151.7899932861328
2020-02-19,MSFT,209,177.1804962158203
2020-02-19,AAPL,480,78.05567932128906
2020-02-19,NVDA,4958,7.81422758102417
2020-02-19,AMZN,342,108.51100158691406
2020-02-20,GLD,422,152.41000366210938
2020-02-20,MSFT,211,174.4747314453125
2020-02-20,AAPL,480,77.25489807128906
2020-02-20,NVDA,4820,7.665243625640869
2020-02-20,AMZN,344,107.65499877929688
2020-02-21,GLD,413,154.6999969482422
2020-02-21,MSFT,214,168.95913696289062
2020-02-21,AAPL,483,75.50624084472656
2020-02-21,NVDA,4918,7.301970958709717
2020-02-21,AMZN,346,104.79850006103516
2020-02-24,GLD,384,156.08999633789062
2020-02-24,MSFT,223,161.67434692382812
2020-02-24,AAPL,495,71.919677734375
2020-02-24,NVDA,5291,6.785738945007324
2020-02-24,AMZN,354,100.4645004272461
2020-02-25,GLD,198,153.3000030517578
2020-02-25,MSFT,263,159.0064239501953
2020-02-25,AAPL,598,69.48359680175781
2020-02-25,NVDA,4221,6.506889343261719
2020-02-25,AMZN,428,98.63700103759766
2020-02-26,MSFT,190,160.99317932128906
2020-02-26,AAPL,599,70.58587646484375
2020-02-26,NVDA,7002,6.645941257476807
2020-02-26,AMZN,462,98.97949981689453
2020-02-27,MSFT,289,149.64976501464844
2020-02-27,AAPL,899,65.9718017578125
2020-02-27,NVDA,7064,6.275990962982178
2020-02-27,AMZN,462,94.21499633789062
2020-02-28,MSFT,98,153.27325439453125
2020-02-28,AAPL,923,65.93319702148438
2020-02-28,NVDA,2327,6.710043907165527
2020-02-28,AMZN,309,94.1875
2020-03-02,MSFT,282,163.47190856933594
2020-03-02,AAPL,884,72.07161712646484
2020-03-02,NVDA,6414,6.868060111999512
2020-03-02,AMZN,462,97.69750213623047
2020-03-03,GLD,664,153.88999938964844
2020-03-04,MSFT,291,161.35269165039062
2020-03-04,AAPL,884,73.01951599121094
2020-03-04,NVDA,6910,7.068813800811768
2020-03-04,AMZN,476,98.79149627685547
2020-03-05,GLD,648,157.49000549316406
2020-03-06,GLD,643,157.5500030517578
2020-03-09,MSFT,326,142.4974365234375
2020-03-09,AAPL,1000,64.19902038574219
2020-03-09,NVDA,7830,6.098097801208496
2020-03-09,AMZN,526,90.03050231933594
2020-03-10,MSFT,327,152.2420196533203
2020-03-10,AAPL,1000,68.82271575927734
2020-03-10,NVDA,7684,6.486682891845703
2020-03-10,AMZN,524,94.59100341796875
2020-03-11,MSFT,328,145.3451690673828
2020-03-11,AAPL,995,66.4324722290039
2020-03-11,NVDA,7689,6.123688220977783
2020-03-11,AMZN,525,91.04299926757812
2020-03-12,MSFT,328,131.5608673095703
2020-03-12,AAPL,995,59.8719596862793
2020-03-12,NVDA,8045,5.374346733093262
2020-03-12,AMZN,524,83.83049774169922
2020-03-13,MSFT,220,150.26473999023438
2020-03-13,AAPL,656,67.04509735107422
2020-03-13,NVDA,5360,5.983807563781738
2020-03-13,AMZN,350,89.25
2020-03-16,GLD,698,141.63999938964844
2020-03-17,MSFT,335,138.66587829589844
2020-03-17,AAPL,1014,60.98868942260742
2020-03-17,NVDA,8899,5.398197650909424
2020-03-17,AMZN,500,90.39199829101562
2020-03-18,MSFT,335,132.82859802246094
2020-03-18,AAPL,1030,59.49568557739258
2020-03-18,NVDA,8794,5.039179801940918
2020-03-18,AMZN,500,91.5
2020-03-19,MSFT,334,135.01400756835938
2020-03-19,AAPL,1030,59.03983688354492
2020-03-19,NVDA,8981,5.291360378265381
2020-03-19,AMZN,485,94.04650115966797
2020-03-20,MSFT,335,129.94313049316406
2020-03-20,AAPL,1060,55.29166030883789
2020-03-20,NVDA,8525,5.11197566986084
2020-03-20,AMZN,482,92.30449676513672
2020-03-23,MSFT,337,128.64695739746094
2020-03-23,AAPL,1083,54.11702346801758
2020-03-23,NVDA,8553,5.284404754638672
2020-03-23,AMZN,479,95.1415023803711
2020-03-24,MSFT,339,140.34039306640625
2020-03-24,AAPL,738,59.546348571777344
2020-03-24,NVDA,8127,6.191019058227539
2020-03-24,AMZN,474,97.00499725341797
2020-03-25,MSFT,103,138.99700927734375
2020-03-25,AAPL,325,59.21831130981445
2020-03-25,NVDA,2284,6.102570056915283
2020-03-25,AMZN,150,94.29199981689453
2020-03-25,GLD,686,151.3000030517578
2020-03-26,MSFT,103,147.69140625
2020-03-26,AAPL,330,62.33457946777344
2020-03-26,NVDA,2282,6.391275405883789
2020-03-26,AMZN,151,97.77449798583984
2020-03-26,GLD,683,153.24000549316406
2020-03-27,MSFT,101,141.62704467773438
2020-03-27,AAPL,323,59.7537727355957
2020-03-27,NVDA,2322,6.2792205810546875
2020-03-27,AMZN,150,95.00499725341797
2020-03-27,GLD,685,152.25
2020-03-30,MSFT,100,151.58924865722656
2020-03-30,AAPL,324,61.45901870727539
2020-03-30,NVDA,2272,6.598735809326172
2020-03-30,AMZN,150,98.19750213623047
2020-03-30,GLD,687,152.9199981689453
2020-03-31,MSFT,272,149.2051239013672
2020-03-31,AAPL,908,61.33359909057617
2020-03-31,NVDA,6185,6.5492939949035645
2020-03-31,AMZN,418,97.48600006103516
2020-03-31,GLD,209,148.0500030517578
2020-04-01,MSFT,275,143.90711975097656
2020-04-01,AAPL,914,58.10641098022461
2020-04-01,NVDA,6277,6.03921365737915
2020-04-01,AMZN,413,95.38500213623047
2020-04-01,GLD,208,149.4499969482422
2020-04-02,MSFT,321,146.88722229003906
2020-04-02,AAPL,1086,59.076011657714844
2020-04-02,NVDA,7613,6.347300052642822
2020-04-02,AMZN,485,95.94149780273438
2020-04-03,MSFT,273,145.53436279296875
2020-04-03,AAPL,930,58.22699737548828
2020-04-03,NVDA,6326,6.060084819793701
2020-04-03,AMZN,418,95.32949829101562
2020-04-03,GLD,201,152.64999389648438
2020-04-06,MSFT,315,156.357421875
2020-04-06,AAPL,1077,63.30657958984375
2020-04-06,NVDA,7543,6.668550491333008
2020-04-06,AMZN,494,99.87950134277344
2020-04-07,MSFT,269,154.67340087890625
2020-04-07,AAPL,901,62.573341369628906
2020-04-07,NVDA,6260,6.4357476234436035
2020-04-07,AMZN,428,100.58000183105469
2020-04-07,GLD,213,156.0399932861328
2020-04-08,MSFT,269,156.2250213623047
2020-04-08,AAPL,910,64.17488861083984
2020-04-08,NVDA,6462,6.632526397705078
2020-04-08,AMZN,419,102.1500015258789
2020-04-08,GLD,209,154.64999389648438
2020-04-09,MSFT,272,156.2344207763672
2020-04-09,AAPL,904,64.63796997070312
2020-04-09,NVDA,6358,6.533141136169434
2020-04-09,AMZN,420,102.13800048828125
2020-04-09,GLD,209,158.69000244140625
2020-04-13,MSFT,273,156.58448791503906
2020-04-13,AAPL,897,65.90666961669922
2020-04-13,NVDA,6575,6.704578399658203
2020-04-13,AMZN,418,108.44349670410156
2020-04-13,GLD,206,161.41000366210938
2020-04-14,MSFT,277,164.3328094482422
2020-04-14,AAPL,896,69.23515319824219
2020-04-14,NVDA,6491,7.054900169372559
2020-04-14,AMZN,404,114.16600036621094
2020-04-14,GLD,209,162.67999267578125
2020-04-15,MSFT,277,162.6109619140625
2020-04-15,AAPL,896,68.60321807861328
2020-04-15,NVDA,6500,6.977630138397217
2020-04-15,AMZN,397,115.38400268554688
2020-04-15,GLD,213,161.85000610351562
2020-04-16,MSFT,277,167.49270629882812
2020-04-16,AAPL,898,69.1483383178711
2020-04-16,NVDA,6406,7.321990489959717
2020-04-16,AMZN,390,120.40950012207031
2020-04-16,GLD,217,161.7100067138672
2020-04-17,MSFT,272,168.9685821533203
2020-04-17,AAPL,916,68.21007537841797
2020-04-17,NVDA,6232,7.262857913970947
2020-04-17,AMZN,389,118.75
2020-04-17,GLD,222,158.57000732421875
2020-04-20,MSFT,272,165.61949157714844
2020-04-20,AAPL,924,66.79425811767578
2020-04-20,NVDA,6371,7.131921768188477
2020-04-20,AMZN,381,119.68049621582031
2020-04-20,GLD,221,159.6999969482422
2020-04-21,MSFT,275,158.76991271972656
2020-04-21,AAPL,924,64.7296371459961
2020-04-21,NVDA,6440,6.696129322052002
2020-04-21,AMZN,374,116.40599822998047
2020-04-21,GLD,221,158.61000061035156
2020-04-22,MSFT,276,164.1625518798828
2020-04-22,AAPL,925,66.59407806396484
2020-04-22,NVDA,6502,7.109560012817383
2020-04-22,AMZN,378,118.17449951171875
2020-04-22,GLD,215,161.72999572753906
2020-04-23,MSFT,276,162.17579650878906
2020-04-23,AAPL,931,66.33598327636719
2020-04-23,NVDA,6359,7.05639123916626
2020-04-23,AMZN,378,119.97250366210938
2020-04-23,GLD,215,163.33999633789062
2020-04-24,MSFT,278,165.1370086669922
2020-04-24,AAPL,926,68.2510757446289
2020-04-24,NVDA,6443,7.1950273513793945
2020-04-24,AMZN,376,120.51100158691406
2020-04-24,GLD,215,162.63999938964844
2020-04-27,MSFT,277,164.6639404296875
2020-04-27,AAPL,926,68.29931640625
2020-04-27,NVDA,6297,7.3811211585998535
2020-04-27,AMZN,377,118.80000305175781
2020-04-27,GLD,219,161.55999755859375
2020-04-28,MSFT,277,160.65260314941406
2020-04-28,AAPL,916,67.19223022460938
2020-04-28,NVDA,6134,7.2390055656433105
2020-04-28,AMZN,389,115.7040023803711
2020-04-28,GLD,221,160.83999633789062
2020-04-29,MSFT,278,167.86163330078125
2020-04-29,AAPL,908,69.39916229248047
2020-04-29,NVDA,6199,7.415409088134766
2020-04-29,AMZN,392,118.635498046875
2020-04-29,GLD,220,161.72999572753906
2020-04-30,MSFT,274,169.54568481445312
2020-04-30,AAPL,908,70.86324310302734
2020-04-30,NVDA,6320,7.26186466217041
2020-04-30,AMZN,385,123.69999694824219
2020-04-30,GLD,223,158.8000030517578
2020-05-01,MSFT,274,165.15589904785156
2020-05-01,AAPL,899,69.72237396240234
2020-05-01,NVDA,6439,7.025829792022705
2020-05-01,AMZN,389,114.302001953125
2020-05-01,GLD,222,159.77999877929688
2020-05-04,MSFT,274,169.19561767578125
2020-05-04,AAPL,886,70.70886993408203
2020-05-04,NVDA,6486,7.237267017364502
2020-05-04,AMZN,401,115.79949951171875
2020-05-04,GLD,218,160.33999633789062
2020-05-05,MSFT,272,171.01210021972656
2020-05-05,AAPL,890,71.77011108398438
2020-05-05,NVDA,6330,7.298137664794922
2020-05-05,AMZN,398,115.88999938964844
2020-05-05,GLD,223,161.02000427246094
2020-05-06,MSFT,272,172.69610595703125
2020-05-06,AAPL,879,72.51061248779297
2020-05-06,NVDA,6329,7.3987627029418945
2020-05-06,AMZN,400,117.56300354003906
2020-05-06,GLD,226,158.9499969482422
2020-05-07,MSFT,272,173.69894409179688
2020-05-07,AAPL,880,73.26071166992188
2020-05-07,NVDA,6268,7.5746684074401855
2020-05-07,AMZN,398,118.38050079345703
2020-05-07,GLD,228,161.38999938964844
2020-05-08,MSFT,272,174.72067260742188
2020-05-08,AAPL,878,75.00443267822266
2020-05-08,NVDA,6222,7.7642412185668945
2020-05-08,AMZN,401,118.98049926757812
2020-05-08,GLD,228,160.4199981689453
2020-05-11,MSFT,248,176.66964721679688
2020-05-11,AAPL,575,76.18466186523438
2020-05-11,NVDA,5522,8.015680313110352
2020-05-11,AMZN,361,120.44999694824219
2020-05-11,GLD,458,159.4199981689453
2020-05-12,MSFT,247,172.667724609375
2020-05-12,AAPL,567,75.31401824951172
2020-05-12,NVDA,5396,7.754302501678467
2020-05-12,AMZN,361,117.84750366210938
2020-05-12,GLD,465,160.0399932861328
2020-05-13,MSFT,249,170.05653381347656
2020-05-13,AAPL,569,74.40465545654297
2020-05-13,NVDA,5468,7.7319416999816895
2020-05-13,AMZN,363,118.39600372314453
2020-05-13,GLD,459,161.5800018310547
2020-05-14,MSFT,282,170.79449462890625
2020-05-14,AAPL,878,74.86175537109375
2020-05-14,NVDA,6089,7.980896472930908
2020-05-14,AMZN,402,119.44249725341797
2020-05-14,GLD,227,163.00999450683594
2020-05-15,MSFT,253,173.28268432617188
2020-05-15,AAPL,589,74.41917419433594
2020-05-15,NVDA,5448,8.438302040100098
2020-05-15,AMZN,361,120.48899841308594
2020-05-15,GLD,446,163.92999267578125
2020-05-18,MSFT,252,174.93829345703125
2020-05-18,AAPL,583,76.1725845336914
2020-05-18,NVDA,5068,8.696197509765625
2020-05-18,AMZN,366,121.31300354003906
2020-05-18,GLD,460,162.69000244140625
2020-05-19,MSFT,252,173.72735595703125
2020-05-19,AAPL,580,75.732421875
2020-05-19,NVDA,5057,8.751106262207031
2020-05-19,AMZN,364,122.46649932861328
2020-05-19,GLD,462,164.25999450683594
2020-05-20,MSFT,254,176.1370391845703
2020-05-20,AAPL,582,77.20526123046875
2020-05-20,NVDA,4991,8.914589881896973
2020-05-20,AMZN,360,124.89700317382812
2020-05-20,GLD,464,164.64999389648438
2020-05-21,MSFT,254,174.0214385986328
2020-05-21,AAPL,580,76.6296615600586
2020-05-21,NVDA,4968,8.721044540405273
2020-05-21,AMZN,358,122.33699798583984
2020-05-21,GLD,468,162.25
2020-05-22,MSFT,254,174.09730529785156
2020-05-22,AAPL,579,77.123046875
2020-05-22,NVDA,5038,8.970495223999023
2020-05-22,AMZN,360,121.84400177001953
2020-05-22,GLD,466,163.2100067138672
2020-05-26,MSFT,254,172.25680541992188
2020-05-26,AAPL,572,76.60063171386719
2020-05-26,NVDA,4916,8.663899421691895
2020-05-26,AMZN,363,121.09300231933594
2020-05-26,GLD,471,160.88999938964844
2020-05-27,MSFT,254,172.48451232910156
2020-05-27,AAPL,570,76.93439483642578
2020-05-27,NVDA,5079,8.472588539123535
2020-05-27,AMZN,363,120.51950073242188
2020-05-27,GLD,469,161.17999267578125
2020-05-28,MSFT,254,172.0955047607422
2020-05-28,AAPL,569,76.9682388305664
2020-05-28,NVDA,5208,8.434574127197266
2020-05-28,AMZN,365,120.05500030517578
2020-05-28,GLD,461,161.72000122070312
2020-05-29,MSFT,254,173.8506622314453
2020-05-29,AAPL,569,76.89327239990234
2020-05-29,NVDA,5166,8.82067584991455
2020-05-29,AMZN,364,122.11849975585938
2020-05-29,GLD,463,162.91000366210938
2020-06-01,MSFT,255,173.4521942138672
2020-06-01,AAPL,575,77.83890533447266
2020-06-01,NVDA,5037,8.751852035522461
2020-06-01,AMZN,362,123.552001953125
2020-06-01,GLD,465,163.66000366210938
2020-06-02,MSFT,255,175.42552185058594
2020-06-02,AAPL,573,78.19925689697266
2020-06-02,NVDA,5083,8.770733833312988
2020-06-02,AMZN,361,123.62049865722656
2020-06-02,GLD,465,162.60000610351562
2020-06-03,MSFT,253,175.85244750976562
2020-06-03,AAPL,565,78.6297607421875
2020-06-03,NVDA,5054,8.715331077575684
2020-06-03,AMZN,360,123.91999816894531
2020-06-03,GLD,473,159.60000610351562
2020-06-04,MSFT,253,173.53756713867188
2020-06-04,AAPL,565,77.95258331298828
2020-06-04,NVDA,5104,8.716324806213379
2020-06-04,AMZN,358,123.02999877929688
2020-06-04,GLD,472,161.27999877929688
2020-06-05,MSFT,253,177.5980224609375
2020-06-05,AAPL,563,80.17274475097656
2020-06-05,NVDA,5032,8.868945121765137
2020-06-05,AMZN,359,124.1500015258789
2020-06-05,GLD,475,158.00999450683594
2020-06-08,MSFT,253,178.69854736328125
2020-06-08,AAPL,558,80.64676666259766
2020-06-08,NVDA,5042,8.754606246948242
2020-06-08,AMZN,356,126.2030029296875
2020-06-08,GLD,480,159.72000122070312
2020-06-09,MSFT,252,180.06466674804688
2020-06-09,AAPL,558,83.19342803955078
2020-06-09,NVDA,5121,8.99422550201416
2020-06-09,AMZN,355,130.04299926757812
2020-06-09,GLD,477,161.25999450683594
2020-06-10,MSFT,253,186.7435760498047
2020-06-10,AAPL,547,85.33380126953125
2020-06-10,NVDA,5042,9.313135147094727
2020-06-10,AMZN,348,132.37249755859375
2020-06-10,GLD,485,163.57000732421875
2020-06-11,MSFT,252,176.71572875976562
2020-06-11,AAPL,545,81.23687744140625
2020-06-11,NVDA,5058,8.745903968811035
2020-06-11,AMZN,353,127.89800262451172
2020-06-11,GLD,484,162.38999938964844
2020-06-12,GLD,801,162.6199951171875
2020-06-15,GLD,809,162.3300018310547
2020-06-16,GLD,162,162.25
2020-06-16,MSFT,293,183.64132690429688
2020-06-16,AAPL,862,85.14998626708984
2020-06-16,NVDA,5863,9.016594886779785
2020-06-16,AMZN,410,130.7635040283203
2020-06-17,GLD,484,162.55999755859375
2020-06-17,MSFT,248,184.2769317626953
2020-06-17,AAPL,534,85.03147888183594
2020-06-17,NVDA,5058,9.183140754699707
2020-06-17,AMZN,347,132.0489959716797
2020-06-18,GLD,484,162.24000549316406
2020-06-18,MSFT,248,186.25025939941406
2020-06-18,AAPL,539,85.06533813476562
2020-06-18,NVDA,4994,9.165241241455078
2020-06-18,AMZN,347,132.69900512695312
2020-06-19,GLD,486,164.02999877929688
2020-06-19,MSFT,246,185.1402587890625
2020-06-19,AAPL,539,84.57920837402344
2020-06-19,NVDA,5027,9.20824146270752
2020-06-19,AMZN,346,133.75050354003906
2020-06-22,GLD,481,165.08999633789062
2020-06-22,MSFT,249,190.28224182128906
2020-06-22,AAPL,544,86.79214477539062
2020-06-22,NVDA,5003,9.472224235534668
2020-06-22,AMZN,345,135.6909942626953
2020-06-23,GLD,163,166.47999572753906
2020-06-23,MSFT,289,191.5535125732422
2020-06-23,AAPL,859,88.64468383789062
2020-06-23,NVDA,5846,9.395912170410156
2020-06-23,AMZN,407,138.2205047607422
2020-06-24,GLD,487,165.89999389648438
2020-06-24,MSFT,247,187.69232177734375
2020-06-24,AAPL,536,87.07992553710938
2020-06-24,NVDA,5013,9.182642936706543
2020-06-24,AMZN,340,136.72000122070312
2020-06-25,GLD,162,165.8000030517578
2020-06-25,MSFT,293,190.0640869140625
2020-06-25,AAPL,861,88.2359619140625
2020-06-25,NVDA,5927,9.435683250427246
2020-06-25,AMZN,402,137.72900390625
2020-06-26,GLD,163,166.5399932861328
2020-06-26,MSFT,293,186.25975036621094
2020-06-26,AAPL,861,85.52485656738281
2020-06-26,NVDA,5891,9.102599143981934
2020-06-26,AMZN,401,134.64349365234375
2020-06-29,GLD,474,166.6300048828125
2020-06-29,MSFT,249,188.26153564453125
2020-06-29,AAPL,541,87.49591064453125
2020-06-29,NVDA,5061,9.147345542907715
2020-06-29,AMZN,344,134.0189971923828
2020-06-30,GLD,160,167.3699951171875
2020-06-30,MSFT,291,193.07150268554688
2020-06-30,AAPL,857,88.226318359375
2020-06-30,NVDA,5910,9.44338607788086
2020-06-30,AMZN,407,137.9409942626953
2020-07-01,GLD,242,166.6199951171875
2020-07-01,MSFT,274,194.200439453125
2020-07-01,AAPL,813,88.05941772460938
2020-07-01,NVDA,5559,9.475451469421387
2020-07-01,AMZN,382,143.93499755859375
2020-07-02,GLD,247,166.97999572753906
2020-07-02,MSFT,274,195.68040466308594
2020-07-02,AAPL,818,88.05941772460938
2020-07-02,NVDA,5574,9.557234764099121
2020-07-02,AMZN,367,144.51499938964844
2020-07-06,GLD,247,167.97999572753906
2020-07-06,MSFT,272,199.89266967773438
2020-07-06,AAPL,821,90.4150161743164
2020-07-06,NVDA,5563,9.782934188842773
2020-07-06,AMZN,367,152.8520050048828
2020-07-07,GLD,503,169.0399932861328
2020-07-07,MSFT,247,197.568359375
2020-07-07,AAPL,542,90.13447570800781
2020-07-07,NVDA,4972,9.815247535705566
2020-07-07,AMZN,322,150.00599670410156
2020-07-07,TSLA,-1999,92.65733337402344
2020-07-08,GLD,249,170.08999633789062
2020-07-08,MSFT,275,201.9134521484375
2020-07-08,AAPL,822,92.2337417602539
2020-07-08,NVDA,5527,10.157526969909668
2020-07-08,AMZN,363,154.0554962158203
2020-07-08,TSLA,-2006,91.05867004394531
2020-07-09,GLD,509,169.6300048828125
2020-07-09,MSFT,247,203.32699584960938
2020-07-09,AAPL,544,92.63036346435547
2020-07-09,NVDA,4907,10.448850631713867
2020-07-09,AMZN,326,159.13150024414062
2020-07-09,TSLA,-2071,92.9520034790039
2020-07-10,GLD,257,169.19000244140625
2020-07-10,MSFT,278,202.7103729248047
2020-07-10,AAPL,835,92.79239654541016
2020-07-10,NVDA,5369,10.419269561767578
2020-07-10,AMZN,354,160.0
2020-07-10,TSLA,-2078,102.97666931152344
2020-07-13,GLD,458,169.39999389648438
2020-07-13,MSFT,224,196.44891357421875
2020-07-13,AAPL,484,92.36434173583984
2020-07-13,NVDA,4321,9.994711875915527
2020-07-13,AMZN,280,155.1999969482422
2020-07-14,GLD,449,170.19000244140625
2020-07-14,MSFT,226,197.66319274902344
2020-07-14,AAPL,483,93.89280700683594
2020-07-14,NVDA,4416,10.317605018615723
2020-07-14,AMZN,286,154.1999969482422
2020-07-15,GLD,454,170.33999633789062
2020-07-15,MSFT,226,197.369140625
2020-07-15,AAPL,470,94.5385513305664
2020-07-15,NVDA,4339,10.168713569641113
2020-07-15,AMZN,291,150.44349670410156
2020-07-16,GLD,446,168.72999572753906
2020-07-16,MSFT,226,193.46044921875
2020-07-16,AAPL,472,93.37525939941406
2020-07-16,NVDA,4428,10.076741218566895
2020-07-16,AMZN,296,149.9949951171875
2020-07-17,GLD,447,170.1199951171875
2020-07-17,MSFT,228,192.4738006591797
2020-07-17,AAPL,472,93.18660736083984
2020-07-17,NVDA,4362,10.143113136291504
2020-07-17,AMZN,295,148.09849548339844
2020-07-20,GLD,446,170.94000244140625
2020-07-20,MSFT,228,200.7465057373047
2020-07-20,AAPL,475,95.15040588378906
2020-07-20,NVDA,4346,10.450592041015625
2020-07-20,AMZN,295,159.8419952392578
2020-07-21,GLD,454,173.0
2020-07-21,MSFT,226,198.042724609375
2020-07-21,AAPL,476,93.83718872070312
2020-07-21,NVDA,4373,10.269381523132324
2020-07-21,AMZN,283,156.9145050048828
2020-07-22,GLD,445,175.6300048828125
2020-07-22,MSFT,227,200.8887939453125
2020-07-22,AAPL,482,94.10079956054688
2020-07-22,NVDA,4379,10.379002571105957
2020-07-22,AMZN,288,154.99549865722656
2020-07-23,GLD,441,177.17999267578125
2020-07-23,MSFT,230,192.1511993408203
2020-07-23,AAPL,482,89.8176498413086
2020-07-23,NVDA,4355,10.071772575378418
2020-07-23,AMZN,292,149.32749938964844
2020-07-24,GLD,422,178.6999969482422
2020-07-24,MSFT,231,190.974853515625
2020-07-24,AAPL,499,89.59514617919922
2020-07-24,NVDA,4481,10.136151313781738
2020-07-24,AMZN,300,150.44549560546875
2020-07-27,GLD,424,182.22999572753906
2020-07-27,MSFT,235,193.39407348632812
2020-07-27,AAPL,497,91.71858978271484
2020-07-27,NVDA,4422,10.361855506896973
2020-07-27,AMZN,294,152.760498046875
2020-07-28,GLD,425,183.75
2020-07-28,MSFT,234,191.657958984375
2020-07-28,AAPL,496,90.21186828613281
2020-07-28,NVDA,4383,10.157028198242188
2020-07-28,AMZN,295,150.01649475097656
2020-07-29,GLD,422,185.1300048828125
2020-07-29,MSFT,235,193.59327697753906
2020-07-29,AAPL,498,91.94108581542969
2020-07-29,NVDA,4376,10.405599594116211
2020-07-29,AMZN,298,151.67649841308594
2020-07-30,GLD,422,183.75999450683594
2020-07-30,MSFT,236,193.4414825439453
2020-07-30,AAPL,495,93.05357360839844
2020-07-30,NVDA,4372,10.553253173828125
2020-07-30,AMZN,299,152.593994140625
2020-07-31,GLD,433,185.42999267578125
2020-07-31,MSFT,240,194.49453735351562
2020-07-31,AAPL,469,102.79524230957031
2020-07-31,NVDA,4438,10.553996086120605
2020-07-31,AMZN,288,158.23399353027344
2020-08-03,GLD,437,185.63999938964844
2020-08-03,MSFT,236,205.43310546875
2020-08-03,AAPL,452,105.38545989990234
2020-08-03,NVDA,4429,10.947229385375977
2020-08-03,AMZN,297,155.59449768066406
2020-08-04,GLD,438,189.58999633789062
2020-08-04,MSFT,234,202.34982299804688
2020-08-04,AAPL,450,106.08921813964844
2020-08-04,NVDA,4323,11.163484573364258
2020-08-04,AMZN,306,156.94149780273438
2020-08-05,GLD,431,191.35000610351562
2020-08-05,MSFT,236,202.01780700683594
2020-08-05,AAPL,455,106.4737548828125
2020-08-05,NVDA,4310,11.222147941589355
2020-08-05,AMZN,306,160.25149536132812
2020-08-06,GLD,430,193.88999938964844
2020-08-06,MSFT,240,205.2528839111328
2020-08-06,AAPL,455,110.18855285644531
2020-08-06,NVDA,4298,11.270618438720703
2020-08-06,AMZN,304,161.25
2020-08-07,GLD,433,190.80999755859375
2020-08-07,MSFT,240,201.58135986328125
2020-08-07,AAPL,445,107.68331909179688
2020-08-07,NVDA,4335,11.135398864746094
2020-08-07,AMZN,303,158.3730010986328
2020-08-10,GLD,433,190.14999389648438
2020-08-10,MSFT,241,197.568359375
2020-08-10,AAPL,444,109.24848937988281
2020-08-10,NVDA,4295,11.101097106933594
2020-08-10,AMZN,305,157.4080047607422
2020-08-11,GLD,442,179.94000244140625
2020-08-11,MSFT,241,192.94813537597656
2020-08-11,AAPL,437,105.99945068359375
2020-08-11,NVDA,4301,10.787901878356934
2020-08-11,AMZN,305,154.0334930419922
2020-08-12,GLD,442,179.10000610351562
2020-08-12,MSFT,241,198.4600830078125
2020-08-12,AAPL,439,109.52225494384766
2020-08-12,NVDA,4306,11.374772071838379
2020-08-12,AMZN,303,158.11199951171875
2020-08-13,GLD,452,183.3300018310547
2020-08-13,MSFT,241,197.99526977539062
2020-08-13,AAPL,433,111.46055603027344
2020-08-13,NVDA,4177,11.377504348754883
2020-08-13,AMZN,302,158.05099487304688
2020-08-14,GLD,450,182.5399932861328
2020-08-14,MSFT,242,198.1849822998047
2020-08-14,AAPL,432,111.36119842529297
2020-08-14,NVDA,4192,11.49781322479248
2020-08-14,AMZN,302,157.4010009765625
2020-08-17,GLD,450,186.5
2020-08-17,MSFT,243,199.49420166015625
2020-08-17,AAPL,431,111.0704574584961
2020-08-17,NVDA,4113,12.266388893127441
2020-08-17,AMZN,305,159.12049865722656
2020-08-18,GLD,446,188.17999267578125
2020-08-18,MSFT,246,200.64212036132812
2020-08-18,AAPL,443,111.99597930908203
2020-08-18,NVDA,3973,12.19057559967041
2020-08-18,AMZN,306,165.62449645996094
2020-08-19,GLD,451,182.24000549316406
2020-08-19,MSFT,246,199.4248809814453
2020-08-19,AAPL,439,112.13651275634766
2020-08-19,NVDA,4034,12.069025039672852
2020-08-19,AMZN,299,163.0240020751953
2020-08-20,GLD,458,183.5
2020-08-20,MSFT,244,204.06578063964844
2020-08-20,AAPL,433,114.6247787475586
2020-08-20,NVDA,4072,12.071511268615723
2020-08-20,AMZN,299,164.86849975585938
2020-08-21,GLD,462,182.02999877929688
2020-08-21,MSFT,242,202.5821990966797
2020-08-21,AAPL,426,120.53167724609375
2020-08-21,NVDA,4055,12.610905647277832
2020-08-21,AMZN,299,164.23599243164062
2020-08-24,GLD,472,181.0
2020-08-24,MSFT,246,203.21939086914062
2020-08-24,AAPL,404,121.97327423095703
2020-08-24,NVDA,3932,12.647441864013672
2020-08-24,AMZN,304,165.3730010986328
2020-08-25,GLD,471,181.22000122070312
2020-08-25,MSFT,246,205.8631591796875
2020-08-25,AAPL,411,120.9726333618164
2020-08-25,NVDA,3959,12.677023887634277
2020-08-25,AMZN,302,167.32449340820312
2020-08-26,GLD,477,183.36000061035156
2020-08-26,MSFT,243,210.31382751464844
2020-08-26,AAPL,411,122.61773681640625
2020-08-26,NVDA,3943,12.699892044067383
2020-08-26,AMZN,300,172.09249877929688
2020-08-27,GLD,473,181.24000549316406
2020-08-27,MSFT,241,215.47776794433594
2020-08-27,AAPL,413,121.15192413330078
2020-08-27,NVDA,4012,12.555973052978516
2020-08-27,AMZN,296,170.0
2020-08-28,GLD,474,184.38999938964844
2020-08-28,MSFT,235,217.69358825683594
2020-08-28,AAPL,416,120.95565795898438
2020-08-28,NVDA,4039,13.07249641418457
2020-08-28,AMZN,297,170.08999633789062
2020-08-31,GLD,476,184.8300018310547
2020-08-31,MSFT,237,214.47921752929688
2020-08-31,AAPL,415,125.05755615234375
2020-08-31,NVDA,3915,13.29794979095459
2020-08-31,AMZN,301,172.54800415039062
2020-09-01,GLD,477,185.0500030517578
2020-09-01,MSFT,243,216.1339569091797
2020-09-01,AAPL,406,130.03890991210938
2020-09-01,NVDA,3889,13.746006965637207
2020-09-01,AMZN,299,174.95599365234375
2020-09-01,CRM,-746,275.9814453125
2020-09-02,GLD,482,182.6199951171875
2020-09-02,MSFT,239,220.2993621826172
2020-09-02,AAPL,388,127.3447265625
2020-09-02,NVDA,3536,14.268653869628906
2020-09-02,AMZN,292,176.57249450683594
2020-09-02,CRM,-709,271.50689697265625
2020-09-03,GLD,487,181.13999938964844
2020-09-03,MSFT,238,206.6525115966797
2020-09-03,AAPL,421,117.1493911743164
2020-09-03,NVDA,3766,12.944875717163086
2020-09-03,AMZN,297,168.39999389648438
2020-09-03,CRM,-743,260.04571533203125
2020-09-04,GLD,799,181.63999938964844
2020-09-04,CRM,-747,249.92880249023438
2020-09-08,GLD,843,181.2899932861328
2020-09-08,CRM,-855,236.75039672851562
2020-09-09,GLD,825,183.0500030517578
2020-09-10,GLD,492,182.4600067138672
2020-09-10,MSFT,260,195.3070526123047
2020-09-10,AAPL,453,109.98745727539062
2020-09-10,NVDA,4091,12.244943618774414
2020-09-10,AMZN,319,158.7554931640625
2020-09-11,GLD,483,182.4499969482422
2020-09-11,MSFT,261,194.03273010253906
2020-09-11,AAPL,464,108.54344177246094
2020-09-11,NVDA,4151,12.098493576049805
2020-09-11,AMZN,321,155.81100463867188
2020-09-14,GLD,483,183.88999938964844
2020-09-14,MSFT,266,195.34515380859375
2020-09-14,AAPL,465,111.79973602294922
2020-09-14,NVDA,3980,12.802403450012207
2020-09-14,AMZN,326,155.14849853515625
2020-09-15,GLD,486,183.4499969482422
2020-09-15,MSFT,264,198.54995727539062
2020-09-15,AAPL,457,111.97417449951172
2020-09-15,NVDA,3960,12.920507431030273
2020-09-15,AMZN,333,157.80650329589844
2020-09-16,GLD,484,183.97000122070312
2020-09-16,MSFT,261,195.00271606445312
2020-09-16,AAPL,466,108.66941833496094
2020-09-16,NVDA,4044,12.446596145629883
2020-09-16,AMZN,328,153.90499877929688
2020-09-17,GLD,473,182.9600067138672
2020-09-17,MSFT,263,192.9676055908203
2020-09-17,AAPL,471,106.9346694946289
2020-09-17,NVDA,4153,12.39587116241455
2020-09-17,AMZN,333,150.43649291992188
2020-09-18,GLD,474,183.1999969482422
2020-09-18,MSFT,263,190.5710906982422
2020-09-18,AAPL,474,103.54267883300781
2020-09-18,NVDA,4050,12.123109817504883
2020-09-18,AMZN,334,147.74549865722656
2020-09-21,GLD,468,179.52000427246094
2020-09-21,MSFT,262,192.61569213867188
2020-09-21,AAPL,484,106.68269348144531
2020-09-21,NVDA,4138,12.449329376220703
2020-09-21,AMZN,226,148.02349853515625
2020-09-22,GLD,162,178.64999389648438
2020-09-22,MSFT,305,197.25662231445312
2020-09-22,AAPL,744,108.35929107666016
2020-09-22,NVDA,4770,12.569177627563477
2020-09-22,AMZN,393,156.44949340820312
2020-09-23,GLD,492,174.7899932861328
2020-09-23,MSFT,258,190.76129150390625
2020-09-23,AAPL,470,103.81404876708984
2020-09-23,NVDA,4064,12.057965278625488
2020-09-23,AMZN,326,149.9929962158203
2020-09-24,GLD,484,175.44000244140625
2020-09-24,MSFT,258,193.23387145996094
2020-09-24,AAPL,482,104.88009643554688
2020-09-24,NVDA,4094,12.280998229980469
2020-09-24,AMZN,330,150.989501953125
2020-09-25,GLD,491,174.94000244140625
2020-09-25,MSFT,258,197.63697814941406
2020-09-25,AAPL,476,108.8147964477539
2020-09-25,NVDA,4038,12.803894996643066
2020-09-25,AMZN,328,154.75650024414062
2020-09-28,GLD,251,176.6999969482422
2020-09-28,MSFT,285,199.17762756347656
2020-09-28,AAPL,700,111.41206359863281
2020-09-28,NVDA,4417,12.964269638061523
2020-09-28,AMZN,363,158.70249938964844
2020-09-29,GLD,249,178.19000244140625
2020-09-29,MSFT,287,197.10440063476562
2020-09-29,AAPL,703,110.56893157958984
2020-09-29,NVDA,4447,13.153983116149902
2020-09-29,AMZN,361,157.24400329589844
2020-09-30,GLD,248,177.1199951171875
2020-09-30,MSFT,289,200.02403259277344
2020-09-30,AAPL,706,112.23583984375
2020-09-30,NVDA,4368,13.457082748413086
2020-09-30,AMZN,363,157.43649291992188
2020-10-01,GLD,252,178.6999969482422
2020-10-01,MSFT,289,202.0496368408203
2020-10-01,AAPL,701,113.18562316894531
2020-10-01,NVDA,4283,13.540627479553223
2020-10-01,AMZN,365,161.06300354003906
2020-10-02,GLD,492,178.5399932861328
2020-10-02,MSFT,260,196.0868377685547
2020-10-02,AAPL,470,109.53195190429688
2020-10-02,NVDA,3907,12.991373062133789
2020-10-02,AMZN,326,156.25
2020-10-05,GLD,492,179.41000366210938
2020-10-05,MSFT,261,200.07159423828125
2020-10-05,AAPL,466,112.90454864501953
2020-10-05,NVDA,3907,13.568473815917969
2020-10-05,AMZN,327,159.9600067138672
2020-10-06,GLD,496,177.3000030517578
2020-10-06,MSFT,262,195.8206024169922
2020-10-06,AAPL,465,109.66764068603516
2020-10-06,NVDA,3790,13.661965370178223
2020-10-06,AMZN,329,154.9980010986328
2020-10-07,GLD,501,177.22000122070312
2020-10-07,MSFT,262,199.5485382080078
2020-10-07,AAPL,466,111.52837371826172
2020-10-07,NVDA,3718,13.888226509094238
2020-10-07,AMZN,330,159.7845001220703
2020-10-08,GLD,503,177.85000610351562
2020-10-08,MSFT,262,200.26177978515625
2020-10-08,AAPL,465,111.42179107666016
2020-10-08,NVDA,3741,13.763659477233887
2020-10-08,AMZN,325,159.52749633789062
2020-10-09,GLD,498,181.0800018310547
2020-10-09,MSFT,261,205.2354736328125
2020-10-09,AAPL,467,113.36005401611328
2020-10-09,NVDA,3817,13.688070297241211
2020-10-09,AMZN,325,164.33250427246094
2020-10-12,GLD,507,180.55999755859375
2020-10-12,MSFT,257,210.5515899658203
2020-10-12,AAPL,460,120.56073760986328
2020-10-12,NVDA,3840,14.148805618286133
2020-10-12,AMZN,320,172.14649963378906
2020-10-13,GLD,521,177.72000122070312
2020-10-13,MSFT,257,211.94003295898438
2020-10-13,AAPL,448,117.36258697509766
2020-10-13,NVDA,3817,14.170936584472656
2020-10-13,AMZN,313,172.18150329589844
2020-10-14,GLD,517,178.27000427246094
2020-10-14,MSFT,255,210.03802490234375
2020-10-14,AAPL,460,117.44981384277344
2020-10-14,NVDA,3798,14.018767356872559
2020-10-14,AMZN,313,168.1855010986328
2020-10-15,GLD,510,178.9199981689453
2020-10-15,MSFT,255,208.89683532714844
2020-10-15,AAPL,460,116.98462677001953
2020-10-15,NVDA,3844,13.894194602966309
2020-10-15,AMZN,320,166.9324951171875
2020-10-16,GLD,512,178.3000030517578
2020-10-16,MSFT,255,208.89683532714844
2020-10-16,AAPL,456,115.34678649902344
2020-10-16,NVDA,3836,13.736556053161621
2020-10-16,AMZN,319,163.635498046875
2020-10-19,GLD,509,178.38999938964844
2020-10-19,MSFT,254,203.7234344482422
2020-10-19,AAPL,457,112.4006118774414
2020-10-19,NVDA,3850,13.424509048461914
2020-10-19,AMZN,322,160.36050415039062
2020-10-20,GLD,503,179.25
2020-10-20,MSFT,255,204.13233947753906
2020-10-20,AAPL,464,113.88337707519531
2020-10-20,NVDA,3874,13.571457862854004
2020-10-20,AMZN,324,160.85049438476562
2020-10-21,GLD,498,180.60000610351562
2020-10-21,MSFT,258,204.2750244140625
2020-10-21,AAPL,464,113.26314544677734
2020-10-21,NVDA,3869,13.451363563537598
2020-10-21,AMZN,326,159.2469940185547
2020-10-22,GLD,500,178.8300018310547
2020-10-22,MSFT,257,204.36058044433594
2020-10-22,AAPL,460,112.17770385742188
2020-10-22,NVDA,3886,13.288501739501953
2020-10-22,AMZN,110,158.82000732421875
2020-10-23,GLD,500,178.63999938964844
2020-10-23,MSFT,256,205.6349334716797
2020-10-23,AAPL,462,111.48961639404297
2020-10-23,NVDA,3902,13.516508102416992
2020-10-23,AMZN,327,160.22000122070312
2020-10-26,GLD,499,178.5500030517578
2020-10-26,MSFT,256,199.78627014160156
2020-10-26,AAPL,470,111.49929809570312
2020-10-26,NVDA,3892,13.06994342803955
2020-10-26,AMZN,325,160.3520050048828
2020-10-27,GLD,499,179.02000427246094
2020-10-27,MSFT,258,202.8009033203125
2020-10-27,AAPL,465,113.00146484375
2020-10-27,NVDA,3927,13.324058532714844
2020-10-27,AMZN,323,164.31649780273438
2020-10-28,GLD,501,176.1300048828125
2020-10-28,MSFT,261,192.7488250732422
2020-10-28,AAPL,463,107.76811218261719
2020-10-28,NVDA,3932,12.558483123779297
2020-10-28,AMZN,318,158.13900756835938
2020-10-29,GLD,249,175.39999389648438
2020-10-29,MSFT,318,194.6888885498047
2020-10-29,AAPL,378,111.76094818115234
2020-10-29,NVDA,3223,12.953330993652344
2020-10-29,AMZN,385,160.55050659179688
2020-10-30,GLD,246,176.1999969482422
2020-10-30,MSFT,318,192.5491180419922
2020-10-30,AAPL,571,105.5003433227539
2020-10-30,NVDA,4815,12.465988159179688
2020-10-30,AMZN,389,151.8074951171875
2020-11-02,GLD,243,177.91000366210938
2020-11-02,MSFT,314,192.41600036621094
2020-11-02,AAPL,575,105.4131088256836
2020-11-02,NVDA,4834,12.512486457824707
2020-11-03,GLD,802,178.9199981689453
2020-11-04,GLD,161,178.82000732421875
2020-11-04,MSFT,290,205.78707885742188
2020-11-04,AAPL,729,111.40237426757812
2020-11-04,NVDA,4445,13.719402313232422
2020-11-04,AMZN,374,162.05799865722656
2020-11-05,GLD,246,182.92999267578125
2020-11-05,MSFT,275,212.34898376464844
2020-11-05,AAPL,692,115.35647583007812
2020-11-05,NVDA,4114,14.083168983459473
2020-11-05,AMZN,350,166.10000610351562
2020-11-06,GLD,487,183.19000244140625
2020-11-06,MSFT,247,212.7579345703125
2020-11-06,AAPL,454,115.22541809082031
2020-11-06,NVDA,3716,14.482983589172363
2020-11-06,AMZN,316,165.56849670410156
2020-11-09,GLD,504,175.0800018310547
2020-11-09,MSFT,244,207.68910217285156
2020-11-09,AAPL,444,112.92460632324219
2020-11-09,NVDA,3587,13.55678939819336
2020-11-09,AMZN,321,157.18699645996094
2020-11-10,GLD,489,175.66000366210938
2020-11-10,MSFT,246,200.6707000732422
2020-11-10,AAPL,448,112.58482360839844
2020-11-10,NVDA,3721,12.70071029663086
2020-11-10,AMZN,325,151.75100708007812
2020-11-11,GLD,489,174.89999389648438
2020-11-11,MSFT,246,205.93923950195312
2020-11-11,AAPL,438,116.00206756591797
2020-11-11,NVDA,2559,13.345193862915039
2020-11-11,AMZN,325,156.8695068359375
2020-11-12,GLD,493,175.9600067138672
2020-11-12,MSFT,246,204.88363647460938
2020-11-12,AAPL,437,115.73023986816406
2020-11-12,NVDA,3781,13.383733749389648
2020-11-12,AMZN,321,155.51400756835938
2020-11-13,GLD,490,177.16000366210938
2020-11-13,MSFT,246,205.9011688232422
2020-11-13,AAPL,437,115.7787857055664
2020-11-13,NVDA,3746,13.224848747253418
2020-11-13,AMZN,325,156.4405059814453
2020-11-16,GLD,487,177.14999389648438
2020-11-16,MSFT,246,206.58592224121094
2020-11-16,AAPL,436,116.7884292602539
2020-11-16,NVDA,3839,13.441912651062012
2020-11-16,AMZN,325,156.55299377441406
2020-11-17,GLD,491,176.5
2020-11-17,MSFT,247,203.95167541503906
2020-11-17,AAPL,438,115.90498352050781
2020-11-17,NVDA,3773,13.349418640136719
2020-11-17,AMZN,320,156.7830047607422
2020-11-18,GLD,491,175.49000549316406
2020-11-18,MSFT,247,201.26283264160156
2020-11-18,AAPL,438,114.58470153808594
2020-11-18,NVDA,3768,13.355884552001953
2020-11-18,AMZN,322,155.2729949951172
2020-11-19,GLD,491,175.16000366210938
2020-11-19,MSFT,247,202.54052734375
2020-11-19,AAPL,438,115.17687225341797
2020-11-19,NVDA,3799,13.36732292175293
2020-11-19,AMZN,322,155.8509979248047
2020-11-20,GLD,491,175.69000244140625
2020-11-20,MSFT,248,200.6049041748047
2020-11-20,AAPL,438,113.91481018066406
2020-11-20,NVDA,3763,13.016735076904297
2020-11-20,AMZN,323,154.97000122070312
2020-11-23,GLD,490,172.22999572753906
2020-11-23,MSFT,248,200.33792114257812
2020-11-23,AAPL,439,110.52669525146484
2020-11-23,NVDA,3813,13.06870174407959
2020-11-23,AMZN,321,154.91949462890625
2020-11-24,GLD,497,169.58999633789062
2020-11-24,MSFT,247,203.91351318359375
2020-11-24,AAPL,444,111.80816650390625
2020-11-24,NVDA,3763,12.88744068145752
2020-11-24,AMZN,318,155.9029998779297
2020-11-25,GLD,500,169.50999450683594
2020-11-25,MSFT,242,203.92300415039062
2020-11-25,AAPL,443,112.64307403564453
2020-11-25,NVDA,3825,13.16293716430664
2020-11-25,AMZN,316,159.2534942626953
2020-11-27,GLD,511,167.7899932861328
2020-11-27,MSFT,243,205.21978759765625
2020-11-27,AAPL,440,113.18669891357422
2020-11-27,NVDA,3743,13.189291000366211
2020-11-27,AMZN,311,159.76699829101562
2020-11-30,GLD,511,166.6699981689453
2020-11-30,MSFT,243,204.11378479003906
2020-11-30,AAPL,438,115.57492065429688
2020-11-30,NVDA,3766,13.32878303527832
2020-11-30,AMZN,310,158.40199279785156
2020-12-01,GLD,509,170.17999267578125
2020-12-01,MSFT,245,206.1542205810547
2020-12-01,AAPL,429,119.13778686523438
2020-12-01,NVDA,3750,13.317343711853027
2020-12-01,AMZN,315,161.00399780273438
2020-12-02,GLD,508,171.4600067138672
2020-12-02,MSFT,246,205.35330200195312
2020-12-02,AAPL,426,119.48727416992188
2020-12-02,NVDA,3799,13.471004486083984
2020-12-02,AMZN,314,160.17649841308594
2020-12-03,GLD,505,172.80999755859375
2020-12-03,MSFT,248,204.27581787109375
2020-12-03,AAPL,424,119.35136413574219
2020-12-03,NVDA,3759,13.327248573303223
2020-12-03,AMZN,317,159.3365020751953
2020-12-04,GLD,503,172.32000732421875
2020-12-04,MSFT,248,204.39027404785156
2020-12-04,AAPL,425,118.68148803710938
2020-12-04,NVDA,3785,13.488664627075195
2020-12-04,AMZN,317,158.12899780273438
2020-12-07,GLD,503,174.88999938964844
2020-12-07,MSFT,248,204.32347106933594
2020-12-07,AAPL,426,120.1376953125
2020-12-07,NVDA,3740,13.536913871765137
2020-12-07,AMZN,320,157.89999389648438
2020-12-08,GLD,498,175.5
2020-12-08,MSFT,249,205.96353149414062
2020-12-08,AAPL,422,120.74930572509766
2020-12-08,NVDA,3769,13.281484603881836
2020-12-08,AMZN,322,158.864501953125
2020-12-09,GLD,500,172.5
2020-12-09,MSFT,248,201.9492950439453
2020-12-09,AAPL,420,118.22522735595703
2020-12-09,NVDA,3834,12.864385604858398
2020-12-09,AMZN,321,155.2100067138672
2020-12-10,GLD,494,172.1699981689453
2020-12-10,MSFT,247,200.7288818359375
2020-12-10,AAPL,425,119.64260864257812
2020-12-10,NVDA,3890,12.90567398071289
2020-12-10,AMZN,322,155.07449340820312
2020-12-11,GLD,496,172.49000549316406
2020-12-11,MSFT,249,203.34140014648438
2020-12-11,AAPL,420,118.83683013916016
2020-12-11,NVDA,3868,12.946463584899902
2020-12-11,AMZN,322,155.8209991455078
2020-12-14,GLD,500,171.5399932861328
2020-12-14,MSFT,247,204.23770141601562
2020-12-14,AAPL,421,118.22522735595703
2020-12-14,NVDA,3855,13.240446090698242
2020-12-14,AMZN,320,157.84849548339844
2020-12-15,GLD,502,173.94000244140625
2020-12-15,MSFT,247,204.1709442138672
2020-12-15,AAPL,421,124.14714050292969
2020-12-15,NVDA,3800,13.291930198669434
2020-12-15,AMZN,320,158.25599670410156
2020-12-16,GLD,502,174.89999389648438
2020-12-16,MSFT,249,209.08143615722656
2020-12-16,AAPL,413,124.0792007446289
2020-12-16,NVDA,3820,13.174534797668457
2020-12-16,AMZN,321,162.04800415039062
2020-12-17,GLD,501,176.74000549316406
2020-12-17,MSFT,247,209.2149200439453
2020-12-17,AAPL,413,124.94324493408203
2020-12-17,NVDA,3887,13.272780418395996
2020-12-17,AMZN,319,161.8040008544922
2020-12-18,GLD,501,176.44000244140625
2020-12-18,MSFT,247,208.4235382080078
2020-12-18,AAPL,413,122.96277618408203
2020-12-18,NVDA,3877,13.203885078430176
2020-12-18,AMZN,319,160.08250427246094
2020-12-21,GLD,496,175.8800048828125
2020-12-21,MSFT,246,212.2374725341797
2020-12-21,AAPL,420,124.48695373535156
2020-12-21,NVDA,3920,13.263824462890625
2020-12-21,AMZN,319,160.3090057373047
2020-12-22,GLD,503,174.49000549316406
2020-12-22,MSFT,244,213.5247039794922
2020-12-22,AAPL,406,128.0303955078125
2020-12-22,NVDA,3906,13.210101127624512
2020-12-22,AMZN,323,160.3260040283203
2020-12-23,GLD,505,175.64999389648438
2020-12-23,MSFT,243,210.74049377441406
2020-12-23,AAPL,403,127.13726043701172
2020-12-23,NVDA,3918,12.942480087280273
2020-12-23,AMZN,323,159.2635040283203
2020-12-24,GLD,503,176.35000610351562
2020-12-24,MSFT,243,212.38999938964844
2020-12-24,AAPL,403,128.11776733398438
2020-12-24,NVDA,3966,12.927062034606934
2020-12-24,AMZN,323,158.63450622558594
2020-12-28,GLD,502,175.7100067138672
2020-12-28,MSFT,243,214.49720764160156
2020-12-28,AAPL,399,132.69998168945312
2020-12-28,NVDA,3991,12.833791732788086
2020-12-28,AMZN,324,164.197998046875
2020-12-29,GLD,508,176.35000610351562
2020-12-29,MSFT,243,213.72491455078125
2020-12-29,AAPL,391,130.93310546875
2020-12-29,NVDA,4068,12.87682056427002
2020-12-29,AMZN,317,166.10000610351562
2020-12-30,GLD,508,177.6999969482422
2020-12-30,MSFT,243,211.3697967529297
2020-12-30,AAPL,397,129.81666564941406
2020-12-30,NVDA,4044,13.07828426361084
2020-12-30,AMZN,313,164.29249572753906
2020-12-31,GLD,502,178.36000061035156
2020-12-31,MSFT,246,212.0753631591797
2020-12-31,AAPL,400,128.8167724609375
2020-12-31,NVDA,3987,12.987997055053711
2020-12-31,AMZN,318,162.84649658203125
2021-01-04,GLD,494,182.3300018310547
2021-01-04,MSFT,246,207.56536865234375
2021-01-04,AAPL,404,125.63248443603516
2021-01-04,NVDA,4017,13.046198844909668
2021-01-04,AMZN,320,159.3314971923828
2021-01-05,GLD,485,182.8699951171875
2021-01-05,MSFT,249,207.76559448242188
2021-01-05,AAPL,413,127.18583679199219
2021-01-05,NVDA,3967,13.335953712463379
2021-01-05,AMZN,326,160.92550659179688
2021-01-06,GLD,485,179.89999389648438
2021-01-06,MSFT,253,202.3783721923828
2021-01-06,AAPL,414,122.9045181274414
2021-01-06,NVDA,3904,12.549758911132812
2021-01-06,AMZN,326,156.91900634765625
2021-01-07,GLD,488,179.47999572753906
2021-01-07,MSFT,251,208.1374969482422
2021-01-07,AAPL,411,127.09839630126953
2021-01-07,NVDA,1323,13.275513648986816
2021-01-07,AMZN,325,158.10800170898438
2021-01-08,GLD,499,173.33999633789062
2021-01-08,MSFT,248,209.40560913085938
2021-01-08,AAPL,401,128.19540405273438
2021-01-08,NVDA,3877,13.208606719970703
2021-01-08,AMZN,325,159.13499450683594
2021-01-11,GLD,507,173.0
2021-01-11,MSFT,245,207.37469482421875
2021-01-11,AAPL,405,125.21503448486328
2021-01-11,NVDA,3815,13.551589965820312
2021-01-11,AMZN,324,155.7104949951172
2021-01-12,GLD,506,174.1199951171875
2021-01-12,MSFT,247,204.93374633789062
2021-01-12,AAPL,408,125.0403060913086
2021-01-12,NVDA,3729,13.415544509887695
2021-01-12,AMZN,326,156.04150390625
2021-01-13,GLD,502,173.3699951171875
2021-01-13,MSFT,249,206.27818298339844
2021-01-13,AAPL,407,127.0693130493164
2021-01-13,NVDA,3788,13.462300300598145
2021-01-13,AMZN,326,158.29449462890625
2021-01-14,GLD,505,173.27999877929688
2021-01-14,MSFT,249,203.112548828125
2021-01-14,AAPL,403,125.14710235595703
2021-01-14,NVDA,3789,13.132503509521484
2021-01-14,AMZN,324,156.37350463867188
2021-01-15,GLD,502,171.1300048828125
2021-01-15,MSFT,249,202.759765625
2021-01-15,AAPL,404,123.42874908447266
2021-01-15,NVDA,3844,12.793500900268555
2021-01-15,AMZN,324,155.21249389648438
2021-01-19,GLD,500,172.5800018310547
2021-01-19,MSFT,248,206.3734893798828
2021-01-19,AAPL,405,124.09861755371094
2021-01-19,AMZN,324,156.03799438476562
2021-01-20,GLD,500,175.38999938964844
2021-01-20,MSFT,246,213.90609741210938
2021-01-20,AAPL,407,128.17601013183594
2021-01-20,AMZN,320,163.16900634765625
2021-01-20,NVDA,3900,13.297154426574707
2021-01-21,GLD,508,175.27999877929688
2021-01-21,MSFT,243,214.50682067871094
2021-01-21,AAPL,401,132.87472534179688
2021-01-21,AMZN,316,165.34950256347656
2021-01-21,NVDA,3894,13.796330451965332
2021-01-22,GLD,518,173.89999389648438
2021-01-22,MSFT,242,215.4412384033203
2021-01-22,AAPL,396,135.01052856445312
2021-01-22,AMZN,316,164.6114959716797
2021-01-22,NVDA,3824,13.642122268676758
2021-01-25,GLD,519,174.0500030517578
2021-01-25,MSFT,242,218.85472106933594
2021-01-25,AAPL,382,138.7481231689453
2021-01-25,AMZN,318,164.6999969482422
2021-01-25,NVDA,3864,13.58317756652832
2021-01-26,GLD,520,173.6199951171875
2021-01-26,MSFT,240,221.5244903564453
2021-01-26,AAPL,380,138.98110961914062
2021-01-26,AMZN,320,166.30650329589844
2021-01-26,NVDA,3911,13.366294860839844
2021-01-27,GLD,524,172.52000427246094
2021-01-27,MSFT,233,222.06802368164062
2021-01-27,AAPL,380,137.91326904296875
2021-01-27,AMZN,317,161.62899780273438
2021-01-27,NVDA,4016,12.851451873779297
2021-01-28,GLD,856,172.67999267578125
2021-01-29,GLD,856,172.61000061035156
2021-02-01,MSFT,305,228.5040283203125
2021-02-01,AAPL,719,130.2244873046875
2021-02-01,NVDA,5278,13.169066429138184
2021-02-01,AMZN,422,167.1439971923828
2021-02-02,NVDA,1,13.487171173095703
2021-02-02,GLD,887,172.11000061035156
2021-02-03,NVDA,4652,13.461058616638184
2021-02-03,GLD,178,171.85000610351562
2021-02-03,MSFT,276,231.69821166992188
2021-02-03,AAPL,653,130.03025817871094
2021-02-03,AMZN,368,165.62649536132812
2021-02-04,NVDA,4404,13.594123840332031
2021-02-04,GLD,271,168.14999389648438
2021-02-04,MSFT,257,230.7542724609375
2021-02-04,AAPL,611,133.37957763671875
2021-02-04,AMZN,357,166.5500030517578
2021-02-05,NVDA,3918,13.521245956420898
2021-02-05,GLD,542,169.80999755859375
2021-02-05,MSFT,232,230.93544006347656
2021-02-05,AAPL,401,132.96636962890625
2021-02-05,AMZN,323,167.6074981689453
2021-02-08,NVDA,3939,14.364645957946777
2021-02-08,GLD,537,171.52000427246094
2021-02-08,MSFT,232,231.19288635253906
2021-02-08,AAPL,406,133.11215209960938
2021-02-08,AMZN,321,166.14700317382812
2021-02-09,NVDA,3792,14.190047264099121
2021-02-09,GLD,537,172.0800018310547
2021-02-09,MSFT,234,232.43243408203125
2021-02-09,AAPL,407,132.23715209960938
2021-02-09,AMZN,326,165.25
2021-02-10,NVDA,3776,14.68847370147705
2021-02-10,GLD,537,172.7100067138672
2021-02-10,MSFT,233,231.526611328125
2021-02-10,AAPL,409,131.63433837890625
2021-02-10,AMZN,327,164.32899475097656
2021-02-11,NVDA,3657,15.172477722167969
2021-02-11,GLD,540,171.2100067138672
2021-02-11,MSFT,233,233.11895751953125
2021-02-11,AAPL,412,131.38156127929688
2021-02-11,AMZN,331,163.10650634765625
2021-02-12,NVDA,3613,14.884462356567383
2021-02-12,GLD,544,170.69000244140625
2021-02-12,MSFT,233,233.59571838378906
2021-02-12,AAPL,414,131.61489868164062
2021-02-12,AMZN,332,163.885498046875
2021-02-16,NVDA,4249,15.251572608947754
2021-02-16,GLD,184,168.24000549316406
2021-02-16,MSFT,272,232.3656768798828
2021-02-16,AAPL,659,129.4954071044922
2021-02-16,AMZN,391,163.44749450683594
2021-02-17,NVDA,3548,14.829497337341309
2021-02-17,GLD,549,166.3300018310547
2021-02-17,MSFT,233,233.3787078857422
2021-02-17,AAPL,420,127.21058654785156
2021-02-17,AMZN,329,165.4320068359375
2021-02-18,NVDA,3632,14.752894401550293
2021-02-18,GLD,547,166.32000732421875
2021-02-18,MSFT,231,232.98687744140625
2021-02-18,AAPL,423,126.11193084716797
2021-02-18,AMZN,325,166.4114990234375
2021-02-19,NVDA,3588,14.849891662597656
2021-02-19,GLD,551,167.00999450683594
2021-02-19,MSFT,231,230.29188537597656
2021-02-19,AAPL,423,126.2674560546875
2021-02-19,AMZN,323,162.4949951171875
2021-02-22,NVDA,3603,14.282073020935059
2021-02-22,GLD,539,169.50999450683594
2021-02-22,MSFT,233,224.11807250976562
2021-02-22,AAPL,425,122.50482940673828
2021-02-22,AMZN,330,159.03700256347656
2021-02-23,NVDA,4127,14.069419860839844
2021-02-23,GLD,263,169.1199951171875
2021-02-23,MSFT,262,222.93304443359375
2021-02-23,AAPL,654,122.36871337890625
2021-02-23,AMZN,369,159.72500610351562
2021-02-24,NVDA,4127,14.424586296081543
2021-02-24,GLD,266,169.0
2021-02-24,MSFT,263,224.1562957763672
2021-02-24,AAPL,651,121.87284088134766
2021-02-24,AMZN,367,157.97650146484375
2021-02-25,NVDA,3721,13.239202499389648
2021-02-25,GLD,533,165.82000732421875
2021-02-25,MSFT,235,218.84271240234375
2021-02-25,AAPL,429,117.6337890625
2021-02-25,AMZN,332,152.85800170898438
2021-02-26,GLD,889,161.80999755859375
2021-03-01,GLD,180,161.52999877929688
2021-03-01,MSFT,267,226.44039916992188
2021-03-01,AAPL,682,124.24515533447266
2021-03-01,NVDA,4362,13.770709991455078
2021-03-01,AMZN,385,157.3070068359375
2021-03-02,GLD,182,162.41000366210938
2021-03-02,MSFT,268,223.5064697265625
2021-03-02,AAPL,665,121.64923095703125
2021-03-02,NVDA,4402,13.337446212768555
2021-03-02,AMZN,387,154.72650146484375
2021-03-03,GLD,180,160.6199951171875
2021-03-03,MSFT,268,217.47605895996094
2021-03-03,AAPL,669,118.67411041259766
2021-03-03,NVDA,4458,12.739031791687012
2021-03-03,AMZN,387,150.25
2021-03-04,GLD,176,159.0399932861328
2021-03-04,MSFT,268,216.68287658691406
2021-03-04,AAPL,670,116.79766082763672
2021-03-04,NVDA,4567,12.306761741638184
2021-03-04,AMZN,387,148.8784942626953
2021-03-05,GLD,879,159.13999938964844
2021-03-08,GLD,177,157.49000549316406
2021-03-08,MSFT,261,217.31358337402344
2021-03-08,AAPL,669,113.13223266601562
2021-03-08,NVDA,4662,11.5337495803833
2021-03-08,AMZN,383,147.59750366210938
2021-03-09,GLD,174,160.83999633789062
2021-03-09,MSFT,258,223.42042541503906
2021-03-09,AAPL,676,117.73102569580078
2021-03-09,NVDA,4753,12.46029281616211
2021-03-09,AMZN,381,153.1425018310547
2021-03-10,GLD,177,161.66000366210938
2021-03-10,MSFT,259,222.12069702148438
2021-03-10,AAPL,677,116.65181732177734
2021-03-10,NVDA,4603,12.40854263305664
2021-03-10,AMZN,380,152.8820037841797
2021-03-11,GLD,531,161.52000427246094
2021-03-11,MSFT,223,226.62196350097656
2021-03-11,AAPL,420,118.5768814086914
2021-03-11,NVDA,3882,12.931275367736816
2021-03-11,AMZN,323,155.67950439453125
2021-03-12,GLD,531,161.49000549316406
2021-03-12,MSFT,222,225.30316162109375
2021-03-12,AAPL,422,117.67269897460938
2021-03-12,NVDA,3926,12.794434547424316
2021-03-12,AMZN,322,154.47450256347656
2021-03-15,GLD,527,162.1999969482422
2021-03-15,MSFT,222,224.40481567382812
2021-03-15,AAPL,422,120.55059814453125
2021-03-15,NVDA,3897,13.12807846069336
2021-03-15,AMZN,324,154.08399963378906
2021-03-16,GLD,534,162.35000610351562
2021-03-16,MSFT,224,227.17630004882812
2021-03-16,AAPL,414,122.08675384521484
2021-03-16,NVDA,3807,13.227601051330566
2021-03-16,AMZN,325,154.59300231933594
2021-03-17,GLD,531,163.50999450683594
2021-03-17,MSFT,223,226.53598022460938
2021-03-17,AAPL,416,121.29922485351562
2021-03-17,NVDA,3868,13.277360916137695
2021-03-17,AMZN,326,156.7864990234375
2021-03-18,GLD,532,162.55999755859375
2021-03-18,MSFT,225,220.4960479736328
2021-03-18,AAPL,418,117.18655395507812
2021-03-18,NVDA,3828,12.66157341003418
2021-03-18,AMZN,323,151.39950561523438
2021-03-19,GLD,523,163.24000549316406
2021-03-19,MSFT,225,220.1424102783203
2021-03-19,AAPL,424,116.66152954101562
2021-03-19,NVDA,3901,12.784232139587402
2021-03-19,AMZN,326,153.7480010986328
2021-03-22,GLD,524,163.0
2021-03-22,MSFT,225,225.53250122070312
2021-03-22,AAPL,424,119.96720886230469
2021-03-22,NVDA,3866,13.123102188110352
2021-03-22,AMZN,324,155.5435028076172
2021-03-23,GLD,532,161.80999755859375
2021-03-23,MSFT,223,227.0520782470703
2021-03-23,AAPL,422,119.14080810546875
2021-03-23,NVDA,3828,13.008157730102539
2021-03-23,AMZN,323,156.875
2021-03-24,GLD,533,162.3699951171875
2021-03-24,MSFT,222,225.0260009765625
2021-03-24,AAPL,422,116.75875854492188
2021-03-24,NVDA,3854,12.582453727722168
2021-03-24,AMZN,321,154.35350036621094
2021-03-25,GLD,522,161.77999877929688
2021-03-25,MSFT,221,222.0442352294922
2021-03-25,AAPL,427,117.24488830566406
2021-03-25,NVDA,3989,12.475220680236816
2021-03-25,AMZN,323,152.31300354003906
2021-03-26,GLD,523,162.24000549316406
2021-03-26,MSFT,223,226.0007781982422
2021-03-26,AAPL,423,117.84769439697266
2021-03-26,NVDA,3955,12.777763366699219
2021-03-26,AMZN,324,152.60150146484375
2021-03-29,GLD,529,160.30999755859375
2021-03-29,MSFT,221,224.8157501220703
2021-03-29,AAPL,422,118.02269744873047
2021-03-29,NVDA,3906,12.886241912841797
2021-03-29,AMZN,326,153.7864990234375
2021-03-30,GLD,536,157.57000732421875
2021-03-30,MSFT,221,221.57595825195312
2021-03-30,AAPL,422,116.57404327392578
2021-03-30,NVDA,3865,12.81010913848877
2021-03-30,AMZN,322,152.76449584960938
2021-03-31,GLD,537,159.9600067138672
2021-03-31,MSFT,222,225.32223510742188
2021-03-31,AAPL,420,118.76163482666016
2021-03-31,NVDA,3827,13.284323692321777
2021-03-31,AMZN,323,154.70399475097656
2021-04-01,GLD,537,161.97999572753906
2021-04-01,MSFT,222,231.61070251464844
2021-04-01,AAPL,421,119.58805084228516
2021-04-01,NVDA,3750,13.74560832977295
2021-04-01,AMZN,324,158.0500030517578
2021-04-05,GLD,542,161.9199981689453
2021-04-05,MSFT,221,238.0329132080078
2021-04-05,AAPL,424,122.4075927734375
2021-04-05,NVDA,3704,13.920516014099121
2021-04-05,AMZN,323,161.3365020751953
2021-04-06,GLD,545,163.22000122070312
2021-04-06,MSFT,219,236.87652587890625
2021-04-06,AAPL,421,122.708984375
2021-04-06,NVDA,3715,13.795117378234863
2021-04-06,AMZN,322,161.1909942626953
2021-04-07,GLD,545,162.75999450683594
2021-04-07,MSFT,219,238.8260498046875
2021-04-07,AAPL,422,124.35211181640625
2021-04-07,NVDA,3741,14.075769424438477
2021-04-07,AMZN,320,163.96949768066406
2021-04-08,GLD,549,164.50999450683594
2021-04-08,MSFT,218,242.02764892578125
2021-04-08,AAPL,420,126.74386596679688
2021-04-08,NVDA,3707,14.248437881469727
2021-04-08,AMZN,318,164.96499633789062
2021-04-09,GLD,552,163.27000427246094
2021-04-09,MSFT,218,244.512451171875
2021-04-09,AAPL,416,129.31063842773438
2021-04-09,NVDA,3709,14.331039428710938
2021-04-09,AMZN,318,168.61000061035156
2021-04-12,GLD,557,162.27999877929688
2021-04-12,MSFT,218,244.56979370117188
2021-04-12,AAPL,411,127.59947967529297
2021-04-12,NVDA,3718,15.136163711547852
2021-04-12,AMZN,316,168.96949768066406
2021-04-13,GLD,563,163.42999267578125
2021-04-13,MSFT,218,247.03543090820312
2021-04-13,AAPL,416,130.7009735107422
2021-04-13,NVDA,3540,15.604413032531738
2021-04-13,AMZN,316,170.0
2021-04-14,GLD,568,162.72000122070312
2021-04-14,MSFT,219,244.26393127441406
2021-04-14,AAPL,412,128.36753845214844
2021-04-14,NVDA,3474,15.203841209411621
2021-04-14,AMZN,317,166.64999389648438
2021-04-15,GLD,565,165.35000610351562
2021-04-15,MSFT,219,248.0006866455078
2021-04-15,AAPL,415,130.76902770996094
2021-04-15,NVDA,3465,16.059972763061523
2021-04-15,AMZN,320,168.95449829101562
2021-04-16,GLD,563,166.35000610351562
2021-04-16,MSFT,219,249.18576049804688
2021-04-16,AAPL,417,130.43846130371094
2021-04-16,NVDA,3413,15.836298942565918
2021-04-16,AMZN,322,169.9720001220703
2021-04-19,GLD,561,165.88999938964844
2021-04-19,MSFT,219,247.2743377685547
2021-04-19,AAPL,417,131.09957885742188
2021-04-19,NVDA,3506,15.288182258605957
2021-04-19,AMZN,320,168.60049438476562
2021-04-20,GLD,560,166.47999572753906
2021-04-20,MSFT,219,246.81565856933594
2021-04-20,AAPL,412,129.41761779785156
2021-04-20,NVDA,3544,15.09859561920166
2021-04-20,AMZN,320,166.7344970703125
2021-04-21,GLD,552,168.1300048828125
2021-04-21,MSFT,218,249.0328369140625
2021-04-21,AAPL,417,129.79681396484375
2021-04-21,NVDA,3575,15.286938667297363
2021-04-21,AMZN,324,168.1009979248047
2021-04-22,GLD,555,167.0399932861328
2021-04-22,MSFT,218,245.77395629882812
2021-04-22,AAPL,418,128.28005981445312
2021-04-22,NVDA,3540,14.779131889343262
2021-04-22,AMZN,322,165.45199584960938
2021-04-23,GLD,550,166.39999389648438
2021-04-23,MSFT,218,249.57760620117188
2021-04-23,AAPL,418,130.5940399169922
2021-04-23,NVDA,3610,15.192146301269531
2021-04-23,AMZN,323,167.04400634765625
2021-04-26,GLD,556,166.83999633789062
2021-04-26,MSFT,217,249.95982360839844
2021-04-26,AAPL,413,130.9829559326172
2021-04-26,NVDA,3581,15.403879165649414
2021-04-26,AMZN,323,170.4499969482422
2021-04-27,GLD,560,166.4199981689453
2021-04-27,MSFT,218,250.3612518310547
2021-04-27,AAPL,416,130.66209411621094
2021-04-27,NVDA,3523,15.308089256286621
2021-04-27,AMZN,318,170.8715057373047
2021-04-28,GLD,560,166.91000366210938
2021-04-28,MSFT,221,243.27960205078125
2021-04-28,AAPL,415,129.87454223632812
2021-04-28,NVDA,3540,15.203590393066406
2021-04-28,AMZN,316,172.9250030517578
2021-04-29,GLD,563,166.22000122070312
2021-04-29,MSFT,222,241.3204803466797
2021-04-29,AAPL,411,129.7772979736328
2021-04-29,NVDA,3551,15.251358032226562
2021-04-29,AMZN,311,173.5655059814453
2021-04-30,GLD,558,165.66000366210938
2021-04-30,MSFT,225,241.0050506591797
2021-04-30,AAPL,420,127.81336975097656
2021-04-30,NVDA,3568,14.937620162963867
2021-04-30,AMZN,306,173.37100219726562
2021-05-03,GLD,553,167.80999755859375
2021-05-03,MSFT,224,240.6992645263672
2021-05-03,AAPL,421,128.86343383789062
2021-05-03,NVDA,3591,14.76569938659668
2021-05-03,AMZN,310,169.32449340820312
2021-05-04,GLD,546,166.5800018310547
2021-05-04,MSFT,223,236.80963134765625
2021-05-04,AAPL,419,124.30349731445312
2021-05-04,NVDA,3662,14.282522201538086
2021-05-04,AMZN,317,165.593505859375
2021-05-05,GLD,546,167.27000427246094
2021-05-05,MSFT,223,235.548095703125
2021-05-05,AAPL,422,124.54657745361328
2021-05-05,NVDA,2417,14.389260292053223
2021-05-05,AMZN,317,163.52699279785156
2021-05-06,GLD,539,170.05999755859375
2021-05-06,MSFT,223,238.66368103027344
2021-05-06,AAPL,424,126.14110565185547
2021-05-06,NVDA,3656,14.453451156616211
2021-05-06,AMZN,322,165.31849670410156
2021-05-07,GLD,538,171.58999633789062
2021-05-07,MSFT,223,241.27272033691406
2021-05-07,AAPL,422,126.81310272216797
2021-05-07,NVDA,3648,14.741314888000488
2021-05-07,AMZN,323,164.58050537109375
2021-05-10,GLD,533,172.11000061035156
2021-05-10,MSFT,223,236.22662353515625
2021-05-10,AAPL,425,123.54072570800781
2021-05-10,NVDA,3643,14.197430610656738
2021-05-10,AMZN,326,159.52450561523438
2021-05-11,GLD,174,172.13999938964844
2021-05-11,MSFT,261,235.3187713623047
2021-05-11,AAPL,693,122.62527465820312
2021-05-11,NVDA,4446,14.237738609313965
2021-05-11,AMZN,390,161.19549560546875
2021-05-12,GLD,868,170.42999267578125
2021-05-13,GLD,262,171.1300048828125
2021-05-13,MSFT,272,232.26051330566406
2021-05-13,AAPL,519,121.70977783203125
2021-05-13,NVDA,4515,13.599810600280762
2021-05-13,AMZN,396,158.07350158691406
2021-05-14,GLD,866,172.69000244140625
2021-05-17,GLD,173,174.6999969482422
2021-05-17,MSFT,261,234.31524658203125
2021-05-17,AAPL,681,122.9758529663086
2021-05-17,NVDA,4378,14.097661972045898
2021-05-17,AMZN,380,163.51950073242188
2021-05-18,GLD,172,175.0399932861328
2021-05-18,MSFT,263,232.30831909179688
2021-05-18,AAPL,685,121.59290313720703
2021-05-18,NVDA,4364,13.948629379272461
2021-05-18,AMZN,377,161.61399841308594
2021-05-19,GLD,167,175.16000366210938
2021-05-19,MSFT,263,232.88302612304688
2021-05-19,AAPL,685,121.43707275390625
2021-05-19,NVDA,4467,13.998391151428223
2021-05-19,AMZN,377,161.58999633789062
2021-05-20,GLD,170,175.9600067138672
2021-05-20,MSFT,263,236.10159301757812
2021-05-20,AAPL,688,123.98872375488281
2021-05-20,NVDA,4327,14.542523384094238
2021-05-20,AMZN,379,162.38400268554688
2021-05-21,GLD,172,176.0399932861328
2021-05-21,MSFT,264,234.8467254638672
2021-05-21,AAPL,688,122.15776062011719
2021-05-21,NVDA,4163,14.91995620727539
2021-05-21,AMZN,386,160.1540069580078
2021-05-24,GLD,172,176.35000610351562
2021-05-24,MSFT,264,240.22052001953125
2021-05-24,AAPL,694,123.78421020507812
2021-05-24,NVDA,4129,15.537235260009766
2021-05-24,AMZN,388,162.24949645996094
2021-05-25,GLD,174,177.9499969482422
2021-05-25,MSFT,264,241.1209716796875
2021-05-25,AAPL,695,123.58942413330078
2021-05-25,NVDA,4049,15.572813034057617
2021-05-25,AMZN,388,162.95249938964844
2021-05-26,GLD,173,177.63999938964844
2021-05-26,MSFT,264,240.90061950683594
2021-05-26,AAPL,700,123.54072570800781
2021-05-26,NVDA,4053,15.624813079833984
2021-05-26,AMZN,388,163.25799560546875
2021-05-27,GLD,173,177.7100067138672
2021-05-27,MSFT,263,238.81240844726562
2021-05-27,AAPL,700,122.01168823242188
2021-05-27,NVDA,4050,15.413829803466797
2021-05-27,AMZN,388,161.5054931640625
2021-05-28,GLD,173,178.3800048828125
2021-05-28,MSFT,262,239.16683959960938
2021-05-28,AAPL,702,121.3591537475586
2021-05-28,NVDA,4081,16.166706085205078
2021-05-28,AMZN,388,161.15350341796875
2021-06-01,GLD,173,177.89999389648438
2021-06-01,MSFT,264,236.9828338623047
2021-06-01,AAPL,711,121.03778839111328
2021-06-01,NVDA,3924,16.186609268188477
2021-06-01,AMZN,391,160.9324951171875
2021-06-02,GLD,515,178.77000427246094
2021-06-02,MSFT,226,236.8870391845703
2021-06-02,AAPL,443,121.79743194580078
2021-06-02,NVDA,3315,16.69790267944336
2021-06-02,AMZN,333,161.69949340820312
2021-06-03,GLD,521,175.27000427246094
2021-06-03,MSFT,227,235.364013671875
2021-06-03,AAPL,441,120.31707763671875
2021-06-03,NVDA,3220,16.888484954833984
2021-06-03,AMZN,334,159.35049438476562
2021-06-04,GLD,522,177.16000366210938
2021-06-04,MSFT,227,240.2301025390625
2021-06-04,AAPL,445,122.60577392578125
2021-06-04,NVDA,3163,17.49407386779785
2021-06-04,AMZN,335,160.31100463867188
2021-06-07,GLD,176,177.8699951171875
2021-06-07,MSFT,267,243.12295532226562
2021-06-07,AAPL,710,122.61550903320312
2021-06-07,NVDA,3658,17.534618377685547
2021-06-07,AMZN,400,159.90049743652344
2021-06-08,GLD,176,177.32000732421875
2021-06-08,MSFT,264,241.93516540527344
2021-06-08,AAPL,711,123.43360137939453
2021-06-08,NVDA,3689,17.373401641845703
2021-06-08,AMZN,400,163.20550537109375
2021-06-09,GLD,529,176.97999572753906
2021-06-09,MSFT,226,242.9122314453125
2021-06-09,AAPL,443,123.81341552734375
2021-06-09,NVDA,3142,17.279083251953125
2021-06-09,AMZN,335,164.0574951171875
2021-06-10,GLD,530,177.74000549316406
2021-06-10,MSFT,225,246.40850830078125
2021-06-10,AAPL,442,122.82003021240234
2021-06-10,NVDA,3164,17.34552764892578
2021-06-10,AMZN,334,167.4824981689453
2021-06-11,GLD,534,175.74000549316406
2021-06-11,MSFT,223,247.03118896484375
2021-06-11,AAPL,446,124.02767944335938
2021-06-11,NVDA,3159,17.74394989013672
2021-06-11,AMZN,329,167.3415069580078
2021-06-14,GLD,544,174.7100067138672
2021-06-14,MSFT,223,248.9469451904297
2021-06-14,AAPL,442,127.0760498046875
2021-06-14,NVDA,3085,17.936569213867188
2021-06-14,AMZN,329,169.19349670410156
2021-06-15,GLD,544,174.0500030517578
2021-06-15,MSFT,223,247.48135375976562
2021-06-15,AAPL,439,126.25794982910156
2021-06-15,NVDA,3108,17.70737075805664
2021-06-15,AMZN,328,169.156494140625
2021-06-16,GLD,545,171.11000061035156
2021-06-16,MSFT,223,246.54263305664062
2021-06-16,AAPL,436,126.754638671875
2021-06-16,NVDA,3124,17.729021072387695
2021-06-16,AMZN,327,170.7624969482422
2021-06-17,GLD,560,165.85000610351562
2021-06-17,MSFT,223,249.91436767578125
2021-06-17,AAPL,432,128.35186767578125
2021-06-17,NVDA,3087,18.572160720825195
2021-06-17,AMZN,321,174.46200561523438
2021-06-18,GLD,571,164.92999267578125
2021-06-18,MSFT,223,248.50628662109375
2021-06-18,AAPL,435,127.05655670166016
2021-06-18,NVDA,2963,18.553743362426758
2021-06-18,AMZN,319,174.34500122070312
2021-06-21,GLD,569,166.9499969482422
2021-06-21,MSFT,222,251.5715789794922
2021-06-21,AAPL,435,128.8485565185547
2021-06-21,NVDA,3009,18.34320640563965
2021-06-21,AMZN,318,172.697998046875
2021-06-22,GLD,571,166.25
2021-06-22,MSFT,221,254.33038330078125
2021-06-22,AAPL,431,130.48472595214844
2021-06-22,NVDA,3013,18.800613403320312
2021-06-22,AMZN,320,175.27200317382812
2021-06-23,GLD,575,166.13999938964844
2021-06-23,MSFT,221,254.1003875732422
2021-06-23,AAPL,431,130.21206665039062
2021-06-23,NVDA,2963,18.970333099365234
2021-06-23,AMZN,320,175.1909942626953
2021-06-24,GLD,577,166.0399932861328
2021-06-24,MSFT,221,255.46058654785156
2021-06-24,AAPL,430,129.92959594726562
2021-06-24,NVDA,2938,19.117908477783203
2021-06-24,AMZN,320,172.45399475097656
2021-06-25,GLD,575,166.58999633789062
2021-06-25,MSFT,221,253.86090087890625
2021-06-25,AAPL,431,129.63743591308594
2021-06-25,NVDA,2924,18.944204330444336
2021-06-25,AMZN,323,170.072998046875
2021-06-28,GLD,575,166.5800018310547
2021-06-28,MSFT,220,257.4051513671875
2021-06-28,AAPL,431,131.2638702392578
2021-06-28,NVDA,2903,19.893848419189453
2021-06-28,AMZN,327,172.1945037841797
2021-06-29,GLD,586,164.8300018310547
2021-06-29,MSFT,219,259.9723205566406
2021-06-29,AAPL,429,132.7733917236328
2021-06-29,NVDA,2841,19.935415267944336
2021-06-29,AMZN,327,172.40699768066406
2021-06-30,GLD,587,165.6300048828125
2021-06-30,MSFT,218,259.4932556152344
2021-06-30,AAPL,426,133.38702392578125
2021-06-30,NVDA,2836,19.911272048950195
2021-06-30,AMZN,328,172.00799560546875
2021-07-01,GLD,583,166.1999969482422
2021-07-01,MSFT,219,260.16387939453125
2021-07-01,AAPL,426,133.6889190673828
2021-07-01,NVDA,2829,20.119815826416016
2021-07-01,AMZN,329,171.64849853515625
2021-07-02,GLD,584,167.2899932861328
2021-07-02,MSFT,219,265.9591369628906
2021-07-02,AAPL,426,136.30873107910156
2021-07-02,NVDA,2807,20.393564224243164
2021-07-02,AMZN,330,175.5489959716797
2021-07-06,GLD,586,168.1199951171875
2021-07-06,MSFT,218,265.9686584472656
2021-07-06,AAPL,425,138.3149871826172
2021-07-06,NVDA,2807,20.604097366333008
2021-07-06,AMZN,329,183.78700256347656
2021-07-07,GLD,596,168.75999450683594
2021-07-07,MSFT,219,268.1430969238281
2021-07-07,AAPL,420,140.7984619140625
2021-07-07,NVDA,2826,20.27883529663086
2021-07-07,AMZN,316,184.82899475097656
2021-07-08,GLD,586,168.64999389648438
2021-07-08,MSFT,219,265.7388610839844
2021-07-08,AAPL,420,139.50314331054688
2021-07-08,NVDA,2931,19.81197738647461
2021-07-08,AMZN,318,186.57049560546875
2021-07-09,GLD,590,169.2100067138672
2021-07-09,MSFT,220,266.2369384765625
2021-07-09,AAPL,419,141.32435607910156
2021-07-09,NVDA,2926,19.95880126953125
2021-07-09,AMZN,313,185.9669952392578
2021-07-12,GLD,595,169.0
2021-07-12,MSFT,220,265.6430358886719
2021-07-12,AAPL,412,140.73031616210938
2021-07-12,NVDA,2911,20.418947219848633
2021-07-12,AMZN,313,185.92750549316406
2021-07-13,GLD,592,169.22000122070312
2021-07-13,MSFT,220,269.1489562988281
2021-07-13,AAPL,417,141.84056091308594
2021-07-13,NVDA,2881,20.157642364501953
2021-07-13,AMZN,316,183.8679962158203
2021-07-14,GLD,592,171.0399932861328
2021-07-14,MSFT,219,270.6145324707031
2021-07-14,AAPL,410,145.2589569091797
2021-07-14,NVDA,2913,19.751007080078125
2021-07-14,AMZN,318,184.08399963378906
2021-07-15,GLD,591,171.07000732421875
2021-07-15,MSFT,218,269.1968078613281
2021-07-15,AAPL,405,144.6064453125
2021-07-15,NVDA,2982,18.879749298095703
2021-07-15,AMZN,318,181.55999755859375
2021-07-16,GLD,585,169.41000366210938
2021-07-16,MSFT,216,268.9285888671875
2021-07-16,AAPL,403,142.5709686279297
2021-07-16,NVDA,3073,18.078170776367188
2021-07-16,AMZN,320,178.68150329589844
2021-07-19,GLD,576,169.61000061035156
2021-07-19,MSFT,214,265.3460693359375
2021-07-19,AAPL,406,138.73374938964844
2021-07-19,NVDA,2129,18.6940975189209
2021-07-19,AMZN,322,177.47950744628906
2021-07-20,GLD,960,169.38999938964844
2021-07-21,GLD,581,168.75999450683594
2021-07-21,MSFT,213,269.5511779785156
2021-07-21,AAPL,402,141.6067657470703
2021-07-21,NVDA,3032,19.321475982666016
2021-07-21,AMZN,318,179.25999450683594
2021-07-22,GLD,585,169.08999633789062
2021-07-22,MSFT,212,274.09161376953125
2021-07-22,AAPL,405,142.97027587890625
2021-07-22,NVDA,2946,19.5046329498291
2021-07-22,AMZN,321,181.90150451660156
2021-07-23,GLD,589,168.55999755859375
2021-07-23,MSFT,211,277.4729919433594
2021-07-23,AAPL,404,144.68435668945312
2021-07-23,NVDA,2961,19.46880340576172
2021-07-23,AMZN,319,182.83200073242188
2021-07-26,GLD,589,168.16000366210938
2021-07-26,MSFT,210,276.8790283203125
2021-07-26,AAPL,402,145.10313415527344
2021-07-26,NVDA,3015,19.206003189086914
2021-07-26,AMZN,316,184.99099731445312
2021-07-27,GLD,590,168.44000244140625
2021-07-27,MSFT,210,274.47479248046875
2021-07-27,AAPL,400,142.9410858154297
2021-07-27,NVDA,3028,19.12039566040039
2021-07-27,AMZN,315,181.3195037841797
2021-07-28,GLD,588,169.2899932861328
2021-07-28,MSFT,209,274.168212890625
2021-07-28,AAPL,408,141.19775390625
2021-07-28,NVDA,2997,19.41404914855957
2021-07-28,AMZN,317,181.51600646972656
2021-07-29,GLD,581,171.1699981689453
2021-07-29,MSFT,210,274.43646240234375
2021-07-29,AAPL,410,141.84056091308594
2021-07-29,NVDA,2977,19.572324752807617
2021-07-29,AMZN,318,179.99600219726562
2021-07-30,GLD,573,169.82000732421875
2021-07-30,MSFT,209,272.91339111328125
2021-07-30,AAPL,406,142.05479431152344
2021-07-30,NVDA,2951,19.41006851196289
2021-07-30,AMZN,340,166.37950134277344
2021-08-02,GLD,579,169.61000061035156
2021-08-02,MSFT,209,272.8271484375
2021-08-02,AAPL,402,141.72369384765625
2021-08-02,NVDA,2918,19.659927368164062
2021-08-02,AMZN,228,166.57400512695312
2021-08-03,GLD,193,169.49000549316406
2021-08-03,MSFT,246,275.03033447265625
2021-08-03,AAPL,646,143.51565551757812
2021-08-03,NVDA,3428,19.724624633789062
2021-08-03,AMZN,403,168.31199645996094
2021-08-04,GLD,576,169.52999877929688
2021-08-04,MSFT,211,274.4460754394531
2021-08-04,AAPL,402,143.1163330078125
2021-08-04,NVDA,2897,20.181535720825195
2021-08-04,AMZN,342,167.73599243164062
2021-08-05,GLD,583,168.86000061035156
2021-08-05,MSFT,210,277.3293151855469
2021-08-05,AAPL,402,143.2234649658203
2021-08-05,NVDA,2825,20.542875289916992
2021-08-05,AMZN,343,168.79949951171875
2021-08-06,GLD,593,164.63999938964844
2021-08-06,MSFT,208,277.27178955078125
2021-08-06,AAPL,402,142.54071044921875
2021-08-06,NVDA,2810,20.27310562133789
2021-08-06,AMZN,341,167.2469940185547
2021-08-09,GLD,200,161.72000122070312
2021-08-09,MSFT,242,276.18951416015625
2021-08-09,AAPL,642,142.491943359375
2021-08-09,NVDA,3303,20.202438354492188
2021-08-09,AMZN,402,167.093505859375
2021-08-10,GLD,604,161.77000427246094
2021-08-10,MSFT,206,274.3789978027344
2021-08-10,AAPL,399,142.0140380859375
2021-08-10,NVDA,2814,19.84507942199707
2021-08-10,AMZN,341,166.03399658203125
2021-08-11,GLD,200,164.0
2021-08-11,MSFT,243,274.8675537109375
2021-08-11,AAPL,641,142.26763916015625
2021-08-11,NVDA,3358,19.609155654907227
2021-08-11,AMZN,402,164.60549926757812
2021-08-12,GLD,593,164.0399932861328
2021-08-12,MSFT,207,277.60711669921875
2021-08-12,AAPL,398,145.22300720214844
2021-08-12,NVDA,2864,19.81421661376953
2021-08-12,AMZN,345,165.1750030517578
2021-08-13,GLD,593,166.38999938964844
2021-08-13,MSFT,206,280.5191345214844
2021-08-13,AAPL,393,145.42784118652344
2021-08-13,NVDA,2880,20.095928192138672
2021-08-13,AMZN,345,164.69850158691406
2021-08-16,GLD,590,167.22000122070312
2021-08-16,MSFT,205,282.1954345703125
2021-08-16,AAPL,395,147.3980712890625
2021-08-16,NVDA,2863,19.859010696411133
2021-08-16,AMZN,349,164.94949340820312
2021-08-17,GLD,587,166.97000122070312
2021-08-17,MSFT,205,280.73944091796875
2021-08-17,AAPL,391,146.49099731445312
2021-08-17,NVDA,2923,19.369253158569336
2021-08-17,AMZN,349,162.09800720214844
2021-08-18,GLD,586,167.10000610351562
2021-08-18,MSFT,204,279.0215148925781
2021-08-18,AAPL,391,142.75534057617188
2021-08-18,NVDA,2940,18.953163146972656
2021-08-18,AMZN,352,160.06100463867188
2021-08-19,GLD,966,166.61000061035156
2021-08-20,GLD,967,166.6999969482422
2021-08-23,GLD,193,168.72999572753906
2021-08-23,MSFT,229,292.3808288574219
2021-08-23,AAPL,630,146.02284240722656
2021-08-23,NVDA,3205,21.857851028442383
2021-08-23,AMZN,416,163.2935028076172
2021-08-24,GLD,583,168.64999389648438
2021-08-24,MSFT,197,290.43267822265625
2021-08-24,AAPL,395,145.93502807617188
2021-08-24,NVDA,2659,21.693603515625
2021-08-24,AMZN,351,165.28900146484375
2021-08-25,GLD,587,167.47999572753906
2021-08-25,MSFT,197,289.8472900390625
2021-08-25,AAPL,394,144.70603942871094
2021-08-25,NVDA,2659,22.11168670654297
2021-08-25,AMZN,348,164.95899963378906
2021-08-26,GLD,588,167.6699981689453
2021-08-26,MSFT,198,287.0447998046875
2021-08-26,AAPL,396,143.90623474121094
2021-08-26,NVDA,2600,21.967350006103516
2021-08-26,AMZN,348,165.8000030517578
2021-08-27,GLD,588,170.19000244140625
2021-08-27,MSFT,200,287.6494445800781
2021-08-27,AAPL,399,144.9401397705078
2021-08-27,NVDA,2601,22.53276252746582
2021-08-27,AMZN,345,167.48150634765625
2021-08-30,GLD,588,169.35000610351562
2021-08-30,MSFT,201,291.3635559082031
2021-08-30,AAPL,399,149.34884643554688
2021-08-30,NVDA,2558,22.58452606201172
2021-08-30,AMZN,346,171.07850646972656
2021-08-31,GLD,593,169.69000244140625
2021-08-31,MSFT,201,289.722412109375
2021-08-31,AAPL,394,148.09060668945312
2021-08-31,NVDA,2590,22.28683853149414
2021-08-31,AMZN,342,173.5395050048828
2021-09-01,GLD,592,169.6999969482422
2021-09-01,MSFT,201,289.6744384765625
2021-09-01,AAPL,394,148.75384521484375
2021-09-01,NVDA,2621,22.34259033203125
2021-09-01,AMZN,336,173.9499969482422
2021-09-02,GLD,593,169.25
2021-09-02,MSFT,202,289.0218200683594
2021-09-02,AAPL,392,149.86575317382812
2021-09-02,NVDA,2618,22.297788619995117
2021-09-02,AMZN,336,173.156005859375
2021-09-03,GLD,589,171.05999755859375
2021-09-03,MSFT,202,289.0123291015625
2021-09-03,AAPL,391,150.49974060058594
2021-09-03,NVDA,2634,22.742828369140625
2021-09-03,AMZN,339,173.90249633789062
2021-09-07,GLD,594,167.7100067138672
2021-09-07,MSFT,203,288.0910339355469
2021-09-07,AAPL,390,152.8309326171875
2021-09-07,NVDA,2588,22.562623977661133
2021-09-07,AMZN,339,175.46449279785156
2021-09-08,GLD,599,167.2899932861328
2021-09-08,MSFT,204,288.11968994140625
2021-09-08,AAPL,384,151.28981018066406
2021-09-08,NVDA,2619,22.241039276123047
2021-09-08,AMZN,335,176.27499389648438
2021-09-09,GLD,598,168.02999877929688
2021-09-09,MSFT,204,285.2789306640625
2021-09-09,AAPL,386,150.27542114257812
2021-09-09,NVDA,2639,22.07974624633789
2021-09-09,AMZN,333,174.20799255371094
2021-09-10,GLD,199,167.17999267578125
2021-09-10,MSFT,240,283.8009338378906
2021-09-10,AAPL,621,145.30104064941406
2021-09-10,NVDA,3095,22.379430770874023
2021-09-10,AMZN,393,173.45750427246094
2021-09-13,GLD,594,167.74000549316406
2021-09-13,MSFT,204,285.0294189453125
2021-09-13,AAPL,396,145.8667449951172
2021-09-13,NVDA,2572,22.054859161376953
2021-09-13,AMZN,334,172.85850524902344
2021-09-14,GLD,592,168.82000732421875
2021-09-14,MSFT,202,287.71661376953125
2021-09-14,AAPL,396,144.47193908691406
2021-09-14,NVDA,2615,22.14446449279785
2021-09-14,AMZN,334,172.5
2021-09-15,GLD,197,167.8300018310547
2021-09-15,MSFT,234,292.54412841796875
2021-09-15,AAPL,642,145.35955810546875
2021-09-15,NVDA,3073,22.243026733398438
2021-09-15,AMZN,396,173.7895050048828
2021-09-16,GLD,602,164.02999877929688
2021-09-16,MSFT,199,292.927978515625
2021-09-16,AAPL,400,145.12545776367188
2021-09-16,NVDA,2618,22.14446449279785
2021-09-16,AMZN,335,174.41200256347656
2021-09-17,GLD,605,163.77000427246094
2021-09-17,MSFT,199,287.7933654785156
2021-09-17,AAPL,399,142.46270751953125
2021-09-17,NVDA,2609,21.8039608001709
2021-09-17,AMZN,333,173.12600708007812
2021-09-20,GLD,592,164.94000244140625
2021-09-20,MSFT,199,282.4477844238281
2021-09-20,AAPL,404,139.41954040527344
2021-09-20,NVDA,2693,21.020414352416992
2021-09-20,AMZN,333,167.7864990234375
2021-09-21,GLD,980,166.0399932861328
2021-09-22,GLD,980,165.4199981689453
2021-09-23,GLD,198,163.50999450683594
2021-09-23,MSFT,232,287.4958801269531
2021-09-23,AAPL,636,143.21372985839844
2021-09-23,NVDA,3027,22.38340950012207
2021-09-23,AMZN,394,170.8000030517578
2021-09-24,GLD,198,163.3000030517578
2021-09-24,MSFT,232,287.29437255859375
2021-09-24,AAPL,639,143.30152893066406
2021-09-24,NVDA,3029,21.984172821044922
2021-09-24,AMZN,392,171.2760009765625
2021-09-27,GLD,196,163.63999938964844
2021-09-27,MSFT,232,282.3229675292969
2021-09-27,AAPL,637,141.78970336914062
2021-09-27,NVDA,3062,21.56501579284668
2021-09-27,AMZN,392,170.2899932861328
2021-09-28,GLD,195,162.0500030517578
2021-09-28,MSFT,234,272.10186767578125
2021-09-28,AAPL,637,138.41493225097656
2021-09-28,NVDA,3091,20.60822868347168
2021-09-28,AMZN,389,165.79800415039062
2021-09-29,GLD,966,161.32000732421875
2021-09-30,GLD,194,164.22000122070312
2021-09-30,MSFT,236,270.5662841796875
2021-09-30,AAPL,630,138.0150146484375
2021-09-30,NVDA,3131,20.62515640258789
2021-09-30,AMZN,390,164.2519989013672
2021-10-01,MSFT,264,277.4571838378906
2021-10-01,AAPL,704,139.1366729736328
2021-10-01,NVDA,3460,20.651039123535156
2021-10-01,AMZN,434,164.16299438476562
2021-10-04,MSFT,234,271.7084045410156
2021-10-04,AAPL,635,135.713134765625
2021-10-04,NVDA,3154,19.645475387573242
2021-10-04,AMZN,393,159.48899841308594
2021-10-04,GLD,190,165.36000061035156
2021-10-05,MSFT,233,277.130859375
2021-10-05,AAPL,635,137.63461303710938
2021-10-05,NVDA,3190,20.361318588256836
2021-10-05,AMZN,395,161.0500030517578
2021-10-05,GLD,188,164.58999633789062
2021-10-06,MSFT,232,281.30560302734375
2021-10-06,AAPL,637,138.5027313232422
2021-10-06,NVDA,3175,20.609222412109375
2021-10-06,AMZN,395,163.10049438476562
2021-10-06,GLD,188,165.02999877929688
2021-10-07,MSFT,231,282.97564697265625
2021-10-07,AAPL,637,139.7609100341797
2021-10-07,NVDA,3107,20.982582092285156
2021-10-07,AMZN,396,165.1215057373047
2021-10-07,GLD,192,164.16000366210938
2021-10-08,MSFT,231,282.97564697265625
2021-10-08,AAPL,637,139.3805389404297
2021-10-08,NVDA,3121,20.739648818969727
2021-10-08,AMZN,396,164.43099975585938
2021-10-08,GLD,192,164.22999572753906
2021-10-11,MSFT,231,282.38055419921875
2021-10-11,AAPL,636,139.2927703857422
2021-10-11,NVDA,3158,20.6042423248291
2021-10-11,AMZN,396,162.31500244140625
2021-10-11,GLD,192,163.9199981689453
2021-10-12,MSFT,230,281.0849609375
2021-10-12,AAPL,635,138.02476501464844
2021-10-12,NVDA,3136,20.580350875854492
2021-10-12,AMZN,399,162.3665008544922
2021-10-12,GLD,192,164.66000366210938
2021-10-13,MSFT,230,284.3768005371094
2021-10-13,AAPL,642,137.4395751953125
2021-10-13,NVDA,3116,20.8471736907959
2021-10-13,AMZN,397,164.21400451660156
2021-10-13,GLD,191,167.58999633789062
2021-10-14,MSFT,229,290.5574035644531
2021-10-14,AAPL,645,140.21932983398438
2021-10-14,NVDA,3096,21.6506404876709
2021-10-14,AMZN,397,164.9929962158203
2021-10-14,GLD,190,168.0
2021-10-15,MSFT,228,291.9586486816406
2021-10-15,AAPL,644,141.2727508544922
2021-10-15,NVDA,3047,21.766128540039062
2021-10-15,AMZN,399,170.4510040283203
2021-10-15,GLD,193,165.3300018310547
2021-10-18,MSFT,194,294.91461181640625
2021-10-18,AAPL,403,142.940673828125
2021-10-18,NVDA,2603,22.124549865722656
2021-10-18,AMZN,333,172.33700561523438
2021-10-18,GLD,584,164.9199981689453
2021-10-19,MSFT,194,295.8167724609375
2021-10-19,AAPL,399,145.09622192382812
2021-10-19,NVDA,2577,22.192249298095703
2021-10-19,AMZN,333,172.20750427246094
2021-10-19,GLD,588,165.4499969482422
2021-10-20,MSFT,194,295.0298156738281
2021-10-20,AAPL,396,145.5838623046875
2021-10-20,NVDA,2580,22.006074905395508
2021-10-20,AMZN,332,170.7530059814453
2021-10-20,GLD,591,166.89999389648438
2021-10-21,MSFT,194,298.2447814941406
2021-10-21,AAPL,394,145.79847717285156
2021-10-21,NVDA,2596,22.592491149902344
2021-10-21,AMZN,334,171.75050354003906
2021-10-21,GLD,588,166.75
2021-10-22,MSFT,194,296.70928955078125
2021-10-22,AAPL,395,145.02793884277344
2021-10-22,NVDA,2542,22.626338958740234
2021-10-22,AMZN,337,166.77749633789062
2021-10-22,GLD,588,167.77000427246094
2021-10-25,MSFT,194,295.7207946777344
2021-10-25,AAPL,396,144.97915649414062
2021-10-25,NVDA,2514,23.06441307067871
2021-10-25,AMZN,344,166.01849365234375
2021-10-25,GLD,585,168.92999267578125
2021-10-26,MSFT,194,297.6210021972656
2021-10-26,AAPL,397,145.64239501953125
2021-10-26,NVDA,2427,24.60860824584961
2021-10-26,AMZN,346,168.80349731445312
2021-10-26,GLD,591,167.67999267578125
2021-10-26,TSLA,-646,339.4766540527344
2021-10-27,MSFT,191,310.155029296875
2021-10-27,AAPL,397,145.18402099609375
2021-10-27,NVDA,2375,24.343772888183594
2021-10-27,AMZN,342,169.62449645996094
2021-10-27,GLD,591,168.1199951171875
2021-10-27,TSLA,-637,345.9533386230469
2021-10-28,MSFT,185,311.28753662109375
2021-10-28,AAPL,394,148.81240844726562
2021-10-28,NVDA,2321,24.831626892089844
2021-10-28,AMZN,338,172.32850646972656
2021-10-28,GLD,584,168.0800018310547
2021-10-28,TSLA,-615,359.0133361816406
2021-10-29,MSFT,182,318.2647399902344
2021-10-29,AAPL,393,146.11058044433594
2021-10-29,NVDA,2266,25.454885482788086
2021-10-29,AMZN,341,168.6215057373047
2021-10-29,GLD,582,166.64999389648438
2021-11-01,MSFT,180,316.1053466796875
2021-11-01,AAPL,393,145.29127502441406
2021-11-01,NVDA,2240,25.713743209838867
2021-11-01,AMZN,341,165.90550231933594
2021-11-01,GLD,585,167.52000427246094
2021-11-02,MSFT,180,319.71392822265625
2021-11-02,AAPL,393,146.32518005371094
2021-11-02,NVDA,2221,26.28522491455078
2021-11-02,AMZN,344,165.6374969482422
2021-11-02,GLD,585,167.16000366210938
2021-11-02,TSLA,-562,390.6666564941406
2021-11-03,MSFT,178,320.5489196777344
2021-11-03,AAPL,388,147.75900268554688
2021-11-03,NVDA,2141,26.48135757446289
2021-11-03,AMZN,344,169.1999969482422
2021-11-03,GLD,589,165.77000427246094
2021-11-03,TSLA,-552,404.6199951171875
2021-11-04,MSFT,175,322.8907165527344
2021-11-04,AAPL,378,147.2420196533203
2021-11-04,NVDA,2058,29.67031478881836
2021-11-04,AMZN,332,173.85000610351562
2021-11-04,GLD,571,167.64999389648438
2021-11-04,TSLA,-517,409.9700012207031
2021-11-05,MSFT,176,322.5259704589844
2021-11-05,AAPL,387,147.76953125
2021-11-05,NVDA,1912,29.621530532836914
2021-11-05,AMZN,331,175.94949340820312
2021-11-05,GLD,584,169.83999633789062
2021-11-05,TSLA,-534,407.36334228515625
2021-11-08,MSFT,184,323.4184875488281
2021-11-08,AAPL,404,146.94898986816406
2021-11-08,NVDA,1994,30.668914794921875
2021-11-08,AMZN,339,174.44900512695312
2021-11-08,GLD,602,170.4499969482422
2021-11-08,TSLA,-595,387.64666748046875
2021-11-09,MSFT,184,322.42041015625
2021-11-09,AAPL,407,147.3103790283203
2021-11-09,NVDA,1859,30.52256202697754
2021-11-09,AMZN,339,178.81149291992188
2021-11-09,GLD,600,171.2899932861328
2021-11-10,MSFT,184,317.47784423828125
2021-11-10,AAPL,404,144.48745727539062
2021-11-10,NVDA,2025,29.329814910888672
2021-11-10,AMZN,333,174.1024932861328
2021-11-10,GLD,585,173.14999389648438
2021-11-11,MSFT,186,319.0421447753906
2021-11-11,AAPL,407,144.4385986328125
2021-11-11,NVDA,1955,30.256732940673828
2021-11-11,AMZN,337,173.625
2021-11-11,GLD,585,174.1199951171875
2021-11-12,MSFT,185,323.15936279296875
2021-11-12,AAPL,407,146.50941467285156
2021-11-12,NVDA,1976,30.256732940673828
2021-11-12,AMZN,338,176.25750732421875
2021-11-12,GLD,584,174.4499969482422
2021-11-15,MSFT,185,322.53546142578125
2021-11-15,AAPL,407,146.5192108154297
2021-11-15,NVDA,1962,29.89333152770996
2021-11-15,AMZN,338,177.28399658203125
2021-11-15,GLD,587,174.17999267578125
2021-11-16,MSFT,185,325.8369445800781
2021-11-16,AAPL,406,147.49595642089844
2021-11-16,NVDA,2002,30.070554733276367
2021-11-16,AMZN,336,177.03500366210938
2021-11-16,GLD,585,172.9199981689453
2021-11-17,MSFT,184,326.0582275390625
2021-11-17,AAPL,406,149.92822265625
2021-11-17,NVDA,1975,29.132680892944336
2021-11-17,AMZN,336,177.4499969482422
2021-11-17,GLD,588,174.5
2021-11-18,MSFT,186,328.12530517578125
2021-11-18,AAPL,404,154.20657348632812
2021-11-18,NVDA,1879,31.536088943481445
2021-11-18,AMZN,339,184.80299377441406
2021-11-18,GLD,596,173.94000244140625
2021-11-19,MSFT,186,329.89447021484375
2021-11-19,AAPL,398,156.8243865966797
2021-11-19,NVDA,1907,32.84035873413086
2021-11-19,AMZN,330,183.82850646972656
2021-11-19,GLD,604,172.61000061035156
2021-11-22,MSFT,186,326.74078369140625
2021-11-22,AAPL,390,157.28346252441406
2021-11-22,NVDA,1842,31.81586265563965
2021-11-22,AMZN,334,178.6284942626953
2021-11-22,GLD,620,168.74000549316406
2021-11-23,MSFT,186,324.673583984375
2021-11-23,AAPL,383,157.6644287109375
2021-11-23,NVDA,1915,31.606782913208008
2021-11-23,AMZN,335,179.0019989013672
2021-11-23,GLD,617,167.27999877929688
2021-11-24,MSFT,186,324.894775390625
2021-11-24,AAPL,382,158.18214416503906
2021-11-24,NVDA,1914,32.53071212768555
2021-11-24,AMZN,336,179.02049255371094
2021-11-24,GLD,617,167.1199951171875
2021-11-26,MSFT,188,316.9817199707031
2021-11-26,AAPL,387,153.17117309570312
2021-11-26,NVDA,1863,31.36484718322754
2021-11-26,AMZN,336,175.22799682617188
2021-11-26,GLD,615,166.85000610351562
2021-11-29,GLD,1028,166.6199951171875
2021-11-30,GLD,1026,165.5
2021-12-01,GLD,1028,166.16000366210938
2021-12-02,MSFT,247,316.7991027832031
2021-12-02,AAPL,690,159.9598846435547
2021-12-02,NVDA,2524,31.989030838012695
2021-12-02,AMZN,453,171.8679962158203
2021-12-03,GLD,1050,166.6300048828125
2021-12-06,GLD,1048,166.22000122070312
2021-12-07,GLD,1048,166.80999755859375
2021-12-08,GLD,210,166.89999389648438
2021-12-08,MSFT,222,322.0679931640625
2021-12-08,AAPL,582,171.01719665527344
2021-12-08,NVDA,2255,31.6903133392334
2021-12-08,AMZN,408,176.1580047607422
2021-12-09,GLD,628,165.8800048828125
2021-12-09,MSFT,190,320.27001953125
2021-12-09,AAPL,358,170.50930786132812
2021-12-09,NVDA,1933,30.360010147094727
2021-12-09,AMZN,348,174.17100524902344
2021-12-10,GLD,314,166.5800018310547
2021-12-10,MSFT,210,329.3464660644531
2021-12-10,AAPL,540,175.28578186035156
2021-12-10,NVDA,2186,30.06925392150879
2021-12-10,AMZN,386,172.21200561523438
2021-12-13,GLD,210,167.0
2021-12-13,MSFT,219,326.327392578125
2021-12-13,AAPL,554,171.66189575195312
2021-12-13,NVDA,2390,28.040937423706055
2021-12-13,AMZN,418,169.5675048828125
2021-12-14,GLD,306,165.44000244140625
2021-12-14,MSFT,206,315.6933288574219
2021-12-14,AAPL,524,170.28460693359375
2021-12-14,NVDA,1589,28.216184616088867
2021-12-14,AMZN,393,169.0915069580078
2021-12-15,GLD,306,166.14999389648438
2021-12-15,MSFT,208,321.76031494140625
2021-12-15,AAPL,524,175.13931274414062
2021-12-15,NVDA,2326,30.329143524169922
2021-12-15,AMZN,391,173.31500244140625
2021-12-16,GLD,209,168.16000366210938
2021-12-16,MSFT,222,312.3858337402344
2021-12-16,AAPL,560,168.26266479492188
2021-12-16,NVDA,2320,28.265975952148438
2021-12-16,AMZN,415,168.87100219726562
2021-12-17,GLD,296,167.8000030517578
2021-12-17,MSFT,211,311.3282775878906
2021-12-17,AAPL,533,167.1686553955078
2021-12-17,NVDA,2328,27.68247413635254
2021-12-17,AMZN,387,170.0175018310547
2021-12-20,GLD,296,167.08999633789062
2021-12-20,MSFT,210,307.5880432128906
2021-12-20,AAPL,533,165.8108673095703
2021-12-20,NVDA,789,27.60082244873047
2021-12-20,AMZN,386,167.07899475097656
2021-12-21,GLD,298,167.02000427246094
2021-12-21,MSFT,209,314.68377685546875
2021-12-21,AAPL,529,168.97572326660156
2021-12-21,NVDA,2298,28.9510440826416
2021-12-21,AMZN,386,170.41700744628906
2021-12-22,GLD,301,168.58999633789062
2021-12-22,MSFT,208,320.36614990234375
2021-12-22,AAPL,529,171.56423950195312
2021-12-22,NVDA,2279,29.274658203125
2021-12-22,AMZN,387,171.03700256347656
2021-12-23,GLD,203,168.97000122070312
2021-12-23,MSFT,219,321.79876708984375
2021-12-23,AAPL,558,172.18936157226562
2021-12-23,NVDA,2373,29.513629913330078
2021-12-23,AMZN,412,171.06849670410156
2021-12-27,GLD,203,169.3699951171875
2021-12-27,MSFT,219,329.2598876953125
2021-12-27,AAPL,557,176.1453857421875
2021-12-27,NVDA,2389,30.81307029724121
2021-12-27,AMZN,412,169.66949462890625
2021-12-28,GLD,205,168.63999938964844
2021-12-28,MSFT,218,328.1060791015625
2021-12-28,AAPL,557,175.12948608398438
2021-12-28,NVDA,2306,30.192726135253906
2021-12-28,AMZN,422,170.66099548339844
2021-12-29,GLD,206,168.58999633789062
2021-12-29,MSFT,218,328.7791748046875
2021-12-29,AAPL,555,175.21742248535156
2021-12-29,NVDA,2363,29.873092651367188
2021-12-29,AMZN,418,169.2010040283203
2021-12-30,GLD,205,169.8000030517578
2021-12-30,MSFT,217,326.2504577636719
2021-12-30,AAPL,553,174.0648193359375
2021-12-30,NVDA,2391,29.459861755371094
2021-12-30,AMZN,418,168.64450073242188
2021-12-31,GLD,202,170.9600067138672
2021-12-31,MSFT,217,323.3660583496094
2021-12-31,AAPL,554,173.44944763183594
2021-12-31,NVDA,2393,29.285606384277344
2021-12-31,AMZN,418,166.7169952392578
2022-01-03,GLD,606,168.3300018310547
2022-01-03,MSFT,186,321.8564758300781
2022-01-03,AAPL,345,177.78640747070312
2022-01-03,AMZN,357,170.4044952392578
2022-01-04,GLD,610,169.57000732421875
2022-01-04,MSFT,186,316.3375549316406
2022-01-04,AAPL,338,175.53001403808594
2022-01-04,AMZN,354,167.52200317382812
2022-01-04,NVDA,1996,29.165130615234375
2022-01-05,GLD,597,169.05999755859375
2022-01-05,MSFT,189,304.1939697265625
2022-01-05,AAPL,338,170.86094665527344
2022-01-05,AMZN,355,164.35699462890625
2022-01-05,NVDA,2058,27.48631477355957
2022-01-06,GLD,198,166.99000549316406
2022-01-06,MSFT,225,301.7903137207031
2022-01-06,AAPL,549,168.00868225097656
2022-01-06,AMZN,415,163.25399780273438
2022-01-06,NVDA,2469,28.05786895751953
2022-01-07,GLD,198,167.75
2022-01-07,MSFT,226,301.94415283203125
2022-01-07,AAPL,551,168.1747589111328
2022-01-07,AMZN,416,162.5540008544922
2022-01-07,NVDA,2437,27.130836486816406
2022-01-10,GLD,194,168.25999450683594
2022-01-10,MSFT,225,302.1653137207031
2022-01-10,AAPL,551,168.1942901611328
2022-01-10,AMZN,416,161.48599243164062
2022-01-10,NVDA,1682,27.283187866210938
2022-01-11,GLD,194,170.2899932861328
2022-01-11,MSFT,225,302.84796142578125
2022-01-11,AAPL,548,171.01719665527344
2022-01-11,AMZN,418,165.36199951171875
2022-01-11,NVDA,2483,27.698406219482422
2022-01-12,GLD,196,170.74000549316406
2022-01-12,MSFT,225,306.0112609863281
2022-01-12,AAPL,547,171.4567413330078
2022-01-12,AMZN,415,165.20700073242188
2022-01-12,NVDA,2470,27.879629135131836
2022-01-13,GLD,196,170.16000366210938
2022-01-13,MSFT,225,293.0600280761719
2022-01-13,AAPL,548,168.1942901611328
2022-01-13,AMZN,417,161.21400451660156
2022-01-13,NVDA,2444,26.461700439453125
2022-01-14,GLD,190,169.6699981689453
2022-01-14,MSFT,152,298.25213623046875
2022-01-14,AAPL,543,169.05384826660156
2022-01-14,AMZN,416,162.13800048828125
2022-01-14,NVDA,2543,26.82713508605957
2022-01-18,GLD,190,169.38999938964844
2022-01-18,MSFT,227,290.9928283691406
2022-01-18,AAPL,542,165.85972595214844
2022-01-18,AMZN,418,158.91749572753906
2022-01-18,NVDA,2543,25.792564392089844
2022-01-19,GLD,944,172.0800018310547
2022-01-19,MSFT,1,291.6466369628906
2022-01-20,MSFT,249,289.9832458496094
2022-01-20,AAPL,619,160.69248962402344
2022-01-20,NVDA,2940,24.047042846679688
2022-01-20,AMZN,472,151.66749572753906
2022-01-21,MSFT,247,284.6278076171875
2022-01-21,AAPL,609,158.6411895751953
2022-01-21,NVDA,3063,23.274351119995117
2022-01-21,AMZN,478,142.64300537109375
2022-01-24,MSFT,245,284.9546813964844
2022-01-24,AAPL,601,157.86953735351562
2022-01-24,NVDA,3095,23.272357940673828
2022-01-24,AMZN,495,144.54400634765625
2022-01-25,MSFT,246,277.37823486328125
2022-01-25,AAPL,607,156.072265625
2022-01-25,NVDA,3080,22.228822708129883
2022-01-25,AMZN,487,139.98599243164062
2022-01-26,MSFT,241,285.2816162109375
2022-01-26,AAPL,607,155.98434448242188
2022-01-26,NVDA,2051,22.674911499023438
2022-01-26,AMZN,328,138.87249755859375
2022-01-27,GLD,917,167.60000610351562
2022-01-28,GLD,921,167.10000610351562
2022-01-31,GLD,919,168.08999633789062
2022-02-01,GLD,184,168.22999572753906
2022-02-01,MSFT,213,296.8675842285156
2022-02-01,AAPL,510,170.55812072753906
2022-02-01,NVDA,2547,24.532958984375
2022-02-01,AMZN,424,151.19349670410156
2022-02-02,GLD,278,168.83999633789062
2022-02-02,MSFT,205,301.386474609375
2022-02-02,AAPL,487,171.75958251953125
2022-02-02,NVDA,2369,25.134384155273438
2022-02-02,AMZN,393,150.6125030517578
2022-02-03,GLD,272,168.60000610351562
2022-02-03,MSFT,200,289.64678955078125
2022-02-03,AAPL,475,168.8877716064453
2022-02-03,NVDA,2436,23.845897674560547
2022-02-03,AMZN,418,138.8455047607422
2022-02-04,GLD,183,168.86000061035156
2022-02-04,MSFT,218,294.1561279296875
2022-02-04,AAPL,512,168.6041717529297
2022-02-04,NVDA,2644,24.21531867980957
2022-02-04,AMZN,406,157.63949584960938
2022-02-07,GLD,274,170.11000061035156
2022-02-07,MSFT,206,289.3583984375
2022-02-07,AAPL,487,167.89019775390625
2022-02-07,NVDA,2488,24.62257194519043
2022-02-07,AMZN,381,157.9355010986328
2022-02-08,GLD,272,170.6300048828125
2022-02-08,MSFT,207,292.8293151855469
2022-02-08,AAPL,487,170.99057006835938
2022-02-08,NVDA,2475,25.000953674316406
2022-02-08,AMZN,382,161.4134979248047
2022-02-09,GLD,278,171.2100067138672
2022-02-09,MSFT,207,299.2231750488281
2022-02-09,AAPL,488,172.40875244140625
2022-02-09,NVDA,2417,26.591150283813477
2022-02-09,AMZN,379,161.1894989013672
2022-02-10,GLD,185,170.55999755859375
2022-02-10,MSFT,221,290.73333740234375
2022-02-10,AAPL,518,168.34010314941406
2022-02-10,NVDA,2501,25.713903427124023
2022-02-10,AMZN,408,159.0034942626953
2022-02-11,GLD,274,173.80999755859375
2022-02-11,MSFT,209,283.6759948730469
2022-02-11,AAPL,493,164.93650817871094
2022-02-11,NVDA,2361,23.846895217895508
2022-02-11,AMZN,386,153.2935028076172
2022-02-14,GLD,872,174.74000549316406
2022-02-14,MSFT,74,283.63751220703125
2022-02-14,AAPL,174,165.17127990722656
2022-02-14,NVDA,584,24.163537979125977
2022-02-14,AMZN,138,155.16700744628906
2022-02-15,GLD,880,173.0800018310547
2022-02-15,MSFT,73,288.8968505859375
2022-02-15,AAPL,171,168.99537658691406
2022-02-15,NVDA,843,26.382041931152344
2022-02-15,AMZN,133,156.510498046875
2022-02-16,GLD,265,174.86000061035156
2022-02-16,MSFT,207,288.5596008300781
2022-02-16,AAPL,483,168.76065063476562
2022-02-16,NVDA,2279,26.397972106933594
2022-02-16,AMZN,382,158.10049438476562
2022-02-17,GLD,260,177.25
2022-02-17,MSFT,208,280.10992431640625
2022-02-17,AAPL,485,165.17127990722656
2022-02-17,NVDA,2331,24.402515411376953
2022-02-17,AMZN,377,154.65249633789062
2022-02-18,GLD,851,177.1199951171875
2022-02-18,MSFT,74,277.4122619628906
2022-02-18,AAPL,171,163.62596130371094
2022-02-18,NVDA,282,23.541200637817383
2022-02-18,AMZN,134,152.60150146484375
2022-02-22,GLD,844,177.49000549316406
2022-02-22,MSFT,75,277.2098693847656
2022-02-22,AAPL,174,160.71141052246094
2022-02-22,NVDA,898,23.29027557373047
2022-02-22,AMZN,136,150.19749450683594
2022-02-23,MSFT,246,270.0321044921875
2022-02-23,AAPL,580,156.5547637939453
2022-02-23,NVDA,2907,22.291555404663086
2022-02-23,AMZN,454,144.82699584960938
2022-02-24,MSFT,162,283.8289794921875
2022-02-24,AAPL,582,159.16610717773438
2022-02-24,AMZN,304,151.35800170898438
2022-02-25,MSFT,71,286.4495544433594
2022-02-25,AAPL,170,161.22976684570312
2022-02-25,AMZN,133,153.7884979248047
2022-02-25,GLD,821,176.5500030517578
2022-02-25,NVDA,844,24.05400848388672
2022-02-28,MSFT,71,287.87554931640625
2022-02-28,AAPL,171,161.4938507080078
2022-02-28,AMZN,132,153.56300354003906
2022-02-28,GLD,817,178.3800048828125
2022-02-28,NVDA,841,24.281042098999023
2022-03-01,MSFT,71,284.1758728027344
2022-03-01,AAPL,171,159.61598205566406
2022-03-01,AMZN,132,151.14199829101562
2022-03-01,GLD,817,181.6199951171875
2022-03-01,NVDA,833,23.376907348632812
2022-03-02,GLD,813,179.72999572753906
2022-03-03,GLD,813,180.8000030517578
2022-03-03,MSFT,68,285.1104431152344
2022-03-03,AAPL,166,162.57943725585938
2022-03-03,NVDA,832,23.616920471191406
2022-03-03,AMZN,131,147.89849853515625
2022-03-04,GLD,802,183.67999267578125
2022-03-04,MSFT,70,279.2717590332031
2022-03-04,AAPL,170,159.58663940429688
2022-03-04,NVDA,861,22.842103958129883
2022-03-04,AMZN,136,145.64100646972656
2022-03-07,GLD,793,186.41000366210938
2022-03-07,MSFT,72,268.7218017578125
2022-03-07,AAPL,171,155.80165100097656
2022-03-07,NVDA,884,21.26458740234375
2022-03-07,AMZN,138,137.4530029296875
2022-03-08,GLD,774,191.50999450683594
2022-03-08,NVDA,1,21.425928115844727
2022-03-09,NVDA,2979,22.919788360595703
2022-03-09,MSFT,243,277.9614562988281
2022-03-09,AAPL,573,159.3715057373047
2022-03-09,AMZN,476,139.2790069580078
2022-03-10,NVDA,895,22.56524658203125
2022-03-10,MSFT,74,275.15771484375
2022-03-10,AAPL,175,155.03875732421875
2022-03-10,AMZN,138,146.8175048828125
2022-03-10,GLD,781,186.39999389648438
2022-03-11,NVDA,872,22.0095272064209
2022-03-11,MSFT,73,269.83941650390625
2022-03-11,AAPL,175,151.3319854736328
2022-03-11,AMZN,134,145.52450561523438
2022-03-11,GLD,791,185.08999633789062
2022-03-14,NVDA,906,21.242679595947266
2022-03-14,MSFT,73,266.3419189453125
2022-03-14,AAPL,181,147.312255859375
2022-03-14,AMZN,135,141.85299682617188
2022-03-14,GLD,785,182.3000030517578
2022-03-15,NVDA,910,22.878952026367188
2022-03-15,MSFT,73,276.6607360839844
2022-03-15,AAPL,181,151.68409729003906
2022-03-15,AMZN,136,147.3665008544922
2022-03-15,GLD,792,178.88999938964844
2022-03-16,NVDA,2394,24.395723342895508
2022-03-16,MSFT,201,283.6363525390625
2022-03-16,AAPL,497,156.0852813720703
2022-03-16,AMZN,377,153.10400390625
2022-03-16,GLD,241,180.00999450683594
2022-03-17,NVDA,2370,24.664615631103516
2022-03-17,MSFT,201,284.43597412109375
2022-03-17,AAPL,500,157.09262084960938
2022-03-17,AMZN,373,157.23899841308594
2022-03-17,GLD,241,180.88999938964844
2022-03-18,NVDA,2335,26.34470558166504
2022-03-18,MSFT,202,289.4556884765625
2022-03-18,AAPL,500,160.3788299560547
2022-03-18,AMZN,368,161.25050354003906
2022-03-18,GLD,246,179.3000030517578
2022-03-21,NVDA,2235,26.624555587768555
2022-03-21,MSFT,204,288.2320556640625
2022-03-21,AAPL,502,161.74810791015625
2022-03-21,AMZN,367,161.4915008544922
2022-03-21,GLD,253,180.6699981689453
2022-03-22,NVDA,2229,26.415416717529297
2022-03-22,MSFT,205,292.95306396484375
2022-03-22,AAPL,500,165.112548828125
2022-03-22,AMZN,367,164.88900756835938
2022-03-22,GLD,254,179.36000061035156
2022-03-23,NVDA,2285,25.52906608581543
2022-03-23,MSFT,205,288.5499572753906
2022-03-23,AAPL,494,166.47206115722656
2022-03-23,AMZN,364,163.4080047607422
2022-03-23,GLD,254,181.80999755859375
2022-03-24,NVDA,2294,28.034761428833008
2022-03-24,MSFT,207,292.9915771484375
2022-03-24,AAPL,488,170.24729919433594
2022-03-24,AMZN,365,163.64950561523438
2022-03-24,GLD,253,183.1300048828125
2022-03-25,NVDA,2194,27.57863426208496
2022-03-25,MSFT,207,292.5869140625
2022-03-25,AAPL,488,170.88299560546875
2022-03-25,AMZN,371,164.77349853515625
2022-03-25,GLD,258,182.3800048828125
2022-03-28,NVDA,2196,28.103479385375977
2022-03-28,MSFT,207,299.35052490234375
2022-03-28,AAPL,491,171.74366760253906
2022-03-28,AMZN,368,168.99049377441406
2022-03-28,GLD,259,179.05999755859375
2022-03-29,NVDA,2296,28.538692474365234
2022-03-29,MSFT,216,303.8884582519531
2022-03-29,AAPL,517,175.02992248535156
2022-03-29,AMZN,385,169.31500244140625
2022-03-29,GLD,180,179.13999938964844
2022-03-30,NVDA,2326,27.57664680480957
2022-03-30,MSFT,216,302.3950500488281
2022-03-30,AAPL,513,173.8660125732422
2022-03-30,AMZN,389,166.30099487304688
2022-03-30,GLD,177,180.5800018310547
2022-03-31,NVDA,2355,27.174299240112305
2022-03-31,MSFT,216,297.0478820800781
2022-03-31,AAPL,512,170.77540588378906
2022-03-31,AMZN,391,162.99749755859375
2022-03-31,GLD,175,180.64999389648438
2022-04-01,NVDA,2227,26.602649688720703
2022-04-01,MSFT,204,298.11724853515625
2022-04-01,AAPL,487,170.4820098876953
2022-04-01,AMZN,370,163.55999755859375
2022-04-01,GLD,260,179.5
2022-04-04,NVDA,2408,27.247995376586914
2022-04-04,MSFT,214,303.4645690917969
2022-04-04,AAPL,511,174.52130126953125
2022-04-04,AMZN,390,168.34649658203125
2022-04-04,GLD,173,180.3699951171875
2022-04-05,NVDA,2033,25.824840545654297
2022-04-05,MSFT,183,299.52392578125
2022-04-05,AAPL,318,171.21556091308594
2022-04-05,AMZN,329,164.05499267578125
2022-04-05,GLD,522,179.24000549316406
2022-04-06,NVDA,1438,24.30708885192871
2022-04-06,MSFT,183,288.5596008300781
2022-04-06,AAPL,318,168.05650329589844
2022-04-06,AMZN,331,158.75599670410156
2022-04-06,GLD,511,179.66000366210938
2022-04-07,NVDA,2175,24.10890007019043
2022-04-07,MSFT,185,290.3613586425781
2022-04-07,AAPL,317,168.35968017578125
2022-04-07,AMZN,334,157.7845001220703
2022-04-07,GLD,505,180.33999633789062
2022-04-08,NVDA,2220,23.02435302734375
2022-04-08,MSFT,183,286.1220397949219
2022-04-08,AAPL,315,166.3546905517578
2022-04-08,AMZN,337,154.4604949951172
2022-04-08,GLD,503,181.47000122070312
2022-04-11,NVDA,782,21.82727813720703
2022-04-11,MSFT,184,274.8398132324219
2022-04-11,AAPL,315,162.11001586914062
2022-04-11,AMZN,339,151.1219940185547
2022-04-11,GLD,486,182.3699951171875
2022-04-12,MSFT,54,271.75665283203125
2022-04-12,AAPL,136,163.97802734375
2022-04-12,AMZN,97,150.78750610351562
2022-04-12,GLD,806,183.77000427246094
2022-04-13,MSFT,81,277.1136169433594
2022-04-13,AAPL,136,166.65786743164062
2022-04-13,AMZN,148,155.54100036621094
2022-04-13,GLD,804,184.64999389648438
2022-04-13,NVDA,1027,22.112102508544922
2022-04-14,MSFT,81,269.60821533203125
2022-04-14,AAPL,135,161.6600799560547
2022-04-14,AMZN,145,151.7064971923828
2022-04-14,GLD,809,184.0399932861328
2022-04-14,NVDA,999,21.170974731445312
2022-04-18,MSFT,82,270.27294921875
2022-04-18,AAPL,138,161.44493103027344
2022-04-18,AMZN,146,152.78500366210938
2022-04-18,GLD,798,184.61000061035156
2022-04-18,NVDA,1053,21.693830490112305
2022-04-19,MSFT,82,274.8783264160156
2022-04-19,AAPL,138,163.72377014160156
2022-04-19,AMZN,146,158.11549377441406
2022-04-19,GLD,806,181.82000732421875
2022-04-19,NVDA,1024,22.107128143310547
2022-04-20,MSFT,186,275.89959716796875
2022-04-20,AAPL,314,163.5574951171875
2022-04-20,AMZN,329,153.9980010986328
2022-04-20,GLD,491,182.7100067138672
2022-04-20,NVDA,2316,21.39405632019043
2022-04-21,MSFT,186,270.5523376464844
2022-04-21,AAPL,312,162.76528930664062
2022-04-21,AMZN,332,148.29600524902344
2022-04-21,GLD,486,182.05999755859375
2022-04-21,NVDA,2381,20.100379943847656
2022-04-22,MSFT,80,264.01995849609375
2022-04-22,AAPL,133,158.23696899414062
2022-04-22,AMZN,146,144.35000610351562
2022-04-22,GLD,794,180.2899932861328
2022-04-22,NVDA,1065,19.435108184814453
2022-04-25,GLD,794,177.0500030517578
2022-04-26,GLD,793,177.32000732421875
2022-04-27,GLD,239,175.97999572753906
2022-04-27,MSFT,219,272.87432861328125
2022-04-27,AAPL,391,153.13162231445312
2022-04-27,NVDA,3225,18.339614868164062
2022-04-27,AMZN,426,138.16700744628906
2022-04-28,GLD,242,176.92999267578125
2022-04-28,MSFT,220,279.05023193359375
2022-04-28,AAPL,389,160.0463104248047
2022-04-28,NVDA,3201,19.70101547241211
2022-04-28,AMZN,426,144.59649658203125
2022-04-29,GLD,794,176.91000366210938
2022-05-02,GLD,242,173.6300048828125
2022-05-02,MSFT,222,274.07867431640625
2022-05-02,AAPL,387,154.49105834960938
2022-05-02,NVDA,3220,19.453035354614258
2022-05-02,AMZN,485,124.5
2022-05-03,GLD,818,174.08999633789062
2022-05-04,GLD,818,175.8000030517578
2022-05-04,MSFT,71,279.38739013671875
2022-05-04,AAPL,171,162.37403869628906
2022-05-04,NVDA,987,20.25075340270996
2022-05-04,AMZN,158,125.92849731445312
2022-05-05,GLD,244,175.1300048828125
2022-05-05,MSFT,203,267.21875
2022-05-05,AAPL,477,153.32723999023438
2022-05-05,NVDA,2835,18.766857147216797
2022-05-05,AMZN,456,116.40699768066406
2022-05-06,GLD,787,175.4199981689453
2022-05-06,MSFT,72,264.6944885253906
2022-05-06,AAPL,170,154.052001953125
2022-05-06,NVDA,1018,18.598548889160156
2022-05-06,AMZN,166,114.77249908447266
2022-05-09,GLD,786,172.8800048828125
2022-05-09,MSFT,72,254.91517639160156
2022-05-09,AAPL,170,148.9391326904297
2022-05-09,NVDA,1047,16.880613327026367
2022-05-09,AMZN,169,108.78900146484375
2022-05-10,MSFT,239,259.6554870605469
2022-05-10,AAPL,560,151.3388214111328
2022-05-10,NVDA,2370,17.522972106933594
2022-05-10,AMZN,375,108.85900115966797
2022-05-11,MSFT,241,251.03236389160156
2022-05-11,AAPL,560,143.49327087402344
2022-05-11,NVDA,3571,16.56191635131836
2022-05-11,AMZN,570,105.37200164794922
2022-05-12,MSFT,158,246.0224151611328
2022-05-12,AAPL,382,139.6341094970703
2022-05-12,NVDA,3630,16.108781814575195
2022-05-12,AMZN,570,106.93049621582031
2022-05-13,MSFT,241,251.58155822753906
2022-05-13,AAPL,577,144.09072875976562
2022-05-13,NVDA,1195,17.633514404296875
2022-05-13,AMZN,550,113.05500030517578
2022-05-16,MSFT,207,251.9477081298828
2022-05-16,AAPL,495,142.5529327392578
2022-05-16,NVDA,2963,17.193326950073242
2022-05-16,AMZN,457,110.81050109863281
2022-05-16,GLD,236,170.39999389648438
2022-05-17,MSFT,206,257.0733947753906
2022-05-17,AAPL,492,146.17701721191406
2022-05-17,NVDA,2921,18.102588653564453
2022-05-17,AMZN,464,115.36849975585938
2022-05-17,GLD,237,169.3300018310547
2022-05-18,MSFT,184,245.36891174316406
2022-05-18,AAPL,325,137.92982482910156
2022-05-18,NVDA,2645,16.86865997314453
2022-05-18,AMZN,419,107.11250305175781
2022-05-18,GLD,473,169.4199981689453
2022-05-19,MSFT,73,244.46115112304688
2022-05-19,AAPL,179,134.5310516357422
2022-05-19,AMZN,57,107.31900024414062
2022-05-19,GLD,758,171.91000366210938
2022-05-20,MSFT,204,243.9010467529297
2022-05-20,AAPL,170,134.76612854003906
2022-05-20,AMZN,463,107.59100341796875
2022-05-20,GLD,228,172.02999877929688
2022-05-20,NVDA,2941,16.625659942626953
2022-05-23,MSFT,204,251.7136688232422
2022-05-23,AAPL,506,140.17282104492188
2022-05-23,AMZN,462,107.55699920654297
2022-05-23,GLD,223,172.8300018310547
2022-05-23,NVDA,3090,16.828821182250977
2022-05-24,MSFT,202,250.71893310546875
2022-05-24,AAPL,497,137.479248046875
2022-05-24,AMZN,482,104.0999984741211
2022-05-24,GLD,223,174.1300048828125
2022-05-24,NVDA,3055,16.087867736816406
2022-05-25,MSFT,200,253.51962280273438
2022-05-25,AAPL,499,137.635986328125
2022-05-25,AMZN,480,106.7750015258789
2022-05-25,GLD,222,173.0800018310547
2022-05-25,NVDA,3115,16.905508041381836
2022-05-26,MSFT,198,256.7836608886719
2022-05-26,AAPL,507,140.82908630371094
2022-05-26,AMZN,465,111.07749938964844
2022-05-26,GLD,224,172.75999450683594
2022-05-26,NVDA,3136,17.777921676635742
2022-05-27,MSFT,203,263.87200927734375
2022-05-27,AAPL,505,146.56881713867188
2022-05-27,AMZN,465,115.14649963378906
2022-05-27,GLD,233,172.85000610351562
2022-05-27,NVDA,2910,18.73399543762207
2022-05-31,MSFT,204,262.5490417480469
2022-05-31,AAPL,502,145.7852325439453
2022-05-31,AMZN,463,120.20950317382812
2022-05-31,GLD,239,171.13999938964844
2022-05-31,NVDA,2844,18.595561981201172
2022-06-01,MSFT,204,263.0801696777344
2022-06-01,AAPL,503,145.6579132080078
2022-06-01,AMZN,444,121.68399810791016
2022-06-01,GLD,242,172.22999572753906
2022-06-01,NVDA,2908,18.245006561279297
2022-06-02,MSFT,209,265.1661071777344
2022-06-02,AAPL,503,148.10662841796875
2022-06-02,AMZN,440,125.51100158691406
2022-06-02,GLD,238,174.35000610351562
2022-06-02,NVDA,2936,19.511789321899414
2022-06-03,MSFT,208,260.7624206542969
2022-06-03,AAPL,513,142.396240234375
2022-06-03,AMZN,437,122.3499984741211
2022-06-03,GLD,240,172.5800018310547
2022-06-03,NVDA,2853,18.64336585998535
2022-06-06,MSFT,207,259.53594970703125
2022-06-06,AAPL,514,143.14065551757812
2022-06-06,AMZN,434,124.79000091552734
2022-06-06,GLD,242,171.82000732421875
2022-06-06,NVDA,2852,18.709095001220703
2022-06-07,MSFT,207,263.15740966796875
2022-06-07,AAPL,514,145.6579132080078
2022-06-07,AMZN,437,123.0
2022-06-07,GLD,239,172.94000244140625
2022-06-07,NVDA,2898,18.848522186279297
2022-06-08,MSFT,186,261.1390380859375
2022-06-08,AAPL,335,144.9232635498047
2022-06-08,AMZN,397,121.18000030517578
2022-06-08,GLD,482,172.77999877929688
2022-06-08,NVDA,2597,18.575586318969727
2022-06-09,MSFT,207,255.71173095703125
2022-06-09,AAPL,506,139.7124786376953
2022-06-09,AMZN,446,116.1500015258789
2022-06-09,GLD,240,172.22999572753906
2022-06-09,NVDA,2908,17.97791862487793
2022-06-10,MSFT,206,244.31629943847656
2022-06-10,GLD,233,174.5399932861328
2022-06-10,NVDA,2947,16.908084869384766
2022-06-13,MSFT,26,233.95416259765625
2022-06-13,GLD,754,169.92999267578125
2022-06-13,NVDA,743,15.586236953735352
2022-06-13,AAPL,186,129.17330932617188
2022-06-13,AMZN,170,103.66999816894531
2022-06-14,MSFT,231,236.1077117919922
2022-06-14,GLD,228,168.57000732421875
2022-06-14,NVDA,1161,15.774506568908691
2022-06-14,AAPL,418,130.03524780273438
2022-06-14,AMZN,524,102.30999755859375
2022-06-15,MSFT,247,243.12844848632812
2022-06-15,NVDA,3698,16.462825775146484
2022-06-15,AAPL,614,132.65040588378906
2022-06-15,AMZN,570,107.66999816894531
2022-06-16,MSFT,75,236.57127380371094
2022-06-16,NVDA,1117,15.540419578552246
2022-06-16,AAPL,186,127.39066314697266
2022-06-16,AMZN,169,103.66000366210938
2022-06-16,GLD,752,172.69000244140625
2022-06-17,MSFT,248,239.15936279296875
2022-06-17,AAPL,629,128.85986328125
2022-06-17,AMZN,572,106.22000122070312
2022-06-21,MSFT,75,245.0405731201172
2022-06-21,AAPL,189,133.08143615722656
2022-06-21,AMZN,167,108.68000030517578
2022-06-21,GLD,767,170.6300048828125
2022-06-21,NVDA,1099,16.501672744750977
2022-06-22,MSFT,75,244.45150756835938
2022-06-22,AAPL,187,132.57208251953125
2022-06-22,AMZN,168,108.94999694824219
2022-06-22,GLD,766,171.30999755859375
2022-06-22,NVDA,1117,16.29647445678711
2022-06-23,MSFT,74,249.98500061035156
2022-06-23,AAPL,185,135.4321746826172
2022-06-23,AMZN,165,112.44000244140625
2022-06-23,GLD,770,170.25999450683594
2022-06-23,NVDA,1103,16.16199493408203
2022-06-24,MSFT,72,258.52203369140625
2022-06-24,AAPL,181,138.75257873535156
2022-06-24,AMZN,162,116.45999908447266
2022-06-24,GLD,776,170.08999633789062
2022-06-24,NVDA,1105,17.05949592590332
2022-06-27,MSFT,200,255.80836486816406
2022-06-27,AAPL,507,138.75257873535156
2022-06-27,AMZN,444,113.22000122070312
2022-06-27,GLD,235,169.89999389648438
2022-06-27,NVDA,3014,16.80349349975586
2022-06-28,MSFT,201,247.68666076660156
2022-06-28,AAPL,503,134.6191864013672
2022-06-28,AMZN,451,107.4000015258789
2022-06-28,GLD,233,169.6199951171875
2022-06-28,NVDA,3045,15.919939994812012
2022-06-29,MSFT,71,251.3370819091797
2022-06-29,AAPL,178,136.37245178222656
2022-06-29,AMZN,164,108.91999816894531
2022-06-29,GLD,746,169.49000549316406
2022-06-29,NVDA,1112,15.481646537780762
2022-06-30,MSFT,198,248.02464294433594
2022-06-30,AAPL,500,133.9140167236328
2022-06-30,AMZN,456,106.20999908447266
2022-06-30,GLD,225,168.4600067138672
2022-06-30,NVDA,3227,15.100133895874023
2022-07-01,MSFT,70,250.6803436279297
2022-07-01,AAPL,177,136.07859802246094
2022-07-01,AMZN,162,109.55999755859375
2022-07-01,GLD,748,168.32000732421875
2022-07-01,NVDA,773,14.46660327911377
2022-07-05,MSFT,177,253.83822631835938
2022-07-05,AAPL,324,138.65464782714844
2022-07-05,AMZN,406,113.5
2022-07-05,GLD,450,164.75
2022-07-05,NVDA,3101,14.905893325805664
2022-07-06,MSFT,176,257.0830078125
2022-07-06,AAPL,324,139.98672485351562
2022-07-06,AMZN,396,114.33000183105469
2022-07-06,GLD,466,162.13999938964844
2022-07-06,NVDA,2992,15.071247100830078
2022-07-07,MSFT,176,259.1979675292969
2022-07-07,AAPL,321,143.34632873535156
2022-07-07,AMZN,396,116.33000183105469
2022-07-07,GLD,474,162.22999572753906
2022-07-07,NVDA,2921,15.796420097351074
2022-07-08,MSFT,176,258.48333740234375
2022-07-08,AAPL,317,144.0221710205078
2022-07-08,AMZN,394,115.54000091552734
2022-07-08,GLD,476,162.3000030517578
2022-07-08,NVDA,2933,15.77649974822998
2022-07-11,MSFT,176,255.44140625
2022-07-11,AAPL,317,141.89671325683594
2022-07-11,AMZN,395,111.75
2022-07-11,GLD,477,161.42999267578125
2022-07-11,NVDA,2917,15.093164443969727
2022-07-12,MSFT,175,244.97299194335938
2022-07-12,AAPL,315,142.86639404296875
2022-07-12,AMZN,399,109.22000122070312
2022-07-12,GLD,477,160.8300018310547
2022-07-12,NVDA,2947,15.023433685302734
2022-07-13,AAPL,312,142.5039825439453
2022-07-13,AMZN,406,110.4000015258789
2022-07-13,GLD,467,161.60000610351562
2022-07-13,NVDA,2997,15.10511302947998
2022-07-14,AAPL,312,145.4228515625
2022-07-14,AMZN,399,110.62999725341797
2022-07-14,GLD,474,159.3300018310547
2022-07-14,NVDA,2923,15.312309265136719
2022-07-14,MSFT,181,245.36891174316406
2022-07-15,AAPL,306,147.08795166015625
2022-07-15,AMZN,399,113.55000305175781
2022-07-15,GLD,482,159.00999450683594
2022-07-15,NVDA,2872,15.700794219970703
2022-07-15,MSFT,181,247.91844177246094
2022-07-18,AAPL,307,144.0515594482422
2022-07-18,AMZN,396,113.76000213623047
2022-07-18,GLD,486,159.16000366210938
2022-07-18,NVDA,2801,16.038476943969727
2022-07-18,MSFT,181,245.53309631347656
2022-07-19,AAPL,313,147.9009246826172
2022-07-19,AMZN,393,118.20999908447266
2022-07-19,GLD,487,159.5399932861328
2022-07-19,NVDA,2762,16.9260196685791
2022-07-19,MSFT,182,250.63206481933594
2022-07-20,AAPL,311,149.8990020751953
2022-07-20,AMZN,388,122.7699966430664
2022-07-20,GLD,493,158.0399932861328
2022-07-20,NVDA,2724,17.73784828186035
2022-07-20,MSFT,183,253.2781219482422
2022-07-21,AAPL,309,152.16163635253906
2022-07-21,AMZN,380,124.62999725341797
2022-07-21,GLD,505,160.27000427246094
2022-07-21,NVDA,2622,17.979907989501953
2022-07-21,MSFT,186,255.75999450683594
2022-07-22,AAPL,310,150.92747497558594
2022-07-22,AMZN,378,122.41999816894531
2022-07-22,GLD,504,160.6699981689453
2022-07-22,NVDA,2647,17.251747131347656
2022-07-22,MSFT,185,251.43365478515625
2022-07-25,AAPL,309,149.81085205078125
2022-07-25,AMZN,379,121.13999938964844
2022-07-25,GLD,497,160.22999572753906
2022-07-25,NVDA,2743,16.957895278930664
2022-07-25,MSFT,185,249.95606994628906
2022-07-26,AAPL,308,148.48858642578125
2022-07-26,AMZN,396,114.80999755859375
2022-07-26,GLD,491,160.0399932861328
2022-07-26,NVDA,2728,16.468799591064453
2022-07-26,MSFT,183,243.263671875
2022-07-27,AAPL,308,153.57205200195312
2022-07-27,AMZN,393,120.97000122070312
2022-07-27,GLD,493,161.6699981689453
2022-07-27,NVDA,906,17.72092056274414
2022-07-27,MSFT,183,259.5262756347656
2022-07-28,AAPL,307,154.12054443359375
2022-07-28,AMZN,389,122.27999877929688
2022-07-28,GLD,495,163.63999938964844
2022-07-28,NVDA,2635,17.914169311523438
2022-07-28,MSFT,182,266.933349609375
2022-07-29,AAPL,307,159.17466735839844
2022-07-29,AMZN,359,134.9499969482422
2022-07-29,GLD,506,164.10000610351562
2022-07-29,NVDA,2727,18.092472076416016
2022-07-29,MSFT,181,271.1148681640625
2022-08-01,AAPL,308,158.19517517089844
2022-08-01,AMZN,360,135.38999938964844
2022-08-01,GLD,506,165.02999877929688
2022-08-01,NVDA,2686,18.369394302368164
2022-08-01,MSFT,181,268.47845458984375
2022-08-02,AAPL,309,156.72596740722656
2022-08-02,AMZN,360,134.16000366210938
2022-08-02,GLD,503,164.0500030517578
2022-08-02,NVDA,2689,18.454057693481445
2022-08-02,MSFT,182,265.3978576660156
2022-08-03,AAPL,309,162.72036743164062
2022-08-03,AMZN,358,139.52000427246094
2022-08-03,GLD,506,164.4499969482422
2022-08-03,NVDA,2686,18.819637298583984
2022-08-03,MSFT,182,272.7855529785156
2022-08-04,AAPL,306,162.4069061279297
2022-08-04,AMZN,353,142.57000732421875
2022-08-04,GLD,513,167.1699981689453
2022-08-04,NVDA,2644,19.140384674072266
2022-08-04,MSFT,182,273.9251403808594
2022-08-05,AAPL,308,162.18133544921875
2022-08-05,AMZN,353,140.8000030517578
2022-08-05,GLD,513,165.2899932861328
2022-08-05,NVDA,2634,18.915260314941406
2022-08-05,MSFT,183,273.21051025390625
2022-08-08,AAPL,302,161.71051025390625
2022-08-08,AMZN,347,139.41000366210938
2022-08-08,GLD,509,166.69000244140625
2022-08-08,NVDA,2826,17.723905563354492
2022-08-08,MSFT,180,270.7092590332031
2022-08-09,AAPL,303,161.7595977783203
2022-08-09,AMZN,353,137.8300018310547
2022-08-09,GLD,500,167.1999969482422
2022-08-09,MSFT,180,272.6213684082031
2022-08-10,AAPL,301,165.99681091308594
2022-08-10,AMZN,347,142.69000244140625
2022-08-10,GLD,506,166.77999877929688
2022-08-10,MSFT,178,279.2461853027344
2022-08-10,NVDA,2807,18.0267276763916
2022-08-11,AAPL,129,165.26116943359375
2022-08-11,AMZN,149,140.63999938964844
2022-08-11,GLD,852,166.33999633789062
2022-08-11,MSFT,77,277.17962646484375
2022-08-11,NVDA,1185,17.87232780456543
2022-08-12,AAPL,299,168.80198669433594
2022-08-12,AMZN,350,143.5500030517578
2022-08-12,GLD,512,167.8699951171875
2022-08-12,MSFT,178,281.9019775390625
2022-08-12,NVDA,2754,18.636348724365234
2022-08-15,AAPL,128,169.87112426757812
2022-08-15,AMZN,151,143.17999267578125
2022-08-15,GLD,863,165.7100067138672
2022-08-15,MSFT,77,283.40838623046875
2022-08-15,NVDA,1154,18.95809555053711
2022-08-16,AAPL,127,169.71417236328125
2022-08-16,AMZN,150,144.77999877929688
2022-08-16,GLD,866,165.4199981689453
2022-08-16,MSFT,77,282.6745300292969
2022-08-16,NVDA,1141,18.805688858032227
2022-08-17,AAPL,295,171.20506286621094
2022-08-17,AMZN,350,142.10000610351562
2022-08-17,GLD,520,164.35000610351562
2022-08-17,MSFT,178,281.9293212890625
2022-08-17,NVDA,2711,18.2637996673584
2022-08-18,AAPL,126,170.81272888183594
2022-08-18,AMZN,152,142.3000030517578
2022-08-18,GLD,865,163.9199981689453
2022-08-18,MSFT,77,280.81640625
2022-08-18,NVDA,1173,18.700101852416992
2022-08-19,AAPL,126,168.2331085205078
2022-08-19,AMZN,152,138.22999572753906
2022-08-19,GLD,867,162.72000122070312
2022-08-19,MSFT,77,276.926025390625
2022-08-19,NVDA,1162,17.77968978881836
2022-08-22,AAPL,294,164.3588104248047
2022-08-22,AMZN,361,133.22000122070312
2022-08-22,GLD,520,161.63999938964844
2022-08-22,MSFT,179,268.7967224121094
2022-08-22,NVDA,2812,16.967853546142578
2022-08-23,AAPL,127,164.02529907226562
2022-08-23,AMZN,156,133.6199951171875
2022-08-23,GLD,853,162.77000427246094
2022-08-23,MSFT,78,267.5289611816406
2022-08-23,NVDA,817,17.11428451538086
2022-08-24,AAPL,127,164.31954956054688
2022-08-24,AMZN,156,133.8000030517578
2022-08-24,GLD,852,163.25
2022-08-24,MSFT,78,266.89996337890625
2022-08-24,NVDA,1224,17.155128479003906
2022-08-25,AAPL,127,166.77163696289062
2022-08-25,AMZN,155,137.27999877929688
2022-08-25,GLD,849,163.75
2022-08-25,MSFT,78,269.86126708984375
2022-08-25,NVDA,1244,17.843442916870117
2022-08-26,AAPL,126,160.48448181152344
2022-08-26,AMZN,154,130.75
2022-08-26,GLD,856,161.75999450683594
2022-08-26,MSFT,78,259.4481201171875
2022-08-26,NVDA,1178,16.19685935974121
2022-08-29,AAPL,129,158.28744506835938
2022-08-29,AMZN,106,129.7899932861328
2022-08-29,GLD,846,161.86000061035156
2022-08-29,MSFT,79,256.6802673339844
2022-08-29,NVDA,429,15.739641189575195
2022-08-30,GLD,847,160.50999450683594
2022-08-31,GLD,852,159.27000427246094
2022-08-31,MSFT,79,253.04150390625
2022-08-31,AAPL,129,154.20712280273438
2022-08-31,NVDA,1331,15.035386085510254
2022-08-31,AMZN,157,126.7699966430664
2022-09-01,GLD,848,157.8699951171875
2022-09-01,MSFT,80,252.00599670410156
2022-09-01,AAPL,130,154.93295288085938
2022-09-01,NVDA,1421,13.882879257202148
2022-09-01,AMZN,159,127.81999969482422
2022-09-02,GLD,848,159.25999450683594
2022-09-02,MSFT,80,247.80592346191406
2022-09-02,AAPL,130,152.8241729736328
2022-09-02,NVDA,962,13.59400463104248
2022-09-02,AMZN,157,127.51000213623047
2022-09-06,GLD,844,158.3300018310547
2022-09-06,MSFT,81,245.08648681640625
2022-09-06,AAPL,131,151.56869506835938
2022-09-06,NVDA,1472,13.412713050842285
2022-09-06,AMZN,157,126.11000061035156
2022-09-07,GLD,844,159.94000244140625
2022-09-07,MSFT,81,249.7704620361328
2022-09-07,AAPL,131,152.9712677001953
2022-09-07,NVDA,1482,13.664806365966797
2022-09-07,AMZN,158,129.47999572753906
2022-09-08,GLD,842,158.97999572753906
2022-09-08,MSFT,81,250.18661499023438
2022-09-08,AAPL,132,151.50006103515625
2022-09-08,NVDA,1500,13.93981647491455
2022-09-08,AMZN,158,129.82000732421875
2022-09-09,GLD,845,159.82000732421875
2022-09-09,MSFT,81,255.93511962890625
2022-09-09,AAPL,132,154.35427856445312
2022-09-09,NVDA,1437,14.335390090942383
2022-09-09,AMZN,155,133.27000427246094
2022-09-12,GLD,509,160.6300048828125
2022-09-12,MSFT,185,258.0545349121094
2022-09-12,AAPL,304,160.29812622070312
2022-09-12,NVDA,3334,14.452967643737793
2022-09-12,AMZN,355,136.4499969482422
2022-09-13,GLD,845,158.5399932861328
2022-09-13,MSFT,81,243.86712646484375
2022-09-13,AAPL,129,150.8919219970703
2022-09-13,NVDA,1461,13.083895683288574
2022-09-13,AMZN,154,126.81999969482422
2022-09-14,GLD,838,157.92999267578125
2022-09-14,MSFT,81,244.08969116210938
2022-09-14,AAPL,131,152.333740234375
2022-09-14,NVDA,504,13.08090877532959
2022-09-14,AMZN,156,128.5500030517578
2022-09-15,GLD,841,154.97999572753906
2022-09-15,MSFT,81,237.47018432617188
2022-09-15,AAPL,131,149.45010375976562
2022-09-15,NVDA,1526,12.882621765136719
2022-09-15,AMZN,156,126.27999877929688
2022-09-16,GLD,842,155.83999633789062
2022-09-16,MSFT,82,236.850830078125
2022-09-16,AAPL,131,147.8120880126953
2022-09-16,NVDA,1539,13.150654792785645
2022-09-16,AMZN,159,123.52999877929688
2022-09-19,GLD,842,155.9600067138672
2022-09-19,MSFT,83,236.63790893554688
2022-09-19,AAPL,133,151.5196075439453
2022-09-19,NVDA,1508,13.333998680114746
2022-09-19,AMZN,160,124.66000366210938
2022-09-20,GLD,843,155.07000732421875
2022-09-20,MSFT,83,234.63461303710938
2022-09-20,AAPL,131,153.8932647705078
2022-09-20,NVDA,1491,13.128735542297363
2022-09-20,AMZN,160,122.19000244140625
2022-09-21,GLD,843,155.7899932861328
2022-09-21,MSFT,83,231.2474365234375
2022-09-21,AAPL,128,150.77423095703125
2022-09-21,NVDA,1497,13.213428497314453
2022-09-21,AMZN,108,118.54000091552734
2022-09-22,GLD,837,155.6999969482422
2022-09-22,MSFT,57,233.21197509765625
2022-09-22,AAPL,131,149.81298828125
2022-09-22,NVDA,1505,12.515942573547363
2022-09-22,AMZN,167,117.30999755859375
2022-09-23,GLD,839,153.00999450683594
2022-09-23,MSFT,83,230.25062561035156
2022-09-23,AAPL,131,147.54722595214844
2022-09-23,AMZN,167,113.77999877929688
2022-09-26,GLD,252,151.22999572753906
2022-09-26,MSFT,238,229.79579162597656
2022-09-26,AAPL,372,147.8807830810547
2022-09-26,AMZN,482,115.1500015258789
2022-09-26,NVDA,4390,12.184135437011719
2022-09-27,GLD,256,151.5399932861328
2022-09-27,MSFT,238,228.789306640625
2022-09-27,AAPL,370,148.85177612304688
2022-09-27,AMZN,472,114.41000366210938
2022-09-27,NVDA,4438,12.368471145629883
2022-09-28,GLD,252,154.69000244140625
2022-09-28,MSFT,238,233.2991485595703
2022-09-28,AAPL,376,146.96859741210938
2022-09-28,AMZN,476,118.01000213623047
2022-09-28,NVDA,4410,12.690316200256348
2022-09-29,GLD,834,154.66000366210938
2022-09-29,MSFT,77,229.8441925048828
2022-09-29,AAPL,169,139.74960327148438
2022-09-29,AMZN,154,114.80000305175781
2022-09-29,NVDA,1427,12.176164627075195
2022-09-30,GLD,828,154.6699981689453
2022-09-30,MSFT,83,225.39247131347656
2022-09-30,AAPL,93,135.55160522460938
2022-09-30,AMZN,168,113.0
2022-09-30,NVDA,1597,12.095455169677734
2022-10-03,GLD,826,158.42999267578125
2022-10-03,MSFT,84,232.97975158691406
2022-10-03,AAPL,142,139.72018432617188
2022-10-03,AMZN,57,115.87999725341797
2022-10-03,NVDA,1566,12.467117309570312
2022-10-04,GLD,824,160.6999969482422
2022-10-04,MSFT,83,240.85740661621094
2022-10-04,AAPL,139,143.3002471923828
2022-10-04,AMZN,163,121.08999633789062
2022-10-04,NVDA,1533,13.119765281677246
2022-10-05,GLD,823,159.80999755859375
2022-10-05,MSFT,83,241.16705322265625
2022-10-05,AAPL,139,143.59446716308594
2022-10-05,AMZN,165,120.94999694824219
2022-10-05,NVDA,1528,13.161615371704102
2022-10-06,GLD,825,159.6300048828125
2022-10-06,MSFT,83,238.834716796875
2022-10-06,AAPL,139,142.64306640625
2022-10-06,AMZN,164,120.30000305175781
2022-10-06,NVDA,1499,13.082901000976562
2022-10-07,GLD,822,157.8800048828125
2022-10-07,MSFT,83,226.6892547607422
2022-10-07,AAPL,139,137.40542602539062
2022-10-07,AMZN,165,114.55999755859375
2022-10-07,NVDA,1566,12.03268051147461
2022-10-10,GLD,822,155.47999572753906
2022-10-10,MSFT,85,221.86013793945312
2022-10-10,AAPL,139,137.7290802001953
2022-10-10,NVDA,1603,11.628137588500977
2022-10-11,GLD,246,155.16000366210938
2022-10-11,MSFT,82,218.1439208984375
2022-10-11,AAPL,394,136.316650390625
2022-10-11,NVDA,3135,11.544437408447266
2022-10-11,AMZN,480,112.20999908447266
2022-10-12,GLD,246,155.99000549316406
2022-10-12,MSFT,247,218.4729766845703
2022-10-12,AAPL,396,135.68896484375
2022-10-12,NVDA,4686,11.458746910095215
2022-10-12,AMZN,480,112.9000015258789
2022-10-13,GLD,242,154.91000366210938
2022-10-13,MSFT,247,226.6892547607422
2022-10-13,AAPL,396,140.24984741210938
2022-10-13,NVDA,4797,11.917096138000488
2022-10-13,AMZN,486,112.52999877929688
2022-10-14,GLD,847,152.97999572753906
2022-10-14,MSFT,86,221.1923828125
2022-10-14,AAPL,139,135.72817993164062
2022-10-14,NVDA,1629,11.186725616455078
2022-10-14,AMZN,172,106.9000015258789
2022-10-17,GLD,839,153.4199981689453
2022-10-17,MSFT,86,229.8732452392578
2022-10-17,AAPL,140,139.68096923828125
2022-10-17,NVDA,1697,11.845352172851562
2022-10-17,AMZN,176,113.79000091552734
2022-10-18,GLD,853,153.75
2022-10-18,MSFT,84,230.81195068359375
2022-10-18,AAPL,139,140.99526977539062
2022-10-18,NVDA,1604,11.924071311950684
2022-10-18,AMZN,166,116.36000061035156
2022-10-19,GLD,512,151.69000244140625
2022-10-19,MSFT,197,228.85708618164062
2022-10-19,AAPL,326,141.1031494140625
2022-10-19,NVDA,3831,12.007770538330078
2022-10-19,AMZN,395,115.06999969482422
2022-10-20,GLD,257,151.4499969482422
2022-10-20,MSFT,221,228.5377197265625
2022-10-20,AAPL,491,140.6421661376953
2022-10-20,NVDA,4191,12.15025806427002
2022-10-20,AMZN,444,115.25
2022-10-21,GLD,512,154.14999389648438
2022-10-21,MSFT,201,234.3152618408203
2022-10-21,AAPL,325,144.44786071777344
2022-10-21,NVDA,3772,12.421282768249512
2022-10-21,AMZN,397,119.31999969482422
2022-10-24,GLD,521,153.64999389648438
2022-10-24,MSFT,198,239.2799072265625
2022-10-24,AAPL,324,146.58599853515625
2022-10-24,NVDA,3743,12.553805351257324
2022-10-24,AMZN,389,119.81999969482422
2022-10-25,GLD,523,154.0
2022-10-25,MSFT,197,242.5800018310547
2022-10-25,AAPL,320,149.420654296875
2022-10-25,NVDA,3718,13.213428497314453
2022-10-25,AMZN,392,120.5999984741211
2022-10-26,GLD,516,154.97999572753906
2022-10-26,MSFT,207,223.86341857910156
2022-10-26,AAPL,315,146.48794555664062
2022-10-26,NVDA,3629,12.849738121032715
2022-10-26,AMZN,401,115.66000366210938
2022-10-27,GLD,517,154.74000549316406
2022-10-27,AAPL,321,142.02516174316406
2022-10-27,NVDA,3437,13.128735542297363
2022-10-27,AMZN,409,110.95999908447266
2022-10-28,GLD,507,153.16000366210938
2022-10-28,AAPL,312,152.75550842285156
2022-10-28,NVDA,3463,13.784375190734863
2022-10-28,AMZN,461,103.41000366210938
2022-10-28,MSFT,206,228.2667236328125
2022-10-31,GLD,522,151.91000366210938
2022-10-31,AAPL,309,150.40147399902344
2022-10-31,NVDA,3381,13.448583602905273
2022-10-31,AMZN,299,102.44000244140625
2022-10-31,MSFT,206,224.64730834960938
2022-11-01,GLD,521,153.4600067138672
2022-11-01,AAPL,307,147.7630157470703
2022-11-01,NVDA,3393,13.494418144226074
2022-11-01,AMZN,449,96.79000091552734
2022-11-01,MSFT,206,220.81492614746094
2022-11-02,GLD,510,152.38999938964844
2022-11-02,AAPL,313,142.25074768066406
2022-11-02,NVDA,3321,13.171578407287598
2022-11-02,AMZN,470,92.12000274658203
2022-11-02,MSFT,206,213.00506591796875
2022-11-03,GLD,503,151.80999755859375
2022-11-03,AAPL,316,136.21859741210938
2022-11-03,NVDA,3396,13.372856140136719
2022-11-03,AMZN,160,89.30000305175781
2022-11-03,MSFT,207,207.34364318847656
2022-11-04,GLD,249,156.47000122070312
2022-11-04,AAPL,163,135.95333862304688
2022-11-04,NVDA,3584,14.105218887329102
2022-11-04,AMZN,546,90.9800033569336
2022-11-04,MSFT,237,214.25350952148438
2022-11-07,GLD,495,155.85000610351562
2022-11-07,AAPL,335,136.48387145996094
2022-11-07,NVDA,3184,14.2496976852417
2022-11-07,AMZN,491,90.52999877929688
2022-11-07,MSFT,211,220.52462768554688
2022-11-08,GLD,502,159.4499969482422
2022-11-08,AAPL,332,137.05372619628906
2022-11-08,NVDA,3099,14.549620628356934
2022-11-08,AMZN,503,89.9800033569336
2022-11-08,MSFT,207,221.49237060546875
2022-11-09,GLD,489,158.64999389648438
2022-11-09,AAPL,333,132.50491333007812
2022-11-09,NVDA,3218,13.726582527160645
2022-11-09,AMZN,507,86.13999938964844
2022-11-09,MSFT,207,217.2729034423828
2022-11-10,GLD,493,163.47999572753906
2022-11-10,AAPL,335,144.29441833496094
2022-11-10,NVDA,3161,15.693500518798828
2022-11-10,MSFT,205,235.1475372314453
2022-11-11,GLD,499,164.55999755859375
2022-11-11,AAPL,334,147.07481384277344
2022-11-11,NVDA,3031,16.2684326171875
2022-11-11,MSFT,203,239.14443969726562
2022-11-11,AMZN,487,100.79000091552734
2022-11-14,GLD,502,164.9199981689453
2022-11-14,AAPL,329,145.67971801757812
2022-11-14,NVDA,2980,16.236547470092773
2022-11-14,MSFT,205,233.7636260986328
2022-11-14,AMZN,487,98.48999786376953
2022-11-15,GLD,509,165.5
2022-11-15,AAPL,329,147.4088592529297
2022-11-15,NVDA,2947,16.60621452331543
2022-11-15,MSFT,206,234.1701202392578
2022-11-15,AMZN,476,98.94000244140625
2022-11-16,GLD,499,165.1199951171875
2022-11-16,AAPL,329,146.1807861328125
2022-11-16,NVDA,2989,15.852928161621094
2022-11-16,MSFT,205,234.59710693359375
2022-11-16,AMZN,497,97.12000274658203
2022-11-17,GLD,496,163.9199981689453
2022-11-17,AAPL,329,148.07691955566406
2022-11-17,NVDA,3026,15.62076187133789
2022-11-17,MSFT,205,234.54856872558594
2022-11-17,AMZN,497,94.8499984741211
2022-11-18,GLD,503,162.7899932861328
2022-11-18,AAPL,321,148.63694763183594
2022-11-18,NVDA,3018,15.353727340698242
2022-11-18,MSFT,204,234.1021728515625
2022-11-18,AMZN,500,94.13999938964844
2022-11-21,GLD,499,161.8800048828125
2022-11-21,AAPL,320,145.41444396972656
2022-11-21,NVDA,1043,15.262055397033691
2022-11-21,MSFT,202,234.9076690673828
2022-11-21,AMZN,502,92.45999908447266
2022-11-22,GLD,498,162.07000732421875
2022-11-22,AAPL,323,147.5464324951172
2022-11-22,NVDA,3082,15.980466842651367
2022-11-22,MSFT,200,237.7997589111328
2022-11-22,AMZN,508,93.19999694824219
2022-11-23,GLD,504,163.0800018310547
2022-11-23,AAPL,323,148.42080688476562
2022-11-23,NVDA,2966,16.45974349975586
2022-11-23,MSFT,200,240.27452087402344
2022-11-23,AMZN,510,94.12999725341797
2022-11-25,GLD,504,163.22000122070312
2022-11-25,AAPL,328,145.51268005371094
2022-11-25,NVDA,2941,16.211637496948242
2022-11-25,MSFT,200,240.18714904785156
2022-11-25,AMZN,510,93.41000366210938
2022-11-28,GLD,500,161.92999267578125
2022-11-28,AAPL,333,141.69093322753906
2022-11-28,NVDA,2974,15.770222663879395
2022-11-28,MSFT,199,234.62625122070312
2022-11-28,AMZN,506,93.94999694824219
2022-11-29,GLD,498,162.72999572753906
2022-11-29,AAPL,333,138.6944122314453
2022-11-29,NVDA,2993,15.582901000976562
2022-11-29,MSFT,201,233.2384490966797
2022-11-29,AMZN,503,92.41999816894531
2022-11-30,GLD,492,164.80999755859375
2022-11-30,MSFT,201,247.6114044189453
2022-11-30,AMZN,507,96.54000091552734
2022-12-01,GLD,492,167.83999633789062
2022-12-01,MSFT,195,247.1746826171875
2022-12-01,AMZN,495,95.5
2022-12-01,AAPL,329,145.7091827392578
2022-12-01,NVDA,2832,17.07790184020996
2022-12-02,GLD,488,167.25999450683594
2022-12-02,MSFT,195,247.49497985839844
2022-12-02,AMZN,500,94.12999725341797
2022-12-02,AAPL,329,145.21798706054688
2022-12-02,NVDA,2848,16.819765090942383
2022-12-05,GLD,488,164.38999938964844
2022-12-05,MSFT,194,242.8171844482422
2022-12-05,AMZN,509,91.01000213623047
2022-12-05,AAPL,327,144.0586700439453
2022-12-05,NVDA,2850,16.554655075073242
2022-12-06,GLD,488,164.83999633789062
2022-12-06,MSFT,193,237.88706970214844
2022-12-06,AMZN,346,88.25
2022-12-06,AAPL,325,140.4038848876953
2022-12-06,NVDA,2849,15.933728218078613
2022-12-07,GLD,795,166.3300018310547
2022-12-07,MSFT,84,237.1592254638672
2022-12-07,AMZN,224,88.45999908447266
2022-12-07,AAPL,142,138.468505859375
2022-12-07,NVDA,1257,16.0662841796875
2022-12-08,GLD,795,166.47000122070312
2022-12-08,MSFT,84,240.0997772216797
2022-12-08,AMZN,223,90.3499984741211
2022-12-08,AAPL,142,140.14845275878906
2022-12-08,NVDA,1225,17.111787796020508
2022-12-09,GLD,795,167.05999755859375
2022-12-09,MSFT,84,238.17822265625
2022-12-09,AMZN,224,89.08999633789062
2022-12-09,AAPL,142,139.6670379638672
2022-12-09,NVDA,1168,16.94434928894043
2022-12-12,GLD,798,165.67999267578125
2022-12-12,MSFT,84,245.05902099609375
2022-12-12,AMZN,224,90.55000305175781
2022-12-12,AAPL,142,141.95620727539062
2022-12-12,NVDA,1174,17.47657012939453
2022-12-13,GLD,805,168.50999450683594
2022-12-13,MSFT,81,249.33888244628906
2022-12-13,AMZN,215,92.48999786376953
2022-12-13,AAPL,140,142.9190216064453
2022-12-13,NVDA,1107,18.01177978515625
2022-12-14,GLD,481,168.10000610351562
2022-12-14,MSFT,189,249.6300506591797
2022-12-14,AMZN,510,91.58000183105469
2022-12-14,AAPL,330,140.6986541748047
2022-12-14,NVDA,2635,17.61510467529297
2022-12-15,GLD,478,165.35000610351562
2022-12-15,MSFT,188,241.66229248046875
2022-12-15,AMZN,513,88.44999694824219
2022-12-15,AAPL,333,134.10629272460938
2022-12-15,NVDA,2701,16.895511627197266
2022-12-16,GLD,784,166.7899932861328
2022-12-16,MSFT,81,237.46978759765625
2022-12-16,AMZN,222,87.86000061035156
2022-12-16,AAPL,146,132.15121459960938
2022-12-16,NVDA,1162,16.515777587890625
2022-12-19,GLD,780,166.32000732421875
2022-12-19,MSFT,82,233.3549041748047
2022-12-19,AMZN,222,84.91999816894531
2022-12-19,AAPL,146,130.04872131347656
2022-12-19,NVDA,1180,16.1998348236084
2022-12-20,GLD,771,169.0800018310547
2022-12-20,MSFT,83,234.66502380371094
2022-12-20,AMZN,76,85.19000244140625
2022-12-20,AAPL,101,129.97996520996094
2022-12-20,NVDA,809,16.03139877319336
2022-12-21,GLD,462,168.8000030517578
2022-12-21,MSFT,194,237.21742248535156
2022-12-21,AMZN,528,86.7699966430664
2022-12-21,AAPL,348,133.07469177246094
2022-12-21,NVDA,2833,16.446012496948242
2022-12-22,GLD,464,166.75999450683594
2022-12-22,MSFT,194,231.1615753173828
2022-12-22,AMZN,531,83.79000091552734
2022-12-22,AAPL,345,129.9111785888672
2022-12-22,NVDA,2832,15.287886619567871
2022-12-23,GLD,760,167.25999450683594
2022-12-23,MSFT,84,231.6856231689453
2022-12-23,AMZN,229,85.25
2022-12-23,AAPL,149,129.54771423339844
2022-12-23,NVDA,420,15.155328750610352
2022-12-27,GLD,456,168.6699981689453
2022-12-27,MSFT,192,229.96788024902344
2022-12-27,AMZN,525,83.04000091552734
2022-12-27,AAPL,345,127.749755859375
2022-12-27,NVDA,2971,14.073945045471191
2022-12-28,GLD,447,167.91000366210938
2022-12-28,MSFT,191,227.60952758789062
2022-12-28,AMZN,528,81.81999969482422
2022-12-28,AAPL,344,123.82974243164062
2022-12-29,GLD,740,168.85000610351562
2022-12-29,MSFT,82,233.89834594726562
2022-12-29,AAPL,149,127.33711242675781
2022-12-29,NVDA,1304,14.554338455200195
2022-12-30,GLD,444,169.63999938964844
2022-12-30,MSFT,189,232.7434844970703
2022-12-30,AAPL,347,127.6515121459961
2022-12-30,NVDA,3066,14.565301895141602
2022-12-30,AMZN,526,84.0
2023-01-03,GLD,446,171.05999755859375
2023-01-03,MSFT,189,232.51055908203125
2023-01-03,AAPL,348,122.87674713134766
2023-01-03,NVDA,3015,14.267297744750977
2023-01-03,AMZN,523,85.81999969482422
2023-01-04,GLD,730,172.6699981689453
2023-01-04,MSFT,85,222.33984375
2023-01-04,AAPL,51,124.14411926269531
2023-01-04,NVDA,1305,14.699850082397461
2023-01-04,AMZN,219,85.13999938964844
2023-01-05,GLD,440,170.52000427246094
2023-01-05,MSFT,132,215.75013732910156
2023-01-05,AAPL,350,122.8276138305664
2023-01-05,NVDA,3034,14.2174654006958
2023-01-05,AMZN,513,83.12000274658203
2023-01-06,GLD,724,173.7100067138672
2023-01-06,MSFT,87,218.29283142089844
2023-01-06,AAPL,151,127.3469467163086
2023-01-06,NVDA,1294,14.809486389160156
2023-01-06,AMZN,225,86.08000183105469
2023-01-09,GLD,436,174.10000610351562
2023-01-09,MSFT,201,220.41822814941406
2023-01-09,AAPL,345,127.86763763427734
2023-01-09,NVDA,2910,15.575922012329102
2023-01-09,AMZN,506,87.36000061035156
2023-01-10,GLD,436,174.74000549316406
2023-01-10,MSFT,201,222.09716796875
2023-01-10,AAPL,347,128.43746948242188
2023-01-10,NVDA,2878,15.855986595153809
2023-01-10,AMZN,507,89.87000274658203
2023-01-11,GLD,442,174.6199951171875
2023-01-11,MSFT,201,228.81297302246094
2023-01-11,AAPL,349,131.14907836914062
2023-01-11,NVDA,2855,15.947680473327637
2023-01-11,AMZN,496,95.08999633789062
2023-01-12,GLD,448,176.63999938964844
2023-01-12,MSFT,201,231.47213745117188
2023-01-12,AAPL,349,131.07049560546875
2023-01-12,NVDA,2866,16.45598030090332
2023-01-12,AMZN,475,95.2699966430664
2023-01-13,GLD,445,178.75999450683594
2023-01-13,MSFT,200,232.17088317871094
2023-01-13,AAPL,353,132.3968048095703
2023-01-13,NVDA,2829,16.842689514160156
2023-01-13,AMZN,487,98.12000274658203
2023-01-17,GLD,450,177.58999633789062
2023-01-17,MSFT,202,233.25784301757812
2023-01-17,AAPL,353,133.55612182617188
2023-01-17,NVDA,2778,17.64301109313965
2023-01-17,AMZN,475,96.05000305175781
2023-01-18,GLD,453,177.0800018310547
2023-01-18,MSFT,202,228.85179138183594
2023-01-18,AAPL,352,132.83892822265625
2023-01-18,NVDA,2686,17.3190975189209
2023-01-18,AMZN,486,95.45999908447266
2023-01-19,GLD,446,179.88999938964844
2023-01-19,MSFT,204,225.08628845214844
2023-01-19,AAPL,352,132.89784240722656
2023-01-19,NVDA,2732,16.709135055541992
2023-01-19,AMZN,489,93.68000030517578
2023-01-20,GLD,445,179.2899932861328
2023-01-20,MSFT,204,233.1316680908203
2023-01-20,AAPL,350,135.4522705078125
2023-01-20,NVDA,2740,17.779556274414062
2023-01-20,AMZN,495,97.25
2023-01-23,GLD,456,179.6300048828125
2023-01-23,MSFT,204,235.4220428466797
2023-01-23,AAPL,350,138.6354522705078
2023-01-23,NVDA,2639,19.129039764404297
2023-01-23,AMZN,487,97.5199966430664
2023-01-24,GLD,458,180.27999877929688
2023-01-24,MSFT,204,234.8979949951172
2023-01-24,AAPL,349,140.0305633544922
2023-01-24,NVDA,2560,19.200801849365234
2023-01-24,AMZN,495,96.31999969482422
2023-01-25,GLD,454,181.11000061035156
2023-01-25,MSFT,208,233.5101776123047
2023-01-25,AAPL,344,139.372314453125
2023-01-25,NVDA,2519,19.258615493774414
2023-01-25,AMZN,512,97.18000030517578
2023-01-26,GLD,463,179.47000122070312
2023-01-26,MSFT,207,240.68209838867188
2023-01-26,AAPL,346,141.43548583984375
2023-01-26,NVDA,2482,19.736013412475586
2023-01-26,AMZN,496,99.22000122070312
2023-01-27,GLD,466,179.22000122070312
2023-01-27,MSFT,203,240.83737182617188
2023-01-27,AAPL,347,143.3709259033203
2023-01-27,NVDA,2517,20.297136306762695
2023-01-27,AMZN,491,102.23999786376953
2023-01-30,GLD,469,178.75999450683594
2023-01-30,MSFT,206,235.54818725585938
2023-01-30,AAPL,345,140.4923095703125
2023-01-30,NVDA,2470,19.098148345947266
2023-01-30,AMZN,486,100.55000305175781
2023-01-31,GLD,467,179.41000366210938
2023-01-31,MSFT,206,240.49769592285156
2023-01-31,AAPL,346,141.7597198486328
2023-01-31,NVDA,2544,19.471900939941406
2023-01-31,AMZN,481,103.12999725341797
2023-02-01,GLD,469,181.6699981689453
2023-02-01,MSFT,205,245.29193115234375
2023-02-01,AAPL,347,142.87969970703125
2023-02-01,NVDA,2508,20.873212814331055
2023-02-01,AMZN,480,105.1500015258789
2023-02-02,GLD,482,177.89999389648438
2023-02-02,MSFT,204,256.7922668457031
2023-02-02,AAPL,348,148.1752166748047
2023-02-02,NVDA,2437,21.63665771484375
2023-02-02,AMZN,463,112.91000366210938
2023-02-03,GLD,491,173.4600067138672
2023-02-03,MSFT,200,250.72669982910156
2023-02-03,AAPL,345,151.79066467285156
2023-02-03,NVDA,2397,21.02968978881836
2023-02-03,AMZN,476,103.38999938964844
2023-02-06,GLD,492,173.82000732421875
2023-02-06,MSFT,200,249.19326782226562
2023-02-06,AAPL,334,149.06922912597656
2023-02-06,NVDA,2411,21.018726348876953
2023-02-06,AMZN,485,102.18000030517578
2023-02-07,GLD,494,173.97999572753906
2023-02-07,MSFT,199,259.6649475097656
2023-02-07,AAPL,338,151.93800354003906
2023-02-07,NVDA,2350,22.099117279052734
2023-02-07,AMZN,330,102.11000061035156
2023-02-07,META,-1037,189.80213928222656
2023-02-08,GLD,494,174.41000366210938
2023-02-08,MSFT,191,258.8594665527344
2023-02-08,AAPL,334,149.2559051513672
2023-02-08,NVDA,2260,22.13100814819336
2023-02-08,AMZN,494,100.05000305175781
2023-02-08,META,-1021,181.68978881835938
2023-02-09,GLD,499,173.02999877929688
2023-02-09,MSFT,192,255.84120178222656
2023-02-09,AAPL,338,148.22430419921875
2023-02-09,NVDA,2268,22.26256561279297
2023-02-09,AMZN,504,98.23999786376953
2023-02-09,META,-1055,176.23208618164062
2023-02-10,GLD,507,173.36000061035156
2023-02-10,MSFT,202,255.3365020751953
2023-02-10,AAPL,349,148.58837890625
2023-02-10,NVDA,2376,21.194137573242188
2023-02-10,AMZN,526,97.61000061035156
2023-02-10,META,-1120,172.4978790283203
2023-02-13,GLD,508,172.47999572753906
2023-02-13,MSFT,198,263.3139343261719
2023-02-13,AAPL,345,151.38284301757812
2023-02-13,NVDA,2385,21.71540069580078
2023-02-13,AMZN,524,99.54000091552734
2023-02-13,META,-1105,177.72776794433594
2023-02-14,GLD,514,172.61000061035156
2023-02-14,MSFT,195,264.1389465332031
2023-02-14,AAPL,345,150.74327087402344
2023-02-14,NVDA,2399,22.894453048706055
2023-02-14,AMZN,524,99.69999694824219
2023-02-15,GLD,521,170.88999938964844
2023-02-15,MSFT,198,262.0277099609375
2023-02-15,AAPL,345,152.839111328125
2023-02-15,NVDA,2308,22.688146591186523
2023-02-15,AMZN,524,101.16000366210938
2023-02-16,GLD,520,170.75
2023-02-16,MSFT,200,255.05178833007812
2023-02-16,AAPL,342,151.2450714111328
2023-02-16,NVDA,2338,21.92868423461914
2023-02-16,AMZN,520,98.1500015258789
2023-02-17,GLD,516,171.25999450683594
2023-02-17,MSFT,202,251.07254028320312
2023-02-17,AAPL,341,150.10369873046875
2023-02-17,NVDA,2367,21.316728591918945
2023-02-17,AMZN,521,97.19999694824219
2023-02-21,GLD,506,170.6199951171875
2023-02-21,MSFT,203,245.8284912109375
2023-02-21,AAPL,341,146.09893798828125
2023-02-21,NVDA,2409,20.586172103881836
2023-02-21,AMZN,529,94.58000183105469
2023-02-22,GLD,504,169.66000366210938
2023-02-22,MSFT,203,244.69992065429688
2023-02-22,AAPL,342,146.52203369140625
2023-02-22,NVDA,1622,20.684839248657227
2023-02-22,AMZN,176,95.79000091552734
2023-02-23,GLD,514,169.57000732421875
2023-02-23,MSFT,69,247.8716278076172
2023-02-23,AAPL,344,147.00418090820312
2023-02-23,NVDA,2180,23.585142135620117
2023-02-23,AMZN,530,95.81999969482422
2023-02-24,GLD,513,168.35000610351562
2023-02-24,MSFT,206,242.47190856933594
2023-02-24,AAPL,347,144.3573455810547
2023-02-24,NVDA,2175,23.208406448364258
2023-02-24,AMZN,538,93.5
2023-02-27,GLD,514,169.00999450683594
2023-02-27,MSFT,206,243.3864288330078
2023-02-27,NVDA,2149,23.422683715820312
2023-02-27,AMZN,538,93.76000213623047
2023-02-28,GLD,512,169.77999877929688
2023-02-28,MSFT,207,242.66647338867188
2023-02-28,NVDA,2162,23.138633728027344
2023-02-28,AMZN,540,94.2300033569336
2023-02-28,AAPL,348,145.04611206054688
2023-03-01,GLD,508,170.75999450683594
2023-03-01,MSFT,207,239.601806640625
2023-03-01,NVDA,2188,22.622360229492188
2023-03-01,AMZN,539,92.16999816894531
2023-03-01,AAPL,350,142.9797821044922
2023-03-02,GLD,502,170.66000366210938
2023-03-02,MSFT,207,244.31076049804688
2023-03-02,NVDA,2223,23.236309051513672
2023-03-02,AMZN,545,92.12999725341797
2023-03-02,AAPL,350,143.57015991210938
2023-03-03,GLD,506,172.49000549316406
2023-03-03,MSFT,207,248.37754821777344
2023-03-03,NVDA,2182,23.810394287109375
2023-03-03,AMZN,546,94.9000015258789
2023-03-03,AAPL,349,148.60804748535156
2023-03-06,GLD,172,171.6199951171875
2023-03-06,MSFT,243,249.9147491455078
2023-03-06,NVDA,2554,23.47551155090332
2023-03-06,AMZN,639,93.75
2023-03-06,AAPL,548,151.3631591796875
2023-03-07,GLD,516,168.6199951171875
2023-03-07,MSFT,206,247.2684326171875
2023-03-07,NVDA,2182,23.214338302612305
2023-03-07,AMZN,546,93.55000305175781
2023-03-07,AAPL,340,149.1689453125
2023-03-08,GLD,518,168.5399932861328
2023-03-08,MSFT,206,246.8306121826172
2023-03-08,NVDA,2178,24.10451316833496
2023-03-08,AMZN,545,93.91999816894531
2023-03-08,AAPL,339,150.41854858398438
2023-03-09,GLD,519,170.1999969482422
2023-03-09,MSFT,206,245.4879913330078
2023-03-09,NVDA,2133,23.36186981201172
2023-03-09,AMZN,548,92.25
2023-03-09,AAPL,340,148.17515563964844
2023-03-10,GLD,508,173.8699951171875
2023-03-10,MSFT,208,241.8589630126953
2023-03-10,NVDA,2181,22.892358779907227
2023-03-10,AMZN,549,90.7300033569336
2023-03-10,AAPL,344,146.11862182617188
2023-03-13,GLD,246,177.86000061035156
2023-03-13,MSFT,255,247.0446319580078
2023-03-13,NVDA,2708,22.89335823059082
2023-03-13,AAPL,422,148.05703735351562
2023-03-14,GLD,248,176.8300018310547
2023-03-14,MSFT,251,253.72865295410156
2023-03-14,NVDA,2671,23.98688507080078
2023-03-14,AAPL,421,150.14305114746094
2023-03-14,AMZN,666,94.87999725341797
2023-03-15,GLD,495,178.2100067138672
2023-03-15,MSFT,205,258.252685546875
2023-03-15,NVDA,2185,24.151369094848633
2023-03-15,AAPL,348,150.53662109375
2023-03-15,AMZN,555,96.19999694824219
2023-03-16,GLD,832,178.57000732421875
2023-03-17,GLD,498,183.77000427246094
2023-03-17,MSFT,193,271.8638610839844
2023-03-17,AAPL,341,152.514404296875
2023-03-17,NVDA,2027,25.643632888793945
2023-03-17,AMZN,526,98.94999694824219
2023-03-20,GLD,488,183.83999633789062
2023-03-20,MSFT,194,264.8589172363281
2023-03-20,AAPL,343,154.87591552734375
2023-03-20,NVDA,2053,25.818078994750977
2023-03-20,AMZN,532,97.70999908447266
2023-03-21,GLD,492,180.3699951171875
2023-03-21,MSFT,196,266.366943359375
2023-03-21,AAPL,340,156.7257537841797
2023-03-21,NVDA,2013,26.116132736206055
2023-03-21,AMZN,535,100.61000061035156
2023-03-22,GLD,500,183.44000244140625
2023-03-22,MSFT,198,264.917236328125
2023-03-22,AAPL,337,155.2989959716797
2023-03-22,NVDA,2000,26.384281158447266
2023-03-22,AMZN,525,98.69999694824219
2023-03-23,GLD,497,185.74000549316406
2023-03-23,MSFT,198,270.14190673828125
2023-03-23,AAPL,340,156.38137817382812
2023-03-23,NVDA,1972,27.104997634887695
2023-03-23,AMZN,530,98.70999908447266
2023-03-24,GLD,492,183.64999389648438
2023-03-24,MSFT,198,272.9730529785156
2023-03-24,AAPL,340,157.6802215576172
2023-03-24,NVDA,1973,26.694297790527344
2023-03-24,AMZN,542,98.12999725341797
2023-03-27,GLD,501,181.9499969482422
2023-03-27,MSFT,195,268.896484375
2023-03-27,AAPL,337,155.74179077148438
2023-03-27,NVDA,1981,26.447084426879883
2023-03-27,AMZN,536,98.04000091552734
2023-03-28,GLD,496,183.44000244140625
2023-03-28,MSFT,196,267.77764892578125
2023-03-28,AAPL,338,155.12188720703125
2023-03-28,NVDA,1997,26.32646369934082
2023-03-28,AMZN,536,97.23999786376953
2023-03-29,GLD,497,182.52999877929688
2023-03-29,MSFT,196,272.9146423339844
2023-03-29,AAPL,338,158.1918487548828
2023-03-29,NVDA,1983,26.898651123046875
2023-03-29,AMZN,537,100.25
2023-03-30,GLD,503,184.17999267578125
2023-03-30,MSFT,195,276.3587951660156
2023-03-30,AAPL,338,159.75636291503906
2023-03-30,NVDA,1977,27.29638671875
2023-03-30,AMZN,529,102.0
2023-03-31,GLD,502,183.22000122070312
2023-03-31,MSFT,195,280.4937438964844
2023-03-31,AAPL,337,162.25564575195312
2023-03-31,NVDA,1989,27.689136505126953
2023-03-31,AMZN,527,103.29000091552734
2023-04-03,GLD,504,184.5399932861328
2023-04-03,MSFT,195,279.45269775390625
2023-04-03,AAPL,335,163.5052490234375
2023-04-03,NVDA,1974,27.876548767089844
2023-04-03,AMZN,528,102.41000366210938
2023-04-04,GLD,505,187.97999572753906
2023-04-04,MSFT,195,279.404052734375
2023-04-04,AAPL,333,162.97393798828125
2023-04-04,NVDA,1955,27.366165161132812
2023-04-04,AMZN,530,103.94999694824219
2023-04-05,GLD,496,187.8300018310547
2023-04-05,MSFT,195,276.6409912109375
2023-04-05,AAPL,335,161.1339569091797
2023-04-05,NVDA,2033,26.795974731445312
2023-04-05,AMZN,524,101.0999984741211
2023-04-06,GLD,493,186.49000549316406
2023-04-06,MSFT,195,283.70440673828125
2023-04-06,AAPL,336,162.01950073242188
2023-04-06,NVDA,2029,26.951480865478516
2023-04-06,AMZN,533,102.05999755859375
2023-04-10,GLD,498,185.11000061035156
2023-04-10,MSFT,192,281.5542907714844
2023-04-10,AAPL,338,159.43167114257812
2023-04-10,NVDA,2014,27.49176788330078
2023-04-10,AMZN,533,102.16999816894531
2023-04-11,GLD,498,186.27999877929688
2023-04-11,MSFT,194,275.17181396484375
2023-04-11,AAPL,338,158.22140502929688
2023-04-11,NVDA,1958,27.083065032958984
2023-04-11,AMZN,536,99.91999816894531
2023-04-12,GLD,494,187.19000244140625
2023-04-12,MSFT,194,275.81402587890625
2023-04-12,AAPL,340,157.53260803222656
2023-04-12,NVDA,1979,26.41119956970215
2023-04-12,AMZN,537,97.83000183105469
2023-04-13,GLD,487,189.72000122070312
2023-04-13,MSFT,195,281.99200439453125
2023-04-13,AAPL,339,162.90504455566406
2023-04-13,NVDA,2020,26.379295349121094
2023-04-13,AMZN,544,102.4000015258789
2023-04-14,GLD,493,186.36000061035156
2023-04-14,MSFT,194,278.39227294921875
2023-04-14,AAPL,335,162.5606689453125
2023-04-14,NVDA,2050,26.673358917236328
2023-04-14,AMZN,531,102.51000213623047
2023-04-17,GLD,499,185.52999877929688
2023-04-17,MSFT,193,280.980224609375
2023-04-17,AAPL,334,162.5803680419922
2023-04-17,NVDA,2048,26.916593551635742
2023-04-17,AMZN,526,102.73999786376953
2023-04-18,GLD,505,186.25
2023-04-18,MSFT,193,280.5617980957031
2023-04-18,AAPL,334,163.8004608154297
2023-04-18,NVDA,1991,27.579486846923828
2023-04-18,AMZN,526,102.30000305175781
2023-04-19,GLD,504,185.36000061035156
2023-04-19,MSFT,194,280.6397399902344
2023-04-19,AAPL,332,164.94186401367188
2023-04-19,NVDA,1985,27.842653274536133
2023-04-19,AMZN,532,104.30000305175781
2023-04-20,GLD,503,186.08999633789062
2023-04-20,MSFT,196,278.363037109375
2023-04-20,AAPL,333,163.9775848388672
2023-04-20,NVDA,1978,27.018268585205078
2023-04-20,AMZN,527,103.80999755859375
2023-04-21,GLD,503,184.25
2023-04-21,MSFT,196,278.0225524902344
2023-04-21,AAPL,334,162.37374877929688
2023-04-21,NVDA,2023,27.033222198486328
2023-04-21,AMZN,513,106.95999908447266
2023-04-24,GLD,506,184.80999755859375
2023-04-24,MSFT,198,274.1405334472656
2023-04-24,AAPL,334,162.67872619628906
2023-04-24,NVDA,2019,26.956466674804688
2023-04-24,AMZN,505,106.20999908447266
2023-04-25,GLD,503,185.75
2023-04-25,MSFT,199,267.96246337890625
2023-04-25,AAPL,334,161.1437530517578
2023-04-25,NVDA,2006,26.158000946044922
2023-04-25,AMZN,516,102.56999969482422
2023-04-26,GLD,503,184.74000549316406
2023-04-26,MSFT,190,287.3722839355469
2023-04-26,AAPL,340,161.1339569091797
2023-04-26,NVDA,2031,26.870742797851562
2023-04-26,AMZN,520,104.9800033569336
2023-04-27,GLD,512,184.75
2023-04-27,MSFT,190,296.5761413574219
2023-04-27,AAPL,338,165.70936584472656
2023-04-27,NVDA,2014,27.139883041381836
2023-04-27,AMZN,508,109.81999969482422
2023-04-28,GLD,513,184.8000030517578
2023-04-28,MSFT,188,298.9403991699219
2023-04-28,AAPL,334,166.95896911621094
2023-04-28,NVDA,2038,27.661230087280273
2023-04-28,AMZN,513,105.44999694824219
2023-05-01,GLD,512,183.97000122070312
2023-05-01,MSFT,186,297.2864074707031
2023-05-01,AAPL,334,166.87042236328125
2023-05-01,NVDA,2002,28.81855583190918
2023-05-01,AMZN,529,102.05000305175781
2023-05-02,GLD,514,187.52000427246094
2023-05-02,MSFT,186,297.1405029296875
2023-05-02,AAPL,332,165.8372039794922
2023-05-02,NVDA,1940,28.120773315429688
2023-05-02,AMZN,546,103.62999725341797
2023-05-03,GLD,508,189.11000061035156
2023-05-03,MSFT,186,296.1578063964844
2023-05-03,AAPL,333,164.76475524902344
2023-05-03,NVDA,2002,27.714065551757812
2023-05-03,AMZN,536,103.6500015258789
2023-05-04,GLD,503,190.44000244140625
2023-05-04,MSFT,186,297.1405029296875
2023-05-04,AAPL,341,163.13136291503906
2023-05-04,NVDA,2009,27.474824905395508
2023-05-04,AMZN,533,104.0
2023-05-05,GLD,510,187.4600067138672
2023-05-05,MSFT,186,302.2385559082031
2023-05-05,AAPL,331,170.78660583496094
2023-05-05,NVDA,2005,28.589284896850586
2023-05-05,AMZN,533,105.66000366210938
2023-05-08,GLD,512,187.69000244140625
2023-05-08,MSFT,186,300.2926940917969
2023-05-08,AAPL,331,170.7177276611328
2023-05-08,NVDA,1976,29.058794021606445
2023-05-08,AMZN,534,105.83000183105469
2023-05-09,GLD,513,189.02000427246094
2023-05-09,MSFT,187,298.6874084472656
2023-05-09,AAPL,331,169.0154571533203
2023-05-09,NVDA,1956,28.480628967285156
2023-05-09,AMZN,534,106.62000274658203
2023-05-10,GLD,513,188.75
2023-05-10,MSFT,188,303.85357666015625
2023-05-10,AAPL,332,170.77679443359375
2023-05-10,NVDA,1959,28.793636322021484
2023-05-10,AMZN,525,110.19000244140625
2023-05-11,GLD,517,187.1300048828125
2023-05-11,MSFT,188,301.7131652832031
2023-05-11,AAPL,332,170.96368408203125
2023-05-11,NVDA,1975,28.487607955932617
2023-05-11,AMZN,513,112.18000030517578
2023-05-12,GLD,519,186.80999755859375
2023-05-12,MSFT,188,300.60406494140625
2023-05-12,AAPL,332,170.0375213623047
2023-05-12,NVDA,1997,28.2503604888916
2023-05-12,AMZN,507,110.26000213623047
2023-05-15,GLD,519,187.2100067138672
2023-05-15,MSFT,188,301.080810546875
2023-05-15,AAPL,332,169.54486083984375
2023-05-15,NVDA,1994,28.86142349243164
2023-05-15,AMZN,509,111.19999694824219
2023-05-16,GLD,520,184.8699951171875
2023-05-16,MSFT,188,303.29913330078125
2023-05-16,AAPL,334,169.54486083984375
2023-05-16,NVDA,1971,29.12059783935547
2023-05-16,AMZN,510,113.4000015258789
2023-05-17,GLD,530,184.22999572753906
2023-05-17,MSFT,188,306.1657409667969
2023-05-17,AAPL,337,170.15573120117188
2023-05-17,NVDA,1936,30.082544326782227
2023-05-17,AMZN,497,115.5
2023-05-18,GLD,540,181.83999633789062
2023-05-18,MSFT,188,310.5729064941406
2023-05-18,AAPL,337,172.48110961914062
2023-05-18,NVDA,1895,31.577802658081055
2023-05-18,AMZN,493,118.1500015258789
2023-05-19,GLD,546,183.63999938964844
2023-05-19,MSFT,188,310.3974304199219
2023-05-19,AAPL,335,172.58950805664062
2023-05-19,NVDA,1849,31.165115356445312
2023-05-19,AMZN,492,116.25
2023-05-22,GLD,542,183.2100067138672
2023-05-22,MSFT,187,313.16656494140625
2023-05-22,AAPL,337,171.64358520507812
2023-05-22,NVDA,1877,31.077388763427734
2023-05-22,AMZN,495,115.01000213623047
2023-05-23,GLD,541,183.42999267578125
2023-05-23,MSFT,185,307.3942565917969
2023-05-23,AAPL,337,169.0422821044922
2023-05-23,NVDA,1865,30.590938568115234
2023-05-23,AMZN,504,114.98999786376953
2023-05-24,GLD,536,181.9499969482422
2023-05-24,MSFT,186,306.0193786621094
2023-05-24,AAPL,339,169.31820678710938
2023-05-24,NVDA,1902,30.441408157348633
2023-05-24,AMZN,497,116.75
2023-05-25,GLD,567,180.1999969482422
2023-05-25,MSFT,190,317.7882995605469
2023-05-25,AAPL,353,170.45135498046875
2023-05-25,NVDA,1563,37.8598747253418
2023-05-25,AMZN,514,115.0
2023-05-26,GLD,567,180.9199981689453
2023-05-26,MSFT,190,324.5844421386719
2023-05-26,AAPL,351,172.8555145263672
2023-05-26,NVDA,1584,38.822811126708984
2023-05-26,AMZN,515,120.11000061035156
2023-05-30,GLD,581,182.0399932861328
2023-05-30,MSFT,189,322.94635009765625
2023-05-30,AAPL,353,174.69810485839844
2023-05-30,NVDA,1523,39.984127044677734
2023-05-30,AMZN,504,121.66000366210938
2023-05-31,GLD,576,182.32000732421875
2023-05-31,MSFT,189,320.1966552734375
2023-05-31,AAPL,351,174.64883422851562
2023-05-31,NVDA,1556,37.714324951171875
2023-05-31,AMZN,504,120.58000183105469
2023-05-31,AVGO,-3066,77.3796157836914
2023-06-01,GLD,569,183.75999450683594
2023-06-01,MSFT,190,324.2820739746094
2023-06-01,AAPL,346,177.4471435546875
2023-06-01,NVDA,1578,39.64420700073242
2023-06-01,AMZN,502,122.7699966430664
2023-06-01,AVGO,-3010,75.6547622680664
2023-06-02,GLD,581,181.0500030517578
2023-06-02,MSFT,190,327.0317687988281
2023-06-02,AAPL,348,178.2945098876953
2023-06-02,NVDA,1558,39.20261001586914
2023-06-02,AMZN,499,124.25
2023-06-02,AVGO,-3131,77.76653289794922
2023-06-05,GLD,577,182.13999938964844
2023-06-05,MSFT,187,327.55828857421875
2023-06-05,AAPL,338,176.94461059570312
2023-06-05,NVDA,1567,39.04710006713867
2023-06-05,AMZN,493,125.30000305175781
2023-06-05,AVGO,-2990,76.83756256103516
2023-06-06,GLD,576,182.33999633789062
2023-06-06,MSFT,187,325.3547058105469
2023-06-06,AAPL,345,176.580078125
2023-06-06,NVDA,1582,38.53173065185547
2023-06-06,AMZN,490,126.61000061035156
2023-06-07,GLD,576,180.14999389648438
2023-06-07,MSFT,189,315.3116760253906
2023-06-07,AAPL,348,175.21044921875
2023-06-07,NVDA,1578,37.36033630371094
2023-06-07,AMZN,482,121.2300033569336
2023-06-08,GLD,569,182.52999877929688
2023-06-08,MSFT,191,317.1447448730469
2023-06-08,AAPL,345,177.92010498046875
2023-06-08,NVDA,1604,38.39216613769531
2023-06-08,AMZN,490,124.25
2023-06-09,GLD,573,182.0399932861328
2023-06-09,MSFT,192,318.6365966796875
2023-06-09,AAPL,342,178.3043975830078
2023-06-09,NVDA,1568,38.651371002197266
2023-06-09,AMZN,491,123.43000030517578
2023-06-12,GLD,576,181.8800048828125
2023-06-12,MSFT,191,323.5703125
2023-06-12,AAPL,342,181.0928192138672
2023-06-12,NVDA,1564,39.36119079589844
2023-06-12,AMZN,492,126.56999969482422
2023-06-13,GLD,583,180.5399932861328
2023-06-13,MSFT,190,325.94952392578125
2023-06-13,AAPL,343,180.61988830566406
2023-06-13,NVDA,1546,40.896480560302734
2023-06-13,AMZN,484,126.66000366210938
2023-06-14,GLD,584,180.63999938964844
2023-06-14,MSFT,190,328.9233703613281
2023-06-14,AAPL,343,181.25048828125
2023-06-14,NVDA,1523,42.865440368652344
2023-06-14,AMZN,489,126.41999816894531
2023-06-15,GLD,592,181.91000366210938
2023-06-15,MSFT,190,339.4149169921875
2023-06-15,AAPL,343,183.28028869628906
2023-06-15,NVDA,1467,42.522491455078125
2023-06-15,AMZN,497,127.11000061035156
2023-06-16,GLD,597,181.6300048828125
2023-06-16,MSFT,185,333.788818359375
2023-06-16,AAPL,344,182.2062530517578
2023-06-16,NVDA,1463,42.561378479003906
2023-06-16,AMZN,497,125.48999786376953
2023-06-20,GLD,595,179.75
2023-06-20,MSFT,188,329.61566162109375
2023-06-20,AAPL,344,182.29495239257812
2023-06-20,NVDA,1456,43.673954010009766
2023-06-20,AMZN,499,125.77999877929688
2023-06-21,GLD,597,179.49000549316406
2023-06-21,MSFT,190,325.23773193359375
2023-06-21,AAPL,343,181.26034545898438
2023-06-21,NVDA,1440,42.91328811645508
2023-06-21,AMZN,497,124.83000183105469
2023-06-22,GLD,596,177.7100067138672
2023-06-22,MSFT,190,331.2342224121094
2023-06-22,AAPL,343,184.25575256347656
2023-06-22,NVDA,1470,42.89335250854492
2023-06-22,AMZN,495,130.14999389648438
2023-06-23,GLD,596,178.1999969482422
2023-06-23,MSFT,191,326.66119384765625
2023-06-23,AAPL,342,183.94044494628906
2023-06-23,NVDA,1476,42.0798454284668
2023-06-23,AMZN,484,129.3300018310547
2023-06-26,GLD,598,178.50999450683594
2023-06-26,MSFT,192,320.4013977050781
2023-06-26,AAPL,340,182.55111694335938
2023-06-26,NVDA,1476,40.50767135620117
2023-06-26,AMZN,484,127.33000183105469
2023-06-27,GLD,594,177.69000244140625
2023-06-27,MSFT,192,326.22247314453125
2023-06-27,AAPL,339,185.30018615722656
2023-06-27,NVDA,1523,41.74786376953125
2023-06-27,AMZN,482,129.17999267578125
2023-06-28,GLD,599,177.27999877929688
2023-06-28,MSFT,190,327.4706115722656
2023-06-28,AAPL,335,186.47274780273438
2023-06-28,NVDA,1528,40.991188049316406
2023-06-28,AMZN,481,129.0399932861328
2023-06-29,GLD,605,177.08999633789062
2023-06-29,MSFT,190,326.6904602050781
2023-06-29,AAPL,334,186.80772399902344
2023-06-29,NVDA,1499,40.69709014892578
2023-06-29,AMZN,482,127.9000015258789
2023-06-30,GLD,604,178.27000427246094
2023-06-30,MSFT,190,332.0435485839844
2023-06-30,AAPL,332,191.12347412109375
2023-06-30,NVDA,1505,42.17256546020508
2023-06-30,AMZN,483,130.36000061035156
2023-07-03,GLD,605,178.47000122070312
2023-07-03,MSFT,190,329.5571594238281
2023-07-03,AAPL,331,189.6356201171875
2023-07-03,NVDA,1490,42.28322219848633
2023-07-03,AMZN,483,130.22000122070312
2023-07-05,GLD,601,177.83999633789062
2023-07-05,MSFT,192,329.71319580078125
2023-07-05,AAPL,332,188.522216796875
2023-07-05,NVDA,1495,42.18751907348633
2023-07-05,AMZN,483,130.3800048828125
2023-07-06,GLD,602,177.30999755859375
2023-07-06,MSFT,190,332.75537109375
2023-07-06,AAPL,333,188.99513244628906
2023-07-06,NVDA,1495,41.97417068481445
2023-07-06,AMZN,486,128.36000061035156
2023-07-07,GLD,603,178.63999938964844
2023-07-07,MSFT,190,328.8063659667969
2023-07-07,AAPL,333,187.88174438476562
2023-07-07,NVDA,1488,42.372947692871094
2023-07-07,AMZN,488,129.77999877929688
2023-07-10,GLD,602,178.77999877929688
2023-07-10,MSFT,191,323.55084228515625
2023-07-10,AAPL,335,185.84214782714844
2023-07-10,NVDA,1473,42.050933837890625
2023-07-10,AMZN,486,127.12999725341797
2023-07-11,GLD,597,179.4499969482422
2023-07-11,MSFT,193,324.1748352050781
2023-07-11,AAPL,335,185.31988525390625
2023-07-11,NVDA,1475,42.275245666503906
2023-07-11,AMZN,489,128.77999877929688
2023-07-12,GLD,597,181.8800048828125
2023-07-12,MSFT,193,328.786865234375
2023-07-12,AAPL,337,186.98509216308594
2023-07-12,NVDA,1473,43.767662048339844
2023-07-12,AMZN,485,130.8000030517578
2023-07-13,GLD,602,182.00999450683594
2023-07-13,MSFT,193,334.1106872558594
2023-07-13,AAPL,340,187.74378967285156
2023-07-13,NVDA,1442,45.83631896972656
2023-07-13,AMZN,478,134.3000030517578
2023-07-14,GLD,610,181.42999267578125
2023-07-14,MSFT,191,336.62628173828125
2023-07-14,AAPL,344,187.89158630371094
2023-07-14,NVDA,1392,45.32987594604492
2023-07-14,AMZN,482,134.67999267578125
2023-07-17,GLD,611,181.55999755859375
2023-07-17,MSFT,191,337.10406494140625
2023-07-17,AAPL,342,191.14317321777344
2023-07-17,NVDA,1399,46.3188362121582
2023-07-17,AMZN,481,133.55999755859375
2023-07-18,GLD,608,183.63999938964844
2023-07-18,MSFT,192,350.520751953125
2023-07-18,AAPL,341,190.8870086669922
2023-07-18,NVDA,1392,47.348670959472656
2023-07-18,AMZN,488,132.8300018310547
2023-07-19,GLD,612,183.6699981689453
2023-07-19,MSFT,186,346.22076416015625
2023-07-19,AAPL,344,192.2368621826172
2023-07-19,NVDA,1385,46.932945251464844
2023-07-19,AMZN,491,135.36000061035156
2023-07-20,GLD,610,182.74000549316406
2023-07-20,MSFT,189,338.215576171875
2023-07-20,AAPL,340,190.29579162597656
2023-07-20,NVDA,1407,45.38072204589844
2023-07-20,AMZN,487,129.9600067138672
2023-07-21,GLD,608,182.17999267578125
2023-07-21,MSFT,189,335.1929626464844
2023-07-21,AAPL,338,189.12327575683594
2023-07-21,NVDA,1414,44.17341995239258
2023-07-21,AMZN,491,130.0
2023-07-24,GLD,604,181.39999389648438
2023-07-24,MSFT,190,336.49951171875
2023-07-24,AAPL,337,189.9213409423828
2023-07-24,NVDA,1438,44.475502014160156
2023-07-24,AMZN,492,128.8000030517578
2023-07-25,GLD,604,182.41000366210938
2023-07-25,MSFT,190,342.22308349609375
2023-07-25,AAPL,337,190.778564453125
2023-07-25,NVDA,1431,45.53923797607422
2023-07-25,AMZN,495,129.1300048828125
2023-07-26,GLD,602,183.3000030517578
2023-07-26,MSFT,192,329.3426818847656
2023-07-26,AAPL,336,191.6456756591797
2023-07-26,NVDA,1397,45.31291961669922
2023-07-26,AMZN,506,128.14999389648438
2023-07-27,GLD,608,180.4199981689453
2023-07-27,MSFT,194,322.4685363769531
2023-07-27,AAPL,335,190.3844451904297
2023-07-27,NVDA,1392,45.759559631347656
2023-07-27,AMZN,493,128.25
2023-07-28,GLD,607,181.86000061035156
2023-07-28,MSFT,197,329.92767333984375
2023-07-28,AAPL,335,192.9561767578125
2023-07-28,NVDA,1380,46.60694885253906
2023-07-28,AMZN,494,132.2100067138672
2023-07-31,GLD,608,182.35000610351562
2023-07-31,MSFT,197,327.538818359375
2023-07-31,AAPL,335,193.56707763671875
2023-07-31,NVDA,1388,46.586021423339844
2023-07-31,AMZN,486,133.67999267578125
2023-08-01,GLD,611,180.4600067138672
2023-08-01,MSFT,197,327.94830322265625
2023-08-01,AAPL,334,192.73936462402344
2023-08-01,NVDA,1392,46.36469268798828
2023-08-01,AMZN,483,131.69000244140625
2023-08-02,GLD,608,179.60000610351562
2023-08-02,MSFT,197,319.328857421875
2023-08-02,AAPL,333,189.7538299560547
2023-08-02,NVDA,1399,44.133541107177734
2023-08-02,AMZN,491,128.2100067138672
2023-08-03,GLD,600,179.5399932861328
2023-08-03,MSFT,197,318.5098876953125
2023-08-03,AAPL,333,188.36451721191406
2023-08-03,NVDA,1437,44.37879180908203
2023-08-03,AMZN,492,128.91000366210938
2023-08-04,GLD,609,180.19000244140625
2023-08-04,MSFT,197,319.60186767578125
2023-08-04,AAPL,350,179.31927490234375
2023-08-04,NVDA,1428,44.54329299926758
2023-08-04,AMZN,454,139.57000732421875
2023-08-07,GLD,1011,179.77999877929688
2023-08-08,GLD,610,178.63999938964844
2023-08-08,MSFT,199,317.9150695800781
2023-08-08,AAPL,358,177.16139221191406
2023-08-08,NVDA,1420,44.52733612060547
2023-08-08,AMZN,451,139.94000244140625
2023-08-09,GLD,609,177.7899932861328
2023-08-09,MSFT,199,314.19036865234375
2023-08-09,AAPL,356,175.57505798339844
2023-08-09,NVDA,1436,42.42379379272461
2023-08-09,AMZN,452,137.85000610351562
2023-08-10,GLD,604,177.60000610351562
2023-08-10,MSFT,198,314.8728942871094
2023-08-10,AAPL,355,175.3582763671875
2023-08-10,NVDA,1491,42.25829315185547
2023-08-10,AMZN,451,138.55999755859375
2023-08-11,GLD,600,177.60000610351562
2023-08-11,MSFT,199,313.0008239746094
2023-08-11,AAPL,355,175.41748046875
2023-08-11,NVDA,1493,40.72998809814453
2023-08-11,AMZN,452,138.41000366210938
2023-08-14,GLD,201,177.05999755859375
2023-08-14,MSFT,232,315.95526123046875
2023-08-14,AAPL,566,177.06517028808594
2023-08-14,NVDA,1206,43.61912155151367
2023-08-14,AMZN,527,140.57000732421875
2023-08-15,GLD,203,176.58999633789062
2023-08-15,MSFT,235,313.82958984375
2023-08-15,AAPL,573,175.0819854736328
2023-08-15,NVDA,1670,43.80554962158203
2023-08-15,AMZN,529,137.6699981689453
2023-08-16,GLD,606,175.57000732421875
2023-08-16,MSFT,200,313.06744384765625
2023-08-16,AAPL,358,174.21376037597656
2023-08-16,NVDA,1409,43.352935791015625
2023-08-16,AMZN,456,135.07000732421875
2023-08-17,GLD,605,175.3000030517578
2023-08-17,MSFT,199,309.6280212402344
2023-08-17,AAPL,357,171.67803955078125
2023-08-17,NVDA,1419,43.21137619018555
2023-08-17,AMZN,459,133.97999572753906
2023-08-18,GLD,597,175.3300018310547
2023-08-18,MSFT,199,309.2371826171875
2023-08-18,AAPL,359,172.1614990234375
2023-08-18,NVDA,1438,43.1665153503418
2023-08-18,AMZN,464,133.22000122070312
2023-08-21,GLD,604,175.80999755859375
2023-08-21,MSFT,199,314.51361083984375
2023-08-21,AAPL,359,173.4934539794922
2023-08-21,NVDA,1398,46.82328796386719
2023-08-21,AMZN,464,134.67999267578125
2023-08-22,GLD,616,176.10000610351562
2023-08-22,MSFT,199,315.080322265625
2023-08-22,AAPL,361,174.8649139404297
2023-08-22,NVDA,1318,45.52825927734375
2023-08-22,AMZN,467,134.25
2023-08-23,GLD,608,177.88999938964844
2023-08-23,MSFT,199,319.51641845703125
2023-08-23,AAPL,357,178.70301818847656
2023-08-23,NVDA,1375,46.971839904785156
2023-08-23,AMZN,467,135.52000427246094
2023-08-24,GLD,208,177.85000610351562
2023-08-24,MSFT,233,312.6473083496094
2023-08-24,AAPL,580,174.02627563476562
2023-08-24,NVDA,1515,47.01868438720703
2023-08-24,AMZN,556,131.83999633789062
2023-08-25,GLD,603,177.6199951171875
2023-08-25,MSFT,200,315.5884704589844
2023-08-25,AAPL,358,176.2265167236328
2023-08-25,NVDA,1335,45.877193450927734
2023-08-25,AMZN,473,133.25999450683594
2023-08-28,GLD,203,178.1300048828125
2023-08-28,MSFT,232,316.2919616699219
2023-08-28,AAPL,568,177.78541564941406
2023-08-28,NVDA,1598,46.691688537597656
2023-08-28,AMZN,553,133.13999938964844
2023-08-29,GLD,202,179.8699951171875
2023-08-29,MSFT,234,320.8941345214844
2023-08-29,AAPL,568,181.66297912597656
2023-08-29,NVDA,1589,48.634727478027344
2023-08-29,AMZN,553,134.91000366210938
2023-08-30,GLD,203,180.32000732421875
2023-08-30,MSFT,235,321.2654724121094
2023-08-30,AAPL,566,185.1458740234375
2023-08-30,NVDA,1548,49.11326599121094
2023-08-30,AMZN,560,135.07000732421875
2023-08-31,GLD,204,180.02000427246094
2023-08-31,MSFT,236,320.2590637207031
2023-08-31,AAPL,560,185.36294555664062
2023-08-31,NVDA,1546,49.20398712158203
2023-08-31,AMZN,563,138.00999450683594
2023-09-01,GLD,206,180.11000061035156
2023-09-01,MSFT,237,321.1384582519531
2023-09-01,AAPL,561,186.93174743652344
2023-09-01,NVDA,1550,48.360565185546875
2023-09-01,AMZN,552,138.1199951171875
2023-09-05,GLD,206,178.63999938964844
2023-09-05,MSFT,237,325.91644287109375
2023-09-05,AAPL,559,187.16854858398438
2023-09-05,NVDA,1581,48.399452209472656
2023-09-05,AMZN,552,137.27000427246094
2023-09-06,GLD,206,177.8300018310547
2023-09-06,MSFT,234,325.2618713378906
2023-09-06,AAPL,559,180.46914672851562
2023-09-06,NVDA,1577,46.92086410522461
2023-09-06,AMZN,558,135.36000061035156
2023-09-07,GLD,201,178.02000427246094
2023-09-07,MSFT,228,322.3598327636719
2023-09-07,AAPL,580,175.19053649902344
2023-09-07,NVDA,1620,46.103309631347656
2023-09-07,AMZN,550,137.85000610351562
2023-09-08,GLD,201,178.0800018310547
2023-09-08,MSFT,230,326.6200866699219
2023-09-08,AAPL,576,175.80224609375
2023-09-08,NVDA,1621,45.43629837036133
2023-09-08,AMZN,543,138.22999572753906
2023-09-11,GLD,203,178.41000366210938
2023-09-11,MSFT,228,330.2060852050781
2023-09-11,AAPL,576,176.96652221679688
2023-09-11,NVDA,544,45.04347229003906
2023-09-11,AMZN,541,143.10000610351562
2023-09-12,GLD,205,177.49000549316406
2023-09-12,MSFT,228,324.17718505859375
2023-09-12,AAPL,578,173.94732666015625
2023-09-12,NVDA,1682,44.73638916015625
2023-09-12,AMZN,528,141.22999572753906
2023-09-13,GLD,204,177.0800018310547
2023-09-13,MSFT,229,328.3690490722656
2023-09-13,AAPL,582,171.88523864746094
2023-09-13,NVDA,1674,45.34955596923828
2023-09-13,AMZN,528,144.85000610351562
2023-09-14,GLD,206,177.1699981689453
2023-09-14,MSFT,228,330.94866943359375
2023-09-14,AAPL,597,173.39480590820312
2023-09-14,NVDA,1643,45.44527053833008
2023-09-14,AMZN,519,144.72000122070312
2023-09-15,GLD,204,178.33999633789062
2023-09-15,MSFT,228,322.6627502441406
2023-09-15,AAPL,589,172.67454528808594
2023-09-15,NVDA,1660,43.7692756652832
2023-09-15,AMZN,526,140.38999938964844
2023-09-18,GLD,200,179.38999938964844
2023-09-18,MSFT,230,321.5292053222656
2023-09-18,AAPL,578,175.59506225585938
2023-09-18,NVDA,1729,43.835086822509766
2023-09-18,AMZN,525,139.97999572753906
2023-09-19,GLD,200,179.22000122070312
2023-09-19,MSFT,232,321.128662109375
2023-09-19,AAPL,576,176.680419921875
2023-09-19,NVDA,1693,43.390411376953125
2023-09-19,AMZN,533,137.6300048828125
2023-09-20,GLD,200,179.35000610351562
2023-09-20,MSFT,231,313.428955078125
2023-09-20,AAPL,572,173.1481475830078
2023-09-20,NVDA,1706,42.11322021484375
2023-09-20,AMZN,535,135.2899932861328
2023-09-21,GLD,588,178.0500030517578
2023-09-21,MSFT,196,312.21734619140625
2023-09-21,AAPL,355,171.60894775390625
2023-09-21,AMZN,463,129.3300018310547
2023-09-22,GLD,976,178.6199951171875
2023-09-25,GLD,587,177.6999969482422
2023-09-25,MSFT,197,310.27294921875
2023-09-25,AAPL,355,173.73028564453125
2023-09-25,NVDA,1472,42.09627151489258
2023-09-25,AMZN,471,131.27000427246094
2023-09-26,GLD,591,176.27999877929688
2023-09-26,MSFT,198,304.9965515136719
2023-09-26,AAPL,354,169.665283203125
2023-09-26,NVDA,1458,41.78620147705078
2023-09-26,AMZN,470,125.9800033569336
2023-09-27,GLD,985,174.10000610351562
2023-09-28,GLD,989,173.22999572753906
2023-09-29,GLD,594,171.4499969482422
2023-09-29,MSFT,193,308.52386474609375
2023-09-29,AAPL,354,168.92529296875
2023-09-29,NVDA,1377,43.36947250366211
2023-09-29,AMZN,469,127.12000274658203
2023-10-02,GLD,601,169.64999389648438
2023-10-02,MSFT,193,314.43536376953125
2023-10-02,AAPL,354,171.43136596679688
2023-10-02,NVDA,1362,44.648658752441406
2023-10-02,AMZN,469,129.4600067138672
2023-10-03,GLD,608,169.16000366210938
2023-10-03,MSFT,192,306.2178649902344
2023-10-03,AAPL,354,170.09939575195312
2023-10-03,NVDA,1345,43.38741683959961
2023-10-03,AMZN,469,124.72000122070312
2023-10-04,GLD,1003,169.13999938964844
2023-10-05,GLD,603,168.8300018310547
2023-10-05,MSFT,190,312.05120849609375
2023-10-05,AAPL,346,172.5758819580078
2023-10-05,NVDA,1351,44.554931640625
2023-10-05,AMZN,468,125.95999908447266
2023-10-06,GLD,600,169.6999969482422
2023-10-06,MSFT,191,319.7705383300781
2023-10-06,AAPL,345,175.12147521972656
2023-10-06,NVDA,1343,45.62574005126953
2023-10-06,AMZN,476,127.95999908447266
2023-10-09,GLD,601,172.82000732421875
2023-10-09,MSFT,190,322.27191162109375
2023-10-09,AAPL,345,176.6014404296875
2023-10-09,NVDA,1343,45.138187408447266
2023-10-09,AMZN,476,128.25999450683594
2023-10-10,GLD,604,172.52999877929688
2023-10-10,MSFT,188,320.87457275390625
2023-10-10,AAPL,345,176.0094451904297
2023-10-10,NVDA,1343,45.66162872314453
2023-10-10,AMZN,471,129.47999572753906
2023-10-11,GLD,604,173.7899932861328
2023-10-11,MSFT,188,324.8124084472656
2023-10-11,AAPL,347,177.40061950683594
2023-10-11,NVDA,1327,46.666629791259766
2023-10-11,AMZN,471,131.8300018310547
2023-10-12,GLD,605,173.25999450683594
2023-10-12,MSFT,190,323.58123779296875
2023-10-12,AAPL,347,178.29849243164062
2023-10-12,NVDA,1319,46.805213928222656
2023-10-12,AMZN,466,132.3300018310547
2023-10-13,GLD,601,178.8300018310547
2023-10-13,MSFT,190,320.229736328125
2023-10-13,AAPL,347,176.46331787109375
2023-10-13,NVDA,1324,45.32563018798828
2023-10-13,AMZN,466,129.7899932861328
2023-10-16,GLD,591,177.9600067138672
2023-10-16,MSFT,190,325.02734375
2023-10-16,AAPL,351,176.33506774902344
2023-10-16,NVDA,1362,45.95774459838867
2023-10-16,AMZN,468,132.5500030517578
2023-10-17,GLD,587,178.2899932861328
2023-10-17,MSFT,190,324.4605712890625
2023-10-17,AAPL,350,174.78599548339844
2023-10-17,NVDA,1390,43.807159423828125
2023-10-17,AMZN,468,131.47000122070312
2023-10-18,GLD,578,180.8699951171875
2023-10-18,MSFT,188,322.5552062988281
2023-10-18,AAPL,351,173.4934539794922
2023-10-18,NVDA,1434,42.07035446166992
2023-10-18,AMZN,468,128.1300048828125
2023-10-19,GLD,578,183.08999633789062
2023-10-19,MSFT,188,323.737548828125
2023-10-19,AAPL,351,173.11856079101562
2023-10-19,NVDA,954,41.97563934326172
2023-10-19,AMZN,468,128.39999389648438
2023-10-20,GLD,569,183.58999633789062
2023-10-20,MSFT,188,319.1939697265625
2023-10-20,AAPL,351,170.57301330566406
2023-10-20,NVDA,1457,41.263771057128906
2023-10-20,AMZN,475,125.16999816894531
2023-10-23,GLD,281,182.97000122070312
2023-10-23,MSFT,229,321.7833557128906
2023-10-23,AAPL,432,170.69137573242188
2023-10-23,NVDA,1773,42.8470344543457
2023-10-23,AMZN,584,126.55999755859375
2023-10-24,GLD,287,182.9499969482422
2023-10-24,MSFT,229,322.965576171875
2023-10-24,AAPL,434,171.12550354003906
2023-10-24,NVDA,1729,43.53297424316406
2023-10-24,AMZN,582,128.55999755859375
2023-10-25,GLD,574,183.72000122070312
2023-10-25,MSFT,183,332.8735656738281
2023-10-25,AAPL,363,168.81675720214844
2023-10-25,NVDA,1422,41.65458679199219
2023-10-25,AMZN,489,121.38999938964844
2023-10-26,GLD,943,184.00999450683594
2023-10-26,MSFT,78,320.385986328125
2023-10-26,AAPL,155,164.66290283203125
2023-10-26,NVDA,622,40.2059211730957
2023-10-26,AMZN,216,119.56999969482422
2023-10-27,GLD,941,186.14999389648438
2023-10-27,MSFT,80,322.2620544433594
2023-10-27,AAPL,157,165.97518920898438
2023-10-27,NVDA,211,40.379398345947266
2023-10-27,AMZN,137,127.73999786376953
2023-10-30,GLD,939,185.10000610351562
2023-10-30,MSFT,80,329.5904541015625
2023-10-30,AAPL,157,168.0175323486328
2023-10-30,NVDA,637,41.03843688964844
2023-10-30,AMZN,201,132.7100067138672
2023-10-31,GLD,941,184.08999633789062
2023-10-31,MSFT,79,330.37213134765625
2023-10-31,AAPL,157,168.49114990234375
2023-10-31,NVDA,647,40.658565521240234
2023-10-31,AMZN,197,133.08999633789062
2023-11-01,GLD,946,183.50999450683594
2023-11-01,MSFT,79,338.1500244140625
2023-11-01,AAPL,155,171.64840698242188
2023-11-01,NVDA,641,42.198970794677734
2023-11-01,AMZN,195,137.0
2023-11-02,GLD,574,184.1199951171875
2023-11-02,MSFT,181,340.3485107421875
2023-11-02,AAPL,355,175.2003936767578
2023-11-02,NVDA,1424,43.3764533996582
2023-11-02,AMZN,443,138.07000732421875
2023-11-03,GLD,574,184.7899932861328
2023-11-03,MSFT,181,344.7259216308594
2023-11-03,AAPL,359,174.29266357421875
2023-11-03,NVDA,1407,44.87099075317383
2023-11-03,AMZN,444,138.60000610351562
2023-11-06,GLD,579,183.35000610351562
2023-11-06,MSFT,181,348.3705749511719
2023-11-06,AAPL,358,176.83822631835938
2023-11-06,NVDA,1378,45.614768981933594
2023-11-06,AMZN,448,139.74000549316406
2023-11-07,GLD,197,182.58999633789062
2023-11-07,MSFT,210,352.27899169921875
2023-11-07,AAPL,568,179.39369201660156
2023-11-07,NVDA,1617,45.81816482543945
2023-11-07,AMZN,524,142.7100067138672
2023-11-08,GLD,595,180.77000427246094
2023-11-08,MSFT,179,354.887939453125
2023-11-08,AAPL,352,180.4494171142578
2023-11-08,NVDA,1376,46.43531799316406
2023-11-08,AMZN,443,142.0800018310547
2023-11-09,GLD,600,181.49000549316406
2023-11-09,MSFT,179,352.4354248046875
2023-11-09,AAPL,352,179.975830078125
2023-11-09,NVDA,1340,46.81019973754883
2023-11-09,AMZN,446,140.60000610351562
2023-11-10,GLD,601,179.50999450683594
2023-11-10,MSFT,179,361.2098693847656
2023-11-10,AAPL,349,184.15484619140625
2023-11-10,NVDA,1337,48.191070556640625
2023-11-10,AMZN,450,143.55999755859375
2023-11-13,GLD,609,180.50999450683594
2023-11-13,MSFT,178,358.288330078125
2023-11-13,AAPL,348,182.57412719726562
2023-11-13,NVDA,1324,48.475223541259766
2023-11-13,AMZN,449,142.58999633789062
2023-11-14,GLD,609,182.1199951171875
2023-11-14,MSFT,178,361.796142578125
2023-11-14,AAPL,348,185.18234252929688
2023-11-14,NVDA,1306,49.50813293457031
2023-11-14,AMZN,446,145.8000030517578
2023-11-15,GLD,611,181.63999938964844
2023-11-15,MSFT,178,361.94305419921875
2023-11-15,AAPL,349,185.74546813964844
2023-11-15,NVDA,1304,48.7424201965332
2023-11-15,AMZN,442,143.1999969482422
2023-11-16,GLD,604,183.69000244140625
2023-11-16,MSFT,178,368.3071594238281
2023-11-16,AAPL,344,187.42498779296875
2023-11-16,NVDA,1326,49.332664489746094
2023-11-16,AMZN,456,142.8300018310547
2023-11-17,GLD,604,183.6699981689453
2023-11-17,MSFT,178,362.1192321777344
2023-11-17,AAPL,345,187.4052276611328
2023-11-17,NVDA,1315,49.15121078491211
2023-11-17,AMZN,455,145.17999267578125
2023-11-20,GLD,609,183.3699951171875
2023-11-20,MSFT,178,369.5505676269531
2023-11-20,AAPL,345,189.14404296875
2023-11-20,NVDA,1317,50.2588996887207
2023-11-20,AMZN,447,146.1300048828125
2023-11-21,GLD,605,185.35000610351562
2023-11-21,MSFT,178,365.2719421386719
2023-11-21,AAPL,345,188.34378051757812
2023-11-21,NVDA,1309,49.79527282714844
2023-11-21,AMZN,454,143.89999389648438
2023-11-22,GLD,605,184.55999755859375
2023-11-22,MSFT,177,369.9520263671875
2023-11-22,AAPL,345,189.00570678710938
2023-11-22,NVDA,1316,48.57093811035156
2023-11-22,AMZN,453,146.7100067138672
2023-11-24,GLD,804,185.52000427246094
2023-11-24,MSFT,101,369.5408020019531
2023-11-24,AAPL,198,187.68185424804688
2023-11-24,NVDA,772,47.63373947143555
2023-11-24,AMZN,255,146.74000549316406
2023-11-27,GLD,801,186.77000427246094
2023-11-27,MSFT,101,370.6961364746094
2023-11-27,AAPL,198,187.50401306152344
2023-11-27,AMZN,253,147.72999572753906
2023-11-28,GLD,598,189.25999450683594
2023-11-28,MSFT,176,374.70068359375
2023-11-28,AAPL,349,188.10670471191406
2023-11-28,AMZN,445,147.02999877929688
2023-11-28,NVDA,1361,47.67860412597656
2023-11-29,GLD,598,189.5399932861328
2023-11-29,MSFT,176,370.9311218261719
2023-11-29,AAPL,349,187.08908081054688
2023-11-29,AMZN,445,146.32000732421875
2023-11-29,NVDA,1365,47.996646881103516
2023-11-30,GLD,594,188.75
2023-11-30,MSFT,176,370.9898986816406
2023-11-30,AAPL,349,187.662109375
2023-11-30,AMZN,451,146.08999633789062
2023-11-30,NVDA,1365,46.6307258605957
2023-12-01,GLD,788,192.00999450683594
2023-12-01,MSFT,101,366.6818542480469
2023-12-01,AAPL,198,188.93658447265625
2023-12-01,AMZN,255,147.02999877929688
2023-12-01,NVDA,803,46.6257438659668
2023-12-04,GLD,784,187.86000061035156
2023-12-04,MSFT,102,361.4241027832031
2023-12-04,AAPL,198,187.14834594726562
2023-12-04,AMZN,255,144.83999633789062
2023-12-04,NVDA,808,45.374481201171875
2023-12-05,GLD,591,187.14999389648438
2023-12-05,MSFT,179,364.7334289550781
2023-12-05,AAPL,343,191.09030151367188
2023-12-05,AMZN,449,146.8800048828125
2023-12-05,NVDA,1423,46.431427001953125
2023-12-06,GLD,598,187.83999633789062
2023-12-06,MSFT,179,361.0912170410156
2023-12-06,AAPL,343,190.00355529785156
2023-12-06,AMZN,446,144.52000427246094
2023-12-06,NVDA,1396,45.371490478515625
2023-12-07,GLD,593,188.14999389648438
2023-12-07,MSFT,180,363.1962585449219
2023-12-07,AAPL,341,191.93008422851562
2023-12-07,AMZN,446,146.8800048828125
2023-12-07,NVDA,1428,46.461334228515625
2023-12-08,GLD,600,185.63999938964844
2023-12-08,MSFT,180,366.4077453613281
2023-12-08,AAPL,340,193.3527374267578
2023-12-08,AMZN,447,147.4199981689453
2023-12-08,NVDA,1401,47.36870574951172
2023-12-11,GLD,806,183.58999633789062
2023-12-11,MSFT,104,363.5389099121094
2023-12-11,AAPL,195,190.85317993164062
2023-12-11,AMZN,256,145.88999938964844
2023-12-11,NVDA,786,46.49224090576172
2023-12-12,GLD,806,183.49000549316406
2023-12-12,MSFT,103,366.5545959472656
2023-12-12,AAPL,195,192.36477661132812
2023-12-12,AMZN,255,147.47999572753906
2023-12-12,NVDA,807,47.51926803588867
2023-12-13,GLD,811,187.6300048828125
2023-12-13,MSFT,102,366.5447692871094
2023-12-13,AAPL,194,195.5756378173828
2023-12-13,AMZN,252,148.83999633789062
2023-12-13,NVDA,786,47.949031829833984
2023-12-14,GLD,801,188.72999572753906
2023-12-14,MSFT,103,358.28118896484375
2023-12-14,AAPL,194,195.7238006591797
2023-12-14,AMZN,252,147.4199981689453
2023-12-14,NVDA,784,48.210262298583984
2023-12-15,GLD,799,187.0
2023-12-15,MSFT,104,362.9808654785156
2023-12-15,AAPL,193,195.19032287597656
2023-12-15,AMZN,253,149.97000122070312
2023-12-15,NVDA,784,48.74869918823242
2023-12-18,GLD,804,187.85000610351562
2023-12-18,MSFT,104,364.8607177734375
2023-12-18,AAPL,194,193.53054809570312
2023-12-18,AMZN,251,154.07000732421875
2023-12-18,NVDA,766,49.932281494140625
2023-12-19,GLD,804,189.1300048828125
2023-12-19,MSFT,104,365.4579772949219
2023-12-19,AAPL,195,194.56788635253906
2023-12-19,AMZN,246,153.7899932861328
2023-12-19,NVDA,768,49.460636138916016
2023-12-20,GLD,804,188.10000610351562
2023-12-20,MSFT,104,362.8731994628906
2023-12-20,AAPL,195,192.48330688476562
2023-12-20,AMZN,248,152.1199951171875
2023-12-20,NVDA,767,47.971954345703125
2023-12-21,GLD,601,189.42999267578125
2023-12-21,MSFT,181,365.7321472167969
2023-12-21,AAPL,342,192.33509826660156
2023-12-21,AMZN,432,153.83999633789062
2023-12-21,NVDA,1362,48.84842300415039
2023-12-22,GLD,597,190.27000427246094
2023-12-22,MSFT,182,366.75042724609375
2023-12-22,AAPL,345,191.2681427001953
2023-12-22,AMZN,433,153.4199981689453
2023-12-22,NVDA,1359,48.688873291015625
2023-12-26,GLD,597,191.72000122070312
2023-12-26,MSFT,181,366.82867431640625
2023-12-26,AAPL,347,190.72476196289062
2023-12-26,AMZN,433,153.41000366210938
2023-12-26,NVDA,1361,49.13657760620117
2023-12-27,GLD,793,192.58999633789062
2023-12-27,MSFT,104,366.25103759765625
2023-12-27,AAPL,200,190.82354736328125
2023-12-27,AMZN,248,153.33999633789062
2023-12-27,NVDA,771,49.27418899536133
2023-12-28,GLD,793,191.47000122070312
2023-12-28,MSFT,104,367.43572998046875
2023-12-28,AAPL,199,191.2483673095703
2023-12-28,AMZN,248,153.3800048828125
2023-12-28,NVDA,771,49.378875732421875
2023-12-29,GLD,796,191.1699981689453
2023-12-29,MSFT,104,368.1798400878906
2023-12-29,AAPL,199,190.21102905273438
2023-12-29,AMZN,248,151.94000244140625
2023-12-29,NVDA,766,49.378875732421875
2024-01-02,GLD,791,190.72000122070312
2024-01-02,MSFT,104,363.1179504394531
2024-01-02,AAPL,204,183.4039764404297
2024-01-02,AMZN,249,149.92999267578125
2024-01-02,NVDA,770,48.02878952026367
2024-01-03,GLD,595,189.1300048828125
2024-01-03,MSFT,181,362.8535461425781
2024-01-03,AAPL,359,182.03074645996094
2024-01-03,AMZN,438,148.47000122070312
2024-01-03,NVDA,1381,47.431522369384766
2024-01-04,GLD,592,189.32000732421875
2024-01-04,MSFT,180,360.2491760253906
2024-01-04,AAPL,362,179.71896362304688
2024-01-04,AMZN,447,144.57000732421875
2024-01-04,NVDA,1369,47.85928726196289
2024-01-05,GLD,590,189.35000610351562
2024-01-05,MSFT,180,360.0631408691406
2024-01-05,AAPL,363,178.99774169921875
2024-01-05,AMZN,451,145.24000549316406
2024-01-05,NVDA,1351,48.955101013183594
2024-01-08,GLD,599,187.8699951171875
2024-01-08,MSFT,180,366.85809326171875
2024-01-08,AAPL,363,183.32496643066406
2024-01-08,AMZN,446,149.10000610351562
2024-01-08,NVDA,1326,52.10198211669922
2024-01-09,GLD,603,187.92999267578125
2024-01-09,MSFT,182,367.9350891113281
2024-01-09,AAPL,365,182.91004943847656
2024-01-09,AMZN,448,151.3699951171875
2024-01-09,NVDA,1272,52.98641586303711
2024-01-10,GLD,611,187.5
2024-01-10,MSFT,182,374.7691650390625
2024-01-10,AAPL,368,183.94737243652344
2024-01-10,AMZN,441,153.72999572753906
2024-01-10,NVDA,1255,54.19292449951172
2024-01-11,GLD,619,187.8699951171875
2024-01-11,MSFT,180,376.59033203125
2024-01-11,AAPL,368,183.35459899902344
2024-01-11,AMZN,439,155.17999267578125
2024-01-11,NVDA,1239,54.66355895996094
2024-01-12,GLD,613,189.7100067138672
2024-01-12,MSFT,180,380.3500671386719
2024-01-12,AAPL,370,183.68064880371094
2024-01-12,AMZN,439,154.6199951171875
2024-01-12,NVDA,1250,54.5518913269043
2024-01-16,GLD,615,187.91000366210938
2024-01-16,MSFT,177,382.1123962402344
2024-01-16,AAPL,377,181.41822814941406
2024-01-16,AMZN,442,153.16000366210938
2024-01-16,NVDA,1238,56.21904754638672
2024-01-17,GLD,618,185.83999633789062
2024-01-17,MSFT,178,381.3290710449219
2024-01-17,AAPL,377,180.47967529296875
2024-01-17,AMZN,446,151.7100067138672
2024-01-17,NVDA,1204,55.89100646972656
2024-01-18,GLD,627,187.3699951171875
2024-01-18,MSFT,178,385.6371154785156
2024-01-18,AAPL,371,186.35797119140625
2024-01-18,AMZN,446,153.5
2024-01-18,NVDA,1195,56.94195556640625
2024-01-19,GLD,627,187.92999267578125
2024-01-19,MSFT,178,390.3367919921875
2024-01-19,AAPL,369,189.25271606445312
2024-01-19,AMZN,447,155.33999633789062
2024-01-19,NVDA,1192,59.31906509399414
2024-01-22,GLD,637,187.22000122070312
2024-01-22,MSFT,178,388.22198486328125
2024-01-22,AAPL,367,191.55462646484375
2024-01-22,AMZN,444,154.77999877929688
2024-01-22,NVDA,1164,59.48160171508789
2024-01-23,GLD,636,187.9499969482422
2024-01-23,MSFT,179,390.5620422363281
2024-01-23,AAPL,361,192.82911682128906
2024-01-23,AMZN,448,156.02000427246094
2024-01-23,NVDA,1169,59.69995880126953
2024-01-24,GLD,638,186.39999389648438
2024-01-24,MSFT,179,394.1455078125
2024-01-24,AAPL,363,192.15728759765625
2024-01-24,AMZN,445,156.8699951171875
2024-01-24,NVDA,1166,61.184661865234375
2024-01-25,GLD,644,187.13999938964844
2024-01-25,MSFT,178,396.4072265625
2024-01-25,AAPL,364,191.83128356933594
2024-01-25,AMZN,448,157.75
2024-01-25,NVDA,1133,61.43891906738281
2024-01-26,GLD,643,187.00999450683594
2024-01-26,MSFT,178,395.4869079589844
2024-01-26,AAPL,365,190.1023406982422
2024-01-26,AMZN,443,159.1199951171875
2024-01-26,NVDA,1154,60.8546142578125
2024-01-29,GLD,641,188.3300018310547
2024-01-29,MSFT,177,401.1558532714844
2024-01-29,AAPL,370,189.420654296875
2024-01-29,AMZN,442,161.25999450683594
2024-01-29,NVDA,1152,62.28446960449219
2024-01-30,GLD,641,188.58999633789062
2024-01-30,MSFT,176,400.04949951171875
2024-01-30,AAPL,376,185.77511596679688
2024-01-30,AMZN,442,159.0
2024-01-30,NVDA,1132,62.59257507324219
2024-01-30,IBM,-1561,173.2200469970703
2024-01-31,GLD,636,188.4499969482422
2024-01-31,MSFT,176,389.2696533203125
2024-01-31,AAPL,379,182.17892456054688
2024-01-31,AMZN,446,155.1999969482422
2024-01-31,NVDA,1145,61.34918212890625
2024-01-31,IBM,-1551,169.33831787109375
2024-02-01,GLD,638,190.41000366210938
2024-02-01,MSFT,179,395.3400573730469
2024-02-01,AAPL,388,184.60931396484375
2024-02-01,AMZN,453,159.27999877929688
2024-02-01,NVDA,1142,62.8448486328125
2024-02-01,IBM,-1590,172.32568359375
2024-02-02,GLD,645,188.61000061035156
2024-02-02,MSFT,179,402.6245422363281
2024-02-02,AAPL,398,183.6115264892578
2024-02-02,AMZN,419,171.80999755859375
2024-02-02,NVDA,1111,65.96878814697266
2024-02-02,IBM,-1565,171.30224609375
2024-02-05,GLD,665,187.57000732421875
2024-02-05,MSFT,180,397.1709289550781
2024-02-05,AAPL,391,185.41943359375
2024-02-05,AMZN,426,170.30999755859375
2024-02-05,NVDA,1067,69.13162994384766
2024-02-05,IBM,-1615,169.11705017089844
2024-02-06,GLD,666,188.5500030517578
2024-02-06,MSFT,183,397.0142822265625
2024-02-06,AAPL,396,187.01992797851562
2024-02-06,AMZN,431,169.14999389648438
2024-02-06,NVDA,1054,68.02582550048828
2024-02-06,IBM,-1,169.10784912109375
2024-02-06,META,-606,450.4061584472656
2024-02-07,GLD,671,188.5
2024-02-07,MSFT,184,405.3953857421875
2024-02-07,AAPL,392,187.12860107421875
2024-02-07,AMZN,435,170.52999877929688
2024-02-07,NVDA,1083,69.89640045166016
2024-02-07,META,-619,465.1351013183594
2024-02-08,GLD,889,188.3300018310547
2024-02-08,MSFT,104,405.4541015625
2024-02-08,AAPL,224,186.0517120361328
2024-02-08,AMZN,247,169.83999633789062
2024-02-08,NVDA,599,69.43973541259766
2024-02-08,META,-601,465.5411376953125
2024-02-09,GLD,887,187.60000610351562
2024-02-09,MSFT,103,411.75946044921875
2024-02-09,AAPL,223,186.81341552734375
2024-02-09,AMZN,244,174.4499969482422
2024-02-09,NVDA,592,71.92454528808594
2024-02-09,META,-592,463.6690979003906
2024-02-12,GLD,900,187.11000061035156
2024-02-12,MSFT,102,406.580078125
2024-02-12,AAPL,225,185.13174438476562
2024-02-12,AMZN,241,172.33999633789062
2024-02-12,NVDA,581,72.03919982910156
2024-02-12,META,-603,464.4516296386719
2024-02-13,GLD,681,184.52999877929688
2024-02-13,MSFT,185,397.8269348144531
2024-02-13,AAPL,400,183.0445098876953
2024-02-13,AMZN,438,168.63999938964844
2024-02-13,NVDA,1048,71.91954803466797
2024-02-14,GLD,689,184.4199981689453
2024-02-14,MSFT,185,401.6720886230469
2024-02-14,AAPL,404,182.16412353515625
2024-02-14,AMZN,438,170.97999572753906
2024-02-14,NVDA,1016,73.68641662597656
2024-02-15,GLD,687,185.66000366210938
2024-02-15,MSFT,185,398.7980041503906
2024-02-15,AAPL,409,181.87721252441406
2024-02-15,AMZN,436,169.8000030517578
2024-02-15,NVDA,1010,72.44800567626953
2024-02-16,GLD,687,186.33999633789062
2024-02-16,MSFT,185,396.34576416015625
2024-02-16,AAPL,409,180.34393310546875
2024-02-16,AMZN,439,169.50999450683594
2024-02-16,NVDA,1004,72.40314483642578
2024-02-20,GLD,674,187.47000122070312
2024-02-20,MSFT,186,395.0999450683594
2024-02-20,AAPL,410,179.60205078125
2024-02-20,AMZN,439,167.0800018310547
2024-02-20,NVDA,1029,69.25127410888672
2024-02-21,GLD,668,187.47999572753906
2024-02-21,MSFT,186,394.5016174316406
2024-02-21,AAPL,407,180.35386657714844
2024-02-21,AMZN,434,168.58999633789062
2024-02-21,NVDA,1079,67.27700805664062
2024-02-22,GLD,685,187.55999755859375
2024-02-22,MSFT,186,403.79083251953125
2024-02-22,AAPL,413,182.38172912597656
2024-02-22,AMZN,434,174.5800018310547
2024-02-22,NVDA,1003,78.3110122680664
2024-02-23,GLD,696,188.6199951171875
2024-02-23,MSFT,187,402.505859375
2024-02-23,AAPL,416,180.5517120361328
2024-02-23,AMZN,437,174.99000549316406
2024-02-23,NVDA,947,78.5892105102539
2024-02-26,GLD,693,188.1999969482422
2024-02-26,MSFT,188,399.75933837890625
2024-02-26,AAPL,421,179.2063446044922
2024-02-26,AMZN,433,174.72999572753906
2024-02-26,NVDA,955,78.8634262084961
2024-02-27,GLD,688,188.0
2024-02-27,MSFT,189,399.700439453125
2024-02-27,AAPL,422,180.6605224609375
2024-02-27,AMZN,434,173.5399932861328
2024-02-27,NVDA,955,78.47354888916016
2024-02-28,GLD,686,188.33999633789062
2024-02-28,MSFT,189,399.93597412109375
2024-02-28,AAPL,418,179.4635467529297
2024-02-28,AMZN,437,173.16000366210938
2024-02-28,NVDA,973,77.43856811523438
2024-02-29,GLD,685,189.30999755859375
2024-02-29,MSFT,189,405.742919921875
2024-02-29,AAPL,422,178.80081176757812
2024-02-29,AMZN,437,176.75999450683594
2024-02-29,NVDA,960,78.88336181640625
2024-03-01,GLD,685,192.88999938964844
2024-03-01,MSFT,189,407.5673522949219
2024-03-01,AAPL,428,177.7225341796875
2024-03-01,AMZN,431,178.22000122070312
2024-03-01,NVDA,955,82.04120635986328
2024-03-04,GLD,681,196.00999450683594
2024-03-04,MSFT,189,406.9984436035156
2024-03-04,AAPL,442,173.21173095703125
2024-03-04,AMZN,434,177.5800018310547
2024-03-04,NVDA,919,84.99065399169922
2024-03-05,GLD,671,197.19000244140625
2024-03-05,MSFT,190,394.9627380371094
2024-03-05,AAPL,305,168.285400390625
2024-03-05,AMZN,436,174.1199951171875
2024-03-05,NVDA,908,85.71957397460938
2024-03-06,GLD,669,198.80999755859375
2024-03-06,MSFT,195,394.41339111328125
2024-03-06,AAPL,456,167.29620361328125
2024-03-06,AMZN,439,173.50999450683594
2024-03-06,NVDA,880,88.44779968261719
2024-03-07,GLD,667,199.94000244140625
2024-03-07,MSFT,195,401.32879638671875
2024-03-07,AAPL,463,167.17747497558594
2024-03-07,AMZN,443,176.82000732421875
2024-03-07,NVDA,863,92.405517578125
2024-03-08,GLD,670,201.6300048828125
2024-03-08,MSFT,196,398.4645080566406
2024-03-08,AAPL,469,168.88882446289062
2024-03-08,AMZN,445,175.35000610351562
2024-03-08,NVDA,829,87.27912902832031
2024-03-11,GLD,659,202.0
2024-03-11,MSFT,196,396.7969665527344
2024-03-11,AAPL,454,170.8870391845703
2024-03-11,AMZN,445,171.9600067138672
2024-03-11,NVDA,899,85.5301284790039
2024-03-12,GLD,664,199.7899932861328
2024-03-12,MSFT,195,407.3515319824219
2024-03-12,AAPL,454,171.3618621826172
2024-03-12,AMZN,447,175.38999938964844
2024-03-12,NVDA,885,91.65167236328125
2024-03-13,GLD,671,201.19000244140625
2024-03-13,MSFT,192,407.1749572753906
2024-03-13,AAPL,459,169.28453063964844
2024-03-13,AMZN,447,176.55999755859375
2024-03-13,NVDA,866,90.62957763671875
2024-03-14,GLD,672,200.35000610351562
2024-03-14,MSFT,191,417.101806640625
2024-03-14,AAPL,459,171.13433837890625
2024-03-14,AMZN,443,178.75
2024-03-14,NVDA,879,87.69396209716797
2024-03-15,GLD,669,199.7100067138672
2024-03-15,MSFT,190,408.4698181152344
2024-03-15,AAPL,460,170.75843811035156
2024-03-15,AMZN,442,174.4199981689453
2024-03-15,NVDA,898,87.58727264404297
2024-03-18,GLD,673,200.02999877929688
2024-03-18,MSFT,193,409.3526306152344
2024-03-18,AAPL,452,171.84658813476562
2024-03-18,AMZN,446,174.47999572753906
2024-03-18,NVDA,871,88.2034912109375
2024-03-19,GLD,669,199.8000030517578
2024-03-19,MSFT,191,413.3645324707031
2024-03-19,AAPL,452,174.18113708496094
2024-03-19,AMZN,447,175.89999389648438
2024-03-19,NVDA,900,89.14381408691406
2024-03-20,GLD,676,202.17999267578125
2024-03-20,MSFT,190,417.1116027832031
2024-03-20,AAPL,452,176.74319458007812
2024-03-20,AMZN,447,178.14999389648438
2024-03-20,NVDA,879,90.11505889892578
2024-03-21,GLD,674,201.97000122070312
2024-03-21,MSFT,190,421.17254638671875
2024-03-21,AAPL,457,169.5219268798828
2024-03-21,AMZN,445,178.14999389648438
2024-03-21,NVDA,870,91.17501831054688
2024-03-22,GLD,674,200.35000610351562
2024-03-22,MSFT,188,420.5545959472656
2024-03-22,AAPL,465,170.42210388183594
2024-03-22,AMZN,445,178.8699951171875
2024-03-22,NVDA,870,94.02091217041016
2024-03-25,GLD,675,200.99000549316406
2024-03-25,MSFT,190,414.7868347167969
2024-03-25,AAPL,469,169.00758361816406
2024-03-25,AMZN,445,179.7100067138672
2024-03-25,NVDA,847,94.73188018798828
2024-03-26,GLD,675,201.63999938964844
2024-03-26,MSFT,191,413.59991455078125
2024-03-26,AAPL,474,167.87982177734375
2024-03-26,AMZN,443,178.3000030517578
2024-03-26,NVDA,835,92.29782104492188
2024-03-27,GLD,673,203.10000610351562
2024-03-27,MSFT,191,413.3841247558594
2024-03-27,AAPL,471,171.44100952148438
2024-03-27,AMZN,442,179.8300018310547
2024-03-27,NVDA,854,89.993408203125
2024-03-28,GLD,664,205.72000122070312
2024-03-28,MSFT,191,412.6877136230469
2024-03-28,AAPL,467,169.63072204589844
2024-03-28,AMZN,440,180.3800048828125
2024-03-28,NVDA,882,90.0990982055664
2024-04-01,GLD,656,207.82000732421875
2024-04-01,MSFT,191,416.4642028808594
2024-04-01,AAPL,471,168.19639587402344
2024-04-01,AMZN,441,180.97000122070312
2024-04-01,NVDA,886,90.10607147216797
2024-04-02,GLD,217,210.88999938964844
2024-04-02,MSFT,226,413.3939208984375
2024-04-02,AAPL,760,167.0192108154297
2024-04-02,AMZN,521,180.69000244140625
2024-04-02,NVDA,1058,89.19766998291016
2024-04-03,GLD,216,212.74000549316406
2024-04-03,MSFT,226,412.42279052734375
2024-04-03,AAPL,762,167.82046508789062
2024-04-03,AMZN,520,182.41000366210938
2024-04-03,NVDA,1058,88.71102905273438
2024-04-04,GLD,216,211.52000427246094
2024-04-04,MSFT,227,409.9018859863281
2024-04-04,AAPL,766,166.99942016601562
2024-04-04,AMZN,515,180.0
2024-04-04,NVDA,1050,85.6607437133789
2024-04-05,GLD,640,215.13999938964844
2024-04-05,MSFT,193,417.3960266113281
2024-04-05,AAPL,474,167.75123596191406
2024-04-05,AMZN,436,185.07000732421875
2024-04-05,NVDA,611,87.75776672363281
2024-04-08,GLD,638,216.47999572753906
2024-04-08,MSFT,193,416.4837646484375
2024-04-08,AAPL,480,166.63343811035156
2024-04-08,AMZN,430,185.19000244140625
2024-04-08,NVDA,907,86.88526916503906
2024-04-09,GLD,633,217.6699981689453
2024-04-09,MSFT,193,418.1415100097656
2024-04-09,AAPL,481,167.8402557373047
2024-04-09,AMZN,430,185.6699981689453
2024-04-09,NVDA,921,85.11131286621094
2024-04-10,GLD,631,215.61000061035156
2024-04-10,MSFT,192,415.17919921875
2024-04-10,AAPL,475,165.9706573486328
2024-04-10,AMZN,433,185.9499969482422
2024-04-10,NVDA,945,86.79151916503906
2024-04-11,GLD,633,219.8000030517578
2024-04-11,MSFT,192,419.7600402832031
2024-04-11,AAPL,481,173.15235900878906
2024-04-11,AMZN,430,189.0500030517578
2024-04-11,NVDA,920,90.35834503173828
2024-04-12,GLD,630,216.88999938964844
2024-04-12,MSFT,195,413.8451232910156
2024-04-12,AAPL,473,174.64608764648438
2024-04-12,AMZN,433,186.1300048828125
2024-04-12,NVDA,911,87.93525695800781
2024-04-15,GLD,1063,220.9499969482422
2024-04-16,GLD,1058,221.22000122070312
2024-04-17,GLD,1056,219.58999633789062
2024-04-18,GLD,317,220.33999633789062
2024-04-18,MSFT,246,396.5517578125
2024-04-18,AAPL,596,165.23863220214844
2024-04-18,NVDA,1170,84.43025207519531
2024-04-18,AMZN,546,179.22000122070312
2024-04-19,GLD,626,221.02999877929688
2024-04-19,MSFT,204,391.50006103515625
2024-04-19,AAPL,491,163.22064208984375
2024-04-19,NVDA,973,75.98333740234375
2024-04-19,AMZN,452,174.6300048828125
2024-04-22,GLD,1045,215.57000732421875
2024-04-22,AAPL,1,164.05157470703125
2024-04-23,GLD,631,215.0399932861328
2024-04-23,AAPL,481,165.1001434326172
2024-04-23,MSFT,198,399.7887878417969
2024-04-23,NVDA,977,82.18864440917969
2024-04-23,AMZN,442,179.5399932861328
2024-04-24,GLD,636,214.63999938964844
2024-04-24,AAPL,483,167.19728088378906
2024-04-24,MSFT,198,401.2502746582031
2024-04-24,NVDA,952,79.45045471191406
2024-04-24,AMZN,442,176.58999633789062
2024-04-25,GLD,623,215.9199981689453
2024-04-25,AAPL,465,168.0579071044922
2024-04-25,MSFT,201,391.4216003417969
2024-04-25,NVDA,990,82.39705657958984
2024-04-25,AMZN,459,173.6699981689453
2024-04-26,GLD,633,216.6199951171875
2024-04-26,AAPL,476,167.47425842285156
2024-04-26,MSFT,199,398.5626525878906
2024-04-26,NVDA,959,87.48554229736328
2024-04-26,AMZN,451,179.6199951171875
2024-04-29,GLD,642,216.17999267578125
2024-04-29,AAPL,473,171.62896728515625
2024-04-29,MSFT,203,394.5703125
2024-04-29,NVDA,928,87.50748443603516
2024-04-29,AMZN,444,180.9600067138672
2024-04-30,GLD,646,211.8699951171875
2024-04-30,AAPL,470,168.49314880371094
2024-04-30,MSFT,204,381.8970031738281
2024-04-30,NVDA,925,86.15634155273438
2024-04-30,AMZN,444,175.0
2024-05-01,GLD,641,213.7899932861328
2024-05-01,AAPL,474,167.47425842285156
2024-05-01,MSFT,206,387.39990234375
2024-05-01,NVDA,937,82.80490112304688
2024-05-01,AMZN,439,179.0
2024-05-02,GLD,644,213.1300048828125
2024-05-02,AAPL,467,171.16403198242188
2024-05-02,MSFT,205,390.2445373535156
2024-05-02,NVDA,946,85.57299041748047
2024-05-02,AMZN,440,184.72000122070312
2024-05-03,GLD,659,212.9600067138672
2024-05-03,AAPL,444,181.4024200439453
2024-05-03,MSFT,207,398.8960876464844
2024-05-03,NVDA,936,88.53655242919922
2024-05-03,AMZN,438,186.2100067138672
2024-05-06,GLD,656,215.1999969482422
2024-05-06,AAPL,455,179.7504425048828
2024-05-06,MSFT,206,405.6448059082031
2024-05-06,NVDA,923,91.87801361083984
2024-05-06,AMZN,441,188.6999969482422
2024-05-07,GLD,662,214.2100067138672
2024-05-07,AAPL,456,180.43296813964844
2024-05-07,MSFT,204,401.52496337890625
2024-05-07,NVDA,912,90.29652404785156
2024-05-07,AMZN,439,188.75999450683594
2024-05-08,GLD,660,213.5800018310547
2024-05-08,AAPL,455,180.76931762695312
2024-05-08,MSFT,205,402.7020568847656
2024-05-08,NVDA,920,90.1549301147461
2024-05-08,AMZN,439,188.0
2024-05-09,GLD,660,216.9499969482422
2024-05-09,AAPL,457,182.57958984375
2024-05-09,MSFT,205,404.4480895996094
2024-05-09,NVDA,915,88.49466705322266
2024-05-09,AMZN,438,189.5
2024-05-10,GLD,218,218.7100067138672
2024-05-10,AAPL,730,181.32159423828125
2024-05-10,MSFT,242,406.8218688964844
2024-05-10,NVDA,1090,89.62245178222656
2024-05-10,AMZN,519,187.47999572753906
2024-05-13,GLD,658,216.25999450683594
2024-05-13,AAPL,455,184.52108764648438
2024-05-13,MSFT,204,405.8212890625
2024-05-13,NVDA,925,90.14197540283203
2024-05-13,AMZN,444,186.57000732421875
2024-05-14,GLD,655,218.08999633789062
2024-05-14,AAPL,447,185.66021728515625
2024-05-14,MSFT,205,408.60711669921875
2024-05-14,NVDA,928,91.09626770019531
2024-05-14,AMZN,451,187.07000732421875
2024-05-15,GLD,657,220.88999938964844
2024-05-15,AAPL,451,187.92860412597656
2024-05-15,MSFT,205,415.75115966796875
2024-05-15,NVDA,911,94.36094665527344
2024-05-15,AMZN,451,185.99000549316406
2024-05-16,GLD,659,220.02999877929688
2024-05-16,AAPL,449,188.04745483398438
2024-05-16,MSFT,205,413.6973876953125
2024-05-16,NVDA,895,94.09070587158203
2024-05-16,AMZN,456,183.6300048828125
2024-05-17,GLD,654,223.66000366210938
2024-05-17,AAPL,450,188.0771942138672
2024-05-17,MSFT,204,412.930908203125
2024-05-17,NVDA,899,92.21605682373047
2024-05-17,AMZN,460,184.6999969482422
2024-05-20,GLD,649,224.55999755859375
2024-05-20,AAPL,451,189.23611450195312
2024-05-20,MSFT,205,417.97210693359375
2024-05-20,NVDA,905,94.51050567626953
2024-05-20,AMZN,460,183.5399932861328
2024-05-21,GLD,648,224.22999572753906
2024-05-21,AAPL,449,190.53375244140625
2024-05-21,MSFT,203,421.6080017089844
2024-05-21,NVDA,910,95.11478424072266
2024-05-21,AMZN,466,183.14999389648438
2024-05-22,GLD,655,220.11000061035156
2024-05-22,AAPL,449,189.09744262695312
2024-05-22,MSFT,202,423.06231689453125
2024-05-22,NVDA,897,94.68002319335938
2024-05-22,AMZN,465,183.1300048828125
2024-05-23,GLD,672,215.72000122070312
2024-05-23,AAPL,453,185.11541748046875
2024-05-23,MSFT,202,419.603271484375
2024-05-23,NVDA,844,103.50387573242188
2024-05-23,AMZN,467,181.0500030517578
2024-05-24,GLD,675,215.9199981689453
2024-05-24,AAPL,456,188.1861572265625
2024-05-24,MSFT,203,422.7085266113281
2024-05-24,NVDA,821,106.16627502441406
2024-05-24,AMZN,470,180.75
2024-05-28,GLD,678,218.19000244140625
2024-05-28,AAPL,456,188.19606018066406
2024-05-28,MSFT,204,422.8658142089844
2024-05-28,NVDA,787,113.5771484375
2024-05-28,AMZN,480,182.14999389648438
2024-05-29,GLD,684,216.16000366210938
2024-05-29,AAPL,460,188.4932098388672
2024-05-29,MSFT,206,421.7357482910156
2024-05-29,NVDA,768,114.49851989746094
2024-05-29,AMZN,477,182.02000427246094
2024-05-30,GLD,686,216.57000732421875
2024-05-30,AAPL,460,189.4837646484375
2024-05-30,MSFT,208,407.4869384765625
2024-05-30,NVDA,759,110.1858139038086
2024-05-30,AMZN,478,179.32000732421875
2024-05-31,GLD,679,215.3000030517578
2024-05-31,AAPL,455,190.43467712402344
2024-05-31,MSFT,210,407.9389343261719
2024-05-31,NVDA,768,109.32128143310547
2024-05-31,AMZN,483,176.44000244140625
2024-06-03,GLD,683,217.22000122070312
2024-06-03,AAPL,451,192.19790649414062
2024-06-03,MSFT,210,406.3568115234375
2024-06-03,NVDA,761,114.67301940917969
2024-06-03,AMZN,484,178.33999633789062
2024-06-04,GLD,685,215.27000427246094
2024-06-04,AAPL,449,192.514892578125
2024-06-04,MSFT,213,408.8626403808594
2024-06-04,NVDA,750,116.10592651367188
2024-06-04,AMZN,486,179.33999633789062
2024-06-05,GLD,689,217.82000732421875
2024-06-05,AAPL,450,194.02052307128906
2024-06-05,MSFT,213,416.66510009765625
2024-06-05,NVDA,739,122.09187316894531
2024-06-05,AMZN,485,181.27999877929688
2024-06-06,GLD,694,219.42999267578125
2024-06-06,AAPL,456,192.64364624023438
2024-06-06,MSFT,213,417.1662902832031
2024-06-06,NVDA,715,120.6539535522461
2024-06-06,AMZN,486,185.0
2024-06-07,GLD,234,211.60000610351562
2024-06-07,AAPL,731,195.03089904785156
2024-06-07,MSFT,247,416.50787353515625
2024-06-07,NVDA,866,120.54428100585938
2024-06-07,AMZN,559,184.3000030517578
2024-06-10,GLD,707,213.5399932861328
2024-06-10,AAPL,451,191.2965087890625
2024-06-10,MSFT,211,420.4582214355469
2024-06-10,NVDA,733,121.44371795654297
2024-06-10,AMZN,478,187.05999755859375
2024-06-11,GLD,707,214.14999389648438
2024-06-11,AAPL,459,205.19403076171875
2024-06-11,MSFT,211,425.1849060058594
2024-06-11,NVDA,727,120.57613372802734
2024-06-11,AMZN,472,187.22999572753906
2024-06-12,GLD,712,214.72000122070312
2024-06-12,AAPL,439,211.05813598632812
2024-06-12,MSFT,211,433.4197082519531
2024-06-12,NVDA,733,124.8542709350586
2024-06-12,AMZN,478,186.88999938964844
2024-06-13,GLD,727,212.97000122070312
2024-06-13,AAPL,429,212.2170867919922
2024-06-13,MSFT,211,433.9307556152344
2024-06-13,NVDA,706,129.25210571289062
2024-06-13,AMZN,489,183.8300018310547
2024-06-14,GLD,724,215.72999572753906
2024-06-14,AAPL,429,210.48358154296875
2024-06-14,MSFT,211,434.903564453125
2024-06-14,NVDA,701,131.51583862304688
2024-06-14,AMZN,496,183.66000366210938
2024-06-17,GLD,727,214.61000061035156
2024-06-17,AAPL,431,214.6241455078125
2024-06-17,MSFT,210,440.60308837890625
2024-06-17,NVDA,688,130.61830139160156
2024-06-17,AMZN,499,184.05999755859375
2024-06-18,GLD,975,215.47000122070312
2024-06-18,AAPL,243,212.2666015625
2024-06-18,MSFT,119,438.6083068847656
2024-06-18,NVDA,400,135.20559692382812
2024-06-18,AMZN,285,182.80999755859375
2024-06-18,AVGO,-1940,176.04405212402344
2024-06-20,GLD,984,218.16000366210938
2024-06-20,AAPL,251,207.7001190185547
2024-06-20,MSFT,121,437.9794006347656
2024-06-20,NVDA,383,130.4188690185547
2024-06-20,AMZN,291,186.10000610351562
2024-06-20,AVGO,-2015,169.40670776367188
2024-06-21,GLD,757,214.77999877929688
2024-06-21,AAPL,461,205.53082275390625
2024-06-21,MSFT,218,441.9886779785156
2024-06-21,NVDA,758,126.22050476074219
2024-06-21,AMZN,511,189.0800018310547
2024-06-21,AVGO,-2211,161.99098205566406
2024-06-24,GLD,771,215.6300048828125
2024-06-24,AAPL,471,206.17465209960938
2024-06-24,MSFT,219,439.9152526855469
2024-06-24,NVDA,789,117.78385162353516
2024-06-24,AMZN,512,185.57000732421875
2024-06-24,AVGO,-2297,155.99777221679688
2024-06-25,GLD,781,214.55999755859375
2024-06-25,AAPL,473,207.09588623046875
2024-06-25,MSFT,222,443.138427734375
2024-06-25,NVDA,541,125.74181365966797
2024-06-25,AMZN,524,186.33999633789062
2024-06-26,GLD,793,212.5800018310547
2024-06-26,AAPL,470,211.23641967773438
2024-06-26,MSFT,222,444.3274841308594
2024-06-26,NVDA,781,126.05096435546875
2024-06-26,AMZN,526,193.61000061035156
2024-06-27,GLD,793,214.99000549316406
2024-06-27,AAPL,468,212.07838439941406
2024-06-27,MSFT,223,445.0054931640625
2024-06-27,NVDA,803,123.64762115478516
2024-06-27,AMZN,510,197.85000610351562
2024-06-28,GLD,794,215.00999450683594
2024-06-28,AAPL,468,208.63124084472656
2024-06-28,MSFT,224,439.2077331542969
2024-06-28,NVDA,804,123.19886016845703
2024-06-28,AMZN,506,193.25
2024-07-01,GLD,789,215.57000732421875
2024-07-01,AAPL,471,214.703369140625
2024-07-01,MSFT,224,448.81829833984375
2024-07-01,NVDA,804,123.9567642211914
2024-07-01,AMZN,511,197.1999969482422
2024-07-02,GLD,791,215.55999755859375
2024-07-02,AAPL,465,218.1901397705078
2024-07-02,MSFT,224,451.3240661621094
2024-07-02,NVDA,823,122.33126068115234
2024-07-02,AMZN,505,200.0
2024-07-03,GLD,792,217.99000549316406
2024-07-03,AAPL,461,219.4580535888672
2024-07-03,MSFT,224,452.7882995605469
2024-07-03,NVDA,827,127.9257583618164
2024-07-03,AMZN,503,197.58999633789062
2024-07-05,GLD,792,220.92999267578125
2024-07-05,AAPL,462,224.2028045654297
2024-07-05,MSFT,224,459.4607238769531
2024-07-05,NVDA,800,125.4825439453125
2024-07-05,AMZN,510,200.0
2024-07-08,GLD,798,218.19000244140625
2024-07-08,AAPL,455,225.6688232421875
2024-07-08,MSFT,224,458.1635437011719
2024-07-08,NVDA,804,127.84598541259766
2024-07-08,AMZN,511,199.2899932861328
2024-07-09,GLD,804,218.55999755859375
2024-07-09,AAPL,455,226.52072143554688
2024-07-09,MSFT,224,451.5796203613281
2024-07-09,NVDA,789,131.01722717285156
2024-07-09,AMZN,514,199.33999633789062
2024-07-10,GLD,804,219.36000061035156
2024-07-10,AAPL,455,230.7801055908203
2024-07-10,MSFT,227,458.17333984375
2024-07-10,NVDA,772,134.5374755859375
2024-07-10,AMZN,515,199.7899932861328
2024-07-11,GLD,1066,223.25
2024-07-11,AAPL,259,225.42120361328125
2024-07-11,MSFT,131,446.823486328125
2024-07-11,NVDA,439,127.04821014404297
2024-07-11,AMZN,297,195.0500030517578
2024-07-12,GLD,794,223.11000061035156
2024-07-12,AAPL,452,228.3631591796875
2024-07-12,MSFT,230,445.693359375
2024-07-12,NVDA,803,128.8831329345703
2024-07-12,AMZN,527,194.49000549316406
2024-07-15,GLD,795,223.8300018310547
2024-07-15,AAPL,443,232.18670654296875
2024-07-15,MSFT,232,446.09625244140625
2024-07-15,NVDA,797,128.08534240722656
2024-07-15,AMZN,532,192.72000122070312
2024-07-16,GLD,789,228.2899932861328
2024-07-16,AAPL,445,232.6027374267578
2024-07-16,MSFT,232,441.7331237792969
2024-07-16,NVDA,809,126.01107788085938
2024-07-16,AMZN,530,193.02000427246094
2024-07-17,GLD,765,227.22999572753906
2024-07-17,AAPL,448,226.71885681152344
2024-07-17,MSFT,234,435.83709716796875
2024-07-17,NVDA,842,117.6641845703125
2024-07-17,AMZN,533,187.92999267578125
2024-07-18,GLD,767,225.77999877929688
2024-07-18,AAPL,447,222.06320190429688
2024-07-18,MSFT,234,432.74163818359375
2024-07-18,NVDA,280,120.755615234375
2024-07-18,AMZN,537,183.75
2024-07-19,GLD,1284,221.72999572753906
2024-07-22,GLD,1284,221.8000030517578
2024-07-23,GLD,770,222.5800018310547
2024-07-23,MSFT,228,437.1440734863281
2024-07-23,AAPL,448,222.88540649414062
2024-07-23,NVDA,814,122.25147247314453
2024-07-23,AMZN,541,186.41000366210938
2024-07-24,GLD,761,221.8000030517578
2024-07-24,MSFT,229,421.47039794921875
2024-07-24,AAPL,448,216.47647094726562
2024-07-24,NVDA,834,113.93451690673828
2024-07-24,AMZN,541,180.8300018310547
2024-07-25,GLD,1266,218.3300018310547
2024-07-26,GLD,1264,220.6300048828125
2024-07-29,GLD,756,220.32000732421875
2024-07-29,MSFT,229,419.3379821777344
2024-07-29,AAPL,453,216.17930603027344
2024-07-29,NVDA,860,111.2818603515625
2024-07-29,AMZN,530,183.1999969482422
2024-07-30,GLD,754,222.52000427246094
2024-07-30,MSFT,231,415.593994140625
2024-07-30,AAPL,449,216.73402404785156
2024-07-30,NVDA,875,103.44355773925781
2024-07-30,AMZN,527,181.7100067138672
2024-07-31,GLD,1247,226.5500030517578
2024-08-01,GLD,744,225.77000427246094
2024-08-01,MSFT,237,409.8845520019531
2024-08-01,AAPL,442,216.29815673828125
2024-08-01,NVDA,838,108.9084243774414
2024-08-01,AMZN,519,184.07000732421875
2024-08-02,GLD,1179,225.33999633789062
2024-08-05,GLD,1201,222.47999572753906
2024-08-06,GLD,360,220.6999969482422
2024-08-06,MSFT,286,392.687744140625
2024-08-06,AAPL,554,205.27325439453125
2024-08-06,NVDA,1089,103.96212005615234
2024-08-06,AMZN,697,161.92999267578125
2024-08-07,GLD,365,220.5500030517578
2024-08-07,MSFT,286,391.5281677246094
2024-08-07,AAPL,560,207.83880615234375
2024-08-07,NVDA,1069,98.63688659667969
2024-08-07,AMZN,691,162.77000427246094
2024-08-08,GLD,362,224.00999450683594
2024-08-08,MSFT,288,395.71441650390625
2024-08-08,AAPL,540,211.29583740234375
2024-08-08,NVDA,1120,104.68013763427734
2024-08-08,AMZN,690,165.8000030517578
2024-08-09,GLD,1203,224.55999755859375
2024-08-12,GLD,720,228.41000366210938
2024-08-12,MSFT,237,399.76300048828125
2024-08-12,AAPL,443,215.7254180908203
2024-08-12,NVDA,895,108.71894836425781
2024-08-12,AMZN,564,166.8000030517578
2024-08-13,GLD,723,228.05999755859375
2024-08-13,MSFT,239,406.83831787109375
2024-08-13,AAPL,443,219.43438720703125
2024-08-13,NVDA,859,115.81929016113281
2024-08-13,AMZN,573,170.22999572753906
2024-08-14,GLD,738,226.1999969482422
2024-08-14,MSFT,239,409.63897705078125
2024-08-14,AAPL,446,219.88067626953125
2024-08-14,NVDA,826,117.75394439697266
2024-08-14,AMZN,568,170.10000610351562
2024-08-15,GLD,249,226.91000366210938
2024-08-15,MSFT,280,414.4824523925781
2024-08-15,AAPL,709,222.85574340820312
2024-08-15,NVDA,979,122.52073669433594
2024-08-15,AMZN,663,177.58999633789062
2024-08-16,GLD,247,231.99000549316406
2024-08-16,MSFT,282,411.9622497558594
2024-08-16,AAPL,717,224.1747283935547
2024-08-16,NVDA,962,124.23599243164062
2024-08-16,AMZN,661,177.05999755859375
2024-08-19,GLD,247,231.61000061035156
2024-08-19,MSFT,285,414.9745788574219
2024-08-19,AAPL,717,224.0160675048828
2024-08-19,NVDA,949,129.64102172851562
2024-08-19,AMZN,661,178.22000122070312
2024-08-20,GLD,247,232.4600067138672
2024-08-20,MSFT,285,418.19378662109375
2024-08-20,AAPL,722,224.63092041015625
2024-08-20,NVDA,927,126.89862060546875
2024-08-20,AMZN,666,178.8800048828125
2024-08-21,GLD,745,232.14999389648438
2024-08-21,MSFT,242,417.5440673828125
2024-08-21,AAPL,449,224.52182006835938
2024-08-21,NVDA,794,128.1451416015625
2024-08-21,AMZN,561,180.11000061035156
2024-08-22,GLD,753,229.3699951171875
2024-08-22,MSFT,242,409.08758544921875
2024-08-22,AAPL,449,222.66734313964844
2024-08-22,NVDA,781,123.39830017089844
2024-08-22,AMZN,559,176.1300048828125
2024-08-23,GLD,743,232.02000427246094
2024-08-23,MSFT,243,410.308349609375
2024-08-23,AAPL,447,224.9581756591797
2024-08-23,NVDA,796,129.01275634765625
2024-08-23,AMZN,563,177.0399932861328
2024-08-26,GLD,740,232.75999450683594
2024-08-26,MSFT,245,407.0596923828125
2024-08-26,AAPL,448,225.2953643798828
2024-08-26,NVDA,780,126.11079406738281
2024-08-26,AMZN,570,175.5
2024-08-27,GLD,737,233.38999938964844
2024-08-27,MSFT,245,407.4042663574219
2024-08-27,AAPL,445,226.13832092285156
2024-08-27,NVDA,798,127.94571685791016
2024-08-27,AMZN,571,173.1199951171875
2024-08-28,GLD,247,231.75
2024-08-28,MSFT,289,404.2146911621094
2024-08-28,AAPL,712,224.61109924316406
2024-08-28,NVDA,923,125.26315307617188
2024-08-28,AMZN,679,170.8000030517578
2024-08-29,GLD,734,232.9499969482422
2024-08-29,MSFT,244,406.6954345703125
2024-08-29,AAPL,436,227.88368225097656
2024-08-29,NVDA,822,117.26527404785156
2024-08-29,AMZN,574,172.1199951171875
2024-08-30,GLD,732,231.2899932861328
2024-08-30,MSFT,243,410.6529846191406
2024-08-30,AAPL,435,227.1002655029297
2024-08-30,NVDA,555,119.0403823852539
2024-08-30,AMZN,574,178.5
2024-09-03,GLD,736,230.2899932861328
2024-09-03,MSFT,241,403.07269287109375
2024-09-03,AAPL,436,220.92196655273438
2024-09-03,NVDA,856,107.70176696777344
2024-09-03,AMZN,558,176.25
2024-09-04,GLD,719,230.42999267578125
2024-09-04,MSFT,241,402.5411071777344
2024-09-04,AAPL,438,219.01788330078125
2024-09-04,NVDA,306,105.91671752929688
2024-09-04,AMZN,553,173.3300018310547
2024-09-05,GLD,1188,232.35000610351562
2024-09-06,GLD,715,230.6300048828125
2024-09-06,MSFT,239,395.4530334472656
2024-09-06,AAPL,434,218.98812866210938
2024-09-06,NVDA,896,102.5460433959961
2024-09-06,AMZN,545,171.38999938964844
2024-09-09,GLD,355,231.60000610351562
2024-09-09,MSFT,289,399.4105224609375
2024-09-09,AAPL,529,219.07737731933594
2024-09-09,NVDA,1109,106.17599487304688
2024-09-09,AMZN,664,175.39999389648438
2024-09-10,GLD,710,232.6199951171875
2024-09-10,MSFT,240,407.7586669921875
2024-09-10,AAPL,444,218.2840118408203
2024-09-10,NVDA,897,107.80148315429688
2024-09-10,AMZN,543,179.5500030517578
2024-09-11,GLD,718,232.25
2024-09-11,MSFT,238,416.4612121582031
2024-09-11,AAPL,443,220.81285095214844
2024-09-11,NVDA,891,116.58717346191406
2024-09-11,AMZN,540,184.52000427246094
2024-09-12,GLD,725,236.3300018310547
2024-09-12,MSFT,238,420.3595886230469
2024-09-12,AAPL,449,220.92196655273438
2024-09-12,NVDA,852,118.8211669921875
2024-09-12,AMZN,538,187.0
2024-09-13,GLD,723,238.67999267578125
2024-09-13,MSFT,239,423.8937683105469
2024-09-13,AAPL,452,220.65420532226562
2024-09-13,NVDA,845,118.78128051757812
2024-09-13,AMZN,537,186.49000549316406
2024-09-16,GLD,716,238.66000366210938
2024-09-16,MSFT,236,424.6320495605469
2024-09-16,AAPL,463,214.5254669189453
2024-09-16,NVDA,855,116.46749877929688
2024-09-16,AMZN,537,184.88999938964844
2024-09-17,GLD,241,237.33999633789062
2024-09-17,MSFT,272,428.3828430175781
2024-09-17,AAPL,752,214.99156188964844
2024-09-17,NVDA,1001,115.28067016601562
2024-09-17,AMZN,631,186.8800048828125
2024-09-18,GLD,717,235.50999450683594
2024-09-18,MSFT,233,424.1103515625
2024-09-18,AAPL,463,218.8592071533203
2024-09-18,NVDA,864,113.06661987304688
2024-09-18,AMZN,536,186.42999267578125
2024-09-19,GLD,726,239.1699981689453
2024-09-19,MSFT,233,431.8678283691406
2024-09-19,AAPL,453,226.97134399414062
2024-09-19,NVDA,864,117.55458068847656
2024-09-19,AMZN,532,189.8699951171875
2024-09-20,GLD,722,242.2100067138672
2024-09-20,MSFT,235,428.5009460449219
2024-09-20,AAPL,446,226.306884765625
2024-09-20,NVDA,869,115.68958282470703
2024-09-20,AMZN,533,191.60000610351562
2024-09-23,GLD,717,242.67999267578125
2024-09-23,MSFT,237,426.768310546875
2024-09-23,AAPL,450,224.5912628173828
2024-09-23,NVDA,873,115.9488754272461
2024-09-23,AMZN,530,193.8800048828125
2024-09-24,GLD,240,246.07000732421875
2024-09-24,MSFT,281,422.4958801269531
2024-09-24,AAPL,721,225.48377990722656
2024-09-24,NVDA,1032,120.54655456542969
2024-09-24,AMZN,617,193.9600067138672
2024-09-25,GLD,238,245.72999572753906
2024-09-25,MSFT,284,425.39007568359375
2024-09-25,AAPL,736,224.4920654296875
2024-09-25,NVDA,990,123.17948913574219
2024-09-25,AMZN,621,192.52999877929688
2024-09-26,GLD,240,246.97999572753906
2024-09-26,MSFT,284,424.6025085449219
2024-09-26,AAPL,738,225.63253784179688
2024-09-26,NVDA,965,123.70805358886719
2024-09-26,AMZN,627,191.16000366210938
2024-09-27,GLD,239,245.02000427246094
2024-09-27,MSFT,284,421.3637390136719
2024-09-27,AAPL,729,225.9002685546875
2024-09-27,NVDA,978,121.07512664794922
2024-09-27,AMZN,634,187.97000122070312
2024-09-30,GLD,712,243.05999755859375
2024-09-30,MSFT,241,423.6082763671875
2024-09-30,AAPL,445,231.06707763671875
2024-09-30,NVDA,860,121.11502838134766
2024-09-30,AMZN,542,186.3300018310547
2024-10-01,GLD,712,245.61000061035156
2024-10-01,MSFT,241,414.14776611328125
2024-10-01,AAPL,447,224.3334197998047
2024-10-01,NVDA,839,116.68689727783203
2024-10-01,AMZN,550,185.1300048828125
2024-10-02,GLD,703,245.66000366210938
2024-10-02,MSFT,241,410.64306640625
2024-10-02,AAPL,449,224.898681640625
2024-10-02,NVDA,866,118.53195190429688
2024-10-02,AMZN,546,184.75999450683594
2024-10-03,GLD,705,245.49000549316406
2024-10-03,MSFT,245,410.062255859375
2024-10-03,AAPL,451,223.79788208007812
2024-10-03,NVDA,836,122.52124786376953
2024-10-03,AMZN,550,181.9600067138672
2024-10-04,GLD,712,245.0
2024-10-04,MSFT,247,409.5897216796875
2024-10-04,AAPL,451,224.9185028076172
2024-10-04,NVDA,817,124.58570861816406
2024-10-04,AMZN,549,186.50999450683594
2024-10-07,GLD,710,244.1699981689453
2024-10-07,MSFT,247,403.17108154296875
2024-10-07,AAPL,454,219.85092163085938
2024-10-07,NVDA,812,127.37820434570312
2024-10-07,AMZN,553,180.8000030517578
2024-10-08,GLD,1189,242.3699951171875
2024-10-09,GLD,1196,241.0500030517578
2024-10-10,GLD,717,242.82000732421875
2024-10-10,MSFT,247,409.3731384277344
2024-10-10,AAPL,447,227.13992309570312
2024-10-10,NVDA,768,134.44923400878906
2024-10-10,AMZN,540,186.64999389648438
2024-10-11,GLD,714,245.47000122070312
2024-10-11,MSFT,248,409.845703125
2024-10-11,AAPL,447,225.6623077392578
2024-10-11,NVDA,762,134.43927001953125
2024-10-11,AMZN,545,188.82000732421875
2024-10-14,GLD,715,245.07000732421875
2024-10-14,MSFT,248,412.621826171875
2024-10-14,AAPL,451,229.38119506835938
2024-10-14,NVDA,753,137.7005157470703
2024-10-14,AMZN,540,187.5399932861328
2024-10-15,GLD,719,245.9199981689453
2024-10-15,MSFT,248,412.2279968261719
2024-10-15,AAPL,445,231.9100341796875
2024-10-15,NVDA,749,131.2478485107422
2024-10-15,AMZN,548,187.69000244140625
2024-10-16,GLD,708,247.14999389648438
2024-10-16,MSFT,250,409.6487731933594
2024-10-16,AAPL,445,229.85719299316406
2024-10-16,NVDA,765,135.35682678222656
2024-10-16,AMZN,547,186.88999938964844
2024-10-17,GLD,715,248.6300048828125
2024-10-17,MSFT,249,410.239501953125
2024-10-17,AAPL,446,230.22412109375
2024-10-17,NVDA,745,136.56356811523438
2024-10-17,AMZN,549,187.52999877929688
2024-10-18,GLD,710,251.27000427246094
2024-10-18,MSFT,251,411.6571044921875
2024-10-18,AAPL,442,233.05050659179688
2024-10-18,NVDA,748,137.63070678710938
2024-10-18,AMZN,552,188.99000549316406
2024-10-21,GLD,703,251.22000122070312
2024-10-21,MSFT,253,412.26739501953125
2024-10-21,AAPL,445,234.51817321777344
2024-10-21,NVDA,752,143.325439453125
2024-10-21,AMZN,552,189.07000732421875
2024-10-22,GLD,706,253.92999267578125
2024-10-22,MSFT,253,420.8617248535156
2024-10-22,AAPL,449,233.90333557128906
2024-10-22,NVDA,732,143.2057342529297
2024-10-22,AMZN,553,189.6999969482422
2024-10-23,GLD,709,250.8699951171875
2024-10-23,MSFT,247,417.9969177246094
2024-10-23,AAPL,451,228.84567260742188
2024-10-23,NVDA,739,139.1865234375
2024-10-23,AMZN,554,184.7100067138672
2024-10-24,GLD,703,252.8000030517578
2024-10-24,MSFT,247,418.1249084472656
2024-10-24,AAPL,455,228.65724182128906
2024-10-24,NVDA,739,140.0342559814453
2024-10-24,AMZN,560,186.3800048828125
2024-10-25,GLD,707,253.32000732421875
2024-10-25,MSFT,247,421.4916687011719
2024-10-25,AAPL,456,229.4902801513672
2024-10-25,NVDA,739,141.16119384765625
2024-10-25,AMZN,554,187.8300018310547
2024-10-28,GLD,710,253.3300018310547
2024-10-28,MSFT,247,419.9559631347656
2024-10-28,AAPL,454,231.46372985839844
2024-10-28,NVDA,736,140.1439666748047
2024-10-28,AMZN,554,188.38999938964844
2024-10-29,GLD,705,256.0899963378906
2024-10-29,MSFT,248,425.23260498046875
2024-10-29,AAPL,453,231.73150634765625
2024-10-29,NVDA,747,140.87200927734375
2024-10-29,AMZN,554,190.8300018310547
2024-10-30,GLD,705,257.5
2024-10-30,MSFT,246,425.8035888671875
2024-10-30,AAPL,457,228.191162109375
2024-10-30,NVDA,758,138.9670867919922
2024-10-30,AMZN,543,192.72999572753906
2024-10-31,GLD,697,253.50999450683594
2024-10-31,MSFT,253,400.0307312011719
2024-10-31,AAPL,457,224.035888671875
2024-10-31,NVDA,756,132.40472412109375
2024-10-31,AMZN,544,186.39999389648438
2024-11-01,GLD,696,252.47000122070312
2024-11-01,MSFT,256,403.9882507324219
2024-11-01,AAPL,470,221.06077575683594
2024-11-01,NVDA,767,135.0376434326172
2024-11-01,AMZN,519,197.92999267578125
2024-11-04,GLD,698,252.8300018310547
2024-11-04,MSFT,256,402.10791015625
2024-11-04,AAPL,470,220.1682586669922
2024-11-04,NVDA,754,135.68592834472656
2024-11-04,AMZN,525,195.77999877929688
2024-11-05,GLD,698,253.39999389648438
2024-11-05,MSFT,256,405.06121826171875
2024-11-05,AAPL,470,221.59629821777344
2024-11-05,NVDA,753,139.53561401367188
2024-11-05,AMZN,526,199.5
2024-11-06,GLD,722,245.6999969482422
2024-11-06,MSFT,255,413.6456604003906
2024-11-06,AAPL,469,220.8723602294922
2024-11-06,NVDA,727,145.2203369140625
2024-11-06,AMZN,518,207.08999633789062
2024-11-07,GLD,727,249.64999389648438
2024-11-07,MSFT,254,418.8139953613281
2024-11-07,AAPL,472,225.5928955078125
2024-11-07,NVDA,722,148.48158264160156
2024-11-07,AMZN,508,210.0500030517578
2024-11-08,GLD,731,247.9600067138672
2024-11-08,MSFT,254,415.96893310546875
2024-11-08,AAPL,471,225.3248291015625
2024-11-08,NVDA,716,147.23495483398438
2024-11-08,AMZN,507,208.17999267578125
2024-11-11,GLD,742,242.13999938964844
2024-11-11,MSFT,253,411.5093994140625
2024-11-11,AAPL,471,222.61447143554688
2024-11-11,NVDA,709,144.8712921142578
2024-11-11,AMZN,505,206.83999633789062
2024-11-12,GLD,742,240.0500030517578
2024-11-12,MSFT,253,416.4513244628906
2024-11-12,AAPL,469,222.61447143554688
2024-11-12,NVDA,714,147.8931427001953
2024-11-12,AMZN,502,208.91000366210938
2024-11-13,GLD,249,237.6300048828125
2024-11-13,MSFT,298,418.5876159667969
2024-11-13,AAPL,758,223.49806213378906
2024-11-13,NVDA,832,145.87860107421875
2024-11-13,AMZN,590,214.10000610351562
2024-11-14,GLD,763,237.00999450683594
2024-11-14,MSFT,252,420.2513122558594
2024-11-14,AAPL,472,226.5757293701172
2024-11-14,NVDA,716,146.3672637939453
2024-11-14,AMZN,492,211.47999572753906
2024-11-15,GLD,252,236.58999633789062
2024-11-15,MSFT,297,408.54620361328125
2024-11-15,AAPL,746,223.37893676757812
2024-11-15,NVDA,851,141.60003662109375
2024-11-15,AMZN,595,202.61000061035156
2024-11-18,GLD,246,241.08999633789062
2024-11-18,MSFT,297,409.29443359375
2024-11-18,AAPL,742,226.37716674804688
2024-11-18,NVDA,874,139.7749481201172
2024-11-18,AMZN,595,201.6999969482422
2024-11-19,GLD,243,243.25
2024-11-19,MSFT,299,411.2928161621094
2024-11-19,AAPL,737,226.6352996826172
2024-11-19,NVDA,864,146.61659240722656
2024-11-19,AMZN,610,204.61000061035156
2024-11-20,GLD,245,244.6199951171875
2024-11-20,MSFT,300,409.0285949707031
2024-11-20,AAPL,743,227.35011291503906
2024-11-20,NVDA,840,145.49960327148438
2024-11-20,AMZN,609,202.8800048828125
2024-11-21,GLD,245,246.66000366210938
2024-11-21,MSFT,300,407.26287841796875
2024-11-21,AAPL,745,226.87356567382812
2024-11-21,NVDA,834,146.27748107910156
2024-11-21,AMZN,610,198.3800048828125
2024-11-22,GLD,718,249.83999633789062
2024-11-22,MSFT,257,411.3368225097656
2024-11-22,AAPL,460,228.21383666992188
2024-11-22,NVDA,715,141.57012939453125
2024-11-22,AMZN,525,197.1199951171875
2024-11-25,GLD,243,242.47999572753906
2024-11-25,MSFT,296,413.1025085449219
2024-11-25,AAPL,725,231.19223022460938
2024-11-25,NVDA,863,135.656005859375
2024-11-25,AMZN,613,201.4499969482422
2024-11-26,GLD,243,242.9499969482422
2024-11-26,MSFT,296,422.1775207519531
2024-11-26,AAPL,719,233.366455078125
2024-11-26,NVDA,889,136.5535888671875
2024-11-26,AMZN,605,207.86000061035156
2024-11-27,GLD,243,243.49000549316406
2024-11-27,MSFT,293,417.2454528808594
2024-11-27,AAPL,719,233.23739624023438
2024-11-27,NVDA,912,134.97781372070312
2024-11-27,AMZN,594,205.74000549316406
2024-11-29,GLD,243,245.58999633789062
2024-11-29,MSFT,296,417.70904541015625
2024-11-29,AAPL,719,235.62008666992188
2024-11-29,NVDA,900,137.88002014160156
2024-11-29,AMZN,596,207.88999938964844
2024-12-02,GLD,245,243.44000244140625
2024-12-02,MSFT,298,425.1269836425781
2024-12-02,AAPL,718,237.86383056640625
2024-12-02,NVDA,896,138.25901794433594
2024-12-02,AMZN,591,210.7100067138672
2024-12-03,GLD,246,243.92999267578125
2024-12-03,MSFT,295,425.34393310546875
2024-12-03,AAPL,715,240.90176391601562
2024-12-03,NVDA,904,139.8846435546875
2024-12-03,AMZN,592,213.44000244140625
2024-12-04,GLD,250,244.6699981689453
2024-12-04,MSFT,296,431.4794616699219
2024-12-04,AAPL,715,241.25918579101562
2024-12-04,NVDA,894,144.75160217285156
2024-12-04,AMZN,586,218.16000366210938
2024-12-05,GLD,253,242.86000061035156
2024-12-05,MSFT,296,436.6088562011719
2024-12-05,AAPL,718,241.28895568847656
2024-12-05,NVDA,882,144.68177795410156
2024-12-05,AMZN,586,220.5500030517578
2024-12-06,GLD,255,242.9499969482422
2024-12-06,MSFT,294,437.5460205078125
2024-12-06,AAPL,723,241.0903778076172
2024-12-06,NVDA,886,142.06861877441406
2024-12-06,AMZN,580,227.02999877929688
2024-12-09,GLD,252,245.36000061035156
2024-12-09,MSFT,293,439.9626770019531
2024-12-09,AAPL,725,244.9722442626953
2024-12-09,NVDA,921,138.4480743408203
2024-12-09,AMZN,562,226.08999633789062
2024-12-10,GLD,252,248.58999633789062
2024-12-10,MSFT,293,437.3092041015625
2024-12-10,AAPL,715,245.98487854003906
2024-12-10,NVDA,926,134.71783447265625
2024-12-10,AMZN,567,225.0399932861328
2024-12-11,GLD,250,250.9600067138672
2024-12-11,MSFT,293,442.8923645019531
2024-12-11,AAPL,712,244.71409606933594
2024-12-11,NVDA,936,138.94676208496094
2024-12-11,AMZN,567,230.25999450683594
2024-12-12,GLD,251,247.27999877929688
2024-12-12,MSFT,291,443.4546203613281
2024-12-12,AAPL,716,246.17352294921875
2024-12-12,NVDA,941,136.98190307617188
2024-12-12,AMZN,561,228.97000122070312
2024-12-13,GLD,254,244.2899932861328
2024-12-13,MSFT,291,441.1957092285156
2024-12-13,AAPL,715,246.34228515625
2024-12-13,NVDA,931,133.89996337890625
2024-12-13,AMZN,564,227.4600067138672
2024-12-16,GLD,254,244.8800048828125
2024-12-16,MSFT,291,445.45709228515625
2024-12-16,AAPL,711,249.23130798339844
2024-12-16,NVDA,639,131.65582275390625
2024-12-16,AMZN,557,232.92999267578125
2024-12-17,GLD,765,243.94000244140625
2024-12-17,MSFT,245,448.2880554199219
2024-12-17,AAPL,439,251.65374755859375
2024-12-17,NVDA,845,130.05001831054688
2024-12-17,AMZN,469,231.14999389648438
2024-12-17,AVGO,-1752,236.14100646972656
2024-12-18,GLD,772,239.25999450683594
2024-12-18,MSFT,246,431.44989013671875
2024-12-18,AAPL,439,246.2628631591797
2024-12-18,NVDA,823,128.5738983154297
2024-12-18,AMZN,475,220.52000427246094
2024-12-18,AVGO,-1776,219.81370544433594
2024-12-19,GLD,1323,239.60000610351562
2024-12-19,AVGO,-1888,214.60391235351562
2024-12-20,GLD,1344,242.10000610351562
2024-12-20,AVGO,-1997,217.03184509277344
2024-12-23,GLD,264,240.9600067138672
2024-12-23,AVGO,-1902,229.007080078125
2024-12-23,MSFT,305,429.3389587402344
2024-12-23,AAPL,708,253.43084716796875
2024-12-23,AMZN,584,225.05999755859375
2024-12-23,NVDA,966,139.3058319091797
2024-12-24,GLD,257,241.44000244140625
2024-12-24,MSFT,298,433.363525390625
2024-12-24,AAPL,686,256.3397216796875
2024-12-24,AMZN,563,229.0500030517578
2024-12-24,NVDA,914,139.85440063476562
2024-12-26,GLD,257,243.07000732421875
2024-12-26,MSFT,297,432.16009521484375
2024-12-26,AAPL,683,257.1538391113281
2024-12-26,AMZN,562,227.0500030517578
2024-12-26,NVDA,920,139.56515502929688
2024-12-27,GLD,257,241.39999389648438
2024-12-27,MSFT,297,424.68304443359375
2024-12-27,AAPL,679,253.74853515625
2024-12-27,AMZN,564,223.75
2024-12-27,NVDA,922,136.6527557373047
2024-12-30,GLD,252,240.6300048828125
2024-12-30,MSFT,297,419.0604553222656
2024-12-30,AAPL,681,250.38296508789062
2024-12-30,AMZN,568,221.3000030517578
2024-12-30,NVDA,929,137.13153076171875
2024-12-31,GLD,253,242.1300048828125
2024-12-31,MSFT,299,415.77569580078125
2024-12-31,AAPL,685,248.61578369140625
2024-12-31,AMZN,565,219.38999938964844
2024-12-31,NVDA,915,133.9398651123047
2025-01-02,GLD,249,245.4199981689453
2025-01-02,MSFT,299,412.8953552246094
2025-01-02,AAPL,690,242.09312438964844
2025-01-02,AMZN,564,220.22000122070312
2025-01-02,NVDA,922,137.9493865966797
2025-01-03,GLD,248,243.49000549316406
2025-01-03,MSFT,300,417.6005859375
2025-01-03,AAPL,705,241.60667419433594
2025-01-03,AMZN,562,224.19000244140625
2025-01-03,NVDA,895,144.0933074951172
2025-01-06,GLD,254,243.19000244140625
2025-01-06,MSFT,301,422.0394592285156
2025-01-06,AAPL,715,243.23484802246094
2025-01-06,AMZN,562,227.61000061035156
2025-01-06,NVDA,859,149.04039001464844
2025-01-07,GLD,253,244.55999755859375
2025-01-07,MSFT,302,416.6339111328125
2025-01-07,AAPL,724,240.4649658203125
2025-01-07,AMZN,562,222.11000061035156
2025-01-07,NVDA,840,139.77459716796875
2025-01-08,GLD,248,245.86000061035156
2025-01-08,MSFT,301,418.79412841796875
2025-01-08,AAPL,713,240.95138549804688
2025-01-08,AMZN,562,222.1300048828125
2025-01-08,NVDA,882,139.7447052001953
2025-01-10,GLD,244,248.2100067138672
2025-01-10,MSFT,298,413.26031494140625
2025-01-10,AAPL,713,235.1435546875
2025-01-10,AMZN,562,218.94000244140625
2025-01-10,NVDA,907,135.55563354492188
2025-01-13,GLD,716,245.74000549316406
2025-01-13,MSFT,252,411.52423095703125
2025-01-13,AAPL,445,232.71121215820312
2025-01-13,AMZN,473,218.4600067138672
2025-01-13,NVDA,795,132.8826141357422
2025-01-14,GLD,726,247.02999877929688
2025-01-14,MSFT,252,410.02490234375
2025-01-14,AAPL,298,231.59927368164062
2025-01-14,AMZN,472,217.75999450683594
2025-01-14,NVDA,512,131.4164581298828
2025-01-15,GLD,721,248.8800048828125
2025-01-15,MSFT,252,420.5203552246094
2025-01-15,AAPL,447,236.1562042236328
2025-01-15,AMZN,469,223.35000610351562
2025-01-15,NVDA,782,135.88478088378906
2025-01-16,GLD,242,250.60000610351562
2025-01-16,MSFT,295,418.8138427734375
2025-01-16,AAPL,722,226.61546325683594
2025-01-16,AMZN,556,220.66000366210938
2025-01-16,NVDA,902,133.2217559814453
2025-01-17,GLD,242,249.27000427246094
2025-01-17,MSFT,291,423.2034606933594
2025-01-17,AAPL,734,228.3230438232422
2025-01-17,AMZN,550,225.94000244140625
2025-01-17,NVDA,910,137.3509521484375
2025-01-21,GLD,239,253.1300048828125
2025-01-21,MSFT,291,422.6806335449219
2025-01-21,AAPL,758,221.03594970703125
2025-01-21,AMZN,541,230.7100067138672
2025-01-21,NVDA,892,140.4628143310547
2025-01-22,GLD,714,254.42999267578125
2025-01-22,MSFT,246,440.1402893066406
2025-01-22,AAPL,486,222.21737670898438
2025-01-22,AMZN,457,235.00999450683594
2025-01-22,NVDA,735,146.6865692138672
2025-01-23,GLD,721,254.07000732421875
2025-01-23,MSFT,245,440.6433410644531
2025-01-23,AAPL,478,222.048583984375
2025-01-23,AMZN,456,235.4199981689453
2025-01-23,NVDA,736,146.83615112304688
2025-01-24,GLD,720,255.64999389648438
2025-01-24,MSFT,245,438.0293273925781
2025-01-24,AAPL,481,221.17494201660156
2025-01-24,AMZN,457,234.85000610351562
2025-01-24,NVDA,726,142.24810791015625
2025-01-27,GLD,696,252.99000549316406
2025-01-27,MSFT,246,428.6583557128906
2025-01-27,AAPL,464,228.2039337158203
2025-01-27,AMZN,456,235.4199981689453
2025-01-27,NVDA,827,118.11124420166016
2025-01-28,GLD,235,255.17999267578125
2025-01-28,MSFT,286,441.1266784667969
2025-01-28,AAPL,730,236.54339599609375
2025-01-28,AMZN,523,238.14999389648438
2025-01-28,NVDA,337,128.65367126464844
2025-01-29,GLD,711,254.1999969482422
2025-01-29,MSFT,240,436.3227844238281
2025-01-29,AAPL,455,237.63548278808594
2025-01-29,AMZN,443,237.07000732421875
2025-01-29,NVDA,837,123.3774642944336
2025-01-30,GLD,233,258.04998779296875
2025-01-30,MSFT,298,409.35406494140625
2025-01-30,AAPL,710,235.8782196044922
2025-01-30,AMZN,520,234.63999938964844
2025-01-30,NVDA,1004,124.32499694824219
2025-01-31,GLD,699,258.55999755859375
2025-01-31,MSFT,256,409.4231262207031
2025-01-31,AAPL,431,234.29966735839844
2025-01-31,AMZN,448,237.67999267578125
2025-01-31,NVDA,857,119.7569351196289
2025-02-03,GLD,227,259.94000244140625
2025-02-03,MSFT,298,405.3393859863281
2025-02-03,AAPL,724,226.3672637939453
2025-02-03,AMZN,518,237.4199981689453
2025-02-04,GLD,675,262.5
2025-02-04,MSFT,254,406.76971435546875
2025-02-04,AAPL,458,231.1227569580078
2025-02-04,AMZN,432,242.05999755859375
2025-02-04,NVDA,884,118.34063720703125
2025-02-05,GLD,675,264.1300048828125
2025-02-05,MSFT,255,407.6772155761719
2025-02-05,AAPL,458,230.79513549804688
2025-02-05,AMZN,439,236.1699981689453
2025-02-05,NVDA,858,124.5045394897461
2025-02-06,GLD,228,263.42999267578125
2025-02-06,MSFT,303,410.1728515625
2025-02-06,AAPL,735,231.53973388671875
2025-02-06,AMZN,520,238.8300018310547
2025-02-06,NVDA,974,128.34449768066406
2025-02-07,GLD,227,263.8999938964844
2025-02-07,MSFT,302,404.185302734375
2025-02-07,AAPL,733,225.99000549316406
2025-02-07,AMZN,533,229.14999389648438
2025-02-07,NVDA,963,129.50144958496094
2025-02-10,GLD,670,268.3699951171875
2025-02-10,MSFT,257,406.6217346191406
2025-02-10,AAPL,460,226.2583465576172
2025-02-10,AMZN,455,233.13999938964844
2025-02-10,NVDA,809,133.2217559814453
2025-02-11,GLD,672,267.3900146484375
2025-02-11,MSFT,259,405.852294921875
2025-02-11,AAPL,462,231.19793701171875
2025-02-11,AMZN,453,232.75999450683594
2025-02-11,NVDA,794,132.4537353515625
2025-02-12,GLD,672,267.6700134277344
2025-02-12,MSFT,260,403.4849548339844
2025-02-12,AAPL,456,235.42196655273438
2025-02-12,AMZN,453,228.92999267578125
2025-02-12,NVDA,806,130.79808044433594
2025-02-13,GLD,672,270.30999755859375
2025-02-13,MSFT,262,404.9645080566406
2025-02-13,AAPL,447,240.05348205566406
2025-02-13,AMZN,459,230.3699951171875
2025-02-13,NVDA,802,134.937255859375
2025-02-14,GLD,675,266.2900085449219
2025-02-14,MSFT,264,402.8831787109375
2025-02-14,AAPL,444,243.10472106933594
2025-02-14,AMZN,464,228.67999267578125
2025-02-14,NVDA,782,138.4879913330078
2025-02-18,GLD,227,270.70001220703125
2025-02-18,MSFT,313,404.0767822265625
2025-02-18,AAPL,709,242.97549438476562
2025-02-18,AMZN,551,226.64999389648438
2025-02-18,NVDA,895,139.0365447998047
2025-02-19,GLD,675,270.8500061035156
2025-02-19,MSFT,266,409.1370849609375
2025-02-19,AAPL,439,243.37307739257812
2025-02-19,AMZN,473,226.6300048828125
2025-02-19,NVDA,767,138.86697387695312
2025-02-20,GLD,678,270.989990234375
2025-02-20,MSFT,261,411.30169677734375
2025-02-20,AAPL,439,244.32720947265625
2025-02-20,AMZN,475,222.8800048828125
2025-02-20,NVDA,766,139.7447052001953
2025-02-21,GLD,678,270.739990234375
2025-02-21,MSFT,260,403.47357177734375
2025-02-21,AAPL,439,244.0489044189453
2025-02-21,AMZN,479,216.5800018310547
2025-02-21,NVDA,766,134.07948303222656
2025-02-24,GLD,669,272.2099914550781
2025-02-24,MSFT,262,399.31243896484375
2025-02-24,AAPL,435,245.5894317626953
2025-02-24,AMZN,325,212.7100067138672
2025-02-24,NVDA,777,129.94033813476562
2025-02-25,GLD,661,268.6199951171875
2025-02-25,MSFT,264,393.2831726074219
2025-02-25,AAPL,425,245.52980041503906
2025-02-25,AMZN,494,212.8000030517578
2025-02-25,NVDA,807,126.29981994628906
2025-02-26,GLD,335,269.0299987792969
2025-02-26,MSFT,215,395.0920104980469
2025-02-26,AAPL,520,238.89064025878906
2025-02-26,AMZN,588,214.35000610351562
2025-02-26,NVDA,650,130.93771362304688
2025-02-27,GLD,672,264.92999267578125
2025-02-27,MSFT,263,387.97552490234375
2025-02-27,AAPL,440,235.84934997558594
2025-02-27,AMZN,480,208.74000549316406
2025-02-27,NVDA,776,119.83673095703125
2025-02-28,GLD,1097,263.2699890136719
2025-03-03,GLD,655,266.739990234375
2025-03-03,MSFT,256,383.9823913574219
2025-03-03,AAPL,421,236.57489013671875
2025-03-03,NVDA,822,113.76260375976562
2025-03-03,AMZN,474,205.02000427246094
2025-03-04,GLD,1042,269.05999755859375
2025-03-05,GLD,1044,269.6199951171875
2025-03-06,GLD,1044,268.25
2025-03-07,GLD,313,268.3900146484375
2025-03-07,MSFT,307,388.7464599609375
2025-03-07,AAPL,509,237.60853576660156
2025-03-07,NVDA,1073,112.39618682861328
2025-03-07,AMZN,597,199.25
2025-03-10,GLD,1037,266.0400085449219
2025-03-11,GLD,1036,269.1600036621094
2025-03-12,GLD,311,270.3299865722656
2025-03-12,MSFT,312,378.82293701171875
2025-03-12,AAPL,540,215.65357971191406
2025-03-12,NVDA,1038,115.44884490966797
2025-03-12,AMZN,588,198.88999938964844
2025-03-13,GLD,1024,275.1300048828125
2025-03-14,GLD,305,275.239990234375
2025-03-14,MSFT,317,384.0516052246094
2025-03-14,AAPL,567,212.18490600585938
2025-03-14,NVDA,1006,121.36392211914062
2025-03-14,AMZN,603,197.9499969482422
2025-03-17,GLD,1030,276.7300109863281
2025-03-17,MSFT,103,384.18994140625
2025-03-17,AAPL,252,212.69178771972656
2025-03-17,NVDA,319,119.22930908203125
2025-03-17,AMZN,197,195.74000549316406
2025-03-18,GLD,306,279.9599914550781
2025-03-18,MSFT,289,379.0700378417969
2025-03-18,AAPL,710,211.38980102539062
2025-03-18,NVDA,942,115.1396255493164
2025-03-18,AMZN,576,192.82000732421875
2025-03-19,GLD,1016,281.1099853515625
2025-03-19,MSFT,103,383.3201599121094
2025-03-19,AAPL,251,213.92420959472656
2025-03-19,NVDA,335,117.22435760498047
2025-03-19,AMZN,203,195.5399932861328
2025-03-20,GLD,1016,280.75
2025-03-20,MSFT,103,382.3515625
2025-03-20,AAPL,251,212.79116821289062
2025-03-20,NVDA,335,118.23182678222656
2025-03-20,AMZN,203,194.9499969482422
2025-03-21,GLD,1016,278.489990234375
2025-03-21,MSFT,103,386.7202453613281
2025-03-21,AAPL,252,216.9356689453125
2025-03-21,NVDA,335,117.4039077758789
2025-03-21,AMZN,203,196.2100067138672
2025-03-24,GLD,1026,277.25
2025-03-24,MSFT,101,388.51910400390625
2025-03-24,AAPL,245,219.38064575195312
2025-03-24,NVDA,330,121.1045913696289
2025-03-24,AMZN,197,203.25999450683594
2025-03-25,GLD,206,278.4700012207031
2025-03-25,MSFT,303,390.57501220703125
2025-03-25,AAPL,734,222.38218688964844
2025-03-25,NVDA,982,120.38638305664062
2025-03-25,AMZN,580,205.7100067138672
2025-03-26,GLD,206,278.239990234375
2025-03-26,MSFT,303,385.44525146484375
2025-03-26,AAPL,728,220.17575073242188
2025-03-26,NVDA,1000,113.47383117675781
2025-03-26,AMZN,576,201.1300048828125
2025-03-27,GLD,1003,281.9700012207031
2025-03-27,MSFT,101,386.048095703125
2025-03-27,AAPL,240,222.48159790039062
2025-03-27,NVDA,349,111.1496810913086
2025-03-27,AMZN,193,201.36000061035156
2025-03-28,GLD,996,284.05999755859375
2025-03-28,MSFT,101,374.4048156738281
2025-03-28,AAPL,240,216.56796264648438
2025-03-28,NVDA,349,109.39411163330078
2025-03-28,AMZN,195,192.72000122070312
2025-03-31,MSFT,350,371.034423828125
2025-03-31,AAPL,814,220.7720947265625
2025-03-31,NVDA,819,108.10736083984375
2025-03-31,AMZN,684,190.25999450683594
2025-04-01,MSFT,106,377.7554626464844
2025-04-01,AAPL,244,221.82559204101562
2025-04-01,NVDA,361,109.87291717529297
2025-04-01,AMZN,208,192.1699981689453
2025-04-01,GLD,983,287.57000732421875
2025-04-02,MSFT,105,377.7060852050781
2025-04-02,AAPL,242,222.52130126953125
2025-04-02,NVDA,364,110.14221954345703
2025-04-02,AMZN,208,196.00999450683594
2025-04-02,GLD,983,288.1600036621094
2025-04-03,MSFT,262,368.78082275390625
2025-04-03,AAPL,476,201.94786071777344
2025-04-03,NVDA,943,101.5439224243164
2025-04-03,AMZN,532,178.41000366210938
2025-04-03,GLD,591,286.4200134277344
2025-04-04,MSFT,317,355.664794921875
2025-04-04,AAPL,593,187.22840881347656
2025-04-04,NVDA,387,94.07276153564453
2025-04-04,AMZN,457,171.0
2025-04-04,GLD,285,279.7200012207031
2025-04-07,MSFT,317,353.7077941894531
2025-04-07,AAPL,417,180.35069274902344
2025-04-07,AMZN,679,175.25999450683594
2025-04-07,GLD,279,273.7099914550781
2025-04-08,MSFT,316,350.4460754394531
2025-04-08,AAPL,618,171.365966796875
2025-04-08,AMZN,621,170.66000366210938
2025-04-08,GLD,291,275.20001220703125
2025-04-08,NVDA,1109,96.05775451660156
2025-04-09,MSFT,210,385.9591979980469
2025-04-09,AAPL,215,197.6343994140625
2025-04-09,AMZN,638,191.10000610351562
2025-04-09,GLD,275,285.3800048828125
2025-04-09,NVDA,1113,114.04239654541016
2025-04-10,MSFT,1,376.9252014160156
2025-04-10,GLD,944,292.3500061035156
2025-04-11,GLD,929,297.92999267578125
2025-04-14,GLD,932,296.2300109863281
2025-04-15,GLD,931,297.7799987792969
2025-04-15,MSFT,98,381.2544250488281
2025-04-15,AAPL,258,200.90426635742188
2025-04-15,NVDA,343,111.9177474975586
2025-04-15,AMZN,209,179.58999633789062
2025-04-16,GLD,910,307.4700012207031
2025-04-16,MSFT,101,367.2981872558594
2025-04-16,AAPL,263,193.0823974609375
2025-04-16,NVDA,365,104.22714233398438
2025-04-16,AMZN,216,174.3300018310547
2025-04-17,GLD,906,306.1199951171875
2025-04-17,MSFT,103,363.5126647949219
2025-04-17,AAPL,265,195.77581787109375
2025-04-17,NVDA,366,101.23468780517578
2025-04-17,AMZN,216,172.61000061035156
2025-04-21,GLD,884,315.5899963378906
2025-04-21,MSFT,116,354.9531555175781
2025-04-21,AAPL,218,191.9791717529297
2025-04-21,NVDA,283,96.66620635986328
2025-04-21,AMZN,246,167.32000732421875
2025-04-22,GLD,265,311.1099853515625
2025-04-22,MSFT,330,362.5638122558594
2025-04-22,AAPL,609,198.51893615722656
2025-04-22,NVDA,1206,98.64122772216797
2025-04-22,AMZN,699,173.17999267578125
2025-04-23,GLD,572,303.6499938964844
2025-04-23,MSFT,274,370.0460205078125
2025-04-23,AAPL,496,203.34925842285156
2025-04-23,NVDA,974,102.45162200927734
2025-04-23,AMZN,554,180.60000610351562
2025-04-24,GLD,283,308.07000732421875
2025-04-24,MSFT,303,382.8061828613281
2025-04-24,AAPL,754,207.09619140625
2025-04-24,NVDA,1092,106.16226196289062
2025-04-24,AMZN,623,186.5399932861328
2025-04-25,GLD,584,304.7300109863281
2025-04-25,MSFT,270,387.30340576171875
2025-04-25,AAPL,503,208.0006103515625
2025-04-25,NVDA,967,110.73074340820312
2025-04-25,AMZN,549,188.99000549316406
2025-04-28,GLD,588,309.07000732421875
2025-04-28,MSFT,270,386.62139892578125
2025-04-28,AAPL,500,208.85537719726562
2025-04-28,NVDA,954,108.45648193359375
2025-04-28,AMZN,549,187.6999969482422
2025-04-29,GLD,291,306.05999755859375
2025-04-29,MSFT,297,389.4680480957031
2025-04-29,AAPL,757,209.91883850097656
2025-04-29,NVDA,1072,108.74574279785156
2025-04-29,AMZN,626,187.38999938964844
2025-04-30,GLD,578,303.7699890136719
2025-04-30,MSFT,267,390.673828125
2025-04-30,AAPL,495,211.20095825195312
2025-04-30,NVDA,987,108.64599609375
2025-04-30,AMZN,565,184.4199981689453
2025-05-01,GLD,306,297.4599914550781
2025-05-01,MSFT,276,420.464111328125
2025-05-01,AAPL,773,212.0159454345703
2025-05-01,NVDA,1044,111.32923126220703
2025-05-01,AMZN,618,190.1999969482422
2025-05-02,GLD,605,297.9800109863281
2025-05-02,MSFT,249,430.2295227050781
2025-05-02,AAPL,518,204.09466552734375
2025-05-02,NVDA,931,114.21195983886719
2025-05-02,AMZN,554,189.97999572753906
2025-05-05,GLD,593,306.8800048828125
2025-05-05,MSFT,247,431.10919189453125
2025-05-05,AAPL,523,197.67413330078125
2025-05-05,NVDA,938,113.53367614746094
2025-05-05,AMZN,566,186.35000610351562
2025-05-06,GLD,578,315.4800109863281
2025-05-06,MSFT,247,428.2823486328125
2025-05-06,AAPL,535,197.29647827148438
2025-05-06,NVDA,948,113.25437927246094
2025-05-06,AMZN,571,185.00999450683594
2025-05-07,GLD,581,310.75
2025-05-07,MSFT,247,428.3218688964844
2025-05-07,AAPL,535,195.05029296875
2025-05-07,NVDA,940,116.7655258178711
2025-05-07,AMZN,571,188.7100067138672
2025-05-08,GLD,592,304.6300048828125
2025-05-08,MSFT,247,433.0859680175781
2025-05-08,AAPL,544,196.28269958496094
2025-05-08,NVDA,908,117.07474517822266
2025-05-08,AMZN,560,192.0800018310547
2025-05-09,GLD,596,306.8399963378906
2025-05-09,MSFT,247,433.63946533203125
2025-05-09,AAPL,542,197.3163299560547
2025-05-09,NVDA,914,116.3565673828125
2025-05-09,AMZN,554,193.05999755859375
2025-05-12,GLD,629,298.19000244140625
2025-05-12,MSFT,248,444.0472412109375
2025-05-12,AAPL,523,209.77613830566406
2025-05-12,NVDA,902,122.69058227539062
2025-05-12,AMZN,521,208.63999938964844
2025-05-13,GLD,631,299.4599914550781
2025-05-13,MSFT,248,443.9286804199219
2025-05-13,AAPL,526,211.90582275390625
2025-05-13,NVDA,884,129.60313415527344
2025-05-13,AMZN,521,211.3699951171875
2025-05-14,GLD,647,293.1600036621094
2025-05-14,MSFT,250,447.6845703125
2025-05-14,AAPL,525,211.30873107910156
2025-05-14,NVDA,836,134.99954223632812
2025-05-14,AMZN,524,210.25
2025-05-15,GLD,646,297.8399963378906
2025-05-15,MSFT,249,448.6946105957031
2025-05-15,AAPL,527,210.43296813964844
2025-05-15,NVDA,827,134.49081420898438
2025-05-15,AMZN,536,205.1699981689453
2025-05-16,GLD,650,294.239990234375
2025-05-16,MSFT,249,449.8234558105469
2025-05-16,AAPL,526,210.24388122558594
2025-05-16,NVDA,818,135.0593719482422
2025-05-16,AMZN,536,205.58999633789062
2025-05-19,GLD,635,298.0299987792969
2025-05-19,MSFT,247,454.3783874511719
2025-05-19,AAPL,532,207.77581787109375
2025-05-19,NVDA,834,135.2289581298828
2025-05-19,AMZN,546,206.16000366210938
2025-05-20,GLD,637,303.5799865722656
2025-05-20,MSFT,247,453.6852722167969
2025-05-20,AAPL,536,205.8650360107422
2025-05-20,NVDA,829,134.04197692871094
2025-05-20,AMZN,543,204.07000732421875
2025-05-21,GLD,625,305.82000732421875
2025-05-21,MSFT,247,448.14007568359375
2025-05-21,AAPL,543,201.1179656982422
2025-05-21,NVDA,835,131.4684600830078
2025-05-21,AMZN,550,201.1199951171875
2025-05-22,GLD,621,303.1099853515625
2025-05-22,MSFT,246,450.40765380859375
2025-05-22,AAPL,553,200.3914794921875
2025-05-22,NVDA,837,132.495849609375
2025-05-22,AMZN,549,203.10000610351562
2025-05-23,GLD,609,309.75
2025-05-23,MSFT,246,445.7734680175781
2025-05-23,AAPL,568,194.33079528808594
2025-05-23,NVDA,844,130.95970153808594
2025-05-23,AMZN,550,200.99000549316406
2025-05-27,GLD,624,304.5
2025-05-27,MSFT,245,456.1805725097656
2025-05-27,AAPL,561,199.24705505371094
2025-05-27,NVDA,827,135.1591339111328
2025-05-27,AMZN,545,206.02000427246094
2025-05-28,GLD,627,303.80999755859375
2025-05-28,MSFT,245,452.8831787109375
2025-05-28,AAPL,560,199.45602416992188
2025-05-28,NVDA,823,134.4708709716797
2025-05-28,AMZN,542,204.72000122070312
2025-05-29,GLD,633,305.6099853515625
2025-05-29,MSFT,247,454.1903076171875
2025-05-29,AAPL,558,198.98826599121094
2025-05-29,NVDA,797,138.83985900878906
2025-05-29,AMZN,542,205.6999969482422
2025-05-30,GLD,631,303.6000061035156
2025-05-30,MSFT,246,455.85382080078125
2025-05-30,AAPL,562,199.88394165039062
2025-05-30,NVDA,806,134.79006958007812
2025-05-30,AMZN,544,205.00999450683594
2025-06-02,GLD,620,311.6700134277344
2025-06-02,MSFT,246,457.4480895996094
2025-06-02,AAPL,561,200.72984313964844
2025-06-02,NVDA,826,137.034423828125
2025-06-02,AMZN,545,206.64999389648438
2025-06-03,GLD,623,308.9100036621094
2025-06-03,MSFT,246,458.43829345703125
2025-06-03,AAPL,562,202.2923126220703
2025-06-03,NVDA,814,140.86474609375
2025-06-03,AMZN,544,205.7100067138672
2025-06-04,GLD,627,310.8999938964844
2025-06-04,MSFT,246,459.3294372558594
2025-06-04,AAPL,561,201.844482421875
2025-06-04,NVDA,799,141.56298828125
2025-06-04,AMZN,548,207.22999572753906
2025-06-05,GLD,627,309.3299865722656
2025-06-05,MSFT,247,463.1021728515625
2025-06-05,AAPL,561,199.66500854492188
2025-06-05,NVDA,802,139.63784790039062
2025-06-05,AMZN,543,207.91000366210938
2025-06-06,GLD,632,305.17999267578125
2025-06-06,MSFT,245,465.7757263183594
2025-06-06,AAPL,564,202.9391632080078
2025-06-06,NVDA,802,141.36351013183594
2025-06-06,AMZN,537,213.57000732421875
2025-06-09,GLD,640,306.6199951171875
2025-06-09,MSFT,245,468.1225891113281
2025-06-09,AAPL,561,200.4810791015625
2025-06-09,NVDA,799,142.2711944580078
2025-06-09,AMZN,531,216.97999572753906
2025-06-10,GLD,635,306.7099914550781
2025-06-10,MSFT,245,466.3104553222656
2025-06-10,AAPL,571,201.6951904296875
2025-06-10,NVDA,801,143.5978546142578
2025-06-10,AMZN,527,217.61000061035156
2025-06-11,GLD,638,308.3699951171875
2025-06-11,MSFT,246,467.99383544921875
2025-06-11,AAPL,566,197.8238983154297
2025-06-11,NVDA,795,142.4805908203125
2025-06-11,AMZN,527,213.1999969482422
2025-06-12,GLD,627,312.20001220703125
2025-06-12,MSFT,243,474.1826171875
2025-06-12,AAPL,575,198.2418670654297
2025-06-12,NVDA,804,144.64527893066406
2025-06-12,AMZN,538,213.24000549316406
2025-06-13,GLD,620,316.2900085449219
2025-06-13,MSFT,243,470.3109130859375
2025-06-13,AAPL,576,195.50509643554688
2025-06-13,NVDA,806,141.62271118164062
2025-06-13,AMZN,545,212.10000610351562
2025-06-16,GLD,622,311.7799987792969
2025-06-16,MSFT,243,474.45001220703125
2025-06-16,AAPL,582,197.4656219482422
2025-06-16,NVDA,800,144.33604431152344
2025-06-16,AMZN,539,216.10000610351562
2025-06-17,GLD,628,311.94000244140625
2025-06-17,MSFT,243,473.36077880859375
2025-06-17,AAPL,583,194.69898986816406
2025-06-17,NVDA,795,143.76742553710938
2025-06-17,AMZN,533,214.82000732421875
2025-06-17,ORCL,-2099,205.3975067138672
2025-06-18,GLD,627,310.260009765625
2025-06-18,MSFT,242,475.53924560546875
2025-06-18,AAPL,586,195.63450622558594
2025-06-18,NVDA,795,145.1240997314453
2025-06-18,AMZN,532,212.52000427246094
2025-06-18,ORCL,-2092,208.05157470703125
2025-06-20,GLD,630,310.1300048828125
2025-06-20,MSFT,239,472.72705078125
2025-06-20,AAPL,577,200.03321838378906
2025-06-20,NVDA,785,143.4980926513672
2025-06-20,AMZN,530,209.69000244140625
2025-06-20,ORCL,-2059,202.42774963378906
2025-06-23,GLD,639,311.0799865722656
2025-06-23,MSFT,244,481.24285888671875
2025-06-23,AAPL,577,200.53082275390625
2025-06-23,NVDA,814,143.8173065185547
2025-06-23,AMZN,551,208.47000122070312
2025-06-23,ORCL,-2174,204.27273559570312
2025-06-24,GLD,645,306.19000244140625
2025-06-24,MSFT,238,485.3125915527344
2025-06-24,AAPL,570,199.3365936279297
2025-06-24,NVDA,791,147.53819274902344
2025-06-24,AMZN,542,212.77000427246094
2025-06-25,GLD,648,307.1199951171875
2025-06-25,MSFT,238,487.4514465332031
2025-06-25,AAPL,576,200.59051513671875
2025-06-25,NVDA,776,153.9324951171875
2025-06-25,AMZN,539,211.99000549316406
2025-06-26,GLD,651,306.7799987792969
2025-06-26,MSFT,238,492.5807800292969
2025-06-26,AAPL,580,200.03321838378906
2025-06-26,NVDA,748,154.64076232910156
2025-06-26,AMZN,545,217.1199951171875
2025-06-27,GLD,665,301.2200012207031
2025-06-27,MSFT,237,491.0855712890625
2025-06-27,AAPL,580,200.11282348632812
2025-06-27,NVDA,748,157.3640899658203
2025-06-27,AMZN,530,223.3000030517578
2025-06-30,GLD,665,304.8299865722656
2025-06-30,MSFT,238,492.54119873046875
2025-06-30,AAPL,583,204.18316650390625
2025-06-30,NVDA,743,157.603515625
2025-06-30,AMZN,525,219.38999938964844
2025-07-01,GLD,655,307.54998779296875
2025-07-01,MSFT,239,487.233642578125
2025-07-01,AAPL,573,206.8204345703125
2025-07-01,NVDA,755,152.92498779296875
2025-07-01,AMZN,536,220.4600067138672
2025-07-02,GLD,653,309.25
2025-07-02,MSFT,241,486.2830505371094
2025-07-02,AAPL,565,211.418212890625
2025-07-02,NVDA,768,156.86532592773438
2025-07-02,AMZN,534,219.9199981689453
2025-07-03,GLD,661,307.1400146484375
2025-07-03,MSFT,242,493.95721435546875
2025-07-03,AAPL,562,212.52285766601562
2025-07-03,NVDA,750,158.9501953125
2025-07-03,AMZN,534,223.41000366210938
2025-07-07,GLD,665,307.3699951171875
2025-07-07,MSFT,241,492.84814453125
2025-07-07,AAPL,560,208.94017028808594
2025-07-07,NVDA,750,157.85289001464844
2025-07-07,AMZN,532,223.47000122070312
2025-07-08,GLD,664,304.1600036621094
2025-07-08,MSFT,241,491.7588806152344
2025-07-08,AAPL,567,208.99989318847656
2025-07-08,NVDA,747,159.6085968017578
2025-07-08,AMZN,530,219.36000061035156
2025-07-09,GLD,668,305.5199890136719
2025-07-09,MSFT,239,498.58148193359375
2025-07-09,AAPL,567,210.12445068359375
2025-07-09,NVDA,737,162.48155212402344
2025-07-09,AMZN,535,222.5399932861328
2025-07-10,GLD,668,306.20001220703125
2025-07-10,MSFT,239,496.57135009765625
2025-07-10,AAPL,569,211.3883514404297
2025-07-10,NVDA,728,163.6985626220703
2025-07-10,AMZN,538,222.25999450683594
2025-07-11,GLD,664,309.1400146484375
2025-07-11,MSFT,242,498.393310546875
2025-07-11,AAPL,570,210.14434814453125
2025-07-11,NVDA,731,164.5165557861328
2025-07-11,AMZN,535,225.02000427246094
2025-07-14,GLD,664,308.010009765625
2025-07-14,MSFT,242,498.09625244140625
2025-07-14,AAPL,573,207.6165771484375
2025-07-14,NVDA,727,163.66864013671875
2025-07-14,AMZN,533,225.69000244140625
2025-07-15,GLD,671,306.7300109863281
2025-07-15,MSFT,242,500.86883544921875
2025-07-15,AAPL,578,208.10421752929688
2025-07-15,NVDA,706,170.2824249267578
2025-07-15,AMZN,533,226.35000610351562
2025-07-16,GLD,672,308.260009765625
2025-07-16,MSFT,241,500.67083740234375
2025-07-16,AAPL,576,209.14918518066406
2025-07-16,NVDA,706,170.95077514648438
2025-07-16,AMZN,533,223.19000244140625
2025-07-17,GLD,675,307.5899963378906
2025-07-17,MSFT,241,506.6913146972656
2025-07-17,AAPL,575,209.0098419189453
2025-07-17,NVDA,702,172.5767822265625
2025-07-17,AMZN,538,223.8800048828125
2025-07-18,GLD,673,308.3900146484375
2025-07-18,MSFT,239,505.05743408203125
2025-07-18,AAPL,578,210.16424560546875
2025-07-18,NVDA,701,171.98822021484375
2025-07-18,AMZN,539,226.1300048828125
2025-07-21,GLD,668,313.1300048828125
2025-07-21,MSFT,242,505.06732177734375
2025-07-21,AAPL,576,211.4580078125
2025-07-21,NVDA,704,170.96075439453125
2025-07-21,AMZN,538,229.3000030517578
2025-07-22,GLD,666,316.1000061035156
2025-07-22,MSFT,242,500.32421875
2025-07-22,AAPL,576,213.36875915527344
2025-07-22,NVDA,714,166.6213836669922
2025-07-22,AMZN,532,227.47000122070312
2025-07-23,GLD,666,312.17999267578125
2025-07-23,MSFT,242,500.9183654785156
2025-07-23,AAPL,570,213.11996459960938
2025-07-23,NVDA,720,170.36221313476562
2025-07-23,AMZN,533,228.2899932861328
2025-07-24,GLD,674,310.2699890136719
2025-07-24,MSFT,242,505.8793029785156
2025-07-24,AAPL,571,212.73184204101562
2025-07-24,NVDA,708,173.31497192382812
2025-07-24,AMZN,531,232.22999572753906
2025-07-25,GLD,680,307.3999938964844
2025-07-25,MSFT,241,508.6816711425781
2025-07-25,AAPL,571,212.85128784179688
2025-07-25,NVDA,706,173.07554626464844
2025-07-25,AMZN,526,231.44000244140625
2025-07-28,GLD,683,305.4100036621094
2025-07-28,MSFT,240,507.48345947265625
2025-07-28,AAPL,573,213.02044677734375
2025-07-28,NVDA,704,176.31761169433594
2025-07-28,AMZN,524,232.7899932861328
2025-07-29,GLD,687,306.25
2025-07-29,MSFT,240,507.5527648925781
2025-07-29,AAPL,575,210.2538299560547
2025-07-29,NVDA,691,175.0806427001953
2025-07-29,AMZN,524,231.00999450683594
2025-07-30,GLD,687,300.9599914550781
2025-07-30,MSFT,239,508.2161865234375
2025-07-30,AAPL,577,208.04449462890625
2025-07-30,NVDA,692,178.83145141601562
2025-07-30,AMZN,526,230.19000244140625
2025-07-31,GLD,698,302.9599914550781
2025-07-31,MSFT,226,528.27783203125
2025-07-31,AAPL,598,206.57162475585938
2025-07-31,NVDA,681,177.43487548828125
2025-07-31,AMZN,526,234.11000061035156
2025-08-01,GLD,676,309.1099853515625
2025-08-01,MSFT,229,518.9797973632812
2025-08-01,AAPL,580,201.40660095214844
2025-08-01,NVDA,700,173.29502868652344
2025-08-01,AMZN,559,214.75
2025-08-04,GLD,1113,310.9100036621094
2025-08-05,GLD,669,311.1600036621094
2025-08-05,MSFT,227,522.5841674804688
2025-08-05,AAPL,597,201.9440155029297
2025-08-05,NVDA,675,177.82391357421875
2025-08-05,AMZN,568,213.75
2025-08-06,GLD,668,310.5
2025-08-06,MSFT,229,519.8017578125
2025-08-06,AAPL,591,212.2242889404297
2025-08-06,NVDA,686,178.98109436035156
2025-08-06,AMZN,563,222.30999755859375
2025-08-07,GLD,677,313.1199951171875
2025-08-07,MSFT,236,515.7418823242188
2025-08-07,AAPL,566,218.97169494628906
2025-08-07,NVDA,681,180.32778930664062
2025-08-07,AMZN,558,223.1300048828125
2025-08-08,GLD,677,313.04998779296875
2025-08-08,MSFT,238,516.9300537109375
2025-08-08,AAPL,562,228.2468719482422
2025-08-08,NVDA,681,182.2530517578125
2025-08-08,AMZN,554,222.69000244140625
2025-08-11,GLD,229,308.54998779296875
2025-08-11,MSFT,281,516.662841796875
2025-08-11,AAPL,874,226.34388732910156
2025-08-11,NVDA,802,181.6146240234375
2025-08-11,AMZN,656,221.3000030517578
2025-08-12,GLD,688,308.2699890136719
2025-08-12,MSFT,239,524.0596313476562
2025-08-12,AAPL,546,228.80479431152344
2025-08-12,NVDA,679,182.71192932128906
2025-08-12,AMZN,558,221.47000122070312
2025-08-13,GLD,231,309.2099914550781
2025-08-13,MSFT,278,515.4844360351562
2025-08-13,AAPL,868,232.4712371826172
2025-08-13,NVDA,805,181.14576721191406
2025-08-13,AMZN,660,224.55999755859375
2025-08-14,GLD,231,307.25
2025-08-14,MSFT,283,517.3657836914062
2025-08-14,AAPL,859,231.92327880859375
2025-08-14,NVDA,818,181.57472229003906
2025-08-14,AMZN,646,230.97999572753906
2025-08-15,GLD,233,307.42999267578125
2025-08-15,MSFT,285,515.0783081054688
2025-08-15,AAPL,864,230.73765563964844
2025-08-15,NVDA,815,180.008544921875
2025-08-15,AMZN,636,231.02999877929688
2025-08-18,GLD,232,306.95001220703125
2025-08-18,MSFT,285,512.0383911132812
2025-08-18,AAPL,867,230.0402374267578
2025-08-18,NVDA,815,181.56472778320312
2025-08-18,AMZN,637,231.49000549316406
2025-08-19,GLD,232,305.2699890136719
2025-08-19,MSFT,287,504.7801818847656
2025-08-19,AAPL,867,229.71145629882812
2025-08-19,NVDA,806,175.2103271484375
2025-08-19,AMZN,637,228.00999450683594
2025-08-20,GLD,684,308.3599853515625
2025-08-20,MSFT,244,500.76983642578125
2025-08-20,AAPL,537,225.17819213867188
2025-08-20,NVDA,704,174.9709014892578
2025-08-20,AMZN,541,223.80999755859375
2025-08-21,GLD,680,307.2900085449219
2025-08-21,MSFT,244,500.1251525878906
2025-08-21,AAPL,540,224.07228088378906
2025-08-21,NVDA,700,174.55194091796875
2025-08-21,AMZN,547,221.9499969482422
2025-08-22,GLD,680,310.5799865722656
2025-08-22,MSFT,244,503.0907287597656
2025-08-22,AAPL,540,226.9217529296875
2025-08-22,NVDA,706,177.55458068847656
2025-08-22,AMZN,546,228.83999633789062
2025-08-25,GLD,228,309.8299865722656
2025-08-25,MSFT,288,500.1449890136719
2025-08-25,AAPL,876,226.323974609375
2025-08-25,NVDA,815,179.3701171875
2025-08-25,AMZN,637,227.94000244140625
2025-08-26,GLD,227,312.0799865722656
2025-08-26,MSFT,290,497.9430847167969
2025-08-26,AAPL,876,228.46603393554688
2025-08-26,NVDA,809,181.32533264160156
2025-08-26,AMZN,639,228.7100067138672
2025-08-27,GLD,227,312.7099914550781
2025-08-27,MSFT,293,502.604736328125
2025-08-27,AAPL,874,229.64170837402344
2025-08-27,NVDA,804,181.15573120117188
2025-08-27,AMZN,639,229.1199951171875
2025-08-28,GLD,680,315.0299987792969
2025-08-28,MSFT,248,505.4810791015625
2025-08-28,AAPL,541,231.70408630371094
2025-08-28,NVDA,690,179.72923278808594
2025-08-28,AMZN,543,231.60000610351562
2025-08-29,GLD,227,318.07000732421875
2025-08-29,MSFT,290,502.55511474609375
2025-08-29,AAPL,864,231.28562927246094
2025-08-29,NVDA,826,173.75389099121094
2025-08-29,AMZN,634,229.0
2025-09-02,GLD,652,325.5899963378906
2025-09-02,MSFT,246,500.9979248046875
2025-09-02,AAPL,535,228.87454223632812
2025-09-02,NVDA,721,170.36221313476562
2025-09-02,AMZN,547,225.33999633789062
2025-09-03,GLD,648,328.1400146484375
2025-09-03,MSFT,247,501.22607421875
2025-09-03,AAPL,525,237.59234619140625
2025-09-03,NVDA,725,170.20260620117188
2025-09-03,AMZN,550,225.99000549316406
2025-09-04,GLD,652,326.69000244140625
2025-09-04,MSFT,248,503.8246765136719
2025-09-04,AAPL,524,238.8975067138672
2025-09-04,NVDA,731,171.24008178710938
2025-09-04,AMZN,539,235.67999267578125
2025-09-05,GLD,651,331.04998779296875
2025-09-05,MSFT,248,490.9605407714844
2025-09-05,AAPL,523,238.80784606933594
2025-09-05,NVDA,745,166.61141967773438
2025-09-05,AMZN,532,232.3300018310547
2025-09-08,GLD,642,334.82000732421875
2025-09-08,MSFT,252,494.1344299316406
2025-09-08,AAPL,523,237.0045166015625
2025-09-08,NVDA,747,167.8982391357422
2025-09-08,AMZN,532,235.83999633789062
2025-09-09,GLD,639,334.05999755859375
2025-09-09,MSFT,252,494.34271240234375
2025-09-09,AAPL,531,233.48751831054688
2025-09-09,NVDA,744,170.3422393798828
2025-09-09,AMZN,531,238.24000549316406
2025-09-10,GLD,643,335.260009765625
2025-09-10,MSFT,252,496.2867126464844
2025-09-10,AAPL,544,225.95533752441406
2025-09-10,NVDA,715,176.8961944580078
2025-09-10,AMZN,531,230.3300018310547
2025-09-11,GLD,643,334.760009765625
2025-09-11,MSFT,252,496.9215087890625
2025-09-11,AAPL,553,229.18341064453125
2025-09-11,NVDA,698,176.7465362548828
2025-09-11,AMZN,540,229.9499969482422
2025-09-12,GLD,640,335.4200134277344
2025-09-12,MSFT,250,505.73895263671875
2025-09-12,AAPL,550,233.2085418701172
2025-09-12,NVDA,707,177.39501953125
2025-09-12,AMZN,544,228.14999389648438
2025-09-15,GLD,642,338.9100036621094
2025-09-15,MSFT,250,511.1543884277344
2025-09-15,AAPL,534,235.828857421875
2025-09-15,NVDA,718,177.32516479492188
2025-09-15,AMZN,546,231.42999267578125
2025-09-16,GLD,641,339.5899963378906
2025-09-16,MSFT,248,504.885986328125
2025-09-16,AAPL,537,237.27349853515625
2025-09-16,NVDA,719,174.46202087402344
2025-09-16,AMZN,546,234.0500030517578
2025-09-16,ORCL,-1558,303.1943054199219
2025-09-17,GLD,647,336.9700012207031
2025-09-17,MSFT,252,505.85797119140625
2025-09-17,AAPL,537,238.11044311523438
2025-09-17,NVDA,742,169.8829803466797
2025-09-17,AMZN,547,231.6199951171875
2025-09-17,ORCL,-1601,298.0133361816406
2025-09-18,GLD,657,335.6199951171875
2025-09-18,MSFT,254,504.3008117675781
2025-09-18,AAPL,539,237.0045166015625
2025-09-18,NVDA,743,175.81875610351562
2025-09-18,AMZN,554,231.22999572753906
2025-09-18,ORCL,-1640,293.2773132324219
2025-09-19,GLD,663,339.17999267578125
2025-09-19,MSFT,257,513.7034912109375
2025-09-19,AAPL,542,244.59645080566406
2025-09-19,NVDA,743,176.24774169921875
2025-09-19,AMZN,560,231.47999572753906
2025-09-19,ORCL,-1679,305.181640625
2025-09-22,GLD,645,345.04998779296875
2025-09-22,MSFT,252,510.2518310546875
2025-09-22,AAPL,521,255.13751220703125
2025-09-22,NVDA,737,183.17115783691406
2025-09-22,AMZN,559,227.6300048828125
2025-09-22,ORCL,-1603,324.4519958496094
2025-09-23,GLD,625,346.4599914550781
2025-09-23,MSFT,249,505.0744323730469
2025-09-23,AAPL,498,253.4936065673828
2025-09-23,NVDA,699,178.00352478027344
2025-09-23,AMZN,557,220.7100067138672
2025-09-24,GLD,623,343.32000732421875
2025-09-24,MSFT,249,505.9869079589844
2025-09-24,AAPL,496,251.3813934326172
2025-09-24,NVDA,702,176.54702758789062
2025-09-24,AMZN,561,220.2100067138672
2025-09-25,GLD,620,344.75
2025-09-25,MSFT,247,502.892333984375
2025-09-25,AAPL,494,255.9246063232422
2025-09-25,NVDA,715,177.2653045654297
2025-09-25,AMZN,565,218.14999389648438
2025-09-26,GLD,620,346.739990234375
2025-09-26,MSFT,247,507.28619384765625
2025-09-26,AAPL,494,254.51980590820312
2025-09-26,NVDA,704,177.76409912109375
2025-09-26,AMZN,571,219.77999877929688
2025-09-29,GLD,615,352.4599914550781
2025-09-29,MSFT,248,510.4005126953125
2025-09-29,AAPL,497,253.4936065673828
2025-09-29,NVDA,701,181.41537475585938
2025-09-29,AMZN,573,222.1699981689453
2025-09-30,GLD,617,355.4700012207031
2025-09-30,MSFT,248,513.7232666015625
2025-09-30,AAPL,498,253.69285583496094
2025-09-30,NVDA,697,186.13406372070312
2025-09-30,AMZN,570,219.57000732421875
2025-10-01,GLD,612,356.0299987792969
2025-10-01,MSFT,248,515.4688110351562
2025-10-01,AAPL,499,254.5098419189453
2025-10-01,NVDA,688,186.79248046875
2025-10-01,AMZN,584,220.6300048828125
2025-10-02,GLD,613,354.7900085449219
2025-10-02,MSFT,249,511.53131103515625
2025-10-02,AAPL,501,256.1836853027344
2025-10-02,NVDA,679,188.43853759765625
2025-10-02,AMZN,581,222.41000366210938
2025-10-03,GLD,615,357.6400146484375
2025-10-03,MSFT,249,513.1281127929688
2025-10-03,AAPL,505,257.07037353515625
2025-10-03,NVDA,679,187.17156982421875
2025-10-03,AMZN,574,219.50999450683594
2025-10-06,GLD,608,364.3800048828125
2025-10-06,MSFT,249,524.256591796875
2025-10-06,AAPL,500,255.7452850341797
2025-10-06,NVDA,693,185.09654235839844
2025-10-06,AMZN,580,220.89999389648438
2025-10-07,GLD,604,366.260009765625
2025-10-07,MSFT,247,519.7040405273438
2025-10-07,AAPL,504,255.53607177734375
2025-10-07,NVDA,694,184.5977325439453
2025-10-07,AMZN,584,221.77999877929688
2025-10-07,AMD,-2289,211.50999450683594
2025-10-08,GLD,601,372.29998779296875
2025-10-08,MSFT,251,520.5668334960938
2025-10-08,AAPL,509,257.1102294921875
2025-10-08,NVDA,699,188.65802001953125
2025-10-08,AMZN,584,225.22000122070312
2025-10-08,AMD,-2330,235.55999755859375
2025-10-09,GLD,564,365.42999267578125
2025-10-09,MSFT,237,518.1369018554688
2025-10-09,AAPL,478,253.1050262451172
2025-10-09,NVDA,640,192.10975646972656
2025-10-09,AMZN,546,227.74000549316406
2025-10-10,GLD,569,369.1199951171875
2025-10-10,MSFT,237,506.790283203125
2025-10-10,AAPL,480,244.3673095703125
2025-10-10,NVDA,633,182.72222900390625
2025-10-10,AMZN,540,216.3699951171875
2025-10-13,GLD,919,378.0899963378906
2025-10-14,GLD,551,380.7900085449219
2025-10-14,MSFT,239,509.3789978027344
2025-10-14,AAPL,493,246.85812377929688
2025-10-14,NVDA,658,179.59971618652344
2025-10-14,AMZN,562,216.38999938964844
2025-10-15,GLD,907,387.3900146484375
2025-10-16,GLD,901,396.45001220703125
2025-10-17,GLD,893,388.989990234375
2025-10-20,GLD,536,403.1499938964844
2025-10-20,MSFT,243,512.57275390625
2025-10-20,AAPL,486,261.27484130859375
2025-10-20,NVDA,679,182.20347595214844
2025-10-20,AMZN,580,216.47999572753906
2025-10-21,GLD,550,377.239990234375
2025-10-21,MSFT,242,513.4356079101562
2025-10-21,AAPL,476,261.8028869628906
2025-10-21,NVDA,680,180.72702026367188
2025-10-21,AMZN,569,222.02999877929688
2025-10-22,GLD,565,377.2799987792969
2025-10-22,MSFT,239,516.2921142578125
2025-10-22,AAPL,471,257.4988098144531
2025-10-22,NVDA,680,179.84912109375
2025-10-22,AMZN,562,217.9499969482422
2025-10-23,GLD,556,378.7900085449219
2025-10-23,MSFT,239,516.3118896484375
2025-10-23,AAPL,477,258.6246032714844
2025-10-23,NVDA,686,181.724609375
2025-10-23,AMZN,564,221.08999633789062
2025-10-24,GLD,561,377.5199890136719
2025-10-24,MSFT,239,519.3369750976562
2025-10-24,AAPL,477,261.8527526855469
2025-10-24,NVDA,677,185.8148193359375
2025-10-24,AMZN,559,224.2100067138672
2025-10-27,GLD,578,367.010009765625
2025-10-27,MSFT,238,527.1825561523438
2025-10-27,AAPL,475,267.8207092285156
2025-10-27,NVDA,661,191.03233337402344
2025-10-27,AMZN,550,226.97000122070312
2025-10-28,GLD,595,364.3800048828125
2025-10-28,MSFT,231,537.6463623046875
2025-10-28,AAPL,469,268.0099792480469
2025-10-28,NVDA,653,200.54953002929688
2025-10-28,AMZN,550,229.25
2025-10-29,GLD,594,363.0
2025-10-29,MSFT,236,537.130615234375
2025-10-29,AAPL,477,268.7074279785156
2025-10-29,NVDA,618,206.54513549804688
2025-10-29,AMZN,552,230.3000030517578
2025-10-30,GLD,594,370.1300048828125
2025-10-30,MSFT,240,521.4695434570312
2025-10-30,AAPL,468,270.4011535644531
2025-10-30,NVDA,618,202.4050750732422
2025-10-30,AMZN,557,222.86000061035156
2025-10-31,GLD,599,368.1199951171875
2025-10-31,MSFT,247,513.5843505859375
2025-10-31,AAPL,469,269.37493896484375
2025-10-31,NVDA,629,202.0060272216797
2025-10-31,AMZN,519,244.22000122070312
2025-11-03,GLD,600,368.7799987792969
2025-11-03,MSFT,250,512.8107299804688
2025-11-03,AAPL,479,268.05975341796875
2025-11-03,NVDA,623,206.38555908203125
2025-11-03,AMZN,506,254.0
2025-11-04,GLD,600,362.32000732421875
2025-11-04,MSFT,250,510.1328430175781
2025-11-04,AAPL,477,269.0461730957031
2025-11-04,NVDA,628,198.21511840820312
2025-11-04,AMZN,508,249.32000732421875
2025-11-05,GLD,595,366.510009765625
2025-11-05,MSFT,250,503.0213317871094
2025-11-05,AAPL,476,269.14581298828125
2025-11-05,NVDA,641,194.74343872070312
2025-11-05,AMZN,510,250.1999969482422
2025-11-06,GLD,592,366.07000732421875
2025-11-06,MSFT,252,493.04339599609375
2025-11-06,AAPL,475,268.7771301269531
2025-11-06,NVDA,646,187.63046264648438
2025-11-06,AMZN,509,243.0399932861328
2025-11-07,GLD,582,368.30999755859375
2025-11-07,MSFT,253,492.76568603515625
2025-11-07,AAPL,465,267.48193359375
2025-11-07,NVDA,676,187.70028686523438
2025-11-07,AMZN,514,244.41000366210938
2025-11-10,GLD,580,378.3800048828125
2025-11-10,MSFT,256,501.8707580566406
2025-11-10,AAPL,474,268.6986083984375
2025-11-10,NVDA,654,198.5742645263672
2025-11-10,AMZN,513,248.39999389648438
2025-11-11,GLD,577,379.8699951171875
2025-11-11,MSFT,256,504.5289306640625
2025-11-11,AAPL,475,274.5028381347656
2025-11-11,NVDA,656,192.69833374023438
2025-11-11,AMZN,514,249.10000610351562
2025-11-12,GLD,580,385.989990234375
2025-11-12,MSFT,255,506.9688415527344
2025-11-12,AAPL,469,272.7276306152344
2025-11-12,NVDA,658,193.33680725097656
2025-11-12,AMZN,514,244.1999969482422
2025-11-13,GLD,568,382.8699951171875
2025-11-13,MSFT,254,499.1828918457031
2025-11-13,AAPL,469,272.2090759277344
2025-11-13,NVDA,672,186.41339111328125
2025-11-13,AMZN,527,237.5800018310547
2025-11-14,GLD,573,375.9599914550781
2025-11-14,MSFT,253,506.01666259765625
2025-11-14,AAPL,462,271.6705322265625
2025-11-14,NVDA,456,189.71546936035156
2025-11-14,AMZN,530,234.69000244140625
2025-11-17,GLD,573,371.6499938964844
2025-11-17,MSFT,248,503.34857177734375
2025-11-17,AAPL,466,266.73394775390625
2025-11-17,NVDA,674,186.15402221679688
2025-11-17,AMZN,536,232.8699951171875
2025-11-18,GLD,945,374.3500061035156
2025-11-19,GLD,283,374.9599914550781
2025-11-19,MSFT,310,483.14483642578125
2025-11-19,AAPL,570,267.8309631347656
2025-11-19,NVDA,819,186.07420349121094
2025-11-19,AMZN,675,222.69000244140625
2025-11-20,GLD,964,374.8500061035156
2025-11-21,GLD,966,374.2699890136719
2025-11-24,GLD,966,380.20001220703125
2025-11-25,GLD,575,380.0799865722656
2025-11-25,MSFT,270,473.9829406738281
2025-11-25,AAPL,464,276.2181396484375
2025-11-25,NVDA,730,177.39501953125
2025-11-25,AMZN,563,229.6699981689453
2025-11-26,GLD,581,383.1199951171875
2025-11-26,MSFT,268,482.4393310546875
2025-11-26,AAPL,468,276.79656982421875
2025-11-26,NVDA,714,179.8291473388672
2025-11-26,AMZN,561,229.16000366210938
2025-11-28,GLD,576,387.8800048828125
2025-11-28,MSFT,268,488.9082946777344
2025-11-28,AAPL,468,278.093017578125
2025-11-28,NVDA,725,176.57696533203125
2025-11-28,AMZN,561,233.22000122070312
2025-12-01,GLD,190,389.75
2025-12-01,MSFT,315,483.6714782714844
2025-12-01,AAPL,752,282.33148193359375
2025-12-01,NVDA,877,179.48995971679688
2025-12-01,AMZN,656,233.8800048828125
2025-12-02,GLD,579,387.239990234375
2025-12-02,MSFT,272,486.91094970703125
2025-12-02,AAPL,466,285.4131164550781
2025-12-02,NVDA,725,181.02630615234375
2025-12-02,AMZN,560,234.4199981689453
2025-12-03,GLD,193,386.8800048828125
2025-12-03,MSFT,326,474.7182922363281
2025-12-03,AAPL,737,283.378662109375
2025-12-03,NVDA,854,179.1607666015625
2025-12-03,AMZN,661,232.3800048828125
2025-12-04,GLD,193,387.1300048828125
2025-12-04,MSFT,324,477.8087158203125
2025-12-04,AAPL,742,279.93804931640625
2025-12-04,NVDA,851,182.95188903808594
2025-12-04,AMZN,662,229.11000061035156
2025-12-05,GLD,192,386.44000244140625
2025-12-05,MSFT,322,480.11407470703125
2025-12-05,AAPL,750,278.02325439453125
2025-12-05,NVDA,840,181.98414611816406
2025-12-05,AMZN,668,229.52999877929688
2025-12-08,GLD,192,385.4200134277344
2025-12-08,MSFT,319,487.9245300292969
2025-12-08,AAPL,754,277.1356506347656
2025-12-08,NVDA,842,185.1168212890625
2025-12-08,AMZN,668,226.88999938964844
2025-12-09,GLD,579,387.3999938964844
2025-12-09,MSFT,269,488.9181823730469
2025-12-09,AAPL,471,276.4275817871094
2025-12-09,NVDA,705,184.53817749023438
2025-12-09,AMZN,576,227.9199981689453
2025-12-10,GLD,579,389.04998779296875
2025-12-10,MSFT,271,475.5430908203125
2025-12-10,AAPL,471,278.02325439453125
2025-12-10,NVDA,706,183.35096740722656
2025-12-10,AMZN,570,231.77999877929688
2025-12-11,GLD,192,393.239990234375
2025-12-11,MSFT,323,480.422119140625
2025-12-11,AAPL,751,277.2752380371094
2025-12-11,NVDA,852,180.50759887695312
2025-12-11,AMZN,664,230.27999877929688
2025-12-12,GLD,187,395.44000244140625
2025-12-12,MSFT,323,475.51324462890625
2025-12-12,AAPL,756,277.52459716796875
2025-12-12,NVDA,851,174.61141967773438
2025-12-12,AMZN,668,226.19000244140625
2025-12-15,GLD,187,395.79998779296875
2025-12-15,MSFT,322,471.82666015625
2025-12-15,AAPL,748,273.3658752441406
2025-12-15,NVDA,863,175.87843322753906
2025-12-15,AMZN,672,222.5399932861328
2025-12-16,GLD,551,395.8900146484375
2025-12-16,MSFT,273,473.38677978515625
2025-12-16,AAPL,471,273.8645324707031
2025-12-16,NVDA,728,177.3050994873047
2025-12-16,AMZN,574,222.55999755859375
2025-12-17,GLD,553,399.2900085449219
2025-12-17,MSFT,272,473.1184387207031
2025-12-17,AAPL,469,271.10205078125
2025-12-17,NVDA,731,170.54092407226562
2025-12-17,AMZN,573,221.27000427246094
2025-12-18,GLD,553,398.57000732421875
2025-12-18,MSFT,271,480.92889404296875
2025-12-18,AAPL,470,271.45111083984375
2025-12-18,NVDA,737,173.73345947265625
2025-12-18,AMZN,569,226.75999450683594
2025-12-19,GLD,555,399.0199890136719
2025-12-19,MSFT,267,482.8566589355469
2025-12-19,AAPL,475,272.9271240234375
2025-12-19,NVDA,732,180.56748962402344
2025-12-19,AMZN,569,227.35000610351562
2025-12-22,GLD,551,408.2300109863281
2025-12-22,MSFT,270,481.8630065917969
2025-12-22,AAPL,480,270.2344665527344
2025-12-22,NVDA,713,183.26116943359375
2025-12-22,AMZN,572,228.42999267578125
2025-12-23,GLD,547,413.6400146484375
2025-12-23,MSFT,271,483.7807922363281
2025-12-23,AAPL,484,271.62066650390625
2025-12-23,NVDA,716,188.76829528808594
2025-12-23,AMZN,572,232.13999938964844
2025-12-24,GLD,548,411.92999267578125
2025-12-24,MSFT,273,484.94342041015625
2025-12-24,AAPL,485,273.0667419433594
2025-12-24,NVDA,704,188.169677734375
2025-12-24,AMZN,569,232.3800048828125
2025-12-26,GLD,547,416.739990234375
2025-12-26,MSFT,274,484.6353759765625
2025-12-26,AAPL,485,272.6578063964844
2025-12-26,NVDA,701,190.085205078125
2025-12-26,AMZN,571,232.52000427246094
2025-12-29,GLD,557,398.6000061035156
2025-12-29,MSFT,273,484.02923583984375
2025-12-29,AAPL,483,273.0168762207031
2025-12-29,NVDA,701,187.7805938720703
2025-12-29,AMZN,566,232.07000732421875
2025-12-30,GLD,557,398.8900146484375
2025-12-30,MSFT,272,484.4068298339844
2025-12-30,AAPL,483,272.33868408203125
2025-12-30,NVDA,699,187.1021728515625
2025-12-30,AMZN,567,232.52999877929688
2025-12-31,GLD,564,396.30999755859375
2025-12-31,MSFT,271,480.5711669921875
2025-12-31,AAPL,482,271.12200927734375
2025-12-31,NVDA,694,186.06460571289062
2025-12-31,AMZN,564,230.82000732421875
2026-01-02,GLD,560,398.2799987792969
2026-01-02,MSFT,272,469.95849609375
2026-01-02,AAPL,482,270.2743225097656
2026-01-02,NVDA,693,188.4091339111328
2026-01-02,AMZN,566,226.5
2026-01-05,GLD,185,408.760009765625
2026-01-05,MSFT,327,469.8691101074219
2026-01-05,AAPL,779,266.5345153808594
2026-01-05,NVDA,806,187.68081665039062
2026-01-05,AMZN,674,233.05999755859375
2026-01-06,GLD,183,413.17999267578125
2026-01-06,MSFT,327,475.493408203125
2026-01-06,AAPL,789,261.6477966308594
2026-01-06,NVDA,811,186.80288696289062
2026-01-06,AMZN,665,240.92999267578125
2026-01-07,GLD,550,409.2300109863281
2026-01-07,MSFT,276,480.422119140625
2026-01-07,AAPL,500,259.623291015625
2026-01-07,NVDA,698,188.66851806640625
2026-01-07,AMZN,548,241.55999755859375
2026-01-08,GLD,551,411.489990234375
2026-01-08,MSFT,274,475.09588623046875
2026-01-08,AAPL,510,258.33685302734375
2026-01-08,NVDA,694,184.60801696777344
2026-01-08,AMZN,539,246.2899932861328
2026-01-09,GLD,544,414.4700012207031
2026-01-09,MSFT,278,476.2585144042969
2026-01-09,AAPL,508,258.6659240722656
2026-01-09,NVDA,709,184.42843627929688
2026-01-09,AMZN,536,247.3800048828125
2026-01-12,GLD,537,422.2300109863281
2026-01-12,MSFT,278,474.1717529296875
2026-01-12,AAPL,510,259.54351806640625
2026-01-12,NVDA,721,184.5082550048828
2026-01-12,AMZN,535,246.47000122070312
2026-01-13,GLD,178,421.6300048828125
2026-01-13,MSFT,330,467.70281982421875
2026-01-13,AAPL,823,260.3413391113281
2026-01-13,NVDA,843,185.37620544433594
2026-01-13,AMZN,631,242.60000610351562
2026-01-14,GLD,528,425.94000244140625
2026-01-14,MSFT,284,456.4839782714844
2026-01-14,AAPL,508,259.25433349609375
2026-01-14,NVDA,714,182.71246337890625
2026-01-14,AMZN,545,236.64999389648438
2026-01-15,GLD,531,423.3299865722656
2026-01-15,MSFT,284,453.7811279296875
2026-01-15,AAPL,505,257.5090637207031
2026-01-15,NVDA,705,186.6133270263672
2026-01-15,AMZN,547,238.17999267578125
2026-01-16,GLD,531,421.2900085449219
2026-01-16,MSFT,287,456.9609375
2026-01-16,AAPL,340,254.8363494873047
2026-01-16,NVDA,694,185.7952423095703
2026-01-16,AMZN,547,239.1199951171875
2026-01-20,GLD,511,437.2300109863281
2026-01-20,MSFT,290,451.6546325683594
2026-01-20,AAPL,516,246.0303192138672
2026-01-20,NVDA,717,177.65431213378906
2026-01-20,AMZN,556,231.0
2026-01-21,GLD,832,443.6000061035156
2026-01-22,GLD,502,451.7900085449219
2026-01-22,MSFT,291,448.2959289550781
2026-01-22,AAPL,521,247.67584228515625
2026-01-22,NVDA,703,184.40847778320312
2026-01-22,AMZN,554,234.33999633789062
2026-01-23,GLD,495,458.0
2026-01-23,MSFT,291,463.0125732421875
2026-01-23,AAPL,530,247.36668395996094
2026-01-23,NVDA,701,187.23187255859375
2026-01-23,AMZN,557,239.16000366210938
2026-01-26,GLD,490,464.70001220703125
2026-01-26,MSFT,289,467.3152770996094
2026-01-26,AAPL,531,254.7166748046875
2026-01-26,NVDA,713,186.03468322753906
2026-01-26,AMZN,556,238.4199981689453
2026-01-27,GLD,494,476.1000061035156
2026-01-27,MSFT,286,477.5503234863281
2026-01-27,AAPL,520,257.5688781738281
2026-01-27,NVDA,718,188.07989501953125
2026-01-27,AMZN,559,244.67999267578125
2026-01-28,GLD,486,494.55999755859375
2026-01-28,MSFT,286,478.5937194824219
2026-01-28,AAPL,532,255.74388122558594
2026-01-28,NVDA,718,191.0728759765625
2026-01-28,AMZN,556,243.00999450683594
2026-01-29,GLD,461,495.8999938964844
2026-01-29,MSFT,312,430.76715087890625
2026-01-29,AAPL,532,257.5788879394531
2026-01-29,NVDA,717,192.06057739257812
2026-01-29,AMZN,563,241.72999572753906
2026-01-30,GLD,489,444.95001220703125
2026-01-30,MSFT,204,427.577392578125
2026-01-30,AAPL,523,258.775634765625
2026-01-30,NVDA,698,190.68380737304688
2026-01-30,AMZN,555,239.3000030517578
2026-02-02,GLD,513,427.1300048828125
2026-02-02,MSFT,304,420.7010192871094
2026-02-02,AAPL,502,269.2770690917969
2026-02-02,NVDA,697,185.1766815185547
2026-02-02,AMZN,546,242.9600067138672
2026-02-03,GLD,502,454.2900085449219
2026-02-03,MSFT,315,408.6176452636719
2026-02-03,AAPL,494,268.7485046386719
2026-02-03,NVDA,712,179.91897583007812
2026-02-03,AMZN,541,238.6199951171875
2026-02-04,GLD,488,453.9700012207031
2026-02-04,MSFT,322,411.578857421875
2026-02-04,AAPL,485,275.73944091796875
2026-02-04,NVDA,734,173.78335571289062
2026-02-04,AMZN,550,232.99000549316406
2026-02-05,GLD,496,441.8800048828125
2026-02-05,MSFT,318,391.188232421875
2026-02-05,AAPL,465,275.1610107421875
2026-02-05,NVDA,492,171.47874450683594
2026-02-05,AMZN,572,222.69000244140625
2026-02-06,GLD,804,455.4599914550781
2026-02-06,NVDA,1,184.9771728515625
2026-02-09,GLD,477,467.0299987792969
2026-02-09,NVDA,697,189.59632873535156
2026-02-09,MSFT,318,410.9925842285156
2026-02-09,AAPL,462,274.13079833984375
2026-02-09,AMZN,613,208.72000122070312
2026-02-10,GLD,477,462.3999938964844
2026-02-10,NVDA,680,188.099853515625
2026-02-10,MSFT,312,410.6646728515625
2026-02-10,AAPL,473,273.19244384765625
2026-02-10,AMZN,621,206.9600067138672
2026-02-11,GLD,477,467.6300048828125
2026-02-11,NVDA,676,189.6063232421875
2026-02-11,MSFT,313,401.8207702636719
2026-02-11,AAPL,473,275.00921630859375
2026-02-11,AMZN,623,204.0800018310547
2026-02-12,GLD,475,451.3900146484375
2026-02-12,NVDA,669,186.5035858154297
2026-02-12,MSFT,319,399.30670166015625
2026-02-12,AAPL,469,261.2637634277344
2026-02-12,AMZN,631,199.60000610351562
2026-02-13,GLD,471,462.6199951171875
2026-02-13,NVDA,675,182.3832244873047
2026-02-13,MSFT,315,398.7900085449219
2026-02-13,AAPL,482,255.32435607910156
2026-02-13,AMZN,634,198.7899932861328
2026-02-17,GLD,473,448.20001220703125
2026-02-17,NVDA,685,184.53817749023438
2026-02-17,MSFT,314,394.3581237792969
2026-02-17,AAPL,482,263.4099426269531
2026-02-17,AMZN,628,201.14999389648438
2026-02-18,GLD,474,458.2799987792969
2026-02-18,NVDA,671,187.5411376953125
2026-02-18,MSFT,319,397.08087158203125
2026-02-18,AAPL,480,263.8791198730469
2026-02-18,AMZN,625,204.7899932861328
2026-02-19,GLD,474,459.55999755859375
2026-02-19,NVDA,677,187.46133422851562
2026-02-19,MSFT,317,396.8517761230469
2026-02-19,AAPL,482,260.11578369140625
2026-02-19,AMZN,621,204.86000061035156
2026-02-20,GLD,468,468.6199951171875
2026-02-20,NVDA,679,189.37686157226562
2026-02-20,MSFT,320,395.6267395019531
2026-02-20,AAPL,489,264.1086730957031
2026-02-20,AMZN,618,210.11000061035156
2026-02-23,GLD,464,481.2799987792969
2026-02-23,NVDA,673,191.10281372070312
2026-02-23,MSFT,326,382.918212890625
2026-02-23,AAPL,489,265.705810546875
2026-02-23,AMZN,618,205.27000427246094
2026-02-24,GLD,465,474.6099853515625
2026-02-24,NVDA,668,192.39979553222656
2026-02-24,MSFT,333,387.4299621582031
2026-02-24,AAPL,478,271.6552429199219
2026-02-24,AMZN,621,208.55999755859375
2026-02-25,GLD,466,473.4200134277344
2026-02-25,NVDA,668,195.10345458984375
2026-02-25,MSFT,333,398.9831237792969
2026-02-25,AAPL,478,273.74151611328125
2026-02-25,AMZN,616,210.63999938964844
2026-02-26,GLD,470,477.4800109863281
2026-02-26,NVDA,672,184.4583740234375
2026-02-26,MSFT,324,400.0986022949219
2026-02-26,AAPL,476,272.4637756347656
2026-02-26,AMZN,618,207.9199981689453
2026-02-27,GLD,458,483.75
2026-02-27,NVDA,708,176.77635192871094
2026-02-27,MSFT,329,391.15484619140625
2026-02-27,AAPL,471,263.70941162109375
2026-02-27,AMZN,619,210.0
2026-03-02,GLD,446,490.0
2026-03-02,NVDA,728,182.05398559570312
2026-03-02,MSFT,326,396.9413757324219
2026-03-02,AAPL,485,264.2484130859375
2026-03-02,AMZN,622,208.38999938964844
2026-03-03,GLD,458,468.1400146484375
2026-03-03,NVDA,710,179.62966918945312
2026-03-03,MSFT,323,402.2996826171875
2026-03-03,AAPL,481,263.2801818847656
2026-03-03,AMZN,622,208.72999572753906
2026-03-04,GLD,462,471.79998779296875
2026-03-04,NVDA,710,182.6126708984375
2026-03-04,MSFT,321,403.5645751953125
2026-03-04,AAPL,484,262.0523376464844
2026-03-04,AMZN,609,216.82000732421875
2026-03-05,GLD,466,466.1300048828125
2026-03-05,NVDA,709,182.91197204589844
2026-03-05,MSFT,319,409.0224304199219
2026-03-05,AAPL,492,259.8263244628906
2026-03-05,AMZN,594,218.94000244140625
2026-03-06,GLD,467,473.510009765625
2026-03-06,NVDA,712,177.40489196777344
2026-03-06,MSFT,314,407.30938720703125
2026-03-06,AAPL,495,257.0013427734375
2026-03-06,AMZN,594,213.2100067138672
2026-03-09,GLD,772,472.5299987792969
2026-03-10,GLD,763,477.8599853515625
2026-03-11,GLD,460,476.239990234375
2026-03-11,MSFT,315,403.245849609375
2026-03-11,AAPL,489,260.34539794921875
2026-03-11,NVDA,687,185.60574340820312
2026-03-11,AMZN,591,212.64999389648438
2026-03-12,GLD,457,466.8800048828125
2026-03-12,MSFT,315,400.238037109375
2026-03-12,AAPL,490,255.3043975830078
2026-03-12,NVDA,689,182.72235107421875
2026-03-12,AMZN,601,209.52999877929688
2026-03-13,GLD,765,460.8399963378906
2026-03-16,GLD,772,460.42999267578125
2026-03-17,GLD,465,459.2699890136719
2026-03-17,MSFT,312,397.79791259765625
2026-03-17,AAPL,493,253.77711486816406
2026-03-17,NVDA,675,181.5150909423828
2026-03-17,AMZN,585,215.1999969482422
2026-03-18,GLD,473,444.739990234375
2026-03-18,MSFT,312,390.2087097167969
2026-03-18,AAPL,489,249.49476623535156
2026-03-18,NVDA,677,179.98858642578125
2026-03-18,AMZN,577,209.8699951171875
2026-03-19,GLD,487,426.4100036621094
2026-03-19,MSFT,308,387.4498596191406
2026-03-19,AAPL,481,248.5165252685547
2026-03-19,NVDA,674,178.1527862548828
2026-03-19,AMZN,577,208.75999450683594
2026-03-20,GLD,481,413.3800048828125
2026-03-20,MSFT,311,380.3287353515625
2026-03-20,AAPL,484,247.54823303222656
2026-03-20,NVDA,675,172.30613708496094
2026-03-20,AMZN,578,205.3699951171875
2026-03-23,GLD,837,404.0400085449219
2026-03-23,MSFT,134,381.4541931152344
2026-03-23,AAPL,201,251.04200744628906
2026-03-23,NVDA,288,175.23944091796875
2026-03-23,AMZN,243,210.13999938964844
2026-03-24,GLD,840,404.1300048828125
2026-03-24,MSFT,133,371.2355651855469
2026-03-24,AAPL,201,251.1917266845703
2026-03-24,NVDA,289,174.80044555664062
2026-03-24,AMZN,243,207.24000549316406
2026-03-25,GLD,821,416.2900085449219
2026-03-25,MSFT,137,369.5424499511719
2026-03-25,AAPL,203,252.16998291015625
2026-03-25,NVDA,292,178.2725067138672
2026-03-25,AMZN,244,211.7100067138672
2026-03-26,GLD,830,400.6400146484375
2026-03-26,MSFT,137,364.492919921875
2026-03-26,AAPL,203,252.43951416015625
2026-03-26,NVDA,290,170.8494873046875
2026-03-26,AMZN,242,207.5399932861328
2026-03-27,GLD,830,414.70001220703125
2026-03-27,MSFT,140,355.33001708984375
2026-03-27,AAPL,200,248.35679626464844
2026-03-27,NVDA,298,167.13795471191406
2026-03-27,AMZN,244,199.33999633789062
2026-03-30,GLD,244,414.5799865722656
2026-03-30,MSFT,267,357.51116943359375
2026-03-30,AAPL,580,246.19065856933594
2026-03-30,NVDA,860,164.79331970214844
2026-03-30,AMZN,719,200.9499969482422
2026-03-31,GLD,244,430.2900085449219
2026-03-31,MSFT,399,368.67596435546875
2026-03-31,AAPL,585,253.33790588378906
2026-03-31,NVDA,581,174.0022735595703
2026-03-31,AMZN,708,208.27000427246094
2026-04-01,GLD,482,437.82000732421875
2026-04-01,MSFT,330,367.8791809082031
2026-04-01,AAPL,484,255.1746368408203
2026-04-01,NVDA,697,175.3491973876953
2026-04-01,AMZN,583,210.57000732421875
2026-04-02,GLD,489,429.4100036621094
2026-04-02,MSFT,330,371.9526672363281
2026-04-02,AAPL,475,255.464111328125
2026-04-02,NVDA,701,176.98544311523438
2026-04-02,AMZN,583,209.77000427246094
2026-04-06,GLD,489,427.6499938964844
2026-04-06,MSFT,329,371.375
2026-04-06,AAPL,477,258.39886474609375
2026-04-06,NVDA,693,177.23487854003906
2026-04-06,AMZN,583,212.7899932861328
2026-04-07,GLD,489,431.80999755859375
2026-04-07,MSFT,330,370.78741455078125
2026-04-07,AAPL,477,253.0484161376953
2026-04-07,NVDA,696,177.69383239746094
2026-04-07,AMZN,578,213.77000427246094
2026-04-08,GLD,490,434.5299987792969
2026-04-08,MSFT,329,372.81915283203125
2026-04-08,AAPL,488,258.4388122558594
2026-04-08,NVDA,685,181.66476440429688
2026-04-08,AMZN,563,221.25
2026-04-09,GLD,246,437.9100036621094
2026-04-09,MSFT,374,371.56427001953125
2026-04-09,AAPL,733,260.0259704589844
2026-04-09,NVDA,766,183.49058532714844
2026-04-09,AMZN,617,233.64999389648438
2026-04-10,GLD,165,437.1300048828125
2026-04-10,MSFT,401,369.3731384277344
2026-04-10,AAPL,783,260.0159912109375
2026-04-10,NVDA,810,188.1998291015625
2026-04-10,AMZN,633,238.3800048828125
2026-04-13,GLD,166,435.3599853515625
2026-04-13,MSFT,401,382.8186340332031
2026-04-13,AAPL,785,258.73828125
2026-04-13,NVDA,806,188.87826538085938
2026-04-13,AMZN,630,239.88999938964844
2026-04-14,GLD,167,445.0899963378906
2026-04-14,MSFT,393,391.5233459472656
2026-04-14,AAPL,799,258.3689270019531
2026-04-14,NVDA,798,196.0618438720703
2026-04-14,AMZN,628,249.02000427246094
2026-04-15,GLD,168,440.4599914550781
2026-04-15,MSFT,389,409.5602722167969
2026-04-15,AAPL,815,265.95538330078125
2026-04-15,NVDA,787,198.41647338867188
2026-04-15,AMZN,619,248.5
2026-04-16,GLD,172,440.0799865722656
2026-04-16,MSFT,376,418.56378173828125
2026-04-16,AAPL,805,262.9307861328125
2026-04-16,NVDA,797,197.8976593017578
2026-04-16,AMZN,632,249.6999969482422
2026-04-17,GLD,172,445.92999267578125
2026-04-17,MSFT,376,421.0835876464844
2026-04-17,AAPL,812,269.7486267089844
2026-04-17,NVDA,796,201.2200469970703
2026-04-17,AMZN,623,250.55999755859375
2026-04-20,GLD,173,442.0899963378906
2026-04-20,MSFT,377,416.38262939453125
2026-04-20,AAPL,800,272.5635681152344
2026-04-20,NVDA,793,201.59918212890625
2026-04-20,AMZN,634,248.27999877929688
2026-04-21,GLD,175,429.57000732421875
2026-04-21,MSFT,380,422.44805908203125
2026-04-21,AAPL,800,265.69586181640625
2026-04-21,NVDA,790,199.42417907714844
2026-04-21,AMZN,624,249.91000366210938
2026-04-22,GLD,176,435.260009765625
2026-04-22,MSFT,374,431.1726989746094
2026-04-22,AAPL,808,272.68341064453125
2026-04-22,NVDA,790,202.03819274902344
2026-04-22,AMZN,627,255.36000061035156
2026-04-23,GLD,178,431.0400085449219
2026-04-23,MSFT,381,414.07196044921875
2026-04-23,AAPL,793,272.9429016113281
2026-04-23,NVDA,790,199.18470764160156
2026-04-23,AMZN,626,255.0800018310547
2026-04-24,GLD,178,433.25
2026-04-24,MSFT,383,422.90618896484375
2026-04-24,AAPL,797,270.5771179199219
2026-04-24,NVDA,797,207.79502868652344
2026-04-24,AMZN,613,263.989990234375
2026-04-27,GLD,180,429.8900146484375
2026-04-27,MSFT,382,423.1053771972656
2026-04-27,AAPL,823,267.1332702636719
2026-04-27,NVDA,767,216.1160125732422
2026-04-27,AMZN,609,261.1199951171875
2026-04-28,GLD,185,421.9100036621094
2026-04-28,MSFT,380,427.5174865722656
2026-04-28,AAPL,806,270.2277526855469
2026-04-28,NVDA,768,212.68385314941406
2026-04-28,AMZN,621,259.70001220703125
2026-04-28,TXN,-1959,262.3172607421875
2026-04-29,GLD,185,417.4100036621094
2026-04-29,MSFT,377,422.7467956542969
2026-04-29,AAPL,813,269.688720703125
2026-04-29,NVDA,751,208.77279663085938
2026-04-29,AMZN,618,263.0400085449219
2026-04-29,TXN,-1930,266.4945373535156
2026-04-30,GLD,183,423.6600036621094
2026-04-30,MSFT,391,406.1341552734375
2026-04-30,AAPL,810,270.86663818359375
2026-04-30,NVDA,765,199.11488342285156
2026-04-30,AMZN,587,265.05999755859375
2026-04-30,TXN,-1936,278.23443603515625
2026-05-01,GLD,180,423.17999267578125
2026-05-01,MSFT,380,412.76727294921875
2026-05-01,AAPL,764,279.6409912109375
2026-05-01,NVDA,259,197.99742126464844
2026-05-01,AMZN,587,268.260009765625
2026-05-01,TXN,-1818,278.175048828125
2026-05-04,GLD,180,414.7099914550781
2026-05-04,MSFT,379,411.9505615234375
2026-05-04,AAPL,757,276.3368225097656
2026-05-04,NVDA,778,198.02734375
2026-05-04,AMZN,577,272.04998779296875
2026-05-04,TXN,-1784,278.04638671875
2026-05-05,GLD,180,418.2699890136719
2026-05-05,MSFT,378,409.7196350097656
2026-05-05,AAPL,770,283.67376708984375
2026-05-05,NVDA,785,196.05186462402344
2026-05-05,AMZN,566,273.54998779296875
2026-05-05,INTC,-5022,108.1500015258789
2026-05-06,GLD,166,430.9599914550781
2026-05-06,MSFT,361,412.2891845703125
2026-05-06,AAPL,711,286.99786376953125
2026-05-06,NVDA,736,207.3560333251953
2026-05-06,AMZN,538,274.989990234375
2026-05-07,GLD,500,431.67999267578125
2026-05-07,MSFT,305,419.07171630859375
2026-05-07,AAPL,441,286.927978515625
2026-05-07,NVDA,613,211.01766967773438
2026-05-07,AMZN,463,271.1700134277344
2026-05-08,GLD,502,433.7699890136719
2026-05-08,MSFT,306,413.44451904296875
2026-05-08,AAPL,440,292.7974853515625
2026-05-08,NVDA,599,214.709228515625
2026-05-08,AMZN,468,272.67999267578125
2026-05-11,GLD,502,434.6499938964844
2026-05-11,MSFT,312,410.99444580078125
2026-05-11,AAPL,436,292.42779541015625
2026-05-11,NVDA,595,218.93955993652344
2026-05-11,AMZN,470,268.989990234375
2026-05-12,GLD,506,432.92999267578125
2026-05-12,MSFT,309,406.1241760253906
2026-05-12,AAPL,436,294.54595947265625
2026-05-12,NVDA,584,220.27650451660156
2026-05-12,AMZN,476,265.82000732421875
2026-05-12,AMD,-1078,448.2900085449219
2026-05-13,GLD,501,430.5
2026-05-13,MSFT,313,403.57452392578125
2026-05-13,AAPL,429,298.6124572753906
2026-05-13,NVDA,561,225.3149871826172
2026-05-13,AMZN,476,270.1300048828125
2026-05-13,AMD,-1049,445.5
2026-05-14,GLD,516,427.2099914550781
2026-05-14,MSFT,322,407.7774963378906
2026-05-14,AAPL,433,297.9530334472656
2026-05-14,NVDA,565,235.202392578125
2026-05-14,AMZN,482,267.2200012207031
2026-05-14,AMD,-1121,449.70001220703125
2026-05-15,GLD,533,417.2900085449219
2026-05-15,MSFT,315,420.2170715332031
2026-05-15,AAPL,436,299.9713134765625
2026-05-15,NVDA,566,224.80616760253906
2026-05-15,AMZN,494,264.1400146484375
2026-05-15,AMD,-1141,424.1000061035156
2026-05-18,GLD,535,418.42999267578125
2026-05-18,MSFT,316,421.83056640625
2026-05-18,AAPL,437,297.5833435058594
2026-05-18,NVDA,571,221.81300354003906
2026-05-18,AMZN,496,264.8599853515625
2026-05-18,AMD,-1163,420.989990234375
2026-05-19,GLD,552,411.5
2026-05-19,MSFT,311,415.7352600097656
2026-05-19,AAPL,448,298.7123718261719
2026-05-19,AMZN,507,259.3399963378906
2026-05-19,CSCO,-4361,114.50607299804688
2026-05-20,GLD,553,417.3999938964844
2026-05-20,MSFT,322,419.36053466796875
2026-05-20,AAPL,447,301.98956298828125
2026-05-20,AMZN,511,265.010009765625
2026-05-20,CSCO,-4413,113.48387145996094
2026-05-20,NVDA,597,222.9603729248047
2026-05-21,GLD,560,416.989990234375
2026-05-21,MSFT,319,418.3025207519531
2026-05-21,AAPL,449,304.7271728515625
2026-05-21,AMZN,512,268.4599914550781
2026-05-21,CSCO,-4545,117.30470275878906
2026-05-21,NVDA,609,219.0093994140625
2026-05-22,GLD,548,413.82000732421875
2026-05-22,MSFT,317,417.7835388183594
2026-05-22,AAPL,434,308.55389404296875
2026-05-22,AMZN,494,266.32000732421875
2026-05-22,CSCO,-4298,119.49797821044922
2026-05-22,NVDA,602,214.83892822265625
2026-05-26,GLD,541,414.0
2026-05-26,MSFT,315,415.248291015625
2026-05-26,AAPL,424,308.0643005371094
2026-05-26,AMZN,489,265.2900085449219
2026-05-26,CSCO,-4167,117.43373107910156
2026-05-26,NVDA,605,214.37001037597656
2026-05-27,GLD,554,408.489990234375
2026-05-27,MSFT,319,411.8946228027344
2026-05-27,AAPL,424,310.5821533203125
2026-05-27,AMZN,491,271.8500061035156
2026-05-27,NVDA,612,212.1151580810547
2026-05-28,GLD,554,412.7699890136719
2026-05-28,MSFT,319,426.18768310546875
2026-05-28,AAPL,424,312.24072265625
2026-05-28,AMZN,484,274.0
2026-05-28,NVDA,623,213.76138305664062
2026-05-29,GLD,552,417.1199951171875
2026-05-29,MSFT,310,449.3940124511719
2026-05-29,AAPL,428,311.7911071777344
2026-05-29,AMZN,492,270.6400146484375
2026-05-29,NVDA,624,210.6584930419922
2026-06-01,GLD,561,411.260009765625
2026-06-01,MSFT,290,459.6546936035156
2026-06-01,AAPL,434,306.0460510253906
2026-06-01,AMZN,504,261.260009765625
2026-06-01,NVDA,624,223.8483428955078
2026-06-02,GLD,556,411.95001220703125
2026-06-02,MSFT,300,440.48077392578125
2026-06-02,AAPL,436,314.92840576171875
2026-06-02,AMZN,521,256.5199890136719
2026-06-02,NVDA,592,222.3118438720703
2026-06-02,SNOW,-1924,261.1400146484375
2026-06-03,GLD,562,407.8699951171875
2026-06-03,MSFT,306,426.53704833984375
2026-06-03,AAPL,427,309.9926452636719
2026-06-03,AMZN,526,250.02000427246094
2026-06-03,NVDA,605,214.26025390625
2026-06-03,SNOW,-1950,241.27999877929688
2026-06-04,GLD,575,411.2699890136719
2026-06-04,MSFT,107,427.2456970214844
2026-06-04,AAPL,443,310.9618225097656
2026-06-04,AMZN,548,253.7899932861328
2026-06-04,NVDA,649,218.4156036376953
2026-06-04,SNOW,-2164,244.17999267578125
2026-06-05,GLD,588,396.239990234375
2026-06-05,MSFT,324,415.8870849609375
2026-06-05,AAPL,443,307.0751647949219
2026-06-05,AMZN,546,246.02999877929688
2026-06-05,NVDA,648,204.87075805664062
2026-06-05,SNOW,-2181,238.25999450683594
2026-06-08,GLD,983,397.2699890136719
2026-06-08,MSFT,1,410.9663391113281
2026-06-08,NVDA,1,208.40679931640625
2026-06-08,SNOW,-2174,240.4499969482422
2026-06-09,GLD,591,390.7799987792969
2026-06-09,MSFT,335,402.6520080566406
2026-06-09,NVDA,651,207.95730590820312
2026-06-09,AAPL,456,290.29962158203125
2026-06-09,AMZN,553,244.19000244140625
2026-06-10,GLD,599,374.5799865722656
2026-06-10,MSFT,335,396.61334228515625
2026-06-10,NVDA,652,200.19598388671875
2026-06-10,AAPL,458,291.3287353515625
2026-06-10,AMZN,547,238.0
2026-06-11,GLD,1007,386.32000732421875
2026-06-12,GLD,595,386.5400085449219
2026-06-12,MSFT,342,390.00579833984375
2026-06-12,AAPL,452,290.879150390625
2026-06-12,NVDA,653,204.96066284179688
2026-06-12,AMZN,549,238.5500030517578
2026-06-15,GLD,583,396.54998779296875
2026-06-15,MSFT,342,399.0088806152344
2026-06-15,AAPL,461,296.1645812988281
2026-06-15,NVDA,651,212.21253967285156
2026-06-15,AMZN,553,246.02000427246094
2026-06-16,GLD,586,397.6300048828125
2026-06-16,MSFT,344,393.0899963378906
2026-06-16,AAPL,461,298.9821472167969
2026-06-16,NVDA,646,207.1781768798828
2026-06-16,AMZN,549,246.0
2026-06-17,GLD,585,388.6000061035156
2026-06-17,MSFT,348,378.1980285644531
2026-06-17,AAPL,452,295.6949768066406
2026-06-17,NVDA,651,204.42124938964844
2026-06-17,AMZN,553,237.5
2026-06-18,GLD,585,387.1199951171875
2026-06-18,MSFT,354,378.6871032714844
2026-06-18,AAPL,449,297.7532043457031
2026-06-18,NVDA,646,210.4545135498047
2026-06-18,AMZN,556,244.38999938964844
2026-06-22,GLD,594,384.5899963378906
2026-06-22,MSFT,355,366.6497802734375
2026-06-22,AAPL,449,296.75408935546875
2026-06-22,NVDA,631,208.41677856445312
2026-06-22,AMZN,555,232.7899932861328
2026-06-23,GLD,594,377.32000732421875
2026-06-23,MSFT,353,373.23736572265625
2026-06-23,AAPL,441,294.04638671875
2026-06-23,NVDA,647,199.81640625
2026-06-23,AMZN,562,234.11000061035156
2026-06-24,GLD,607,365.9200134277344
2026-06-24,MSFT,349,364.7733154296875
2026-06-24,AAPL,439,292.8274230957031
2026-06-24,NVDA,647,198.77757263183594
2026-06-24,AMZN,554,234.27000427246094
2026-06-25,GLD,598,369.4599914550781
2026-06-25,MSFT,355,352.1670227050781
2026-06-25,AAPL,447,274.91290283203125
2026-06-25,NVDA,644,195.52122497558594
2026-06-25,AMZN,554,227.00999450683594
2026-06-26,GLD,583,373.6300048828125
2026-06-26,MSFT,237,372.2691955566406
2026-06-26,AAPL,460,283.53546142578125
2026-06-26,NVDA,656,192.31480407714844
2026-06-26,AMZN,556,232.69000244140625
2026-06-29,GLD,595,368.5799865722656
2026-06-29,MSFT,341,367.8774719238281
2026-06-29,AAPL,450,281.4972229003906
2026-06-29,NVDA,664,194.7520751953125
2026-06-29,AMZN,550,240.13999938964844
2026-06-30,GLD,596,368.3800048828125
2026-06-30,MSFT,346,372.319091796875
2026-06-30,AAPL,457,289.11065673828125
2026-06-30,NVDA,652,199.86634826660156
2026-06-30,AMZN,542,238.33999633789062
2026-07-01,GLD,201,370.6000061035156
2026-07-01,MSFT,403,383.5579528808594
2026-07-01,AAPL,713,294.1263427734375
2026-07-01,NVDA,782,197.35916137695312
2026-07-01,AMZN,639,241.6999969482422
2026-07-02,GLD,199,378.1300048828125
2026-07-02,MSFT,403,389.7562561035156
2026-07-02,AAPL,716,308.3640441894531
2026-07-02,NVDA,783,194.61224365234375
2026-07-02,AMZN,639,242.6699981689453
2026-07-06,GLD,199,382.1300048828125
2026-07-06,MSFT,404,386.0133056640625
2026-07-06,AAPL,694,312.3905944824219
2026-07-06,NVDA,804,195.33143615722656
2026-07-06,AMZN,640,244.16000366210938
2026-07-07,GLD,200,377.489990234375
2026-07-07,MSFT,403,388.109375
2026-07-07,AAPL,684,310.3923034667969
2026-07-07,NVDA,821,196.7098846435547
2026-07-07,AMZN,640,245.97999572753906
2026-07-08,GLD,610,374.45001220703125
2026-07-08,MSFT,347,382.6197204589844
2026-07-08,AAPL,427,313.1199645996094
2026-07-08,NVDA,682,203.891845703125
2026-07-08,AMZN,544,243.6199951171875
2026-07-09,GLD,604,378.17999267578125
2026-07-09,MSFT,356,383.6377868652344
2026-07-09,AAPL,429,315.947509765625
2026-07-09,NVDA,653,202.5533447265625
2026-07-09,AMZN,555,247.0399932861328
2026-07-10,GLD,615,377.010009765625
2026-07-10,MSFT,348,384.37640380859375
2026-07-10,AAPL,429,315.0483093261719
2026-07-10,NVDA,667,210.72421264648438
2026-07-10,AMZN,540,245.33999633789062
2026-07-13,GLD,619,367.1300048828125
2026-07-13,MSFT,348,390.2553405761719
2026-07-13,AAPL,426,317.03656005859375
2026-07-13,NVDA,648,203.30250549316406
2026-07-13,AMZN,550,247.30999755859375
2026-07-14,GLD,616,372.1499938964844
2026-07-14,MSFT,352,384.20672607421875
2026-07-14,AAPL,429,314.58868408203125
2026-07-14,NVDA,647,211.5632781982422
2026-07-14,AMZN,548,247.49000549316406
2026-07-15,GLD,624,372.3500061035156
2026-07-15,MSFT,351,394.8866271972656
2026-07-15,AAPL,428,327.2178039550781
2026-07-15,NVDA,641,212.26248168945312
2026-07-15,AMZN,543,254.9600067138672
2026-07-16,GLD,637,364.9599914550781
2026-07-16,MSFT,344,400.3463439941406
2026-07-16,AAPL,418,332.97283935546875
2026-07-16,NVDA,651,207.16818237304688
2026-07-16,AMZN,536,249.88999938964844
2026-07-17,GLD,635,368.4100036621094
2026-07-17,MSFT,342,393.08001708984375
2026-07-17,AAPL,407,333.452392578125
2026-07-17,NVDA,665,202.58331298828125
2026-07-17,AMZN,551,247.22999572753906
2026-07-20,GLD,633,367.6000061035156
2026-07-20,MSFT,347,401.53411865234375
2026-07-20,AAPL,407,326.3085632324219
2026-07-20,NVDA,661,203.05279541015625
2026-07-20,AMZN,546,249.99000549316406
2026-07-21,GLD,628,374.80999755859375
2026-07-21,MSFT,342,397.00262451171875
2026-07-21,AAPL,421,327.45758056640625
2026-07-21,NVDA,657,207.0583038330078
2026-07-21,AMZN,546,247.5500030517578
2026-07-22,GLD,620,379.1199951171875
2026-07-22,MSFT,343,389.6065673828125
2026-07-22,AAPL,418,325.60919189453125
2026-07-22,NVDA,665,211.82298278808594
2026-07-22,AMZN,551,244.85000610351562
2026-07-23,GLD,620,371.5199890136719
2026-07-23,MSFT,345,380.8630065917969
2026-07-23,AAPL,418,321.3828430175781
2026-07-23,NVDA,644,208.5266571044922
2026-07-23,AMZN,570,233.66000366210938
2026-07-24,GLD,619,371.8999938964844
2026-07-24,MSFT,346,380.9828186035156
2026-07-24,AAPL,417,332.7330322265625
2026-07-24,NVDA,646,206.6088104248047
2026-07-24,AMZN,571,232.11000061035156
2026-07-27,GLD,621,374.6300048828125
2026-07-27,MSFT,347,388.368896484375
2026-07-27,AAPL,406,336.61968994140625
2026-07-27,NVDA,651,196.2903594970703
2026-07-27,AMZN,574,231.38999938964844
2026-07-28,GLD,621,369.3699951171875
2026-07-28,MSFT,342,392.61090087890625
2026-07-28,AAPL,395,339.78692626953125
2026-07-28,NVDA,687,196.789794921875
2026-07-28,AMZN,575,230.86000061035156
2026-07-29,GLD,621,371.0799865722656
2026-07-29,MSFT,341,389.8061828613281
2026-07-29,AAPL,394,337.8985900878906
2026-07-29,NVDA,683,189.79762268066406
2026-07-29,AMZN,582,226.64999389648438
2026-07-30,GLD,1040,377.1600036621094
2026-07-31,GLD,628,371.5400085449219
2026-07-31,MSFT,302,463.8468017578125
2026-07-31,AAPL,445,308.6438293457031
2026-07-31,NVDA,684,200.52561950683594
2026-07-31,AMZN,512,271.5799865722656
2026-08-03,GLD,640,371.7099914550781
2026-08-03,MSFT,291,486.73370361328125
2026-08-03,AAPL,446,303.1585693359375
2026-08-03,NVDA,699,206.40904235839844
2026-08-03,AMZN,497,284.0199890136719
2026-08-04,GLD,640,374.1600036621094
2026-08-04,MSFT,291,491.884033203125
2026-08-04,AAPL,461,309.1134033203125
2026-08-04,NVDA,662,211.70310974121094
2026-08-04,AMZN,505,277.4200134277344
2026-08-05,GLD,637,389.6400146484375
2026-08-05,MSFT,289,486.5440673828125
2026-08-05,AAPL,462,310.7320251464844
2026-08-05,NVDA,660,218.9749755859375
2026-08-05,AMZN,507,272.6499938964844
2026-08-06,GLD,631,389.6700134277344
2026-08-06,MSFT,293,498.9207458496094
2026-08-06,AAPL,456,312.14080810546875
2026-08-06,NVDA,648,218.7452392578125
2026-08-06,AMZN,524,272.260009765625
2026-08-07,GLD,620,398.4700012207031
2026-08-07,MSFT,290,499.0505065917969
2026-08-07,AAPL,464,313.05999755859375
2026-08-07,NVDA,652,223.70968627929688
2026-08-07,AMZN,529,274.4800109863281
2026-08-10,GLD,622,402.5400085449219
2026-08-10,MSFT,288,505.109130859375
2026-08-10,AAPL,470,308.260009765625
2026-08-10,NVDA,648,217.3068389892578
2026-08-10,AMZN,528,278.0899963378906
2026-08-11,GLD,618,400.9599914550781
2026-08-11,MSFT,288,502.86334228515625
2026-08-11,AAPL,472,304.9100036621094
2026-08-11,NVDA,655,217.25689697265625
2026-08-11,AMZN,522,272.2699890136719
2026-08-12,GLD,612,404.9200134277344
2026-08-12,MSFT,289,491.5047302246094
2026-08-12,AAPL,474,302.25
2026-08-12,NVDA,655,223.8395233154297
2026-08-12,AMZN,529,267.2799987792969
2026-08-13,GLD,613,398.9599914550781
2026-08-13,MSFT,292,495.9463806152344
2026-08-13,AAPL,473,305.260009765625
2026-08-13,NVDA,640,225.04818725585938
2026-08-13,AMZN,538,265.1300048828125
2026-08-14,GLD,614,401.4800109863281
2026-08-14,MSFT,291,494.4691467285156
2026-08-14,AAPL,471,305.92999267578125
2026-08-14,NVDA,637,224.90834045410156
2026-08-14,AMZN,544,262.6499938964844
2026-08-17,GLD,613,405.489990234375
2026-08-17,MSFT,293,479.44744873046875
2026-08-17,AAPL,470,305.5899963378906
2026-08-17,NVDA,637,224.7584991455078
2026-08-17,AMZN,542,261.30999755859375
2026-08-18,GLD,608,398.54998779296875
2026-08-18,MSFT,296,480.72503662109375
2026-08-18,AAPL,464,310.0299987792969
2026-08-18,NVDA,647,219.49440002441406
2026-08-18,AMZN,547,259.45001220703125
2026-08-19,GLD,602,413.8399963378906
2026-08-19,MSFT,299,483.3999938964844
2026-08-19,AAPL,463,316.8299865722656
2026-08-19,NVDA,647,217.31683349609375
2026-08-19,AMZN,549,265.8399963378906
2026-08-20,GLD,602,415.260009765625
2026-08-20,MSFT,299,481.1499938964844
2026-08-20,AAPL,455,311.29998779296875
2026-08-20,NVDA,660,216.60763549804688
2026-08-20,AMZN,548,260.1099853515625
2026-08-21,GLD,589,423.3599853515625
2026-08-21,MSFT,300,483.239990234375
2026-08-21,AAPL,462,309.3500061035156
2026-08-21,NVDA,661,214.48001098632812
2026-08-21,AMZN,553,258.6300048828125
2026-08-24,GLD,580,426.69000244140625
2026-08-24,MSFT,300,487.30999755859375
2026-08-24,AAPL,465,310.3399963378906
2026-08-24,NVDA,672,208.24697875976562
2026-08-24,AMZN,558,262.07000732421875
2026-08-25,GLD,584,428.07000732421875
2026-08-25,MSFT,297,491.7099914550781
2026-08-25,AAPL,464,309.8999938964844
2026-08-25,NVDA,683,212.81187438964844
2026-08-25,AMZN,550,261.05999755859375
2026-08-26,GLD,584,421.32000732421875
2026-08-26,MSFT,296,496.3699951171875
2026-08-26,AAPL,465,313.45001220703125
2026-08-26,NVDA,680,209.4256591796875
2026-08-26,AMZN,552,260.2799987792969
2026-08-27,GLD,592,422.6000061035156
2026-08-27,MSFT,294,505.05999755859375
2026-08-27,AAPL,468,314.5799865722656
2026-08-27,NVDA,654,227.7251739501953
2026-08-27,AMZN,560,256.260009765625
2026-08-28,GLD,596,408.8900146484375
2026-08-28,MSFT,291,513.530029296875
2026-08-28,AAPL,464,319.70001220703125
2026-08-28,NVDA,647,217.3068389892578
2026-08-28,AMZN,379,266.42999267578125
2026-08-31,GLD,611,408.4200134277344
2026-08-31,MSFT,285,507.2900085449219
2026-08-31,AAPL,455,316.8500061035156
2026-08-31,NVDA,665,220.53323364257812
2026-08-31,AMZN,551,259.7699890136719
2026-09-01,GLD,614,396.75
2026-09-01,MSFT,286,501.0199890136719
2026-09-01,AAPL,451,325.1300048828125
2026-09-01,NVDA,660,217.1969757080078
2026-09-01,AMZN,560,254.9199981689453
2026-09-02,GLD,616,402.7799987792969
2026-09-02,MSFT,287,496.82000732421875
2026-09-02,AAPL,440,324.9599914550781
2026-09-02,NVDA,659,224.1591796875
2026-09-02,AMZN,565,254.97999572753906
2026-09-03,GLD,609,410.2200012207031
2026-09-03,MSFT,290,510.1199951171875
2026-09-03,AAPL,448,328.2099914550781
2026-09-03,NVDA,646,228.1946563720703
2026-09-03,AMZN,568,258.8999938964844
2026-09-04,GLD,620,406.7699890136719
2026-09-04,MSFT,288,499.70001220703125
2026-09-04,AAPL,447,319.9700012207031
2026-09-04,NVDA,635,230.10252380371094
2026-09-04,AMZN,566,258.510009765625
2026-09-08,GLD,616,399.7200012207031
2026-09-08,MSFT,293,493.95001220703125
2026-09-08,AAPL,456,316.2200012207031
2026-09-08,NVDA,623,225.47769165039062
2026-09-08,AMZN,565,256.9700012207031
2026-09-09,GLD,608,403.3500061035156
2026-09-09,MSFT,292,491.6499938964844
2026-09-09,AAPL,456,315.3399963378906
2026-09-09,NVDA,639,223.4199981689453
2026-09-09,AMZN,568,252.39999389648438
2026-09-10,GLD,611,396.3599853515625
2026-09-10,MSFT,292,492.44000244140625
2026-09-10,AAPL,450,326.57000732421875
2026-09-10,NVDA,645,218.36000061035156
2026-09-10,AMZN,569,251.88999938964844
2026-09-11,GLD,614,398.7699890136719
2026-09-11,MSFT,292,495.6300048828125
2026-09-11,AAPL,441,332.2699890136719
2026-09-11,NVDA,652,218.2899932861328
2026-09-11,AMZN,568,256.7799987792969
2026-09-14,GLD,624,392.8399963378906
2026-09-14,MSFT,288,505.4100036621094
2026-09-14,AAPL,427,333.0799865722656
2026-09-14,NVDA,675,210.9600067138672
2026-09-14,AMZN,564,253.5399932861328
2026-09-15,GLD,623,394.1499938964844
2026-09-15,MSFT,286,497.1199951171875
2026-09-15,AAPL,432,331.3399963378906
2026-09-15,NVDA,670,212.1699981689453
2026-09-15,AMZN,566,248.4199981689453
2026-09-16,GLD,615,391.739990234375
2026-09-16,MSFT,289,490.29998779296875
2026-09-16,AAPL,430,332.4100036621094
2026-09-16,NVDA,668,213.89999389648438
2026-09-16,AMZN,576,245.9600067138672
2026-09-17,GLD,617,398.3599853515625
2026-09-17,MSFT,289,497.75
2026-09-17,AAPL,430,337.0
2026-09-17,NVDA,660,219.33999633789062
2026-09-17,AMZN,192,251.19000244140625
2026-09-18,GLD,207,401.1700134277344
2026-09-18,MSFT,342,493.7799987792969
2026-09-18,AAPL,687,336.1300048828125
2026-09-18,NVDA,776,222.27000427246094
2026-09-18,AMZN,673,253.7100067138672
2026-09-21,GLD,207,398.3800048828125
2026-09-21,MSFT,344,501.6099853515625
2026-09-21,AAPL,694,338.9800109863281
2026-09-21,NVDA,766,227.3800048828125
2026-09-21,AMZN,666,258.45001220703125
2026-09-22,GLD,631,400.07000732421875
2026-09-22,MSFT,289,498.0
2026-09-22,AAPL,431,339.75
2026-09-22,NVDA,645,228.8699951171875
2026-09-22,AMZN,574,254.97999572753906
2026-09-23,GLD,211,392.8800048828125
2026-09-23,MSFT,343,500.5899963378906
2026-09-23,AAPL,687,337.0199890136719
2026-09-23,NVDA,753,225.50999450683594
2026-09-23,AMZN,679,249.27000427246094
2026-09-24,GLD,627,391.69000244140625
2026-09-24,MSFT,290,497.92999267578125
2026-09-24,AAPL,427,335.9200134277344
2026-09-24,NVDA,646,224.5800018310547
2026-09-24,AMZN,584,249.3800048828125
2026-09-25,GLD,630,393.4100036621094
2026-09-25,MSFT,289,516.1699829101562
2026-09-25,AAPL,428,341.07000732421875
2026-09-25,NVDA,641,225.07000732421875
2026-09-25,AMZN,580,249.6699981689453
2026-09-28,GLD,649,377.9100036621094
2026-09-28,MSFT,285,509.2200012207031
2026-09-28,AAPL,423,338.3999938964844
2026-09-28,NVDA,626,228.86000061035156
2026-09-28,AMZN,583,246.14999389648438
2026-09-29,GLD,648,382.8900146484375
2026-09-29,MSFT,284,508.9599914550781
2026-09-29,AAPL,427,329.3999938964844
2026-09-29,NVDA,624,227.2100067138672
2026-09-29,AMZN,583,246.6699981689453
2026-09-30,GLD,642,380.8399963378906
2026-09-30,MSFT,282,512.9000244140625
2026-09-30,AAPL,434,333.0199890136719
2026-09-30,NVDA,627,228.3800048828125
2026-09-30,AMZN,583,249.14999389648438
2026-10-01,GLD,648,382.760009765625
2026-10-01,MSFT,278,512.7999877929688
2026-10-01,AAPL,437,330.32000732421875
2026-10-01,NVDA,628,230.86000061035156
2026-10-01,AMZN,575,248.22999572753906
2026-10-02,GLD,648,380.1400146484375
2026-10-02,MSFT,280,517.530029296875
2026-10-02,AAPL,437,333.69000244140625
2026-10-02,NVDA,617,233.9499969482422
2026-10-02,AMZN,578,251.52000427246094
2026-10-05,GLD,653,379.54998779296875
2026-10-05,MSFT,279,525.1799926757812
2026-10-05,AAPL,436,332.8900146484375
2026-10-05,NVDA,615,238.89999389648438
2026-10-05,AMZN,579,251.39999389648438
