date,symbol,shares,price,commission,reason
2015-10-19,MSFT,164,40.98755566834268,1.0,rebalance
2015-10-19,AAPL,272,24.810433269882186,1.36,rebalance
2015-10-19,GLD,399,112.6512633895874,1.995,rebalance
2015-10-19,NVDA,9961,0.6776757311105672,49.805,rebalance
2015-10-19,AMZN,236,28.540853906822203,1.18,rebalance
2015-10-20,AAPL,-1,24.92636461375955,1.0,rebalance
2015-10-20,NVDA,76,0.671371728534899,1.0,rebalance
2015-10-21,MSFT,-1,41.41143912485547,1.0,rebalance
2015-10-21,AAPL,-6,25.52188012891839,1.0,rebalance
2015-10-21,NVDA,-70,0.6772976806157293,1.0,rebalance
2015-10-21,GLD,1,112.38123974685669,1.0,rebalance
2015-10-21,AMZN,3,28.196319868850708,1.0,rebalance
2015-10-22,AAPL,-2,25.595756504925724,1.0,rebalance
2015-10-22,GLD,1,111.53114864273071,1.0,rebalance
2015-10-22,NVDA,29,0.672341389692492,1.0,rebalance
2015-10-23,GLD,-156,111.79881655883788,1.0,rebalance
2015-10-23,MSFT,190,45.2055956517122,1.0,rebalance
2015-10-23,AAPL,348,26.1315643317076,1.74,rebalance
2015-10-23,AMZN,277,30.88708917827606,1.385,rebalance
2015-10-23,NVDA,12990,0.694647780523351,64.95,rebalance
2015-10-26,MSFT,-2,45.39529861446076,1.0,rebalance
2015-10-26,AAPL,-8,26.43528284619616,1.0,rebalance
2015-10-26,NVDA,-25,0.6935394830320185,1.0,rebalance
2015-10-26,AMZN,12,30.118011271095277,1.0,rebalance
2015-10-27,MSFT,-9,46.65701701961267,1.0,rebalance
2015-10-27,AMZN,-4,30.426957305145265,1.0,rebalance
2015-10-27,AAPL,13,25.840464875157434,1.0,rebalance
2015-10-27,NVDA,229,0.6866467463578044,1.145,rebalance
2015-10-28,AAPL,-3,26.177828969780503,1.0,rebalance
2015-10-28,GLD,-1,112.66873230514527,1.0,rebalance
2015-10-28,NVDA,-89,0.6937817609192208,1.0,rebalance
2015-10-28,MSFT,4,46.27737464027575,1.0,rebalance
2015-10-29,MSFT,-1,46.26811672882718,1.0,rebalance
2015-10-29,AAPL,-12,26.574088452544263,1.0,rebalance
2015-10-29,AMZN,-7,30.88191172885895,1.0,rebalance
2015-10-29,GLD,4,110.24102635726929,1.0,rebalance
2015-10-29,NVDA,232,0.6839798309908725,1.16,rebalance
2015-10-30,AAPL,-11,27.086772089681304,1.0,rebalance
2015-10-30,AMZN,-6,31.297370819664003,1.0,rebalance
2015-10-30,MSFT,1,46.08722767489579,1.0,rebalance
2015-10-30,GLD,2,109.51095,1.0,rebalance
2015-10-30,NVDA,225,0.6784031623117269,1.125,rebalance
2015-11-02,AMZN,-1,31.35336497554779,1.0,rebalance
2015-11-02,NVDA,-416,0.6899031506321984,2.08,rebalance
2015-11-02,MSFT,3,45.68097879386023,1.0,rebalance
2015-11-02,GLD,1,108.6508633895874,1.0,rebalance
2015-11-03,AMZN,-3,31.473351907539367,1.0,rebalance
2015-11-03,NVDA,-78,0.6915998963141035,1.0,rebalance
2015-11-03,GLD,2,107.80077991561889,1.0,rebalance
2015-11-04,MSFT,-7,46.821203566325586,1.0,rebalance
2015-11-04,AAPL,-9,27.565860582302076,1.0,rebalance
2015-11-04,GLD,3,107.03069864273071,1.0,rebalance
2015-11-04,AMZN,3,31.391139288330077,1.0,rebalance
2015-11-04,NVDA,175,0.6890715136152532,1.0,rebalance
2015-11-05,MSFT,-1,47.08910146559405,1.0,rebalance
2015-11-05,AMZN,-14,32.351764042282106,1.0,rebalance
2015-11-05,AAPL,3,27.40155029847546,1.0,rebalance
2015-11-05,GLD,3,106.0206031364441,1.0,rebalance
2015-11-05,NVDA,225,0.6830098679473254,1.125,rebalance
2015-11-06,AMZN,-2,32.746725,1.0,rebalance
2015-11-06,NVDA,-1586,0.7381429266231666,7.930000000000001,rebalance
2015-11-06,MSFT,4,46.75277155966795,1.0,rebalance
2015-11-06,AAPL,9,27.235141012468315,1.0,rebalance
2015-11-06,GLD,6,104.18041516876221,1.0,rebalance
2015-11-09,NVDA,-419,0.7572933898091255,2.095,rebalance
2015-11-09,AAPL,4,27.20140634132518,1.0,rebalance
2015-11-09,GLD,2,104.30042991561889,1.0,rebalance
2015-11-10,GLD,-2,104.07958733825684,1.0,rebalance
2015-11-10,NVDA,-55,0.751475565923322,1.0,rebalance
2015-11-10,AAPL,14,26.28839755228474,1.0,rebalance
2015-11-11,AMZN,-8,33.159182224273685,1.0,rebalance
2015-11-11,MSFT,1,46.415682072989135,1.0,rebalance
2015-11-11,AAPL,3,26.16921324673033,1.0,rebalance
2015-11-11,NVDA,122,0.7475042939519158,1.0,rebalance
2015-11-12,AMZN,-9,33.64663652572632,1.0,rebalance
2015-11-12,MSFT,1,46.22551927261487,1.0,rebalance
2015-11-12,GLD,1,103.10030533752442,1.0,rebalance
2015-11-12,NVDA,209,0.738048285004577,1.045,rebalance
2015-11-13,MSFT,-347,45.861964318331125,1.735,rebalance
2015-11-13,AAPL,-614,25.90092418866412,3.0700000000000003,rebalance
2015-11-13,NVDA,-21735,0.7376582116964124,108.675,rebalance
2015-11-13,AMZN,-477,33.175183279037476,2.3850000000000002,rebalance
2015-11-13,GLD,174,103.5503549156189,1.0,rebalance
2015-11-17,GLD,-175,103.36965925369263,1.0,rebalance
2015-11-17,MSFT,344,46.26734107396178,1.72,rebalance
2015-11-17,AAPL,617,25.843137168931346,3.085,rebalance
2015-11-17,NVDA,21583,0.7390181704129449,107.915,rebalance
2015-11-17,AMZN,490,32.5357544708252,2.45,rebalance
2015-11-18,AAPL,-6,26.026828994728316,1.0,rebalance
2015-11-18,NVDA,-116,0.7399724200098152,1.0,rebalance
2015-11-18,AMZN,1,32.32873303833008,1.0,rebalance
2015-11-19,AAPL,-1,26.44951420868636,1.0,rebalance
2015-11-19,AMZN,-5,33.24617532463074,1.0,rebalance
2015-11-19,NVDA,-178,0.7577358882672106,1.0,rebalance
2015-11-19,GLD,3,103.0803066947937,1.0,rebalance
2015-11-20,AAPL,-4,26.800264464349386,1.0,rebalance
2015-11-20,NVDA,-18,0.7628459256668338,1.0,rebalance
2015-11-23,AAPL,-1,26.81599803554072,1.0,rebalance
2015-11-23,AMZN,-2,33.57164326286316,1.0,rebalance
2015-11-23,NVDA,-211,0.7701458987593249,1.055,rebalance
2015-11-23,GLD,3,102.49025135726929,1.0,rebalance
2015-11-24,GLD,-2,103.10969074630738,1.0,rebalance
2015-11-24,AMZN,-5,33.703630032348634,1.0,rebalance
2015-11-24,AAPL,6,26.385094865219898,1.0,rebalance
2015-11-24,NVDA,391,0.7525330766952436,1.955,rebalance
2015-11-25,AAPL,-7,26.802512390867424,1.0,rebalance
2015-11-25,NVDA,-78,0.7570057355018022,1.0,rebalance
2015-11-25,GLD,1,102.48024822082519,1.0,rebalance
2015-11-27,AMZN,-5,34.036596915435794,1.0,rebalance
2015-11-27,NVDA,-144,0.7589526052256784,1.0,rebalance
2015-11-27,AAPL,1,26.600980761136142,1.0,rebalance
2015-11-27,GLD,3,101.02010313644409,1.0,rebalance
2015-11-30,MSFT,-3,47.44999111215008,1.0,rebalance
2015-11-30,NVDA,-89,0.7645490790977114,1.0,rebalance
2015-11-30,AAPL,4,26.53351315780999,1.0,rebalance
2015-11-30,AMZN,4,33.79837766876221,1.0,rebalance
2015-12-01,NVDA,-278,0.7786625682392171,1.3900000000000001,rebalance
2015-12-01,MSFT,2,47.34636534809137,1.0,rebalance
2015-12-01,AMZN,4,33.69086875,1.0,rebalance
2015-12-02,MSFT,-4,48.12859016404324,1.0,rebalance
2015-12-02,AMZN,-3,34.046594237136844,1.0,rebalance
2015-12-02,NVDA,-431,0.7981289003688025,2.1550000000000002,rebalance
2015-12-02,AAPL,9,26.387344711357844,1.0,rebalance
2015-12-02,GLD,2,101.3601334739685,1.0,rebalance
2015-12-03,MSFT,-1,48.27649832625021,1.0,rebalance
2015-12-03,NVDA,-6,0.7971557515019617,1.0,rebalance
2015-12-03,AAPL,3,26.20968797493486,1.0,rebalance
2015-12-04,GLD,-5,102.72972386398315,1.0,rebalance
2015-12-04,MSFT,5,47.09401257916992,1.0,rebalance
2015-12-04,AAPL,3,25.926345133777662,1.0,rebalance
2015-12-04,AMZN,6,33.303329236984254,1.0,rebalance
2015-12-04,NVDA,77,0.7892834612457623,1.0,rebalance
2015-12-07,MSFT,-3,48.537504599941556,1.0,rebalance
2015-12-07,AAPL,-7,26.7508024952536,1.0,rebalance
2015-12-07,NVDA,-405,0.8210020842241537,2.025,rebalance
2015-12-07,GLD,3,103.3303316947937,1.0,rebalance
2015-12-07,AMZN,4,33.74037321166992,1.0,rebalance
2015-12-08,MSFT,-1,48.25910326163553,1.0,rebalance
2015-12-08,GLD,-1,103.11968425369263,1.0,rebalance
2015-12-08,AMZN,3,33.15981742019653,1.0,rebalance
2015-12-08,NVDA,411,0.7958547968346101,2.055,rebalance
2015-12-09,AMZN,-6,33.89661152572632,1.0,rebalance
2015-12-09,NVDA,-343,0.816378609132042,1.715,rebalance
2015-12-09,MSFT,2,48.18173413509737,1.0,rebalance
2015-12-09,AAPL,5,26.454812661571328,1.0,rebalance
2015-12-10,MSFT,-3,48.18950675744218,1.0,rebalance
2015-12-10,AAPL,1,26.095006265505873,1.0,rebalance
2015-12-10,AMZN,3,33.282827003860476,1.0,rebalance
2015-12-10,NVDA,218,0.7985322140390411,1.09,rebalance
2015-12-11,NVDA,-81,0.7944788060996456,1.0,rebalance
2015-12-11,AMZN,6,32.56475669937134,1.0,rebalance
2015-12-14,GLD,-138,102.56974383087159,1.0,rebalance
2015-12-14,MSFT,73,47.276754895566704,1.0,rebalance
2015-12-14,AAPL,148,25.226969139036715,1.0,rebalance
2015-12-14,AMZN,111,32.090710276031494,1.0,rebalance
2015-12-14,NVDA,4291,0.7914738678750375,21.455000000000002,rebalance
2015-12-15,MSFT,-411,48.42440110964442,2.055,rebalance
2015-12-15,AAPL,-771,25.16796310877185,3.855,rebalance
2015-12-15,NVDA,-24593,0.8015356361873144,122.965,rebalance
2015-12-15,AMZN,-606,33.24817402610779,3.0300000000000002,rebalance
2015-12-15,GLD,321,101.7201700843811,1.605,rebalance
2015-12-16,GLD,-2,102.57973733825683,1.0,rebalance
2015-12-16,MSFT,144,48.329663273507286,1.0,rebalance
2015-12-16,AAPL,279,24.97735320758247,1.395,rebalance
2015-12-16,NVDA,8669,0.8041294810553276,43.345,rebalance
2015-12-16,AMZN,210,33.18131920394897,1.05,rebalance
2015-12-17,GLD,-177,100.90990616912842,1.0,rebalance
2015-12-17,MSFT,186,49.04321382522862,1.0,rebalance
2015-12-17,AAPL,364,25.190980170490054,1.82,rebalance
2015-12-17,AMZN,266,34.0034,1.33,rebalance
2015-12-17,NVDA,11365,0.8085105344491573,56.825,rebalance
2015-12-18,MSFT,-188,48.520106752901924,1.0,rebalance
2015-12-18,AAPL,-362,24.48671956109252,1.81,rebalance
2015-12-18,AMZN,-270,33.429155681991574,1.35,rebalance
2015-12-18,NVDA,-11345,0.7893690870560397,56.725,rebalance
2015-12-18,GLD,175,101.3601334739685,1.0,rebalance
2015-12-21,GLD,-4,102.93970194854737,1.0,rebalance
2015-12-21,MSFT,2,47.755336864987136,1.0,rebalance
2015-12-21,AAPL,4,24.125055072752282,1.0,rebalance
2015-12-21,NVDA,24,0.7907438543656232,1.0,rebalance
2015-12-22,NVDA,-119,0.8029955284742998,1.0,rebalance
2015-12-23,MSFT,-1,48.45919459410232,1.0,rebalance
2015-12-23,NVDA,-15,0.8025088411457234,1.0,rebalance
2015-12-23,GLD,1,102.4102415260315,1.0,rebalance
2015-12-24,GLD,-179,102.80971769485474,1.0,rebalance
2015-12-24,MSFT,188,48.60812217066367,1.0,rebalance
2015-12-24,AAPL,372,24.51185653705924,1.86,rebalance
2015-12-24,AMZN,279,33.17081629219055,1.395,rebalance
2015-12-24,NVDA,11504,0.8021824613159911,57.52,rebalance
2015-12-28,AMZN,-3,33.274672077941894,1.0,rebalance
2015-12-28,NVDA,-18,0.7986156216319004,1.0,rebalance
2015-12-28,MSFT,1,48.16432398831789,1.0,rebalance
2015-12-28,AAPL,5,24.19476908570612,1.0,rebalance
2015-12-29,MSFT,-2,48.972497286932644,1.0,rebalance
2015-12-29,AMZN,-6,33.895608360672,1.0,rebalance
2015-12-29,NVDA,-78,0.8068888300344762,1.0,rebalance
2015-12-29,AAPL,8,24.053099234591528,1.0,rebalance
2015-12-30,AAPL,-5,24.412523912884264,1.0,rebalance
2015-12-30,AMZN,-7,34.59104204521179,1.0,rebalance
2015-12-30,NVDA,-180,0.8188120776887223,1.0,rebalance
2015-12-30,GLD,5,101.4801482208252,1.0,rebalance
2015-12-31,GLD,-1,101.4698553565979,1.0,rebalance
2015-12-31,AAPL,4,24.06434566881982,1.0,rebalance
2015-12-31,NVDA,58,0.8114310875846473,1.0,rebalance
2016-01-04,MSFT,-186,47.25858086744863,1.0,rebalance
2016-01-04,AAPL,-375,23.070258364566843,1.875,rebalance
2016-01-04,AMZN,-262,32.81121745147705,1.31,rebalance
2016-01-04,NVDA,-11238,0.7857190570893805,56.19,rebalance
2016-01-04,GLD,165,103.14031025314331,1.0,rebalance
2016-01-05,MSFT,-1,47.78929393421517,1.0,rebalance
2016-01-05,AAPL,-8,23.77623809706828,1.0,rebalance
2016-01-05,NVDA,-159,0.8025089688535008,1.0,rebalance
2016-01-05,GLD,1,103.14031025314331,1.0,rebalance
2016-01-05,AMZN,3,32.346232804489134,1.0,rebalance
2016-01-06,GLD,-6,104.35956574630737,1.0,rebalance
2016-01-06,AAPL,13,22.613870626412467,1.0,rebalance
2016-01-06,AMZN,7,31.10311038150787,1.0,rebalance
2016-01-06,NVDA,142,0.7873365869739435,1.0,rebalance
2016-01-07,AAPL,-95,22.18666518525265,1.0,rebalance
2016-01-07,GLD,-6,105.81941883087158,1.0,rebalance
2016-01-07,MSFT,4,45.85835954254288,1.0,rebalance
2016-01-07,NVDA,447,0.7481520657757246,2.235,rebalance
2016-01-08,GLD,-298,105.4694553565979,1.49,rebalance
2016-01-08,MSFT,273,45.57120286068814,1.365,rebalance
2016-01-08,AAPL,660,22.161869154675134,3.3000000000000003,rebalance
2016-01-08,AMZN,195,30.986098101615905,1.0,rebalance
2016-01-08,NVDA,8049,0.7464484037454376,40.245,rebalance
2016-01-11,MSFT,-2,45.68388285725895,1.0,rebalance
2016-01-11,AAPL,-7,22.25186354899567,1.0,rebalance
2016-01-11,GLD,-1,105.45945422058105,1.0,rebalance
2016-01-11,AMZN,210,30.62706294937134,1.05,rebalance
2016-01-11,NVDA,9297,0.7218671964477814,46.485,rebalance
2016-01-12,MSFT,-418,45.901392809656215,2.09,rebalance
2016-01-12,AAPL,-857,22.60709962574216,4.285,rebalance
2016-01-12,NVDA,-26403,0.7351059427564111,132.01500000000001,rebalance
2016-01-12,AMZN,-622,31.25937451286316,3.11,rebalance
2016-01-12,GLD,306,104.1004053375244,1.53,rebalance
2016-01-13,MSFT,144,46.81555715705216,1.0,rebalance
2016-01-13,AAPL,300,22.559899794513186,1.5,rebalance
2016-01-13,NVDA,9150,0.7401204944858744,45.75,rebalance
2016-01-13,AMZN,218,31.047105025672913,1.09,rebalance
2016-01-14,MSFT,-144,45.24018846322362,1.0,rebalance
2016-01-14,AAPL,-300,22.024780988714852,1.5,rebalance
2016-01-14,NVDA,-9150,0.6973895036101013,45.75,rebalance
2016-01-14,GLD,-4,103.739625,1.0,rebalance
2016-01-14,AMZN,-218,29.009599512863158,1.09,rebalance
2016-01-15,GLD,-3,104.90950616912842,1.0,rebalance
2016-01-15,MSFT,150,44.64880650306915,1.0,rebalance
2016-01-15,AAPL,310,21.633393454158988,1.55,rebalance
2016-01-15,NVDA,10023,0.6697838115479396,50.115,rebalance
2016-01-15,AMZN,234,28.614860711669923,1.17,rebalance
2016-01-19,MSFT,-150,44.787793463896755,1.0,rebalance
2016-01-19,AAPL,-310,22.125953547343965,1.55,rebalance
2016-01-19,NVDA,-10023,0.6732995845026817,50.115,rebalance
2016-01-19,AMZN,-234,28.85161436691284,1.17,rebalance
2016-01-19,GLD,2,104.07040355834961,1.0,rebalance
2016-01-20,GLD,-2,105.15948116912841,1.0,rebalance
2016-01-25,GLD,-1,105.74942613601685,1.0,rebalance
2016-01-25,MSFT,149,45.19701966713815,1.0,rebalance
2016-01-25,AAPL,295,22.82975165094771,1.475,rebalance
2016-01-25,NVDA,9749,0.6921744479344721,48.745000000000005,rebalance
2016-01-25,AMZN,225,29.902489843177793,1.125,rebalance
2016-01-26,GLD,-2,106.30936769485474,1.0,rebalance
2016-01-26,AMZN,-1,30.169483360290528,1.0,rebalance
2016-01-26,NVDA,-1,0.693009576371893,1.0,rebalance
2016-01-26,AAPL,5,22.47220224860565,1.0,rebalance
2016-01-27,GLD,-171,106.84931461029053,1.0,rebalance
2016-01-27,MSFT,199,45.25793053352302,1.0,rebalance
2016-01-27,AAPL,430,21.597411490466786,2.15,rebalance
2016-01-27,AMZN,299,30.102510606193544,1.495,rebalance
2016-01-27,NVDA,12858,0.6975289146160207,64.29,rebalance
2016-01-28,MSFT,-198,45.11838969102686,1.0,rebalance
2016-01-28,AAPL,-410,21.087215284652185,2.05,rebalance
2016-01-28,AMZN,-301,30.415459050178526,1.5050000000000001,rebalance
2016-01-28,NVDA,-12936,0.6956860255903836,64.68,rebalance
2016-01-28,GLD,167,106.56065805206299,1.0,rebalance
2016-01-29,GLD,-167,106.59933961029053,1.0,rebalance
2016-01-29,MSFT,179,47.624817450427955,1.0,rebalance
2016-01-29,AAPL,415,21.316316790689932,2.075,rebalance
2016-01-29,AMZN,326,28.60186083087921,1.6300000000000001,rebalance
2016-01-29,NVDA,13113,0.6885238460955241,65.565,rebalance
2016-02-01,AAPL,-3,21.68977435289454,1.0,rebalance
2016-02-01,NVDA,-492,0.7119893554484653,2.46,rebalance
2016-02-01,MSFT,3,47.755338027023875,1.0,rebalance
2016-02-01,AMZN,1,28.910390063285828,1.0,rebalance
2016-02-02,MSFT,-188,47.12809057715821,1.0,rebalance
2016-02-02,AAPL,-417,21.453700788878855,2.085,rebalance
2016-02-02,AMZN,-390,28.49715,1.95,rebalance
2016-02-02,NVDA,-12714,0.7056627560927213,63.57,rebalance
2016-02-02,GLD,164,107.9307901687622,1.0,rebalance
2016-02-03,GLD,-167,107.89921266174316,1.0,rebalance
2016-02-03,MSFT,194,46.33695073860028,1.0,rebalance
2016-02-03,AAPL,419,21.363534902877053,2.095,rebalance
2016-02-03,AMZN,407,27.677766736984253,2.035,rebalance
2016-02-03,NVDA,13216,0.6882806969901244,66.08,rebalance
2016-02-04,AAPL,-12,21.669575169981837,1.0,rebalance
2016-02-04,GLD,-7,110.43895194854737,1.0,rebalance
2016-02-04,AMZN,-367,26.247375,1.835,rebalance
2016-02-04,NVDA,-54,0.6871698288832998,1.0,rebalance
2016-02-04,MSFT,6,45.33624609229661,1.0,rebalance
2016-02-05,AAPL,-7,21.818772593007242,1.0,rebalance
2016-02-05,MSFT,1,45.19701306500557,1.0,rebalance
2016-02-05,AMZN,390,26.466647101974488,1.95,rebalance
2016-02-05,NVDA,134,0.681952687497325,1.0,rebalance
2016-02-08,GLD,-14,113.65863116912841,1.0,rebalance
2016-02-08,AMZN,-589,24.321067329597472,2.945,rebalance
2016-02-08,NVDA,-6904,0.6333932798129425,34.52,rebalance
2016-02-08,MSFT,6,43.11729623169485,1.0,rebalance
2016-02-08,AAPL,5,21.056655704785264,1.0,rebalance
2016-02-09,MSFT,-249,42.647583513253906,1.245,rebalance
2016-02-09,AAPL,-415,21.31467268301736,2.075,rebalance
2016-02-09,NVDA,-5276,0.6063833766629291,26.38,rebalance
2016-02-09,GLD,148,114.44144330520629,1.0,rebalance
2016-02-09,AMZN,271,23.902889393806458,1.355,rebalance
2016-02-10,GLD,-262,113.90860616912842,1.31,rebalance
2016-02-10,MSFT,322,43.413158528922004,1.61,rebalance
2016-02-10,AAPL,545,21.687472744753897,2.725,rebalance
2016-02-10,AMZN,478,24.59045814380646,2.39,rebalance
2016-02-10,NVDA,18842,0.6242714569279882,94.21000000000001,rebalance
2016-02-11,GLD,-6,118.57813733825684,1.0,rebalance
2016-02-11,AMZN,-6,24.556044439888,1.0,rebalance
2016-02-11,MSFT,6,42.36025150822496,1.0,rebalance
2016-02-11,AAPL,9,21.205876934493425,1.0,rebalance
2016-02-11,NVDA,695,0.603097305312666,3.475,rebalance
2016-02-12,MSFT,-279,43.717687931442256,1.395,rebalance
2016-02-12,AAPL,-550,21.29207041221512,2.75,rebalance
2016-02-12,AMZN,-485,25.532446347427367,2.4250000000000003,rebalance
2016-02-12,NVDA,-19725,0.6253631770367009,98.625,rebalance
2016-02-12,GLD,261,118.13181474685669,1.305,rebalance
2016-02-16,MSFT,-4,44.601131202275276,1.0,rebalance
2016-02-16,AAPL,-4,21.479689911883064,1.0,rebalance
2016-02-16,AMZN,-6,25.971403530693056,1.0,rebalance
2016-02-16,NVDA,-213,0.6350965200232881,1.065,rebalance
2016-02-16,GLD,5,116.0116,1.0,rebalance
2016-02-17,MSFT,-1,45.11812628945867,1.0,rebalance
2016-02-17,AAPL,-4,21.852681895280607,1.0,rebalance
2016-02-17,AMZN,-3,26.434356574630737,1.0,rebalance
2016-02-17,NVDA,-422,0.6650261553399512,2.11,rebalance
2016-02-17,GLD,3,115.48154822082519,1.0,rebalance
2016-02-18,GLD,-148,115.28847305145264,1.0,rebalance
2016-02-18,MSFT,191,45.863337051326404,1.0,rebalance
2016-02-18,AAPL,391,22.347686557028425,1.955,rebalance
2016-02-18,AMZN,322,27.062205690574647,1.61,rebalance
2016-02-18,NVDA,11367,0.7284383220437411,56.835,rebalance
2016-02-19,GLD,-5,117.24827613601684,1.0,rebalance
2016-02-19,NVDA,-132,0.72707581438454,1.0,rebalance
2016-02-19,AAPL,15,21.705559914316275,1.0,rebalance
2016-02-19,AMZN,18,26.03810312271118,1.0,rebalance
2016-02-22,AMZN,-17,27.10728961029053,1.0,rebalance
2016-02-22,NVDA,-500,0.751409220110974,2.5,rebalance
2016-02-22,AAPL,4,21.775651560905942,1.0,rebalance
2016-02-22,GLD,4,115.4515464416504,1.0,rebalance
2016-02-23,MSFT,-191,45.862920634109784,1.0,rebalance
2016-02-23,AAPL,-403,21.79163855127536,2.015,rebalance
2016-02-23,AMZN,-330,27.774722402572632,1.6500000000000001,rebalance
2016-02-23,NVDA,-11806,0.7608993363426076,59.03,rebalance
2016-02-23,GLD,153,116.69166830520629,1.0,rebalance
2016-02-24,GLD,-156,118.9881,1.0,rebalance
2016-02-24,MSFT,206,44.425995527888155,1.03,rebalance
2016-02-24,AAPL,430,21.248844222746545,2.15,rebalance
2016-02-24,AMZN,332,27.290229131507875,1.6600000000000001,rebalance
2016-02-24,NVDA,11675,0.765919031058514,58.375,rebalance
2016-02-25,MSFT,-3,45.328418713939165,1.0,rebalance
2016-02-25,AAPL,-10,21.712527670886917,1.0,rebalance
2016-02-25,AMZN,-4,27.773221469306947,1.0,rebalance
2016-02-25,NVDA,-138,0.7772022254517639,1.0,rebalance
2016-02-25,GLD,4,117.63176474685669,1.0,rebalance
2016-02-26,MSFT,-201,46.09074433560889,1.0050000000000001,rebalance
2016-02-26,AAPL,-417,21.97248963530266,2.085,rebalance
2016-02-26,AMZN,-326,28.003199918746947,1.6300000000000001,rebalance
2016-02-26,NVDA,-11597,0.779635800770088,57.985,rebalance
2016-02-26,GLD,156,117.4417433052063,1.0,rebalance
2016-02-29,MSFT,2,45.004438718407684,1.0,rebalance
2016-02-29,AMZN,1,27.702770763015746,1.0,rebalance
2016-02-29,NVDA,57,0.7721290337144996,1.0,rebalance
2016-03-01,GLD,-156,118.72812386398316,1.0,rebalance
2016-03-01,MSFT,206,44.67140132784514,1.03,rebalance
2016-03-01,AAPL,409,22.078632066128627,2.045,rebalance
2016-03-01,AMZN,327,27.81728225879669,1.635,rebalance
2016-03-01,NVDA,11929,0.7679766563103722,59.645,rebalance
2016-03-02,MSFT,-204,45.92427205441532,1.02,rebalance
2016-03-02,AAPL,-413,22.720727621868594,2.065,rebalance
2016-03-02,AMZN,-332,29.08459086856842,1.6600000000000001,rebalance
2016-03-02,NVDA,-11976,0.7954196402083278,59.88,rebalance
2016-03-02,GLD,162,118.35183033752442,1.0,rebalance
2016-03-03,MSFT,-1,46.414963891940786,1.0,rebalance
2016-03-03,NVDA,-68,0.8034789673479548,1.0,rebalance
2016-03-03,AMZN,1,28.900890517234803,1.0,rebalance
2016-03-04,AAPL,-2,23.141191148876175,1.0,rebalance
2016-03-04,GLD,-4,121.11788425369262,1.0,rebalance
2016-03-04,MSFT,2,45.924695123592834,1.0,rebalance
2016-03-04,AMZN,1,29.056404571723938,1.0,rebalance
2016-03-04,NVDA,81,0.8036396870205657,1.0,rebalance
2016-03-07,AAPL,-1,23.145712482639983,1.0,rebalance
2016-03-07,GLD,-1,121.16788230514527,1.0,rebalance
2016-03-07,MSFT,2,45.188492603325486,1.0,rebalance
2016-03-07,AMZN,2,28.679867745780946,1.0,rebalance
2016-03-07,NVDA,117,0.7906935613349944,1.0,rebalance
2016-03-08,GLD,-3,121.7778219154358,1.0,rebalance
2016-03-08,MSFT,2,44.522410573767765,1.0,rebalance
2016-03-08,AAPL,3,22.786321965421163,1.0,rebalance
2016-03-08,AMZN,7,27.896288724327086,1.0,rebalance
2016-03-08,NVDA,78,0.7818998339404559,1.0,rebalance
2016-03-09,MSFT,-4,45.468618101126076,1.0,rebalance
2016-03-09,AAPL,-3,22.90157158231434,1.0,rebalance
2016-03-09,AMZN,-2,27.975202840805053,1.0,rebalance
2016-03-09,NVDA,-72,0.7822320401204811,1.0,rebalance
2016-03-09,GLD,4,119.21191694793701,1.0,rebalance
2016-03-10,MSFT,-2,46.37993954682862,1.0,rebalance
2016-03-10,AMZN,-2,28.33416619319916,1.0,rebalance
2016-03-10,AAPL,1,22.928765741583046,1.0,rebalance
2016-03-10,NVDA,91,0.7797013456662469,1.0,rebalance
2016-03-11,AAPL,-1,23.111803167092837,1.0,rebalance
2016-03-11,GLD,-1,121.17788344116211,1.0,rebalance
2016-03-11,NVDA,-30,0.7851625497136372,1.0,rebalance
2016-03-14,GLD,-154,120.2579696434021,1.0,rebalance
2016-03-14,MSFT,202,46.19636861348186,1.01,rebalance
2016-03-14,AAPL,404,23.041812504206042,2.02,rebalance
2016-03-14,AMZN,328,28.352835381507873,1.6400000000000001,rebalance
2016-03-14,NVDA,11890,0.7833652893922228,59.45,rebalance
2016-03-15,AAPL,-14,23.500610713799748,1.0,rebalance
2016-03-15,AMZN,-4,28.54714423713684,1.0,rebalance
2016-03-15,NVDA,-71,0.7846741666591573,1.0,rebalance
2016-03-15,GLD,4,117.79177677917481,1.0,rebalance
2016-03-16,MSFT,-4,46.8355735898969,1.0,rebalance
2016-03-16,AAPL,-3,23.64755232373175,1.0,rebalance
2016-03-16,AMZN,-4,28.829117532348633,1.0,rebalance
2016-03-16,GLD,1,117.4317401687622,1.0,rebalance
2016-03-16,NVDA,204,0.7792128726418156,1.02,rebalance
2016-03-17,GLD,-3,121.14788766174317,1.0,rebalance
2016-03-17,NVDA,-371,0.8054326275597489,1.855,rebalance
2016-03-17,AAPL,4,23.858033580579395,1.0,rebalance
2016-03-17,AMZN,15,28.478347656822205,1.0,rebalance
2016-03-18,MSFT,-4,48.123663917141414,1.0,rebalance
2016-03-18,AAPL,-5,24.038621348090167,1.0,rebalance
2016-03-18,NVDA,-174,0.8110497228317325,1.0,rebalance
2016-03-18,GLD,2,119.60195533752442,1.0,rebalance
2016-03-18,AMZN,8,28.049805585098266,1.0,rebalance
2016-03-21,AAPL,-4,23.94594117867068,1.0,rebalance
2016-03-21,NVDA,-359,0.8183763228075377,1.795,rebalance
2016-03-21,MSFT,6,46.66965434926478,1.0,rebalance
2016-03-21,AMZN,8,27.44824397010803,1.0,rebalance
2016-03-22,GLD,-1,119.71803035659791,1.0,rebalance
2016-03-22,NVDA,-134,0.8254585801241191,1.0,rebalance
2016-03-22,AAPL,5,23.796980096080006,1.0,rebalance
2016-03-22,AMZN,5,27.258226343536375,1.0,rebalance
2016-03-23,MSFT,-3,47.413896735768894,1.0,rebalance
2016-03-23,AAPL,-6,24.070272315734076,1.0,rebalance
2016-03-23,AMZN,-15,28.047194237136843,1.0,rebalance
2016-03-23,NVDA,-77,0.8303430685348341,1.0,rebalance
2016-03-23,GLD,6,116.75167186355591,1.0,rebalance
2016-03-24,AMZN,-6,28.352663717651367,1.0,rebalance
2016-03-24,NVDA,-70,0.8332736487730122,1.0,rebalance
2016-03-24,MSFT,1,47.18674172584428,1.0,rebalance
2016-03-24,AAPL,6,23.84672660757384,1.0,rebalance
2016-03-28,AMZN,-13,29.217077313423157,1.0,rebalance
2016-03-28,NVDA,-16,0.8406001128374287,1.0,rebalance
2016-03-28,AAPL,2,23.96655650375225,1.0,rebalance
2016-03-28,GLD,2,116.74167635726928,1.0,rebalance
2016-03-29,GLD,-1,117.34826461029053,1.0,rebalance
2016-03-29,NVDA,-184,0.8469496185279967,1.0,rebalance
2016-03-29,MSFT,3,47.028987366388506,1.0,rebalance
2016-03-29,AAPL,6,23.71558939977302,1.0,rebalance
2016-03-29,AMZN,2,29.0104004447937,1.0,rebalance
2016-03-30,AAPL,-10,24.56081357031983,1.0,rebalance
2016-03-30,AMZN,-4,29.83251716709137,1.0,rebalance
2016-03-30,NVDA,-103,0.8674641600228227,1.0,rebalance
2016-03-30,GLD,2,117.89178525314331,1.0,rebalance
2016-03-31,AAPL,-4,24.80269320360331,1.0,rebalance
2016-03-31,NVDA,-127,0.8772329128131163,1.0,rebalance
2016-03-31,GLD,1,118.17181966247558,1.0,rebalance
2016-04-01,MSFT,-3,48.237573097431934,1.0,rebalance
2016-04-01,AAPL,-1,24.59019679841022,1.0,rebalance
2016-04-01,GLD,2,116.09160983123779,1.0,rebalance
2016-04-01,AMZN,2,29.527452343177796,1.0,rebalance
2016-04-01,NVDA,74,0.8649507445932785,1.0,rebalance
2016-04-04,AAPL,-3,24.960929908437066,1.0,rebalance
2016-04-04,AMZN,-1,29.94700576286316,1.0,rebalance
2016-04-04,NVDA,-333,0.8901764865933296,1.665,rebalance
2016-04-04,GLD,1,116.68166516876221,1.0,rebalance
2016-04-05,GLD,-2,117.74822613601685,1.0,rebalance
2016-04-05,AAPL,1,24.760169448798607,1.0,rebalance
2016-04-05,AMZN,4,29.541453682136535,1.0,rebalance
2016-04-05,NVDA,406,0.866660815646718,2.0300000000000002,rebalance
2016-04-06,AAPL,-7,24.917977235450188,1.0,rebalance
2016-04-06,NVDA,-7,0.8620913549106688,1.0,rebalance
2016-04-06,MSFT,3,47.6424861687553,1.0,rebalance
2016-04-07,GLD,-1,118.63813652572632,1.0,rebalance
2016-04-07,AMZN,-5,29.935005925369264,1.0,rebalance
2016-04-07,AAPL,7,24.85965407714109,1.0,rebalance
2016-04-07,NVDA,40,0.8688590133602669,1.0,rebalance
2016-04-08,NVDA,-157,0.8723484733734793,1.0,rebalance
2016-04-08,AAPL,4,24.624506503395708,1.0,rebalance
2016-04-08,AMZN,1,29.71897120323181,1.0,rebalance
2016-04-11,GLD,-2,119.45805422058106,1.0,rebalance
2016-04-11,NVDA,-6,0.8760118336856921,1.0,rebalance
2016-04-11,MSFT,3,47.75641880866644,1.0,rebalance
2016-04-11,AAPL,2,24.63807808785714,1.0,rebalance
2016-04-11,AMZN,1,29.809979906463624,1.0,rebalance
2016-04-12,GLD,-1,120.2179803565979,1.0,rebalance
2016-04-12,NVDA,-12,0.8791866567528479,1.0,rebalance
2016-04-12,MSFT,2,47.65124496344591,1.0,rebalance
2016-04-13,MSFT,-2,48.298907137751,1.0,rebalance
2016-04-13,AAPL,-5,25.046829992353228,1.0,rebalance
2016-04-13,AMZN,-6,30.380962378120422,1.0,rebalance
2016-04-13,GLD,2,119.38193974685669,1.0,rebalance
2016-04-13,NVDA,91,0.879362561398439,1.0,rebalance
2016-04-14,AAPL,-3,25.232191736215068,1.0,rebalance
2016-04-14,AMZN,-5,30.750424634742735,1.0,rebalance
2016-04-14,NVDA,-277,0.8948168353015187,1.385,rebalance
2016-04-14,GLD,4,118.10180533752441,1.0,rebalance
2016-04-15,AAPL,-1,25.342962341238138,1.0,rebalance
2016-04-15,AMZN,-5,31.09289107131958,1.0,rebalance
2016-04-15,NVDA,-66,0.8994568246601624,1.0,rebalance
2016-04-15,GLD,2,117.34173483123779,1.0,rebalance
2016-04-18,MSFT,-1,48.62312671977436,1.0,rebalance
2016-04-18,GLD,-2,118.51814577941894,1.0,rebalance
2016-04-18,AMZN,-2,31.264373173713686,1.0,rebalance
2016-04-18,NVDA,-107,0.9050738868093449,1.0,rebalance
2016-04-18,AAPL,19,24.619990854783193,1.0,rebalance
2016-04-19,MSFT,-4,49.62204684943106,1.0,rebalance
2016-04-19,GLD,-1,119.85801574630737,1.0,rebalance
2016-04-19,AMZN,-6,31.853814650917055,1.0,rebalance
2016-04-19,AAPL,12,24.39162927758506,1.0,rebalance
2016-04-19,NVDA,125,0.9064763020879515,1.0,rebalance
2016-04-20,MSFT,-1,49.324126215153186,1.0,rebalance
2016-04-20,GLD,-1,119.65803116912842,1.0,rebalance
2016-04-20,AAPL,2,24.111266719394706,1.0,rebalance
2016-04-20,NVDA,284,0.8854692675265292,1.42,rebalance
2016-04-21,GLD,-1,120.40795616912843,1.0,rebalance
2016-04-21,NVDA,-75,0.8904206780905538,1.0,rebalance
2016-04-21,MSFT,3,48.9045315292012,1.0,rebalance
2016-04-22,GLD,-2,118.6981280845642,1.0,rebalance
2016-04-22,AMZN,-4,31.220376948165892,1.0,rebalance
2016-04-22,NVDA,-404,0.8921301853018044,2.02,rebalance
2016-04-22,MSFT,19,45.495236289244964,1.0,rebalance
2016-04-25,MSFT,-247,45.372220100018644,1.235,rebalance
2016-04-25,AAPL,-3,23.735717514312014,1.0,rebalance
2016-04-25,AMZN,4,30.833582699012755,1.0,rebalance
2016-04-25,NVDA,38,0.8862020748038986,1.0,rebalance
2016-04-26,AMZN,-5,31.305369439888,1.0,rebalance
2016-04-26,NVDA,-118,0.8955491894772833,1.0,rebalance
2016-04-26,MSFT,244,45.801991933680306,1.22,rebalance
2016-04-26,AAPL,9,23.494015281362294,1.0,rebalance
2016-04-27,GLD,-5,118.95810422058105,1.0,rebalance
2016-04-27,NVDA,-212,0.888711089941228,1.06,rebalance
2016-04-27,AAPL,45,21.705570646220327,1.0,rebalance
2016-04-27,AMZN,1,30.59305915260315,1.0,rebalance
2016-04-28,AAPL,-259,22.065165962757654,1.295,rebalance
2016-04-28,NVDA,-236,0.9055622743917179,1.18,rebalance
2016-04-28,MSFT,7,44.364656483699996,1.0,rebalance
2016-04-29,GLD,-4,122.41775730514526,1.0,rebalance
2016-04-29,AMZN,-37,33.29666923713684,1.0,rebalance
2016-04-29,MSFT,12,43.25158590566469,1.0,rebalance
2016-04-29,AAPL,285,21.251103258573572,1.425,rebalance
2016-04-29,NVDA,645,0.8805836816934485,3.225,rebalance
2016-05-02,MSFT,-2,43.81250741759244,1.0,rebalance
2016-05-02,GLD,-1,123.76762077941895,1.0,rebalance
2016-05-02,AAPL,3,21.246585405388565,1.0,rebalance
2016-05-02,AMZN,3,33.19931874542236,1.0,rebalance
2016-05-02,NVDA,165,0.8761870554680233,1.0,rebalance
2016-05-03,MSFT,-2,44.110427103786975,1.0,rebalance
2016-05-03,AMZN,-8,33.86461323051453,1.0,rebalance
2016-05-03,NVDA,215,0.869347643520079,1.075,rebalance
2016-05-04,AAPL,-13,21.520381399101883,1.0,rebalance
2016-05-04,AMZN,7,33.13281429290772,1.0,rebalance
2016-05-04,NVDA,105,0.8583555601851957,1.0,rebalance
2016-05-05,AMZN,-7,33.662134090805054,1.0,rebalance
2016-05-05,AAPL,5,21.382764956076564,1.0,rebalance
2016-05-05,NVDA,64,0.8561570366015132,1.0,rebalance
2016-05-06,MSFT,-1,43.7424063777883,1.0,rebalance
2016-05-06,GLD,-1,122.81771883087158,1.0,rebalance
2016-05-06,NVDA,-22,0.8525669066857542,1.0,rebalance
2016-05-06,AAPL,1,21.239457839931877,1.0,rebalance
2016-05-06,AMZN,9,32.805781928634644,1.0,rebalance
2016-05-09,MSFT,-3,44.24186616760466,1.0,rebalance
2016-05-09,AMZN,-10,33.69412857170105,1.0,rebalance
2016-05-09,NVDA,-202,0.8650222053553307,1.01,rebalance
2016-05-09,AAPL,7,21.15529187634757,1.0,rebalance
2016-05-09,GLD,4,121.212116947937,1.0,rebalance
2016-05-10,AMZN,-13,34.69653076286316,1.0,rebalance
2016-05-10,MSFT,2,44.11049313185941,1.0,rebalance
2016-05-10,GLD,1,120.75207186355591,1.0,rebalance
2016-05-10,NVDA,33,0.8671492744161503,1.0,rebalance
2016-05-11,MSFT,-1,44.80266556271493,1.0,rebalance
2016-05-11,AMZN,-3,35.28597224006653,1.0,rebalance
2016-05-11,NVDA,-107,0.8808962315426385,1.0,rebalance
2016-05-11,AAPL,7,21.26447965389015,1.0,rebalance
2016-05-11,GLD,1,121.8621834739685,1.0,rebalance
2016-05-12,AMZN,-6,35.865412581253054,1.0,rebalance
2016-05-12,NVDA,-76,0.887001733694892,1.0,rebalance
2016-05-12,AAPL,9,21.091594602676928,1.0,rebalance
2016-05-13,AAPL,-528,20.46877010383883,2.64,rebalance
2016-05-13,NVDA,-1303,0.9570924169857966,6.515000000000001,rebalance
2016-05-13,GLD,3,121.1021053375244,1.0,rebalance
2016-05-13,AMZN,3,35.73557164344788,1.0,rebalance
2016-05-16,NVDA,-508,0.9932369343040637,2.54,rebalance
2016-05-16,MSFT,8,44.52242226010916,1.0,rebalance
2016-05-16,AAPL,542,21.016523124150176,2.71,rebalance
2016-05-16,AMZN,8,35.51005089416504,1.0,rebalance
2016-05-17,MSFT,-5,45.636645340039266,1.0,rebalance
2016-05-17,AAPL,-10,21.503578776336298,1.0,rebalance
2016-05-17,NVDA,-388,1.0257173469051974,1.94,rebalance
2016-05-17,GLD,4,121.5921598312378,1.0,rebalance
2016-05-17,AMZN,4,35.498548431777955,1.0,rebalance
2016-05-18,AAPL,-4,21.414879618205134,1.0,rebalance
2016-05-18,GLD,-1,121.20787922058106,1.0,rebalance
2016-05-18,NVDA,-166,1.0257174384048704,1.0,rebalance
2016-05-18,MSFT,5,44.55140414967653,1.0,rebalance
2016-05-18,AMZN,10,34.48144844093323,1.0,rebalance
2016-05-19,AAPL,-4,21.52404632539514,1.0,rebalance
2016-05-19,NVDA,-452,1.0547796119849064,2.2600000000000002,rebalance
2016-05-19,GLD,4,119.0119,1.0,rebalance
2016-05-20,AMZN,-3,35.04899642829895,1.0,rebalance
2016-05-20,NVDA,-122,1.0701653001537046,1.0,rebalance
2016-05-20,MSFT,3,44.551407694832974,1.0,rebalance
2016-05-20,AAPL,5,21.52834839513895,1.0,rebalance
2016-05-23,AAPL,-7,21.803786077088496,1.0,rebalance
2016-05-23,AMZN,-1,35.20898027572632,1.0,rebalance
2016-05-23,NVDA,-213,1.0872605218977522,1.065,rebalance
2016-05-23,GLD,3,118.8718866104126,1.0,rebalance
2016-05-24,AAPL,-12,22.11081285181328,1.0,rebalance
2016-05-24,NVDA,-13,1.0876358722463448,1.0,rebalance
2016-05-24,GLD,1,118.1818151687622,1.0,rebalance
2016-05-24,AMZN,3,34.903991301345826,1.0,rebalance
2016-05-25,MSFT,-6,45.8131067311617,1.0,rebalance
2016-05-25,AAPL,-5,22.44059223006615,1.0,rebalance
2016-05-25,AMZN,-2,35.396461525726316,1.0,rebalance
2016-05-25,NVDA,-246,1.1140796206695434,1.23,rebalance
2016-05-25,GLD,6,116.6016553375244,1.0,rebalance
2016-05-26,AAPL,-5,22.670298705526882,1.0,rebalance
2016-05-26,GLD,-1,117.55824269485474,1.0,rebalance
2016-05-26,NVDA,135,1.1081798628038382,1.0,rebalance
2016-05-27,AMZN,-3,35.746425,1.0,rebalance
2016-05-27,NVDA,-162,1.1189772713288275,1.0,rebalance
2016-05-27,GLD,2,116.28162364273071,1.0,rebalance
2016-05-31,MSFT,-1,46.11312438931534,1.0,rebalance
2016-05-31,NVDA,-124,1.1287711075222429,1.0,rebalance
2016-05-31,GLD,1,115.77157813644409,1.0,rebalance
2016-05-31,AMZN,1,35.62006250457764,1.0,rebalance
2016-06-01,AMAT,-3104,21.763979653880188,15.52,rebalance
2016-06-01,AMZN,-3,36.04139366912842,1.0,rebalance
2016-06-01,NVDA,-82,1.1385650616768468,1.0,rebalance
2016-06-01,AAPL,7,22.524689003129104,1.0,rebalance
2016-06-01,GLD,1,115.98159822082519,1.0,rebalance
2016-06-02,MSFT,-4,46.44841603642994,1.0,rebalance
2016-06-02,AMZN,-3,36.04489521102905,1.0,rebalance
2016-06-02,NVDA,-268,1.1522766479890758,1.34,rebalance
2016-06-02,AAPL,7,22.201685760511594,1.0,rebalance
2016-06-02,AMAT,41,21.94750589957234,1.0,rebalance
2016-06-03,AMAT,-33,21.86250925726695,1.0,rebalance
2016-06-03,GLD,-4,118.238175,1.0,rebalance
2016-06-03,MSFT,4,46.22825050421855,1.0,rebalance
2016-06-03,AAPL,5,22.244903250729003,1.0,rebalance
2016-06-03,NVDA,238,1.143201041757923,1.19,rebalance
2016-06-06,AAPL,-1,22.28593220725572,1.0,rebalance
2016-06-06,GLD,-1,118.87811038970948,1.0,rebalance
2016-06-06,MSFT,3,45.88406430462325,1.0,rebalance
2016-06-06,NVDA,27,1.1412419355246697,1.0,rebalance
2016-06-07,AAPL,-6,22.57250180869734,1.0,rebalance
2016-06-07,AMAT,3096,21.77730372536609,15.48,rebalance
2016-06-07,GLD,1,118.51185,1.0,rebalance
2016-06-07,NVDA,105,1.1392827170329904,1.0,rebalance
2016-06-08,GLD,-3,120.28797305145264,1.0,rebalance
2016-06-08,MSFT,2,45.910521020034395,1.0,rebalance
2016-06-08,AAPL,2,22.52469677813422,1.0,rebalance
2016-06-08,AMZN,2,36.323631694793704,1.0,rebalance
2016-06-08,NVDA,85,1.1348743849901914,1.0,rebalance
2016-06-09,GLD,-1,120.59793961029052,1.0,rebalance
2016-06-09,AAPL,2,22.40641329025386,1.0,rebalance
2016-06-09,AMZN,1,36.158614279174806,1.0,rebalance
2016-06-09,NVDA,77,1.1270377213288076,1.0,rebalance
2016-06-10,GLD,-1,121.53784805145264,1.0,rebalance
2016-06-10,NVDA,-242,1.1464003172298056,1.21,rebalance
2016-06-10,MSFT,8,45.054449090281416,1.0,rebalance
2016-06-10,AAPL,2,22.413231429304336,1.0,rebalance
2016-06-10,AMZN,2,36.1211120552063,1.0,rebalance
2016-06-13,AAPL,-5,22.445136723474842,1.0,rebalance
2016-06-13,GLD,-4,122.78772305145264,1.0,rebalance
2016-06-13,MSFT,9,43.75709074248871,1.0,rebalance
2016-06-13,AMZN,3,35.70407053833008,1.0,rebalance
2016-06-13,NVDA,108,1.1326702369244555,1.0,rebalance
2016-06-14,MSFT,-405,44.03071181965556,2.025,rebalance
2016-06-14,AAPL,-793,22.133562773801046,3.9650000000000003,rebalance
2016-06-14,NVDA,-15708,1.1429723000032934,78.54,rebalance
2016-06-14,AMZN,-498,35.612939204406736,2.49,rebalance
2016-06-14,GLD,164,123.0123,1.0,rebalance
2016-06-15,MSFT,-1,43.92482173898378,1.0,rebalance
2016-06-16,GLD,-3,125.15748116912842,1.0,rebalance
2016-06-17,GLD,2,123.27232813644409,1.0,rebalance
2016-06-20,GLD,2,122.27222813644408,1.0,rebalance
2016-06-21,GLD,-164,121.63783652572631,1.0,rebalance
2016-06-21,MSFT,399,44.30429304282099,1.995,rebalance
2016-06-21,AAPL,819,21.596598437686577,4.095,rebalance
2016-06-21,NVDA,15129,1.169650603778929,75.645,rebalance
2016-06-21,AMZN,494,35.78957789802551,2.47,rebalance
2016-06-22,MSFT,-6,45.07192764719748,1.0,rebalance
2016-06-22,AAPL,-9,21.89020466172559,1.0,rebalance
2016-06-22,GLD,1,120.8420848312378,1.0,rebalance
2016-06-22,NVDA,142,1.1600993208435464,1.0,rebalance
2016-06-23,MSFT,-393,45.248387884538204,1.965,rebalance
2016-06-23,AAPL,-809,21.81970443278937,4.045,rebalance
2016-06-23,NVDA,-15270,1.1674576290085283,76.35000000000001,rebalance
2016-06-23,AMZN,-494,35.77142402572632,2.47,rebalance
2016-06-23,GLD,169,120.5020468635559,1.0,rebalance
2016-06-24,GLD,-174,126.60734074630737,1.0,rebalance
2016-06-24,MSFT,411,43.96008871657868,2.055,rebalance
2016-06-24,AAPL,855,21.134813637186454,4.275,rebalance
2016-06-24,AMZN,522,34.653466526031494,2.61,rebalance
2016-06-24,NVDA,15900,1.1387933881206531,79.5,rebalance
2016-06-27,MSFT,-411,43.32480685209137,2.055,rebalance
2016-06-27,AAPL,-856,21.151060007593333,4.28,rebalance
2016-06-27,NVDA,-15901,1.1104069635826967,79.505,rebalance
2016-06-27,AMZN,-522,34.59703814964295,2.61,rebalance
2016-06-27,GLD,160,126.45264644165039,1.0,rebalance
2016-06-28,GLD,-283,125.54744155883789,1.415,rebalance
2016-06-28,MSFT,503,43.1745956757677,2.515,rebalance
2016-06-28,AAPL,1028,21.132540107638096,5.14,rebalance
2016-06-28,NVDA,19254,1.1289971502569678,96.27,rebalance
2016-06-28,AMZN,621,35.0035,3.105,rebalance
2016-06-29,MSFT,-92,44.03953577501662,1.0,rebalance
2016-06-29,AAPL,-181,21.37166476974327,1.0,rebalance
2016-06-29,AMZN,-115,35.78391972427368,1.0,rebalance
2016-06-29,NVDA,-3299,1.1336678249857899,16.495,rebalance
2016-06-29,GLD,123,125.92259466247559,1.0,rebalance
2016-06-30,MSFT,-4,44.75426977732635,1.0,rebalance
2016-06-30,NVDA,-68,1.1441965524007502,1.0,rebalance
2016-06-30,GLD,1,125.96259194793701,1.0,rebalance
2016-07-01,MSFT,-1,45.11604106544116,1.0,rebalance
2016-07-01,AAPL,-4,21.7173645545064,1.0,rebalance
2016-07-01,GLD,-1,127.64723766174316,1.0,rebalance
2016-07-01,AMZN,4,35.86958772926331,1.0,rebalance
2016-07-01,NVDA,100,1.1449154087029771,1.0,rebalance
2016-07-05,GLD,-2,128.78712305145262,1.0,rebalance
2016-07-05,AMZN,-2,36.136385389709474,1.0,rebalance
2016-07-05,MSFT,2,44.860303182030556,1.0,rebalance
2016-07-05,AAPL,1,21.698952025116167,1.0,rebalance
2016-07-05,NVDA,141,1.1363433220531358,1.0,rebalance
2016-07-06,GLD,-2,130.48695,1.0,rebalance
2016-07-06,NVDA,-135,1.1512975002531243,1.0,rebalance
2016-07-06,MSFT,2,44.81615117585838,1.0,rebalance
2016-07-06,AAPL,11,21.51924430887297,1.0,rebalance
2016-07-07,AAPL,-1,21.765121154183483,1.0,rebalance
2016-07-07,AMZN,-5,36.96280267868042,1.0,rebalance
2016-07-07,NVDA,-183,1.1745581845676476,1.0,rebalance
2016-07-07,GLD,3,129.83298932495117,1.0,rebalance
2016-07-08,AAPL,-1,21.9447962463847,1.0,rebalance
2016-07-08,NVDA,-351,1.2098173085201154,1.7550000000000001,rebalance
2016-07-08,GLD,1,129.86299110412597,1.0,rebalance
2016-07-08,AMZN,2,37.01070066947937,1.0,rebalance
2016-07-11,MSFT,-1,46.324891861293715,1.0,rebalance
2016-07-11,NVDA,-487,1.2629503341555337,2.435,rebalance
2016-07-11,AAPL,6,22.00831909418565,1.0,rebalance
2016-07-11,GLD,4,129.5029544937134,1.0,rebalance
2016-07-12,MSFT,-2,46.71313166343725,1.0,rebalance
2016-07-12,AMZN,-3,37.839214204788206,1.0,rebalance
2016-07-12,NVDA,-225,1.287925239444826,1.125,rebalance
2016-07-12,GLD,3,128.53285627288818,1.0,rebalance
2016-07-13,MSFT,-5,47.26021330598137,1.0,rebalance
2016-07-13,AAPL,-1,22.154026197456037,1.0,rebalance
2016-07-13,NVDA,-85,1.2952709985700424,1.0,rebalance
2016-07-13,GLD,1,128.0128,1.0,rebalance
2016-07-13,AMZN,6,37.34173505134582,1.0,rebalance
2016-07-14,MSFT,-3,47.50728032871543,1.0,rebalance
2016-07-14,AAPL,-2,22.149476751348704,1.0,rebalance
2016-07-14,AMZN,-1,37.439256493377684,1.0,rebalance
2016-07-14,NVDA,-72,1.29918865334218,1.0,rebalance
2016-07-14,GLD,3,126.3226285583496,1.0,rebalance
2016-07-15,AAPL,-12,22.497446923507738,1.0,rebalance
2016-07-15,AMZN,1,37.3312321395874,1.0,rebalance
2016-07-15,NVDA,133,1.2891628929141061,1.0,rebalance
2016-07-18,NVDA,-194,1.3062892090889473,1.0,rebalance
2016-07-18,MSFT,1,47.39321882427129,1.0,rebalance
2016-07-18,AAPL,1,22.451896074298624,1.0,rebalance
2016-07-18,AMZN,8,36.778179250717166,1.0,rebalance
2016-07-19,AAPL,-7,22.64300397068441,1.0,rebalance
2016-07-19,AMZN,1,36.6286625,1.0,rebalance
2016-07-19,NVDA,102,1.2965092608548328,1.0,rebalance
2016-07-20,MSFT,-13,49.54557985941486,1.0,rebalance
2016-07-20,AMZN,-2,37.19628076286316,1.0,rebalance
2016-07-20,NVDA,-70,1.3148593292635369,1.0,rebalance
2016-07-20,AAPL,3,22.747622806081566,1.0,rebalance
2016-07-20,GLD,4,125.51255,1.0,rebalance
2016-07-21,AMZN,-1,37.3712625,1.0,rebalance
2016-07-21,NVDA,-86,1.3246529136471927,1.0,rebalance
2016-07-21,MSFT,1,49.40545694392774,1.0,rebalance
2016-07-21,AAPL,3,22.708946430376965,1.0,rebalance
2016-07-22,GLD,-1,126.41735730514526,1.0,rebalance
2016-07-22,AMZN,-1,37.38576071434021,1.0,rebalance
2016-07-22,AAPL,4,22.579292658691788,1.0,rebalance
2016-07-22,NVDA,172,1.308019965395275,1.0,rebalance
2016-07-25,MSFT,-2,49.82793939323504,1.0,rebalance
2016-07-25,NVDA,-394,1.3466895117917004,1.97,rebalance
2016-07-25,AAPL,10,22.349536118784343,1.0,rebalance
2016-07-25,GLD,2,125.5425517791748,1.0,rebalance
2016-07-25,AMZN,1,37.3312321395874,1.0,rebalance
2016-07-26,NVDA,-276,1.3753374754921222,1.3800000000000001,rebalance
2016-07-26,AAPL,14,22.02425087613412,1.0,rebalance
2016-07-26,AMZN,3,37.13921541175842,1.0,rebalance
2016-07-27,AAPL,-48,23.714202938961467,1.0,rebalance
2016-07-27,NVDA,-19,1.3985989747087824,1.0,rebalance
2016-07-27,MSFT,4,49.9614489349559,1.0,rebalance
2016-07-27,GLD,1,126.8026799156189,1.0,rebalance
2016-07-27,AMZN,12,36.902188385009765,1.0,rebalance
2016-07-28,GLD,-2,128.07718733825683,1.0,rebalance
2016-07-28,AMZN,-6,37.295269886398316,1.0,rebalance
2016-07-28,MSFT,4,49.42310200127396,1.0,rebalance
2016-07-28,AAPL,9,23.39138352609709,1.0,rebalance
2016-07-28,NVDA,201,1.37610283775947,1.0050000000000001,rebalance
2016-07-29,AAPL,-4,23.69600467833044,1.0,rebalance
2016-07-29,AMZN,-9,38.246175,1.0,rebalance
2016-07-29,MSFT,1,49.65256108928425,1.0,rebalance
2016-07-29,GLD,1,128.4328401687622,1.0,rebalance
2016-07-29,NVDA,64,1.3810005728244936,1.0,rebalance
2016-08-01,NVDA,-191,1.4039851094852456,1.0,rebalance
2016-08-01,AMZN,4,37.99729910583496,1.0,rebalance
2016-08-02,AAPL,-7,24.119033055080003,1.0,rebalance
2016-08-02,AMZN,1,38.19431740188599,1.0,rebalance
2016-08-02,NVDA,169,1.3959396458723328,1.0,rebalance
2016-08-03,MSFT,-1,50.01324035246802,1.0,rebalance
2016-08-03,GLD,-2,129.93700194854736,1.0,rebalance
2016-08-03,AAPL,3,23.841786091630937,1.0,rebalance
2016-08-03,AMZN,1,37.85678594093323,1.0,rebalance
2016-08-03,NVDA,164,1.370714442388632,1.0,rebalance
2016-08-04,AAPL,-7,24.142211633336785,1.0,rebalance
2016-08-04,NVDA,-80,1.3824386736806358,1.0,rebalance
2016-08-04,AMZN,4,37.68876987342834,1.0,rebalance
2016-08-05,MSFT,-3,50.86914653780366,1.0,rebalance
2016-08-05,AMZN,-4,38.23667735366821,1.0,rebalance
2016-08-05,NVDA,-263,1.4174520995222035,1.315,rebalance
2016-08-05,GLD,5,128.47285271453856,1.0,rebalance
2016-08-08,MSFT,-1,51.230937490081786,1.0,rebalance
2016-08-08,AAPL,-6,24.585822220536436,1.0,rebalance
2016-08-08,NVDA,-210,1.4446309481248387,1.05,rebalance
2016-08-08,GLD,3,127.3027299156189,1.0,rebalance
2016-08-09,AAPL,-3,24.748170309869018,1.0,rebalance
2016-08-09,AMZN,1,38.37333615646362,1.0,rebalance
2016-08-09,NVDA,32,1.4456546258890648,1.0,rebalance
2016-08-10,GLD,-1,129.10708311767578,1.0,rebalance
2016-08-10,NVDA,-23,1.454669833824916,1.0,rebalance
2016-08-10,MSFT,1,51.32941809639491,1.0,rebalance
2016-08-10,AMZN,1,38.493850678634644,1.0,rebalance
2016-08-11,AAPL,-1,24.814485079292197,1.0,rebalance
2016-08-11,AMZN,-1,38.493151947784426,1.0,rebalance
2016-08-11,NVDA,92,1.4405119267283693,1.0,rebalance
2016-08-12,NVDA,-627,1.5156380458916738,3.1350000000000002,rebalance
2016-08-12,MSFT,2,51.214692983472034,1.0,rebalance
2016-08-12,AAPL,9,24.650198406060653,1.0,rebalance
2016-08-12,GLD,3,127.6827651687622,1.0,rebalance
2016-08-12,AMZN,3,38.42684263572693,1.0,rebalance
2016-08-15,NVDA,-202,1.545265550382817,1.01,rebalance
2016-08-15,MSFT,1,51.19703347919952,1.0,rebalance
2016-08-15,GLD,1,127.6327647468567,1.0,rebalance
2016-08-16,AAPL,-8,25.068294232315292,1.0,rebalance
2016-08-16,MSFT,2,51.160904981265574,1.0,rebalance
2016-08-16,AMZN,3,38.43484285583496,1.0,rebalance
2016-08-16,NVDA,70,1.5401869617969324,1.0,rebalance
2016-08-17,AMZN,1,38.22432299613953,1.0,rebalance
2016-08-17,NVDA,28,1.5330842391772563,1.0,rebalance
2016-08-18,AAPL,-2,24.976839293820156,1.0,rebalance
2016-08-18,GLD,-2,128.8771103897095,1.0,rebalance
2016-08-18,NVDA,297,1.495369613814002,1.485,rebalance
2016-08-19,NVDA,-220,1.5198007182992403,1.1,rebalance
2016-08-19,AAPL,3,24.876623791681336,1.0,rebalance
2016-08-22,MSFT,-2,51.141799982104565,1.0,rebalance
2016-08-22,NVDA,-85,1.5291051835912073,1.0,rebalance
2016-08-22,GLD,1,127.64276025314331,1.0,rebalance
2016-08-22,AMZN,3,37.8787875,1.0,rebalance
2016-08-23,NVDA,-89,1.5463958044588464,1.0,rebalance
2016-08-23,AAPL,4,24.835459608177146,1.0,rebalance
2016-08-24,AAPL,-1,24.825919814245754,1.0,rebalance
2016-08-24,AMZN,-2,38.14618652572632,1.0,rebalance
2016-08-24,NVDA,-55,1.5486035856114726,1.0,rebalance
2016-08-24,GLD,2,126.9326901687622,1.0,rebalance
2016-08-25,MSFT,-4,51.390402005837764,1.0,rebalance
2016-08-25,AAPL,2,24.561012362216523,1.0,rebalance
2016-08-25,NVDA,141,1.5202070507081276,1.0,rebalance
2016-08-26,MSFT,-1,51.745556674967816,1.0,rebalance
2016-08-26,AAPL,2,24.56559112141276,1.0,rebalance
2016-08-26,NVDA,99,1.5135823430261117,1.0,rebalance
2016-08-29,AMZN,-6,38.43215722389221,1.0,rebalance
2016-08-29,NVDA,-125,1.5277529773646688,1.0,rebalance
2016-08-29,AAPL,6,24.3849072966221,1.0,rebalance
2016-08-29,GLD,1,126.01259999999999,1.0,rebalance
2016-08-30,AMZN,-3,38.54864642829895,1.0,rebalance
2016-08-30,AAPL,4,24.19736756139384,1.0,rebalance
2016-08-30,NVDA,41,1.5189807233664538,1.0,rebalance
2016-08-31,AAPL,-1,24.160507303280017,1.0,rebalance
2016-08-31,NVDA,-26,1.5147517314722385,1.0,rebalance
2016-09-01,AAPL,-5,24.270264873495407,1.0,rebalance
2016-09-01,AMZN,-3,38.54114366912842,1.0,rebalance
2016-09-01,MSFT,4,50.62807070657243,1.0,rebalance
2016-09-01,NVDA,60,1.5062219432325312,1.0,rebalance
2016-09-02,AAPL,-1,24.626985596143804,1.0,rebalance
2016-09-02,NVDA,-225,1.552283363288335,1.125,rebalance
2016-09-02,AMZN,4,38.709372106552124,1.0,rebalance
2016-09-06,AAPL,-1,24.672714781509665,1.0,rebalance
2016-09-06,GLD,-1,127.38726152572632,1.0,rebalance
2016-09-06,AMZN,1,38.70586986427307,1.0,rebalance
2016-09-06,NVDA,129,1.5395900377360008,1.0,rebalance
2016-09-07,GLD,-1,128.7771142868042,1.0,rebalance
2016-09-07,AMZN,-7,39.472553814697264,1.0,rebalance
2016-09-07,MSFT,5,51.036578285132315,1.0,rebalance
2016-09-07,AAPL,4,24.661637341722056,1.0,rebalance
2016-09-07,NVDA,37,1.5437610357232616,1.0,rebalance
2016-09-08,MSFT,-2,51.16843701040031,1.0,rebalance
2016-09-08,AAPL,1,24.528988560948253,1.0,rebalance
2016-09-08,NVDA,103,1.5243778477441567,1.0,rebalance
2016-09-09,GLD,-1,127.22727386398316,1.0,rebalance
2016-09-09,AMZN,-1,38.964101704788206,1.0,rebalance
2016-09-09,NVDA,-87,1.5196576601646723,1.0,rebalance
2016-09-09,MSFT,1,50.432712737452334,1.0,rebalance
2016-09-09,AAPL,12,23.932061309969306,1.0,rebalance
2016-09-12,MSFT,-397,49.72119737674532,1.985,rebalance
2016-09-12,AAPL,-836,23.472234951809934,4.18,rebalance
2016-09-12,NVDA,-13177,1.4406696976208637,65.885,rebalance
2016-09-12,AMZN,-514,37.86371355514527,2.57,rebalance
2016-09-12,GLD,174,126.3226285583496,1.0,rebalance
2016-09-13,GLD,-177,126.45735422058105,1.0,rebalance
2016-09-13,MSFT,391,50.175167868719214,1.955,rebalance
2016-09-13,AAPL,798,24.588453091036907,3.99,rebalance
2016-09-13,NVDA,13201,1.4868388651015672,66.005,rebalance
2016-09-13,AMZN,510,38.442343300628664,2.5500000000000003,rebalance
2016-09-14,MSFT,-391,50.06746832945419,1.955,rebalance
2016-09-14,AAPL,-798,24.862508394951735,3.99,rebalance
2016-09-14,NVDA,-13201,1.4720687086301383,66.005,rebalance
2016-09-14,AMZN,-510,38.10618961029053,2.5500000000000003,rebalance
2016-09-14,GLD,176,126.1126084739685,1.0,rebalance
2016-09-16,GLD,-175,124.7975165588379,1.0,rebalance
2016-09-16,MSFT,380,51.17866643424416,1.9000000000000001,rebalance
2016-09-16,AAPL,739,26.328922711777693,3.6950000000000003,rebalance
2016-09-16,NVDA,12613,1.5435154856202187,63.065000000000005,rebalance
2016-09-16,AMZN,503,38.667867864990235,2.515,rebalance
2016-09-19,GLD,-1,125.59743961029052,1.0,rebalance
2016-09-19,AMZN,-2,38.99460097389221,1.0,rebalance
2016-09-19,NVDA,-78,1.5576797004524499,1.0,rebalance
2016-09-19,MSFT,3,50.85898114938812,1.0,rebalance
2016-09-19,AAPL,2,26.34493168650111,1.0,rebalance
2016-09-20,NVDA,-200,1.5797572212342024,1.0,rebalance
2016-09-20,AAPL,12,25.855499883838977,1.0,rebalance
2016-09-20,AMZN,1,38.80387923698425,1.0,rebalance
2016-09-21,AAPL,-2,26.03325760882901,1.0,rebalance
2016-09-21,GLD,-1,126.31736883087159,1.0,rebalance
2016-09-21,AMZN,-3,39.15858222427368,1.0,rebalance
2016-09-21,NVDA,248,1.5525940510388974,1.24,rebalance
2016-09-22,AMZN,-1,39.70952962646484,1.0,rebalance
2016-09-22,NVDA,-236,1.6003625671775612,1.18,rebalance
2016-09-22,MSFT,1,51.43620838058394,1.0,rebalance
2016-09-22,AAPL,4,26.152819218883806,1.0,rebalance
2016-09-23,AMZN,-5,40.15248611984253,1.0,rebalance
2016-09-23,MSFT,1,51.39180327872652,1.0,rebalance
2016-09-23,AAPL,1,26.168830652216545,1.0,rebalance
2016-09-23,NVDA,43,1.597247468717276,1.0,rebalance
2016-09-26,GLD,-2,127.94720308456421,1.0,rebalance
2016-09-26,AMZN,-3,40.08599115257263,1.0,rebalance
2016-09-26,MSFT,2,50.690236283146085,1.0,rebalance
2016-09-26,AAPL,13,25.53301497298371,1.0,rebalance
2016-09-26,NVDA,76,1.5754117794314957,1.0,rebalance
2016-09-27,AAPL,-9,25.83889362126366,1.0,rebalance
2016-09-27,MSFT,1,50.557019592156664,1.0,rebalance
2016-09-27,GLD,1,126.8726866104126,1.0,rebalance
2016-09-27,NVDA,9,1.5724673191573466,1.0,rebalance
2016-09-28,MSFT,-1,51.39040731554196,1.0,rebalance
2016-09-28,AMZN,-4,40.89591152572632,1.0,rebalance
2016-09-28,NVDA,-336,1.6347050909484575,1.68,rebalance
2016-09-28,AAPL,3,26.00186637649656,1.0,rebalance
2016-09-28,GLD,4,126.262625,1.0,rebalance
2016-09-29,AMZN,-6,41.40885689964294,1.0,rebalance
2016-09-29,NVDA,-3,1.635441144168578,1.0,rebalance
2016-09-29,AAPL,3,25.880654039662996,1.0,rebalance
2016-09-29,GLD,1,125.85258033752442,1.0,rebalance
2016-09-30,AMZN,-1,41.62633774337769,1.0,rebalance
2016-09-30,NVDA,-159,1.6624248497294174,1.0,rebalance
2016-09-30,MSFT,2,51.12538571523191,1.0,rebalance
2016-09-30,AAPL,8,25.720555468402676,1.0,rebalance
2016-10-03,AAPL,-1,25.77258375279461,1.0,rebalance
2016-10-03,AMZN,-2,41.79581923713684,1.0,rebalance
2016-10-03,NVDA,-134,1.680822318719793,1.0,rebalance
2016-10-03,MSFT,1,50.983287814880434,1.0,rebalance
2016-10-03,GLD,2,125.3325316947937,1.0,rebalance
2016-10-04,AAPL,-5,25.852609592175618,1.0,rebalance
2016-10-04,AMZN,-5,42.04129715881348,1.0,rebalance
2016-10-04,NVDA,-48,1.6815579599080837,1.0,rebalance
2016-10-04,GLD,4,123.17231966247559,1.0,rebalance
2016-10-05,MSFT,-1,50.86657109406495,1.0,rebalance
2016-10-05,AAPL,-5,25.930355408374368,1.0,rebalance
2016-10-05,NVDA,-95,1.6896533082675167,1.0,rebalance
2016-10-05,GLD,3,121.34213483123779,1.0,rebalance
2016-10-06,MSFT,-5,51.26610548171997,1.0,rebalance
2016-10-06,AAPL,-5,25.998952911624077,1.0,rebalance
2016-10-06,AMZN,-5,42.18078287315369,1.0,rebalance
2016-10-06,GLD,2,119.70197144165039,1.0,rebalance
2016-10-06,NVDA,202,1.6539245797447821,1.01,rebalance
2016-10-07,AAPL,-1,26.138440589495005,1.0,rebalance
2016-10-07,NVDA,-16,1.6629150195745954,1.0,rebalance
2016-10-10,AAPL,-7,26.30079102460201,1.0,rebalance
2016-10-10,GLD,1,119.75197186355591,1.0,rebalance
2016-10-10,NVDA,75,1.6487718918618532,1.0,rebalance
2016-10-11,AAPL,-15,26.913612559866184,1.0,rebalance
2016-10-11,AMZN,3,42.05520378761292,1.0,rebalance
2016-10-11,NVDA,91,1.6409211520763949,1.0,rebalance
2016-10-12,AAPL,-3,26.833572835230616,1.0,rebalance
2016-10-12,MSFT,3,50.71688224678039,1.0,rebalance
2016-10-12,AMZN,1,41.704170763015746,1.0,rebalance
2016-10-12,NVDA,104,1.6158948041607428,1.0,rebalance
2016-10-13,GLD,-2,119.988,1.0,rebalance
2016-10-13,MSFT,2,50.352782716628205,1.0,rebalance
2016-10-13,AAPL,1,26.71086793736845,1.0,rebalance
2016-10-13,AMZN,1,41.454145763015745,1.0,rebalance
2016-10-13,NVDA,5,1.610742259961203,1.0,rebalance
2016-10-14,MSFT,-1,50.71560666150337,1.0,rebalance
2016-10-14,AAPL,-3,26.954765195879904,1.0,rebalance
2016-10-14,AMZN,-1,41.7498262172699,1.0,rebalance
2016-10-14,NVDA,-48,1.6226851530110424,1.0,rebalance
2016-10-14,GLD,2,119.38193974685669,1.0,rebalance
2016-10-17,MSFT,-2,50.92870405660367,1.0,rebalance
2016-10-17,GLD,-1,119.68802694854736,1.0,rebalance
2016-10-17,AMZN,6,41.07910826301575,1.0,rebalance
2016-10-17,NVDA,2,1.6188392521749042,1.0,rebalance
2016-10-18,AAPL,-1,27.02336484565843,1.0,rebalance
2016-10-18,NVDA,-51,1.6317615183716754,1.0,rebalance
2016-10-18,AMZN,1,41.10960981750488,1.0,rebalance
2016-10-19,GLD,-2,121.11788425369262,1.0,rebalance
2016-10-19,AAPL,5,26.816070730602448,1.0,rebalance
2016-10-19,AMZN,1,41.02410245780945,1.0,rebalance
2016-10-19,NVDA,61,1.6232551771884642,1.0,rebalance
2016-10-20,NVDA,-178,1.6496689344721176,1.0,rebalance
2016-10-20,AAPL,3,26.726871606011894,1.0,rebalance
2016-10-20,AMZN,5,40.70357098770142,1.0,rebalance
2016-10-21,MSFT,-15,53.52130986735401,1.0,rebalance
2016-10-21,AAPL,5,26.715438471878716,1.0,rebalance
2016-10-21,GLD,2,120.91209152603149,1.0,rebalance
2016-10-21,AMZN,6,40.472045304489136,1.0,rebalance
2016-10-21,NVDA,29,1.6558872299095344,1.0,rebalance
2016-10-24,AMZN,-7,41.24337662315369,1.0,rebalance
2016-10-24,NVDA,-35,1.6680661045336393,1.0,rebalance
2016-10-24,MSFT,3,53.23008011868152,1.0,rebalance
2016-10-24,AAPL,1,26.781763478069834,1.0,rebalance
2016-10-25,MSFT,-1,54.02740583150206,1.0,rebalance
2016-10-25,NFLX,-6066,12.65073522720337,30.330000000000002,rebalance
2016-10-25,AMZN,-2,41.96080365257263,1.0,rebalance
2016-10-25,NVDA,-307,1.7316000883513274,1.5350000000000001,rebalance
2016-10-25,AAPL,3,26.976170875396978,1.0,rebalance
2016-10-25,GLD,4,120.9020883895874,1.0,rebalance
2016-10-26,GLD,-1,121.35786574630737,1.0,rebalance
2016-10-26,NVDA,-144,1.748281003222045,1.0,rebalance
2016-10-26,AAPL,22,26.14366602515363,1.0,rebalance
2016-10-26,NFLX,6,12.630262610054016,1.0,rebalance
2016-10-26,AMZN,1,41.64216428833008,1.0,rebalance
2016-10-27,AAPL,-8,26.385397775122936,1.0,rebalance
2016-10-27,NVDA,-252,1.7836050505417531,1.26,rebalance
2016-10-27,NFLX,67,12.74427433052063,1.0,rebalance
2016-10-28,NFLX,-2,12.606739001655578,1.0,rebalance
2016-10-28,GLD,-3,121.18787694854737,1.0,rebalance
2016-10-28,AAPL,2,26.043031725253464,1.0,rebalance
2016-10-28,AMZN,25,39.1039084739685,1.0,rebalance
2016-10-28,NVDA,150,1.7424973187407704,1.0,rebalance
2016-10-31,MSFT,-2,53.41476471119896,1.0,rebalance
2016-10-31,AAPL,-1,25.98752427526518,1.0,rebalance
2016-10-31,GLD,-2,121.49785113601685,1.0,rebalance
2016-10-31,NVDA,-3,1.7365064764850258,1.0,rebalance
2016-10-31,NFLX,57,12.68626891965866,1.0,rebalance
2016-11-01,AMZN,-4,39.94600576286316,1.0,rebalance
2016-11-01,MSFT,6,53.256718487009145,1.0,rebalance
2016-11-01,AAPL,13,25.949266146498495,1.0,rebalance
2016-11-01,NFLX,5938,12.499249944972991,29.69,rebalance
2016-11-01,GLD,1,122.81228305206298,1.0,rebalance
2016-11-01,NVDA,78,1.7523111482064255,1.0,rebalance
2016-11-02,MSFT,-377,53.11289124343202,1.885,rebalance
2016-11-02,AAPL,-774,25.47303678208833,3.87,rebalance
2016-11-02,NVDA,-11463,1.7068246186610285,57.315,rebalance
2016-11-02,AMZN,-503,39.19257922096252,2.515,rebalance
2016-11-02,GLD,179,123.77237813644409,1.0,rebalance
2016-11-03,GLD,1,123.3723366104126,1.0,rebalance
2016-11-04,GLD,-1,124.38756152572633,1.0,rebalance
2016-11-07,GLD,2,122.67226966247559,1.0,rebalance
2016-11-08,GLD,-183,122.10779074630737,1.0,rebalance
2016-11-08,MSFT,367,53.77180106569709,1.835,rebalance
2016-11-08,AAPL,780,25.35836759895191,3.9,rebalance
2016-11-08,NVDA,11272,1.755255239937314,56.36,rebalance
2016-11-08,AMZN,504,39.25242567405701,2.52,rebalance
2016-11-09,AAPL,-2,25.254463378819263,1.0,rebalance
2016-11-09,GLD,-7,124.28757305145264,1.0,rebalance
2016-11-09,MSFT,1,53.28336440294565,1.0,rebalance
2016-11-09,AMZN,10,38.20382076301575,1.0,rebalance
2016-11-09,NVDA,293,1.6985786483086565,1.465,rebalance
2016-11-10,AAPL,-4,25.532561399387983,1.0,rebalance
2016-11-10,AMZN,-6,38.93660430221558,1.0,rebalance
2016-11-10,NVDA,-307,1.7536780882099312,1.5350000000000001,rebalance
2016-11-10,GLD,7,121.53214864273072,1.0,rebalance
2016-11-11,NVDA,-1204,1.9504113995436936,6.0200000000000005,rebalance
2016-11-11,MSFT,11,51.71151624581136,1.0,rebalance
2016-11-11,AAPL,22,24.625039250345015,1.0,rebalance
2016-11-11,GLD,2,119.66196652603149,1.0,rebalance
2016-11-11,AMZN,25,36.79017767333984,1.0,rebalance
2016-11-14,NVDA,-851,2.1608820575563863,4.255,rebalance
2016-11-14,AAPL,7,24.760670609642734,1.0,rebalance
2016-11-14,GLD,13,116.13161474685668,1.0,rebalance
2016-11-15,MSFT,-2,52.139823550916155,1.0,rebalance
2016-11-15,GLD,-3,116.4483530845642,1.0,rebalance
2016-11-15,BAC,-4729,15.828880867034753,23.645,rebalance
2016-11-15,AMZN,5,36.50365,1.0,rebalance
2016-11-15,NVDA,300,2.068080230746163,1.5,rebalance
2016-11-16,NVDA,-225,2.142484898249397,1.125,rebalance
2016-11-16,BAC,-57,15.820876925952208,1.0,rebalance
2016-11-16,AAPL,7,24.528486186366,1.0,rebalance
2016-11-17,MSFT,-1,53.99907844530975,1.0,rebalance
2016-11-17,AAPL,-7,25.23838031793467,1.0,rebalance
2016-11-17,NVDA,-330,2.264399744988631,1.6500000000000001,rebalance
2016-11-17,BAC,-97,15.804885315398826,1.0,rebalance
2016-11-17,GLD,7,116.92169466247559,1.0,rebalance
2016-11-17,AMZN,2,37.469746203231814,1.0,rebalance
2016-11-18,MSFT,-6,54.32981975956074,1.0,rebalance
2016-11-18,AAPL,-6,25.217693042557958,1.0,rebalance
2016-11-18,AMZN,-12,38.04619423713684,1.0,rebalance
2016-11-18,NVDA,-88,2.2663628906423177,1.0,rebalance
2016-11-18,BAC,115,16.04805080402009,1.0,rebalance
2016-11-21,AAPL,-1,25.309628210989224,1.0,rebalance
2016-11-21,AMZN,-2,38.296169237136844,1.0,rebalance
2016-11-21,NVDA,-134,2.3080646771565005,1.0,rebalance
2016-11-21,BAC,-4,16.07683104355227,1.0,rebalance
2016-11-21,MSFT,2,54.0903490020737,1.0,rebalance
2016-11-21,GLD,1,115.7315732208252,1.0,rebalance
2016-11-22,MSFT,-2,54.50859982174972,1.0,rebalance
2016-11-22,AAPL,-13,25.73022275834341,1.0,rebalance
2016-11-22,AMZN,-14,39.40455982131958,1.0,rebalance
2016-11-22,NVDA,75,2.2891432820029585,1.0,rebalance
2016-11-22,BAC,4772,16.264048764945773,23.86,rebalance
2016-11-23,MSFT,-2,54.53541441497785,1.0,rebalance
2016-11-23,NVDA,-102,2.302430043247523,1.0,rebalance
2016-11-23,GLD,3,113.88138974685668,1.0,rebalance
2016-11-25,AMZN,-3,39.32106826286316,1.0,rebalance
2016-11-25,NVDA,-74,2.319627426598661,1.0,rebalance
2016-11-25,MSFT,3,53.911545637393786,1.0,rebalance
2016-11-25,GLD,1,113.4313401687622,1.0,rebalance
2016-11-28,MSFT,-1,53.93651172222914,1.0,rebalance
2016-11-28,AAPL,-3,25.61071285189344,1.0,rebalance
2016-11-28,AMZN,4,38.85338369865418,1.0,rebalance
2016-11-28,NVDA,26,2.306576403928142,1.0,rebalance
2016-11-29,MSFT,-3,54.2136228541779,1.0,rebalance
2016-11-29,NVDA,-36,2.3093090807905328,1.0,rebalance
2016-11-29,AAPL,1,25.466412260979837,1.0,rebalance
2016-11-29,AMZN,5,38.40384152603149,1.0,rebalance
2016-11-30,MSFT,-1,54.40133283624527,1.0,rebalance
2016-11-30,AAPL,-5,25.649780298276667,1.0,rebalance
2016-11-30,AMZN,3,38.103808473968506,1.0,rebalance
2016-11-30,NVDA,32,2.2999422847786266,1.0,rebalance
2016-12-01,AAPL,-1,25.36708579922358,1.0,rebalance
2016-12-01,GLD,1,111.1211116104126,1.0,rebalance
2016-12-01,AMZN,1,37.62426070709228,1.0,rebalance
2016-12-01,NVDA,36,2.263084505782029,1.0,rebalance
2016-12-02,AAPL,-3,25.091285056639506,1.0,rebalance
2016-12-02,GLD,-6,111.87881038970947,1.0,rebalance
2016-12-02,AMZN,-1,37.16628116912842,1.0,rebalance
2016-12-02,NVDA,455,2.1193376947501683,2.275,rebalance
2016-12-05,NVDA,-307,2.210794390660122,1.5350000000000001,rebalance
2016-12-05,GLD,4,111.16111652603149,1.0,rebalance
2016-12-05,AMZN,3,37.253725,1.0,rebalance
2016-12-06,AMZN,-7,38.195681087493895,1.0,rebalance
2016-12-06,NVDA,-123,2.26533390235939,1.0,rebalance
2016-12-06,AAPL,11,25.172165395463725,1.0,rebalance
2016-12-06,GLD,1,111.70117144165039,1.0,rebalance
2016-12-07,NVDA,-53,2.280812043367454,1.0,rebalance
2016-12-07,MSFT,2,53.652264141647834,1.0,rebalance
2016-12-07,AAPL,3,25.11699406226897,1.0,rebalance
2016-12-08,MSFT,-4,54.79463014637902,1.0,rebalance
2016-12-08,AAPL,-3,25.479705270718974,1.0,rebalance
2016-12-08,NVDA,-127,2.3385443556376053,1.0,rebalance
2016-12-08,GLD,4,111.7311732208252,1.0,rebalance
2016-12-09,AAPL,-11,25.812961184490423,1.0,rebalance
2016-12-09,GLD,1,111.1911183052063,1.0,rebalance
2016-12-09,NVDA,74,2.3146858465741267,1.0,rebalance
2016-12-12,MSFT,-6,55.25944856821342,1.0,rebalance
2016-12-12,AAPL,-12,26.038206724227507,1.0,rebalance
2016-12-12,NVDA,359,2.207797179203713,1.795,rebalance
2016-12-13,MSFT,-3,55.86728850053504,1.0,rebalance
2016-12-13,AAPL,-2,26.164621654683415,1.0,rebalance
2016-12-13,AMZN,1,38.25182589874267,1.0,rebalance
2016-12-14,MSFT,-151,56.31423512452479,1.0,rebalance
2016-12-14,AAPL,-324,26.440426879277425,1.62,rebalance
2016-12-14,AMZN,-223,38.90860722427368,1.115,rebalance
2016-12-14,NVDA,-3922,2.2734411250581084,19.61,rebalance
2016-12-14,GLD,106,110.961091947937,1.0,rebalance
2016-12-15,GLD,-96,107.83921347427368,1.0,rebalance
2016-12-15,MSFT,150,56.05727711085141,1.0,rebalance
2016-12-15,AAPL,316,26.523877285628966,1.58,rebalance
2016-12-15,AMZN,224,38.31783057594299,1.12,rebalance
2016-12-15,NVDA,3317,2.3810296660514907,16.585,rebalance
2016-12-16,AAPL,-1,26.769092085541125,1.0,rebalance
2016-12-16,NVDA,-190,2.4525361805072925,1.0,rebalance
2016-12-16,MSFT,1,56.28079483461061,1.0,rebalance
2016-12-16,GLD,1,107.96079194793701,1.0,rebalance
2016-12-16,AMZN,4,38.253825,1.0,rebalance
2016-12-19,GLD,-2,108.58913847427368,1.0,rebalance
2016-12-19,NVDA,-4,2.4493422080497207,1.0,rebalance
2016-12-19,MSFT,2,55.93210588033476,1.0,rebalance
2016-12-19,AAPL,2,26.620419144135703,1.0,rebalance
2016-12-19,AMZN,3,37.94829441947937,1.0,rebalance
2016-12-20,MSFT,-1,56.930992399407344,1.0,rebalance
2016-12-20,NVDA,-295,2.569228753626278,1.475,rebalance
2016-12-20,AAPL,2,26.836510289567236,1.0,rebalance
2016-12-20,GLD,6,107.48074822082519,1.0,rebalance
2016-12-21,NVDA,-54,2.5952707212994173,1.0,rebalance
2016-12-21,MSFT,1,56.70992686372327,1.0,rebalance
2016-12-21,AAPL,2,26.850301645563057,1.0,rebalance
2016-12-22,MSFT,-1,57.06508640785318,1.0,rebalance
2016-12-22,NVDA,-83,2.6242594121712473,1.0,rebalance
2016-12-22,AAPL,3,26.74685599068783,1.0,rebalance
2016-12-22,AMZN,2,38.40983882980347,1.0,rebalance
2016-12-23,AAPL,3,26.572149524873925,1.0,rebalance
2016-12-23,AMZN,1,38.231323665618895,1.0,rebalance
2016-12-23,NVDA,7,2.613972526042496,1.0,rebalance
2016-12-27,NVDA,-312,2.7529910344690007,1.56,rebalance
2016-12-27,MSFT,5,56.513248574888166,1.0,rebalance
2016-12-27,AAPL,2,26.78593852646521,1.0,rebalance
2016-12-27,AMZN,6,38.173815168762204,1.0,rebalance
2016-12-28,NVDA,-367,2.938227240186893,1.835,rebalance
2016-12-28,MSFT,4,56.68311438928241,1.0,rebalance
2016-12-28,AAPL,4,27.015820060176647,1.0,rebalance
2016-12-28,GLD,5,108.41084152603149,1.0,rebalance
2016-12-29,MSFT,-3,56.18908600492409,1.0,rebalance
2016-12-29,AAPL,-8,26.76449069692064,1.0,rebalance
2016-12-29,GLD,-8,109.2190803565979,1.0,rebalance
2016-12-29,AMZN,-9,38.616136931991576,1.0,rebalance
2016-12-29,NVDA,820,2.5776061596691813,4.1,rebalance
2016-12-30,NVDA,-368,2.735549215411869,1.84,rebalance
2016-12-30,MSFT,3,56.289732422337345,1.0,rebalance
2016-12-30,AAPL,7,26.815829428780717,1.0,rebalance
2016-12-30,AMZN,10,38.32733393707275,1.0,rebalance
2017-01-03,MSFT,-4,56.12651581155765,1.0,rebalance
2017-01-03,AAPL,-5,26.615099327961474,1.0,rebalance
2017-01-03,GLD,-2,109.60904074630737,1.0,rebalance
2017-01-03,AMZN,-2,37.89221030845642,1.0,rebalance
2017-01-03,NVDA,378,2.5653200463609545,1.8900000000000001,rebalance
2017-01-04,GLD,-4,111.0488915588379,1.0,rebalance
2017-01-04,NVDA,-2570,2.54024045523965,12.85,rebalance
2017-01-04,MSFT,1,55.86058765504244,1.0,rebalance
2017-01-05,GLD,-2,112.14878766174317,1.0,rebalance
2017-01-05,MSFT,3,55.60131073954076,1.0,rebalance
2017-01-05,AAPL,2,26.648002494646516,1.0,rebalance
2017-01-05,NVDA,2601,2.568514665849335,13.005,rebalance
2017-01-06,AAPL,-3,26.840339074923396,1.0,rebalance
2017-01-06,AMZN,-12,39.114088230514525,1.0,rebalance
2017-01-06,MSFT,1,55.699653402073835,1.0,rebalance
2017-01-06,GLD,1,111.82117855834962,1.0,rebalance
2017-01-06,NVDA,147,2.527233894313007,1.0,rebalance
2017-01-09,AAPL,-1,27.10924194812879,1.0,rebalance
2017-01-09,AMZN,-6,39.896011525726315,1.0,rebalance
2017-01-09,GLD,1,112.4012383895874,1.0,rebalance
2017-01-09,NVDA,16,2.5432052059602714,1.0,rebalance
2017-01-10,NVDA,-256,2.648580508972242,1.28,rebalance
2017-01-10,MSFT,3,56.08409678845755,1.0,rebalance
2017-01-10,GLD,1,112.95129644165038,1.0,rebalance
2017-01-10,AMZN,4,39.83398483123779,1.0,rebalance
2017-01-11,AAPL,-2,27.29081714202172,1.0,rebalance
2017-01-11,NVDA,103,2.604635684569494,1.0,rebalance
2017-01-12,MSFT,-1,56.367866186124665,1.0,rebalance
2017-01-12,GLD,-3,114.5085446434021,1.0,rebalance
2017-01-12,AMZN,-1,40.011497565078734,1.0,rebalance
2017-01-12,AAPL,1,27.333054802429082,1.0,rebalance
2017-01-12,NVDA,166,2.5611431353520895,1.0,rebalance
2017-01-13,AAPL,-1,27.375851487177442,1.0,rebalance
2017-01-13,AMZN,-10,40.71192800331116,1.0,rebalance
2017-01-13,MSFT,1,55.985745360945494,1.0,rebalance
2017-01-13,GLD,1,113.66136652603149,1.0,rebalance
2017-01-13,NVDA,41,2.545662338204018,1.0,rebalance
2017-01-17,GLD,-4,115.87841038970947,1.0,rebalance
2017-01-17,MSFT,1,56.03938835328589,1.0,rebalance
2017-01-17,AAPL,7,27.204323952574697,1.0,rebalance
2017-01-17,NVDA,78,2.5309191565543108,1.0,rebalance
2017-01-18,AAPL,-13,27.580416168187238,1.0,rebalance
2017-01-18,GLD,-1,115.72842386398315,1.0,rebalance
2017-01-18,AMZN,2,40.4790459739685,1.0,rebalance
2017-01-18,NVDA,196,2.4631003074790048,1.0,rebalance
2017-01-19,NVDA,-236,2.5321330936807174,1.18,rebalance
2017-01-19,MSFT,2,55.646016243321185,1.0,rebalance
2017-01-19,AAPL,3,27.44800075662576,1.0,rebalance
2017-01-19,GLD,3,114.3314316947937,1.0,rebalance
2017-01-20,NVDA,-162,2.6060802506527976,1.0,rebalance
2017-01-20,GLD,2,114.66146652603149,1.0,rebalance
2017-01-20,AMZN,1,40.76807633895874,1.0,rebalance
2017-01-23,GLD,-3,115.49845113601685,1.0,rebalance
2017-01-23,AMZN,3,40.34403415260315,1.0,rebalance
2017-01-23,NVDA,146,2.550577056765492,1.0,rebalance
2017-01-24,MSFT,-1,56.493002658825276,1.0,rebalance
2017-01-24,AMZN,-5,41.095888474273686,1.0,rebalance
2017-01-24,NVDA,-77,2.5918320359452465,1.0,rebalance
2017-01-24,AAPL,8,27.482485971510858,1.0,rebalance
2017-01-24,GLD,1,115.70157144165039,1.0,rebalance
2017-01-25,MSFT,-2,57.16341924948314,1.0,rebalance
2017-01-25,AAPL,-1,27.67694535211637,1.0,rebalance
2017-01-25,NVDA,-221,2.6790446106961574,1.105,rebalance
2017-01-25,GLD,6,114.1514133895874,1.0,rebalance
2017-01-26,MSFT,-1,57.31537862102606,1.0,rebalance
2017-01-26,AAPL,-7,27.964242498429236,1.0,rebalance
2017-01-26,AMZN,-5,41.77232305183411,1.0,rebalance
2017-01-26,GLD,2,113.2513218635559,1.0,rebalance
2017-01-26,NVDA,84,2.651321957044655,1.0,rebalance
2017-01-27,MSFT,-5,58.450603754542996,1.0,rebalance
2017-01-27,NVDA,-95,2.7006644905696784,1.0,rebalance
2017-01-27,AAPL,1,28.07787637773594,1.0,rebalance
2017-01-27,GLD,3,112.9412933052063,1.0,rebalance
2017-01-30,MSFT,-1,58.71875981782533,1.0,rebalance
2017-01-30,NVDA,-62,2.7249839581040245,1.0,rebalance
2017-01-30,AAPL,8,27.799728023564754,1.0,rebalance
2017-01-30,AMZN,4,41.654166526031496,1.0,rebalance
2017-01-31,AAPL,-2,27.844724301492263,1.0,rebalance
2017-01-31,GLD,-6,115.2584696434021,1.0,rebalance
2017-01-31,MSFT,3,57.98844075998706,1.0,rebalance
2017-01-31,AMZN,5,41.191618749999996,1.0,rebalance
2017-01-31,NVDA,122,2.6771225882306773,1.0,rebalance
2017-02-01,AAPL,-29,29.196161532895317,1.0,rebalance
2017-02-01,NVDA,-51,2.7166315255250946,1.0,rebalance
2017-02-01,MSFT,6,57.5414135094506,1.0,rebalance
2017-02-01,GLD,4,114.67146966247559,1.0,rebalance
2017-02-02,GLD,-1,116.24837613601684,1.0,rebalance
2017-02-02,NVDA,-131,2.783455251662336,1.0,rebalance
2017-02-02,MSFT,9,56.54901316937462,1.0,rebalance
2017-02-03,MSFT,-2,56.761174027159356,1.0,rebalance
2017-02-03,AAPL,-4,29.490347715519157,1.0,rebalance
2017-02-03,NVDA,-166,2.8362740416588093,1.0,rebalance
2017-02-03,AMZN,17,40.340032135009764,1.0,rebalance
2017-02-06,AAPL,-3,29.678822469436188,1.0,rebalance
2017-02-06,GLD,-3,117.05829269485474,1.0,rebalance
2017-02-06,NVDA,116,2.8012112362266253,1.0,rebalance
2017-02-07,AAPL,-1,30.002890737937676,1.0,rebalance
2017-02-07,NVDA,-234,2.916116968534395,1.17,rebalance
2017-02-07,MSFT,2,56.98709443127657,1.0,rebalance
2017-02-07,GLD,2,117.3217285583496,1.0,rebalance
2017-02-07,AMZN,5,40.46954642791748,1.0,rebalance
2017-02-08,AAPL,-3,30.18906370510247,1.0,rebalance
2017-02-08,GLD,-1,118.07818733825684,1.0,rebalance
2017-02-08,MSFT,2,56.8351007102136,1.0,rebalance
2017-02-08,NVDA,37,2.909328046138355,1.0,rebalance
2017-02-09,AAPL,-2,30.389194393778233,1.0,rebalance
2017-02-09,AMZN,-4,41.075893830871586,1.0,rebalance
2017-02-09,NVDA,-3,2.920047250656749,1.0,rebalance
2017-02-09,MSFT,2,56.79040685828997,1.0,rebalance
2017-02-10,MSFT,-3,57.43156916972995,1.0,rebalance
2017-02-10,AAPL,-4,30.576168316341114,1.0,rebalance
2017-02-10,AMZN,-1,41.186882791900636,1.0,rebalance
2017-02-10,NVDA,-58,2.946335475299246,1.0,rebalance
2017-02-10,GLD,5,116.69166830520629,1.0,rebalance
2017-02-13,MSFT,-2,57.42263337450056,1.0,rebalance
2017-02-13,AAPL,-7,30.71928578842187,1.0,rebalance
2017-02-13,GLD,-1,116.7183303565979,1.0,rebalance
2017-02-13,AMZN,-8,41.57684318161011,1.0,rebalance
2017-02-13,NVDA,378,2.786222149936085,1.8900000000000001,rebalance
2017-02-14,MSFT,-5,57.9236388495014,1.0,rebalance
2017-02-14,AAPL,-5,30.80931208870117,1.0,rebalance
2017-02-14,GLD,-4,117.49825113601685,1.0,rebalance
2017-02-14,AMZN,-5,41.84581347427368,1.0,rebalance
2017-02-14,NVDA,-5075,2.653002826360842,25.375,rebalance
2017-02-15,AAPL,-10,31.28252461406229,1.0,rebalance
2017-02-15,GLD,3,116.3416348312378,1.0,rebalance
2017-02-15,AMZN,1,41.704170763015746,1.0,rebalance
2017-02-15,NVDA,5369,2.675895394308832,26.845,rebalance
2017-02-16,GLD,-2,117.91820730514526,1.0,rebalance
2017-02-16,AMZN,-1,42.08778985404968,1.0,rebalance
2017-02-16,AAPL,2,31.323410778987103,1.0,rebalance
2017-02-16,NVDA,16,2.6879346084853424,1.0,rebalance
2017-02-17,GLD,-2,118.1781834411621,1.0,rebalance
2017-02-17,AMZN,-2,42.09578847427368,1.0,rebalance
2017-02-17,NVDA,166,2.6218355633416968,1.0,rebalance
2017-02-21,AAPL,-3,31.446408178285473,1.0,rebalance
2017-02-21,AMZN,-3,42.437757142639164,1.0,rebalance
2017-02-21,NVDA,-95,2.6588990295108594,1.0,rebalance
2017-02-21,GLD,3,117.0517049156189,1.0,rebalance
2017-02-22,AMZN,-1,42.84321509742737,1.0,rebalance
2017-02-22,NVDA,-182,2.740723292789015,1.0,rebalance
2017-02-22,MSFT,4,57.863261912547685,1.0,rebalance
2017-02-22,AAPL,3,31.498879201399745,1.0,rebalance
2017-02-23,MSFT,-1,57.9326263080401,1.0,rebalance
2017-02-23,AAPL,-7,31.711883384020805,1.0,rebalance
2017-02-23,GLD,-3,118.74812613601685,1.0,rebalance
2017-02-23,AMZN,-3,42.874214041900636,1.0,rebalance
2017-02-23,NVDA,406,2.595620467230252,2.0300000000000002,rebalance
2017-02-24,MSFT,-6,58.03154938215197,1.0,rebalance
2017-02-24,AAPL,-2,31.372546405516434,1.0,rebalance
2017-02-24,GLD,-7,119.72802386398315,1.0,rebalance
2017-02-24,NVDA,-8402,2.387740089394757,42.01,rebalance
2017-02-27,AAPL,-6,31.65646806027287,1.0,rebalance
2017-02-27,AMZN,1,42.12321138114929,1.0,rebalance
2017-02-27,NVDA,8556,2.514431439780518,42.78,rebalance
2017-02-28,AMZN,-2,42.56824107170105,1.0,rebalance
2017-02-28,NVDA,-177,2.577882442233109,1.0,rebalance
2017-02-28,MSFT,3,57.6383979797625,1.0,rebalance
2017-02-28,AAPL,2,31.648954156934796,1.0,rebalance
2017-02-28,GLD,1,119.7219700843811,1.0,rebalance
2017-03-01,MSFT,-1,57.67183025498199,1.0,rebalance
2017-03-01,AAPL,-6,31.82958409064494,1.0,rebalance
2017-03-01,AMZN,-3,42.64823490257263,1.0,rebalance
2017-03-01,GLD,3,117.99180135726928,1.0,rebalance
2017-03-01,NVDA,45,2.5535501668137406,1.0,rebalance
2017-03-02,MSFT,-2,58.175435960869784,1.0,rebalance
2017-03-02,AAPL,-9,32.31665287222862,1.0,rebalance
2017-03-02,GLD,1,117.77177813644408,1.0,rebalance
2017-03-02,NVDA,134,2.5161531114981073,1.0,rebalance
2017-03-03,MSFT,-1,57.545932354499904,1.0,rebalance
2017-03-03,AAPL,-2,32.03503244171359,1.0,rebalance
2017-03-03,GLD,-1,116.93830194854736,1.0,rebalance
2017-03-03,AMZN,-2,42.35576461029053,1.0,rebalance
2017-03-03,NVDA,217,2.4251223880657538,1.085,rebalance
2017-03-06,AAPL,-4,32.17123039421417,1.0,rebalance
2017-03-06,GLD,-1,117.33826347427369,1.0,rebalance
2017-03-06,NVDA,133,2.3855113732261017,1.0,rebalance
2017-03-07,MSFT,-2,57.72578973871245,1.0,rebalance
2017-03-07,AMZN,-1,42.269770860672,1.0,rebalance
2017-03-07,NVDA,-77,2.4024991355792054,1.0,rebalance
2017-03-07,GLD,2,116.14161025314331,1.0,rebalance
2017-03-08,NVDA,-242,2.477030718411033,1.21,rebalance
2017-03-08,AAPL,2,32.0806840056302,1.0,rebalance
2017-03-08,GLD,4,115.0014968635559,1.0,rebalance
2017-03-09,MSFT,-5,58.62509672429262,1.0,rebalance
2017-03-09,AMZN,-3,42.545744237136844,1.0,rebalance
2017-03-09,NVDA,223,2.408883972012508,1.115,rebalance
2017-03-10,AMZN,-1,42.84571347427368,1.0,rebalance
2017-03-10,NVDA,-119,2.450219466623206,1.0,rebalance
2017-03-10,GLD,2,114.461441947937,1.0,rebalance
2017-03-13,NVDA,-6,2.448497017754719,1.0,rebalance
2017-03-13,AMZN,1,42.592759826660156,1.0,rebalance
2017-03-14,NVDA,-207,2.5181103512079313,1.035,rebalance
2017-03-14,MSFT,4,58.043165179464324,1.0,rebalance
2017-03-14,AAPL,1,32.16151170399991,1.0,rebalance
2017-03-14,AMZN,1,42.681769428634645,1.0,rebalance
2017-03-15,GLD,1,114.3014299156189,1.0,rebalance
2017-03-15,NVDA,5,2.515661148758933,1.0,rebalance
2017-03-16,GLD,-4,117.2582696434021,1.0,rebalance
2017-03-16,MSFT,3,58.24102889512964,1.0,rebalance
2017-03-16,AMZN,4,42.769275889587405,1.0,rebalance
2017-03-16,NVDA,26,2.5336220309430595,1.0,rebalance
2017-03-17,NVDA,-106,2.5709965648026043,1.0,rebalance
2017-03-17,AMZN,2,42.67876696166992,1.0,rebalance
2017-03-20,NVDA,-153,2.6265876756938327,1.0,rebalance
2017-03-20,MSFT,1,58.38497464593744,1.0,rebalance
2017-03-20,AAPL,4,32.41547478240219,1.0,rebalance
2017-03-20,AMZN,3,42.57975803833008,1.0,rebalance
2017-03-21,AAPL,-2,32.803703930992846,1.0,rebalance
2017-03-21,ORCL,-2115,39.326693409680324,10.575000000000001,rebalance
2017-03-21,NVDA,-86,2.67504623916823,1.0,rebalance
2017-03-21,MSFT,1,58.636810014715095,1.0,rebalance
2017-03-21,GLD,1,117.78177364273071,1.0,rebalance
2017-03-22,GLD,-4,118.85811574630738,1.0,rebalance
2017-03-22,MSFT,3,57.67437104786122,1.0,rebalance
2017-03-22,AAPL,4,32.28849096124308,1.0,rebalance
2017-03-22,ORCL,8,39.17830259229911,1.0,rebalance
2017-03-22,AMZN,6,42.02570178375244,1.0,rebalance
2017-03-22,NVDA,182,2.5946368312321266,1.0,rebalance
2017-03-23,ORCL,-52,38.77989087161299,1.0,rebalance
2017-03-23,NVDA,-53,2.6504477335016463,1.0,rebalance
2017-03-23,MSFT,1,58.41194460677054,1.0,rebalance
2017-03-23,AAPL,4,32.61402371886545,1.0,rebalance
2017-03-23,GLD,3,119.16191652603149,1.0,rebalance
2017-03-23,AMZN,3,42.41424084739685,1.0,rebalance
2017-03-24,MSFT,-2,58.77796713716683,1.0,rebalance
2017-03-24,AAPL,-1,32.662909925689625,1.0,rebalance
2017-03-24,AMZN,-2,42.579741233825686,1.0,rebalance
2017-03-24,NVDA,-102,2.680457761566569,1.0,rebalance
2017-03-24,ORCL,13,38.995997945708446,1.0,rebalance
2017-03-24,GLD,1,118.51185,1.0,rebalance
2017-03-27,ORCL,-13,38.63233291994894,1.0,rebalance
2017-03-27,GLD,-3,119.91800730514527,1.0,rebalance
2017-03-27,MSFT,2,58.13309586241738,1.0,rebalance
2017-03-27,AAPL,7,32.182289028801875,1.0,rebalance
2017-03-27,AMZN,6,41.90768995323181,1.0,rebalance
2017-03-27,NVDA,238,2.5975881807070884,1.19,rebalance
2017-03-28,AAPL,-3,32.52671959048806,1.0,rebalance
2017-03-28,AMZN,-5,42.58324277572632,1.0,rebalance
2017-03-28,NVDA,-175,2.6639770573256407,1.0,rebalance
2017-03-28,ORCL,2159,38.917861272945686,10.795,rebalance
2017-03-29,AAPL,-11,33.166117065818995,1.0,rebalance
2017-03-29,AMZN,-3,42.948204139709475,1.0,rebalance
2017-03-29,GLD,3,119.2319232208252,1.0,rebalance
2017-03-29,NVDA,48,2.656882366696455,1.0,rebalance
2017-03-30,AAPL,-1,33.28384614628856,1.0,rebalance
2017-03-30,AMZN,-8,43.743126623153685,1.0,rebalance
2017-03-30,GLD,2,118.78187364273072,1.0,rebalance
2017-03-30,NVDA,50,2.6480252274655802,1.0,rebalance
2017-03-31,NVDA,-88,2.681440634516819,1.0,rebalance
2017-03-31,AAPL,3,33.181986491685706,1.0,rebalance
2017-03-31,GLD,1,118.6218616104126,1.0,rebalance
2017-04-03,AMZN,-5,44.39556152572632,1.0,rebalance
2017-04-03,AAPL,1,33.17967783090106,1.0,rebalance
2017-04-03,NVDA,24,2.6805017623192806,1.0,rebalance
2017-04-04,AAPL,-1,33.06685294437138,1.0,rebalance
2017-04-04,GLD,-3,119.57803733825683,1.0,rebalance
2017-04-04,AMZN,-5,44.57054326286316,1.0,rebalance
2017-04-04,NVDA,385,2.5439545304486524,1.925,rebalance
2017-04-05,MSFT,-6,59.62331349425664,1.0,rebalance
2017-04-05,AAPL,-5,33.29076976954173,1.0,rebalance
2017-04-05,AMZN,-11,45.536446266174316,1.0,rebalance
2017-04-05,GLD,1,118.63186474685669,1.0,rebalance
2017-04-05,NVDA,287,2.4607951138314976,1.435,rebalance
2017-04-06,AMZN,-2,45.685429626846314,1.0,rebalance
2017-04-06,NVDA,-14,2.46571584835903,1.0,rebalance
2017-04-06,MSFT,3,59.00560217390868,1.0,rebalance
2017-04-07,GLD,-3,120.28797305145264,1.0,rebalance
2017-04-07,NVDA,-58,2.484902791350683,1.0,rebalance
2017-04-07,AAPL,2,33.18429812521551,1.0,rebalance
2017-04-07,AMZN,8,44.9869964187622,1.0,rebalance
2017-04-10,AAPL,-1,33.14765554936898,1.0,rebalance
2017-04-10,AMZN,-2,44.97700056838989,1.0,rebalance
2017-04-10,GLD,1,119.05190491561889,1.0,rebalance
2017-04-10,NVDA,16,2.469161162964418,1.0,rebalance
2017-04-11,MSFT,-1,58.99378749427006,1.0,rebalance
2017-04-11,GLD,-3,120.31796883087158,1.0,rebalance
2017-04-11,AMZN,-5,45.34746599006653,1.0,rebalance
2017-04-11,NVDA,-2749,2.374948731828698,13.745000000000001,rebalance
2017-04-12,MSFT,-372,58.83192215979955,1.86,rebalance
2017-04-12,AAPL,-664,32.685999796664944,3.3200000000000003,rebalance
2017-04-12,NVDA,-6157,2.4135681641227795,30.785,rebalance
2017-04-12,AMZN,-484,45.14998360404968,2.42,rebalance
2017-04-12,GLD,203,121.39213525314331,1.0150000000000001,rebalance
2017-04-13,GLD,-1,122.5277469154358,1.0,rebalance
2017-04-18,GLD,-206,122.41775730514526,1.03,rebalance
2017-04-18,MSFT,375,58.76273246956202,1.875,rebalance
2017-04-18,AAPL,675,32.64865830159597,3.375,rebalance
2017-04-18,NVDA,9081,2.427090185033897,45.405,rebalance
2017-04-18,AMZN,489,45.05400446166992,2.445,rebalance
2017-04-19,AMZN,-1,45.38745909118652,1.0,rebalance
2017-04-19,NVDA,-87,2.459811947520935,1.0,rebalance
2017-04-19,GLD,1,122.262225,1.0,rebalance
2017-04-20,NVDA,-53,2.4664544795534993,1.0,rebalance
2017-04-20,AAPL,1,32.60479383846823,1.0,rebalance
2017-04-20,AMZN,2,44.989499110412595,1.0,rebalance
2017-04-21,AAPL,-2,32.87989376235517,1.0,rebalance
2017-04-21,NVDA,-15,2.4804744145777855,1.0,rebalance
2017-04-24,MSFT,-7,60.68447755973397,1.0,rebalance
2017-04-24,AAPL,-1,33.12457330448736,1.0,rebalance
2017-04-24,NVDA,-124,2.5326223114221995,1.0,rebalance
2017-04-24,GLD,6,120.78207364273071,1.0,rebalance
2017-04-25,GLD,-210,120.51794577941895,1.05,rebalance
2017-04-25,MSFT,62,61.074399141903385,1.0,rebalance
2017-04-25,AAPL,407,33.22585409179974,2.035,rebalance
2017-04-25,AMZN,90,45.35653639030456,1.0,rebalance
2017-04-25,NVDA,1528,2.547399676257687,7.640000000000001,rebalance
2017-04-26,NVDA,-121,2.589936011695276,1.0,rebalance
2017-04-26,MSFT,1,61.23631004529967,1.0,rebalance
2017-04-26,AAPL,1,33.355151072209935,1.0,rebalance
2017-04-27,AMZN,-2,45.714929545211795,1.0,rebalance
2017-04-27,AAPL,2,33.22817060277445,1.0,rebalance
2017-04-27,NVDA,78,2.566589065707576,1.0,rebalance
2017-04-28,AMZN,-15,47.4367574672699,1.0,rebalance
2017-04-28,AAPL,11,33.26741750105609,1.0,rebalance
2017-04-28,GLD,1,120.35203033752441,1.0,rebalance
2017-04-28,NVDA,12,2.5921769978014297,1.0,rebalance
2017-05-01,AAPL,-11,33.49390449263899,1.0,rebalance
2017-05-01,AMZN,10,46.3946383895874,1.0,rebalance
2017-05-01,NVDA,18,2.5769230660858904,1.0,rebalance
2017-05-02,MSFT,-2,62.6899056703579,1.0,rebalance
2017-05-02,AAPL,-6,34.05714255416515,1.0,rebalance
2017-05-02,AMZN,-4,47.3277672077179,1.0,rebalance
2017-05-02,GLD,2,119.31193305206298,1.0,rebalance
2017-05-02,NVDA,39,2.5968514125338285,1.0,rebalance
2017-05-03,MSFT,-1,62.393130187719386,1.0,rebalance
2017-05-03,AMZN,-5,47.29526923713684,1.0,rebalance
2017-05-03,AAPL,4,33.613724329786045,1.0,rebalance
2017-05-03,NVDA,145,2.5390336285491735,1.0,rebalance
2017-05-04,AAPL,-5,33.82168370313917,1.0,rebalance
2017-05-04,NVDA,-120,2.5705036684917952,1.0,rebalance
2017-05-04,MSFT,1,62.09079313134742,1.0,rebalance
2017-05-04,GLD,1,116.8216785583496,1.0,rebalance
2017-05-05,AAPL,-4,33.87709181511359,1.0,rebalance
2017-05-05,AMZN,1,47.03070357666016,1.0,rebalance
2017-05-05,NVDA,82,2.543461523749801,1.0,rebalance
2017-05-08,AAPL,-10,34.4010747283035,1.0,rebalance
2017-05-08,NVDA,-32,2.5665674628096657,1.0,rebalance
2017-05-08,MSFT,2,62.03681130034626,1.0,rebalance
2017-05-08,AMZN,4,47.0522053604126,1.0,rebalance
2017-05-09,MSFT,-61,61.925499302890586,1.0,rebalance
2017-05-09,AAPL,-417,35.5183184571862,2.085,rebalance
2017-05-09,AMZN,-88,47.63523538970947,1.0,rebalance
2017-05-09,NVDA,-1401,2.53360550268462,7.005,rebalance
2017-05-09,GLD,227,116.19161830520629,1.135,rebalance
2017-05-10,GLD,-222,116.40835616912842,1.11,rebalance
2017-05-10,MSFT,72,62.054808483065095,1.0,rebalance
2017-05-10,AAPL,410,35.47000837040904,2.05,rebalance
2017-05-10,AMZN,94,47.679766736984256,1.0,rebalance
2017-05-10,NVDA,732,2.8118818251684066,3.66,rebalance
2017-05-11,NVDA,-423,2.953004109980537,2.115,rebalance
2017-05-11,MSFT,6,61.48816381114594,1.0,rebalance
2017-05-11,AAPL,9,35.34284709575094,1.0,rebalance
2017-05-11,AMZN,8,47.260226343536374,1.0,rebalance
2017-05-12,MSFT,-62,61.70068341764314,1.0,rebalance
2017-05-12,AAPL,-400,35.85729986812995,2.0,rebalance
2017-05-12,AMZN,-84,47.72022597427368,1.0,rebalance
2017-05-12,NVDA,-1698,3.114860825651865,8.49,rebalance
2017-05-12,GLD,233,117.0817066947937,1.165,rebalance
2017-05-15,GLD,-231,117.50824464340211,1.155,rebalance
2017-05-15,MSFT,74,61.290277171723915,1.0,rebalance
2017-05-15,AAPL,399,36.16817389613152,1.995,rebalance
2017-05-15,AMZN,89,47.941294199371335,1.0,rebalance
2017-05-15,NVDA,1208,3.1875706518272637,6.04,rebalance
2017-05-16,MSFT,-67,61.71067209155467,1.0,rebalance
2017-05-16,AAPL,-393,36.144718727313425,1.965,rebalance
2017-05-16,AMZN,-84,48.04519423713684,1.0,rebalance
2017-05-16,NVDA,-1635,3.35469226050807,8.175,rebalance
2017-05-16,GLD,236,117.46174194793701,1.18,rebalance
2017-05-17,MSFT,-4,62.30758540725367,1.0,rebalance
2017-05-17,GLD,-5,119.34806461029054,1.0,rebalance
2017-05-17,AAPL,9,35.60946882763869,1.0,rebalance
2017-05-17,AMZN,2,47.7397741104126,1.0,rebalance
2017-05-17,NVDA,120,3.299267610207227,1.0,rebalance
2017-05-18,MSFT,-389,60.95994271368069,1.945,rebalance
2017-05-18,AAPL,-679,35.0622592218888,3.395,rebalance
2017-05-18,NVDA,-7334,3.1854566472976265,36.67,rebalance
2017-05-18,AMZN,-506,47.23527767829895,2.5300000000000002,rebalance
2017-05-18,GLD,222,119.7819736427307,1.11,rebalance
2017-05-19,GLD,1,119.4019383895874,1.0,rebalance
2017-05-22,GLD,-228,119.61803425369263,1.1400000000000001,rebalance
2017-05-22,MSFT,388,61.41542509798926,1.94,rebalance
2017-05-22,AAPL,669,35.70219481764514,3.345,rebalance
2017-05-22,NVDA,7039,3.393131090860062,35.195,rebalance
2017-05-22,AMZN,495,48.204820763015746,2.475,rebalance
2017-05-23,AMZN,-1,48.746124350738526,1.0,rebalance
2017-05-23,NVDA,-43,3.4399764884245267,1.0,rebalance
2017-05-23,AAPL,1,35.910838578916156,1.0,rebalance
2017-05-24,MSFT,-2,62.28949888946701,1.0,rebalance
2017-05-24,AMZN,-1,48.79511923713684,1.0,rebalance
2017-05-24,NVDA,-73,3.4710032563274034,1.0,rebalance
2017-05-24,AAPL,3,35.665083055775476,1.0,rebalance
2017-05-24,GLD,2,119.0819066947937,1.0,rebalance
2017-05-25,GLD,-229,119.5080446434021,1.145,rebalance
2017-05-25,MSFT,68,62.39243715701593,1.0,rebalance
2017-05-25,AAPL,412,35.63959418770648,2.06,rebalance
2017-05-25,AMZN,82,49.2474245552063,1.0,rebalance
2017-05-25,NVDA,1303,3.4480538832809153,6.515000000000001,rebalance
2017-05-26,MSFT,-3,63.13063299157403,1.0,rebalance
2017-05-26,GLD,-1,120.47794886398316,1.0,rebalance
2017-05-26,AMZN,-3,49.745025,1.0,rebalance
2017-05-26,AAPL,1,35.70219447549093,1.0,rebalance
2017-05-26,NVDA,144,3.3970725597550913,1.0,rebalance
2017-05-30,MSFT,-66,63.12160903905012,1.0,rebalance
2017-05-30,AAPL,-403,35.560614993997035,2.015,rebalance
2017-05-30,AMZN,-84,49.82051793823242,1.0,rebalance
2017-05-30,NVDA,-1506,3.5384728081037453,7.53,rebalance
2017-05-30,GLD,231,120.25202186355591,1.155,rebalance
2017-05-31,MSFT,-1,63.79089726350275,1.0,rebalance
2017-05-31,NVDA,-99,3.61209796024958,1.0,rebalance
2017-05-31,AAPL,1,35.695223114195336,1.0,rebalance
2017-05-31,GLD,2,120.32202855834961,1.0,rebalance
2017-06-01,AAPL,1,35.50977491034945,1.0,rebalance
2017-06-01,NVDA,52,3.570952335390952,1.0,rebalance
2017-06-02,GLD,-3,121.2978665588379,1.0,rebalance
2017-06-02,NVDA,54,3.552480917892718,1.0,rebalance
2017-06-05,MSFT,-7,65.09331063542061,1.0,rebalance
2017-06-05,NVDA,98,3.5214478716969535,1.0,rebalance
2017-06-06,NVDA,-167,3.639923856382865,1.0,rebalance
2017-06-06,MSFT,1,65.40483670708709,1.0,rebalance
2017-06-06,AAPL,9,35.679015911081386,1.0,rebalance
2017-06-06,AMZN,1,50.605058473968505,1.0,rebalance
2017-06-07,AAPL,-4,35.93146498220354,1.0,rebalance
2017-06-07,NVDA,-18,3.6524821519260473,1.0,rebalance
2017-06-07,AMZN,3,50.3025303604126,1.0,rebalance
2017-06-08,NVDA,-195,3.778803700241832,1.0,rebalance
2017-06-08,MSFT,1,65.59483258457786,1.0,rebalance
2017-06-08,AAPL,1,35.991976170078786,1.0,rebalance
2017-06-08,GLD,4,122.0822066947937,1.0,rebalance
2017-06-09,NVDA,-409,4.056563158616953,2.045,rebalance
2017-06-09,MSFT,5,65.16965453517712,1.0,rebalance
2017-06-09,AAPL,5,35.97806919025693,1.0,rebalance
2017-06-09,GLD,7,120.47204508438111,1.0,rebalance
2017-06-09,AMZN,3,50.6300625,1.0,rebalance
2017-06-12,GLD,-13,120.31796883087158,1.0,rebalance
2017-06-12,AAPL,15,33.787256762474335,1.0,rebalance
2017-06-12,AMZN,2,48.354833473968505,1.0,rebalance
2017-06-12,NVDA,512,3.5928721891569384,2.56,rebalance
2017-06-13,NVDA,-284,3.801949826327956,1.42,rebalance
2017-06-13,AAPL,3,34.11645933677635,1.0,rebalance
2017-06-13,GLD,5,119.96199194793701,1.0,rebalance
2017-06-13,AMZN,1,48.90439175071716,1.0,rebalance
2017-06-14,MSFT,-2,64.13459415403496,1.0,rebalance
2017-06-14,GLD,-2,121.49785113601685,1.0,rebalance
2017-06-14,AMZN,-2,49.424557629776004,1.0,rebalance
2017-06-14,AAPL,1,34.195269637458445,1.0,rebalance
2017-06-14,NVDA,151,3.731779427064493,1.0,rebalance
2017-06-15,GLD,-2,119.20807922058106,1.0,rebalance
2017-06-15,AAPL,4,33.226220696896654,1.0,rebalance
2017-06-15,AMZN,2,47.93979487342835,1.0,rebalance
2017-06-15,NVDA,50,3.619471608688963,1.0,rebalance
2017-06-16,AMZN,-10,49.79501923713684,1.0,rebalance
2017-06-16,NVDA,-160,3.7615662037305304,1.0,rebalance
2017-06-16,MSFT,2,63.07995162045736,1.0,rebalance
2017-06-16,AAPL,8,33.33286343042034,1.0,rebalance
2017-06-16,GLD,4,119.3619334739685,1.0,rebalance
2017-06-19,MSFT,-2,63.763737832052776,1.0,rebalance
2017-06-19,AMZN,-8,50.84491347427368,1.0,rebalance
2017-06-19,NVDA,-1,3.7775721234115576,1.0,rebalance
2017-06-19,AAPL,4,33.305052806229575,1.0,rebalance
2017-06-19,GLD,3,118.7518718635559,1.0,rebalance
2017-06-20,AAPL,-11,34.042415260262395,1.0,rebalance
2017-06-20,NVDA,-189,3.9159596342374847,1.0,rebalance
2017-06-20,GLD,3,118.4318401687622,1.0,rebalance
2017-06-20,AMZN,11,49.904991526031495,1.0,rebalance
2017-06-21,AMZN,-2,49.930007873153684,1.0,rebalance
2017-06-21,MSFT,2,63.51417617075348,1.0,rebalance
2017-06-21,AAPL,3,33.73624899542735,1.0,rebalance
2017-06-21,NVDA,6,3.896547333930425,1.0,rebalance
2017-06-22,NVDA,-28,3.9349201157800637,1.0,rebalance
2017-06-22,AAPL,3,33.79420166930426,1.0,rebalance
2017-06-23,GLD,-2,119.63803652572632,1.0,rebalance
2017-06-23,MSFT,2,63.40560519922539,1.0,rebalance
2017-06-23,AAPL,2,33.645835065836295,1.0,rebalance
2017-06-23,NVDA,33,3.9081225366570265,1.0,rebalance
2017-06-26,MSFT,-6,64.57777413508647,1.0,rebalance
2017-06-26,AAPL,-10,34.11195035291118,1.0,rebalance
2017-06-26,AMZN,-3,50.41995673713684,1.0,rebalance
2017-06-26,GLD,2,118.3018299156189,1.0,rebalance
2017-06-26,NVDA,139,3.8214288250393764,1.0,rebalance
2017-06-27,GLD,-4,118.85811574630738,1.0,rebalance
2017-06-27,MSFT,2,63.42366658444275,1.0,rebalance
2017-06-27,AAPL,2,33.61801675633537,1.0,rebalance
2017-06-27,AMZN,3,49.53945357208252,1.0,rebalance
2017-06-27,NVDA,89,3.729808935230542,1.0,rebalance
2017-06-28,GLD,-234,119.0480915588379,1.17,rebalance
2017-06-28,MSFT,71,62.60955558550299,1.0,rebalance
2017-06-28,AAPL,435,33.497470573911144,2.1750000000000003,rebalance
2017-06-28,AMZN,91,48.932394428634645,1.0,rebalance
2017-06-28,NVDA,1220,3.6775954253042977,6.1000000000000005,rebalance
2017-06-29,MSFT,-68,62.75077247658405,1.0,rebalance
2017-06-29,AAPL,-435,33.541770656691,2.1750000000000003,rebalance
2017-06-29,AMZN,-87,48.94510576286316,1.0,rebalance
2017-06-29,NVDA,-1214,3.708378626407458,6.07,rebalance
2017-06-29,GLD,234,117.9817982208252,1.17,rebalance
2017-06-30,AAPL,-3,33.48149012896497,1.0,rebalance
2017-06-30,GLD,-1,118.06819383087158,1.0,rebalance
2017-06-30,AMZN,-3,49.00109991874695,1.0,rebalance
2017-06-30,NVDA,110,3.6298152140936035,1.0,rebalance
2017-07-03,MSFT,-4,62.705539823001544,1.0,rebalance
2017-07-03,AAPL,-6,33.58115727430319,1.0,rebalance
2017-07-03,NVDA,-2158,3.5717160368737177,10.790000000000001,rebalance
2017-07-03,GLD,2,116.5516549156189,1.0,rebalance
2017-07-05,GLD,-1,115.89841266174317,1.0,rebalance
2017-07-05,MSFT,2,61.750130848015566,1.0,rebalance
2017-07-05,AMZN,1,48.08130758895874,1.0,rebalance
2017-07-05,NVDA,2311,3.49484927264478,11.555,rebalance
2017-07-06,GLD,-1,116.56834383087158,1.0,rebalance
2017-07-06,AAPL,3,33.15665493210742,1.0,rebalance
2017-07-06,NVDA,10,3.494110485281901,1.0,rebalance
2017-07-07,NVDA,-154,3.5896924614409387,1.0,rebalance
2017-07-07,AAPL,3,33.128849681116854,1.0,rebalance
2017-07-07,GLD,3,115.7915767791748,1.0,rebalance
2017-07-10,MSFT,-1,62.82312989016586,1.0,rebalance
2017-07-10,AMZN,-4,49.245075,1.0,rebalance
2017-07-10,NVDA,-123,3.687202231927005,1.0,rebalance
2017-07-10,GLD,5,115.03149864273071,1.0,rebalance
2017-07-11,NVDA,-122,3.7884061633552784,1.0,rebalance
2017-07-11,AAPL,3,33.553094464870625,1.0,rebalance
2017-07-11,GLD,2,115.27152813644409,1.0,rebalance
2017-07-12,NVDA,-113,3.8979827008236847,1.0,rebalance
2017-07-12,AAPL,2,33.817396340549074,1.0,rebalance
2017-07-12,GLD,1,116.2216200843811,1.0,rebalance
2017-07-12,AMZN,1,50.0375044708252,1.0,rebalance
2017-07-13,MSFT,-2,64.66820905376476,1.0,rebalance
2017-07-13,NVDA,-142,4.013716822087705,1.0,rebalance
2017-07-13,AAPL,6,33.73160910767917,1.0,rebalance
2017-07-13,GLD,3,116.0516049156189,1.0,rebalance
2017-07-13,AMZN,1,50.23602209281921,1.0,rebalance
2017-07-14,MSFT,-2,65.3374865265283,1.0,rebalance
2017-07-14,AAPL,-8,34.29738307236829,1.0,rebalance
2017-07-14,GLD,-1,117.02829691543579,1.0,rebalance
2017-07-14,AMZN,3,50.12501093177795,1.0,rebalance
2017-07-14,NVDA,92,3.972403485171877,1.0,rebalance
2017-07-17,NVDA,-138,4.095714427314185,1.0,rebalance
2017-07-17,AAPL,1,34.50130483254699,1.0,rebalance
2017-07-17,GLD,1,117.4317401687622,1.0,rebalance
2017-07-17,AMZN,3,50.23952433509827,1.0,rebalance
2017-07-18,MSFT,-2,66.10627787051972,1.0,rebalance
2017-07-18,AAPL,-2,34.582469011770925,1.0,rebalance
2017-07-18,GLD,-1,117.97819886398315,1.0,rebalance
2017-07-18,AMZN,-1,50.29496923713684,1.0,rebalance
2017-07-18,NVDA,159,3.9844730792584615,1.0,rebalance
2017-07-19,AMZN,-4,51.244875,1.0,rebalance
2017-07-19,NVDA,-108,4.095714339817851,1.0,rebalance
2017-07-19,MSFT,1,66.49040791966989,1.0,rebalance
2017-07-19,GLD,2,118.1918183052063,1.0,rebalance
2017-07-20,MSFT,-2,67.09214030145039,1.0,rebalance
2017-07-20,AAPL,-2,35.11558446939879,1.0,rebalance
2017-07-20,AMZN,-2,51.57434034118653,1.0,rebalance
2017-07-20,GLD,1,117.9317901687622,1.0,rebalance
2017-07-20,NVDA,29,4.086682669589134,1.0,rebalance
2017-07-21,GLD,-3,118.9881,1.0,rebalance
2017-07-21,NVDA,-36,4.104086566771284,1.0,rebalance
2017-07-21,MSFT,3,66.44515963830165,1.0,rebalance
2017-07-21,AAPL,5,34.772547346071114,1.0,rebalance
2017-07-21,AMZN,3,51.06910557594299,1.0,rebalance
2017-07-24,NVDA,-34,4.146441828147251,1.0,rebalance
2017-07-24,MSFT,1,66.51753699795181,1.0,rebalance
2017-07-24,AAPL,1,34.909326903614506,1.0,rebalance
2017-07-25,MSFT,-1,66.74844896865825,1.0,rebalance
2017-07-25,AAPL,-6,35.1851236211886,1.0,rebalance
2017-07-25,AMZN,-5,51.89730990257263,1.0,rebalance
2017-07-25,GLD,1,119.00189686355591,1.0,rebalance
2017-07-25,NVDA,110,4.069196281096406,1.0,rebalance
2017-07-26,MSFT,-1,67.23684100197538,1.0,rebalance
2017-07-26,AAPL,-4,35.54439041631416,1.0,rebalance
2017-07-26,NVDA,-60,4.128956804614549,1.0,rebalance
2017-07-26,GLD,3,118.5818566947937,1.0,rebalance
2017-07-27,GLD,-1,120.08798847427369,1.0,rebalance
2017-07-27,AMZN,-8,53.47215316543579,1.0,rebalance
2017-07-27,MSFT,5,66.72562656933111,1.0,rebalance
2017-07-27,AAPL,3,35.64423546501758,1.0,rebalance
2017-07-27,NVDA,22,4.144314579291653,1.0,rebalance
2017-07-28,MSFT,-2,65.72642437994733,1.0,rebalance
2017-07-28,GLD,-8,120.13798652572632,1.0,rebalance
2017-07-28,AAPL,2,34.74935565164098,1.0,rebalance
2017-07-28,AMZN,15,50.61205914344787,1.0,rebalance
2017-07-28,NVDA,163,3.9477755248940873,1.0,rebalance
2017-07-31,NVDA,-129,4.061486099493607,1.0,rebalance
2017-07-31,AAPL,5,34.75167712740377,1.0,rebalance
2017-08-01,MSFT,-2,66.11531148611519,1.0,rebalance
2017-08-01,BA,-414,229.30847645390432,2.07,rebalance
2017-08-01,GLD,-1,120.4279584411621,1.0,rebalance
2017-08-01,AMZN,8,49.81048058052063,1.0,rebalance
2017-08-01,NVDA,58,3.9930929672770863,1.0,rebalance
2017-08-02,AAPL,-30,36.91885838310116,1.0,rebalance
2017-08-02,BA,-18,225.2382458787481,1.0,rebalance
2017-08-02,MSFT,11,65.63101701343307,1.0,rebalance
2017-08-02,GLD,7,120.52205313644409,1.0,rebalance
2017-08-02,AMZN,9,50.09350982666015,1.0,rebalance
2017-08-02,NVDA,14,4.082249989257073,1.0,rebalance
2017-08-03,BA,-4,223.353863179077,1.0,rebalance
2017-08-03,MSFT,2,65.30533899262238,1.0,rebalance
2017-08-03,AAPL,9,36.40928209581625,1.0,rebalance
2017-08-03,GLD,1,120.32202855834961,1.0,rebalance
2017-08-03,AMZN,1,49.97849664802551,1.0,rebalance
2017-08-03,NVDA,52,4.048262424973732,1.0,rebalance
2017-08-04,MSFT,-2,65.48223087851672,1.0,rebalance
2017-08-04,NVDA,-137,4.122062031241055,1.0,rebalance
2017-08-04,AAPL,2,36.18208051387338,1.0,rebalance
2017-08-04,BA,4,224.8309505510531,1.0,rebalance
2017-08-04,AMZN,3,49.48894955978393,1.0,rebalance
2017-08-07,AAPL,-1,36.404322136582195,1.0,rebalance
2017-08-07,BA,-3,223.8626527529963,1.0,rebalance
2017-08-07,NVDA,-11,4.146440142292584,1.0,rebalance
2017-08-07,GLD,3,119.4419433052063,1.0,rebalance
2017-08-07,AMZN,2,49.537454470825196,1.0,rebalance
2017-08-08,AAPL,-6,36.76126762896732,1.0,rebalance
2017-08-08,GLD,-1,120.0079946434021,1.0,rebalance
2017-08-08,NVDA,-188,4.281872699338571,1.0,rebalance
2017-08-08,MSFT,3,65.21485282642635,1.0,rebalance
2017-08-08,BA,435,226.08429721513792,2.1750000000000003,rebalance
2017-08-09,MSFT,-1,65.34654284278689,1.0,rebalance
2017-08-09,AAPL,-5,36.91423697989135,1.0,rebalance
2017-08-09,GLD,-4,121.0078946434021,1.0,rebalance
2017-08-09,AMZN,3,49.134914068222045,1.0,rebalance
2017-08-09,NVDA,171,4.148255068963677,1.0,rebalance
2017-08-10,AAPL,-2,37.2081389230245,1.0,rebalance
2017-08-10,GLD,-1,122.06779383087158,1.0,rebalance
2017-08-10,NVDA,-101,4.23927396707096,1.0,rebalance
2017-08-10,MSFT,3,65.04298842608453,1.0,rebalance
2017-08-10,AMZN,6,48.819880126571654,1.0,rebalance
2017-08-11,MSFT,-394,64.76769772774253,1.97,rebalance
2017-08-11,AAPL,-690,36.440235039082204,3.45,rebalance
2017-08-11,NVDA,-6051,3.869419641812455,30.255,rebalance
2017-08-11,AMZN,-525,47.9952,2.625,rebalance
2017-08-11,GLD,226,122.2522218635559,1.1300000000000001,rebalance
2017-08-14,GLD,1,121.99220135726928,1.0,rebalance
2017-08-15,GLD,-232,120.58793847427368,1.16,rebalance
2017-08-15,MSFT,373,66.92648659328803,1.865,rebalance
2017-08-15,AAPL,668,37.3924496531867,3.34,rebalance
2017-08-15,NVDA,6016,4.152688030889612,30.080000000000002,rebalance
2017-08-15,AMZN,505,49.4499441947937,2.525,rebalance
2017-08-16,AAPL,-6,37.682832226105575,1.0,rebalance
2017-08-16,GLD,-1,120.64793766174317,1.0,rebalance
2017-08-16,AMZN,3,49.087408707809445,1.0,rebalance
2017-08-16,NVDA,27,4.127566940285053,1.0,rebalance
2017-08-17,GLD,-5,122.27777191543579,1.0,rebalance
2017-08-17,AAPL,5,37.359872879842726,1.0,rebalance
2017-08-17,AMZN,1,48.896887490844726,1.0,rebalance
2017-08-17,NVDA,99,4.05909918094541,1.0,rebalance
2017-08-18,MSFT,-373,65.71289282715873,1.865,rebalance
2017-08-18,AAPL,-667,36.733429585484856,3.335,rebalance
2017-08-18,NVDA,-6142,4.030214514175501,30.71,rebalance
2017-08-18,AMZN,-509,48.06519269485474,2.545,rebalance
2017-08-18,GLD,223,123.38233974685669,1.115,rebalance
2017-08-21,GLD,2,122.55225491561889,1.0,rebalance
2017-08-22,GLD,-229,122.5477415588379,1.145,rebalance
2017-08-22,MSFT,375,65.79880119191532,1.875,rebalance
2017-08-22,AAPL,670,36.82688063944601,3.35,rebalance
2017-08-22,NVDA,6239,3.9561808218248475,31.195,rebalance
2017-08-22,AMZN,516,47.780778576660154,2.58,rebalance
2017-08-23,MSFT,-1,66.34029484347859,1.0,rebalance
2017-08-23,AAPL,-1,37.01500239582796,1.0,rebalance
2017-08-23,NVDA,-7,3.9728888258089006,1.0,rebalance
2017-08-24,AAPL,-1,37.33146890431935,1.0,rebalance
2017-08-24,NVDA,-185,4.118297566791539,1.0,rebalance
2017-08-24,MSFT,2,66.15345791529167,1.0,rebalance
2017-08-24,GLD,2,122.4022383895874,1.0,rebalance
2017-08-24,AMZN,4,47.87578548240661,1.0,rebalance
2017-08-25,AAPL,1,37.157384058192065,1.0,rebalance
2017-08-25,NVDA,28,4.096198421586314,1.0,rebalance
2017-08-28,MSFT,-1,66.43120388659845,1.0,rebalance
2017-08-28,AAPL,-1,37.26398054372652,1.0,rebalance
2017-08-28,GLD,-2,123.31766883087158,1.0,rebalance
2017-08-28,AMZN,5,47.33173236427307,1.0,rebalance
2017-08-28,NVDA,53,4.057002772611385,1.0,rebalance
2017-08-29,GLD,-7,125.7974165588379,1.0,rebalance
2017-08-29,MSFT,3,65.70783600027049,1.0,rebalance
2017-08-29,AMZN,4,47.0047,1.0,rebalance
2017-08-29,NVDA,79,4.007948510038999,1.0,rebalance
2017-08-30,AAPL,-10,38.11563965696547,1.0,rebalance
2017-08-30,AMZN,-5,47.91720868492126,1.0,rebalance
2017-08-30,NVDA,-59,4.0788647345299,1.0,rebalance
2017-08-30,GLD,6,124.3424348312378,1.0,rebalance
2017-08-31,MSFT,-3,67.31319473688636,1.0,rebalance
2017-08-31,AMZN,-6,48.730127110290525,1.0,rebalance
2017-08-31,AAPL,4,38.086025614391836,1.0,rebalance
2017-08-31,GLD,2,124.59245983123779,1.0,rebalance
2017-09-01,NVDA,-61,4.188539405301659,1.0,rebalance
2017-09-01,AAPL,2,38.356025367755755,1.0,rebalance
2017-09-05,GLD,-3,126.63733652572633,1.0,rebalance
2017-09-05,MSFT,5,66.69914165297783,1.0,rebalance
2017-09-05,AAPL,1,38.1116407326517,1.0,rebalance
2017-09-05,AMZN,1,48.774877457809446,1.0,rebalance
2017-09-05,NVDA,22,4.150674307310737,1.0,rebalance
2017-09-06,MSFT,-2,67.04952863752565,1.0,rebalance
2017-09-06,GLD,-2,127.32726233825684,1.0,rebalance
2017-09-06,AAPL,4,37.869581743639785,1.0,rebalance
2017-09-06,AMZN,4,48.42084196624756,1.0,rebalance
2017-09-06,NVDA,36,4.122574036264338,1.0,rebalance
2017-09-07,GLD,-1,127.5472415588379,1.0,rebalance
2017-09-07,AMZN,-2,48.69513076286316,1.0,rebalance
2017-09-07,AAPL,2,37.725284455268344,1.0,rebalance
2017-09-07,NVDA,28,4.104084975018312,1.0,rebalance
2017-09-08,MSFT,-2,67.58596753198306,1.0,rebalance
2017-09-08,GLD,-1,128.1971857131958,1.0,rebalance
2017-09-08,AMZN,-2,48.950106330871584,1.0,rebalance
2017-09-08,AAPL,7,37.43901270189946,1.0,rebalance
2017-09-08,NVDA,26,4.094717539182023,1.0,rebalance
2017-09-11,MSFT,-2,67.56779097606372,1.0,rebalance
2017-09-11,AAPL,-1,37.34775093934381,1.0,rebalance
2017-09-11,NVDA,-7,4.0798503045870405,1.0,rebalance
2017-09-11,GLD,1,126.7526718635559,1.0,rebalance
2017-09-12,AAPL,-4,37.83872795433184,1.0,rebalance
2017-09-12,AMZN,-1,49.158585389328,1.0,rebalance
2017-09-12,NVDA,-120,4.189769983027173,1.0,rebalance
2017-09-12,GLD,5,126.0426017791748,1.0,rebalance
2017-09-13,MSFT,-1,68.13152609005027,1.0,rebalance
2017-09-13,GLD,-1,126.38736152572632,1.0,rebalance
2017-09-13,AMZN,-2,49.19358173675537,1.0,rebalance
2017-09-13,AAPL,8,37.208578870921315,1.0,rebalance
2017-09-13,NVDA,33,4.155851271022471,1.0,rebalance
2017-09-14,MSFT,-1,68.19518693114352,1.0,rebalance
2017-09-14,AMZN,-6,49.835016152572635,1.0,rebalance
2017-09-14,NVDA,-6,4.159950058607587,1.0,rebalance
2017-09-14,AAPL,4,37.00378659568822,1.0,rebalance
2017-09-14,GLD,1,125.67256966247558,1.0,rebalance
2017-09-15,NVDA,-126,4.2602566711374354,1.0,rebalance
2017-09-15,MSFT,1,68.05422536901824,1.0,rebalance
2017-09-15,AAPL,5,36.882744055015095,1.0,rebalance
2017-09-15,AMZN,2,49.655466301345825,1.0,rebalance
2017-09-18,NVDA,-338,4.562905405356915,1.69,rebalance
2017-09-18,MSFT,2,68.41800734026157,1.0,rebalance
2017-09-18,GLD,7,124.7224700843811,1.0,rebalance
2017-09-18,AMZN,7,49.52495245780945,1.0,rebalance
2017-09-19,NVDA,-27,4.572025629760663,1.0,rebalance
2017-09-19,AMZN,5,48.867385486984254,1.0,rebalance
2017-09-20,NVDA,-60,4.621069898134814,1.0,rebalance
2017-09-20,AAPL,7,36.750085809371285,1.0,rebalance
2017-09-20,AMZN,3,48.59435937728882,1.0,rebalance
2017-09-21,MSFT,-4,68.29519961166551,1.0,rebalance
2017-09-21,AMZN,-5,48.56064180221558,1.0,rebalance
2017-09-21,AAPL,1,36.26133440780893,1.0,rebalance
2017-09-21,GLD,1,122.5722535583496,1.0,rebalance
2017-09-21,NVDA,108,4.477541744702175,1.0,rebalance
2017-09-22,GLD,-4,123.01769577941894,1.0,rebalance
2017-09-22,NVDA,-6,4.4436215504621295,1.0,rebalance
2017-09-22,MSFT,2,67.29030379387369,1.0,rebalance
2017-09-22,AAPL,13,35.26984406347879,1.0,rebalance
2017-09-25,MSFT,-2,67.36773887844203,1.0,rebalance
2017-09-25,GLD,-1,122.76772077941895,1.0,rebalance
2017-09-25,AAPL,3,34.909098808317644,1.0,rebalance
2017-09-25,AMZN,3,47.47024642791748,1.0,rebalance
2017-09-25,NVDA,45,4.381650151389607,1.0,rebalance
2017-09-26,AAPL,-6,35.31863714604827,1.0,rebalance
2017-09-26,GLD,-2,123.55764269485474,1.0,rebalance
2017-09-26,MSFT,1,66.99924606139685,1.0,rebalance
2017-09-26,AMZN,3,47.279229250717165,1.0,rebalance
2017-09-26,NVDA,48,4.349607136607902,1.0,rebalance
2017-09-27,AAPL,-11,35.788679451767656,1.0,rebalance
2017-09-27,AMZN,-2,47.39526152572632,1.0,rebalance
2017-09-27,GLD,3,122.0522049156189,1.0,rebalance
2017-09-27,NVDA,16,4.329145887045757,1.0,rebalance
2017-09-28,AMZN,-1,47.58823920478821,1.0,rebalance
2017-09-28,NVDA,-6,4.33813728459246,1.0,rebalance
2017-09-28,MSFT,1,66.8810277931113,1.0,rebalance
2017-09-29,AMZN,-2,48.000700243377686,1.0,rebalance
2017-09-29,NVDA,-71,4.413553040635653,1.0,rebalance
2017-09-29,AAPL,6,35.65851938426738,1.0,rebalance
2017-09-29,GLD,1,122.3022299156189,1.0,rebalance
2017-10-02,MSFT,-3,67.93150713702092,1.0,rebalance
2017-10-02,AAPL,-2,35.8957193168429,1.0,rebalance
2017-10-02,AMZN,-1,48.19518076286316,1.0,rebalance
2017-10-02,NVDA,-41,4.45594421706488,1.0,rebalance
2017-10-02,GLD,4,121.18211516876221,1.0,rebalance
2017-10-03,MSFT,-1,67.89512709509802,1.0,rebalance
2017-10-03,AAPL,-2,35.837553158761594,1.0,rebalance
2017-10-03,NVDA,27,4.418626360258044,1.0,rebalance
2017-10-04,GLD,-1,121.19787808456421,1.0,rebalance
2017-10-04,NVDA,-16,4.426862627086628,1.0,rebalance
2017-10-04,MSFT,2,67.38123598121183,1.0,rebalance
2017-10-04,AMZN,2,47.71526985969543,1.0,rebalance
2017-10-05,MSFT,-2,68.39522331872028,1.0,rebalance
2017-10-05,AMZN,-4,48.49515,1.0,rebalance
2017-10-05,NVDA,-28,4.482067914035515,1.0,rebalance
2017-10-05,AAPL,3,35.88427317744955,1.0,rebalance
2017-10-05,GLD,2,121.1621165260315,1.0,rebalance
2017-10-06,MSFT,-3,68.80440984308724,1.0,rebalance
2017-10-06,AAPL,-3,36.060941647151495,1.0,rebalance
2017-10-06,AMZN,-3,48.777123295211794,1.0,rebalance
2017-10-06,GLD,2,120.27202813644409,1.0,rebalance
2017-10-06,NVDA,61,4.428487322002161,1.0,rebalance
2017-10-09,AMZN,-4,49.65703254890442,1.0,rebalance
2017-10-09,NVDA,-40,4.504988443606356,1.0,rebalance
2017-10-09,MSFT,2,69.09100497144988,1.0,rebalance
2017-10-09,AAPL,2,36.26365825066288,1.0,rebalance
2017-10-10,GM,-2500,39.17820567685565,12.5,rebalance
2017-10-10,NVDA,-195,4.7179283655449,1.0,rebalance
2017-10-10,MSFT,2,69.41840794051481,1.0,rebalance
2017-10-10,AAPL,7,36.32183550407364,1.0,rebalance
2017-10-10,GLD,1,122.63226474685669,1.0,rebalance
2017-10-10,AMZN,2,49.83848325843811,1.0,rebalance
2017-10-11,AAPL,-1,36.29363586628823,1.0,rebalance
2017-10-11,AMZN,2,49.56845580062866,1.0,rebalance
2017-10-11,GM,7,39.19469628031394,1.0,rebalance
2017-10-11,NVDA,36,4.673761725413216,1.0,rebalance
2017-10-12,GM,-37,38.90140462111546,1.0,rebalance
2017-10-12,MSFT,1,69.56390669589332,1.0,rebalance
2017-10-12,AAPL,3,36.389344464345655,1.0,rebalance
2017-10-12,GLD,1,122.85228033752442,1.0,rebalance
2017-10-12,AMZN,1,49.84548392791748,1.0,rebalance
2017-10-13,MSFT,-3,70.55017984871733,1.0,rebalance
2017-10-13,AMZN,-2,50.34496347427368,1.0,rebalance
2017-10-13,NVDA,-48,4.770177299184888,1.0,rebalance
2017-10-13,AAPL,1,36.477786944517945,1.0,rebalance
2017-10-13,GM,7,39.177398047088964,1.0,rebalance
2017-10-16,AAPL,-7,36.742729701346214,1.0,rebalance
2017-10-16,GLD,-2,123.80761769485474,1.0,rebalance
2017-10-16,AMZN,-3,50.41695868492126,1.0,rebalance
2017-10-16,NVDA,-80,4.825630877282348,1.0,rebalance
2017-10-16,GM,35,39.6013619079961,1.0,rebalance
2017-10-17,MSFT,-1,70.44108738516293,1.0,rebalance
2017-10-17,AAPL,-9,37.1802098645686,1.0,rebalance
2017-10-17,NVDA,-45,4.857421969254774,1.0,rebalance
2017-10-17,GLD,4,122.0422017791748,1.0,rebalance
2017-10-17,GM,2488,39.62730911296538,12.44,rebalance
2017-10-18,MSFT,-1,70.62295110936985,1.0,rebalance
2017-10-18,AAPL,-2,37.32913032679206,1.0,rebalance
2017-10-18,NVDA,-19,4.882561152402439,1.0,rebalance
2017-10-18,GLD,2,121.7221700843811,1.0,rebalance
2017-10-19,MSFT,-2,70.53199619243328,1.0,rebalance
2017-10-19,GLD,-4,122.18777694854737,1.0,rebalance
2017-10-19,AAPL,9,36.4824416421333,1.0,rebalance
2017-10-19,AMZN,4,49.50495,1.0,rebalance
2017-10-19,NVDA,52,4.793069471743889,1.0,rebalance
2017-10-20,MSFT,-2,71.21396510988146,1.0,rebalance
2017-10-20,NVDA,-86,4.891927642388329,1.0,rebalance
2017-10-20,AAPL,3,36.44985437556503,1.0,rebalance
2017-10-20,GLD,2,121.6921683052063,1.0,rebalance
2017-10-23,MSFT,-4,71.82316356208084,1.0,rebalance
2017-10-23,AAPL,-1,36.50771825524543,1.0,rebalance
2017-10-23,GLD,2,120.99210135726929,1.0,rebalance
2017-10-23,AMZN,3,49.3414319103241,1.0,rebalance
2017-10-23,NVDA,9,4.875402188194298,1.0,rebalance
2017-10-24,MSFT,-1,71.74134333154879,1.0,rebalance
2017-10-24,GLD,-2,121.24787613601684,1.0,rebalance
2017-10-24,AMZN,8,48.45484576301575,1.0,rebalance
2017-10-24,NVDA,2,4.855928523051238,1.0,rebalance
2017-10-25,AAPL,-1,36.51237017897635,1.0,rebalance
2017-10-25,AMZN,-3,48.89511152572632,1.0,rebalance
2017-10-25,MSFT,1,71.46466500231695,1.0,rebalance
2017-10-25,NVDA,6,4.858148746688782,1.0,rebalance
2017-10-26,MSFT,-2,72.01409679788729,1.0,rebalance
2017-10-26,AAPL,-2,36.586838648900326,1.0,rebalance
2017-10-26,AMZN,-2,49.011596915817265,1.0,rebalance
2017-10-26,NVDA,61,4.801451806701018,1.0,rebalance
2017-10-27,MSFT,-13,76.71504457907713,1.0,rebalance
2017-10-27,AMZN,-26,52.90171079521179,1.0,rebalance
2017-10-27,AAPL,8,37.07360260833208,1.0,rebalance
2017-10-27,GLD,12,120.3920352531433,1.0,rebalance
2017-10-27,NVDA,53,4.875896945396529,1.0,rebalance
2017-10-30,AAPL,-11,38.13658905919929,1.0,rebalance
2017-10-30,AMZN,-11,54.745024675369265,1.0,rebalance
2017-10-30,NVDA,-44,4.9749839098970705,1.0,rebalance
2017-10-30,MSFT,6,76.1210626694774,1.0,rebalance
2017-10-30,GLD,4,120.3920352531433,1.0,rebalance
2017-10-31,AAPL,-10,39.06970165693426,1.0,rebalance
2017-10-31,AMZN,-1,55.44445576286316,1.0,rebalance
2017-10-31,NVDA,-30,5.055572628075501,1.0,rebalance
2017-10-31,INTC,-2714,37.71789542131676,13.57,rebalance
2017-10-31,MSFT,1,76.72128812587627,1.0,rebalance
2017-10-31,GLD,3,120.8320816947937,1.0,rebalance
2017-11-01,AAPL,-12,39.52811200659934,1.0,rebalance
2017-11-01,GLD,-2,120.9679053565979,1.0,rebalance
2017-11-01,AMZN,-1,55.2644734577179,1.0,rebalance
2017-11-01,NVDA,-142,5.159579523924025,1.0,rebalance
2017-11-01,INTC,62,38.36812056580556,1.0,rebalance
2017-11-02,MSFT,-2,75.78759631918102,1.0,rebalance
2017-11-02,GLD,-7,121.2778719154358,1.0,rebalance
2017-11-02,AMZN,-4,54.88501006507874,1.0,rebalance
2017-11-02,AAPL,2,38.77495795869919,1.0,rebalance
2017-11-02,NVDA,4,5.078031330046005,1.0,rebalance
2017-11-02,INTC,2652,38.90227404673748,13.26,rebalance
2017-11-03,MSFT,-1,76.45135977217464,1.0,rebalance
2017-11-03,AAPL,-23,40.48914154580821,1.0,rebalance
2017-11-03,GLD,2,121.3721366104126,1.0,rebalance
2017-11-03,AMZN,6,54.56295468177795,1.0,rebalance
2017-11-03,NVDA,13,5.107613273887064,1.0,rebalance
2017-11-06,AMZN,-7,55.451954707717896,1.0,rebalance
2017-11-06,AAPL,6,40.117881443119174,1.0,rebalance
2017-11-06,GLD,2,120.7320732208252,1.0,rebalance
2017-11-07,AMZN,-3,56.23137581176758,1.0,rebalance
2017-11-07,NVDA,-36,5.189153972951466,1.0,rebalance
2017-11-07,GLD,1,121.52215313644409,1.0,rebalance
2017-11-08,AAPL,-1,40.642722504598495,1.0,rebalance
2017-11-08,NVDA,-26,5.22119339214143,1.0,rebalance
2017-11-08,MSFT,3,76.52122190192102,1.0,rebalance
2017-11-08,AMZN,1,56.146612940216066,1.0,rebalance
2017-11-09,MSFT,-1,76.47863633230062,1.0,rebalance
2017-11-09,AAPL,-5,40.74743966478031,1.0,rebalance
2017-11-09,GLD,-1,121.83781347427369,1.0,rebalance
2017-11-09,AMZN,-3,56.29237053565979,1.0,rebalance
2017-11-09,NVDA,141,5.060037110249955,1.0,rebalance
2017-11-10,NVDA,-161,5.2515074477409325,1.0,rebalance
2017-11-10,MSFT,3,76.20290494240434,1.0,rebalance
2017-11-10,AAPL,1,40.902112660139885,1.0,rebalance
2017-11-10,GLD,1,122.00219686355591,1.0,rebalance
2017-11-10,AMZN,2,56.3106308052063,1.0,rebalance
2017-11-13,NVDA,-78,5.326923830965865,1.0,rebalance
2017-11-13,AAPL,5,40.52604017771047,1.0,rebalance
2017-11-13,GLD,1,121.4421433052063,1.0,rebalance
2017-11-13,AMZN,1,56.155616526031494,1.0,rebalance
2017-11-14,AMZN,-4,56.499850243377686,1.0,rebalance
2017-11-14,NVDA,57,5.25058634517333,1.0,rebalance
2017-11-15,MSFT,-1,76.27787079741356,1.0,rebalance
2017-11-15,GLD,-3,122.11778425369263,1.0,rebalance
2017-11-15,AAPL,11,39.7015005255253,1.0,rebalance
2017-11-15,NVDA,23,5.224701899493244,1.0,rebalance
2017-11-16,MSFT,-351,75.93975600271727,1.7550000000000001,rebalance
2017-11-16,AAPL,-672,39.976151088111536,3.36,rebalance
2017-11-16,NVDA,-5112,5.249043584933157,25.560000000000002,rebalance
2017-11-16,AMZN,-473,56.502348620224,2.365,rebalance
2017-11-16,GLD,253,121.46214194793701,1.2650000000000001,rebalance
2017-11-17,GLD,-252,122.13778652572633,1.26,rebalance
2017-11-17,MSFT,352,75.97322718488992,1.76,rebalance
2017-11-17,AAPL,670,39.95143015618224,3.35,rebalance
2017-11-17,NVDA,5077,5.273264847524543,25.385,rebalance
2017-11-17,AMZN,470,56.91969286499023,2.35,rebalance
2017-11-20,GLD,-2,122.28777305145263,1.0,rebalance
2017-11-20,MSFT,1,75.31513721859906,1.0,rebalance
2017-11-20,AMZN,1,56.49414753761292,1.0,rebalance
2017-11-20,NVDA,22,5.225689347552843,1.0,rebalance
2017-11-21,NVDA,-72,5.315834373115305,1.0,rebalance
2017-11-21,GLD,2,121.68216516876221,1.0,rebalance
2017-11-22,MSFT,-1,76.60685680571248,1.0,rebalance
2017-11-22,AAPL,-4,40.48524352594111,1.0,rebalance
2017-11-22,GLD,1,122.27222813644408,1.0,rebalance
2017-11-22,AMZN,1,57.055704236984255,1.0,rebalance
2017-11-22,NVDA,5,5.352905030509061,1.0,rebalance
2017-11-24,AAPL,-6,40.891592168923665,1.0,rebalance
2017-11-24,AMZN,-6,58.029196347427366,1.0,rebalance
2017-11-24,MSFT,3,75.87267164427058,1.0,rebalance
2017-11-24,GLD,1,122.3722366104126,1.0,rebalance
2017-11-24,NVDA,43,5.318123248507402,1.0,rebalance
2017-11-27,AMZN,-12,60.126986120224,1.0,rebalance
2017-11-27,MSFT,2,76.14686448344823,1.0,rebalance
2017-11-27,AAPL,6,40.88808240741434,1.0,rebalance
2017-11-27,NVDA,7,5.360552302943331,1.0,rebalance
2017-11-28,MSFT,-2,76.82615000526164,1.0,rebalance
2017-11-28,AMZN,-2,60.237975081253055,1.0,rebalance
2017-11-28,AAPL,2,40.71289844357443,1.0,rebalance
2017-11-28,NVDA,62,5.287535564555311,1.0,rebalance
2017-11-29,MSFT,-5,77.41100460588851,1.0,rebalance
2017-11-29,AAPL,2,40.32282367386971,1.0,rebalance
2017-11-29,NVDA,72,5.18047674569447,1.0,rebalance
2017-11-30,MSFT,-2,76.31441911938984,1.0,rebalance
2017-11-30,AAPL,-3,39.80099003638545,1.0,rebalance
2017-11-30,GLD,-3,121.42785844116212,1.0,rebalance
2017-11-30,AMZN,2,58.36083504219055,1.0,rebalance
2017-11-30,NVDA,185,4.913817554350042,1.0,rebalance
2017-12-01,AMZN,-1,58.59664066543579,1.0,rebalance
2017-12-01,NVDA,-5,4.91554779110283,1.0,rebalance
2017-12-01,AAPL,1,39.696839401404034,1.0,rebalance
2017-12-04,MSFT,-2,77.14600142457236,1.0,rebalance
2017-12-04,AAPL,-6,40.27972571580275,1.0,rebalance
2017-12-04,GLD,2,121.1621165260315,1.0,rebalance
2017-12-04,AMZN,1,58.69837031822205,1.0,rebalance
2017-12-04,NVDA,6,4.934786889884889,1.0,rebalance
2017-12-05,AAPL,-7,39.48105663423683,1.0,rebalance
2017-12-05,GLD,-8,120.08798847427369,1.0,rebalance
2017-12-05,NVDA,-1575,4.498500701961586,7.875,rebalance
2017-12-05,MSFT,1,74.34627384639869,1.0,rebalance
2017-12-05,AMZN,3,56.41863949928284,1.0,rebalance
2017-12-06,AMZN,-2,56.893811850357054,1.0,rebalance
2017-12-06,AAPL,6,39.124567382286756,1.0,rebalance
2017-12-06,NVDA,1822,4.5808040630775535,9.11,rebalance
2017-12-07,AMZN,-3,57.82371534118652,1.0,rebalance
2017-12-07,NVDA,-135,4.734275870746256,1.0,rebalance
2017-12-07,GLD,7,119.0219031364441,1.0,rebalance
2017-12-08,MSFT,-3,76.42407679136167,1.0,rebalance
2017-12-08,AAPL,-1,39.815003134618266,1.0,rebalance
2017-12-08,AMZN,-3,58.514148457717894,1.0,rebalance
2017-12-08,NVDA,-26,4.784837562551992,1.0,rebalance
2017-12-08,GLD,3,118.50184686355591,1.0,rebalance
2017-12-11,MSFT,-4,77.02719259131798,1.0,rebalance
2017-12-11,AAPL,2,39.52164442103397,1.0,rebalance
2017-12-11,NVDA,40,4.737690669736872,1.0,rebalance
2017-12-12,MSFT,-2,77.95930630502649,1.0,rebalance
2017-12-12,AAPL,-8,40.202664261712094,1.0,rebalance
2017-12-12,NVDA,-1,4.757461667067596,1.0,rebalance
2017-12-12,GLD,4,117.6617665260315,1.0,rebalance
2017-12-12,AMZN,1,58.33133303833008,1.0,rebalance
2017-12-13,MSFT,-1,78.35226470857263,1.0,rebalance
2017-12-13,NVDA,24,4.74854499059426,1.0,rebalance
2017-12-14,MSFT,-1,78.06897854699378,1.0,rebalance
2017-12-14,AAPL,-2,40.261045787355584,1.0,rebalance
2017-12-14,GLD,-5,119.08808847427369,1.0,rebalance
2017-12-14,NVDA,168,4.58623111789,1.0,rebalance
2017-12-15,AAPL,-1,40.54829618065013,1.0,rebalance
2017-12-15,AMZN,-2,58.94560478897095,1.0,rebalance
2017-12-15,NVDA,-38,4.64277867241763,1.0,rebalance
2017-12-15,MSFT,2,77.92920907312303,1.0,rebalance
2017-12-18,MSFT,-3,79.61335615482749,1.0,rebalance
2017-12-18,NVDA,-89,4.7648590421068215,1.0,rebalance
2017-12-18,AAPL,1,40.84838520356634,1.0,rebalance
2017-12-18,GLD,3,119.64196025314331,1.0,rebalance
2017-12-19,NVDA,-108,4.871404458624159,1.0,rebalance
2017-12-19,MSFT,3,78.9254906794858,1.0,rebalance
2017-12-19,AAPL,1,40.88341284131621,1.0,rebalance
2017-12-19,GLD,1,119.6819651687622,1.0,rebalance
2017-12-19,AMZN,1,59.46344620780945,1.0,rebalance
2017-12-20,NVDA,-2,4.8758409599817965,1.0,rebalance
2017-12-20,MSFT,1,78.78838342446883,1.0,rebalance
2017-12-20,AAPL,1,40.84605085973016,1.0,rebalance
2017-12-21,GLD,-1,120.05799269485473,1.0,rebalance
2017-12-21,AMZN,4,58.800877668762205,1.0,rebalance
2017-12-21,NVDA,3,4.8580702316676,1.0,rebalance
2017-12-22,AAPL,-2,40.79350296908133,1.0,rebalance
2017-12-22,GLD,-3,120.65793116912842,1.0,rebalance
2017-12-22,MSFT,1,78.05719761056827,1.0,rebalance
2017-12-22,NVDA,60,4.795413134061468,1.0,rebalance
2017-12-26,GLD,-4,121.53784805145264,1.0,rebalance
2017-12-26,AAPL,12,39.895371601073336,1.0,rebalance
2017-12-26,NVDA,21,4.76161672505341,1.0,rebalance
2017-12-27,AMZN,-1,58.98959910736084,1.0,rebalance
2017-12-27,NVDA,-77,4.856112957933107,1.0,rebalance
2017-12-27,AAPL,6,39.73186408921168,1.0,rebalance
2017-12-28,AMZN,-1,59.44405576286316,1.0,rebalance
2017-12-28,NVDA,-6,4.886448740232417,1.0,rebalance
2017-12-28,MSFT,1,78.5142081115368,1.0,rebalance
2017-12-29,GLD,-2,123.68762694854736,1.0,rebalance
2017-12-29,NVDA,-7,4.894584579383117,1.0,rebalance
2017-12-29,MSFT,1,78.26741371069468,1.0,rebalance
2017-12-29,AAPL,3,39.829972146455496,1.0,rebalance
2017-12-29,AMZN,2,59.123412055206295,1.0,rebalance
2018-01-02,MSFT,-1,78.70867562038158,1.0,rebalance
2018-01-02,GLD,-3,124.64753766174317,1.0,rebalance
2018-01-02,AMZN,4,58.6058584739685,1.0,rebalance
2018-01-02,NVDA,70,4.829454225524865,1.0,rebalance
2018-01-03,NVDA,-163,5.03368393248743,1.0,rebalance
2018-01-03,MSFT,3,78.66041289442471,1.0,rebalance
2018-01-03,GLD,2,125.06250805206298,1.0,rebalance
2018-01-04,AMZN,-1,60.243975,1.0,rebalance
2018-01-04,NVDA,-231,5.321251749249354,1.155,rebalance
2018-01-04,MSFT,2,79.14486552885197,1.0,rebalance
2018-01-04,AAPL,7,40.301805983365036,1.0,rebalance
2018-01-04,GLD,5,124.9024883895874,1.0,rebalance
2018-01-05,MSFT,-2,80.10682862205395,1.0,rebalance
2018-01-05,AMZN,-4,60.86941217536926,1.0,rebalance
2018-01-05,GLD,1,124.9424933052063,1.0,rebalance
2018-01-05,NVDA,54,5.283589010305579,1.0,rebalance
2018-01-08,AMZN,-2,61.793819237136844,1.0,rebalance
2018-01-08,NVDA,-98,5.435688499762399,1.0,rebalance
2018-01-08,AAPL,1,40.7245920715332,1.0,rebalance
2018-01-08,GLD,3,125.212516947937,1.0,rebalance
2018-01-09,AMZN,-6,62.838716720581054,1.0,rebalance
2018-01-09,NVDA,-25,5.480574125055615,1.0,rebalance
2018-01-09,AAPL,2,40.771302560289236,1.0,rebalance
2018-01-09,GLD,3,124.5024468635559,1.0,rebalance
2018-01-10,GLD,-3,125.15748116912842,1.0,rebalance
2018-01-10,MSFT,1,80.30568083253891,1.0,rebalance
2018-01-10,AAPL,2,40.44662544138055,1.0,rebalance
2018-01-10,AMZN,1,62.2637254447937,1.0,rebalance
2018-01-10,NVDA,64,5.382506462619511,1.0,rebalance
2018-01-11,AMZN,-1,62.980700811767576,1.0,rebalance
2018-01-11,NVDA,-110,5.549137299729679,1.0,rebalance
2018-01-11,MSFT,2,80.55244961516141,1.0,rebalance
2018-01-11,GLD,2,125.3825397468567,1.0,rebalance
2018-01-12,AAPL,-2,41.1438104215728,1.0,rebalance
2018-01-12,AMZN,-3,63.66313149375915,1.0,rebalance
2018-01-12,NVDA,54,5.515714374838267,1.0,rebalance
2018-01-16,MSFT,-149,82.33659850384703,1.0,rebalance
2018-01-16,AAPL,-292,41.54547730159891,1.46,rebalance
2018-01-16,AMZN,-195,66.14338652572631,1.0,rebalance
2018-01-16,NVDA,-2153,5.525706017968152,10.765,rebalance
2018-01-16,GLD,130,126.61265847396851,1.0,rebalance
2018-01-17,BA,-335,321.82211056417543,1.675,rebalance
2018-01-17,GLD,-129,126.7573196434021,1.0,rebalance
2018-01-17,MSFT,149,81.42075905920304,1.0,rebalance
2018-01-17,AAPL,297,41.14502708489794,1.485,rebalance
2018-01-17,AMZN,185,65.61856071166991,1.0,rebalance
2018-01-17,NVDA,2261,5.4441754070157025,11.305,rebalance
2018-01-18,MSFT,-153,82.06243714506134,1.0,rebalance
2018-01-18,AAPL,-309,41.888773444434115,1.545,rebalance
2018-01-18,AMZN,-186,64.69103238601684,1.0,rebalance
2018-01-18,NVDA,-2330,5.522994325876109,11.65,rebalance
2018-01-18,BA,335,334.2480494242244,1.675,rebalance
2018-01-18,GLD,119,126.1426102531433,1.0,rebalance
2018-01-19,AMZN,-2,65.59343847427368,1.0,rebalance
2018-01-19,NVDA,-41,5.625345248857991,1.0,rebalance
2018-01-19,AAPL,2,41.71963109038966,1.0,rebalance
2018-01-22,NVDA,-32,5.683055561432622,1.0,rebalance
2018-01-22,AAPL,2,41.41363643733395,1.0,rebalance
2018-01-22,AMZN,2,64.86498346939086,1.0,rebalance
2018-01-23,MSFT,-3,83.98149969177246,1.0,rebalance
2018-01-23,AMZN,-5,66.89781241836548,1.0,rebalance
2018-01-23,NVDA,-45,5.8167290207202,1.0,rebalance
2018-01-23,AAPL,3,41.413641778461255,1.0,rebalance
2018-01-23,GLD,3,126.5426517791748,1.0,rebalance
2018-01-24,GLD,-1,128.37716038970947,1.0,rebalance
2018-01-24,AMZN,-5,68.73412321472168,1.0,rebalance
2018-01-24,NVDA,-11,5.895403534938491,1.0,rebalance
2018-01-24,AAPL,4,41.40197358296379,1.0,rebalance
2018-01-25,GLD,-2,128.6771334411621,1.0,rebalance
2018-01-25,AAPL,5,40.761960015719374,1.0,rebalance
2018-01-25,NVDA,7,5.870927780725806,1.0,rebalance
2018-01-26,MSFT,-1,85.09639195043518,1.0,rebalance
2018-01-26,AMZN,-3,69.59354196395874,1.0,rebalance
2018-01-26,NVDA,-1,5.87271416491303,1.0,rebalance
2018-01-26,AAPL,6,40.175673788360385,1.0,rebalance
2018-01-29,MSFT,-4,86.94234155115011,1.0,rebalance
2018-01-29,AMZN,-2,70.45195373382569,1.0,rebalance
2018-01-29,NVDA,-47,5.986654902621399,1.0,rebalance
2018-01-29,AAPL,5,39.74588146794522,1.0,rebalance
2018-01-29,GLD,4,127.59275983123779,1.0,rebalance
2018-01-30,MSFT,-186,85.2608681889316,1.0,rebalance
2018-01-30,AAPL,-406,38.65666933011471,2.0300000000000002,rebalance
2018-01-30,NVDA,-2699,5.946455430672566,13.495000000000001,rebalance
2018-01-30,NFLX,-3871,27.69723076286316,19.355,rebalance
2018-01-30,AMZN,-230,70.15148482131958,1.1500000000000001,rebalance
2018-01-30,GLD,122,127.92279466247558,1.0,rebalance
2018-01-31,GLD,-4,127.43725194854737,1.0,rebalance
2018-01-31,NFLX,115,28.19681964416504,1.0,rebalance
2018-02-01,NFLX,-346,26.638336647605897,1.73,rebalance
2018-02-01,GLD,20,127.1927183052063,1.0,rebalance
2018-02-02,NFLX,-79,26.29736923713684,1.0,rebalance
2018-02-02,GLD,-253,126.79731655883789,1.2650000000000001,rebalance
2018-02-02,MSFT,337,85.58868128711691,1.685,rebalance
2018-02-02,AAPL,744,38.77419156595866,3.72,rebalance
2018-02-02,AMZN,390,73.87688615646363,1.95,rebalance
2018-02-02,NVDA,4938,5.846261630256672,24.69,rebalance
2018-02-05,GLD,-200,126.80731769485473,1.0,rebalance
2018-02-05,MSFT,76,82.77352620243583,1.0,rebalance
2018-02-05,AAPL,176,37.16248788108975,1.0,rebalance
2018-02-05,NFLX,84,26.202620763015748,1.0,rebalance
2018-02-05,AMZN,97,70.13800980377196,1.0,rebalance
2018-02-05,NVDA,1171,5.599583504873992,5.855,rebalance
2018-02-06,GLD,-1,126.52734691543579,1.0,rebalance
2018-02-06,NVDA,-1608,5.041082165372097,8.040000000000001,rebalance
2018-02-06,MSFT,15,79.41906618482759,1.0,rebalance
2018-02-06,AAPL,21,36.16511652331274,1.0,rebalance
2018-02-06,NFLX,4097,24.772477457809448,20.485,rebalance
2018-02-06,AMZN,12,68.07980534667969,1.0,rebalance
2018-02-07,GLD,-190,125.4674553565979,1.0,rebalance
2018-02-07,MSFT,35,82.70953429510207,1.0,rebalance
2018-02-07,AAPL,431,38.09447341196174,2.1550000000000002,rebalance
2018-02-07,AMZN,30,72.457241947937,1.0,rebalance
2018-02-07,NVDA,2269,5.663224713775486,11.345,rebalance
2018-02-08,NVDA,-160,5.76814204493302,1.0,rebalance
2018-02-08,MSFT,2,81.99659290411707,1.0,rebalance
2018-02-08,AAPL,16,37.440442990250816,1.0,rebalance
2018-02-08,AMZN,4,71.49114955978393,1.0,rebalance
2018-02-09,MSFT,-148,78.86402781472914,1.0,rebalance
2018-02-09,NVDA,-230,5.875919697688055,1.1500000000000001,rebalance
2018-02-09,AMZN,12,68.68136696166992,1.0,rebalance
2018-02-12,MSFT,-317,81.09377181919653,1.585,rebalance
2018-02-12,AAPL,-1388,37.16585781691597,6.94,rebalance
2018-02-12,NVDA,-6380,5.8046443510365515,31.900000000000002,rebalance
2018-02-12,AMZN,-545,68.22667426986695,2.725,rebalance
2018-02-12,GLD,655,125.20252144165039,3.275,rebalance
2018-02-13,GLD,-1,125.65743116912842,1.0,rebalance
2018-02-14,GLD,-2,126.45735422058105,1.0,rebalance
2018-02-15,GLD,-522,128.41714967651367,2.61,rebalance
2018-02-15,MSFT,408,83.75924218721791,2.04,rebalance
2018-02-15,AAPL,1171,39.82115988300541,5.855,rebalance
2018-02-15,NVDA,5665,6.038422346250411,28.325,rebalance
2018-02-15,AMZN,466,73.35183213043213,2.33,rebalance
2018-02-16,MSFT,-2,84.88097232735578,1.0,rebalance
2018-02-16,AAPL,-10,40.41582358401453,1.0,rebalance
2018-02-16,AMZN,5,72.87578660583496,1.0,rebalance
2018-02-16,NVDA,16,6.053471280179912,1.0,rebalance
2018-02-20,AAPL,-4,40.343124871661644,1.0,rebalance
2018-02-20,NVDA,-13,6.036228790508714,1.0,rebalance
2018-02-20,MSFT,1,84.0071837124639,1.0,rebalance
2018-02-20,AMZN,2,72.33173348770141,1.0,rebalance
2018-02-21,AMZN,-5,74.242575,1.0,rebalance
2018-02-21,NVDA,-81,6.207388667452351,1.0,rebalance
2018-02-21,AAPL,9,40.53413415959858,1.0,rebalance
2018-02-21,GLD,3,126.3726366104126,1.0,rebalance
2018-02-22,MSFT,-22,84.51371045387401,1.0,rebalance
2018-02-22,AAPL,-67,40.28451374036622,1.0,rebalance
2018-02-22,AMZN,-33,74.76052094192505,1.0,rebalance
2018-02-22,NVDA,-167,5.990130034543182,1.0,rebalance
2018-02-22,GLD,65,125.9325901687622,1.0,rebalance
2018-02-23,GLD,-64,126.04739155883789,1.0,rebalance
2018-02-23,MSFT,17,85.95401190243274,1.0,rebalance
2018-02-23,AAPL,60,40.731130111196485,1.0,rebalance
2018-02-23,AMZN,27,74.77447499084472,1.0,rebalance
2018-02-23,NVDA,314,6.036745430356089,1.57,rebalance
2018-02-26,AAPL,-6,41.351424253917905,1.0,rebalance
2018-02-26,NVDA,-17,6.115247863851692,1.0,rebalance
2018-02-26,MSFT,1,86.6886559992793,1.0,rebalance
2018-02-26,AMZN,1,75.4675450843811,1.0,rebalance
2018-02-27,MSFT,-2,87.90160676439758,1.0,rebalance
2018-02-27,AAPL,-10,41.996252522831014,1.0,rebalance
2018-02-27,AMZN,-1,76.21737597427368,1.0,rebalance
2018-02-27,GLD,1,126.07260355834961,1.0,rebalance
2018-02-27,NVDA,89,6.059699901261583,1.0,rebalance
2018-02-28,AAPL,-4,42.033765485597954,1.0,rebalance
2018-02-28,NVDA,-34,6.083165718074346,1.0,rebalance
2018-02-28,MSFT,2,87.09272830881788,1.0,rebalance
2018-02-28,GLD,1,125.1025053375244,1.0,rebalance
2018-03-01,AAPL,-4,41.864930540634944,1.0,rebalance
2018-03-01,AMZN,-1,75.67243230514526,1.0,rebalance
2018-03-01,NVDA,64,5.9710861125897905,1.0,rebalance
2018-03-02,GLD,-5,125.65743116912842,1.0,rebalance
2018-03-02,AAPL,4,40.52708629059797,1.0,rebalance
2018-03-02,NVDA,186,5.6242895335688265,1.0,rebalance
2018-03-05,GLD,-131,125.33746347427368,1.0,rebalance
2018-03-05,MSFT,46,84.79694441011928,1.0,rebalance
2018-03-05,AAPL,126,41.0923209327333,1.0,rebalance
2018-03-05,AMZN,49,74.71946918563843,1.0,rebalance
2018-03-05,NVDA,566,5.788434186006846,2.83,rebalance
2018-03-06,MSFT,-45,86.6162277476496,1.0,rebalance
2018-03-06,AAPL,-122,41.71719957661937,1.0,rebalance
2018-03-06,AMZN,-54,76.65233766174316,1.0,rebalance
2018-03-06,NVDA,-666,5.900547483091834,3.33,rebalance
2018-03-06,GLD,134,126.21261694793701,1.0,rebalance
2018-03-07,AMZN,-1,76.31836379928589,1.0,rebalance
2018-03-07,NVDA,-22,5.873401675361644,1.0,rebalance
2018-03-07,MSFT,1,85.54996105503916,1.0,rebalance
2018-03-07,AAPL,8,41.02899140235702,1.0,rebalance
2018-03-08,AMZN,-3,77.49225,1.0,rebalance
2018-03-08,NVDA,-66,5.995558265500804,1.0,rebalance
2018-03-08,AAPL,8,41.15565066698989,1.0,rebalance
2018-03-09,MSFT,-2,87.48846391198671,1.0,rebalance
2018-03-09,AAPL,-8,41.72892487393745,1.0,rebalance
2018-03-09,AMZN,-1,78.16718555145263,1.0,rebalance
2018-03-09,GLD,2,124.9524964416504,1.0,rebalance
2018-03-09,NVDA,35,6.0004605588331525,1.0,rebalance
2018-03-12,MSFT,-61,88.59937822867798,1.0,rebalance
2018-03-12,AAPL,-435,42.275279975260126,2.1750000000000003,rebalance
2018-03-12,AMZN,-71,79.62203425369263,1.0,rebalance
2018-03-12,NVDA,-907,6.0955043540361915,4.535,rebalance
2018-03-12,GLD,278,125.0525049156189,1.3900000000000001,rebalance
2018-03-13,AAPL,-3,42.81459661370809,1.0,rebalance
2018-03-13,AMZN,-2,80.789916721344,1.0,rebalance
2018-03-13,NVDA,-44,6.206309578580802,1.0,rebalance
2018-03-13,GLD,2,125.68256516876221,1.0,rebalance
2018-03-14,GLD,-2,125.47744886398316,1.0,rebalance
2018-03-14,NVDA,-2,6.155965485884567,1.0,rebalance
2018-03-14,MSFT,4,87.34985033335653,1.0,rebalance
2018-03-14,AAPL,2,42.29078198241608,1.0,rebalance
2018-03-15,GLD,-1,125.10749074630738,1.0,rebalance
2018-03-15,NVDA,-23,6.15201911060342,1.0,rebalance
2018-03-15,MSFT,4,85.88970997532087,1.0,rebalance
2018-03-15,AAPL,4,41.863931498256406,1.0,rebalance
2018-03-16,MSFT,-3,86.92839779257885,1.0,rebalance
2018-03-16,NVDA,-10,6.169539698663211,1.0,rebalance
2018-03-16,AMZN,2,79.1804178604126,1.0,rebalance
2018-03-19,GLD,-1,124.55754269485473,1.0,rebalance
2018-03-19,NVDA,-1,6.124626893845321,1.0,rebalance
2018-03-19,AMZN,4,77.73427411499023,1.0,rebalance
2018-03-20,GLD,-3,124.39756266174317,1.0,rebalance
2018-03-20,AMZN,-1,77.50924659118652,1.0,rebalance
2018-03-20,AAPL,2,41.09935870094299,1.0,rebalance
2018-03-20,NVDA,101,5.9515887412623725,1.0,rebalance
2018-03-21,AMZN,-5,79.31456988601684,1.0,rebalance
2018-03-21,NVDA,-111,6.1527583728799975,1.0,rebalance
2018-03-21,MSFT,4,85.33875209035028,1.0,rebalance
2018-03-21,AAPL,9,41.05244433150573,1.0,rebalance
2018-03-22,GLD,-5,126.07738733825684,1.0,rebalance
2018-03-22,MSFT,3,83.81434901997906,1.0,rebalance
2018-03-22,AAPL,14,39.87040672508624,1.0,rebalance
2018-03-22,AMZN,1,78.28132588500976,1.0,rebalance
2018-03-22,NVDA,15,6.072039913775061,1.0,rebalance
2018-03-23,GLD,-206,127.80721769485474,1.03,rebalance
2018-03-23,MSFT,81,82.18891876493248,1.0,rebalance
2018-03-23,AAPL,163,39.49281158499841,1.0,rebalance
2018-03-23,AMZN,86,76.95819553833007,1.0,rebalance
2018-03-23,NVDA,1100,5.983180792813958,5.5,rebalance
2018-03-26,MSFT,-148,83.19161097697791,1.0,rebalance
2018-03-26,GLD,-1,128.03719805145263,1.0,rebalance
2018-03-26,AMZN,2,76.50765,1.0,rebalance
2018-03-26,NVDA,96,5.8745770309093395,1.0,rebalance
2018-03-27,AAPL,-166,40.725347297487545,1.0,rebalance
2018-03-27,AMZN,-83,78.61214074630738,1.0,rebalance
2018-03-27,NVDA,-1151,6.114013453074949,5.755,rebalance
2018-03-27,MSFT,58,87.18455124747571,1.0,rebalance
2018-03-27,GLD,209,127.24272635726929,1.045,rebalance
2018-03-28,GLD,-406,126.4673553565979,2.0300000000000002,rebalance
2018-03-28,NVDA,-380,5.531115024119225,1.9000000000000001,rebalance
2018-03-28,MSFT,112,82.48276370984202,1.0,rebalance
2018-03-28,AAPL,572,39.22543770116697,2.86,rebalance
2018-03-28,AMZN,138,72.3572334739685,1.0,rebalance
2018-03-29,MSFT,-457,82.79683943403197,2.285,rebalance
2018-03-29,AAPL,-1313,39.34890961613595,6.565,rebalance
2018-03-29,NVDA,-4552,5.530621979985881,22.76,rebalance
2018-03-29,AMZN,-522,70.29297305145263,2.61,rebalance
2018-03-29,GLD,654,125.4325401687622,3.27,rebalance
2018-04-02,GLD,-523,126.63733652572633,2.615,rebalance
2018-04-02,MSFT,409,83.0796862988374,2.045,rebalance
2018-04-02,AAPL,1186,39.082393007766996,5.93,rebalance
2018-04-02,NVDA,6020,5.646011043129391,30.1,rebalance
2018-04-02,AMZN,479,70.88808480377197,2.395,rebalance
2018-04-03,MSFT,-409,82.24593601504716,2.045,rebalance
2018-04-03,AAPL,-1186,39.30904852274239,5.93,rebalance
2018-04-03,NVDA,-6020,5.621685502214553,30.1,rebalance
2018-04-03,AMZN,-479,69.5620433441162,2.395,rebalance
2018-04-03,GLD,516,126.5526549156189,2.58,rebalance
2018-04-04,GLD,-517,127.48725,2.585,rebalance
2018-04-04,MSFT,420,80.67371817263388,2.1,rebalance
2018-04-04,AAPL,1196,38.66960303166595,5.98,rebalance
2018-04-04,NVDA,6392,5.307112410928749,31.96,rebalance
2018-04-04,AMZN,499,67.91879376373291,2.495,rebalance
2018-04-05,MSFT,-3,84.87179763553492,1.0,rebalance
2018-04-05,AAPL,-3,40.46740531640932,1.0,rebalance
2018-04-05,AMZN,-8,72.09229261322021,1.0,rebalance
2018-04-05,NVDA,-121,5.641427535110737,1.0,rebalance
2018-04-05,GLD,6,125.46254194793701,1.0,rebalance
2018-04-06,MSFT,-64,83.99957255057872,1.0,rebalance
2018-04-06,AAPL,-455,40.08988139190774,2.275,rebalance
2018-04-06,AMZN,-77,71.49134715957642,1.0,rebalance
2018-04-06,NVDA,-752,5.360836851485581,3.7600000000000002,rebalance
2018-04-06,GLD,264,126.5826566947937,1.32,rebalance
2018-04-09,GLD,-266,126.43735194854736,1.33,rebalance
2018-04-09,MSFT,62,83.60311509173337,1.0,rebalance
2018-04-09,AAPL,452,39.84227258429313,2.2600000000000002,rebalance
2018-04-09,AMZN,73,71.25862814102173,1.0,rebalance
2018-04-09,NVDA,978,5.351295546022147,4.89,rebalance
2018-04-10,AAPL,-3,40.56589028516497,1.0,rebalance
2018-04-10,NVDA,-131,5.545675968699896,1.0,rebalance
2018-04-10,MSFT,1,84.8428516051597,1.0,rebalance
2018-04-10,AMZN,6,71.60666251373291,1.0,rebalance
2018-04-11,AMZN,-1,71.96480292205811,1.0,rebalance
2018-04-11,NVDA,-60,5.609592823085872,1.0,rebalance
2018-04-11,MSFT,2,84.49390791898503,1.0,rebalance
2018-04-11,AAPL,7,40.39341974991386,1.0,rebalance
2018-04-12,MSFT,-22,84.862613527264,1.0,rebalance
2018-04-12,AAPL,-69,40.66203118280908,1.0,rebalance
2018-04-12,AMZN,-25,71.96780097427369,1.0,rebalance
2018-04-12,NVDA,-396,5.675976046029544,1.98,rebalance
2018-04-12,GLD,69,127.262725,1.0,rebalance
2018-04-13,GLD,-65,127.05729269485474,1.0,rebalance
2018-04-13,MSFT,19,86.36726731529754,1.0,rebalance
2018-04-13,AAPL,70,40.99147566043885,1.0,rebalance
2018-04-13,AMZN,28,72.46424643249512,1.0,rebalance
2018-04-13,NVDA,227,5.854090211512176,1.135,rebalance
2018-04-16,AAPL,-6,41.04189779324323,1.0,rebalance
2018-04-16,GLD,-2,127.72722386398316,1.0,rebalance
2018-04-16,NVDA,118,5.720801871130208,1.0,rebalance
2018-04-17,MSFT,-1,87.22220614065007,1.0,rebalance
2018-04-17,AAPL,-1,41.38424999476017,1.0,rebalance
2018-04-17,AMZN,-2,73.10768636398315,1.0,rebalance
2018-04-17,NVDA,-4,5.7648190390486365,1.0,rebalance
2018-04-17,GLD,1,127.03269864273071,1.0,rebalance
2018-04-18,AMZN,-10,75.72492491912841,1.0,rebalance
2018-04-18,AAPL,6,41.70210995609571,1.0,rebalance
2018-04-18,NVDA,32,5.812866993099286,1.0,rebalance
2018-04-19,MSFT,-3,88.5442963384028,1.0,rebalance
2018-04-19,AMZN,-12,77.15328701248168,1.0,rebalance
2018-04-19,AAPL,21,40.75224542088933,1.0,rebalance
2018-04-19,NVDA,68,5.720306595285164,1.0,rebalance
2018-04-20,MSFT,-1,88.05771138094116,1.0,rebalance
2018-04-20,AMZN,-8,78.05219155883789,1.0,rebalance
2018-04-20,AAPL,15,40.01113084483904,1.0,rebalance
2018-04-20,GLD,1,126.7026714416504,1.0,rebalance
2018-04-20,NVDA,42,5.64477685834669,1.0,rebalance
2018-04-23,MSFT,-2,87.90161379634898,1.0,rebalance
2018-04-23,NVDA,-70,5.661911639739031,1.0,rebalance
2018-04-23,AAPL,17,39.12693607802635,1.0,rebalance
2018-04-24,MSFT,-5,88.36068271807238,1.0,rebalance
2018-04-24,AAPL,2,38.85489609579977,1.0,rebalance
2018-04-24,NVDA,90,5.551720892384588,1.0,rebalance
2018-04-25,MSFT,-58,85.6613784305614,1.0,rebalance
2018-04-25,AAPL,-476,38.131943308227505,2.38,rebalance
2018-04-25,AMZN,-58,72.89271152572631,1.0,rebalance
2018-04-25,NVDA,-984,5.429196020595245,4.92,rebalance
2018-04-25,GLD,265,125.24252635726928,1.325,rebalance
2018-04-26,AAPL,-1,38.48366242133157,1.0,rebalance
2018-04-26,AMZN,-4,74.24307848968506,1.0,rebalance
2018-04-26,NVDA,-37,5.50816473214985,1.0,rebalance
2018-04-26,GLD,2,125.5525549156189,1.0,rebalance
2018-04-27,MSFT,-4,89.60934069102515,1.0,rebalance
2018-04-27,AMZN,-27,81.69233043823242,1.0,rebalance
2018-04-27,NVDA,-10,5.663638091510639,1.0,rebalance
2018-04-27,AAPL,20,38.4632097298841,1.0,rebalance
2018-04-27,GLD,12,125.212516947937,1.0,rebalance
2018-04-30,GLD,-278,124.39756266174317,1.3900000000000001,rebalance
2018-04-30,MSFT,60,88.46100478903013,1.0,rebalance
2018-04-30,AAPL,480,38.024656836133495,2.4,rebalance
2018-04-30,AMZN,74,79.1329125,1.0,rebalance
2018-04-30,NVDA,951,5.602815654039454,4.755,rebalance
2018-05-01,MSFT,-50,85.5787601271974,1.0,rebalance
2018-05-01,AAPL,-503,39.02063072383517,2.515,rebalance
2018-05-01,AMZN,-64,78.1531870124817,1.0,rebalance
2018-05-01,NVDA,-922,5.541974525983031,4.61,rebalance
2018-05-01,GLD,275,123.9123915260315,1.375,rebalance
2018-05-02,MSFT,-2,87.21300208688817,1.0,rebalance
2018-05-02,AAPL,-28,41.088785643546835,1.0,rebalance
2018-05-02,GLD,7,123.9123915260315,1.0,rebalance
2018-05-02,NVDA,20,5.603063482827738,1.0,rebalance
2018-05-03,AAPL,-5,41.2412086652989,1.0,rebalance
2018-05-03,GLD,-3,124.64753766174317,1.0,rebalance
2018-05-03,NVDA,-29,5.6167483687315025,1.0,rebalance
2018-05-03,MSFT,6,85.3663094016817,1.0,rebalance
2018-05-03,AMZN,5,78.00830359039307,1.0,rebalance
2018-05-04,AAPL,-6,41.79693904612742,1.0,rebalance
2018-05-04,NVDA,-74,5.721137313227674,1.0,rebalance
2018-05-04,GLD,3,124.1124084739685,1.0,rebalance
2018-05-04,AMZN,1,78.13030980834961,1.0,rebalance
2018-05-07,AAPL,-13,43.42191860412998,1.0,rebalance
2018-05-07,NVDA,-146,6.003949558664038,1.0,rebalance
2018-05-07,MSFT,1,87.39574763619146,1.0,rebalance
2018-05-07,GLD,7,124.51245,1.0,rebalance
2018-05-07,AMZN,1,79.47494956893921,1.0,rebalance
2018-05-08,MSFT,-1,88.00259128502323,1.0,rebalance
2018-05-08,NVDA,-91,6.137210435358297,1.0,rebalance
2018-05-08,AAPL,3,43.38602805088955,1.0,rebalance
2018-05-08,GLD,3,124.1524133895874,1.0,rebalance
2018-05-09,AAPL,-2,43.74317018974896,1.0,rebalance
2018-05-09,NVDA,-29,6.199401182501626,1.0,rebalance
2018-05-09,GLD,1,124.46244194793701,1.0,rebalance
2018-05-09,AMZN,1,80.008,1.0,rebalance
2018-05-10,GLD,-287,125.20747922058105,1.435,rebalance
2018-05-10,MSFT,62,89.49866935264666,1.0,rebalance
2018-05-10,AAPL,438,44.03100761865094,2.19,rebalance
2018-05-10,AMZN,72,80.43204600143433,1.0,rebalance
2018-05-10,NVDA,806,6.366263475221107,4.03,rebalance
2018-05-11,AAPL,-13,44.603885646689946,1.0,rebalance
2018-05-11,NVDA,123,6.239394397664246,1.0,rebalance
2018-05-14,NVDA,-70,6.3193369216864,1.0,rebalance
2018-05-14,AAPL,3,44.4997893658033,1.0,rebalance
2018-05-14,AMZN,2,80.20801694793701,1.0,rebalance
2018-05-15,MSFT,-2,89.27880272444085,1.0,rebalance
2018-05-15,AAPL,2,43.97475627128622,1.0,rebalance
2018-05-15,GLD,1,122.83228169479369,1.0,rebalance
2018-05-15,NVDA,14,6.239638273869988,1.0,rebalance
2018-05-16,MSFT,-67,89.77645669103364,1.0,rebalance
2018-05-16,AAPL,-436,43.798863406734334,2.18,rebalance
2018-05-16,AMZN,-70,78.8671125,1.0,rebalance
2018-05-16,NVDA,-758,6.0214697564426745,3.79,rebalance
2018-05-16,GLD,290,122.39223525314331,1.45,rebalance
2018-05-17,GLD,-289,122.2177803565979,1.445,rebalance
2018-05-17,MSFT,64,89.24102856528873,1.0,rebalance
2018-05-17,AAPL,422,44.262016290329726,2.11,rebalance
2018-05-17,AMZN,69,79.03590267791748,1.0,rebalance
2018-05-17,NVDA,883,6.0740153440248745,4.415,rebalance
2018-05-18,NVDA,-88,6.1648511785422775,1.0,rebalance
2018-05-18,MSFT,3,88.54927515695107,1.0,rebalance
2018-05-18,AAPL,5,44.071296902360686,1.0,rebalance
2018-05-21,MSFT,-1,89.44445754560812,1.0,rebalance
2018-05-21,AMZN,1,79.257925,1.0,rebalance
2018-05-21,NVDA,18,6.167812757057769,1.0,rebalance
2018-05-22,MSFT,-4,90.07149324542617,1.0,rebalance
2018-05-22,AAPL,-4,44.342614067901486,1.0,rebalance
2018-05-22,GLD,-1,122.68772694854736,1.0,rebalance
2018-05-22,AMZN,-1,79.48654975662231,1.0,rebalance
2018-05-22,NVDA,119,6.041927247194525,1.0,rebalance
2018-05-23,MSFT,-62,89.17706259424752,1.0,rebalance
2018-05-23,AAPL,-428,43.864762067331874,2.14,rebalance
2018-05-23,AMZN,-70,78.54464261398316,1.0,rebalance
2018-05-23,NVDA,-887,5.93333517439757,4.4350000000000005,rebalance
2018-05-23,GLD,288,122.1522133895874,1.44,rebalance
2018-05-24,MSFT,-2,91.03973123139167,1.0,rebalance
2018-05-24,AMZN,-1,79.89350673751831,1.0,rebalance
2018-05-24,NVDA,-75,6.108905345570565,1.0,rebalance
2018-05-24,GLD,3,123.11230847396851,1.0,rebalance
2018-05-25,AMZN,-1,80.14198652572632,1.0,rebalance
2018-05-25,NVDA,-11,6.12890593532464,1.0,rebalance
2018-05-25,MSFT,1,90.66133892678091,1.0,rebalance
2018-05-25,AAPL,3,44.31615837628517,1.0,rebalance
2018-05-29,NVDA,-23,6.137547609159568,1.0,rebalance
2018-05-30,MSFT,-347,90.65243525610857,1.735,rebalance
2018-05-30,AAPL,-710,44.18723777287949,3.5500000000000003,rebalance
2018-05-30,NVDA,-5113,6.172121646728959,25.565,rebalance
2018-05-30,AMZN,-393,80.89690827941895,1.965,rebalance
2018-05-30,GLD,293,123.1823151687622,1.465,rebalance
2018-05-31,GLD,-291,123.24767613601685,1.455,rebalance
2018-05-31,MSFT,344,91.57439641674158,1.72,rebalance
2018-05-31,AAPL,715,44.07837279634081,3.575,rebalance
2018-05-31,NVDA,5069,6.2165770930892945,25.345,rebalance
2018-05-31,AMZN,388,81.15811652603149,1.94,rebalance
2018-06-01,AAPL,-1,44.25080802558864,1.0,rebalance
2018-06-01,AMZN,-2,81.84331631469726,1.0,rebalance
2018-06-01,NVDA,-36,6.27212962409091,1.0,rebalance
2018-06-01,GLD,2,122.5922598312378,1.0,rebalance
2018-06-04,MSFT,-2,93.37261907252032,1.0,rebalance
2018-06-04,AAPL,-6,45.10996215652819,1.0,rebalance
2018-06-04,NVDA,-43,6.395596275415367,1.0,rebalance
2018-06-04,GLD,4,122.8622834739685,1.0,rebalance
2018-06-04,AMZN,1,82.4532441947937,1.0,rebalance
2018-06-05,AMZN,-2,83.64113303604127,1.0,rebalance
2018-06-05,NVDA,-76,6.543263456329618,1.0,rebalance
2018-06-05,GLD,4,122.56225805206299,1.0,rebalance
2018-06-06,AMZN,-6,85.21697946395874,1.0,rebalance
2018-06-06,NVDA,82,6.456891288586804,1.0,rebalance
2018-06-07,NVDA,-56,6.543756599549375,1.0,rebalance
2018-06-07,GLD,1,122.9722950843811,1.0,rebalance
2018-06-07,AMZN,1,84.93649420394897,1.0,rebalance
2018-06-08,GLD,-3,123.06769383087159,1.0,rebalance
2018-06-08,MSFT,1,93.23452394711417,1.0,rebalance
2018-06-08,AAPL,3,45.00833304923561,1.0,rebalance
2018-06-08,AMZN,1,84.06440535583496,1.0,rebalance
2018-06-08,NVDA,48,6.420584675893523,1.0,rebalance
2018-06-11,NVDA,-27,6.463994894933029,1.0,rebalance
2018-06-11,MSFT,1,93.16075789654187,1.0,rebalance
2018-06-12,AMZN,-1,84.64153652572632,1.0,rebalance
2018-06-12,AAPL,1,45.06013279469363,1.0,rebalance
2018-06-12,NVDA,4,6.463313543793454,1.0,rebalance
2018-06-13,AAPL,-1,45.293568683580645,1.0,rebalance
2018-06-13,AMZN,-1,85.13198887939453,1.0,rebalance
2018-06-13,NVDA,-1,6.485479686360509,1.0,rebalance
2018-06-13,GLD,2,122.85228033752442,1.0,rebalance
2018-06-14,GLD,-1,123.61763425369263,1.0,rebalance
2018-06-14,AMZN,-2,85.66543620071411,1.0,rebalance
2018-06-14,NVDA,-16,6.524495678329843,1.0,rebalance
2018-06-14,AAPL,4,45.097813088944136,1.0,rebalance
2018-06-15,AMZN,-1,85.69142694854736,1.0,rebalance
2018-06-15,NVDA,-29,6.533878106044564,1.0,rebalance
2018-06-15,AAPL,3,44.73994510778935,1.0,rebalance
2018-06-15,GLD,2,122.1922183052063,1.0,rebalance
2018-06-18,AMZN,-2,85.30447223968505,1.0,rebalance
2018-06-18,NVDA,-15,6.506222352206567,1.0,rebalance
2018-06-18,MSFT,1,92.23846150663282,1.0,rebalance
2018-06-18,AAPL,3,44.233764883629696,1.0,rebalance
2018-06-19,AMZN,-2,85.44345827865601,1.0,rebalance
2018-06-19,AAPL,7,43.5886601921763,1.0,rebalance
2018-06-19,NVDA,20,6.444295412616904,1.0,rebalance
2018-06-20,MSFT,-3,93.47407068874571,1.0,rebalance
2018-06-20,AMZN,-5,87.1162875,1.0,rebalance
2018-06-20,GLD,3,120.80207991561889,1.0,rebalance
2018-06-20,NVDA,19,6.466771685501272,1.0,rebalance
2018-06-21,MSFT,-1,94.1287961441908,1.0,rebalance
2018-06-21,AMZN,-2,87.9912,1.0,rebalance
2018-06-21,NVDA,-20,6.509186130295274,1.0,rebalance
2018-06-21,GLD,5,119.93199016876221,1.0,rebalance
2018-06-22,AAPL,-2,43.81061798553339,1.0,rebalance
2018-06-22,GLD,-4,120.19797808456421,1.0,rebalance
2018-06-22,MSFT,2,92.60739671554565,1.0,rebalance
2018-06-22,NVDA,68,6.37094241204683,1.0,rebalance
2018-06-25,MSFT,-3,92.21078836792991,1.0,rebalance
2018-06-25,GLD,-6,119.988,1.0,rebalance
2018-06-25,AMZN,3,85.13401609039306,1.0,rebalance
2018-06-25,NVDA,156,6.091851280753947,1.0,rebalance
2018-06-26,MSFT,-340,91.1227176948559,1.7,rebalance
2018-06-26,AAPL,-726,43.07385718168136,3.63,rebalance
2018-06-26,NVDA,-5147,6.017786628429626,25.735,rebalance
2018-06-26,AMZN,-368,83.61013790588379,1.84,rebalance
2018-06-26,GLD,296,119.2919267791748,1.48,rebalance
2018-06-27,GLD,-594,118.94810308456421,2.97,rebalance
2018-06-27,MSFT,398,91.84185753978821,1.99,rebalance
2018-06-27,AAPL,1144,43.6098306080543,5.72,rebalance
2018-06-27,NVDA,6077,6.020224136038885,30.385,rebalance
2018-06-27,AMZN,428,85.41404286956787,2.14,rebalance
2018-06-28,MSFT,-398,89.79486582630689,1.99,rebalance
2018-06-28,AAPL,-1144,43.33514186140809,5.72,rebalance
2018-06-28,NVDA,-6077,5.810855149349902,30.385,rebalance
2018-06-28,AMZN,-428,83.61863620147705,2.14,rebalance
2018-06-28,GLD,585,118.60185533752441,2.9250000000000003,rebalance
2018-07-02,GLD,-587,118.16818230514527,2.935,rebalance
2018-07-02,MSFT,396,90.4768740252046,1.98,rebalance
2018-07-02,AAPL,1131,43.277873873904525,5.655,rebalance
2018-07-02,NVDA,6211,5.781639635216335,31.055,rebalance
2018-07-02,AMZN,426,84.14341563644409,2.13,rebalance
2018-07-03,MSFT,-59,92.65340567311284,1.0,rebalance
2018-07-03,AAPL,-426,44.20371739377256,2.13,rebalance
2018-07-03,AMZN,-64,86.18937824707031,1.0,rebalance
2018-07-03,NVDA,-1036,6.01630465420114,5.18,rebalance
2018-07-03,GLD,302,118.42184466247558,1.51,rebalance
2018-07-05,GLD,-301,118.90810616912842,1.5050000000000001,rebalance
2018-07-05,MSFT,60,91.76809723985475,1.0,rebalance
2018-07-05,AAPL,434,43.61690762503013,2.17,rebalance
2018-07-05,AMZN,65,85.27752409210206,1.0,rebalance
2018-07-05,NVDA,995,5.904636104003184,4.9750000000000005,rebalance
2018-07-06,NVDA,-55,5.9693885112443015,1.0,rebalance
2018-07-06,AAPL,1,43.654569518008785,1.0,rebalance
2018-07-06,AMZN,3,84.80848305206298,1.0,rebalance
2018-07-09,MSFT,-60,93.7322598128709,1.0,rebalance
2018-07-09,AAPL,-432,44.60622970297444,2.16,rebalance
2018-07-09,AMZN,-63,86.19387913970948,1.0,rebalance
2018-07-09,NVDA,-1010,6.181502678318925,5.05,rebalance
2018-07-09,GLD,303,119.66196652603149,1.5150000000000001,rebalance
2018-07-10,MSFT,-1,94.05501397613595,1.0,rebalance
2018-07-10,AAPL,-4,44.8910616081391,1.0,rebalance
2018-07-10,AMZN,-3,86.91780576324463,1.0,rebalance
2018-07-10,GLD,3,118.9018883895874,1.0,rebalance
2018-07-10,NVDA,15,6.168416325440504,1.0,rebalance
2018-07-11,AMZN,-2,86.89080803604126,1.0,rebalance
2018-07-11,NVDA,-16,6.161007593841993,1.0,rebalance
2018-07-11,MSFT,1,93.28986740222486,1.0,rebalance
2018-07-11,AAPL,4,44.37973185480046,1.0,rebalance
2018-07-12,MSFT,-3,94.76502321914548,1.0,rebalance
2018-07-12,AMZN,-3,88.21667946395874,1.0,rebalance
2018-07-12,GLD,3,118.0118,1.0,rebalance
2018-07-12,NVDA,25,6.158783467444786,1.0,rebalance
2018-07-13,MSFT,-3,96.24040704140468,1.0,rebalance
2018-07-13,AMZN,-5,90.18748303527832,1.0,rebalance
2018-07-13,NVDA,-11,6.222248805222576,1.0,rebalance
2018-07-13,GLD,6,117.63176474685669,1.0,rebalance
2018-07-16,GLD,-309,117.49825113601685,1.545,rebalance
2018-07-16,MSFT,55,97.20962775950932,1.0,rebalance
2018-07-16,AAPL,428,45.09073742685827,2.14,rebalance
2018-07-16,AMZN,58,91.10661341247558,1.0,rebalance
2018-07-16,NVDA,1010,6.13013289141655,5.05,rebalance
2018-07-17,MSFT,-57,96.46171552739611,1.0,rebalance
2018-07-17,AAPL,-427,44.665083992364885,2.1350000000000002,rebalance
2018-07-17,AMZN,-62,90.56894512939454,1.0,rebalance
2018-07-17,NVDA,-922,6.079766450587591,4.61,rebalance
2018-07-17,GLD,309,116.7316732208252,1.545,rebalance
2018-07-18,GLD,-306,116.01839577941895,1.53,rebalance
2018-07-18,MSFT,56,97.70763914802535,1.0,rebalance
2018-07-18,AAPL,428,45.15195233532549,2.14,rebalance
2018-07-18,AMZN,57,92.4092415260315,1.0,rebalance
2018-07-18,NVDA,813,6.25831771340646,4.065,rebalance
2018-07-19,AAPL,2,44.65988983185166,1.0,rebalance
2018-07-19,AMZN,1,91.48214687271118,1.0,rebalance
2018-07-19,NVDA,4,6.197806264733502,1.0,rebalance
2018-07-20,MSFT,-64,99.6614247784835,1.0,rebalance
2018-07-20,AAPL,-430,45.14293040822147,2.15,rebalance
2018-07-20,AMZN,-57,91.24137848968506,1.0,rebalance
2018-07-20,NVDA,-883,6.221013044185971,4.415,rebalance
2018-07-20,GLD,312,116.41164152603149,1.56,rebalance
2018-07-23,AAPL,-1,44.88399737522092,1.0,rebalance
2018-07-23,GLD,-1,116.238375,1.0,rebalance
2018-07-23,MSFT,3,98.0396767923757,1.0,rebalance
2018-07-23,NVDA,10,6.17014520697701,1.0,rebalance
2018-07-24,MSFT,-4,100.11325903811809,1.0,rebalance
2018-07-24,AAPL,-1,45.3006345954908,1.0,rebalance
2018-07-24,AMZN,-1,91.44135543823242,1.0,rebalance
2018-07-24,GLD,3,116.2316232208252,1.0,rebalance
2018-07-24,NVDA,5,6.207932984446906,1.0,rebalance
2018-07-25,AAPL,-3,45.44422844882197,1.0,rebalance
2018-07-25,GLD,-2,116.7783219154358,1.0,rebalance
2018-07-25,MSFT,1,99.57066007668351,1.0,rebalance
2018-07-25,NVDA,44,6.152114415278279,1.0,rebalance
2018-07-26,MSFT,-5,102.11422276897734,1.0,rebalance
2018-07-26,AAPL,-1,45.80907230435003,1.0,rebalance
2018-07-26,NVDA,-8,6.199530351163416,1.0,rebalance
2018-07-26,GLD,4,116.25162186355591,1.0,rebalance
2018-07-27,AMZN,-5,93.79311761398316,1.0,rebalance
2018-07-27,NVDA,-80,6.3294167880381975,1.0,rebalance
2018-07-27,MSFT,2,101.61815870029658,1.0,rebalance
2018-07-27,AAPL,1,45.90769987756381,1.0,rebalance
2018-07-27,GLD,4,115.9315901687622,1.0,rebalance
2018-07-30,GLD,-5,115.78842305145264,1.0,rebalance
2018-07-30,MSFT,4,98.86050713444324,1.0,rebalance
2018-07-30,AAPL,2,45.180204623338426,1.0,rebalance
2018-07-30,AMZN,4,91.37563750457764,1.0,rebalance
2018-07-30,NVDA,5,6.2385600962362115,1.0,rebalance
2018-07-31,AAPL,-2,44.79455315815323,1.0,rebalance
2018-07-31,GLD,-4,115.45845422058106,1.0,rebalance
2018-07-31,AMZN,3,89.33343348770141,1.0,rebalance
2018-07-31,NVDA,121,6.019237340442444,1.0,rebalance
2018-08-01,AAPL,-25,46.873031488498,1.0,rebalance
2018-08-01,NVDA,-7,6.077792213579408,1.0,rebalance
2018-08-01,MSFT,3,97.79066450026222,1.0,rebalance
2018-08-01,GLD,2,115.64156025314331,1.0,rebalance
2018-08-01,AMZN,4,89.20891694793701,1.0,rebalance
2018-08-02,AAPL,-7,47.21434974966981,1.0,rebalance
2018-08-02,AMZN,-1,89.42955560073852,1.0,rebalance
2018-08-02,MSFT,1,97.20961251246786,1.0,rebalance
2018-08-02,GLD,1,115.1815151687622,1.0,rebalance
2018-08-02,NVDA,43,6.016273060602146,1.0,rebalance
2018-08-03,MSFT,-1,99.40323883899153,1.0,rebalance
2018-08-03,AAPL,-9,48.73261800722845,1.0,rebalance
2018-08-03,AMZN,-3,91.87781233749389,1.0,rebalance
2018-08-03,NVDA,-76,6.213110158108452,1.0,rebalance
2018-08-03,GLD,8,115.10150533752442,1.0,rebalance
2018-08-06,MSFT,-1,99.6983338992725,1.0,rebalance
2018-08-06,AAPL,-4,48.9609378015959,1.0,rebalance
2018-08-06,NVDA,-5,6.212617463128301,1.0,rebalance
2018-08-06,GLD,2,114.5714535583496,1.0,rebalance
2018-08-06,AMZN,1,91.29962587585449,1.0,rebalance
2018-08-07,AMZN,-2,92.71722881469726,1.0,rebalance
2018-08-07,NVDA,-51,6.32151414600771,1.0,rebalance
2018-08-07,GLD,3,114.8614834739685,1.0,rebalance
2018-08-08,MSFT,-1,100.81407178010357,1.0,rebalance
2018-08-08,AMZN,-1,93.04069805145264,1.0,rebalance
2018-08-08,NVDA,-22,6.346207905428132,1.0,rebalance
2018-08-08,AAPL,10,48.51163231409538,1.0,rebalance
2018-08-09,AAPL,-5,49.321073056184694,1.0,rebalance
2018-08-09,AMZN,-2,94.09058847427369,1.0,rebalance
2018-08-09,NVDA,-8,6.399052463063315,1.0,rebalance
2018-08-09,GLD,2,115.03149864273071,1.0,rebalance
2018-08-10,GLD,-1,114.79851655883789,1.0,rebalance
2018-08-10,AMZN,-3,94.41605641250611,1.0,rebalance
2018-08-10,NVDA,94,6.252391339266851,1.0,rebalance
2018-08-13,AAPL,-5,49.442090777290844,1.0,rebalance
2018-08-13,AMZN,-1,94.91551055145264,1.0,rebalance
2018-08-13,NVDA,-35,6.30027848096646,1.0,rebalance
2018-08-13,GLD,4,113.82137855834961,1.0,rebalance
2018-08-14,GLD,-325,113.238675,1.625,rebalance
2018-08-14,MSFT,61,100.1240811798944,1.0,rebalance
2018-08-14,AAPL,398,49.65280678129301,1.99,rebalance
2018-08-14,AMZN,57,95.97909463043213,1.0,rebalance
2018-08-14,NVDA,819,6.430959786346848,4.095,rebalance
2018-08-15,MSFT,-58,100.42446821115443,1.0,rebalance
2018-08-15,AAPL,-396,49.42083756553899,1.98,rebalance
2018-08-15,AMZN,-59,95.46795316543579,1.0,rebalance
2018-08-15,NVDA,-949,6.476343741899574,4.745,rebalance
2018-08-15,GLD,333,112.18121516876221,1.665,rebalance
2018-08-16,GLD,-330,111.4488530845642,1.6500000000000001,rebalance
2018-08-16,MSFT,57,100.26865241988445,1.0,rebalance
2018-08-16,AAPL,386,50.02845468548241,1.93,rebalance
2018-08-16,AMZN,61,95.20651829605103,1.0,rebalance
2018-08-16,NVDA,903,6.468500115870165,4.515,rebalance
2018-08-17,MSFT,-57,99.37848963717265,1.0,rebalance
2018-08-17,AAPL,-405,50.417653954042365,2.025,rebalance
2018-08-17,AMZN,-59,94.28057191543579,1.0,rebalance
2018-08-17,NVDA,-761,6.245954703262117,3.805,rebalance
2018-08-17,GLD,328,111.70117144165039,1.6400000000000001,rebalance
2018-08-20,AAPL,-14,51.51841505220898,1.0,rebalance
2018-08-20,GLD,-2,112.36875925369263,1.0,rebalance
2018-08-20,AMZN,-1,94.51905056762695,1.0,rebalance
2018-08-20,NVDA,205,6.006145715187038,1.025,rebalance
2018-08-21,GLD,-1,112.7587196434021,1.0,rebalance
2018-08-21,NVDA,-106,6.136315350610834,1.0,rebalance
2018-08-21,MSFT,1,98.99096762114236,1.0,rebalance
2018-08-21,AAPL,4,51.221573887258955,1.0,rebalance
2018-08-21,AMZN,1,94.0094,1.0,rebalance
2018-08-22,GLD,-3,113.37866038970948,1.0,rebalance
2018-08-22,NVDA,-74,6.222741385425841,1.0,rebalance
2018-08-22,MSFT,3,98.00032330485459,1.0,rebalance
2018-08-22,AAPL,8,50.583667983397895,1.0,rebalance
2018-08-22,AMZN,1,93.84138393249512,1.0,rebalance
2018-08-23,AMZN,-2,95.34896176986695,1.0,rebalance
2018-08-23,NVDA,-139,6.451402033471465,1.0,rebalance
2018-08-23,AAPL,4,50.71360660358128,1.0,rebalance
2018-08-23,GLD,7,112.6912683052063,1.0,rebalance
2018-08-24,NVDA,-76,6.597588335807224,1.0,rebalance
2018-08-24,GLD,1,113.261325,1.0,rebalance
2018-08-24,AMZN,1,95.53504998626708,1.0,rebalance
2018-08-27,MSFT,-1,101.14645980142639,1.0,rebalance
2018-08-27,NVDA,-71,6.7516730436401575,1.0,rebalance
2018-08-27,AAPL,3,51.304263231464795,1.0,rebalance
2018-08-27,GLD,1,114.13141474685669,1.0,rebalance
2018-08-27,AMZN,3,95.759575,1.0,rebalance
2018-08-28,AMD,-4996,25.50744922885895,24.98,rebalance
2018-08-28,AMZN,-1,96.87680884780885,1.0,rebalance
2018-08-28,NVDA,-6,6.806988233226889,1.0,rebalance
2018-08-29,AMD,-379,24.357564610290527,1.895,rebalance
2018-08-29,MSFT,7,102.25919192957521,1.0,rebalance
2018-08-29,AAPL,13,52.0130566955481,1.0,rebalance
2018-08-29,GLD,17,114.17141966247559,1.0,rebalance
2018-08-29,AMZN,5,97.6822678604126,1.0,rebalance
2018-08-29,NVDA,163,6.769075186570311,1.0,rebalance
2018-08-30,MSFT,-8,103.36806492477244,1.0,rebalance
2018-08-30,AAPL,-17,52.734923866933784,1.0,rebalance
2018-08-30,GLD,-6,113.90860616912842,1.0,rebalance
2018-08-30,AMZN,-11,99.8610150970459,1.0,rebalance
2018-08-30,NVDA,-130,6.849502031811285,1.0,rebalance
2018-08-30,AMD,270,25.292529915618896,1.35,rebalance
2018-08-31,AAPL,-2,53.50498485188285,1.0,rebalance
2018-08-31,AMD,-143,24.887510389709472,1.0,rebalance
2018-08-31,MSFT,3,103.40727116447793,1.0,rebalance
2018-08-31,GLD,6,113.73137322082519,1.0,rebalance
2018-08-31,AMZN,1,100.3600334739685,1.0,rebalance
2018-08-31,NVDA,62,6.845188195498007,1.0,rebalance
2018-09-04,MSFT,-2,102.60901389507156,1.0,rebalance
2018-09-04,AAPL,-15,53.95378533751644,1.0,rebalance
2018-09-04,GLD,-3,112.738725,1.0,rebalance
2018-09-04,AMZN,-8,101.31486444854737,1.0,rebalance
2018-09-04,NVDA,-137,6.921646010681487,1.0,rebalance
2018-09-04,AMD,232,25.62256283931732,1.16,rebalance
2018-09-05,MSFT,-28,102.75709280132216,1.0,rebalance
2018-09-05,AAPL,-55,54.090793023435744,1.0,rebalance
2018-09-05,GLD,-45,113.34866461029053,1.0,rebalance
2018-09-05,AMZN,-29,101.89531176910401,1.0,rebalance
2018-09-05,NVDA,-455,6.991812423190142,2.275,rebalance
2018-09-05,AMD,5016,29.41294084739685,25.080000000000002,rebalance
2018-09-06,GLD,-7,113.87861038970948,1.0,rebalance
2018-09-06,MSFT,4,100.2223455534114,1.0,rebalance
2018-09-06,AAPL,1,53.44952154873316,1.0,rebalance
2018-09-06,NVDA,36,6.863969232852047,1.0,rebalance
2018-09-07,GLD,-309,113.24867613601684,1.545,rebalance
2018-09-07,MSFT,49,100.2038160210188,1.0,rebalance
2018-09-07,AAPL,351,52.4147022863626,1.7550000000000001,rebalance
2018-09-07,AMZN,62,96.94519464874267,1.0,rebalance
2018-09-07,NVDA,886,6.647493325176699,4.43,rebalance
2018-09-10,AMZN,-3,98.54014805145263,1.0,rebalance
2018-09-10,NVDA,-43,6.739309785624499,1.0,rebalance
2018-09-10,AAPL,9,52.20207042891106,1.0,rebalance
2018-09-11,MSFT,-55,100.80397056234281,1.0,rebalance
2018-09-11,AAPL,-348,51.49714330342242,1.74,rebalance
2018-09-11,AMZN,-51,96.40385657501221,1.0,rebalance
2018-09-11,NVDA,-839,6.741532563834113,4.195,rebalance
2018-09-11,GLD,305,112.6612665260315,1.5250000000000001,rebalance
2018-09-12,MSFT,-3,103.14589631961891,1.0,rebalance
2018-09-12,AAPL,-10,53.1341238592821,1.0,rebalance
2018-09-12,AMZN,-6,99.69002694854737,1.0,rebalance
2018-09-12,GLD,4,113.13131474685669,1.0,rebalance
2018-09-12,NVDA,90,6.701612518533013,1.0,rebalance
2018-09-13,MSFT,-1,103.78460694193224,1.0,rebalance
2018-09-13,GLD,-3,114.70852922058106,1.0,rebalance
2018-09-13,AAPL,5,52.809253978193446,1.0,rebalance
2018-09-13,NVDA,24,6.693457179081998,1.0,rebalance
2018-09-14,MSFT,-2,104.93239468259843,1.0,rebalance
2018-09-14,AAPL,-3,53.32544901296624,1.0,rebalance
2018-09-14,NVDA,-54,6.79415874206929,1.0,rebalance
2018-09-14,GLD,4,113.8013799156189,1.0,rebalance
2018-09-14,AMZN,2,99.65646428375244,1.0,rebalance
2018-09-17,MSFT,-2,105.23787301526981,1.0,rebalance
2018-09-17,GLD,-1,113.58863847427368,1.0,rebalance
2018-09-17,NVDA,-31,6.804289355650445,1.0,rebalance
2018-09-17,AAPL,5,52.48557473160472,1.0,rebalance
2018-09-17,AMZN,4,97.74627725143432,1.0,rebalance
2018-09-18,GLD,-4,113.77862191543579,1.0,rebalance
2018-09-18,NVDA,-17,6.771922456155073,1.0,rebalance
2018-09-18,AAPL,7,51.45546793983962,1.0,rebalance
2018-09-18,AMZN,3,95.9420959968567,1.0,rebalance
2018-09-19,MSFT,-1,104.64545190973034,1.0,rebalance
2018-09-19,AMZN,-2,97.01529902572632,1.0,rebalance
2018-09-19,NVDA,70,6.678877187803503,1.0,rebalance
2018-09-20,GLD,-305,114.1985780845642,1.5250000000000001,rebalance
2018-09-20,MSFT,53,103.9534760057065,1.0,rebalance
2018-09-20,AAPL,347,52.034318163380945,1.735,rebalance
2018-09-20,AMZN,55,96.93869375457764,1.0,rebalance
2018-09-20,NVDA,869,6.59930542816328,4.345,rebalance
2018-09-21,MSFT,-54,105.52483463850552,1.0,rebalance
2018-09-21,AAPL,-352,52.151470931999924,1.76,rebalance
2018-09-21,AMZN,-56,97.70122743530274,1.0,rebalance
2018-09-21,NVDA,-797,6.5908190725310165,3.985,rebalance
2018-09-21,GLD,309,112.8812897468567,1.545,rebalance
2018-09-24,MSFT,-1,104.62694806203929,1.0,rebalance
2018-09-24,GLD,-6,113.66863230514527,1.0,rebalance
2018-09-24,AAPL,5,51.2262981806602,1.0,rebalance
2018-09-24,AMZN,4,95.19901785125732,1.0,rebalance
2018-09-24,NVDA,36,6.4794520044990875,1.0,rebalance
2018-09-25,MSFT,-1,106.26537082300233,1.0,rebalance
2018-09-25,AAPL,-1,51.908178466866,1.0,rebalance
2018-09-25,AMZN,-2,97.1352821434021,1.0,rebalance
2018-09-25,NVDA,-53,6.6305988783741645,1.0,rebalance
2018-09-25,GLD,4,113.761375,1.0,rebalance
2018-09-26,AAPL,-2,52.203437780511436,1.0,rebalance
2018-09-26,AMZN,-4,98.41516055145264,1.0,rebalance
2018-09-26,GLD,3,113.12131161041259,1.0,rebalance
2018-09-27,GLD,-306,112.08878847427368,1.53,rebalance
2018-09-27,MSFT,51,106.26811883434752,1.0,rebalance
2018-09-27,AAPL,343,52.880121629502355,1.715,rebalance
2018-09-27,AMZN,51,99.6719687637329,1.0,rebalance
2018-09-27,NVDA,837,6.631183460271897,4.1850000000000005,rebalance
2018-09-28,MSFT,-47,105.70072343347037,1.0,rebalance
2018-09-28,AAPL,-350,53.09869052781046,1.75,rebalance
2018-09-28,AMZN,-54,100.21047508163453,1.0,rebalance
2018-09-28,NVDA,-878,6.738320329196848,4.39,rebalance
2018-09-28,GLD,313,112.17121966247558,1.565,rebalance
2018-10-01,AAPL,-1,53.84511990844281,1.0,rebalance
2018-10-01,NVDA,-133,7.020719814169672,1.0,rebalance
2018-10-01,MSFT,1,106.24032660986427,1.0,rebalance
2018-10-01,GLD,4,112.41124152603149,1.0,rebalance
2018-10-02,GLD,-3,113.68862694854737,1.0,rebalance
2018-10-02,NVDA,-45,7.121773060963447,1.0,rebalance
2018-10-02,AAPL,3,53.69051610700775,1.0,rebalance
2018-10-02,AMZN,4,100.00949640960694,1.0,rebalance
2018-10-03,AAPL,-5,54.34118122040382,1.0,rebalance
2018-10-03,NVDA,-9,7.148208782201907,1.0,rebalance
2018-10-03,AMZN,4,99.0949075843811,1.0,rebalance
2018-10-04,AAPL,-5,54.51362144141291,1.0,rebalance
2018-10-04,GLD,-2,113.81861883087159,1.0,rebalance
2018-10-04,AMZN,3,97.459741947937,1.0,rebalance
2018-10-04,NVDA,36,7.049556197007434,1.0,rebalance
2018-10-05,GLD,-5,113.79861655883789,1.0,rebalance
2018-10-05,MSFT,2,104.27753093296715,1.0,rebalance
2018-10-05,AMZN,2,95.90908793563842,1.0,rebalance
2018-10-05,NVDA,61,6.877065903801248,1.0,rebalance
2018-10-08,GLD,-309,112.238775,1.545,rebalance
2018-10-08,MSFT,49,103.37947638067459,1.0,rebalance
2018-10-08,AAPL,351,52.49974786956367,1.7550000000000001,rebalance
2018-10-08,AMZN,58,93.70936694793701,1.0,rebalance
2018-10-08,NVDA,923,6.585714390760372,4.615,rebalance
2018-10-09,MSFT,-343,102.87746080352815,1.715,rebalance
2018-10-09,AAPL,-921,52.82704322703678,4.605,rebalance
2018-10-09,NVDA,-5387,6.5458535033487655,26.935000000000002,rebalance
2018-10-09,AMZN,-378,92.99019651031495,1.8900000000000001,rebalance
2018-10-09,GLD,610,112.38123974685669,3.0500000000000003,rebalance
2018-10-11,GLD,-536,114.18857694854736,2.68,rebalance
2018-10-11,MSFT,376,97.53739487803456,1.8800000000000001,rebalance
2018-10-11,AAPL,725,50.682895404704325,3.625,rebalance
2018-10-11,NVDA,6141,5.984473471407965,30.705000000000002,rebalance
2018-10-11,AMZN,426,86.20861694793702,2.13,rebalance
2018-10-12,MSFT,-2,100.90580976789985,1.0,rebalance
2018-10-12,AAPL,-1,52.06642064199464,1.0,rebalance
2018-10-12,AMZN,-9,90.39096152572633,1.0,rebalance
2018-10-12,GLD,2,115.59155983123779,1.0,rebalance
2018-10-12,NVDA,68,6.067011321631178,1.0,rebalance
2018-10-15,GLD,-230,116.10839074630738,1.1500000000000001,rebalance
2018-10-15,MSFT,28,100.83340636343505,1.0,rebalance
2018-10-15,AAPL,336,52.25169739761657,1.68,rebalance
2018-10-15,AMZN,35,89.75897499999999,1.0,rebalance
2018-10-15,NVDA,475,6.079120939694232,2.375,rebalance
2018-10-16,MSFT,-33,101.39639966786613,1.0,rebalance
2018-10-16,AAPL,-337,51.71447568062457,1.685,rebalance
2018-10-16,AMZN,-32,89.16608555145264,1.0,rebalance
2018-10-16,NVDA,-380,5.927932454961731,1.9000000000000001,rebalance
2018-10-16,GLD,226,116.5016468635559,1.1300000000000001,rebalance
2018-10-17,MSFT,-65,103.37730868511294,1.0,rebalance
2018-10-17,AAPL,-125,52.51052073594213,1.0,rebalance
2018-10-17,AMZN,-79,92.13028952865601,1.0,rebalance
2018-10-17,NVDA,-1193,6.135718492356181,5.965,rebalance
2018-10-17,GLD,237,115.9015883895874,1.185,rebalance
2018-10-18,GLD,-3,115.81841883087158,1.0,rebalance
2018-10-18,AAPL,5,51.47201647002673,1.0,rebalance
2018-10-18,NVDA,4,6.075660860425427,1.0,rebalance
2018-10-19,MSFT,-304,100.83176101065254,1.52,rebalance
2018-10-19,AAPL,-603,51.50897224884525,3.015,rebalance
2018-10-19,NVDA,-5115,5.973146117157328,25.575,rebalance
2018-10-19,AMZN,-341,89.2490774345398,1.705,rebalance
2018-10-19,GLD,299,116.24162635726928,1.495,rebalance
2018-10-22,GLD,2,115.5815566947937,1.0,rebalance
2018-10-23,GLD,-307,117.14828766174317,1.5350000000000001,rebalance
2018-10-23,MSFT,310,99.77794137755289,1.55,rebalance
2018-10-23,AAPL,607,50.99240386232374,3.035,rebalance
2018-10-23,NVDA,5688,5.4472375899704115,28.44,rebalance
2018-10-23,AMZN,355,87.12071071166991,1.7750000000000001,rebalance
2018-10-24,MSFT,-310,100.35041215950655,1.55,rebalance
2018-10-24,AAPL,-607,52.58138160403779,3.035,rebalance
2018-10-24,NVDA,-5688,5.423419577550055,28.44,rebalance
2018-10-24,AMZN,-355,88.67612905883789,1.7750000000000001,rebalance
2018-10-24,GLD,311,116.3916352531433,1.555,rebalance
2018-10-25,GLD,-535,116.56834383087158,2.6750000000000003,rebalance
2018-10-25,MSFT,383,98.64843180140826,1.915,rebalance
2018-10-25,AAPL,736,51.43657315875905,3.68,rebalance
2018-10-25,NVDA,7839,4.830429374104979,39.195,rebalance
2018-10-25,AMZN,444,85.17551651687621,2.22,rebalance
2018-10-26,MSFT,-382,97.83262981900583,1.9100000000000001,rebalance
2018-10-26,AAPL,-736,50.998737417528275,3.68,rebalance
2018-10-26,NVDA,-7838,4.899631589985869,39.19,rebalance
2018-10-26,AMZN,-444,82.47125186691284,2.22,rebalance
2018-10-26,GLD,527,116.84168483123779,2.6350000000000002,rebalance
2018-10-29,GLD,-529,116.39836266174316,2.645,rebalance
2018-10-29,MSFT,374,100.09273137341346,1.87,rebalance
2018-10-29,AAPL,725,51.78623516467304,3.625,rebalance
2018-10-29,AMZN,452,83.0083,2.2600000000000002,rebalance
2018-10-29,NVDA,7448,5.040973461685611,37.24,rebalance
2018-10-30,MSFT,-4,95.95355563400888,1.0,rebalance
2018-10-30,AAPL,-11,49.87671914049296,1.0,rebalance
2018-10-30,GLD,-11,115.83841347427368,1.0,rebalance
2018-10-30,AMZN,26,74.31542945709228,1.0,rebalance
2018-10-30,NVDA,271,4.610000029540894,1.355,rebalance
2018-10-31,MSFT,-236,97.6012243813419,1.18,rebalance
2018-10-31,AAPL,-458,51.23023164371664,2.29,rebalance
2018-10-31,AMZN,-311,78.49164651031494,1.555,rebalance
2018-10-31,NVDA,-5194,5.179808486967294,25.97,rebalance
2018-10-31,GLD,542,114.9014883895874,2.71,rebalance
2018-11-01,MSFT,-1,99.09152678365315,1.0,rebalance
2018-11-01,GLD,-1,116.31836883087158,1.0,rebalance
2018-11-01,AMZN,-4,81.16838076324463,1.0,rebalance
2018-11-01,NVDA,-6,5.245281065335094,1.0,rebalance
2018-11-02,AMZN,-5,83.9211038154602,1.0,rebalance
2018-11-02,NVDA,-58,5.379437527138238,1.0,rebalance
2018-11-02,AAPL,11,49.50868244289344,1.0,rebalance
2018-11-05,GLD,-2,116.26837077941894,1.0,rebalance
2018-11-05,AAPL,6,48.268309453635396,1.0,rebalance
2018-11-05,NVDA,25,5.297976597120474,1.0,rebalance
2018-11-06,MSFT,-12,99.39698827895567,1.0,rebalance
2018-11-06,GLD,-3,116.42835844116212,1.0,rebalance
2018-11-06,AMZN,-9,80.9094116065979,1.0,rebalance
2018-11-06,NVDA,-179,5.224280168139128,1.0,rebalance
2018-11-06,AAPL,71,47.70600301150915,1.0,rebalance
2018-11-07,GLD,-298,116.24837613601684,1.49,rebalance
2018-11-07,MSFT,182,101.32411267578676,1.0,rebalance
2018-11-07,AAPL,289,48.662870608969676,1.445,rebalance
2018-11-07,AMZN,219,83.6583665260315,1.095,rebalance
2018-11-07,NVDA,3530,5.282161242830714,17.650000000000002,rebalance
2018-11-08,MSFT,-2,103.48839401533522,1.0,rebalance
2018-11-08,AAPL,-6,49.773421616460475,1.0,rebalance
2018-11-08,AMZN,-12,87.741225,1.0,rebalance
2018-11-08,GLD,6,115.7815736427307,1.0,rebalance
2018-11-08,NVDA,134,5.224089845417898,1.0,rebalance
2018-11-09,MSFT,-2,102.60901421525686,1.0,rebalance
2018-11-09,GLD,-1,114.58853847427368,1.0,rebalance
2018-11-09,AMZN,-1,86.6163375,1.0,rebalance
2018-11-09,AAPL,2,48.733072548687346,1.0,rebalance
2018-11-09,NVDA,164,5.001681191421719,1.0,rebalance
2018-11-12,GLD,-4,113.99860113601684,1.0,rebalance
2018-11-12,NVDA,-59,4.99030593407213,1.0,rebalance
2018-11-12,AAPL,13,47.18017153897506,1.0,rebalance
2018-11-12,AMZN,2,84.9204937637329,1.0,rebalance
2018-11-13,MSFT,-182,99.55433896798459,1.0,rebalance
2018-11-13,AAPL,-408,45.42375175813359,2.04,rebalance
2018-11-13,AMZN,-215,82.45625397720337,1.075,rebalance
2018-11-13,NVDA,-4449,4.780542528716727,22.245,rebalance
2018-11-13,GLD,290,113.73137322082519,1.45,rebalance
2018-11-14,GLD,-746,113.51864577941895,3.73,rebalance
2018-11-14,MSFT,270,100.51584044268964,1.35,rebalance
2018-11-14,AAPL,923,45.97101778114722,4.615,rebalance
2018-11-14,AMZN,329,82.82428349227905,1.645,rebalance
2018-11-14,NVDA,6028,5.0980587517859215,30.14,rebalance
2018-11-15,MSFT,-29,97.60452206651672,1.0,rebalance
2018-11-15,AAPL,-373,44.65574470641572,1.865,rebalance
2018-11-15,AMZN,-28,79.0425939125061,1.0,rebalance
2018-11-15,NVDA,-464,4.866027756147039,2.32,rebalance
2018-11-15,GLD,215,114.84148483123779,1.075,rebalance
2018-11-16,MSFT,-248,99.54749140337795,1.24,rebalance
2018-11-16,AAPL,-450,45.15589271932312,2.25,rebalance
2018-11-16,AMZN,-303,79.3670625,1.5150000000000001,rebalance
2018-11-16,NVDA,-4455,4.035136767798475,22.275000000000002,rebalance
2018-11-16,GLD,478,115.8415848312378,2.39,rebalance
2018-11-19,MSFT,-1,100.65378059271669,1.0,rebalance
2018-11-19,NVDA,-1818,3.9973336590605912,9.09,rebalance
2018-11-19,GLD,1,115.46154194793701,1.0,rebalance
2018-11-20,GLD,-489,115.9284084411621,2.445,rebalance
2018-11-20,NVDA,-919,3.3122110199678634,4.595,rebalance
2018-11-20,MSFT,214,94.65785841154427,1.07,rebalance
2018-11-20,AAPL,656,42.2890713408086,3.2800000000000002,rebalance
2018-11-20,AMZN,144,71.8821875,1.0,rebalance
2018-11-21,MSFT,-199,96.31229842234438,1.0,rebalance
2018-11-21,AAPL,-896,42.60299397001171,4.48,rebalance
2018-11-21,AMZN,-128,77.14178303604126,1.0,rebalance
2018-11-21,GLD,484,115.9515964416504,2.42,rebalance
2018-11-21,NVDA,3136,3.8209489267498484,15.68,rebalance
2018-11-23,GLD,-4,115.74842613601685,1.0,rebalance
2018-11-23,AAPL,192,41.47586709681182,1.0,rebalance
2018-11-23,NVDA,219,3.5414583968365654,1.095,rebalance
2018-11-26,GLD,-478,115.82841233825684,2.39,rebalance
2018-11-26,MSFT,222,97.43808345752713,1.11,rebalance
2018-11-26,AAPL,533,41.30990803871823,2.665,rebalance
2018-11-26,AMZN,284,76.95769194793701,1.42,rebalance
2018-11-26,NVDA,5787,3.704061772797874,28.935000000000002,rebalance
2018-11-27,MSFT,-235,98.79447900468567,1.175,rebalance
2018-11-27,AAPL,-449,40.65452554707367,2.245,rebalance
2018-11-27,AMZN,-300,78.79161956176758,1.5,rebalance
2018-11-27,NVDA,-6206,3.7554534242379614,31.03,rebalance
2018-11-27,GLD,486,115.56155805206299,2.43,rebalance
2018-11-28,MSFT,-1,100.30053772469392,1.0,rebalance
2018-11-28,AAPL,-9,41.8918793389529,1.0,rebalance
2018-11-28,AMZN,-2,80.68792954559326,1.0,rebalance
2018-11-28,NVDA,-108,3.915553464038177,1.0,rebalance
2018-11-28,GLD,8,114.77147813644409,1.0,rebalance
2018-11-29,GLD,-560,115.95840422058106,2.8000000000000003,rebalance
2018-11-29,MSFT,216,102.58938144717952,1.08,rebalance
2018-11-29,AAPL,697,43.306169943960306,3.485,rebalance
2018-11-29,AMZN,263,83.75787140960693,1.315,rebalance
2018-11-29,NVDA,5665,3.9578549384038872,28.325,rebalance
2018-11-30,MSFT,-218,102.91283809725417,1.09,rebalance
2018-11-30,AAPL,-702,42.73572227669696,3.5100000000000002,rebalance
2018-11-30,AMZN,-268,83.96660097427369,1.34,rebalance
2018-11-30,NVDA,-5637,3.9014158029992143,28.185000000000002,rebalance
2018-11-30,GLD,561,115.43154016876221,2.805,rebalance
2018-12-03,GLD,-560,116.58833847427368,2.8000000000000003,rebalance
2018-12-03,MSFT,214,105.07208821793157,1.07,rebalance
2018-12-03,AAPL,703,43.73293019128886,3.515,rebalance
2018-12-03,AMZN,251,88.48184687271119,1.2550000000000001,rebalance
2018-12-03,NVDA,5104,4.26953643461602,25.52,rebalance
2018-12-04,MSFT,-49,104.06563096766973,1.0,rebalance
2018-12-04,AAPL,-395,42.89217300180084,1.975,rebalance
2018-12-04,AMZN,-59,87.79122305145263,1.0,rebalance
2018-12-04,NVDA,-1115,4.160852630761163,5.575,rebalance
2018-12-04,GLD,273,117.3817397468567,1.365,rebalance
2018-12-06,MSFT,-155,98.37612554544847,1.0,rebalance
2018-12-06,AAPL,-377,40.713792364684146,1.885,rebalance
2018-12-06,AMZN,-180,80.73542540588379,1.0,rebalance
2018-12-06,NVDA,-3733,3.7453617339675613,18.665,rebalance
2018-12-06,GLD,246,117.39173525314331,1.23,rebalance
2018-12-07,MSFT,-2,100.7560478040272,1.0,rebalance
2018-12-07,AAPL,-287,41.1238727514983,1.435,rebalance
2018-12-07,AMZN,-6,85.24497654190064,1.0,rebalance
2018-12-07,NVDA,-108,3.918976634356593,1.0,rebalance
2018-12-07,GLD,6,117.63176474685669,1.0,rebalance
2018-12-10,GLD,-469,117.68822694854737,2.345,rebalance
2018-12-10,AMZN,-3,81.18388214263916,1.0,rebalance
2018-12-10,MSFT,221,97.44736102583235,1.105,rebalance
2018-12-10,AAPL,843,39.11922917367677,4.215,rebalance
2018-12-10,NVDA,3096,3.606594949962814,15.48,rebalance
2018-12-11,MSFT,-5,102.07615008384987,1.0,rebalance
2018-12-11,AAPL,-9,40.69007491474166,1.0,rebalance
2018-12-11,GLD,5,117.68176516876221,1.0,rebalance
2018-12-11,AMZN,268,83.9083915260315,1.34,rebalance
2018-12-11,NVDA,2710,3.848024850369637,13.55,rebalance
2018-12-12,MSFT,-218,103.08943981170515,1.09,rebalance
2018-12-12,AAPL,-540,40.391415317563535,2.7,rebalance
2018-12-12,AMZN,-261,83.44165194854736,1.305,rebalance
2018-12-12,NVDA,-5581,3.6706713535321813,27.905,rebalance
2018-12-12,GLD,468,117.71176694793701,2.34,rebalance
2018-12-13,AMZN,-1,83.9916,1.0,rebalance
2018-12-13,NVDA,-51,3.7292854391567225,1.0,rebalance
2018-12-13,MSFT,1,101.8920158206648,1.0,rebalance
2018-12-13,GLD,1,117.5517549156189,1.0,rebalance
2018-12-14,AMZN,1,81.90819152603149,1.0,rebalance
2018-12-14,NVDA,49,3.6414753665786614,1.0,rebalance
2018-12-17,GLD,-7,117.35826574630737,1.0,rebalance
2018-12-17,MSFT,3,98.01457441831162,1.0,rebalance
2018-12-17,AAPL,4,39.22591422200299,1.0,rebalance
2018-12-17,AMZN,6,78.30783305206299,1.0,rebalance
2018-12-17,NVDA,30,3.592743294245631,1.0,rebalance
2018-12-18,GLD,-466,117.83821347427369,2.33,rebalance
2018-12-18,AMZN,-149,76.9923,1.0,rebalance
2018-12-18,MSFT,224,96.47102446568556,1.12,rebalance
2018-12-18,AAPL,547,39.209331005217436,2.735,rebalance
2018-12-18,NVDA,5963,3.595463290913351,29.815,rebalance
2018-12-19,AAPL,-1,39.348449610008906,1.0,rebalance
2018-12-19,NVDA,-4,3.600432461377012,1.0,rebalance
2018-12-19,MSFT,1,96.37804756009653,1.0,rebalance
2018-12-19,AMZN,430,77.16021158752442,2.15,rebalance
2018-12-20,MSFT,-5,95.80100135379942,1.0,rebalance
2018-12-20,GLD,-7,119.09808961029053,1.0,rebalance
2018-12-20,NVDA,-6056,3.4171724439528766,30.28,rebalance
2018-12-20,AAPL,7,38.02862630564881,1.0,rebalance
2018-12-20,AMZN,6,74.207416947937,1.0,rebalance
2018-12-21,GLD,-2,119.17808344116212,1.0,rebalance
2018-12-21,AAPL,11,37.1893502853885,1.0,rebalance
2018-12-21,AMZN,1,73.25682140960693,1.0,rebalance
2018-12-21,NVDA,6359,3.3683821007275565,31.795,rebalance
2018-12-24,MSFT,-114,90.80872386517846,1.0,rebalance
2018-12-24,AAPL,-281,35.117300424247496,1.405,rebalance
2018-12-24,GLD,-9,119.55804269485473,1.0,rebalance
2018-12-24,AMZN,-134,67.29327305145264,1.0,rebalance
2018-12-24,NVDA,-9519,3.128306557806754,47.595,rebalance
2018-12-26,GLD,-2,120.60794074630738,1.0,rebalance
2018-12-26,MSFT,120,88.46510955977726,1.0,rebalance
2018-12-26,AAPL,287,35.159889296039786,1.435,rebalance
2018-12-26,AMZN,143,68.45134823455811,1.0,rebalance
2018-12-26,NVDA,9579,3.189536753196475,47.895,rebalance
2018-12-27,MSFT,-345,92.31476585598301,1.725,rebalance
2018-12-27,AAPL,-868,36.94013171818182,4.34,rebalance
2018-12-27,NVDA,-9579,3.2395989426027687,47.895,rebalance
2018-12-27,AMZN,-446,72.70272808456421,2.23,rebalance
2018-12-27,GLD,436,120.5820566947937,2.18,rebalance
2018-12-31,MSFT,118,94.18359837604798,1.0,rebalance
2018-12-31,AAPL,296,37.58528494309919,1.48,rebalance
2018-12-31,NVDA,3328,3.349334675876262,16.64,rebalance
2018-12-31,AMZN,147,75.54755491561889,1.0,rebalance
2019-01-02,GLD,-6,121.33786347427369,1.0,rebalance
2019-01-02,MSFT,1,92.56571002524853,1.0,rebalance
2019-01-02,AAPL,5,36.722296480982266,1.0,rebalance
2019-01-02,AMZN,4,73.26732813644409,1.0,rebalance
2019-01-02,NVDA,101,3.231589516418214,1.0,rebalance
2019-01-03,GLD,-244,121.76782077941894,1.22,rebalance
2019-01-03,MSFT,159,93.0771040449806,1.0,rebalance
2019-01-03,AAPL,457,34.13567361688712,2.285,rebalance
2019-01-03,AMZN,189,76.00810359039306,1.0,rebalance
2019-01-03,NVDA,4394,3.309509031031671,21.97,rebalance
2019-01-04,MSFT,-158,92.70524198655367,1.0,rebalance
2019-01-04,AAPL,-542,34.2592239792231,2.71,rebalance
2019-01-04,AMZN,-195,76.49235,1.0,rebalance
2019-01-04,NVDA,-4409,3.238362132368227,22.045,rebalance
2019-01-04,GLD,242,121.3321316947937,1.21,rebalance
2019-01-07,GLD,-240,122.14778766174317,1.2,rebalance
2019-01-07,MSFT,156,94.50904839389577,1.0,rebalance
2019-01-07,AAPL,525,35.254732699431074,2.625,rebalance
2019-01-07,AMZN,181,80.12351295394897,1.0,rebalance
2019-01-07,NVDA,4211,3.4260180598319847,21.055,rebalance
2019-01-08,AMZN,-7,83.22617362060546,1.0,rebalance
2019-01-08,NVDA,-309,3.6278856154180334,1.545,rebalance
2019-01-08,MSFT,1,95.81084272491877,1.0,rebalance
2019-01-08,AAPL,7,35.458619301419,1.0,rebalance
2019-01-08,GLD,8,121.1621165260315,1.0,rebalance
2019-01-09,MSFT,-2,96.55399004818493,1.0,rebalance
2019-01-09,AAPL,-9,35.86159381492094,1.0,rebalance
2019-01-09,GLD,-1,121.43785194854736,1.0,rebalance
2019-01-09,AMZN,1,82.65726697540283,1.0,rebalance
2019-01-09,NVDA,226,3.5101224038823577,1.1300000000000001,rebalance
2019-01-10,MSFT,-156,95.95901603975895,1.0,rebalance
2019-01-10,AAPL,-425,36.148426881574586,2.125,rebalance
2019-01-10,AMZN,-181,82.04229391250611,1.0,rebalance
2019-01-10,NVDA,-4306,3.506948216538107,21.53,rebalance
2019-01-10,GLD,246,121.99220135726928,1.23,rebalance
2019-01-11,NVDA,-56,3.5695183341849743,1.0,rebalance
2019-01-11,GLD,1,121.7521718635559,1.0,rebalance
2019-01-14,GLD,-1,122.13778652572633,1.0,rebalance
2019-01-14,NVDA,-52,3.628627614100655,1.0,rebalance
2019-01-14,AAPL,3,35.7644564272114,1.0,rebalance
2019-01-14,AMZN,1,80.758075,1.0,rebalance
2019-01-15,NVDA,-93,3.7532746611732866,1.0,rebalance
2019-01-15,AAPL,2,35.62694557444122,1.0,rebalance
2019-01-16,MSFT,-2,97.85552351567489,1.0,rebalance
2019-01-16,AAPL,-3,36.285907117529206,1.0,rebalance
2019-01-16,AMZN,-4,84.20257743530273,1.0,rebalance
2019-01-16,GLD,4,122.0522049156189,1.0,rebalance
2019-01-16,NVDA,27,3.7344839293077388,1.0,rebalance
2019-01-17,AAPL,-3,36.551390034432124,1.0,rebalance
2019-01-17,NVDA,67,3.648895537541499,1.0,rebalance
2019-01-18,MSFT,-2,99.90075271564855,1.0,rebalance
2019-01-18,AAPL,-5,37.33361450921813,1.0,rebalance
2019-01-18,AMZN,-2,85.59143847427369,1.0,rebalance
2019-01-18,NVDA,-113,3.8019966352874484,1.0,rebalance
2019-01-18,GLD,6,121.24212635726929,1.0,rebalance
2019-01-22,NVDA,-43,3.850964853778977,1.0,rebalance
2019-01-22,AMZN,2,84.05840805206299,1.0,rebalance
2019-01-23,GLD,-253,120.94790308456422,1.2650000000000001,rebalance
2019-01-23,MSFT,154,98.67475075212155,1.0,rebalance
2019-01-23,AAPL,419,36.546844225986966,2.095,rebalance
2019-01-23,AMZN,184,82.80828305206299,1.0,rebalance
2019-01-23,NVDA,4142,3.735226532135594,20.71,rebalance
2019-01-24,MSFT,-154,99.34296742712479,1.0,rebalance
2019-01-24,AAPL,-414,36.530049447305935,2.07,rebalance
2019-01-24,AMZN,-180,82.04529196472168,1.0,rebalance
2019-01-24,NVDA,-4094,3.7765235296637307,20.47,rebalance
2019-01-24,GLD,250,121.17211966247558,1.25,rebalance
2019-01-25,AAPL,-1,36.854791121627144,1.0,rebalance
2019-01-25,AMZN,-2,83.51664902572632,1.0,rebalance
2019-01-25,NVDA,-35,3.8442873694733075,1.0,rebalance
2019-01-28,AAPL,-3,36.92827811187839,1.0,rebalance
2019-01-28,GLD,-7,122.737725,1.0,rebalance
2019-01-28,NVDA,388,3.377781575943055,1.94,rebalance
2019-01-29,GLD,-4,123.69762808456422,1.0,rebalance
2019-01-29,NVDA,-1112,3.3672140924822473,5.5600000000000005,rebalance
2019-01-29,MSFT,2,97.52176368524772,1.0,rebalance
2019-01-29,AMZN,2,81.57165580062866,1.0,rebalance
2019-01-30,AAPL,-13,38.69659586125776,1.0,rebalance
2019-01-30,AMZN,1,81.15811652603149,1.0,rebalance
2019-01-30,NVDA,1176,3.331277456536168,5.88,rebalance
2019-01-31,AAPL,-2,39.37452281962584,1.0,rebalance
2019-01-31,AMZN,-4,84.63403758087158,1.0,rebalance
2019-01-31,NVDA,-32,3.394666758776564,1.0,rebalance
2019-01-31,MSFT,2,96.51753218261189,1.0,rebalance
2019-02-01,AAPL,-1,39.576008525031234,1.0,rebalance
2019-02-01,NVDA,-169,3.573722937302338,1.0,rebalance
2019-02-01,GLD,1,124.9024883895874,1.0,rebalance
2019-02-01,AMZN,4,81.95219464416503,1.0,rebalance
2019-02-04,AAPL,-2,39.68268143810548,1.0,rebalance
2019-02-04,NVDA,-32,3.5952393411323493,1.0,rebalance
2019-02-04,MSFT,1,95.65277567955198,1.0,rebalance
2019-02-04,GLD,2,124.0023968635559,1.0,rebalance
2019-02-04,AMZN,1,81.15811652603149,1.0,rebalance
2019-02-05,GLD,-245,124.27757191543579,1.225,rebalance
2019-02-05,MSFT,154,98.61897145971099,1.0,rebalance
2019-02-05,AAPL,370,40.982738245837524,1.85,rebalance
2019-02-05,AMZN,187,82.17521651687622,1.0,rebalance
2019-02-05,NVDA,4118,3.7020785841762724,20.59,rebalance
2019-02-06,AAPL,-1,41.39882727579403,1.0,rebalance
2019-02-06,AMZN,-2,83.52914472427368,1.0,rebalance
2019-02-06,NVDA,-28,3.741650452746417,1.0,rebalance
2019-02-06,GLD,2,124.17241966247559,1.0,rebalance
2019-02-07,GLD,-1,123.78762305145264,1.0,rebalance
2019-02-07,NVDA,-66,3.73769398704073,1.0,rebalance
2019-02-07,MSFT,2,97.80999357047502,1.0,rebalance
2019-02-07,AAPL,1,40.87366423113092,1.0,rebalance
2019-02-07,AMZN,5,81.25812499999999,1.0,rebalance
2019-02-08,MSFT,-158,97.04673088611385,1.0,rebalance
2019-02-08,AAPL,-377,40.22899525704259,1.885,rebalance
2019-02-08,AMZN,-187,79.29207305145263,1.0,rebalance
2019-02-08,NVDA,-4037,3.578916613693709,20.185,rebalance
2019-02-08,GLD,238,124.06240805206299,1.19,rebalance
2019-02-11,MSFT,-2,98.72937917962489,1.0,rebalance
2019-02-11,AAPL,-3,40.71940249560104,1.0,rebalance
2019-02-11,AMZN,-2,80.04099870071411,1.0,rebalance
2019-02-11,NVDA,-36,3.620467240378421,1.0,rebalance
2019-02-11,GLD,5,123.20232144165038,1.0,rebalance
2019-02-12,GLD,-1,123.94760308456421,1.0,rebalance
2019-02-12,NVDA,-24,3.660284206739506,1.0,rebalance
2019-02-12,AAPL,2,40.50133628210277,1.0,rebalance
2019-02-13,GLD,-245,123.82761233825684,1.225,rebalance
2019-02-13,MSFT,152,99.95794280120073,1.0,rebalance
2019-02-13,AAPL,375,40.80848484905892,1.875,rebalance
2019-02-13,AMZN,183,82.35823347396851,1.0,rebalance
2019-02-13,NVDA,3998,3.7688678521991634,19.990000000000002,rebalance
2019-02-14,GLD,-1,123.82761233825684,1.0,rebalance
2019-02-14,NVDA,-58,3.779985435453162,1.0,rebalance
2019-02-14,MSFT,2,98.85143510715056,1.0,rebalance
2019-02-14,AAPL,3,40.40847154754677,1.0,rebalance
2019-02-14,AMZN,3,81.23312097396851,1.0,rebalance
2019-02-15,NVDA,-332,4.03002224195297,1.6600000000000001,rebalance
2019-02-15,AAPL,5,40.77515058470331,1.0,rebalance
2019-02-15,GLD,2,124.60245533752442,1.0,rebalance
2019-02-15,AMZN,4,81.40113704147339,1.0,rebalance
2019-02-19,GLD,-5,125.96740535659791,1.0,rebalance
2019-02-19,AAPL,1,40.408472348598494,1.0,rebalance
2019-02-19,AMZN,3,80.05800805206299,1.0,rebalance
2019-02-19,NVDA,209,3.8814191151589004,1.045,rebalance
2019-02-20,AMZN,-2,81.49185,1.0,rebalance
2019-02-20,NVDA,16,3.9039297893473255,1.0,rebalance
2019-02-21,AAPL,-3,40.89793129709421,1.0,rebalance
2019-02-21,NVDA,-70,3.9338159413030533,1.0,rebalance
2019-02-21,MSFT,1,99.82453289694264,1.0,rebalance
2019-02-22,MSFT,-6,102.74550414352228,1.0,rebalance
2019-02-22,AAPL,1,40.85372742689401,1.0,rebalance
2019-02-22,GLD,3,125.5425517791748,1.0,rebalance
2019-02-22,NVDA,67,3.90491911135058,1.0,rebalance
2019-02-25,MSFT,-1,104.34200510216834,1.0,rebalance
2019-02-25,AAPL,-1,41.459742623599666,1.0,rebalance
2019-02-25,NVDA,-121,4.020376637855746,1.0,rebalance
2019-02-25,GLD,3,125.79257677917481,1.0,rebalance
2019-02-25,AMZN,1,82.08070938644408,1.0,rebalance
2019-02-26,MSFT,-1,103.8751807445718,1.0,rebalance
2019-02-26,AAPL,-3,41.352620337381246,1.0,rebalance
2019-02-26,NVDA,122,3.920749914779317,1.0,rebalance
2019-02-27,MSFT,-1,104.27664256879537,1.0,rebalance
2019-02-27,NVDA,74,3.8717717949981187,1.0,rebalance
2019-02-28,MSFT,-1,104.6034005021243,1.0,rebalance
2019-02-28,AAPL,-4,41.497828741296615,1.0,rebalance
2019-02-28,AMZN,-1,81.75432069854736,1.0,rebalance
2019-02-28,NVDA,60,3.8381239305861587,1.0,rebalance
2019-03-01,MSFT,-2,105.39699452381451,1.0,rebalance
2019-03-01,AMZN,-4,82.74822459411621,1.0,rebalance
2019-03-01,NVDA,-44,3.86879816923209,1.0,rebalance
2019-03-01,GLD,4,123.49235135726929,1.0,rebalance
2019-03-04,AAPL,-3,41.82396508487694,1.0,rebalance
2019-03-04,AMZN,-5,84.241575,1.0,rebalance
2019-03-04,NVDA,-65,3.9116282770448705,1.0,rebalance
2019-03-04,GLD,7,121.57215355834961,1.0,rebalance
2019-03-05,AAPL,-2,41.88348275113197,1.0,rebalance
2019-03-05,AMZN,-4,85.13898433456421,1.0,rebalance
2019-03-05,MSFT,1,104.82043890297875,1.0,rebalance
2019-03-05,NVDA,72,3.8666001959537777,1.0,rebalance
2019-03-06,NVDA,-15,3.8660746485359314,1.0,rebalance
2019-03-06,AAPL,2,41.58946002841293,1.0,rebalance
2019-03-07,AAPL,-2,41.39070396317949,1.0,rebalance
2019-03-07,GLD,-3,121.2578696434021,1.0,rebalance
2019-03-07,AMZN,2,83.37683660583497,1.0,rebalance
2019-03-07,NVDA,165,3.741551390527719,1.0,rebalance
2019-03-08,GLD,-10,122.68772694854736,1.0,rebalance
2019-03-08,AAPL,3,40.553717011948066,1.0,rebalance
2019-03-08,AMZN,8,80.20852053833008,1.0,rebalance
2019-03-08,NVDA,158,3.606846037697948,1.0,rebalance
2019-03-11,AAPL,-9,41.77634742645393,1.0,rebalance
2019-03-11,NVDA,-177,3.7529345916557135,1.0,rebalance
2019-03-11,GLD,5,122.5322486427307,1.0,rebalance
2019-03-12,AAPL,-2,42.849988205878184,1.0,rebalance
2019-03-12,NVDA,-325,4.017093442429042,1.625,rebalance
2019-03-12,MSFT,1,105.35271326052028,1.0,rebalance
2019-03-12,GLD,8,122.55225491561889,1.0,rebalance
2019-03-13,AAPL,-2,43.38560908722901,1.0,rebalance
2019-03-13,NVDA,-13,4.060912728757829,1.0,rebalance
2019-03-13,GLD,1,123.5723535583496,1.0,rebalance
2019-03-14,AAPL,-3,43.778392884318386,1.0,rebalance
2019-03-14,NVDA,-169,4.1837088454800355,1.0,rebalance
2019-03-14,GLD,5,122.34223483123779,1.0,rebalance
2019-03-15,AAPL,-1,44.00455466908314,1.0,rebalance
2019-03-15,AMZN,-1,85.14148652572632,1.0,rebalance
2019-03-15,NVDA,87,4.1426978366244676,1.0,rebalance
2019-03-18,NVDA,-103,4.23545116841357,1.0,rebalance
2019-03-18,GLD,1,123.31233305206298,1.0,rebalance
2019-03-19,MSFT,-2,110.25183307109192,1.0,rebalance
2019-03-19,AAPL,-1,44.837745876967645,1.0,rebalance
2019-03-19,AMZN,-4,87.66673141250611,1.0,rebalance
2019-03-19,GLD,3,123.7323732208252,1.0,rebalance
2019-03-19,NVDA,7,4.277897949128031,1.0,rebalance
2019-03-20,AMZN,-2,88.48815194778443,1.0,rebalance
2019-03-20,NVDA,-139,4.379041818565306,1.0,rebalance
2019-03-20,MSFT,2,109.62022425747335,1.0,rebalance
2019-03-20,AAPL,8,44.341928380734444,1.0,rebalance
2019-03-20,GLD,1,123.67236966247559,1.0,rebalance
2019-03-21,AAPL,-8,45.235292726326186,1.0,rebalance
2019-03-21,AMZN,-3,89.80402223968505,1.0,rebalance
2019-03-21,MSFT,2,109.3867752229813,1.0,rebalance
2019-03-21,NVDA,92,4.341536525496662,1.0,rebalance
2019-03-22,MSFT,-1,111.56826757220288,1.0,rebalance
2019-03-22,AAPL,-9,46.50175424139688,1.0,rebalance
2019-03-22,NVDA,-179,4.526594412508099,1.0,rebalance
2019-03-22,GLD,7,123.9423933052063,1.0,rebalance
2019-03-22,AMZN,1,90.51754999542236,1.0,rebalance
2019-03-25,GLD,-7,124.54754155883789,1.0,rebalance
2019-03-25,MSFT,1,108.84517591376697,1.0,rebalance
2019-03-25,AAPL,1,45.59912562391673,1.0,rebalance
2019-03-25,AMZN,4,87.89829242935181,1.0,rebalance
2019-03-25,NVDA,146,4.354661257052015,1.0,rebalance
2019-03-26,MSFT,-1,110.74667434463655,1.0,rebalance
2019-03-26,AMZN,-2,89.64103652572632,1.0,rebalance
2019-03-26,NVDA,-73,4.44365796097878,1.0,rebalance
2019-03-26,AAPL,6,45.634832822050434,1.0,rebalance
2019-03-26,GLD,3,124.49245135726929,1.0,rebalance
2019-03-27,GLD,-1,124.33756347427368,1.0,rebalance
2019-03-27,AMZN,-1,89.19757654266357,1.0,rebalance
2019-03-27,AAPL,6,44.94195948979563,1.0,rebalance
2019-03-27,NVDA,19,4.405176143152193,1.0,rebalance
2019-03-28,AAPL,-4,44.98057562865098,1.0,rebalance
2019-03-28,NVDA,-29,4.395629331947514,1.0,rebalance
2019-03-28,GLD,3,122.2922267791748,1.0,rebalance
2019-03-29,NVDA,-48,4.454798744549286,1.0,rebalance
2019-03-29,GLD,1,122.6522633895874,1.0,rebalance
2019-04-01,MSFT,-1,111.05476658239313,1.0,rebalance
2019-04-01,AAPL,-1,45.62094494869165,1.0,rebalance
2019-04-01,AMZN,-1,89.99650024337768,1.0,rebalance
2019-04-01,NVDA,-78,4.536992252832886,1.0,rebalance
2019-04-01,GLD,3,122.4122415260315,1.0,rebalance
2019-04-02,AMZN,-2,90.54194740219117,1.0,rebalance
2019-04-02,NVDA,-5,4.536746236062819,1.0,rebalance
2019-04-02,GLD,2,121.73217322082519,1.0,rebalance
2019-04-03,AAPL,-3,46.00421646314569,1.0,rebalance
2019-04-03,AMZN,-1,91.32686493530274,1.0,rebalance
2019-04-03,NVDA,-24,4.580069714102469,1.0,rebalance
2019-04-03,GLD,3,121.74217635726929,1.0,rebalance
2019-04-04,AAPL,-3,46.370822054235965,1.0,rebalance
2019-04-04,NVDA,-88,4.654342599507461,1.0,rebalance
2019-04-04,GLD,3,121.1121084739685,1.0,rebalance
2019-04-04,AMZN,1,91.04160447082519,1.0,rebalance
2019-04-05,AAPL,-3,46.76599375360353,1.0,rebalance
2019-04-05,NVDA,-38,4.703855682962686,1.0,rebalance
2019-04-05,MSFT,1,111.48786115831064,1.0,rebalance
2019-04-08,GLD,-3,122.95770422058105,1.0,rebalance
2019-04-08,AAPL,1,46.768210185742745,1.0,rebalance
2019-04-08,NVDA,27,4.6978629480813465,1.0,rebalance
2019-04-09,AAPL,-9,47.68726844027774,1.0,rebalance
2019-04-09,MSFT,4,110.77816607476791,1.0,rebalance
2019-04-09,NVDA,1,4.715691552792076,1.0,rebalance
2019-04-10,MSFT,-2,111.81101215553198,1.0,rebalance
2019-04-10,AAPL,4,47.306314081394966,1.0,rebalance
2019-04-10,NVDA,31,4.685728767584493,1.0,rebalance
2019-04-11,AAPL,-3,47.813450114457076,1.0,rebalance
2019-04-11,NVDA,-69,4.758321419880509,1.0,rebalance
2019-04-11,GLD,4,122.55225491561889,1.0,rebalance
2019-04-12,MSFT,-1,112.63260407174988,1.0,rebalance
2019-04-12,NVDA,-39,4.780603210834629,1.0,rebalance
2019-04-12,AAPL,3,47.430126139633664,1.0,rebalance
2019-04-12,GLD,1,121.9721950843811,1.0,rebalance
2019-04-15,MSFT,-2,112.91267794283915,1.0,rebalance
2019-04-15,AAPL,-1,47.27305540915788,1.0,rebalance
2019-04-15,NVDA,77,4.697368817363564,1.0,rebalance
2019-04-16,MSFT,-2,113.56620083774585,1.0,rebalance
2019-04-16,DIS,-885,126.18503486222627,4.425,rebalance
2019-04-16,AAPL,-4,47.48253970334876,1.0,rebalance
2019-04-16,AMZN,-3,92.55824050369263,1.0,rebalance
2019-04-16,GLD,2,120.3920352531433,1.0,rebalance
2019-04-16,NVDA,101,4.6126810242103,1.0,rebalance
2019-04-17,DIS,-25,124.32696842231958,1.0,rebalance
2019-04-17,NVDA,-30,4.694448370353413,1.0,rebalance
2019-04-17,MSFT,3,113.21543262079535,1.0,rebalance
2019-04-17,AAPL,7,47.511085338124786,1.0,rebalance
2019-04-17,GLD,5,120.47204508438111,1.0,rebalance
2019-04-18,MSFT,-3,114.07971148448706,1.0,rebalance
2019-04-18,AAPL,-15,48.35381619741763,1.0,rebalance
2019-04-18,GLD,-1,120.22797386398315,1.0,rebalance
2019-04-18,AMZN,-1,93.43015495147705,1.0,rebalance
2019-04-18,DIS,19,126.2294575542059,1.0,rebalance
2019-04-18,NVDA,20,4.6443780413638285,1.0,rebalance
2019-04-22,MSFT,-2,114.48117949567164,1.0,rebalance
2019-04-22,GLD,-2,120.4479530845642,1.0,rebalance
2019-04-22,DIS,4,126.35397145609235,1.0,rebalance
2019-04-22,AMZN,1,92.77927364273071,1.0,rebalance
2019-04-22,NVDA,58,4.5896540982921525,1.0,rebalance
2019-04-23,MSFT,-3,115.86295005526004,1.0,rebalance
2019-04-23,AAPL,-5,48.66568074845106,1.0,rebalance
2019-04-23,AMZN,-5,94.55054155883789,1.0,rebalance
2019-04-23,QCOM,-1589,70.548311237782,7.945,rebalance
2019-04-23,NVDA,-118,4.6790988520724754,1.0,rebalance
2019-04-23,DIS,887,127.7813490506401,4.4350000000000005,rebalance
2019-04-23,GLD,2,119.6819651687622,1.0,rebalance
2019-04-24,MSFT,-6,117.44076706586166,1.0,rebalance
2019-04-24,AAPL,-16,49.36318155122918,1.0,rebalance
2019-04-24,GLD,-6,120.0479915588379,1.0,rebalance
2019-04-24,AMZN,-10,96.240375,1.0,rebalance
2019-04-24,NVDA,-149,4.730842164658439,1.0,rebalance
2019-04-24,QCOM,1589,73.20327329095774,7.945,rebalance
2019-04-25,MSFT,-7,121.42737242750356,1.0,rebalance
2019-04-25,AAPL,3,49.24685731381539,1.0,rebalance
2019-04-25,AMZN,2,95.8595834739685,1.0,rebalance
2019-04-25,NVDA,76,4.693654223714166,1.0,rebalance
2019-04-26,MSFT,-1,121.09123487439074,1.0,rebalance
2019-04-26,GLD,-5,121.24787613601684,1.0,rebalance
2019-04-26,AMZN,-3,96.44035194854736,1.0,rebalance
2019-04-26,AAPL,1,48.78731100390055,1.0,rebalance
2019-04-26,NVDA,258,4.47475793440773,1.29,rebalance
2019-04-29,MSFT,-1,121.27796883747739,1.0,rebalance
2019-04-29,AMZN,-4,97.44025194854737,1.0,rebalance
2019-04-29,NVDA,-4291,4.4169203845664535,21.455000000000002,rebalance
2019-04-29,AAPL,1,48.66826607621984,1.0,rebalance
2019-04-30,AAPL,2,48.349211497157064,1.0,rebalance
2019-04-30,AMZN,1,96.51464775314331,1.0,rebalance
2019-04-30,NVDA,4361,4.408394190344832,21.805,rebalance
2019-05-01,AAPL,-12,49.96308167043546,1.0,rebalance
2019-05-01,NVDA,-110,4.533280050267944,1.0,rebalance
2019-05-01,GLD,3,121.0421017791748,1.0,rebalance
2019-05-01,AMZN,3,96.6641683189392,1.0,rebalance
2019-05-02,AAPL,-5,49.95354895743373,1.0,rebalance
2019-05-02,MSFT,2,119.50930949827088,1.0,rebalance
2019-05-02,NVDA,16,4.478470212029006,1.0,rebalance
2019-05-03,AMZN,-2,97.44025194854737,1.0,rebalance
2019-05-03,NVDA,-47,4.543677750088851,1.0,rebalance
2019-05-03,MSFT,3,118.93033992458633,1.0,rebalance
2019-05-06,MSFT,-1,118.00094811950228,1.0,rebalance
2019-05-06,GLD,-5,120.59793961029052,1.0,rebalance
2019-05-06,AAPL,10,48.64208409185474,1.0,rebalance
2019-05-06,NVDA,188,4.345745696852139,1.0,rebalance
2019-05-07,AMZN,-1,96.98979651031495,1.0,rebalance
2019-05-07,NVDA,-47,4.404294227563436,1.0,rebalance
2019-05-07,MSFT,1,118.0899302843309,1.0,rebalance
2019-05-08,MSFT,-244,117.11399794228227,1.22,rebalance
2019-05-08,AAPL,-589,48.063392159567194,2.945,rebalance
2019-05-08,NVDA,-6545,4.258228210456345,32.725,rebalance
2019-05-08,AMZN,-298,95.93390235443115,1.49,rebalance
2019-05-08,GLD,262,121.5521549156189,1.31,rebalance
2019-05-09,GLD,2,120.9720950843811,1.0,rebalance
2019-05-10,GLD,-1,121.39786266174316,1.0,rebalance
2019-05-13,GLD,-537,122.61773425369263,2.685,rebalance
2019-05-13,MSFT,291,115.89545695158823,1.455,rebalance
2019-05-13,AAPL,1026,44.86643453768739,5.13,rebalance
2019-05-13,NVDA,8338,4.048601194433112,41.69,rebalance
2019-05-13,AMZN,367,91.83718572998046,1.835,rebalance
2019-05-14,MSFT,-291,115.64821128143082,1.455,rebalance
2019-05-14,AAPL,-1026,44.54681194106955,5.13,rebalance
2019-05-14,NVDA,-8338,3.9623790648355617,41.69,rebalance
2019-05-14,AMZN,-367,91.96580097427368,1.835,rebalance
2019-05-14,GLD,529,122.61225847396851,2.645,rebalance
2019-05-16,GLD,-530,122.01779577941895,2.65,rebalance
2019-05-16,MSFT,281,118.79886778744795,1.405,rebalance
2019-05-16,AAPL,1005,45.392288934528494,5.025,rebalance
2019-05-16,NVDA,8480,3.94608659391472,42.4,rebalance
2019-05-16,AMZN,354,94.30642677001953,1.77,rebalance
2019-05-17,MSFT,-3,120.23692823304894,1.0,rebalance
2019-05-17,AMZN,-1,94.64303108825683,1.0,rebalance
2019-05-17,AAPL,13,44.680020369160914,1.0,rebalance
2019-05-17,NVDA,19,3.9247907927775754,1.0,rebalance
2019-05-20,MSFT,-1,118.55954381016949,1.0,rebalance
2019-05-20,GLD,-1,120.49795113601685,1.0,rebalance
2019-05-20,NVDA,168,3.7774561896736327,1.0,rebalance
2019-05-21,AAPL,-1,44.26241445535715,1.0,rebalance
2019-05-21,AMZN,-1,93.73012800292969,1.0,rebalance
2019-05-21,NVDA,-27,3.8175505965109906,1.0,rebalance
2019-05-21,GLD,1,120.09200983123779,1.0,rebalance
2019-05-22,AAPL,-2,44.128604883763735,1.0,rebalance
2019-05-22,NVDA,-3,3.8002212524971153,1.0,rebalance
2019-05-22,AMZN,2,92.59825578689575,1.0,rebalance
2019-05-23,MSFT,-3,118.2596750477445,1.0,rebalance
2019-05-23,GLD,-2,120.80791769485474,1.0,rebalance
2019-05-23,AMZN,-1,91.82031534118653,1.0,rebalance
2019-05-23,AAPL,13,42.97579432834588,1.0,rebalance
2019-05-23,NVDA,103,3.7066376199457607,1.0,rebalance
2019-05-24,MSFT,-42,118.92503258830529,1.0,rebalance
2019-05-24,AAPL,-389,43.062789796572986,1.945,rebalance
2019-05-24,AMZN,-53,91.78532280807495,1.0,rebalance
2019-05-24,NVDA,-1244,3.666036363448825,6.22,rebalance
2019-05-24,GLD,257,121.14211025314331,1.285,rebalance
2019-05-28,GLD,-258,120.78792305145264,1.29,rebalance
2019-05-28,MSFT,38,119.01443069883805,1.0,rebalance
2019-05-28,AAPL,389,42.765444026609835,1.945,rebalance
2019-05-28,AMZN,51,91.64666069793701,1.0,rebalance
2019-05-28,NVDA,1431,3.6117984920066686,7.155,rebalance
2019-05-29,MSFT,-40,117.49130025628193,1.0,rebalance
2019-05-29,AAPL,-387,42.159480809722226,1.935,rebalance
2019-05-29,AMZN,-54,91.14688263015748,1.0,rebalance
2019-05-29,NVDA,-3782,3.5009063788547334,18.91,rebalance
2019-05-29,GLD,252,121.1221116104126,1.26,rebalance
2019-05-30,AAPL,-5,42.52509594635513,1.0,rebalance
2019-05-30,NVDA,2624,3.4783346935892325,13.120000000000001,rebalance
2019-05-31,GLD,-6,122.53774805145264,1.0,rebalance
2019-05-31,AAPL,1,42.12249372840173,1.0,rebalance
2019-05-31,AMZN,3,89.50945359039306,1.0,rebalance
2019-05-31,NVDA,132,3.3997495448011166,1.0,rebalance
2019-06-03,MSFT,-130,116.05754885202565,1.0,rebalance
2019-06-03,AAPL,-363,41.96350551303451,1.815,rebalance
2019-06-03,AMZN,-169,87.99170348968507,1.0,rebalance
2019-06-03,NVDA,-4489,3.3685836597038623,22.445,rebalance
2019-06-03,GLD,241,124.10240533752442,1.205,rebalance
2019-06-04,GLD,-4,124.86750925369263,1.0,rebalance
2019-06-04,AMZN,-40,84.95350178604126,1.0,rebalance
2019-06-04,NVDA,-15,3.379735978653366,1.0,rebalance
2019-06-04,MSFT,1,113.67198775326297,1.0,rebalance
2019-06-05,GLD,-243,126.16738230514527,1.215,rebalance
2019-06-05,MSFT,131,117.11177288103985,1.0,rebalance
2019-06-05,AAPL,344,44.046601484587406,1.72,rebalance
2019-06-05,AMZN,220,87.48875135726928,1.1,rebalance
2019-06-05,NVDA,4127,3.618648017649865,20.635,rebalance
2019-06-06,MSFT,-3,118.48460013264466,1.0,rebalance
2019-06-06,GLD,-1,125.91740730514526,1.0,rebalance
2019-06-06,NVDA,195,3.5065952988995783,1.0,rebalance
2019-06-07,MSFT,-2,121.06158702256947,1.0,rebalance
2019-06-07,AAPL,-2,44.57069959944745,1.0,rebalance
2019-06-07,NVDA,-35,3.5695925821367465,1.0,rebalance
2019-06-07,GLD,1,126.8026799156189,1.0,rebalance
2019-06-10,MSFT,-2,124.06960024836025,1.0,rebalance
2019-06-10,AAPL,-8,45.837255267762224,1.0,rebalance
2019-06-10,AMZN,-5,91.09088847427368,1.0,rebalance
2019-06-10,NVDA,-84,3.662290306375073,1.0,rebalance
2019-06-10,GLD,10,125.4725450843811,1.0,rebalance
2019-06-11,AAPL,-3,46.566135163548594,1.0,rebalance
2019-06-11,AMZN,-6,94.15308222427369,1.0,rebalance
2019-06-11,NVDA,-68,3.7386292638629945,1.0,rebalance
2019-06-11,GLD,6,124.9524964416504,1.0,rebalance
2019-06-12,AAPL,-1,46.34866026555987,1.0,rebalance
2019-06-12,GLD,-4,125.58743847427368,1.0,rebalance
2019-06-12,MSFT,2,123.15710672382141,1.0,rebalance
2019-06-12,AMZN,1,92.70826739730835,1.0,rebalance
2019-06-12,NVDA,42,3.6937620330937615,1.0,rebalance
2019-06-13,AAPL,-2,46.527891687987676,1.0,rebalance
2019-06-13,NVDA,108,3.6464129071073326,1.0,rebalance
2019-06-14,MSFT,-1,123.93839980650829,1.0,rebalance
2019-06-14,GLD,-5,127.1972780845642,1.0,rebalance
2019-06-14,AMZN,-1,93.19067694854736,1.0,rebalance
2019-06-14,AAPL,8,45.78428182906244,1.0,rebalance
2019-06-14,NVDA,116,3.582453989800611,1.0,rebalance
2019-06-17,AAPL,-3,46.09773723260183,1.0,rebalance
2019-06-17,AMZN,-1,93.81561444854736,1.0,rebalance
2019-06-17,GLD,1,126.71266694793701,1.0,rebalance
2019-06-17,NVDA,9,3.5839410643287244,1.0,rebalance
2019-06-18,AAPL,-2,46.850501081705175,1.0,rebalance
2019-06-18,AMZN,-1,95.05799050369262,1.0,rebalance
2019-06-18,NVDA,-66,3.6558463773304606,1.0,rebalance
2019-06-18,GLD,2,127.59275983123779,1.0,rebalance
2019-06-19,AAPL,-6,47.71796740328998,1.0,rebalance
2019-06-19,NVDA,-267,3.8243865740697776,1.335,rebalance
2019-06-19,GLD,6,126.78267364273071,1.0,rebalance
2019-06-19,AMZN,1,95.40153749084473,1.0,rebalance
2019-06-20,GLD,-4,130.39696266174317,1.0,rebalance
2019-06-20,NVDA,-2,3.885607144946344,1.0,rebalance
2019-06-20,AAPL,7,47.8924346380664,1.0,rebalance
2019-06-20,AMZN,1,96.67616292648316,1.0,rebalance
2019-06-21,GLD,-5,131.7568272720337,1.0,rebalance
2019-06-21,AAPL,2,47.517180654462955,1.0,rebalance
2019-06-21,AMZN,1,95.8145808052063,1.0,rebalance
2019-06-21,NVDA,127,3.8053190171566773,1.0,rebalance
2019-06-24,GLD,-3,132.7567272720337,1.0,rebalance
2019-06-24,AAPL,2,47.455037267355294,1.0,rebalance
2019-06-24,AMZN,1,95.64256653518677,1.0,rebalance
2019-06-24,NVDA,52,3.7835038528222973,1.0,rebalance
2019-06-25,GLD,-4,134.88650389709474,1.0,rebalance
2019-06-25,AAPL,3,47.42873865811926,1.0,rebalance
2019-06-25,AMZN,2,95.6015620689392,1.0,rebalance
2019-06-25,NVDA,24,3.7894536119252074,1.0,rebalance
2019-06-26,AAPL,-1,47.26154200189213,1.0,rebalance
2019-06-26,NVDA,-224,3.881640326578778,1.12,rebalance
2019-06-26,MSFT,3,125.92211687924654,1.0,rebalance
2019-06-26,GLD,2,133.0033044937134,1.0,rebalance
2019-06-26,AMZN,1,94.63346294937134,1.0,rebalance
2019-06-27,AAPL,-3,47.86374534765824,1.0,rebalance
2019-06-27,NVDA,-226,4.0328319049290995,1.1300000000000001,rebalance
2019-06-27,MSFT,2,125.72528108088899,1.0,rebalance
2019-06-27,GLD,5,132.3932428833008,1.0,rebalance
2019-06-27,AMZN,1,95.1095084739685,1.0,rebalance
2019-06-28,NVDA,-76,4.08958993975819,1.0,rebalance
2019-06-28,AAPL,6,47.48848903671107,1.0,rebalance
2019-07-01,AAPL,-6,48.551983134336155,1.0,rebalance
2019-07-01,NVDA,-236,4.277214389593565,1.18,rebalance
2019-07-01,GLD,8,131.57315355834962,1.0,rebalance
2019-07-01,AMZN,1,96.15861697540284,1.0,rebalance
2019-07-02,MSFT,-1,127.55552593906688,1.0,rebalance
2019-07-02,GLD,-2,131.2568772720337,1.0,rebalance
2019-07-02,AMZN,-1,95.95940486984253,1.0,rebalance
2019-07-02,NVDA,227,4.102803056757235,1.135,rebalance
2019-07-03,AAPL,-2,48.57827010924364,1.0,rebalance
2019-07-03,GLD,-4,133.59663961029054,1.0,rebalance
2019-07-03,AMZN,-1,96.78482280807495,1.0,rebalance
2019-07-03,NVDA,147,4.045040786778464,1.0,rebalance
2019-07-05,AAPL,-5,48.59500275609032,1.0,rebalance
2019-07-05,AMZN,-1,96.42035730514526,1.0,rebalance
2019-07-05,GLD,2,131.47315271453857,1.0,rebalance
2019-07-05,NVDA,62,3.9763723345326993,1.0,rebalance
2019-07-08,MSFT,-1,127.81790136305771,1.0,rebalance
2019-07-08,GLD,-2,132.16677467651368,1.0,rebalance
2019-07-08,AMZN,-2,96.6963306816101,1.0,rebalance
2019-07-08,AAPL,5,47.997609279317665,1.0,rebalance
2019-07-08,NVDA,104,3.912661384514559,1.0,rebalance
2019-07-09,MSFT,-1,127.4430875151109,1.0,rebalance
2019-07-09,AMZN,-3,97.38026038970948,1.0,rebalance
2019-07-09,AAPL,2,47.61277639555659,1.0,rebalance
2019-07-09,NVDA,77,3.855147908570025,1.0,rebalance
2019-07-10,AMZN,-4,99.81551793823242,1.0,rebalance
2019-07-10,NVDA,-63,3.942365171086682,1.0,rebalance
2019-07-10,MSFT,1,128.5276747350439,1.0,rebalance
2019-07-10,AAPL,1,48.24619042077581,1.0,rebalance
2019-07-11,AMZN,-1,101.27087013015748,1.0,rebalance
2019-07-11,NVDA,-109,4.040018482413756,1.0,rebalance
2019-07-11,AAPL,1,48.595152974571356,1.0,rebalance
2019-07-11,GLD,2,133.5933598312378,1.0,rebalance
2019-07-12,NVDA,-182,4.149076083357917,1.0,rebalance
2019-07-12,AAPL,4,48.38960382236286,1.0,rebalance
2019-07-12,GLD,3,132.9032883895874,1.0,rebalance
2019-07-12,AMZN,2,100.42353927459716,1.0,rebalance
2019-07-15,AAPL,-1,48.771843434014684,1.0,rebalance
2019-07-15,NVDA,-13,4.175347270975358,1.0,rebalance
2019-07-16,AAPL,-3,48.891321606262274,1.0,rebalance
2019-07-16,NVDA,56,4.131807714656973,1.0,rebalance
2019-07-17,NVDA,-34,4.142879445181167,1.0,rebalance
2019-07-17,MSFT,1,129.0619362335595,1.0,rebalance
2019-07-18,GLD,-2,133.8166188308716,1.0,rebalance
2019-07-18,NVDA,-127,4.216739576512528,1.0,rebalance
2019-07-18,MSFT,4,127.04681465654461,1.0,rebalance
2019-07-18,AMZN,4,99.01040359039307,1.0,rebalance
2019-07-19,MSFT,-4,131.39756044582617,1.0,rebalance
2019-07-19,AAPL,1,49.187929510368214,1.0,rebalance
2019-07-19,AMZN,2,99.57045714874268,1.0,rebalance
2019-07-19,NVDA,21,4.257000230194906,1.0,rebalance
2019-07-22,GLD,-2,134.5465415588379,1.0,rebalance
2019-07-22,MSFT,1,128.7901236266585,1.0,rebalance
2019-07-22,NVDA,26,4.197007035719769,1.0,rebalance
2019-07-23,AAPL,-6,49.81614719064195,1.0,rebalance
2019-07-23,NVDA,-67,4.285395617284023,1.0,rebalance
2019-07-23,GLD,4,134.44343567504882,1.0,rebalance
2019-07-24,NVDA,-174,4.396931310926794,1.0,rebalance
2019-07-24,AAPL,2,49.63727834111565,1.0,rebalance
2019-07-24,AMZN,4,98.4748428375244,1.0,rebalance
2019-07-25,AMZN,-3,100.03999805145264,1.0,rebalance
2019-07-25,GLD,3,134.25342949371338,1.0,rebalance
2019-07-25,NVDA,44,4.387644345839786,1.0,rebalance
2019-07-26,MSFT,-2,131.53812617000628,1.0,rebalance
2019-07-26,AAPL,-1,49.58194784506202,1.0,rebalance
2019-07-26,GLD,-3,134.22658149261474,1.0,rebalance
2019-07-26,AMZN,6,97.10970847396851,1.0,rebalance
2019-07-26,NVDA,43,4.325173793789965,1.0,rebalance
2019-07-29,MSFT,-2,132.59701220703136,1.0,rebalance
2019-07-29,AAPL,-3,49.816143618644176,1.0,rebalance
2019-07-29,NVDA,-5,4.33199272965231,1.0,rebalance
2019-07-29,AMZN,2,96.50965,1.0,rebalance
2019-07-30,AAPL,-3,49.88782804245747,1.0,rebalance
2019-07-30,GLD,-3,134.74651850738525,1.0,rebalance
2019-07-30,MSFT,1,131.34888272094403,1.0,rebalance
2019-07-30,AMZN,5,94.56545535583496,1.0,rebalance
2019-07-30,NVDA,40,4.287491894969974,1.0,rebalance
2019-07-31,AAPL,-17,51.718357435726105,1.0,rebalance
2019-07-31,MSFT,1,131.52695823793238,1.0,rebalance
2019-07-31,GLD,2,135.0435017791748,1.0,rebalance
2019-07-31,AMZN,2,94.91499286956787,1.0,rebalance
2019-07-31,NVDA,7,4.317984380939741,1.0,rebalance
2019-08-01,MSFT,-229,128.38023135021388,1.145,rebalance
2019-08-01,AAPL,-584,51.11615409481289,2.92,rebalance
2019-08-01,NVDA,-6993,4.192201827529268,34.965,rebalance
2019-08-01,AMZN,-318,93.57663993530274,1.59,rebalance
2019-08-01,GLD,257,132.4332401687622,1.285,rebalance
2019-08-02,GLD,-7,135.37646038970948,1.0,rebalance
2019-08-05,GLD,-7,137.91619967651368,1.0,rebalance
2019-08-06,GLD,-438,138.3161688308716,2.19,rebalance
2019-08-06,MSFT,292,125.40656543732383,1.46,rebalance
2019-08-06,AAPL,782,46.92201346124957,3.91,rebalance
2019-08-06,NVDA,9634,3.812756282421201,48.17,rebalance
2019-08-06,AMZN,409,89.62046475143433,2.045,rebalance
2019-08-07,GLD,-5,141.26587077941895,1.0,rebalance
2019-08-07,AMZN,2,88.70837098770141,1.0,rebalance
2019-08-07,NVDA,199,3.716073861724336,1.0,rebalance
2019-08-08,MSFT,-292,128.00531916351335,1.46,rebalance
2019-08-08,AAPL,-782,47.842227974276874,3.91,rebalance
2019-08-08,NVDA,-9833,3.871726713627488,49.165,rebalance
2019-08-08,AMZN,-411,90.29097305145264,2.055,rebalance
2019-08-08,GLD,439,140.91408389587403,2.195,rebalance
2019-08-09,GLD,-249,141.26587077941895,1.245,rebalance
2019-08-09,MSFT,236,129.91485284014402,1.18,rebalance
2019-08-09,AAPL,635,48.29754844959895,3.1750000000000003,rebalance
2019-08-09,NVDA,7911,3.8824167704342205,39.555,rebalance
2019-08-09,AMZN,335,91.45664688644409,1.675,rebalance
2019-08-12,GLD,-5,141.65583116912842,1.0,rebalance
2019-08-12,AMZN,3,89.80847946166992,1.0,rebalance
2019-08-12,NVDA,154,3.770116715082976,1.0,rebalance
2019-08-13,MSFT,-236,127.48993671789951,1.18,rebalance
2019-08-13,AAPL,-635,48.220710723871676,3.1750000000000003,rebalance
2019-08-13,NVDA,-8065,3.752260491321989,40.325,rebalance
2019-08-13,AMZN,-338,89.14108652572632,1.69,rebalance
2019-08-13,GLD,239,143.1843151687622,1.195,rebalance
2019-08-14,GLD,-242,142.88570389709471,1.21,rebalance
2019-08-14,MSFT,237,128.23157333297448,1.185,rebalance
2019-08-14,AAPL,623,48.74379560970966,3.115,rebalance
2019-08-14,NVDA,8041,3.780529386389504,40.205,rebalance
2019-08-14,AMZN,339,89.65946248626709,1.695,rebalance
2019-08-15,GLD,-183,142.9457107131958,1.0,rebalance
2019-08-15,MSFT,53,126.37899107757501,1.0,rebalance
2019-08-15,AAPL,129,48.81578237068463,1.0,rebalance
2019-08-15,AMZN,73,89.10841251373292,1.0,rebalance
2019-08-15,NVDA,1782,3.73912890349775,8.91,rebalance
2019-08-16,MSFT,-290,126.81444969721944,1.45,rebalance
2019-08-16,AAPL,-752,49.00271864209515,3.7600000000000002,rebalance
2019-08-16,NVDA,-9823,3.9495528012661505,49.115,rebalance
2019-08-16,AMZN,-412,89.63553628234864,2.06,rebalance
2019-08-16,GLD,431,142.764275,2.1550000000000002,rebalance
2019-08-19,GLD,-243,141.31586883087158,1.215,rebalance
2019-08-19,MSFT,235,129.63279125984315,1.175,rebalance
2019-08-19,AAPL,603,50.53366483202113,3.015,rebalance
2019-08-19,NVDA,7495,4.0685925258796765,37.475,rebalance
2019-08-19,AMZN,335,90.91308972854614,1.675,rebalance
2019-08-20,NVDA,-231,4.227396331338515,1.155,rebalance
2019-08-20,MSFT,1,129.9712908013337,1.0,rebalance
2019-08-20,AAPL,3,50.59603492014798,1.0,rebalance
2019-08-20,GLD,1,141.7841812728882,1.0,rebalance
2019-08-20,AMZN,3,90.7340709739685,1.0,rebalance
2019-08-21,GLD,-246,141.6058331176758,1.23,rebalance
2019-08-21,MSFT,42,130.29104330910923,1.0,rebalance
2019-08-21,AAPL,361,51.10229556073701,1.805,rebalance
2019-08-21,AMZN,60,90.97859463043213,1.0,rebalance
2019-08-21,NVDA,1315,4.227498476620201,6.575,rebalance
2019-08-22,NVDA,-35,4.253670011466056,1.0,rebalance
2019-08-22,AAPL,2,51.15028289606933,1.0,rebalance
2019-08-23,GLD,-2,141.82581233825684,1.0,rebalance
2019-08-23,AAPL,4,50.24814961416833,1.0,rebalance
2019-08-23,AMZN,2,89.66046203689575,1.0,rebalance
2019-08-23,NVDA,48,4.174696006693289,1.0,rebalance
2019-08-26,MSFT,-41,126.91786173030185,1.0,rebalance
2019-08-26,AAPL,-363,49.38173942551031,1.815,rebalance
2019-08-26,AMZN,-59,88.33666258163453,1.0,rebalance
2019-08-26,NVDA,-1264,4.104709106545168,6.32,rebalance
2019-08-26,GLD,234,144.36444110412597,1.17,rebalance
2019-08-27,MSFT,-1,128.2341346149671,1.0,rebalance
2019-08-27,AAPL,-3,49.86147857158282,1.0,rebalance
2019-08-27,NVDA,-23,4.138912715920724,1.0,rebalance
2019-08-27,GLD,2,144.31443305206298,1.0,rebalance
2019-08-28,GLD,-6,145.37546038970947,1.0,rebalance
2019-08-28,AAPL,4,48.96933799184879,1.0,rebalance
2019-08-28,NVDA,205,3.9847766636400705,1.025,rebalance
2019-08-29,MSFT,-1,129.04274435758694,1.0,rebalance
2019-08-29,AAPL,-5,50.015020313227886,1.0,rebalance
2019-08-29,AMZN,-1,89.14108652572632,1.0,rebalance
2019-08-29,NVDA,-102,4.09115794658221,1.0,rebalance
2019-08-29,GLD,4,145.41453389587403,1.0,rebalance
2019-08-30,MSFT,-2,130.8291181742492,1.0,rebalance
2019-08-30,AAPL,-1,50.41322407345481,1.0,rebalance
2019-08-30,NVDA,-133,4.189404599585621,1.0,rebalance
2019-08-30,GLD,6,143.85438033752442,1.0,rebalance
2019-09-03,GLD,-6,144.9455107131958,1.0,rebalance
2019-09-03,MSFT,1,128.46662929599432,1.0,rebalance
2019-09-03,AAPL,4,49.52835937356803,1.0,rebalance
2019-09-03,NVDA,113,4.084035446368158,1.0,rebalance
2019-09-04,AMZN,-2,90.240975,1.0,rebalance
2019-09-04,NVDA,-27,4.133582518817342,1.0,rebalance
2019-09-04,MSFT,1,129.1155746820324,1.0,rebalance
2019-09-04,GLD,1,145.5545472854614,1.0,rebalance
2019-09-05,AAPL,-4,50.85459648753805,1.0,rebalance
2019-09-05,NVDA,-188,4.288892809786121,1.0,rebalance
2019-09-05,GLD,5,144.9944937271118,1.0,rebalance
2019-09-06,AAPL,-1,51.34634796383727,1.0,rebalance
2019-09-06,NVDA,-190,4.436014937727956,1.0,rebalance
2019-09-06,GLD,6,143.6543633895874,1.0,rebalance
2019-09-09,AAPL,-3,51.53585315382421,1.0,rebalance
2019-09-09,AMZN,-1,92.04079805145264,1.0,rebalance
2019-09-09,NVDA,-50,4.463307340266633,1.0,rebalance
2019-09-09,GLD,3,142.38423211669922,1.0,rebalance
2019-09-10,AAPL,-2,51.3007746626378,1.0,rebalance
2019-09-10,NVDA,-30,4.445443265634556,1.0,rebalance
2019-09-10,MSFT,3,128.64531398295614,1.0,rebalance
2019-09-11,AAPL,-10,52.31067483373739,1.0,rebalance
2019-09-11,NVDA,-149,4.559322376654225,1.0,rebalance
2019-09-11,MSFT,2,127.8084208237656,1.0,rebalance
2019-09-11,GLD,4,140.35403033752442,1.0,rebalance
2019-09-11,AMZN,2,90.61606295852661,1.0,rebalance
2019-09-12,AAPL,-8,53.925058728529,1.0,rebalance
2019-09-12,MSFT,1,129.63275536142646,1.0,rebalance
2019-09-12,AMZN,1,91.89068839416504,1.0,rebalance
2019-09-12,NVDA,17,4.620533772813007,1.0,rebalance
2019-09-13,MSFT,-1,129.54104801702704,1.0,rebalance
2019-09-13,AMZN,-3,92.09129196395874,1.0,rebalance
2019-09-13,AAPL,6,52.784192511997766,1.0,rebalance
2019-09-13,NVDA,111,4.506135751503714,1.0,rebalance
2019-09-16,GLD,-3,141.58584610290526,1.0,rebalance
2019-09-16,AAPL,1,52.239556605212286,1.0,rebalance
2019-09-16,NVDA,47,4.439880138412917,1.0,rebalance
2019-09-17,AAPL,-3,52.76403854385919,1.0,rebalance
2019-09-17,NVDA,-37,4.477696880335255,1.0,rebalance
2019-09-17,AMZN,4,90.36303167648315,1.0,rebalance
2019-09-18,AAPL,-1,53.02791366578793,1.0,rebalance
2019-09-18,NVDA,5,4.486283338436359,1.0,rebalance
2019-09-19,MSFT,-4,131.91034343545778,1.0,rebalance
2019-09-19,AAPL,-1,53.25578276399324,1.0,rebalance
2019-09-19,GLD,2,141.58416432495116,1.0,rebalance
2019-09-19,NVDA,44,4.472139558057354,1.0,rebalance
2019-09-20,MSFT,-2,132.57788164547577,1.0,rebalance
2019-09-20,AMZN,-1,91.07639407424927,1.0,rebalance
2019-09-20,NVDA,113,4.3897549116835055,1.0,rebalance
2019-09-23,GLD,-7,143.20567922058106,1.0,rebalance
2019-09-23,AAPL,1,52.53227335920461,1.0,rebalance
2019-09-23,AMZN,5,88.8588834739685,1.0,rebalance
2019-09-23,NVDA,112,4.2855322465874774,1.0,rebalance
2019-09-24,NVDA,-88,4.369029151646036,1.0,rebalance
2019-09-24,GLD,2,143.22432771453856,1.0,rebalance
2019-09-25,GLD,-5,144.0655938308716,1.0,rebalance
2019-09-25,MSFT,2,129.30363544329484,1.0,rebalance
2019-09-25,AMZN,5,87.3767330154419,1.0,rebalance
2019-09-25,NVDA,71,4.280816071897327,1.0,rebalance
2019-09-26,MSFT,-1,131.10174510079025,1.0,rebalance
2019-09-26,NVDA,-172,4.412198495591898,1.0,rebalance
2019-09-26,GLD,6,142.2042214416504,1.0,rebalance
2019-09-27,MSFT,-2,131.76927872710013,1.0,rebalance
2019-09-27,AAPL,-5,52.90317148089325,1.0,rebalance
2019-09-27,GLD,2,140.364041104126,1.0,rebalance
2019-09-27,NVDA,46,4.358983889694304,1.0,rebalance
2019-09-30,GLD,-248,139.7560272720337,1.24,rebalance
2019-09-30,MSFT,42,129.82081925512176,1.0,rebalance
2019-09-30,AAPL,342,53.000130407880185,1.71,rebalance
2019-09-30,AMZN,64,86.35813751373291,1.0,rebalance
2019-09-30,NVDA,1327,4.288012885492996,6.635,rebalance
2019-10-01,MSFT,-41,131.30859859817002,1.0,rebalance
2019-10-01,AAPL,-352,53.989834477423166,1.76,rebalance
2019-10-01,AMZN,-62,87.29127305145263,1.0,rebalance
2019-10-01,NVDA,-1282,4.341738695156737,6.41,rebalance
2019-10-01,GLD,256,138.08381432495116,1.28,rebalance
2019-10-02,GLD,-256,140.7759142868042,1.28,rebalance
2019-10-02,MSFT,47,128.12816919035177,1.0,rebalance
2019-10-02,AAPL,349,53.51837126687629,1.745,rebalance
2019-10-02,AMZN,65,86.39563973770142,1.0,rebalance
2019-10-02,NVDA,1323,4.29595487960262,6.615,rebalance
2019-10-03,AAPL,-215,52.39703219566493,1.075,rebalance
2019-10-03,MSFT,9,126.90563330482155,1.0,rebalance
2019-10-03,GLD,58,141.3741366104126,1.0,rebalance
2019-10-03,AMZN,13,85.65856652603149,1.0,rebalance
2019-10-03,NVDA,178,4.2984352285771115,1.0,rebalance
2019-10-04,MSFT,-290,128.572643285246,1.45,rebalance
2019-10-04,AAPL,-703,54.12655165859731,3.515,rebalance
2019-10-04,NVDA,-8569,4.500521335724769,42.845,rebalance
2019-10-04,AMZN,-430,86.29237240219116,2.15,rebalance
2019-10-04,GLD,441,141.4941437271118,2.205,rebalance
2019-10-07,GLD,-499,141.14588766174316,2.495,rebalance
2019-10-07,MSFT,282,128.9650852829287,1.41,rebalance
2019-10-07,AAPL,914,54.28854661686297,4.57,rebalance
2019-10-07,NVDA,7945,4.5803342458982526,39.725,rebalance
2019-10-07,AMZN,420,86.59015534210205,2.1,rebalance
2019-10-08,MSFT,-1,128.88286199285804,1.0,rebalance
2019-10-08,AAPL,-2,54.16973750200535,1.0,rebalance
2019-10-08,GLD,-1,142.01579577941894,1.0,rebalance
2019-10-08,NVDA,130,4.4825618081393594,1.0,rebalance
2019-10-09,MSFT,-281,129.24023211922352,1.405,rebalance
2019-10-09,AAPL,-912,54.459999927520755,4.5600000000000005,rebalance
2019-10-09,NVDA,-8075,4.47372728299547,40.375,rebalance
2019-10-09,AMZN,-420,85.97190121765136,2.1,rebalance
2019-10-09,GLD,494,142.1742196624756,2.47,rebalance
2019-10-10,GLD,-494,141.57583733825683,2.47,rebalance
2019-10-10,MSFT,277,130.23460709863588,1.385,rebalance
2019-10-10,AAPL,901,54.68682108962872,4.505,rebalance
2019-10-10,NVDA,8069,4.48206519149992,40.345,rebalance
2019-10-10,AMZN,419,86.27062723770142,2.095,rebalance
2019-10-11,AAPL,-6,55.8800842913819,1.0,rebalance
2019-10-11,NVDA,-139,4.624819651510018,1.0,rebalance
2019-10-11,MSFT,1,131.7674689490222,1.0,rebalance
2019-10-11,GLD,3,139.98399822082519,1.0,rebalance
2019-10-11,AMZN,1,87.15471832351685,1.0,rebalance
2019-10-14,AAPL,-7,56.34785040793754,1.0,rebalance
2019-10-14,MSFT,1,131.36311390510932,1.0,rebalance
2019-10-14,AMZN,4,86.45414778518676,1.0,rebalance
2019-10-14,NVDA,29,4.606635629505078,1.0,rebalance
2019-10-15,NVDA,-127,4.71785664743067,1.0,rebalance
2019-10-15,MSFT,1,131.71103509543426,1.0,rebalance
2019-10-16,MSFT,-41,132.37105716756338,1.0,rebalance
2019-10-16,AAPL,-324,55.98083462686729,1.62,rebalance
2019-10-16,AMZN,-68,88.65762962722778,1.0,rebalance
2019-10-16,NVDA,-1315,4.837936171871847,6.575,rebalance
2019-10-16,GLD,258,140.1540133895874,1.29,rebalance
2019-10-17,AAPL,-2,56.39343027256747,1.0,rebalance
2019-10-17,AMZN,-3,89.8155185874939,1.0,rebalance
2019-10-17,NVDA,-2,4.862747868251545,1.0,rebalance
2019-10-17,GLD,1,140.51405,1.0,rebalance
2019-10-18,AAPL,-1,56.273492558334965,1.0,rebalance
2019-10-18,MSFT,1,131.42886735343762,1.0,rebalance
2019-10-18,NVDA,31,4.821781295335706,1.0,rebalance
2019-10-21,GLD,-258,140.70592922058106,1.29,rebalance
2019-10-21,MSFT,45,130.196974203728,1.0,rebalance
2019-10-21,AAPL,327,56.987731787148554,1.635,rebalance
2019-10-21,AMZN,66,88.49185000915527,1.0,rebalance
2019-10-21,NVDA,1209,4.788282358950733,6.045,rebalance
2019-10-22,MSFT,-41,130.65988833749515,1.0,rebalance
2019-10-22,AAPL,-337,57.84950444084074,1.685,rebalance
2019-10-22,AMZN,-62,89.39856047058106,1.0,rebalance
2019-10-22,NVDA,-1280,4.919809291483386,6.4,rebalance
2019-10-22,GLD,261,140.1440178833008,1.305,rebalance
2019-10-23,GLD,-260,140.57593733825684,1.3,rebalance
2019-10-23,MSFT,45,128.7206434149572,1.0,rebalance
2019-10-23,AAPL,323,58.08661953752124,1.615,rebalance
2019-10-23,AMZN,65,88.07380894165038,1.0,rebalance
2019-10-23,NVDA,1330,4.772152115205069,6.65,rebalance
2019-10-24,MSFT,-45,131.05476472484042,1.0,rebalance
2019-10-24,AAPL,-329,58.653099081179526,1.645,rebalance
2019-10-24,AMZN,-61,88.5456413154602,1.0,rebalance
2019-10-24,NVDA,-1258,4.8813545621155345,6.29,rebalance
2019-10-24,GLD,259,141.03410627288818,1.295,rebalance
2019-10-25,GLD,-4,142.7757142868042,1.0,rebalance
2019-10-25,NVDA,-119,4.964467271694651,1.0,rebalance
2019-10-25,AAPL,2,58.340925143106624,1.0,rebalance
2019-10-25,AMZN,14,84.8859901916504,1.0,rebalance
2019-10-28,MSFT,-5,135.76520566076528,1.0,rebalance
2019-10-28,AAPL,-1,59.351157722676305,1.0,rebalance
2019-10-28,AMZN,-4,87.3942595779419,1.0,rebalance
2019-10-28,NVDA,-99,5.118288175776756,1.0,rebalance
2019-10-28,GLD,9,141.264125,1.0,rebalance
2019-10-29,AAPL,-3,59.72296810030166,1.0,rebalance
2019-10-29,AMZN,-5,88.73162735366822,1.0,rebalance
2019-10-29,GLD,3,140.014,1.0,rebalance
2019-10-29,NVDA,5,5.117577577621567,1.0,rebalance
2019-10-30,GLD,-2,140.5259392868042,1.0,rebalance
2019-10-30,AAPL,6,58.72480938124541,1.0,rebalance
2019-10-30,NVDA,36,5.0622382743977,1.0,rebalance
2019-10-31,AAPL,-2,59.30796768434473,1.0,rebalance
2019-10-31,GLD,-2,141.9657977279663,1.0,rebalance
2019-10-31,NVDA,95,5.0165793789231055,1.0,rebalance
2019-11-01,AAPL,-5,59.85969215483177,1.0,rebalance
2019-11-01,AMZN,-3,89.39155738677978,1.0,rebalance
2019-11-01,NVDA,85,4.953052473322237,1.0,rebalance
2019-11-04,AAPL,-10,61.728365389672064,1.0,rebalance
2019-11-04,NVDA,-124,5.107124398457468,1.0,rebalance
2019-11-04,MSFT,2,136.1966845747783,1.0,rebalance
2019-11-04,GLD,3,142.2742205062866,1.0,rebalance
2019-11-04,AMZN,1,90.05950401229859,1.0,rebalance
2019-11-05,NVDA,-134,5.222242124423592,1.0,rebalance
2019-11-05,GLD,5,140.66405889587404,1.0,rebalance
2019-11-06,NVDA,30,5.177378330976908,1.0,rebalance
2019-11-07,AAPL,-4,62.25293262292064,1.0,rebalance
2019-11-07,NVDA,-53,5.23762453097681,1.0,rebalance
2019-11-07,MSFT,1,135.26569734861909,1.0,rebalance
2019-11-07,GLD,1,140.1240116104126,1.0,rebalance
2019-11-08,MSFT,-1,135.37027074532213,1.0,rebalance
2019-11-08,AAPL,-4,62.24091714555306,1.0,rebalance
2019-11-08,GLD,4,137.7437687271118,1.0,rebalance
2019-11-08,NVDA,49,5.15306080431944,1.0,rebalance
2019-11-11,MSFT,-2,136.64892911595695,1.0,rebalance
2019-11-11,AMZN,2,88.9088915260315,1.0,rebalance
2019-11-12,MSFT,-1,137.53274064707134,1.0,rebalance
2019-11-12,AAPL,-5,62.92901945622407,1.0,rebalance
2019-11-12,NVDA,-41,5.203138561565994,1.0,rebalance
2019-11-12,GLD,3,137.0437017791748,1.0,rebalance
2019-11-12,AMZN,2,88.74187500915528,1.0,rebalance
2019-11-13,MSFT,-1,137.96525543293473,1.0,rebalance
2019-11-13,GLD,-1,137.78622305145265,1.0,rebalance
2019-11-13,AAPL,1,62.84053444522821,1.0,rebalance
2019-11-13,NVDA,44,5.170182567133457,1.0,rebalance
2019-11-14,AAPL,-4,63.458336770352766,1.0,rebalance
2019-11-14,GLD,-1,138.37616038970947,1.0,rebalance
2019-11-14,NVDA,-7,5.183539934218727,1.0,rebalance
2019-11-14,AMZN,5,87.58025983581543,1.0,rebalance
2019-11-15,MSFT,-2,140.0243001946552,1.0,rebalance
2019-11-15,NVDA,-6,5.202642045662659,1.0,rebalance
2019-11-15,AAPL,1,63.454190871615516,1.0,rebalance
2019-11-15,GLD,1,138.0438017791748,1.0,rebalance
2019-11-18,MSFT,-3,141.09617028662043,1.0,rebalance
2019-11-18,AAPL,-5,63.95157052979563,1.0,rebalance
2019-11-18,GLD,-1,138.4261584411621,1.0,rebalance
2019-11-18,AMZN,3,86.9236924156189,1.0,rebalance
2019-11-18,NVDA,159,5.0595076843148865,1.0,rebalance
2019-11-19,NVDA,-164,5.235640030578414,1.0,rebalance
2019-11-19,GLD,3,138.14381788330078,1.0,rebalance
2019-11-20,GLD,-2,138.51614577941893,1.0,rebalance
2019-11-20,AAPL,2,63.90177224055554,1.0,rebalance
2019-11-20,NVDA,92,5.138420746246885,1.0,rebalance
2019-11-21,NVDA,-118,5.23489544937084,1.0,rebalance
2019-11-21,MSFT,1,140.9723363703282,1.0,rebalance
2019-11-21,AAPL,3,63.45657833090322,1.0,rebalance
2019-11-21,AMZN,1,87.1587165260315,1.0,rebalance
2019-11-22,NVDA,-4,5.237126306152056,1.0,rebalance
2019-11-22,AAPL,2,63.19188920125603,1.0,rebalance
2019-11-25,AMZN,-1,87.65373222427368,1.0,rebalance
2019-11-25,NVDA,-126,5.359937061838052,1.0,rebalance
2019-11-25,AAPL,2,63.22075098247014,1.0,rebalance
2019-11-25,GLD,4,137.33373932495118,1.0,rebalance
2019-11-26,AAPL,-3,64.22586122277146,1.0,rebalance
2019-11-26,AMZN,-2,88.9871025970459,1.0,rebalance
2019-11-26,NVDA,-71,5.470589989825483,1.0,rebalance
2019-11-26,GLD,5,136.9936937271118,1.0,rebalance
2019-11-27,MSFT,-1,143.70832959877353,1.0,rebalance
2019-11-27,AMZN,-4,90.04099805145263,1.0,rebalance
2019-11-27,AAPL,2,63.911429429928255,1.0,rebalance
2019-11-27,NVDA,51,5.43027593509763,1.0,rebalance
2019-11-29,AMZN,-3,90.87991103897095,1.0,rebalance
2019-11-29,NVDA,52,5.388805722065935,1.0,rebalance
2019-12-02,AAPL,-2,64.30525024698713,1.0,rebalance
2019-12-02,AMZN,1,90.2290232208252,1.0,rebalance
2019-12-02,NVDA,9,5.375395597626228,1.0,rebalance
2019-12-03,GLD,-14,139.0260892868042,1.0,rebalance
2019-12-03,MSFT,2,139.170097769632,1.0,rebalance
2019-12-03,AAPL,5,62.161904345331564,1.0,rebalance
2019-12-03,AMZN,2,88.0088,1.0,rebalance
2019-12-03,NVDA,309,5.0130790161465795,1.545,rebalance
2019-12-04,MSFT,-234,141.64225423024905,1.17,rebalance
2019-12-04,AAPL,-523,62.81354089871397,2.615,rebalance
2019-12-04,NVDA,-6497,5.239254057365181,32.485,rebalance
2019-12-04,AMZN,-370,88.69163043823242,1.85,rebalance
2019-12-04,GLD,275,139.17391966247558,1.375,rebalance
2019-12-05,GLD,-270,138.78612305145265,1.35,rebalance
2019-12-05,MSFT,232,141.58569942387984,1.16,rebalance
2019-12-05,AAPL,519,63.48066052086136,2.595,rebalance
2019-12-05,NVDA,6309,5.222422263220037,31.545,rebalance
2019-12-05,AMZN,373,88.18382055206298,1.865,rebalance
2019-12-06,AAPL,-6,64.35580148892676,1.0,rebalance
2019-12-06,NVDA,-31,5.251668113936471,1.0,rebalance
2019-12-06,GLD,3,137.7737705062866,1.0,rebalance
2019-12-06,AMZN,3,87.56875355834961,1.0,rebalance
2019-12-09,AAPL,-4,64.96210120329026,1.0,rebalance
2019-12-09,AMZN,1,87.54175043106079,1.0,rebalance
2019-12-09,NVDA,16,5.246013482526582,1.0,rebalance
2019-12-10,NVDA,-52,5.2978486348416824,1.0,rebalance
2019-12-10,AAPL,2,64.63818116435569,1.0,rebalance
2019-12-10,AMZN,1,87.3787397468567,1.0,rebalance
2019-12-11,NVDA,-27,5.323173178744919,1.0,rebalance
2019-12-11,AMZN,1,87.09221207351685,1.0,rebalance
2019-12-12,GLD,-2,139.76602077941894,1.0,rebalance
2019-12-12,NVDA,-22,5.367367424150977,1.0,rebalance
2019-12-12,AAPL,4,64.44084788360462,1.0,rebalance
2019-12-13,AAPL,-1,65.31336521066123,1.0,rebalance
2019-12-13,NVDA,-172,5.56624295968274,1.0,rebalance
2019-12-13,GLD,6,138.5338562728882,1.0,rebalance
2019-12-16,MSFT,-1,146.3309813036373,1.0,rebalance
2019-12-16,AAPL,-7,66.64627809383879,1.0,rebalance
2019-12-16,GLD,2,139.213916947937,1.0,rebalance
2019-12-16,AMZN,3,88.3588334739685,1.0,rebalance
2019-12-16,NVDA,2,5.609818972651742,1.0,rebalance
2019-12-17,AAPL,-3,67.2646523174201,1.0,rebalance
2019-12-17,AMZN,-1,88.89160738677978,1.0,rebalance
2019-12-17,GLD,1,139.03390627288817,1.0,rebalance
2019-12-17,NVDA,14,5.609819807958216,1.0,rebalance
2019-12-18,AMZN,-2,89.74202435073853,1.0,rebalance
2019-12-18,NVDA,-82,5.70279789805001,1.0,rebalance
2019-12-18,MSFT,2,145.59595134474438,1.0,rebalance
2019-12-18,GLD,2,138.8738866104126,1.0,rebalance
2019-12-19,NVDA,-34,5.732841200093328,1.0,rebalance
2019-12-19,AMZN,2,89.0339040260315,1.0,rebalance
2019-12-20,MSFT,-1,148.44421742798949,1.0,rebalance
2019-12-20,NVDA,-110,5.9123474037891475,1.0,rebalance
2019-12-20,AAPL,1,67.91823246314945,1.0,rebalance
2019-12-20,GLD,3,139.3839321166992,1.0,rebalance
2019-12-23,MSFT,-1,149.17062614822478,1.0,rebalance
2019-12-23,NVDA,-54,5.971688760951899,1.0,rebalance
2019-12-23,AAPL,4,67.50911690429409,1.0,rebalance
2019-12-23,AMZN,3,89.42194331436157,1.0,rebalance
2019-12-24,AAPL,-5,68.49652075981993,1.0,rebalance
2019-12-24,GLD,-1,140.42595844116212,1.0,rebalance
2019-12-24,NVDA,69,5.915268659785991,1.0,rebalance
2019-12-26,GLD,-3,142.0457915588379,1.0,rebalance
2019-12-26,MSFT,1,148.67202233470292,1.0,rebalance
2019-12-26,AAPL,1,68.54148343115685,1.0,rebalance
2019-12-26,NVDA,11,5.929175839005134,1.0,rebalance
2019-12-27,AAPL,-4,70.04357688010917,1.0,rebalance
2019-12-27,AMZN,-11,94.13658912277222,1.0,rebalance
2019-12-27,MSFT,1,150.4554054997564,1.0,rebalance
2019-12-27,GLD,4,142.2742205062866,1.0,rebalance
2019-12-27,NVDA,54,5.95500258466806,1.0,rebalance
2019-12-30,GLD,-1,142.5457415588379,1.0,rebalance
2019-12-30,NVDA,71,5.860386840610605,1.0,rebalance
2019-12-31,AAPL,-3,69.75726319070881,1.0,rebalance
2019-12-31,GLD,-5,143.2956665588379,1.0,rebalance
2019-12-31,MSFT,1,147.92663834399298,1.0,rebalance
2019-12-31,AMZN,3,92.10920847396851,1.0,rebalance
2019-12-31,NVDA,91,5.733987042999849,1.0,rebalance
2020-01-02,AAPL,-3,71.27543192773436,1.0,rebalance
2020-01-02,NVDA,-112,5.9277417850322385,1.0,rebalance
2020-01-02,MSFT,1,149.82321804084785,1.0,rebalance
2020-01-02,GLD,3,143.87438661041259,1.0,rebalance
2020-01-03,AAPL,-2,71.4943840042761,1.0,rebalance
2020-01-03,GLD,-4,145.735425,1.0,rebalance
2020-01-03,AMZN,1,93.23432097396851,1.0,rebalance
2020-01-03,NVDA,92,5.838285264066591,1.0,rebalance
2020-01-06,GLD,-8,148.42515844116213,1.0,rebalance
2020-01-06,MSFT,2,148.21908979117654,1.0,rebalance
2020-01-06,AAPL,5,70.70011235780734,1.0,rebalance
2020-01-06,AMZN,1,93.0093,1.0,rebalance
2020-01-06,NVDA,71,5.769249681921956,1.0,rebalance
2020-01-07,AAPL,-4,72.14160522475633,1.0,rebalance
2020-01-07,AMZN,-3,95.21547597427369,1.0,rebalance
2020-01-07,NVDA,-81,5.914085753828912,1.0,rebalance
2020-01-07,GLD,6,147.58476432495118,1.0,rebalance
2020-01-08,GLD,-1,148.47515649261476,1.0,rebalance
2020-01-08,NVDA,-37,5.952818194628174,1.0,rebalance
2020-01-08,AAPL,4,71.51109587726323,1.0,rebalance
2020-01-09,MSFT,-1,152.68006992177897,1.0,rebalance
2020-01-09,AAPL,-12,73.92205823311959,1.0,rebalance
2020-01-09,NVDA,-56,6.054364929252638,1.0,rebalance
2020-01-09,GLD,9,146.08461432495116,1.0,rebalance
2020-01-10,MSFT,-1,153.60463978231547,1.0,rebalance
2020-01-10,AAPL,-3,74.7304578612036,1.0,rebalance
2020-01-10,NVDA,-55,6.140767807703853,1.0,rebalance
2020-01-10,GLD,1,146.2346232208252,1.0,rebalance
2020-01-10,AMZN,3,95.27802813186645,1.0,rebalance
2020-01-13,AAPL,-2,74.98070295428197,1.0,rebalance
2020-01-13,NVDA,-15,6.148961054623359,1.0,rebalance
2020-01-13,MSFT,1,152.6351300050568,1.0,rebalance
2020-01-13,AMZN,3,94.57495490188599,1.0,rebalance
2020-01-14,MSFT,-1,154.1423318792645,1.0,rebalance
2020-01-14,AAPL,-6,76.19814348111069,1.0,rebalance
2020-01-14,TSLA,-3796,36.28037199668884,18.98,rebalance
2020-01-14,NVDA,-40,6.213513309343711,1.0,rebalance
2020-01-14,GLD,4,145.4345401687622,1.0,rebalance
2020-01-14,AMZN,2,94.30342811813354,1.0,rebalance
2020-01-15,TSLA,-149,35.313801488113405,1.0,rebalance
2020-01-15,MSFT,3,153.44661306945258,1.0,rebalance
2020-01-15,AAPL,12,75.04622503307795,1.0,rebalance
2020-01-15,GLD,2,146.22462771453857,1.0,rebalance
2020-01-15,AMZN,7,93.62186430206299,1.0,rebalance
2020-01-15,NVDA,124,6.153419604422772,1.0,rebalance
2020-01-16,TSLA,-475,32.9133762714386,2.375,rebalance
2020-01-16,MSFT,8,155.0790370169035,1.0,rebalance
2020-01-16,AAPL,19,75.46495570377645,1.0,rebalance
2020-01-16,GLD,19,146.2846312728882,1.0,rebalance
2020-01-16,AMZN,15,94.15891293563843,1.0,rebalance
2020-01-16,NVDA,265,6.1516807231825705,1.325,rebalance
2020-01-17,MSFT,-6,157.94419608567443,1.0,rebalance
2020-01-17,AAPL,-9,76.09467749751587,1.0,rebalance
2020-01-17,GLD,-4,146.49534350738526,1.0,rebalance
2020-01-17,AMZN,-4,94.28507280807496,1.0,rebalance
2020-01-17,NVDA,-114,6.199610049141307,1.0,rebalance
2020-01-17,TSLA,166,33.84405179138184,1.0,rebalance
2020-01-21,MSFT,-7,157.24612187869548,1.0,rebalance
2020-01-21,AAPL,-17,76.31603022710316,1.0,rebalance
2020-01-21,GLD,-12,145.7554272720337,1.0,rebalance
2020-01-21,AMZN,-8,93.240675,1.0,rebalance
2020-01-21,NVDA,-146,6.152685504769629,1.0,rebalance
2020-01-21,TSLA,309,35.353533473968504,1.545,rebalance
2020-01-22,MSFT,-10,157.92541101674345,1.0,rebalance
2020-01-22,AAPL,-21,76.6504810718348,1.0,rebalance
2020-01-22,GLD,-20,146.66532467651368,1.0,rebalance
2020-01-22,AMZN,-22,94.7950163154602,1.0,rebalance
2020-01-22,NVDA,-284,6.201101138193606,1.42,rebalance
2020-01-22,TSLA,3945,38.129812050628665,19.725,rebalance
2020-01-23,GLD,-1,146.9853,1.0,rebalance
2020-01-23,NVDA,-48,6.249763443507962,1.0,rebalance
2020-01-23,AMZN,1,94.26492634353637,1.0,rebalance
2020-01-24,NVDA,-91,6.393271438656313,1.0,rebalance
2020-01-24,GLD,2,146.91468389587402,1.0,rebalance
2020-01-24,AMZN,1,94.57795355377198,1.0,rebalance
2020-01-27,GLD,-16,149.22508149261475,1.0,rebalance
2020-01-27,MSFT,3,152.05952336840178,1.0,rebalance
2020-01-27,AAPL,2,74.61546988414494,1.0,rebalance
2020-01-27,AMZN,5,91.0091,1.0,rebalance
2020-01-27,NVDA,299,5.916262349112262,1.495,rebalance
2020-01-28,MSFT,-226,154.51030665034935,1.1300000000000001,rebalance
2020-01-28,AAPL,-461,75.21164041076771,2.305,rebalance
2020-01-28,NVDA,-5825,6.029537213145989,29.125,rebalance
2020-01-28,AMZN,-378,92.01579902572632,1.8900000000000001,rebalance
2020-01-28,INTC,-2253,58.65324939037667,11.265,rebalance
2020-01-28,GLD,272,148.3748366104126,1.36,rebalance
2020-01-29,GLD,-5,147.68522694854735,1.0,rebalance
2020-01-29,INTC,64,59.661828472362856,1.0,rebalance
2020-01-30,INTC,-112,57.89471677311918,1.0,rebalance
2020-01-30,GLD,9,148.7048714416504,1.0,rebalance
2020-01-31,GLD,-269,148.86511688232423,1.345,rebalance
2020-01-31,MSFT,215,162.49563142149088,1.075,rebalance
2020-01-31,AAPL,452,77.2313191055844,2.2600000000000002,rebalance
2020-01-31,AMZN,340,102.58375893707276,1.7,rebalance
2020-01-31,NVDA,5768,6.058556414729295,28.84,rebalance
2020-01-31,INTC,7,58.047454066225,1.0,rebalance
2020-02-03,MSFT,-214,160.78386486169373,1.07,rebalance
2020-02-03,AAPL,-452,73.21467742477688,2.2600000000000002,rebalance
2020-02-03,NVDA,-5767,5.852015166639711,28.835,rebalance
2020-02-03,AMZN,-340,100.51994577941895,1.7,rebalance
2020-02-03,INTC,-31,56.853954597070036,1.0,rebalance
2020-02-03,GLD,264,148.67486966247557,1.32,rebalance
2020-02-04,MSFT,-1,167.11405754113645,1.0,rebalance
2020-02-04,TSLA,-2207,58.85811201324463,11.035,rebalance
2020-02-04,GLD,-3,146.95530422058107,1.0,rebalance
2020-02-04,NVDA,-1,6.108490627594328,1.0,rebalance
2020-02-04,INTC,2325,58.02097756462011,11.625,rebalance
2020-02-05,GLD,-249,146.36536688232422,1.245,rebalance
2020-02-05,MSFT,203,173.64888372065158,1.0150000000000001,rebalance
2020-02-05,TSLA,2207,54.889487270736694,11.035,rebalance
2020-02-05,AAPL,455,77.85460370459707,2.275,rebalance
2020-02-05,NVDA,5660,6.257718827497145,28.3,rebalance
2020-02-05,AMZN,342,103.56135760269164,1.71,rebalance
2020-02-06,GLD,-4,147.26527077941896,1.0,rebalance
2020-02-06,NVDA,-24,6.2601924219571625,1.0,rebalance
2020-02-06,MSFT,3,170.7614772601979,1.0,rebalance
2020-02-06,AMZN,3,102.06120760269165,1.0,rebalance
2020-02-07,AMZN,1,102.10971251373292,1.0,rebalance
2020-02-07,NVDA,6,6.273859419316728,1.0,rebalance
2020-02-10,MSFT,-1,173.1896143077379,1.0,rebalance
2020-02-10,GLD,-1,148.1951857131958,1.0,rebalance
2020-02-10,AMZN,-6,104.24007848968506,1.0,rebalance
2020-02-10,AAPL,12,75.78636501743242,1.0,rebalance
2020-02-10,NVDA,6,6.270383730889523,1.0,rebalance
2020-02-11,MSFT,-3,179.85946905191523,1.0,rebalance
2020-02-11,AAPL,-2,78.04306334961844,1.0,rebalance
2020-02-11,AMZN,-2,107.53424366912841,1.0,rebalance
2020-02-11,NVDA,-180,6.637083681650504,1.0,rebalance
2020-02-11,GLD,10,148.0448017791748,1.0,rebalance
2020-02-12,AMZN,-3,108.14918766174317,1.0,rebalance
2020-02-12,NVDA,-76,6.703873205050394,1.0,rebalance
2020-02-12,MSFT,4,175.11143254263985,1.0,rebalance
2020-02-12,AAPL,1,77.54487497768889,1.0,rebalance
2020-02-13,AAPL,-3,78.18534725092813,1.0,rebalance
2020-02-13,GLD,-2,148.22518149261475,1.0,rebalance
2020-02-13,NVDA,-7,6.70883716005324,1.0,rebalance
2020-02-13,MSFT,3,172.75247171168493,1.0,rebalance
2020-02-13,AMZN,1,107.26022140960693,1.0,rebalance
2020-02-14,NVDA,-258,7.132159845258816,1.29,rebalance
2020-02-14,MSFT,2,172.91286556266772,1.0,rebalance
2020-02-14,AAPL,3,78.33364108012248,1.0,rebalance
2020-02-14,GLD,3,148.7548794937134,1.0,rebalance
2020-02-14,AMZN,3,107.79477498168946,1.0,rebalance
2020-02-18,MSFT,-2,175.10469490013995,1.0,rebalance
2020-02-18,GLD,-4,149.86501688232423,1.0,rebalance
2020-02-18,AAPL,12,76.07102679315993,1.0,rebalance
2020-02-18,AMZN,3,106.26162455062867,1.0,rebalance
2020-02-18,NVDA,9,7.093355505421821,1.0,rebalance
2020-02-19,NVDA,-178,7.485465353571205,1.0,rebalance
2020-02-19,AAPL,2,77.19027112495024,1.0,rebalance
2020-02-19,GLD,4,151.0151,1.0,rebalance
2020-02-20,NVDA,-138,7.765527925306416,1.0,rebalance
2020-02-20,MSFT,2,176.88598113103552,1.0,rebalance
2020-02-20,GLD,1,152.0152,1.0,rebalance
2020-02-20,AMZN,2,108.66436876831055,1.0,rebalance
2020-02-21,GLD,-9,154.41454967651367,1.0,rebalance
2020-02-21,MSFT,3,173.3094813107024,1.0,rebalance
2020-02-21,AAPL,3,76.8573863832404,1.0,rebalance
2020-02-21,AMZN,2,107.1182089187622,1.0,rebalance
2020-02-21,NVDA,98,7.5540134709169,1.0,rebalance
2020-02-24,GLD,-29,158.48415,1.0,rebalance
2020-02-24,MSFT,9,158.73847727562566,1.0,rebalance
2020-02-24,AAPL,12,71.7049517581804,1.0,rebalance
2020-02-24,AMZN,8,100.16901248168945,1.0,rebalance
2020-02-24,NVDA,373,6.709682917584346,1.865,rebalance
2020-02-25,GLD,-186,155.10448311767578,1.0,rebalance
2020-02-25,NVDA,-1070,6.860040796878177,5.3500000000000005,rebalance
2020-02-25,MSFT,40,164.82231957837143,1.0,rebalance
2020-02-25,AAPL,103,72.59504786654762,1.0,rebalance
2020-02-25,AMZN,74,101.33113124542236,1.0,rebalance
2020-02-26,MSFT,-73,160.5419381918641,1.0,rebalance
2020-02-26,GLD,-198,153.80462532348633,1.0,rebalance
2020-02-26,AAPL,1,69.1166718478445,1.0,rebalance
2020-02-26,AMZN,34,98.52385133895874,1.0,rebalance
2020-02-26,NVDA,2781,6.507788259329342,13.905000000000001,rebalance
2020-02-27,MSFT,99,154.52804355878757,1.0,rebalance
2020-02-27,AAPL,300,67.80684808831887,1.5,rebalance
2020-02-27,NVDA,62,6.333768973123187,1.0,rebalance
2020-02-28,MSFT,-191,144.17654476781055,1.0,rebalance
2020-02-28,AMZN,-153,90.7224255683899,1.0,rebalance
2020-02-28,NVDA,-4737,6.023455308981395,23.685,rebalance
2020-02-28,AAPL,24,62.05616043365049,1.0,rebalance
2020-03-02,AAPL,-39,68.07784787352058,1.0,rebalance
2020-03-02,MSFT,184,156.4109277776401,1.0,rebalance
2020-03-02,AMZN,153,95.33403348770142,1.0,rebalance
2020-03-02,NVDA,4087,6.880425722342849,20.435,rebalance
2020-03-03,MSFT,-282,164.41099307463261,1.41,rebalance
2020-03-03,AAPL,-884,73.23651686396742,4.42,rebalance
2020-03-03,NVDA,-6414,6.923022756502531,32.07,rebalance
2020-03-03,AMZN,-462,98.7586244316101,2.31,rebalance
2020-03-03,GLD,664,150.8550803375244,3.3200000000000003,rebalance
2020-03-04,GLD,-664,154.38455389709472,3.3200000000000003,rebalance
2020-03-04,MSFT,291,159.4197247000351,1.455,rebalance
2020-03-04,AAPL,884,71.50713743663418,4.42,rebalance
2020-03-04,NVDA,6910,6.7139450506042,34.550000000000004,rebalance
2020-03-04,AMZN,476,97.33823169021606,2.38,rebalance
2020-03-05,MSFT,-291,157.07966588589684,1.455,rebalance
2020-03-05,AAPL,-884,71.2709679867359,4.42,rebalance
2020-03-05,NVDA,-6910,6.869113305622921,34.550000000000004,rebalance
2020-03-05,AMZN,-476,96.64033652572633,2.38,rebalance
2020-03-05,GLD,648,156.0756035583496,3.24,rebalance
2020-03-06,GLD,-5,158.31416883087158,1.0,rebalance
2020-03-09,GLD,-643,158.58414610290527,3.215,rebalance
2020-03-09,MSFT,326,142.8712343908114,1.6300000000000001,rebalance
2020-03-09,AAPL,1000,63.62168547021484,5.0,rebalance
2020-03-09,NVDA,7830,5.9610491550863545,39.15,rebalance
2020-03-09,AMZN,526,88.70187009353637,2.63,rebalance
2020-03-10,AMZN,-2,93.5346443183899,1.0,rebalance
2020-03-10,NVDA,-146,6.373246471606635,1.0,rebalance
2020-03-10,MSFT,1,149.64582724176205,1.0,rebalance
2020-03-11,AAPL,-5,66.89853016835606,1.0,rebalance
2020-03-11,MSFT,1,148.67128951395927,1.0,rebalance
2020-03-11,AMZN,1,92.90179108123779,1.0,rebalance
2020-03-11,NVDA,5,6.347684669052268,1.0,rebalance
2020-03-12,AMZN,-1,86.09038912353516,1.0,rebalance
2020-03-12,NVDA,356,5.602243677943077,1.78,rebalance
2020-03-13,MSFT,-108,139.53177918626454,1.0,rebalance
2020-03-13,AAPL,-339,63.883875179935885,1.695,rebalance
2020-03-13,AMZN,-174,87.741225,1.0,rebalance
2020-03-13,NVDA,-2685,5.726331556259486,13.425,rebalance
2020-03-16,MSFT,-220,132.43689490331425,1.1,rebalance
2020-03-16,AAPL,-656,58.351414926005766,3.2800000000000002,rebalance
2020-03-16,NVDA,-5360,5.276920476278487,26.8,rebalance
2020-03-16,AMZN,-350,82.06729293823243,1.75,rebalance
2020-03-16,GLD,698,137.5737535583496,3.49,rebalance
2020-03-17,GLD,-698,140.16597467651368,3.49,rebalance
2020-03-17,MSFT,335,132.463418936555,1.675,rebalance
2020-03-17,AAPL,1014,59.70426195739339,5.07,rebalance
2020-03-17,NVDA,8899,4.992223314849121,44.495,rebalance
2020-03-17,AMZN,500,88.78237588500977,2.5,rebalance
2020-03-18,NVDA,-105,4.971102832035634,1.0,rebalance
2020-03-18,AAPL,16,57.83722146619384,1.0,rebalance
2020-03-19,MSFT,-1,135.05726252944066,1.0,rebalance
2020-03-19,AMZN,-15,92.9907,1.0,rebalance
2020-03-19,NVDA,187,5.0183120471303075,1.0,rebalance
2020-03-20,AMZN,-3,96.30586680221558,1.0,rebalance
2020-03-20,NVDA,-456,5.440635034871996,2.2800000000000002,rebalance
2020-03-20,MSFT,1,138.14046871907274,1.0,rebalance
2020-03-20,AAPL,30,59.62466655845959,1.0,rebalance
2020-03-23,AMZN,-3,91.37835819854736,1.0,rebalance
2020-03-23,MSFT,2,129.63437323207611,1.0,rebalance
2020-03-23,AAPL,23,55.01736141818116,1.0,rebalance
2020-03-23,NVDA,28,5.11149376286971,1.0,rebalance
2020-03-24,AAPL,-345,57.00326988388993,1.725,rebalance
2020-03-24,AMZN,-5,97.56523944854736,1.0,rebalance
2020-03-24,NVDA,-426,5.689066570555981,2.13,rebalance
2020-03-24,MSFT,2,136.0115234901935,1.0,rebalance
2020-03-25,MSFT,-236,140.8656113117894,1.18,rebalance
2020-03-25,AAPL,-413,60.473714578886835,2.065,rebalance
2020-03-25,AMZN,-324,96.0248966720581,1.62,rebalance
2020-03-25,NVDA,-5843,6.305175998248052,29.215,rebalance
2020-03-25,GLD,686,152.5952598312378,3.43,rebalance
2020-03-26,GLD,-3,153.2946665588379,1.0,rebalance
2020-03-26,NVDA,-2,6.308653631898267,1.0,rebalance
2020-03-26,AAPL,5,59.46547486309338,1.0,rebalance
2020-03-26,AMZN,1,95.1095084739685,1.0,rebalance
2020-03-27,MSFT,-2,143.55213946245536,1.0,rebalance
2020-03-27,AAPL,-7,60.956064614007666,1.0,rebalance
2020-03-27,AMZN,-1,96.53334496765137,1.0,rebalance
2020-03-27,GLD,2,153.0153,1.0,rebalance
2020-03-27,NVDA,40,6.212013141407562,1.0,rebalance
2020-03-30,MSFT,-1,144.204925575516,1.0,rebalance
2020-03-30,NVDA,-50,6.343930960020026,1.0,rebalance
2020-03-30,AAPL,1,60.483402768337534,1.0,rebalance
2020-03-30,GLD,2,152.4252446624756,1.0,rebalance
2020-03-31,GLD,-478,151.34486461029053,2.39,rebalance
2020-03-31,MSFT,172,150.8190549502691,1.0,rebalance
2020-03-31,AAPL,584,61.65573322852037,2.92,rebalance
2020-03-31,AMZN,268,98.2273205291748,1.34,rebalance
2020-03-31,NVDA,3913,6.639401620163713,19.565,rebalance
2020-04-01,GLD,-1,148.18517694854737,1.0,rebalance
2020-04-01,AMZN,-5,96.63883368530274,1.0,rebalance
2020-04-01,MSFT,3,144.76359879347126,1.0,rebalance
2020-04-01,AAPL,6,59.46063846210065,1.0,rebalance
2020-04-01,NVDA,92,6.352406494696394,1.0,rebalance
2020-04-02,GLD,-208,151.18487694854736,1.04,rebalance
2020-04-02,MSFT,46,143.6849483786541,1.0,rebalance
2020-04-02,AAPL,172,57.97472209584152,1.0,rebalance
2020-04-02,AMZN,72,95.09150893249512,1.0,rebalance
2020-04-02,NVDA,1336,6.068890766207543,6.68,rebalance
2020-04-03,MSFT,-48,146.72120555646111,1.0,rebalance
2020-04-03,AAPL,-156,58.556402694624296,1.0,rebalance
2020-04-03,AMZN,-67,95.54794699630737,1.0,rebalance
2020-04-03,NVDA,-1287,6.3091516797212055,6.4350000000000005,rebalance
2020-04-03,GLD,201,152.24521872711182,1.0050000000000001,rebalance
2020-04-06,GLD,-201,154.14458766174317,1.0050000000000001,rebalance
2020-04-06,MSFT,42,151.68953285176002,1.0,rebalance
2020-04-06,AAPL,147,60.52199764111319,1.0,rebalance
2020-04-06,AMZN,76,96.809683052063,1.0,rebalance
2020-04-06,NVDA,1217,6.3422169784172215,6.085,rebalance
2020-04-07,MSFT,-46,160.42839012303182,1.0,rebalance
2020-04-07,AAPL,-176,65.30920121571039,1.0,rebalance
2020-04-07,AMZN,-66,100.84541371765137,1.0,rebalance
2020-04-07,NVDA,-1283,6.888987112115016,6.415,rebalance
2020-04-07,GLD,213,155.34553483123779,1.065,rebalance
2020-04-08,GLD,-4,155.89441266174316,1.0,rebalance
2020-04-08,AMZN,-9,101.03989805145264,1.0,rebalance
2020-04-08,AAPL,9,63.37804064220025,1.0,rebalance
2020-04-08,NVDA,202,6.545227493748008,1.01,rebalance
2020-04-09,AAPL,-6,64.80274312725446,1.0,rebalance
2020-04-09,NVDA,-104,6.757317863786593,1.0,rebalance
2020-04-09,MSFT,3,157.4043693085863,1.0,rebalance
2020-04-09,AMZN,1,102.22521783752441,1.0,rebalance
2020-04-13,AAPL,-7,64.70869175522495,1.0,rebalance
2020-04-13,GLD,-3,159.15408116912843,1.0,rebalance
2020-04-13,AMZN,-2,101.9898,1.0,rebalance
2020-04-13,MSFT,1,155.50260325604677,1.0,rebalance
2020-04-13,NVDA,217,6.4741618334956295,1.085,rebalance
2020-04-14,AAPL,-1,67.52797469268197,1.0,rebalance
2020-04-14,AMZN,-14,110.01249618530274,1.0,rebalance
2020-04-14,NVDA,-84,6.831848936605295,1.0,rebalance
2020-04-14,MSFT,4,159.9022596961173,1.0,rebalance
2020-04-14,GLD,3,162.7462687271118,1.0,rebalance
2020-04-15,AMZN,-7,112.87271428527832,1.0,rebalance
2020-04-15,GLD,4,161.816183052063,1.0,rebalance
2020-04-15,NVDA,9,6.887880898657396,1.0,rebalance
2020-04-16,AMZN,-7,117.28827305145263,1.0,rebalance
2020-04-16,NVDA,-94,7.131954165359746,1.0,rebalance
2020-04-16,AAPL,2,69.32169527770793,1.0,rebalance
2020-04-16,GLD,4,161.89619288330078,1.0,rebalance
2020-04-17,MSFT,-5,169.80305976526157,1.0,rebalance
2020-04-17,AMZN,-1,118.60463920440674,1.0,rebalance
2020-04-17,NVDA,-174,7.403240092398771,1.0,rebalance
2020-04-17,AAPL,18,68.67280493972416,1.0,rebalance
2020-04-17,GLD,5,159.7359732208252,1.0,rebalance
2020-04-20,GLD,-1,158.6041331176758,1.0,rebalance
2020-04-20,AMZN,-8,119.4855478088379,1.0,rebalance
2020-04-20,AAPL,8,67.04698623016752,1.0,rebalance
2020-04-20,NVDA,139,7.137356341579081,1.0,rebalance
2020-04-21,AMZN,-7,120.81841469192506,1.0,rebalance
2020-04-21,MSFT,3,164.16001258797763,1.0,rebalance
2020-04-21,NVDA,69,7.014854189600465,1.0,rebalance
2020-04-22,GLD,-6,160.48395,1.0,rebalance
2020-04-22,MSFT,1,162.1636269918461,1.0,rebalance
2020-04-22,AAPL,1,66.00009562195572,1.0,rebalance
2020-04-22,AMZN,4,118.46184194793702,1.0,rebalance
2020-04-22,NVDA,62,6.888626266203243,1.0,rebalance
2020-04-23,NVDA,-143,7.150834962385426,1.0,rebalance
2020-04-23,AAPL,6,66.54524042655522,1.0,rebalance
2020-04-24,AAPL,-5,66.85269473104533,1.0,rebalance
2020-04-24,AMZN,-2,120.83791347427368,1.0,rebalance
2020-04-24,MSFT,2,162.79756034711104,1.0,rebalance
2020-04-24,NVDA,84,7.046907274259402,1.0,rebalance
2020-04-27,MSFT,-1,167.05025180810398,1.0,rebalance
2020-04-27,NVDA,-146,7.328461094671991,1.0,rebalance
2020-04-27,GLD,4,161.89619288330078,1.0,rebalance
2020-04-27,AMZN,1,122.17221966247558,1.0,rebalance
2020-04-28,AAPL,-10,68.75312476624991,1.0,rebalance
2020-04-28,NVDA,-163,7.527455084493911,1.0,rebalance
2020-04-28,GLD,2,160.9060883895874,1.0,rebalance
2020-04-28,AMZN,12,118.61686385726928,1.0,rebalance
2020-04-29,AAPL,-8,68.6687084598018,1.0,rebalance
2020-04-29,GLD,-1,160.08399610290527,1.0,rebalance
2020-04-29,MSFT,1,163.8950641092621,1.0,rebalance
2020-04-29,AMZN,3,116.51215359039307,1.0,rebalance
2020-04-29,NVDA,65,7.3741572608289045,1.0,rebalance
2020-04-30,MSFT,-4,170.27604654351956,1.0,rebalance
2020-04-30,AMZN,-7,120.9798975654602,1.0,rebalance
2020-04-30,GLD,3,160.2360232208252,1.0,rebalance
2020-04-30,NVDA,121,7.362231334011197,1.0,rebalance
2020-05-01,AAPL,-9,69.03529677293868,1.0,rebalance
2020-05-01,GLD,-1,157.98420000000002,1.0,rebalance
2020-05-01,AMZN,4,116.85168033752441,1.0,rebalance
2020-05-01,NVDA,119,7.065543715718905,1.0,rebalance
2020-05-04,AAPL,-13,69.73952764503281,1.0,rebalance
2020-05-04,GLD,-4,160.31396883087157,1.0,rebalance
2020-05-04,AMZN,12,112.83028214416504,1.0,rebalance
2020-05-04,NVDA,47,6.97932236924401,1.0,rebalance
2020-05-05,MSFT,-2,170.86256265087638,1.0,rebalance
2020-05-05,AMZN,-3,116.9883,1.0,rebalance
2020-05-05,NVDA,-156,7.340386471043096,1.0,rebalance
2020-05-05,AAPL,4,71.17423922525133,1.0,rebalance
2020-05-05,GLD,5,160.1760196624756,1.0,rebalance
2020-05-06,AAPL,-11,72.46235904887668,1.0,rebalance
2020-05-06,NVDA,-1,7.376658135429778,1.0,rebalance
2020-05-06,GLD,3,159.0059044937134,1.0,rebalance
2020-05-06,AMZN,2,116.48364732208252,1.0,rebalance
2020-05-07,AMZN,-2,118.72712451324463,1.0,rebalance
2020-05-07,NVDA,-61,7.536894703531857,1.0,rebalance
2020-05-07,AAPL,1,73.1426062012733,1.0,rebalance
2020-05-07,GLD,2,159.51595,1.0,rebalance
2020-05-08,AAPL,-2,73.91114405567087,1.0,rebalance
2020-05-08,NVDA,-46,7.6454600348006165,1.0,rebalance
2020-05-08,AMZN,3,118.6188629585266,1.0,rebalance
2020-05-11,MSFT,-24,173.25590742875832,1.0,rebalance
2020-05-11,AAPL,-303,74.50603729594742,1.5150000000000001,rebalance
2020-05-11,AMZN,-40,118.72312711029053,1.0,rebalance
2020-05-11,NVDA,-700,7.758497659466218,3.5,rebalance
2020-05-11,GLD,230,160.3560303375244,1.1500000000000001,rebalance
2020-05-12,MSFT,-1,176.70871196927772,1.0,rebalance
2020-05-12,AAPL,-8,76.85899432304275,1.0,rebalance
2020-05-12,NVDA,-126,8.072512400739384,1.0,rebalance
2020-05-12,GLD,7,160.31603305206298,1.0,rebalance
2020-05-13,GLD,-6,160.9239084411621,1.0,rebalance
2020-05-13,MSFT,2,172.72281028482985,1.0,rebalance
2020-05-13,AAPL,2,75.50052250519484,1.0,rebalance
2020-05-13,AMZN,2,118.35183033752442,1.0,rebalance
2020-05-13,NVDA,72,7.869379006539125,1.0,rebalance
2020-05-14,GLD,-232,161.51384577941894,1.16,rebalance
2020-05-14,MSFT,33,167.9825287770688,1.0,rebalance
2020-05-14,AAPL,309,73.65262274715252,1.545,rebalance
2020-05-14,AMZN,39,118.06230401229858,1.0,rebalance
2020-05-14,NVDA,621,7.794091436653424,3.105,rebalance
2020-05-15,MSFT,-29,169.38683998894155,1.0,rebalance
2020-05-15,AAPL,-289,72.63190947378712,1.445,rebalance
2020-05-15,AMZN,-41,118.41415990219116,1.0,rebalance
2020-05-15,NVDA,-641,7.840230072873358,3.205,rebalance
2020-05-15,GLD,219,164.03640627288817,1.095,rebalance
2020-05-18,MSFT,-1,175.71541770241475,1.0,rebalance
2020-05-18,AAPL,-6,75.73210716101786,1.0,rebalance
2020-05-18,NVDA,-380,8.705513645661915,1.9000000000000001,rebalance
2020-05-18,GLD,14,164.3464348312378,1.0,rebalance
2020-05-18,AMZN,5,120.2295205291748,1.0,rebalance
2020-05-19,AAPL,-3,76.18189262442253,1.0,rebalance
2020-05-19,AMZN,-2,121.47935170440674,1.0,rebalance
2020-05-19,NVDA,-11,8.735076665510604,1.0,rebalance
2020-05-19,GLD,2,163.61636610412597,1.0,rebalance
2020-05-20,AMZN,-4,123.8811119316101,1.0,rebalance
2020-05-20,NVDA,-66,8.934566521597214,1.0,rebalance
2020-05-20,MSFT,2,175.34816507655057,1.0,rebalance
2020-05-20,AAPL,2,76.59620228563016,1.0,rebalance
2020-05-20,GLD,2,164.55644728546142,1.0,rebalance
2020-05-21,AAPL,-2,77.05969980178651,1.0,rebalance
2020-05-21,AMZN,-2,124.9875,1.0,rebalance
2020-05-21,NVDA,-23,8.994688434709868,1.0,rebalance
2020-05-21,GLD,4,163.47635271453856,1.0,rebalance
2020-05-22,AAPL,-1,76.36083675087418,1.0,rebalance
2020-05-22,GLD,-2,162.8637168823242,1.0,rebalance
2020-05-22,AMZN,2,122.76277859039307,1.0,rebalance
2020-05-22,NVDA,70,8.771613651575786,1.0,rebalance
2020-05-26,AAPL,-7,78.230118616924,1.0,rebalance
2020-05-26,NVDA,-122,9.099277796847371,1.0,rebalance
2020-05-26,GLD,5,162.5962598312378,1.0,rebalance
2020-05-26,AMZN,3,122.9122915260315,1.0,rebalance
2020-05-27,AAPL,-2,76.45031475389935,1.0,rebalance
2020-05-27,GLD,-2,159.4040561691284,1.0,rebalance
2020-05-27,NVDA,163,8.57257910671839,1.0,rebalance
2020-05-28,AAPL,-1,76.60263957876926,1.0,rebalance
2020-05-28,GLD,-8,162.1037831176758,1.0,rebalance
2020-05-28,AMZN,2,119.22842097854614,1.0,rebalance
2020-05-28,NVDA,129,8.361121010553937,1.0,rebalance
2020-05-29,AMZN,-1,120.78491737060547,1.0,rebalance
2020-05-29,NVDA,-42,8.500808399364582,1.0,rebalance
2020-05-29,GLD,2,162.5962598312378,1.0,rebalance
2020-06-01,AMZN,-2,122.38776152572632,1.0,rebalance
2020-06-01,NVDA,-129,8.777807808333328,1.0,rebalance
2020-06-01,MSFT,1,173.1943786379296,1.0,rebalance
2020-06-01,AAPL,6,76.85501019779379,1.0,rebalance
2020-06-01,GLD,2,162.9362901687622,1.0,rebalance
2020-06-02,AAPL,-2,77.56511317062825,1.0,rebalance
2020-06-02,AMZN,-1,123.33766347427368,1.0,rebalance
2020-06-02,NVDA,46,8.742787832380357,1.0,rebalance
2020-06-03,MSFT,-2,175.32261774204017,1.0,rebalance
2020-06-03,AAPL,-8,78.51066067919893,1.0,rebalance
2020-06-03,AMZN,-1,123.38815738677978,1.0,rebalance
2020-06-03,NVDA,-29,8.766879052078904,1.0,rebalance
2020-06-03,GLD,8,160.3560303375244,1.0,rebalance
2020-06-04,GLD,-1,161.12388538970947,1.0,rebalance
2020-06-04,AMZN,-2,123.85911095809936,1.0,rebalance
2020-06-04,NVDA,50,8.678912186712676,1.0,rebalance
2020-06-05,AAPL,-2,78.19386159521392,1.0,rebalance
2020-06-05,NVDA,-72,8.743289296500024,1.0,rebalance
2020-06-05,GLD,3,158.7358732208252,1.0,rebalance
2020-06-05,AMZN,1,122.23772456436157,1.0,rebalance
2020-06-08,AAPL,-5,79.86244830945908,1.0,rebalance
2020-06-08,AMZN,-3,124.99750113601685,1.0,rebalance
2020-06-08,GLD,5,158.91588389587403,1.0,rebalance
2020-06-08,NVDA,10,8.827324795355164,1.0,rebalance
2020-06-09,MSFT,-1,178.33915484009506,1.0,rebalance
2020-06-09,GLD,-3,161.08389610290527,1.0,rebalance
2020-06-09,AMZN,-1,126.4593529220581,1.0,rebalance
2020-06-09,NVDA,79,8.75050908589848,1.0,rebalance
2020-06-10,AAPL,-11,84.1306554983429,1.0,rebalance
2020-06-10,AMZN,-7,132.236775,1.0,rebalance
2020-06-10,NVDA,-79,9.114363273295101,1.0,rebalance
2020-06-10,MSFT,1,181.34459711642455,1.0,rebalance
2020-06-10,GLD,8,162.11621610412598,1.0,rebalance
2020-06-11,MSFT,-1,183.20553961748521,1.0,rebalance
2020-06-11,AAPL,-2,84.47161741873522,1.0,rebalance
2020-06-11,GLD,-1,163.33367110290527,1.0,rebalance
2020-06-11,AMZN,5,130.188020552063,1.0,rebalance
2020-06-11,NVDA,16,9.098538281243254,1.0,rebalance
2020-06-12,MSFT,-252,180.74867528361528,1.26,rebalance
2020-06-12,AAPL,-545,83.36163339312023,2.725,rebalance
2020-06-12,NVDA,-5058,9.109145475739222,25.29,rebalance
2020-06-12,AMZN,-353,130.04749504852296,1.7650000000000001,rebalance
2020-06-12,GLD,317,163.42634466247557,1.585,rebalance
2020-06-15,GLD,8,160.53605627288817,1.0,rebalance
2020-06-16,GLD,-647,161.83382110290526,3.235,rebalance
2020-06-16,MSFT,293,183.0144978642831,1.465,rebalance
2020-06-16,AAPL,862,85.00854143560586,4.3100000000000005,rebalance
2020-06-16,NVDA,5863,9.173117171350535,29.315,rebalance
2020-06-16,AMZN,410,131.0131,2.05,rebalance
2020-06-17,MSFT,-45,185.00790160355547,1.0,rebalance
2020-06-17,AAPL,-328,85.88386935774227,1.6400000000000001,rebalance
2020-06-17,AMZN,-63,132.3617625,1.0,rebalance
2020-06-17,NVDA,-805,9.060684649037105,4.025,rebalance
2020-06-17,GLD,322,162.0162,1.61,rebalance
2020-06-18,NVDA,-64,9.173272136581314,1.0,rebalance
2020-06-18,AAPL,5,84.99644367195374,1.0,rebalance
2020-06-19,MSFT,-2,188.3849744524478,1.0,rebalance
2020-06-19,AMZN,-1,133.890616557312,1.0,rebalance
2020-06-19,GLD,2,162.88628211669922,1.0,rebalance
2020-06-19,NVDA,33,9.190518499527055,1.0,rebalance
2020-06-22,GLD,-5,165.0434915588379,1.0,rebalance
2020-06-22,AMZN,-1,134.21158360290528,1.0,rebalance
2020-06-22,NVDA,-24,9.245847915184862,1.0,rebalance
2020-06-22,MSFT,3,185.76598207087133,1.0,rebalance
2020-06-22,AAPL,5,84.9795234978272,1.0,rebalance
2020-06-23,GLD,-318,165.61344188232422,1.59,rebalance
2020-06-23,MSFT,40,191.743445382183,1.0,rebalance
2020-06-23,AAPL,315,88.04161103035646,1.575,rebalance
2020-06-23,AMZN,62,136.31462497253418,1.0,rebalance
2020-06-23,NVDA,843,9.497283557378502,4.215,rebalance
2020-06-24,MSFT,-42,191.24034593063584,1.0,rebalance
2020-06-24,AAPL,-323,88.265829637437,1.615,rebalance
2020-06-24,AMZN,-67,138.9861,1.0,rebalance
2020-06-24,NVDA,-833,9.421072217240118,4.165,rebalance
2020-06-24,GLD,324,166.0265955062866,1.62,rebalance
2020-06-25,GLD,-325,165.87341038970948,1.625,rebalance
2020-06-25,MSFT,46,187.67314129284145,1.0,rebalance
2020-06-25,AAPL,325,87.24343693194399,1.625,rebalance
2020-06-25,AMZN,62,136.9911910354614,1.0,rebalance
2020-06-25,NVDA,914,9.303132168684188,4.57,rebalance
2020-06-26,AMZN,-1,138.73913068084718,1.0,rebalance
2020-06-26,NVDA,-36,9.444680166099758,1.0,rebalance
2020-06-26,GLD,1,164.88648211669923,1.0,rebalance
2020-06-29,MSFT,-44,185.71939619500364,1.0,rebalance
2020-06-29,AAPL,-320,85.42440086907784,1.6,rebalance
2020-06-29,AMZN,-57,134.48705348968505,1.0,rebalance
2020-06-29,NVDA,-830,9.116357347564609,4.15,rebalance
2020-06-29,GLD,311,166.57665355834962,1.555,rebalance
2020-06-30,GLD,-314,166.2933665588379,1.57,rebalance
2020-06-30,MSFT,42,187.74906110006276,1.0,rebalance
2020-06-30,AAPL,316,87.09350177212251,1.58,rebalance
2020-06-30,AMZN,63,134.26691961212157,1.0,rebalance
2020-06-30,NVDA,849,9.261613762171404,4.245,rebalance
2020-07-01,MSFT,-17,192.70118589320674,1.0,rebalance
2020-07-01,AAPL,-44,88.29485660266533,1.0,rebalance
2020-07-01,AMZN,-25,137.88571566467286,1.0,rebalance
2020-07-01,NVDA,-351,9.465308100551336,1.7550000000000001,rebalance
2020-07-01,GLD,82,167.06670805206298,1.0,rebalance
2020-07-02,AMZN,-15,145.58593433532715,1.0,rebalance
2020-07-02,AAPL,5,88.9728321565387,1.0,rebalance
2020-07-02,GLD,5,166.216616947937,1.0,rebalance
2020-07-02,NVDA,15,9.584789657149033,1.0,rebalance
2020-07-06,MSFT,-2,198.09877940535216,1.0,rebalance
2020-07-06,NVDA,-11,9.685023787294508,1.0,rebalance
2020-07-06,AAPL,3,89.49284684733055,1.0,rebalance
2020-07-07,MSFT,-25,199.6355476661475,1.0,rebalance
2020-07-07,AAPL,-279,90.78322438380752,1.395,rebalance
2020-07-07,TSLA,-1999,93.65796877670289,9.995000000000001,rebalance
2020-07-07,AMZN,-45,152.91221274261474,1.0,rebalance
2020-07-07,NVDA,-591,9.88833227584963,2.955,rebalance
2020-07-07,GLD,256,167.42674466247558,1.28,rebalance
2020-07-08,TSLA,-7,93.65729745712281,1.0,rebalance
2020-07-08,GLD,-254,170.30297532348632,1.27,rebalance
2020-07-08,MSFT,28,199.3149537319041,1.0,rebalance
2020-07-08,AAPL,280,91.11825886398273,1.4000000000000001,rebalance
2020-07-08,AMZN,41,151.1456062133789,1.0,rebalance
2020-07-08,NVDA,555,9.937542717441303,2.775,rebalance
2020-07-09,MSFT,-28,205.21336930049827,1.0,rebalance
2020-07-09,AAPL,-278,93.11441654227237,1.3900000000000001,rebalance
2020-07-09,TSLA,-65,93.12335427474976,1.0,rebalance
2020-07-09,AMZN,-37,155.7839195617676,1.0,rebalance
2020-07-09,NVDA,-620,10.31980561170602,3.1,rebalance
2020-07-09,GLD,260,170.49704372711182,1.3,rebalance
2020-07-10,TSLA,-7,93.05735898284912,1.0,rebalance
2020-07-10,GLD,-252,169.93300194854737,1.26,rebalance
2020-07-10,MSFT,31,202.68320093794873,1.0,rebalance
2020-07-10,AAPL,291,92.2356947966563,1.455,rebalance
2020-07-10,AMZN,28,159.6039562362671,1.0,rebalance
2020-07-10,NVDA,462,10.529195559386594,2.31,rebalance
2020-07-13,MSFT,-54,203.4584788607201,1.0,rebalance
2020-07-13,AAPL,-351,94.0841473086421,1.7550000000000001,rebalance
2020-07-13,AMZN,-74,162.53673847503663,1.0,rebalance
2020-07-13,NVDA,-1048,10.533302152359344,5.24,rebalance
2020-07-13,TSLA,2078,110.6110584739685,10.39,rebalance
2020-07-13,GLD,201,170.30702228546141,1.0050000000000001,rebalance
2020-07-14,AAPL,-1,91.7384307381521,1.0,rebalance
2020-07-14,GLD,-9,168.95310422058105,1.0,rebalance
2020-07-14,MSFT,2,195.57661686725328,1.0,rebalance
2020-07-14,AMZN,6,154.46544194793702,1.0,rebalance
2020-07-14,NVDA,95,10.018335263922973,1.0,rebalance
2020-07-15,AAPL,-13,95.7527275852062,1.0,rebalance
2020-07-15,NVDA,-77,10.353608068083593,1.0,rebalance
2020-07-15,GLD,5,169.63695711669922,1.0,rebalance
2020-07-15,AMZN,5,154.02690627746583,1.0,rebalance
2020-07-16,GLD,-8,169.78302305145263,1.0,rebalance
2020-07-16,AAPL,2,93.42329742947064,1.0,rebalance
2020-07-16,AMZN,5,148.5678490737915,1.0,rebalance
2020-07-16,NVDA,89,9.958672386908765,1.0,rebalance
2020-07-17,AMZN,-1,150.43495194854736,1.0,rebalance
2020-07-17,NVDA,-66,10.165959245070352,1.0,rebalance
2020-07-17,MSFT,2,194.0016404785478,1.0,rebalance
2020-07-17,GLD,1,169.95699644165038,1.0,rebalance
2020-07-20,GLD,-1,170.74291850738527,1.0,rebalance
2020-07-20,NVDA,-16,10.214424305314926,1.0,rebalance
2020-07-20,AAPL,3,93.28299485019406,1.0,rebalance
2020-07-21,MSFT,-2,202.6806126197205,1.0,rebalance
2020-07-21,AMZN,-12,161.60833401031493,1.0,rebalance
2020-07-21,AAPL,1,95.94844600559972,1.0,rebalance
2020-07-21,GLD,8,172.54725177917481,1.0,rebalance
2020-07-21,NVDA,27,10.453870506573024,1.0,rebalance
2020-07-22,GLD,-9,174.03259805145265,1.0,rebalance
2020-07-22,MSFT,1,198.48943411477427,1.0,rebalance
2020-07-22,AAPL,6,93.54906343344362,1.0,rebalance
2020-07-22,AMZN,5,156.265625,1.0,rebalance
2020-07-22,NVDA,6,10.309191234749612,1.0,rebalance
2020-07-23,GLD,-4,176.15238116912843,1.0,rebalance
2020-07-23,NVDA,-24,10.389150164006079,1.0,rebalance
2020-07-23,MSFT,3,196.58235391091918,1.0,rebalance
2020-07-23,AMZN,4,154.92898927459717,1.0,rebalance
2020-07-24,GLD,-19,179.12208538970947,1.0,rebalance
2020-07-24,MSFT,1,190.1590001469257,1.0,rebalance
2020-07-24,AAPL,17,88.02952036190207,1.0,rebalance
2020-07-24,AMZN,8,146.51465,1.0,rebalance
2020-07-24,NVDA,126,9.819461864013263,1.0,rebalance
2020-07-27,AAPL,-2,90.64539279583487,1.0,rebalance
2020-07-27,AMZN,-6,153.08469610290527,1.0,rebalance
2020-07-27,NVDA,-59,10.172671267922045,1.0,rebalance
2020-07-27,MSFT,4,191.1552581067957,1.0,rebalance
2020-07-27,GLD,2,181.86819110412597,1.0,rebalance
2020-07-28,MSFT,-1,193.14708431273823,1.0,rebalance
2020-07-28,AAPL,-1,91.28138096368869,1.0,rebalance
2020-07-28,NVDA,-39,10.313838585854553,1.0,rebalance
2020-07-28,GLD,1,182.03820627288817,1.0,rebalance
2020-07-28,AMZN,1,152.72877232666016,1.0,rebalance
2020-07-29,GLD,-3,183.99159350738526,1.0,rebalance
2020-07-29,NVDA,-7,10.33024435820138,1.0,rebalance
2020-07-29,MSFT,1,192.13250671804352,1.0,rebalance
2020-07-29,AAPL,2,90.70221653867523,1.0,rebalance
2020-07-29,AMZN,3,151.56465446166993,1.0,rebalance
2020-07-30,AAPL,-3,91.10725432440778,1.0,rebalance
2020-07-30,NVDA,-4,10.314589162723571,1.0,rebalance
2020-07-30,MSFT,1,190.70930519435686,1.0,rebalance
2020-07-30,AMZN,1,150.715066947937,1.0,rebalance
2020-07-31,AAPL,-26,99.52033599796381,1.0,rebalance
2020-07-31,AMZN,-11,162.18377694854738,1.0,rebalance
2020-07-31,MSFT,4,193.9352167284567,1.0,rebalance
2020-07-31,GLD,11,184.52844550628663,1.0,rebalance
2020-07-31,NVDA,66,10.503840808284442,1.0,rebalance
2020-08-03,MSFT,-4,200.65053741785044,1.0,rebalance
2020-08-03,AAPL,-17,104.66153683455723,1.0,rebalance
2020-08-03,NVDA,-9,10.670002054709544,1.0,rebalance
2020-08-03,GLD,4,185.06850805206298,1.0,rebalance
2020-08-03,AMZN,9,159.0413999862671,1.0,rebalance
2020-08-04,MSFT,-2,203.16437178899443,1.0,rebalance
2020-08-04,AAPL,-2,105.56352246793787,1.0,rebalance
2020-08-04,NVDA,-106,10.98565366542661,1.0,rebalance
2020-08-04,GLD,1,185.6285616104126,1.0,rebalance
2020-08-04,AMZN,9,155.07600714874266,1.0,rebalance
2020-08-05,GLD,-7,191.63082889709472,1.0,rebalance
2020-08-05,NVDA,-13,11.178525256856686,1.0,rebalance
2020-08-05,MSFT,2,203.89765359961712,1.0,rebalance
2020-08-05,AAPL,5,105.821673757901,1.0,rebalance
2020-08-06,GLD,-1,193.72063149261476,1.0,rebalance
2020-08-06,AMZN,-2,159.702030519104,1.0,rebalance
2020-08-06,NVDA,-12,11.283658199690718,1.0,rebalance
2020-08-06,MSFT,4,201.4687022326132,1.0,rebalance
2020-08-07,AAPL,-10,109.70026748699532,1.0,rebalance
2020-08-07,AMZN,-1,161.1843804382324,1.0,rebalance
2020-08-07,GLD,3,192.72927771453857,1.0,rebalance
2020-08-07,NVDA,37,11.248876792121312,1.0,rebalance
2020-08-10,AAPL,-1,109.11400944405077,1.0,rebalance
2020-08-10,NVDA,-40,11.268251952495117,1.0,rebalance
2020-08-10,MSFT,1,200.83301895113803,1.0,rebalance
2020-08-10,AMZN,2,158.53135447998048,1.0,rebalance
2020-08-11,AAPL,-7,108.50351311153014,1.0,rebalance
2020-08-11,GLD,9,183.58836432495116,1.0,rebalance
2020-08-11,NVDA,6,11.011471478244351,1.0,rebalance
2020-08-12,AMZN,-2,155.38445389709472,1.0,rebalance
2020-08-12,AAPL,2,107.09800073438902,1.0,rebalance
2020-08-12,NVDA,5,10.92893748814884,1.0,rebalance
2020-08-13,AAPL,-6,110.88736440772306,1.0,rebalance
2020-08-13,AMZN,-1,159.13359066467285,1.0,rebalance
2020-08-13,NVDA,-129,11.478766512455012,1.0,rebalance
2020-08-13,GLD,10,181.5781535583496,1.0,rebalance
2020-08-14,AAPL,-1,111.2749622312663,1.0,rebalance
2020-08-14,GLD,-2,183.42165844116212,1.0,rebalance
2020-08-14,MSFT,1,198.0719690510368,1.0,rebalance
2020-08-14,NVDA,15,11.465153831107228,1.0,rebalance
2020-08-17,AAPL,-1,112.46930666158214,1.0,rebalance
2020-08-17,NVDA,-79,11.782240551267584,1.0,rebalance
2020-08-17,MSFT,1,198.8689724507003,1.0,rebalance
2020-08-17,AMZN,3,158.67187145996093,1.0,rebalance
2020-08-18,GLD,-4,189.16107467651366,1.0,rebalance
2020-08-18,NVDA,-140,12.377504548312995,1.0,rebalance
2020-08-18,MSFT,3,199.75132808177506,1.0,rebalance
2020-08-18,AAPL,12,110.83440587136684,1.0,rebalance
2020-08-18,AMZN,1,160.61606610412596,1.0,rebalance
2020-08-19,AAPL,-4,112.39178683696585,1.0,rebalance
2020-08-19,AMZN,-7,165.1339823867798,1.0,rebalance
2020-08-19,GLD,5,187.22872771453856,1.0,rebalance
2020-08-19,NVDA,61,12.227343325067025,1.0,rebalance
2020-08-20,MSFT,-2,199.25280056896307,1.0,rebalance
2020-08-20,AAPL,-6,112.16648646851345,1.0,rebalance
2020-08-20,GLD,7,181.20812144165038,1.0,rebalance
2020-08-20,NVDA,38,11.907652593253841,1.0,rebalance
2020-08-21,MSFT,-2,203.36069820058864,1.0,rebalance
2020-08-21,AAPL,-7,115.57024187044019,1.0,rebalance
2020-08-21,NVDA,-17,12.130699290548783,1.0,rebalance
2020-08-21,GLD,4,182.1582133895874,1.0,rebalance
2020-08-24,AAPL,-22,124.71314981782533,1.0,rebalance
2020-08-24,NVDA,-123,12.808724853982694,1.0,rebalance
2020-08-24,MSFT,4,204.28590973283661,1.0,rebalance
2020-08-24,GLD,10,182.9282946624756,1.0,rebalance
2020-08-24,AMZN,5,165.52405807495117,1.0,rebalance
2020-08-25,GLD,-1,181.0418915588379,1.0,rebalance
2020-08-25,AMZN,-2,164.73302151031496,1.0,rebalance
2020-08-25,AAPL,7,120.86115821686535,1.0,rebalance
2020-08-25,NVDA,27,12.559711978690485,1.0,rebalance
2020-08-26,MSFT,-3,207.18334484551113,1.0,rebalance
2020-08-26,AMZN,-2,167.53874066619872,1.0,rebalance
2020-08-26,NVDA,-16,12.72471908624718,1.0,rebalance
2020-08-26,GLD,6,180.27802050628662,1.0,rebalance
2020-08-27,MSFT,-2,211.94737573286278,1.0,rebalance
2020-08-27,GLD,-4,184.9815,1.0,rebalance
2020-08-27,AMZN,-4,172.48525219116212,1.0,rebalance
2020-08-27,AAPL,2,123.23093215405102,1.0,rebalance
2020-08-27,NVDA,69,12.709616511999902,1.0,rebalance
2020-08-28,MSFT,-6,216.97764731674496,1.0,rebalance
2020-08-28,AAPL,3,122.13567563184452,1.0,rebalance
2020-08-28,GLD,1,183.99839372711182,1.0,rebalance
2020-08-28,AMZN,1,171.167108895874,1.0,rebalance
2020-08-28,NVDA,27,12.603712816465757,1.0,rebalance
2020-08-31,AAPL,-1,123.63025874624991,1.0,rebalance
2020-08-31,NVDA,-124,13.105986040942772,1.0,rebalance
2020-08-31,MSFT,2,215.8987776390574,1.0,rebalance
2020-08-31,GLD,2,184.80847228546142,1.0,rebalance
2020-08-31,AMZN,4,170.46653835754395,1.0,rebalance
2020-09-01,AAPL,-9,128.649869662914,1.0,rebalance
2020-09-01,AMZN,-2,174.46155600585936,1.0,rebalance
2020-09-01,CRM,-746,265.896862515625,3.73,rebalance
2020-09-01,NVDA,-26,13.405516001593146,1.0,rebalance
2020-09-01,MSFT,6,214.48163222470612,1.0,rebalance
2020-09-01,GLD,1,187.00870449371337,1.0,rebalance
2020-09-02,MSFT,-4,216.77800571643746,1.0,rebalance
2020-09-02,AAPL,-18,133.33035874521954,1.0,rebalance
2020-09-02,AMZN,-7,177.33227110290528,1.0,rebalance
2020-09-02,NVDA,-353,14.622502238468979,1.7650000000000001,rebalance
2020-09-02,GLD,5,183.768375,1.0,rebalance
2020-09-02,CRM,37,278.187705168747,1.0,rebalance
2020-09-03,MSFT,-1,218.01419065410659,1.0,rebalance
2020-09-03,CRM,-34,265.48480153003635,1.0,rebalance
2020-09-03,AAPL,33,123.00559847582429,1.0,rebalance
2020-09-03,GLD,5,182.318233052063,1.0,rebalance
2020-09-03,AMZN,5,174.267425,1.0,rebalance
2020-09-03,NVDA,230,13.755087843688269,1.1500000000000001,rebalance
2020-09-04,MSFT,-238,204.53983838654491,1.19,rebalance
2020-09-04,CRM,-4,258.0279049242162,1.0,rebalance
2020-09-04,AAPL,-421,116.35272977399906,2.105,rebalance
2020-09-04,NVDA,-3766,12.713111239715799,18.830000000000002,rebalance
2020-09-04,AMZN,-297,165.88340389709472,1.485,rebalance
2020-09-04,GLD,312,180.968091947937,1.56,rebalance
2020-09-08,CRM,-108,236.0399061717243,1.0,rebalance
2020-09-08,GLD,44,179.51794999999998,1.0,rebalance
2020-09-09,GLD,-18,182.48175,1.0,rebalance
2020-09-09,CRM,855,241.80845684207318,4.275,rebalance
2020-09-10,GLD,-333,184.2115727279663,1.665,rebalance
2020-09-10,MSFT,260,202.96388313202658,1.3,rebalance
2020-09-10,AAPL,453,116.65710179792022,2.265,rebalance
2020-09-10,NVDA,4091,12.920058974800142,20.455000000000002,rebalance
2020-09-10,AMZN,319,165.37752853088378,1.595,rebalance
2020-09-11,GLD,-9,183.12168538970948,1.0,rebalance
2020-09-11,MSFT,1,197.06710622836906,1.0,rebalance
2020-09-11,AAPL,11,111.04522922281335,1.0,rebalance
2020-09-11,AMZN,2,160.45053746795654,1.0,rebalance
2020-09-11,NVDA,60,12.41899364893607,1.0,rebalance
2020-09-14,NVDA,-171,13.008720469706098,1.0,rebalance
2020-09-14,MSFT,5,194.2519074294685,1.0,rebalance
2020-09-14,AAPL,1,111.19060637783429,1.0,rebalance
2020-09-14,AMZN,5,158.66286787414552,1.0,rebalance
2020-09-15,MSFT,-2,198.18777562762884,1.0,rebalance
2020-09-15,AAPL,-8,114.66660185347321,1.0,rebalance
2020-09-15,NVDA,-20,13.206618003461278,1.0,rebalance
2020-09-15,GLD,3,184.47845271453858,1.0,rebalance
2020-09-15,AMZN,7,156.82367945709228,1.0,rebalance
2020-09-16,MSFT,-3,200.27975297253153,1.0,rebalance
2020-09-16,GLD,-2,184.9614977279663,1.0,rebalance
2020-09-16,AMZN,-5,158.98359651031495,1.0,rebalance
2020-09-16,AAPL,9,111.68491879095082,1.0,rebalance
2020-09-16,NVDA,84,12.88823246127945,1.0,rebalance
2020-09-17,GLD,-11,181.9018061691284,1.0,rebalance
2020-09-17,MSFT,2,190.26676707685687,1.0,rebalance
2020-09-17,AAPL,5,106.34444212559268,1.0,rebalance
2020-09-17,AMZN,5,150.47754014587403,1.0,rebalance
2020-09-17,NVDA,109,12.06762502779918,1.0,rebalance
2020-09-18,NVDA,-103,12.524162423309678,1.0,rebalance
2020-09-18,AAPL,3,107.00351370466436,1.0,rebalance
2020-09-18,GLD,1,183.08831432495117,1.0,rebalance
2020-09-18,AMZN,1,151.6021643157959,1.0,rebalance
2020-09-21,MSFT,-1,187.50909387335196,1.0,rebalance
2020-09-21,GLD,-6,179.82201233825683,1.0,rebalance
2020-09-21,AMZN,-108,145.31046444854738,1.0,rebalance
2020-09-21,AAPL,10,101.3238004140554,1.0,rebalance
2020-09-21,NVDA,88,11.861479181729562,1.0,rebalance
2020-09-22,GLD,-306,179.61204188232423,1.53,rebalance
2020-09-22,MSFT,43,195.031760638227,1.0,rebalance
2020-09-22,AAPL,260,109.21336383790398,1.3,rebalance
2020-09-22,AMZN,167,151.7071705429077,1.0,rebalance
2020-09-22,NVDA,632,12.50801892055845,3.16,rebalance
2020-09-23,MSFT,-47,197.6933353416834,1.0,rebalance
2020-09-23,AAPL,-274,108.16435155893627,1.37,rebalance
2020-09-23,AMZN,-67,156.0058974838257,1.0,rebalance
2020-09-23,NVDA,-706,12.506013122627257,3.5300000000000002,rebalance
2020-09-23,GLD,330,176.99769372711182,1.6500000000000001,rebalance
2020-09-24,GLD,-8,174.34256461029054,1.0,rebalance
2020-09-24,AAPL,12,101.93441553879708,1.0,rebalance
2020-09-24,AMZN,4,148.90438479919433,1.0,rebalance
2020-09-24,NVDA,30,12.007945937658205,1.0,rebalance
2020-09-25,AAPL,-6,105.07310884805366,1.0,rebalance
2020-09-25,AMZN,-2,152.72772191619873,1.0,rebalance
2020-09-25,NVDA,-56,12.378720385138626,1.0,rebalance
2020-09-25,GLD,7,174.42744466247558,1.0,rebalance
2020-09-28,GLD,-240,175.8124188308716,1.2,rebalance
2020-09-28,MSFT,27,200.56712586599707,1.0,rebalance
2020-09-28,AAPL,224,111.4716694911553,1.12,rebalance
2020-09-28,AMZN,35,157.45824913330077,1.0,rebalance
2020-09-28,NVDA,379,12.970788076983899,1.895,rebalance
2020-09-29,GLD,-2,177.1722834411621,1.0,rebalance
2020-09-29,AMZN,-2,158.75362378234863,1.0,rebalance
2020-09-29,MSFT,2,199.11191233436247,1.0,rebalance
2020-09-29,AAPL,3,111.0258429626206,1.0,rebalance
2020-09-29,NVDA,30,12.868584006469492,1.0,rebalance
2020-09-30,GLD,-1,177.6922357131958,1.0,rebalance
2020-09-30,NVDA,-79,13.084797923795703,1.0,rebalance
2020-09-30,MSFT,2,197.57117944792427,1.0,rebalance
2020-09-30,AAPL,3,110.28921267134034,1.0,rebalance
2020-09-30,AMZN,2,157.07271253662108,1.0,rebalance
2020-10-01,AAPL,-5,113.99798801677693,1.0,rebalance
2020-10-01,NVDA,-85,13.681980836874065,1.0,rebalance
2020-10-01,GLD,4,178.72787771453858,1.0,rebalance
2020-10-01,AMZN,2,160.41603389587402,1.0,rebalance
2020-10-02,MSFT,-29,197.78836590888037,1.0,rebalance
2020-10-02,AAPL,-231,109.39502605429617,1.155,rebalance
2020-10-02,AMZN,-39,157.66573514556885,1.0,rebalance
2020-10-02,NVDA,-376,13.15192488315739,1.8800000000000001,rebalance
2020-10-02,GLD,240,178.70787144165038,1.2,rebalance
2020-10-05,AAPL,-4,110.38344595594866,1.0,rebalance
2020-10-05,MSFT,1,197.08613425016756,1.0,rebalance
2020-10-05,AMZN,1,157.3077366470337,1.0,rebalance
2020-10-06,AAPL,-1,112.11803134974748,1.0,rebalance
2020-10-06,NVDA,-117,13.753582678798754,1.0,rebalance
2020-10-06,MSFT,1,198.60787737161166,1.0,rebalance
2020-10-06,GLD,4,180.17801966247558,1.0,rebalance
2020-10-06,AMZN,2,158.265825,1.0,rebalance
2020-10-07,NVDA,-72,13.922390526574942,1.0,rebalance
2020-10-07,AAPL,1,111.09367949896222,1.0,rebalance
2020-10-07,GLD,5,177.1077053375244,1.0,rebalance
2020-10-07,AMZN,1,156.765675,1.0,rebalance
2020-10-08,AAPL,-1,112.65102023855809,1.0,rebalance
2020-10-08,AMZN,-5,161.23337151031495,1.0,rebalance
2020-10-08,GLD,2,178.19781067504883,1.0,rebalance
2020-10-08,NVDA,23,14.00002734853111,1.0,rebalance
2020-10-09,MSFT,-1,200.85980038069113,1.0,rebalance
2020-10-09,GLD,-5,180.11199188232422,1.0,rebalance
2020-10-09,AAPL,2,111.73338092582833,1.0,rebalance
2020-10-09,NVDA,76,13.69366698925666,1.0,rebalance
2020-10-12,MSFT,-4,208.0486701298068,1.0,rebalance
2020-10-12,AAPL,-7,116.3430404613404,1.0,rebalance
2020-10-12,AMZN,-5,167.48024431915283,1.0,rebalance
2020-10-12,GLD,9,180.58806432495118,1.0,rebalance
2020-10-12,NVDA,23,13.914980504144701,1.0,rebalance
2020-10-13,AAPL,-12,121.39174946765932,1.0,rebalance
2020-10-13,AMZN,-7,173.38216566467284,1.0,rebalance
2020-10-13,NVDA,-23,14.217503076573298,1.0,rebalance
2020-10-13,GLD,14,178.5778535583496,1.0,rebalance
2020-10-14,MSFT,-2,212.0519585974875,1.0,rebalance
2020-10-14,GLD,-4,179.07208733825684,1.0,rebalance
2020-10-14,NVDA,-19,14.211536167571305,1.0,rebalance
2020-10-14,AAPL,12,117.27740185990017,1.0,rebalance
2020-10-15,GLD,-7,177.6922357131958,1.0,rebalance
2020-10-15,AMZN,7,164.6169544342041,1.0,rebalance
2020-10-15,NVDA,46,13.737182066966339,1.0,rebalance
2020-10-16,AAPL,-4,117.52528646033763,1.0,rebalance
2020-10-16,AMZN,-1,168.14468287353515,1.0,rebalance
2020-10-16,NVDA,-8,13.959187992817068,1.0,rebalance
2020-10-16,GLD,2,179.2379232208252,1.0,rebalance
2020-10-19,MSFT,-1,209.59867575525269,1.0,rebalance
2020-10-19,GLD,-3,179.39206266174315,1.0,rebalance
2020-10-19,AAPL,1,116.2694021842832,1.0,rebalance
2020-10-19,AMZN,3,164.99699731750488,1.0,rebalance
2020-10-19,NVDA,14,13.828942442485543,1.0,rebalance
2020-10-20,GLD,-6,178.5221392868042,1.0,rebalance
2020-10-20,MSFT,1,205.24652183037023,1.0,rebalance
2020-10-20,AAPL,7,112.62506299725112,1.0,rebalance
2020-10-20,AMZN,2,161.13010981292723,1.0,rebalance
2020-10-20,NVDA,24,13.5111449894304,1.0,rebalance
2020-10-21,GLD,-5,180.45195422058106,1.0,rebalance
2020-10-21,NVDA,-5,13.549714736196991,1.0,rebalance
2020-10-21,MSFT,3,202.69760286929673,1.0,rebalance
2020-10-21,AMZN,2,160.6410625,1.0,rebalance
2020-10-22,MSFT,-1,203.4272684447372,1.0,rebalance
2020-10-22,AAPL,-4,113.81385268783968,1.0,rebalance
2020-10-22,AMZN,-216,159.4775504058838,1.08,rebalance
2020-10-22,GLD,2,178.89789288330078,1.0,rebalance
2020-10-22,NVDA,17,13.450470311721253,1.0,rebalance
2020-10-23,MSFT,-1,204.4732858486374,1.0,rebalance
2020-10-23,AAPL,2,112.80923077549782,1.0,rebalance
2020-10-23,AMZN,217,159.565958052063,1.085,rebalance
2020-10-23,NVDA,16,13.378356608483408,1.0,rebalance
2020-10-26,GLD,-1,178.732125,1.0,rebalance
2020-10-26,AMZN,-2,159.92100276031493,1.0,rebalance
2020-10-26,NVDA,-10,13.352807881883663,1.0,rebalance
2020-10-26,AAPL,8,110.50244311494156,1.0,rebalance
2020-10-27,AAPL,-5,111.91452873312343,1.0,rebalance
2020-10-27,AMZN,-2,161.23086931915284,1.0,rebalance
2020-10-27,MSFT,2,201.24236086801838,1.0,rebalance
2020-10-27,NVDA,35,13.235123639519678,1.0,rebalance
2020-10-28,AAPL,-2,111.4881484133414,1.0,rebalance
2020-10-28,AMZN,-5,162.44874983825684,1.0,rebalance
2020-10-28,MSFT,3,197.514073472853,1.0,rebalance
2020-10-28,GLD,2,176.467641947937,1.0,rebalance
2020-10-28,NVDA,5,13.127697495976713,1.0,rebalance
2020-10-29,AAPL,-85,108.89110500782363,1.0,rebalance
2020-10-29,GLD,-252,175.0025022720337,1.26,rebalance
2020-10-29,NVDA,-709,12.767560502262388,3.545,rebalance
2020-10-29,MSFT,57,194.09015089716408,1.0,rebalance
2020-10-29,AMZN,67,160.07951343078614,1.0,rebalance
2020-10-30,GLD,-3,177.16227467651368,1.0,rebalance
2020-10-30,AAPL,193,107.64320680638285,1.0,rebalance
2020-10-30,AMZN,4,157.903285697937,1.0,rebalance
2020-10-30,NVDA,1592,12.781551485982943,7.96,rebalance
2020-11-02,MSFT,-4,194.26052587808937,1.0,rebalance
2020-11-02,GLD,-3,177.43225194854736,1.0,rebalance
2020-11-02,AMZN,-389,153.07169691467286,1.945,rebalance
2020-11-02,AAPL,4,105.75319376438975,1.0,rebalance
2020-11-02,NVDA,19,12.590327223548194,1.0,rebalance
2020-11-03,MSFT,-314,193.8801984587143,1.57,rebalance
2020-11-03,AAPL,-575,106.26502421853849,2.875,rebalance
2020-11-03,NVDA,-4834,12.638276282060884,24.17,rebalance
2020-11-03,GLD,559,178.967891947937,2.795,rebalance
2020-11-04,GLD,-641,178.91209967651366,3.205,rebalance
2020-11-04,MSFT,290,203.55356474731525,1.45,rebalance
2020-11-04,AAPL,729,110.6284368439412,3.645,rebalance
2020-11-04,NVDA,4445,13.317931757765109,22.225,rebalance
2020-11-04,AMZN,374,158.01529640960692,1.87,rebalance
2020-11-05,MSFT,-15,211.13911662092664,1.0,rebalance
2020-11-05,AAPL,-37,114.29837420855968,1.0,rebalance
2020-11-05,AMZN,-24,165.981904788208,1.0,rebalance
2020-11-05,NVDA,-331,14.084247384253034,1.655,rebalance
2020-11-05,GLD,85,181.0181,1.0,rebalance
2020-11-06,MSFT,-28,211.34832984602613,1.0,rebalance
2020-11-06,AAPL,-238,114.85472917509027,1.19,rebalance
2020-11-06,AMZN,-34,165.21547142944337,1.0,rebalance
2020-11-06,NVDA,-398,14.031783802534415,1.99,rebalance
2020-11-06,GLD,241,183.418333895874,1.205,rebalance
2020-11-09,MSFT,-3,213.42131670282723,1.0,rebalance
2020-11-09,AAPL,-10,116.97089370822879,1.0,rebalance
2020-11-09,NVDA,-129,14.472090706891615,1.0,rebalance
2020-11-09,GLD,17,176.43764016876221,1.0,rebalance
2020-11-09,AMZN,5,161.56765356292723,1.0,rebalance
2020-11-10,GLD,-15,176.732325,1.0,rebalance
2020-11-10,MSFT,2,204.0100974972179,1.0,rebalance
2020-11-10,AAPL,4,112.18830294261099,1.0,rebalance
2020-11-10,AMZN,4,154.76648218078614,1.0,rebalance
2020-11-10,NVDA,134,13.534023924050617,1.0,rebalance
2020-11-11,AAPL,-10,113.75783242123124,1.0,rebalance
2020-11-11,NVDA,-1162,12.981621817141205,5.8100000000000005,rebalance
2020-11-12,AAPL,-1,116.11666262930352,1.0,rebalance
2020-11-12,AMZN,-4,157.98169780883788,1.0,rebalance
2020-11-12,GLD,4,176.0575972854614,1.0,rebalance
2020-11-12,NVDA,1222,13.407203781994996,6.11,rebalance
2020-11-13,GLD,-3,177.63222889709473,1.0,rebalance
2020-11-13,NVDA,-35,13.55195122634438,1.0,rebalance
2020-11-13,AMZN,4,156.11561610412596,1.0,rebalance
2020-11-16,AAPL,-1,115.43716204087909,1.0,rebalance
2020-11-16,GLD,-3,177.2122727279663,1.0,rebalance
2020-11-16,NVDA,93,13.102332064977027,1.0,rebalance
2020-11-17,AMZN,-5,159.1610842529297,1.0,rebalance
2020-11-17,NVDA,-66,13.477613965021503,1.0,rebalance
2020-11-17,MSFT,1,205.53186756471473,1.0,rebalance
2020-11-17,AAPL,2,116.07192267818651,1.0,rebalance
2020-11-17,GLD,4,177.26772499999998,1.0,rebalance
2020-11-18,NVDA,-5,13.390847258631808,1.0,rebalance
2020-11-18,AMZN,2,156.71566694793702,1.0,rebalance
2020-11-19,NVDA,31,13.142371491879489,1.0,rebalance
2020-11-20,NVDA,-36,13.379659708307711,1.0,rebalance
2020-11-20,MSFT,1,202.35095305483418,1.0,rebalance
2020-11-20,AMZN,1,155.86658302459716,1.0,rebalance
2020-11-23,GLD,-1,175.08249610290528,1.0,rebalance
2020-11-23,AMZN,-2,155.8194232131958,1.0,rebalance
2020-11-23,AAPL,1,113.77086964177093,1.0,rebalance
2020-11-23,NVDA,50,13.101092157520647,1.0,rebalance
2020-11-24,MSFT,-1,199.82211978016431,1.0,rebalance
2020-11-24,AMZN,-3,155.00949139709473,1.0,rebalance
2020-11-24,NVDA,-50,13.069880701970858,1.0,rebalance
2020-11-24,AAPL,5,110.59600994431389,1.0,rebalance
2020-11-24,GLD,7,169.31693305206298,1.0,rebalance
2020-11-25,MSFT,-5,205.08482704863368,1.0,rebalance
2020-11-25,AAPL,-1,112.16587171200965,1.0,rebalance
2020-11-25,AMZN,-2,157.07779650878908,1.0,rebalance
2020-11-25,GLD,3,169.99699372711183,1.0,rebalance
2020-11-25,NVDA,62,12.963081235175054,1.0,rebalance
2020-11-27,AAPL,-3,113.15596924999795,1.0,rebalance
2020-11-27,AMZN,-5,160.54694723968507,1.0,rebalance
2020-11-27,NVDA,-82,13.301093979974942,1.0,rebalance
2020-11-27,MSFT,1,204.877956792796,1.0,rebalance
2020-11-27,GLD,11,166.91668389587403,1.0,rebalance
2020-11-30,AAPL,-2,113.54427873704435,1.0,rebalance
2020-11-30,AMZN,-1,160.40795357208253,1.0,rebalance
2020-11-30,NVDA,23,13.194343580355591,1.0,rebalance
2020-12-01,AAPL,-9,117.46595512787172,1.0,rebalance
2020-12-01,GLD,-2,169.74301850738524,1.0,rebalance
2020-12-01,NVDA,-16,13.417697079087302,1.0,rebalance
2020-12-01,MSFT,2,204.55372815840602,1.0,rebalance
2020-12-01,AMZN,5,159.440945552063,1.0,rebalance
2020-12-02,AAPL,-3,118.44636490528062,1.0,rebalance
2020-12-02,GLD,-1,170.55295032348633,1.0,rebalance
2020-12-02,AMZN,-1,161.0663960220337,1.0,rebalance
2020-12-02,MSFT,1,204.9065894472559,1.0,rebalance
2020-12-02,NVDA,49,13.279384741745888,1.0,rebalance
2020-12-03,AAPL,-2,119.90243677120526,1.0,rebalance
2020-12-03,GLD,-3,172.62273538970948,1.0,rebalance
2020-12-03,NVDA,-40,13.516413686532525,1.0,rebalance
2020-12-03,MSFT,2,204.6490675745164,1.0,rebalance
2020-12-03,AMZN,3,160.2890222946167,1.0,rebalance
2020-12-04,GLD,-2,172.76272077941894,1.0,rebalance
2020-12-04,AAPL,1,119.03317208410024,1.0,rebalance
2020-12-04,NVDA,26,13.380815107279837,1.0,rebalance
2020-12-07,NVDA,-45,13.530089115288385,1.0,rebalance
2020-12-07,AAPL,1,118.75160100597165,1.0,rebalance
2020-12-07,AMZN,3,157.83978752746583,1.0,rebalance
2020-12-08,AAPL,-4,120.72752900078682,1.0,rebalance
2020-12-08,GLD,-5,175.49244350738525,1.0,rebalance
2020-12-08,MSFT,1,204.03881860908672,1.0,rebalance
2020-12-08,AMZN,2,157.96080182495118,1.0,rebalance
2020-12-08,NVDA,29,13.516629707197243,1.0,rebalance
2020-12-09,MSFT,-1,205.13250847070265,1.0,rebalance
2020-12-09,AAPL,-2,120.88286506109118,1.0,rebalance
2020-12-09,AMZN,-1,158.37866128234865,1.0,rebalance
2020-12-09,GLD,2,173.9373901687622,1.0,rebalance
2020-12-09,NVDA,65,13.233561189200898,1.0,rebalance
2020-12-10,MSFT,-1,201.90055322902415,1.0,rebalance
2020-12-10,GLD,-6,172.88270389709473,1.0,rebalance
2020-12-10,AAPL,5,116.99428987984074,1.0,rebalance
2020-12-10,AMZN,1,154.46493835754396,1.0,rebalance
2020-12-10,NVDA,56,12.804234622208144,1.0,rebalance
2020-12-11,AAPL,-5,118.8443574517396,1.0,rebalance
2020-12-11,NVDA,-22,12.899409118570777,1.0,rebalance
2020-12-11,MSFT,2,200.30073153790988,1.0,rebalance
2020-12-11,GLD,2,172.267225,1.0,rebalance
2020-12-14,MSFT,-2,203.16855150700428,1.0,rebalance
2020-12-14,AMZN,-2,157.13427889709473,1.0,rebalance
2020-12-14,NVDA,-13,13.019527099979024,1.0,rebalance
2020-12-14,AAPL,1,119.03319329952772,1.0,rebalance
2020-12-14,GLD,4,171.92719466247559,1.0,rebalance
2020-12-15,NVDA,-55,13.369435771556164,1.0,rebalance
2020-12-15,GLD,2,173.44733567504883,1.0,rebalance
2020-12-16,AAPL,-8,123.67851365364325,1.0,rebalance
2020-12-16,MSFT,2,204.7826007323269,1.0,rebalance
2020-12-16,AMZN,1,158.81638664245605,1.0,rebalance
2020-12-16,NVDA,20,13.354945685622893,1.0,rebalance
2020-12-17,MSFT,-2,209.6230235347343,1.0,rebalance
2020-12-17,GLD,-1,177.13227889709472,1.0,rebalance
2020-12-17,AMZN,-2,162.48375000000001,1.0,rebalance
2020-12-17,NVDA,67,13.299478709356436,1.0,rebalance
2020-12-18,NVDA,-10,13.309004294431707,1.0,rebalance
2020-12-21,MSFT,-1,207.41114304681565,1.0,rebalance
2020-12-21,GLD,-5,176.2723642868042,1.0,rebalance
2020-12-21,AAPL,7,121.38279180032958,1.0,rebalance
2020-12-21,NVDA,43,13.008947099806985,1.0,rebalance
2020-12-22,MSFT,-2,212.31160735228065,1.0,rebalance
2020-12-22,AAPL,-14,127.75549589837375,1.0,rebalance
2020-12-22,NVDA,-14,13.249565976536664,1.0,rebalance
2020-12-22,GLD,7,176.21761694793702,1.0,rebalance
2020-12-22,AMZN,4,160.15801249084473,1.0,rebalance
2020-12-23,MSFT,-1,212.7120122824273,1.0,rebalance
2020-12-23,AAPL,-3,128.2893990344192,1.0,rebalance
2020-12-23,GLD,2,175.11751610412597,1.0,rebalance
2020-12-23,NVDA,12,13.18928232491009,1.0,rebalance
2020-12-24,GLD,-2,175.53244805145263,1.0,rebalance
2020-12-24,NVDA,48,12.971635761092225,1.0,rebalance
2020-12-28,AAPL,-4,130.06579055411228,1.0,rebalance
2020-12-28,GLD,-1,177.24226850738526,1.0,rebalance
2020-12-28,AMZN,1,159.715966947937,1.0,rebalance
2020-12-28,NVDA,25,12.996757644020537,1.0,rebalance
2020-12-29,AAPL,-8,134.0068861296553,1.0,rebalance
2020-12-29,AMZN,-7,165.48044431915284,1.0,rebalance
2020-12-29,GLD,6,176.267625,1.0,rebalance
2020-12-29,NVDA,77,12.859950581693575,1.0,rebalance
2020-12-30,AMZN,-4,167.03329805145265,1.0,rebalance
2020-12-30,NVDA,-24,12.922289542756245,1.0,rebalance
2020-12-30,AAPL,6,131.63553440126913,1.0,rebalance
2020-12-31,GLD,-6,178.05220032348632,1.0,rebalance
2020-12-31,NVDA,-57,13.06777191116082,1.0,rebalance
2020-12-31,MSFT,3,211.40998769457448,1.0,rebalance
2020-12-31,AAPL,3,130.17921429588853,1.0,rebalance
2020-12-31,AMZN,5,163.766375,1.0,rebalance
2021-01-04,GLD,-8,181.95180422058107,1.0,rebalance
2021-01-04,AAPL,4,129.63547507075089,1.0,rebalance
2021-01-04,AMZN,2,163.51635,1.0,rebalance
2021-01-04,NVDA,30,13.038300328406251,1.0,rebalance
2021-01-05,GLD,-9,182.85170811767577,1.0,rebalance
2021-01-05,NVDA,-50,13.03121548481867,1.0,rebalance
2021-01-05,MSFT,3,207.17607662071822,1.0,rebalance
2021-01-05,AAPL,9,125.14023671590184,1.0,rebalance
2021-01-05,AMZN,6,158.31633664245606,1.0,rebalance
2021-01-06,NVDA,-63,13.153322824279384,1.0,rebalance
2021-01-06,MSFT,4,202.32232141049585,1.0,rebalance
2021-01-06,AAPL,1,124.00422694314935,1.0,rebalance
2021-01-07,MSFT,-2,204.06475259797952,1.0,rebalance
2021-01-07,AAPL,-3,124.60066468021395,1.0,rebalance
2021-01-07,AMZN,-1,157.83422110290527,1.0,rebalance
2021-01-07,NVDA,-2581,12.899655758979335,12.905000000000001,rebalance
2021-01-07,GLD,3,179.7079714416504,1.0,rebalance
2021-01-08,MSFT,-3,208.4884746712816,1.0,rebalance
2021-01-08,AAPL,-10,128.5514451785125,1.0,rebalance
2021-01-08,GLD,11,176.84768483123779,1.0,rebalance
2021-01-08,NVDA,2554,13.29524657684302,12.77,rebalance
2021-01-11,MSFT,-3,208.28828071288416,1.0,rebalance
2021-01-11,AMZN,-1,157.3847573867798,1.0,rebalance
2021-01-11,NVDA,-62,13.348545352999386,1.0,rebalance
2021-01-11,AAPL,4,125.4314529365973,1.0,rebalance
2021-01-11,GLD,8,172.1572133895874,1.0,rebalance
2021-01-12,GLD,-1,173.1126918823242,1.0,rebalance
2021-01-12,NVDA,-86,13.680551981603413,1.0,rebalance
2021-01-12,MSFT,2,206.45137677316603,1.0,rebalance
2021-01-12,AAPL,3,124.76153509258104,1.0,rebalance
2021-01-12,AMZN,2,156.0156,1.0,rebalance
2021-01-13,AAPL,-1,124.98898297883412,1.0,rebalance
2021-01-13,GLD,-4,173.66262467651367,1.0,rebalance
2021-01-13,MSFT,2,204.08649864366197,1.0,rebalance
2021-01-13,NVDA,59,13.422106697439878,1.0,rebalance
2021-01-14,AAPL,-4,126.96923420188966,1.0,rebalance
2021-01-14,AMZN,-2,158.36016947937011,1.0,rebalance
2021-01-14,GLD,3,173.4573464416504,1.0,rebalance
2021-01-14,NVDA,1,13.506680891744235,1.0,rebalance
2021-01-15,GLD,-3,172.82271233825685,1.0,rebalance
2021-01-15,AAPL,1,125.03337854458462,1.0,rebalance
2021-01-15,NVDA,55,13.161425409478845,1.0,rebalance
2021-01-19,MSFT,-1,203.78821670709956,1.0,rebalance
2021-01-19,GLD,-2,172.69273571319582,1.0,rebalance
2021-01-19,NVDA,-3844,12.948151198348858,19.22,rebalance
2021-01-19,AAPL,1,124.06247910881937,1.0,rebalance
2021-01-20,MSFT,-2,207.554162335015,1.0,rebalance
2021-01-20,AMZN,-4,159.08359261322022,1.0,rebalance
2021-01-20,AAPL,2,124.91687645259636,1.0,rebalance
2021-01-20,NVDA,3900,13.045761794226495,19.5,rebalance
2021-01-21,MSFT,-3,214.22794915846364,1.0,rebalance
2021-01-21,AAPL,-6,129.8813576865244,1.0,rebalance
2021-01-21,AMZN,-4,164.63352889709472,1.0,rebalance
2021-01-21,NVDA,-6,13.348299459410294,1.0,rebalance
2021-01-21,GLD,8,175.1275116104126,1.0,rebalance
2021-01-22,MSFT,-1,216.49703576953343,1.0,rebalance
2021-01-22,AAPL,-5,132.28873067935214,1.0,rebalance
2021-01-22,NVDA,-70,13.668114332723542,1.0,rebalance
2021-01-22,GLD,10,172.9072883895874,1.0,rebalance
2021-01-25,AAPL,-14,138.87986413937475,1.0,rebalance
2021-01-25,GLD,1,174.83748932495118,1.0,rebalance
2021-01-25,AMZN,2,166.441645552063,1.0,rebalance
2021-01-25,NVDA,40,13.712389156363937,1.0,rebalance
2021-01-26,MSFT,-2,221.05424094023113,1.0,rebalance
2021-01-26,AAPL,-2,139.39432739791658,1.0,rebalance
2021-01-26,GLD,1,173.9973937271118,1.0,rebalance
2021-01-26,AMZN,2,164.8344749633789,1.0,rebalance
2021-01-26,NVDA,47,13.51214982591764,1.0,rebalance
2021-01-27,MSFT,-7,226.9081399837021,1.0,rebalance
2021-01-27,AMZN,-3,167.0577859588623,1.0,rebalance
2021-01-27,GLD,4,172.94728567504882,1.0,rebalance
2021-01-27,NVDA,105,13.163414693522903,1.0,rebalance
2021-01-28,MSFT,-233,224.62944337970606,1.165,rebalance
2021-01-28,AAPL,-380,135.43386428177757,1.9000000000000001,rebalance
2021-01-28,NVDA,-4016,12.928257820988907,20.080000000000002,rebalance
2021-01-28,AMZN,-317,161.73582370147705,1.585,rebalance
2021-01-28,GLD,332,174.2974267791748,1.6600000000000001,rebalance
2021-02-01,GLD,-856,175.0025022720337,4.28,rebalance
2021-02-01,MSFT,305,224.14992248211124,1.5250000000000001,rebalance
2021-02-01,AAPL,719,129.85885648411517,3.595,rebalance
2021-02-01,NVDA,5278,12.987557932554905,26.39,rebalance
2021-02-01,AMZN,422,162.13420801544189,2.11,rebalance
2021-02-02,MSFT,-305,230.05424703120391,1.5250000000000001,rebalance
2021-02-02,AAPL,-719,131.75483455971587,3.595,rebalance
2021-02-02,NVDA,-5277,13.328649107027534,26.385,rebalance
2021-02-02,AMZN,-422,168.9831,2.11,rebalance
2021-02-02,GLD,887,172.5072544937134,4.4350000000000005,rebalance
2021-02-03,GLD,-709,172.34276461029052,3.545,rebalance
2021-02-03,MSFT,276,228.45058872838786,1.3800000000000001,rebalance
2021-02-03,AAPL,653,131.8103039045495,3.265,rebalance
2021-02-03,NVDA,4651,13.567373038143646,23.255,rebalance
2021-02-03,AMZN,368,171.26762859039306,1.84,rebalance
2021-02-04,MSFT,-19,231.3509127226435,1.0,rebalance
2021-02-04,AAPL,-42,132.30816621295244,1.0,rebalance
2021-02-04,AMZN,-11,166.48335,1.0,rebalance
2021-02-04,NVDA,-248,13.46021130389715,1.24,rebalance
2021-02-04,GLD,93,168.30682228546144,1.0,rebalance
2021-02-05,MSFT,-25,230.94094721561984,1.0,rebalance
2021-02-05,AAPL,-210,133.5266607224951,1.05,rebalance
2021-02-05,AMZN,-34,165.93340194854736,1.0,rebalance
2021-02-05,NVDA,-486,13.653193541008244,2.43,rebalance
2021-02-05,GLD,271,169.00690449371336,1.355,rebalance
2021-02-08,GLD,-5,171.96279772796632,1.0,rebalance
2021-02-08,AMZN,-2,167.90821055145264,1.0,rebalance
2021-02-08,AAPL,5,132.2697840027886,1.0,rebalance
2021-02-08,NVDA,21,13.658163117484763,1.0,rebalance
2021-02-09,NVDA,-147,14.265722189787848,1.0,rebalance
2021-02-09,MSFT,2,230.64385508573528,1.0,rebalance
2021-02-09,AAPL,1,132.8435146518495,1.0,rebalance
2021-02-09,AMZN,5,165.64105890960693,1.0,rebalance
2021-02-10,MSFT,-1,233.58185348244996,1.0,rebalance
2021-02-10,NVDA,-16,14.387580010041509,1.0,rebalance
2021-02-10,AAPL,2,132.70736809175466,1.0,rebalance
2021-02-10,AMZN,1,165.716566947937,1.0,rebalance
2021-02-11,NVDA,-119,14.901876447124062,1.0,rebalance
2021-02-11,AAPL,3,132.14340417430003,1.0,rebalance
2021-02-11,GLD,3,172.71726694793702,1.0,rebalance
2021-02-11,AMZN,4,164.61646610412598,1.0,rebalance
2021-02-12,NVDA,-44,14.971259461631126,1.0,rebalance
2021-02-12,AAPL,2,130.636265977015,1.0,rebalance
2021-02-12,GLD,4,170.30702228546141,1.0,rebalance
2021-02-12,AMZN,1,162.51624999999999,1.0,rebalance
2021-02-16,GLD,-360,168.12318538970948,1.8,rebalance
2021-02-16,MSFT,39,233.6571846181598,1.0,rebalance
2021-02-16,AAPL,245,131.74478287879435,1.225,rebalance
2021-02-16,AMZN,59,162.7187696395874,1.0,rebalance
2021-02-16,NVDA,636,14.988436660205297,3.18,rebalance
2021-02-17,MSFT,-39,230.60327725184166,1.0,rebalance
2021-02-17,AAPL,-239,127.59645607405422,1.195,rebalance
2021-02-17,AMZN,-62,163.16367467651366,1.0,rebalance
2021-02-17,NVDA,-701,15.091627343881056,3.505,rebalance
2021-02-17,GLD,365,166.9366901687622,1.825,rebalance
2021-02-18,MSFT,-2,231.06196154437527,1.0,rebalance
2021-02-18,GLD,-2,166.9632977279663,1.0,rebalance
2021-02-18,AMZN,-4,164.1045900970459,1.0,rebalance
2021-02-18,AAPL,3,125.6286300458342,1.0,rebalance
2021-02-18,NVDA,84,14.654872587316563,1.0,rebalance
2021-02-19,AMZN,-2,166.39485787353516,1.0,rebalance
2021-02-19,NVDA,-44,14.945893524256062,1.0,rebalance
2021-02-19,GLD,4,166.77667050628662,1.0,rebalance
2021-02-22,GLD,-12,168.5231392868042,1.0,rebalance
2021-02-22,MSFT,2,226.92181409172892,1.0,rebalance
2021-02-22,AAPL,2,124.47151367993162,1.0,rebalance
2021-02-22,AMZN,7,160.42253479003907,1.0,rebalance
2021-02-22,NVDA,15,14.700392180903675,1.0,rebalance
2021-02-23,GLD,-276,169.4630477279663,1.3800000000000001,rebalance
2021-02-23,MSFT,29,220.1453354862741,1.0,rebalance
2021-02-23,AAPL,229,120.33900040485486,1.145,rebalance
2021-02-23,AMZN,39,156.36713661499024,1.0,rebalance
2021-02-23,NVDA,524,14.00441221626146,2.62,rebalance
2021-02-24,AAPL,-3,121.46207054877844,1.0,rebalance
2021-02-24,AMZN,-2,158.32166014709472,1.0,rebalance
2021-02-24,MSFT,1,219.8394521770802,1.0,rebalance
2021-02-24,GLD,3,167.666758895874,1.0,rebalance
2021-02-25,MSFT,-28,221.77360135857734,1.0,rebalance
2021-02-25,AAPL,-222,121.20931033190251,1.11,rebalance
2021-02-25,AMZN,-35,156.82132191467286,1.0,rebalance
2021-02-25,NVDA,-406,13.972017475585599,2.0300000000000002,rebalance
2021-02-25,GLD,267,166.9366901687622,1.335,rebalance
2021-02-26,MSFT,-235,221.24797683338872,1.175,rebalance
2021-02-26,AAPL,-429,119.1774984823176,2.145,rebalance
2021-02-26,NVDA,-3721,13.680549479087652,18.605,rebalance
2021-02-26,AMZN,-332,154.74451850738527,1.6600000000000001,rebalance
2021-02-26,GLD,356,165.0165,1.78,rebalance
2021-03-01,GLD,-709,163.01369577941895,3.545,rebalance
2021-03-01,MSFT,267,225.46902152662608,1.335,rebalance
2021-03-01,AAPL,682,120.32925421608523,3.41,rebalance
2021-03-01,NVDA,4362,13.805169576850883,21.81,rebalance
2021-03-01,AMZN,385,156.41014018249513,1.925,rebalance
2021-03-02,AAPL,-17,124.83548395136673,1.0,rebalance
2021-03-02,MSFT,1,226.5299764610873,1.0,rebalance
2021-03-02,GLD,2,161.94618567504884,1.0,rebalance
2021-03-02,AMZN,2,157.1892097808838,1.0,rebalance
2021-03-02,NVDA,40,13.830044667179704,1.0,rebalance
2021-03-03,GLD,-2,160.59393961029053,1.0,rebalance
2021-03-03,AAPL,4,121.35996148366912,1.0,rebalance
2021-03-03,NVDA,56,13.358677776330348,1.0,rebalance
2021-03-04,GLD,-4,160.5839461029053,1.0,rebalance
2021-03-04,AAPL,1,118.38456291049913,1.0,rebalance
2021-03-04,NVDA,109,12.73632581603145,1.0,rebalance
2021-03-05,MSFT,-268,219.32725609065042,1.34,rebalance
2021-03-05,AAPL,-670,117.61232025428464,3.35,rebalance
2021-03-05,NVDA,-4567,12.484338280626615,22.835,rebalance
2021-03-05,AMZN,-387,150.234975,1.935,rebalance
2021-03-05,GLD,703,159.67596966247558,3.515,rebalance
2021-03-08,GLD,-702,158.5641438308716,3.5100000000000002,rebalance
2021-03-08,MSFT,261,221.13932381983142,1.305,rebalance
2021-03-08,AAPL,669,117.58722041208341,3.345,rebalance
2021-03-08,NVDA,4662,12.387340581080098,23.31,rebalance
2021-03-08,AMZN,383,150.765075,1.915,rebalance
2021-03-09,MSFT,-3,222.53805722581524,1.0,rebalance
2021-03-09,GLD,-3,160.733925,1.0,rebalance
2021-03-09,AMZN,-2,150.88441566467284,1.0,rebalance
2021-03-09,AAPL,7,115.73974416626164,1.0,rebalance
2021-03-09,NVDA,91,12.073367338990632,1.0,rebalance
2021-03-10,AMZN,-1,154.90700836029052,1.0,rebalance
2021-03-10,NVDA,-150,12.77773171588024,1.0,rebalance
2021-03-10,MSFT,1,226.52039355211443,1.0,rebalance
2021-03-10,AAPL,1,118.32621331440063,1.0,rebalance
2021-03-10,GLD,3,161.07610355834962,1.0,rebalance
2021-03-11,MSFT,-36,224.5256705586636,1.0,rebalance
2021-03-11,AAPL,-257,119.12888016014702,1.285,rebalance
2021-03-11,AMZN,-57,155.18498043823243,1.0,rebalance
2021-03-11,NVDA,-721,12.886694939050903,3.605,rebalance
2021-03-11,GLD,354,161.48614822082519,1.77,rebalance
2021-03-12,MSFT,-1,223.61789732412973,1.0,rebalance
2021-03-12,AMZN,-1,153.734625,1.0,rebalance
2021-03-12,AAPL,2,117.07188348608511,1.0,rebalance
2021-03-12,NVDA,44,12.588937879115113,1.0,rebalance
2021-03-15,GLD,-4,162.2937665588379,1.0,rebalance
2021-03-15,NVDA,-29,12.801861778382259,1.0,rebalance
2021-03-15,AMZN,2,153.74387321624755,1.0,rebalance
2021-03-16,AAPL,-8,122.20092372858555,1.0,rebalance
2021-03-16,NVDA,-90,13.291208773860317,1.0,rebalance
2021-03-16,MSFT,2,225.8322414017266,1.0,rebalance
2021-03-16,GLD,7,162.3762366104126,1.0,rebalance
2021-03-16,AMZN,1,155.26402948913574,1.0,rebalance
2021-03-17,MSFT,-1,225.6628510606281,1.0,rebalance
2021-03-17,GLD,-3,162.2537772720337,1.0,rebalance
2021-03-17,AAPL,2,120.62098166480907,1.0,rebalance
2021-03-17,AMZN,1,153.67636158294678,1.0,rebalance
2021-03-17,NVDA,61,12.978602171751339,1.0,rebalance
2021-03-18,AMZN,-3,155.03449805145263,1.0,rebalance
2021-03-18,NVDA,-40,13.072283966156702,1.0,rebalance
2021-03-18,MSFT,2,222.27673354339268,1.0,rebalance
2021-03-18,AAPL,2,119.48331172599339,1.0,rebalance
2021-03-18,GLD,1,161.16610889587403,1.0,rebalance
2021-03-19,GLD,-9,162.5437415588379,1.0,rebalance
2021-03-19,AAPL,6,116.58568706383893,1.0,rebalance
2021-03-19,AMZN,3,151.47664822540284,1.0,rebalance
2021-03-19,NVDA,73,12.690209720356622,1.0,rebalance
2021-03-22,AMZN,-2,153.37716258087158,1.0,rebalance
2021-03-22,NVDA,-35,12.84962736794211,1.0,rebalance
2021-03-22,GLD,1,162.2862312728882,1.0,rebalance
2021-03-23,MSFT,-2,226.9433733254243,1.0,rebalance
2021-03-23,AAPL,-2,119.89690393686733,1.0,rebalance
2021-03-23,AMZN,-1,156.33437110290527,1.0,rebalance
2021-03-23,NVDA,-38,13.189459256750235,1.0,rebalance
2021-03-23,GLD,8,162.46624194793702,1.0,rebalance
2021-03-24,MSFT,-1,227.28736063950302,1.0,rebalance
2021-03-24,AMZN,-2,157.53624675292969,1.0,rebalance
2021-03-24,GLD,1,162.22622771453857,1.0,rebalance
2021-03-24,NVDA,26,13.089578837292503,1.0,rebalance
2021-03-25,MSFT,-1,224.85058685387565,1.0,rebalance
2021-03-25,GLD,-11,163.0436915588379,1.0,rebalance
2021-03-25,AAPL,5,116.23564164916789,1.0,rebalance
2021-03-25,AMZN,2,153.6648705657959,1.0,rebalance
2021-03-25,NVDA,135,12.44088640659724,1.0,rebalance
2021-03-26,AAPL,-4,116.9998486179921,1.0,rebalance
2021-03-26,NVDA,-34,12.493127591479716,1.0,rebalance
2021-03-26,MSFT,2,221.31137886981983,1.0,rebalance
2021-03-26,GLD,1,161.72617771453858,1.0,rebalance
2021-03-26,AMZN,1,152.21822322998048,1.0,rebalance
2021-03-29,MSFT,-2,226.08330785758477,1.0,rebalance
2021-03-29,AAPL,-1,118.26365969829757,1.0,rebalance
2021-03-29,NVDA,-49,12.757578748722757,1.0,rebalance
2021-03-29,GLD,6,161.47615271453859,1.0,rebalance
2021-03-29,AMZN,2,152.7872803741455,1.0,rebalance
2021-03-30,AMZN,-4,153.48515348968505,1.0,rebalance
2021-03-30,NVDA,-41,12.779223685357824,1.0,rebalance
2021-03-30,GLD,7,157.9557964416504,1.0,rebalance
2021-03-31,AAPL,-2,118.26367697189721,1.0,rebalance
2021-03-31,NVDA,-38,12.951871644479342,1.0,rebalance
2021-03-31,MSFT,1,222.61122972891766,1.0,rebalance
2021-03-31,GLD,1,158.0758035583496,1.0,rebalance
2021-03-31,AMZN,1,153.21832322998046,1.0,rebalance
2021-04-01,NVDA,-77,13.505904482742816,1.0,rebalance
2021-04-01,AAPL,1,120.24176935757737,1.0,rebalance
2021-04-01,AMZN,1,155.9125928741455,1.0,rebalance
2021-04-05,MSFT,-1,231.97931712725173,1.0,rebalance
2021-04-05,AMZN,-1,158.63412889709474,1.0,rebalance
2021-04-05,NVDA,-46,13.799710682082617,1.0,rebalance
2021-04-05,AAPL,3,120.44594862706569,1.0,rebalance
2021-04-05,GLD,5,161.53615627288818,1.0,rebalance
2021-04-06,MSFT,-2,236.613940423483,1.0,rebalance
2021-04-06,AAPL,-3,122.97864168746902,1.0,rebalance
2021-04-06,AMZN,-1,161.17138125,1.0,rebalance
2021-04-06,GLD,3,162.80627228546143,1.0,rebalance
2021-04-06,NVDA,11,13.93409892195652,1.0,rebalance
2021-04-07,AMZN,-2,161.67383344116212,1.0,rebalance
2021-04-07,AAPL,1,122.35176695469656,1.0,rebalance
2021-04-07,NVDA,26,13.815658496191562,1.0,rebalance
2021-04-08,MSFT,-1,241.54476651545153,1.0,rebalance
2021-04-08,AAPL,-2,125.36043794875707,1.0,rebalance
2021-04-08,AMZN,-2,165.52844366912842,1.0,rebalance
2021-04-08,NVDA,-34,14.183077125542336,1.0,rebalance
2021-04-08,GLD,4,164.1864151687622,1.0,rebalance
2021-04-09,AAPL,-4,126.18678804825879,1.0,rebalance
2021-04-09,GLD,3,162.766275,1.0,rebalance
2021-04-09,NVDA,2,14.147344886627648,1.0,rebalance
2021-04-12,AAPL,-5,128.83108759283866,1.0,rebalance
2021-04-12,AMZN,-2,167.7437219970703,1.0,rebalance
2021-04-12,GLD,5,162.7462687271118,1.0,rebalance
2021-04-12,NVDA,9,14.22273859599843,1.0,rebalance
2021-04-13,NVDA,-178,15.157042621950753,1.0,rebalance
2021-04-13,AAPL,5,128.77906120499864,1.0,rebalance
2021-04-13,GLD,6,163.19631067504884,1.0,rebalance
2021-04-14,AAPL,-4,131.18370007325123,1.0,rebalance
2021-04-14,NVDA,-66,15.548619248025139,1.0,rebalance
2021-04-14,MSFT,1,246.09479994247314,1.0,rebalance
2021-04-14,GLD,5,162.78628127288817,1.0,rebalance
2021-04-14,AMZN,1,170.21901604919432,1.0,rebalance
2021-04-15,GLD,-3,164.05360032348634,1.0,rebalance
2021-04-15,NVDA,-9,15.585936982036147,1.0,rebalance
2021-04-15,AAPL,3,130.12090852901508,1.0,rebalance
2021-04-15,AMZN,3,168.566858052063,1.0,rebalance
2021-04-16,GLD,-2,166.22338149261475,1.0,rebalance
2021-04-16,NVDA,-52,15.974527625898277,1.0,rebalance
2021-04-16,AAPL,2,130.58763462659425,1.0,rebalance
2021-04-16,AMZN,2,169.0169,1.0,rebalance
2021-04-19,GLD,-2,165.89341266174316,1.0,rebalance
2021-04-19,AMZN,-2,169.49954310150147,1.0,rebalance
2021-04-19,NVDA,93,15.463641917245248,1.0,rebalance
2021-04-20,AAPL,-5,131.26151176584153,1.0,rebalance
2021-04-20,GLD,-1,165.63342889709472,1.0,rebalance
2021-04-20,NVDA,38,15.251392157956804,1.0,rebalance
2021-04-21,MSFT,-1,247.44077927986365,1.0,rebalance
2021-04-21,GLD,-8,167.16327467651368,1.0,rebalance
2021-04-21,AAPL,5,128.701306114202,1.0,rebalance
2021-04-21,AMZN,4,165.81658305206298,1.0,rebalance
2021-04-21,NVDA,31,15.04785033254443,1.0,rebalance
2021-04-22,AMZN,-2,168.56714123382568,1.0,rebalance
2021-04-22,NVDA,-35,15.29983846386833,1.0,rebalance
2021-04-22,AAPL,1,129.36247247584402,1.0,rebalance
2021-04-22,GLD,3,167.1267116104126,1.0,rebalance
2021-04-23,GLD,-5,167.35325811767578,1.0,rebalance
2021-04-23,AMZN,1,165.9715973312378,1.0,rebalance
2021-04-23,NVDA,70,14.864217376996416,1.0,rebalance
2021-04-26,MSFT,-1,250.03995780601508,1.0,rebalance
2021-04-26,AAPL,-5,131.0767962070001,1.0,rebalance
2021-04-26,NVDA,-29,15.110771774756396,1.0,rebalance
2021-04-26,GLD,6,166.64666788330078,1.0,rebalance
2021-04-27,AMZN,-5,172.15627508239746,1.0,rebalance
2021-04-27,NVDA,-58,15.502346349624073,1.0,rebalance
2021-04-27,MSFT,1,250.01351886200646,1.0,rebalance
2021-04-27,AAPL,3,131.27801739614515,1.0,rebalance
2021-04-27,GLD,4,166.9366901687622,1.0,rebalance
2021-04-28,AAPL,-1,130.5712297249332,1.0,rebalance
2021-04-28,AMZN,-2,171.72283149261474,1.0,rebalance
2021-04-28,MSFT,3,244.7567085470749,1.0,rebalance
2021-04-28,NVDA,17,15.292449689694582,1.0,rebalance
2021-04-29,AAPL,-4,132.67109311441413,1.0,rebalance
2021-04-29,AMZN,-5,175.2374793823242,1.0,rebalance
2021-04-29,MSFT,1,244.1641821866196,1.0,rebalance
2021-04-29,GLD,3,165.59655983123778,1.0,rebalance
2021-04-29,NVDA,11,15.327779949933099,1.0,rebalance
2021-04-30,GLD,-5,165.84341461029052,1.0,rebalance
2021-04-30,AMZN,-5,176.23837110443117,1.0,rebalance
2021-04-30,MSFT,3,238.697054818149,1.0,rebalance
2021-04-30,AAPL,9,128.13729783991852,1.0,rebalance
2021-04-30,NVDA,17,15.103341084360109,1.0,rebalance
2021-05-03,MSFT,-1,242.1467985978673,1.0,rebalance
2021-05-03,GLD,-5,167.59323961029054,1.0,rebalance
2021-05-03,AAPL,1,128.39014119112215,1.0,rebalance
2021-05-03,AMZN,4,174.25391962127685,1.0,rebalance
2021-05-03,NVDA,23,15.054074233452955,1.0,rebalance
2021-05-04,MSFT,-1,239.8247381540827,1.0,rebalance
2021-05-04,AAPL,-2,127.53809599651557,1.0,rebalance
2021-05-04,GLD,-7,167.67323344116213,1.0,rebalance
2021-05-04,AMZN,7,167.82627496795655,1.0,rebalance
2021-05-04,NVDA,71,14.568609526167709,1.0,rebalance
2021-05-05,NVDA,-1245,14.637096555239891,6.2250000000000005,rebalance
2021-05-05,AAPL,3,125.6286167204318,1.0,rebalance
2021-05-06,GLD,-7,167.93320194854738,1.0,rebalance
2021-05-06,AAPL,2,124.35485170584441,1.0,rebalance
2021-05-06,AMZN,5,163.51635,1.0,rebalance
2021-05-06,NVDA,1239,14.427276615687688,6.195,rebalance
2021-05-07,AAPL,-2,127.42366223922407,1.0,rebalance
2021-05-07,GLD,-1,171.51284577941894,1.0,rebalance
2021-05-07,NVDA,-8,14.735860598929339,1.0,rebalance
2021-05-07,AMZN,1,165.97109374084474,1.0,rebalance
2021-05-10,GLD,-5,172.72273149261474,1.0,rebalance
2021-05-10,NVDA,-5,14.714961115872152,1.0,rebalance
2021-05-10,AAPL,3,126.04654867324666,1.0,rebalance
2021-05-10,AMZN,3,164.13240891418457,1.0,rebalance
2021-05-11,GLD,-359,170.5429415588379,1.795,rebalance
2021-05-11,MSFT,38,233.73659576023826,1.0,rebalance
2021-05-11,AAPL,268,120.29017077209397,1.34,rebalance
2021-05-11,AMZN,64,156.82967676086426,1.0,rebalance
2021-05-11,NVDA,803,13.760169330228136,4.015,rebalance
2021-05-12,MSFT,-261,231.41548438231183,1.305,rebalance
2021-05-12,AAPL,-693,120.16872041163076,3.465,rebalance
2021-05-12,NVDA,-4446,13.941013915956344,22.23,rebalance
2021-05-12,AMZN,-390,159.234075,1.95,rebalance
2021-05-12,GLD,694,171.44713567504883,3.47,rebalance
2021-05-13,GLD,-606,170.33297110290528,3.0300000000000002,rebalance
2021-05-13,MSFT,272,231.10813137270887,1.36,rebalance
2021-05-13,AAPL,519,121.34208576045103,2.595,rebalance
2021-05-13,NVDA,4515,13.967942364000123,22.575,rebalance
2021-05-13,AMZN,396,159.28942588500976,1.98,rebalance
2021-05-14,MSFT,-272,234.67406384078475,1.36,rebalance
2021-05-14,AAPL,-519,122.94408927593543,2.595,rebalance
2021-05-14,NVDA,-4515,13.822100720503986,22.575,rebalance
2021-05-14,AMZN,-396,159.2620720779419,1.98,rebalance
2021-05-14,GLD,604,172.067208052063,3.02,rebalance
2021-05-17,GLD,-693,173.28267305145263,3.465,rebalance
2021-05-17,MSFT,261,235.6481096675401,1.305,rebalance
2021-05-17,AAPL,681,123.52385863691264,3.4050000000000002,rebalance
2021-05-17,NVDA,4378,14.090611499578925,21.89,rebalance
2021-05-17,AMZN,380,162.31272317962646,1.9000000000000001,rebalance
2021-05-18,GLD,-1,175.16247467651368,1.0,rebalance
2021-05-18,AMZN,-3,164.6125349029541,1.0,rebalance
2021-05-18,NVDA,-14,14.197256556804014,1.0,rebalance
2021-05-18,MSFT,2,235.3804976194833,1.0,rebalance
2021-05-18,AAPL,4,123.27061747725833,1.0,rebalance
2021-05-19,GLD,-5,175.12248538970948,1.0,rebalance
2021-05-19,NVDA,103,13.50288173514589,1.0,rebalance
2021-05-20,NVDA,-140,14.232584103616846,1.0,rebalance
2021-05-20,AAPL,3,121.97518891419432,1.0,rebalance
2021-05-20,GLD,3,175.33753932495117,1.0,rebalance
2021-05-20,AMZN,2,162.2362232208252,1.0,rebalance
2021-05-21,NVDA,-164,15.089623339876253,1.0,rebalance
2021-05-21,MSFT,1,237.16939298438976,1.0,rebalance
2021-05-21,GLD,2,176.5976598312378,1.0,rebalance
2021-05-21,AMZN,7,162.51624999999999,1.0,rebalance
2021-05-24,NVDA,-34,15.13813364092907,1.0,rebalance
2021-05-24,AAPL,6,122.73492198671408,1.0,rebalance
2021-05-24,AMZN,2,160.791071395874,1.0,rebalance
2021-05-25,NVDA,-80,15.688927580412793,1.0,rebalance
2021-05-25,AAPL,1,124.49786985854084,1.0,rebalance
2021-05-25,GLD,2,176.16760889587403,1.0,rebalance
2021-05-26,GLD,-1,178.35215811767577,1.0,rebalance
2021-05-26,AAPL,5,123.66022139942106,1.0,rebalance
2021-05-26,NVDA,4,15.660465205915461,1.0,rebalance
2021-05-27,MSFT,-1,240.57003140079044,1.0,rebalance
2021-05-27,NVDA,-3,15.623003332745464,1.0,rebalance
2021-05-28,MSFT,-1,240.40722289579898,1.0,rebalance
2021-05-28,AAPL,2,122.30633762366662,1.0,rebalance
2021-05-28,NVDA,31,15.428310493850672,1.0,rebalance
2021-06-01,NVDA,-157,16.190464510072815,1.0,rebalance
2021-06-01,MSFT,2,240.67563268928157,1.0,rebalance
2021-06-01,AAPL,9,121.82910269539575,1.0,rebalance
2021-06-01,AMZN,3,162.191220552063,1.0,rebalance
2021-06-02,MSFT,-38,237.65832424604864,1.0,rebalance
2021-06-02,AAPL,-268,121.02567799895336,1.34,rebalance
2021-06-02,AMZN,-58,161.13888327941893,1.0,rebalance
2021-06-02,NVDA,-609,16.17280505284796,3.045,rebalance
2021-06-02,GLD,342,178.3578303375244,1.71,rebalance
2021-06-03,AAPL,-2,121.4151938803414,1.0,rebalance
2021-06-03,NVDA,-95,16.619111956778443,1.0,rebalance
2021-06-03,MSFT,1,234.91813006833112,1.0,rebalance
2021-06-03,GLD,6,175.84758483123778,1.0,rebalance
2021-06-03,AMZN,1,160.22752322540282,1.0,rebalance
2021-06-04,NVDA,-57,17.02884951075914,1.0,rebalance
2021-06-04,AAPL,4,120.84533781195378,1.0,rebalance
2021-06-04,GLD,1,176.667658895874,1.0,rebalance
2021-06-04,AMZN,1,160.61606610412596,1.0,rebalance
2021-06-07,GLD,-346,176.9423107131958,1.73,rebalance
2021-06-07,MSFT,40,239.47816675829714,1.0,rebalance
2021-06-07,AAPL,265,122.89074982162154,1.325,rebalance
2021-06-07,AMZN,65,159.88248750457763,1.0,rebalance
2021-06-07,NVDA,495,17.488847199809605,2.475,rebalance
2021-06-08,MSFT,-3,244.3916644219643,1.0,rebalance
2021-06-08,AAPL,1,123.30958402303092,1.0,rebalance
2021-06-08,NVDA,31,17.445059115692153,1.0,rebalance
2021-06-09,MSFT,-38,243.0986569070318,1.0,rebalance
2021-06-09,AAPL,-268,123.87894112856853,1.34,rebalance
2021-06-09,AMZN,-65,163.62712930297852,1.0,rebalance
2021-06-09,NVDA,-547,17.434122564388595,2.735,rebalance
2021-06-09,GLD,353,177.3977428833008,1.7650000000000001,rebalance
2021-06-10,MSFT,-1,243.55836719856632,1.0,rebalance
2021-06-10,AAPL,-1,123.6939155483416,1.0,rebalance
2021-06-10,AMZN,-1,164.08408433532716,1.0,rebalance
2021-06-10,GLD,1,176.717666947937,1.0,rebalance
2021-06-10,NVDA,22,17.272597933700716,1.0,rebalance
2021-06-11,MSFT,-2,247.10224224111624,1.0,rebalance
2021-06-11,AMZN,-5,167.46574991912843,1.0,rebalance
2021-06-11,NVDA,-5,17.39803606874257,1.0,rebalance
2021-06-11,AAPL,4,123.24139488678122,1.0,rebalance
2021-06-11,GLD,4,176.3476348312378,1.0,rebalance
2021-06-14,AAPL,-4,124.4729988733593,1.0,rebalance
2021-06-14,NVDA,-74,17.822551907494475,1.0,rebalance
2021-06-14,GLD,10,173.17731966247558,1.0,rebalance
2021-06-15,AAPL,-3,126.53747138569767,1.0,rebalance
2021-06-15,AMZN,-1,169.18307694854735,1.0,rebalance
2021-06-15,NVDA,23,17.83507822987097,1.0,rebalance
2021-06-16,AAPL,-3,126.95620360699124,1.0,rebalance
2021-06-16,AMZN,-1,169.58304610290529,1.0,rebalance
2021-06-16,GLD,1,173.9273946624756,1.0,rebalance
2021-06-16,NVDA,16,17.711382137875503,1.0,rebalance
2021-06-17,AAPL,-4,126.40115075024022,1.0,rebalance
2021-06-17,AMZN,-6,170.14198068237306,1.0,rebalance
2021-06-17,NVDA,-37,17.69166770987338,1.0,rebalance
2021-06-17,GLD,15,167.03670627288818,1.0,rebalance
2021-06-18,AMZN,-2,173.98209651031493,1.0,rebalance
2021-06-18,NVDA,-124,18.696461399070667,1.0,rebalance
2021-06-18,AAPL,3,127.31276468719764,1.0,rebalance
2021-06-18,GLD,11,166.1566133895874,1.0,rebalance
2021-06-21,MSFT,-1,248.8550125459973,1.0,rebalance
2021-06-21,GLD,-2,166.50335227203368,1.0,rebalance
2021-06-21,AMZN,-1,173.80361704559326,1.0,rebalance
2021-06-21,NVDA,46,18.353004458766684,1.0,rebalance
2021-06-22,MSFT,-1,251.6326857219373,1.0,rebalance
2021-06-22,AAPL,-4,128.67012936393644,1.0,rebalance
2021-06-22,GLD,2,166.36664110412596,1.0,rebalance
2021-06-22,AMZN,2,172.92029017791748,1.0,rebalance
2021-06-22,NVDA,4,18.38909706331377,1.0,rebalance
2021-06-23,NVDA,-50,18.919167238223537,1.0,rebalance
2021-06-23,GLD,4,166.9866982208252,1.0,rebalance
2021-06-24,AAPL,-1,130.9293635839944,1.0,rebalance
2021-06-24,NVDA,-25,19.138144119644398,1.0,rebalance
2021-06-24,GLD,2,167.0167,1.0,rebalance
2021-06-25,GLD,-2,167.43325194854737,1.0,rebalance
2021-06-25,NVDA,-14,19.19064743778727,1.0,rebalance
2021-06-25,AAPL,1,129.99130891214267,1.0,rebalance
2021-06-25,AMZN,3,173.217316947937,1.0,rebalance
2021-06-28,MSFT,-1,254.95618372971603,1.0,rebalance
2021-06-28,NVDA,-21,19.271015383989916,1.0,rebalance
2021-06-28,AMZN,4,170.817083052063,1.0,rebalance
2021-06-29,MSFT,-1,257.52309600150426,1.0,rebalance
2021-06-29,AAPL,-2,131.27017959226953,1.0,rebalance
2021-06-29,NVDA,-62,19.78984309583156,1.0,rebalance
2021-06-29,GLD,11,164.35643033752442,1.0,rebalance
2021-06-30,MSFT,-1,259.2661770227088,1.0,rebalance
2021-06-30,AAPL,-3,132.60436318900585,1.0,rebalance
2021-06-30,NVDA,-5,19.906045946537194,1.0,rebalance
2021-06-30,GLD,1,164.58646432495118,1.0,rebalance
2021-06-30,AMZN,1,172.0701990737915,1.0,rebalance
2021-07-01,GLD,-4,166.63332889709474,1.0,rebalance
2021-07-01,NVDA,-7,20.031209406136732,1.0,rebalance
2021-07-01,MSFT,1,258.2834772242241,1.0,rebalance
2021-07-01,AMZN,1,171.74767231750488,1.0,rebalance
2021-07-02,NVDA,-22,20.34499361563192,1.0,rebalance
2021-07-02,GLD,1,167.36674110412596,1.0,rebalance
2021-07-02,AMZN,1,172.5992589324951,1.0,rebalance
2021-07-06,MSFT,-1,266.2964419853038,1.0,rebalance
2021-07-06,AAPL,-1,136.4022201578544,1.0,rebalance
2021-07-06,AMZN,-1,176.48784261474609,1.0,rebalance
2021-07-06,GLD,2,169.28693127288818,1.0,rebalance
2021-07-07,AAPL,-5,139.78133937210671,1.0,rebalance
2021-07-07,AMZN,-13,185.85041639556886,1.0,rebalance
2021-07-07,MSFT,1,267.6621781241122,1.0,rebalance
2021-07-07,GLD,10,168.7368732208252,1.0,rebalance
2021-07-07,NVDA,19,20.76046438272548,1.0,rebalance
2021-07-08,GLD,-10,169.80302532348634,1.0,rebalance
2021-07-08,AMZN,2,182.19621157379152,1.0,rebalance
2021-07-08,NVDA,105,19.767915525322564,1.0,rebalance
2021-07-09,AAPL,-1,139.01202081360702,1.0,rebalance
2021-07-09,AMZN,-5,186.10739447937013,1.0,rebalance
2021-07-09,NVDA,-5,19.8694648625788,1.0,rebalance
2021-07-09,MSFT,1,264.13682464484765,1.0,rebalance
2021-07-09,GLD,4,168.85688033752442,1.0,rebalance
2021-07-12,AAPL,-7,142.38147303017007,1.0,rebalance
2021-07-12,NVDA,-15,20.145674283367452,1.0,rebalance
2021-07-12,GLD,5,168.716866947937,1.0,rebalance
2021-07-13,GLD,-3,169.49304350738527,1.0,rebalance
2021-07-13,NVDA,-30,20.305424554767747,1.0,rebalance
2021-07-13,AAPL,5,140.2865890577603,1.0,rebalance
2021-07-13,AMZN,3,185.12350622711182,1.0,rebalance
2021-07-14,MSFT,-1,270.4342198589586,1.0,rebalance
2021-07-14,AAPL,-7,144.22193764572705,1.0,rebalance
2021-07-14,AMZN,2,185.46104913330078,1.0,rebalance
2021-07-14,NVDA,32,20.266929687383513,1.0,rebalance
2021-07-15,MSFT,-1,270.098953124661,1.0,rebalance
2021-07-15,AAPL,-5,145.33209325862637,1.0,rebalance
2021-07-15,GLD,-1,170.87291038970946,1.0,rebalance
2021-07-15,NVDA,69,19.72336627199747,1.0,rebalance
2021-07-16,MSFT,-2,270.16599594855296,1.0,rebalance
2021-07-16,AAPL,-2,144.57251478413198,1.0,rebalance
2021-07-16,GLD,-6,170.63292889709473,1.0,rebalance
2021-07-16,AMZN,2,181.68366337585448,1.0,rebalance
2021-07-16,NVDA,91,18.945600648051972,1.0,rebalance
2021-07-19,MSFT,-2,267.15848983694855,1.0,rebalance
2021-07-19,GLD,-9,169.49304350738527,1.0,rebalance
2021-07-19,NVDA,-944,17.831757051405585,4.72,rebalance
2021-07-19,AAPL,3,140.01383783571612,1.0,rebalance
2021-07-19,AMZN,2,176.64666070251465,1.0,rebalance
2021-07-20,MSFT,-214,266.2964235697726,1.07,rebalance
2021-07-20,AAPL,-406,139.703451927496,2.0300000000000002,rebalance
2021-07-20,NVDA,-2129,18.642712272580038,10.645,rebalance
2021-07-20,AMZN,-322,178.34816071472167,1.61,rebalance
2021-07-20,GLD,384,170.5270455062866,1.92,rebalance
2021-07-21,GLD,-379,168.31316883087158,1.895,rebalance
2021-07-21,MSFT,213,267.1831602912014,1.065,rebalance
2021-07-21,AAPL,402,141.7475523708002,2.0100000000000002,rebalance
2021-07-21,NVDA,3032,18.797763760652124,15.16,rebalance
2021-07-21,AMZN,318,178.83688214416503,1.59,rebalance
2021-07-22,MSFT,-1,271.86125270840444,1.0,rebalance
2021-07-22,NVDA,-86,19.55045911779041,1.0,rebalance
2021-07-22,AAPL,3,142.1469242865068,1.0,rebalance
2021-07-22,GLD,4,168.50685449371338,1.0,rebalance
2021-07-22,AMZN,3,179.37943212127686,1.0,rebalance
2021-07-23,MSFT,-1,275.24229261849763,1.0,rebalance
2021-07-23,AAPL,-1,143.68634090024267,1.0,rebalance
2021-07-23,AMZN,-2,181.9818,1.0,rebalance
2021-07-23,GLD,4,168.51685,1.0,rebalance
2021-07-23,NVDA,15,19.568312672550537,1.0,rebalance
2021-07-26,MSFT,-1,276.8034622369845,1.0,rebalance
2021-07-26,AAPL,-2,144.38747623178506,1.0,rebalance
2021-07-26,AMZN,-3,183.640127192688,1.0,rebalance
2021-07-26,NVDA,54,19.22484814433468,1.0,rebalance
2021-07-27,AAPL,-2,145.21524740079033,1.0,rebalance
2021-07-27,AMZN,-1,184.90651055145264,1.0,rebalance
2021-07-27,GLD,1,168.7468687271118,1.0,rebalance
2021-07-27,NVDA,13,19.17905261644802,1.0,rebalance
2021-07-28,MSFT,-1,276.79388456794777,1.0,rebalance
2021-07-28,GLD,-2,168.24316850738526,1.0,rebalance
2021-07-28,NVDA,-31,19.22896524897575,1.0,rebalance
2021-07-28,AAPL,8,141.0462938729315,1.0,rebalance
2021-07-28,AMZN,2,181.70716426086426,1.0,rebalance
2021-07-29,GLD,-7,170.68292694854736,1.0,rebalance
2021-07-29,NVDA,-20,19.428032410919833,1.0,rebalance
2021-07-29,MSFT,1,274.2148195009951,1.0,rebalance
2021-07-29,AAPL,2,140.92943890367908,1.0,rebalance
2021-07-29,AMZN,1,181.40563569793702,1.0,rebalance
2021-07-30,MSFT,-1,273.13513648728144,1.0,rebalance
2021-07-30,AAPL,-4,140.59934747922674,1.0,rebalance
2021-07-30,GLD,-8,170.70292922058107,1.0,rebalance
2021-07-30,NVDA,-26,19.32750372133991,1.0,rebalance
2021-07-30,AMZN,22,167.41424646453856,1.0,rebalance
2021-08-02,AAPL,-4,142.52752227260288,1.0,rebalance
2021-08-02,AMZN,-112,167.63823327941896,1.0,rebalance
2021-08-02,NVDA,-33,19.608195143987395,1.0,rebalance
2021-08-02,GLD,6,169.31693305206298,1.0,rebalance
2021-08-03,GLD,-386,169.40305616912843,1.93,rebalance
2021-08-03,MSFT,37,273.429273507591,1.0,rebalance
2021-08-03,AAPL,244,142.02028973733582,1.22,rebalance
2021-08-03,AMZN,175,167.0526990829468,1.0,rebalance
2021-08-03,NVDA,510,19.65193094472369,2.5500000000000003,rebalance
2021-08-04,MSFT,-35,274.14086131212133,1.0,rebalance
2021-08-04,AAPL,-244,143.4136491111661,1.22,rebalance
2021-08-04,AMZN,-61,168.95060202941895,1.0,rebalance
2021-08-04,NVDA,-531,19.896840693057417,2.6550000000000002,rebalance
2021-08-04,GLD,383,171.2971267791748,1.915,rebalance
2021-08-05,MSFT,-1,274.77301150108366,1.0,rebalance
2021-08-05,NVDA,-72,20.404460352558672,1.0,rebalance
2021-08-05,GLD,7,169.38693211669923,1.0,rebalance
2021-08-05,AMZN,1,167.82778573913575,1.0,rebalance
2021-08-06,MSFT,-2,276.3341722642542,1.0,rebalance
2021-08-06,AMZN,-2,168.733125,1.0,rebalance
2021-08-06,NVDA,-15,20.428342853289568,1.0,rebalance
2021-08-06,GLD,10,165.8565803375244,1.0,rebalance
2021-08-09,GLD,-393,162.99369350738525,1.965,rebalance
2021-08-09,MSFT,34,277.5774912298925,1.0,rebalance
2021-08-09,AAPL,240,142.61349468631917,1.2,rebalance
2021-08-09,AMZN,61,167.1972142654419,1.0,rebalance
2021-08-09,NVDA,493,20.35478401990185,2.465,rebalance
2021-08-10,MSFT,-36,276.61194831599266,1.0,rebalance
2021-08-10,AAPL,-243,142.81906290324082,1.215,rebalance
2021-08-10,AMZN,-61,167.23377848968505,1.0,rebalance
2021-08-10,NVDA,-489,20.227295754837368,2.445,rebalance
2021-08-10,GLD,404,161.4061383895874,2.02,rebalance
2021-08-11,GLD,-404,163.13367889709474,2.02,rebalance
2021-08-11,MSFT,37,275.14409780337775,1.0,rebalance
2021-08-11,AAPL,242,142.4672073595603,1.21,rebalance
2021-08-11,AMZN,61,166.5891517562866,1.0,rebalance
2021-08-11,NVDA,544,19.953581751997877,2.72,rebalance
2021-08-12,MSFT,-36,274.53356624107874,1.0,rebalance
2021-08-12,AAPL,-243,142.575249172367,1.215,rebalance
2021-08-12,AMZN,-57,164.48355,1.0,rebalance
2021-08-12,NVDA,-494,19.77739845838818,2.47,rebalance
2021-08-12,GLD,393,163.66635889587403,1.965,rebalance
2021-08-13,MSFT,-1,277.26330880197816,1.0,rebalance
2021-08-13,AAPL,-5,145.28650807346907,1.0,rebalance
2021-08-13,NVDA,16,19.816201250863266,1.0,rebalance
2021-08-16,MSFT,-1,280.8167167299367,1.0,rebalance
2021-08-16,GLD,-3,166.7133227279663,1.0,rebalance
2021-08-16,NVDA,-17,20.04116208064762,1.0,rebalance
2021-08-16,AAPL,2,144.89610030451777,1.0,rebalance
2021-08-16,AMZN,4,164.166408895874,1.0,rebalance
2021-08-17,AAPL,-4,146.51535261188937,1.0,rebalance
2021-08-17,GLD,-3,167.2732642868042,1.0,rebalance
2021-08-17,NVDA,60,19.59717663005438,1.0,rebalance
2021-08-18,MSFT,-1,280.2507273757774,1.0,rebalance
2021-08-18,GLD,-1,167.22328149261475,1.0,rebalance
2021-08-18,AMZN,3,162.11571251373292,1.0,rebalance
2021-08-18,NVDA,17,19.413005370849064,1.0,rebalance
2021-08-19,MSFT,-204,277.03600723513443,1.02,rebalance
2021-08-19,AAPL,-391,141.4439458231479,1.955,rebalance
2021-08-19,NVDA,-2940,19.403151561982305,14.700000000000001,rebalance
2021-08-19,AMZN,-352,159.6850339279175,1.76,rebalance
2021-08-19,GLD,380,167.25672949371338,1.9000000000000001,rebalance
2021-08-20,GLD,1,166.81668305206298,1.0,rebalance
2021-08-23,GLD,-774,168.80312532348634,3.87,rebalance
2021-08-23,MSFT,229,291.06632061767965,1.145,rebalance
2021-08-23,AAPL,630,144.67177940249596,3.15,rebalance
2021-08-23,NVDA,3205,20.87744069909016,16.025,rebalance
2021-08-23,AMZN,416,160.6110607208252,2.08,rebalance
2021-08-24,MSFT,-32,292.70674434170246,1.0,rebalance
2021-08-24,AAPL,-235,145.75463984339018,1.175,rebalance
2021-08-24,AMZN,-65,163.9836,1.0,rebalance
2021-08-24,NVDA,-546,21.651621560341837,2.73,rebalance
2021-08-24,GLD,390,169.05689728546142,1.95,rebalance
2021-08-25,AAPL,-1,146.1057123430288,1.0,rebalance
2021-08-25,AMZN,-3,165.4769504058838,1.0,rebalance
2021-08-25,GLD,4,167.89679288330078,1.0,rebalance
2021-08-26,NVDA,-59,22.096538057092307,1.0,rebalance
2021-08-26,MSFT,1,288.8971624232272,1.0,rebalance
2021-08-26,AAPL,2,144.71076740437636,1.0,rebalance
2021-08-26,GLD,1,167.22672771453858,1.0,rebalance
2021-08-27,AMZN,-3,166.64483287353517,1.0,rebalance
2021-08-27,MSFT,2,286.97752804640726,1.0,rebalance
2021-08-27,AAPL,3,143.8620988772426,1.0,rebalance
2021-08-27,NVDA,1,22.085032603390957,1.0,rebalance
2021-08-30,NVDA,-43,22.723606049059523,1.0,rebalance
2021-08-30,MSFT,1,289.0219280282212,1.0,rebalance
2021-08-30,AMZN,1,167.8882928878784,1.0,rebalance
2021-08-31,AAPL,-5,148.8852765307441,1.0,rebalance
2021-08-31,AMZN,-4,171.22288149261476,1.0,rebalance
2021-08-31,GLD,5,169.24691872711182,1.0,rebalance
2021-08-31,NVDA,32,22.597738149564954,1.0,rebalance
2021-09-01,GLD,-1,169.92300844116212,1.0,rebalance
2021-09-01,AMZN,-6,174.80252532348632,1.0,rebalance
2021-09-01,NVDA,31,22.388636643193543,1.0,rebalance
2021-09-02,AAPL,-2,150.06532795799367,1.0,rebalance
2021-09-02,NVDA,-3,22.41701144009198,1.0,rebalance
2021-09-02,MSFT,1,290.0585540856344,1.0,rebalance
2021-09-02,GLD,1,169.51695,1.0,rebalance
2021-09-03,AAPL,-1,149.95803464978565,1.0,rebalance
2021-09-03,GLD,-4,170.57293733825685,1.0,rebalance
2021-09-03,AMZN,3,172.61726610412597,1.0,rebalance
2021-09-03,NVDA,16,22.22932298298542,1.0,rebalance
2021-09-07,AAPL,-1,151.13817744767135,1.0,rebalance
2021-09-07,NVDA,-46,22.730600355632927,1.0,rebalance
2021-09-07,MSFT,1,288.9165130352107,1.0,rebalance
2021-09-07,GLD,5,169.5769535583496,1.0,rebalance
2021-09-08,AAPL,-6,153.09843797924952,1.0,rebalance
2021-09-08,AMZN,-4,175.5649460220337,1.0,rebalance
2021-09-08,MSFT,1,287.7357849826317,1.0,rebalance
2021-09-08,GLD,5,168.03680627288819,1.0,rebalance
2021-09-08,NVDA,31,22.416517462813868,1.0,rebalance
2021-09-09,GLD,-1,168.15318116912843,1.0,rebalance
2021-09-09,AMZN,-2,176.28336477355958,1.0,rebalance
2021-09-09,AAPL,2,151.67561225837312,1.0,rebalance
2021-09-09,NVDA,20,22.216375868066947,1.0,rebalance
2021-09-10,GLD,-399,167.79321655883788,1.995,rebalance
2021-09-10,MSFT,36,286.4304559266897,1.0,rebalance
2021-09-10,AAPL,235,151.19764571539108,1.175,rebalance
2021-09-10,AMZN,60,175.1090161087036,1.0,rebalance
2021-09-10,NVDA,456,22.252224779612717,2.2800000000000002,rebalance
2021-09-13,MSFT,-36,285.5383072368159,1.0,rebalance
2021-09-13,AAPL,-225,146.90545551109003,1.125,rebalance
2021-09-13,AMZN,-59,174.12258538970949,1.0,rebalance
2021-09-13,NVDA,-523,22.582267364683297,2.615,rebalance
2021-09-13,GLD,395,167.466741947937,1.975,rebalance
2021-09-14,MSFT,-2,287.46711639204693,1.0,rebalance
2021-09-14,GLD,-2,168.20317922058106,1.0,rebalance
2021-09-14,NVDA,43,22.17953655530048,1.0,rebalance
2021-09-15,GLD,-395,168.11319188232423,1.975,rebalance
2021-09-15,MSFT,32,291.07606063423924,1.0,rebalance
2021-09-15,AAPL,246,144.91562259763393,1.23,rebalance
2021-09-15,AMZN,62,172.14321968078613,1.0,rebalance
2021-09-15,NVDA,458,22.213388591193127,2.29,rebalance
2021-09-16,MSFT,-35,291.49763212809614,1.0,rebalance
2021-09-16,AAPL,-242,144.76960840367698,1.21,rebalance
2021-09-16,AMZN,-61,172.98070129852294,1.0,rebalance
2021-09-16,NVDA,-455,22.083514633321787,2.275,rebalance
2021-09-16,GLD,405,164.39644288330078,2.025,rebalance
2021-09-17,AAPL,-1,145.14022593943093,1.0,rebalance
2021-09-17,AMZN,-2,174.40305965881348,1.0,rebalance
2021-09-17,NVDA,-9,22.199986066046158,1.0,rebalance
2021-09-17,GLD,3,163.8763866104126,1.0,rebalance
2021-09-20,GLD,-13,164.2735642868042,1.0,rebalance
2021-09-20,AAPL,5,140.27238594042737,1.0,rebalance
2021-09-20,NVDA,84,21.05537400780554,1.0,rebalance
2021-09-21,MSFT,-199,283.7533749234156,1.0,rebalance
2021-09-21,AAPL,-404,140.37110794220638,2.02,rebalance
2021-09-21,NVDA,-2693,21.32094745802517,13.465,rebalance
2021-09-21,AMZN,-333,168.733125,1.665,rebalance
2021-09-21,GLD,388,165.8265785583496,1.94,rebalance
2021-09-23,GLD,-782,164.08359610290526,3.91,rebalance
2021-09-23,MSFT,232,286.8431634581696,1.16,rebalance
2021-09-23,AAPL,636,143.0524591497036,3.18,rebalance
2021-09-23,NVDA,3027,22.045112614600175,15.135,rebalance
2021-09-23,AMZN,394,169.01940269165038,1.97,rebalance
2021-09-24,AMZN,-2,170.08348433532714,1.0,rebalance
2021-09-24,AAPL,3,142.08677388454896,1.0,rebalance
2021-09-24,NVDA,2,21.975418697894973,1.0,rebalance
2021-09-27,AAPL,-2,141.8730577154801,1.0,rebalance
2021-09-27,GLD,-2,163.83362110290528,1.0,rebalance
2021-09-27,NVDA,33,21.616957251391398,1.0,rebalance
2021-09-28,GLD,-1,162.7137227279663,1.0,rebalance
2021-09-28,AMZN,-3,167.8687094970703,1.0,rebalance
2021-09-28,MSFT,2,278.1567667134594,1.0,rebalance
2021-09-28,NVDA,29,21.12308365738164,1.0,rebalance
2021-09-29,MSFT,-234,273.59081322836784,1.17,rebalance
2021-09-29,AAPL,-637,138.94719511862567,3.185,rebalance
2021-09-29,NVDA,-3091,20.846093118074347,15.455,rebalance
2021-09-29,AMZN,-389,166.08888871765137,1.945,rebalance
2021-09-29,GLD,771,162.36624110412598,3.855,rebalance
2021-09-30,GLD,-772,162.64373766174316,3.86,rebalance
2021-09-30,MSFT,236,274.23104926143293,1.18,rebalance
2021-09-30,AAPL,630,140.13583203937523,3.15,rebalance
2021-09-30,NVDA,3131,20.678996112113477,15.655000000000001,rebalance
2021-09-30,AMZN,390,165.81658305206298,1.95,rebalance
2021-10-01,GLD,-194,164.25357727203368,1.0,rebalance
2021-10-01,MSFT,28,270.78535219220555,1.0,rebalance
2021-10-01,AAPL,74,138.41898520772978,1.0,rebalance
2021-10-01,AMZN,44,164.46694553833007,1.0,rebalance
2021-10-01,NVDA,329,20.66106936358816,1.645,rebalance
2021-10-04,MSFT,-30,275.798060638414,1.0,rebalance
2021-10-04,AAPL,-69,138.25477543438706,1.0,rebalance
2021-10-04,AMZN,-41,163.953100730896,1.0,rebalance
2021-10-04,NVDA,-306,20.412048115012535,1.53,rebalance
2021-10-04,GLD,190,163.7063714416504,1.0,rebalance
2021-10-05,MSFT,-1,272.5832617358898,1.0,rebalance
2021-10-05,GLD,-2,163.92360844116212,1.0,rebalance
2021-10-05,AMZN,2,160.24102860412597,1.0,rebalance
2021-10-05,NVDA,36,19.864502369507537,1.0,rebalance
2021-10-06,MSFT,-1,274.24338901952115,1.0,rebalance
2021-10-06,NVDA,-15,20.029762859365665,1.0,rebalance
2021-10-06,AAPL,2,136.04864650939422,1.0,rebalance
2021-10-07,MSFT,-1,283.26401491255456,1.0,rebalance
2021-10-07,NVDA,-68,20.997405891345192,1.0,rebalance
2021-10-07,GLD,4,164.03640627288817,1.0,rebalance
2021-10-07,AMZN,1,164.59345354919432,1.0,rebalance
2021-10-08,NVDA,14,21.010566085404037,1.0,rebalance
2021-10-11,AAPL,-1,138.75219983438947,1.0,rebalance
2021-10-11,NVDA,37,20.486818122028712,1.0,rebalance
2021-10-12,MSFT,-1,283.4175375133478,1.0,rebalance
2021-10-12,AAPL,-1,139.68843432989775,1.0,rebalance
2021-10-12,NVDA,-22,20.73458830648875,1.0,rebalance
2021-10-12,AMZN,3,162.86629110412596,1.0,rebalance
2021-10-13,GLD,-1,165.26347077941895,1.0,rebalance
2021-10-13,AMZN,-2,163.46915559997558,1.0,rebalance
2021-10-13,NVDA,-20,20.824183248356718,1.0,rebalance
2021-10-13,AAPL,7,137.77522565929803,1.0,rebalance
2021-10-14,MSFT,-1,287.1312451524556,1.0,rebalance
2021-10-14,GLD,-1,168.1731834411621,1.0,rebalance
2021-10-14,NVDA,-20,21.192529246128032,1.0,rebalance
2021-10-14,AAPL,3,138.62383463187885,1.0,rebalance
2021-10-15,MSFT,-1,290.1349468285916,1.0,rebalance
2021-10-15,AAPL,-1,140.21508857371063,1.0,rebalance
2021-10-15,NVDA,-49,21.712185093328824,1.0,rebalance
2021-10-15,GLD,3,165.4065383895874,1.0,rebalance
2021-10-15,AMZN,2,165.58755624542235,1.0,rebalance
2021-10-18,MSFT,-34,291.31529062700463,1.0,rebalance
2021-10-18,AAPL,-241,139.90302499864634,1.205,rebalance
2021-10-18,AMZN,-66,169.40105746765136,1.0,rebalance
2021-10-18,NVDA,-444,21.65145917807855,2.22,rebalance
2021-10-18,GLD,391,165.4365401687622,1.955,rebalance
2021-10-19,AAPL,-4,143.3749833025553,1.0,rebalance
2021-10-19,NVDA,-26,22.176091025251388,1.0,rebalance
2021-10-19,GLD,4,166.51665,1.0,rebalance
2021-10-20,AAPL,-3,145.0231531895235,1.0,rebalance
2021-10-20,AMZN,-1,172.6157323059082,1.0,rebalance
2021-10-20,GLD,3,166.22662771453858,1.0,rebalance
2021-10-20,NVDA,3,22.209409482784725,1.0,rebalance
2021-10-21,AAPL,-2,145.13046578204282,1.0,rebalance
2021-10-21,GLD,-3,166.68332694854737,1.0,rebalance
2021-10-21,AMZN,2,170.72956514587403,1.0,rebalance
2021-10-21,NVDA,16,22.002301020059388,1.0,rebalance
2021-10-22,NVDA,-54,22.720641412472894,1.0,rebalance
2021-10-22,AAPL,1,146.0179103249027,1.0,rebalance
2021-10-22,AMZN,3,171.067108052063,1.0,rebalance
2021-10-25,GLD,-3,168.64313766174317,1.0,rebalance
2021-10-25,NVDA,-28,22.869971396362175,1.0,rebalance
2021-10-25,AAPL,1,145.03266660524258,1.0,rebalance
2021-10-25,AMZN,7,166.766675,1.0,rebalance
2021-10-26,TSLA,-646,341.5291676422119,3.23,rebalance
2021-10-26,NVDA,-87,23.88141360589536,1.0,rebalance
2021-10-26,AAPL,1,145.66670858533652,1.0,rebalance
2021-10-26,GLD,6,167.89679288330078,1.0,rebalance
2021-10-26,AMZN,2,167.4922419342041,1.0,rebalance
2021-10-27,MSFT,-3,303.24344551478873,1.0,rebalance
2021-10-27,AMZN,-4,169.38305389709473,1.0,rebalance
2021-10-27,NVDA,-52,24.36423607081333,1.0,rebalance
2021-10-27,TSLA,9,346.58800006103513,1.0,rebalance
2021-10-28,MSFT,-6,311.23719649925897,1.0,rebalance
2021-10-28,AAPL,-3,146.11552432135775,1.0,rebalance
2021-10-28,GLD,-7,168.9630977279663,1.0,rebalance
2021-10-28,AMZN,-4,170.0879852279663,1.0,rebalance
2021-10-28,NVDA,-54,24.766426547395852,1.0,rebalance
2021-10-28,TSLA,22,356.1389428527832,1.0,rebalance
2021-10-29,MSFT,-3,311.0452847556384,1.0,rebalance
2021-10-29,AAPL,-1,143.5797620375099,1.0,rebalance
2021-10-29,GLD,-2,166.2733642868042,1.0,rebalance
2021-10-29,NVDA,-55,24.888878330122616,1.0,rebalance
2021-10-29,TSLA,615,360.65605711669923,3.075,rebalance
2021-10-29,AMZN,3,165.01750718078614,1.0,rebalance
2021-11-01,MSFT,-2,317.98339293706346,1.0,rebalance
2021-11-01,NVDA,-26,25.53397062362324,1.0,rebalance
2021-11-01,GLD,3,167.3967428833008,1.0,rebalance
2021-11-02,TSLA,-562,386.4146932891846,2.81,rebalance
2021-11-02,NVDA,-19,25.706194507672624,1.0,rebalance
2021-11-02,AMZN,3,165.76707859039306,1.0,rebalance
2021-11-03,MSFT,-2,320.42089579547235,1.0,rebalance
2021-11-03,AAPL,-5,146.67141970012486,1.0,rebalance
2021-11-03,NVDA,-80,26.55038702511424,1.0,rebalance
2021-11-03,TSLA,10,392.4825731903076,1.0,rebalance
2021-11-03,GLD,4,165.35653033752442,1.0,rebalance
2021-11-04,MSFT,-3,319.4517473357402,1.0,rebalance
2021-11-04,AAPL,-10,147.8319602647951,1.0,rebalance
2021-11-04,GLD,-18,167.49324350738524,1.0,rebalance
2021-11-04,AMZN,-12,168.48315,1.0,rebalance
2021-11-04,NVDA,-83,27.10688227474292,1.0,rebalance
2021-11-04,TSLA,35,411.5111482208252,1.0,rebalance
2021-11-05,TSLA,-17,409.2924101715088,1.0,rebalance
2021-11-05,AMZN,-1,173.83262110290528,1.0,rebalance
2021-11-05,NVDA,-146,30.05161695053419,1.0,rebalance
2021-11-05,MSFT,1,324.909801910124,1.0,rebalance
2021-11-05,AAPL,9,148.38021327274237,1.0,rebalance
2021-11-05,GLD,13,168.43684016876222,1.0,rebalance
2021-11-08,TSLA,-61,383.22500984802247,1.0,rebalance
2021-11-08,MSFT,8,323.7483722633774,1.0,rebalance
2021-11-08,AAPL,17,147.91127152140322,1.0,rebalance
2021-11-08,GLD,18,170.44703567504882,1.0,rebalance
2021-11-08,AMZN,8,176.17961876373292,1.0,rebalance
2021-11-08,NVDA,82,30.019788188541444,1.0,rebalance
2021-11-09,GLD,-2,170.71292272796632,1.0,rebalance
2021-11-09,NVDA,-135,32.137223906382765,1.0,rebalance
2021-11-09,AAPL,3,146.72920522890897,1.0,rebalance
2021-11-09,TSLA,595,391.23913220825193,2.975,rebalance
2021-11-10,AAPL,-3,146.5240780500875,1.0,rebalance
2021-11-10,GLD,-15,173.65263116912843,1.0,rebalance
2021-11-10,AMZN,-6,178.17567735443114,1.0,rebalance
2021-11-10,NVDA,166,29.230190578107415,1.0,rebalance
2021-11-11,NVDA,-70,30.33135847316426,1.0,rebalance
2021-11-11,MSFT,2,317.9414645385996,1.0,rebalance
2021-11-11,AAPL,3,145.51786630204896,1.0,rebalance
2021-11-11,AMZN,4,175.667558895874,1.0,rebalance
2021-11-12,MSFT,-1,320.4400909779273,1.0,rebalance
2021-11-12,GLD,-1,173.49264350738525,1.0,rebalance
2021-11-12,AMZN,1,174.267425,1.0,rebalance
2021-11-12,NVDA,21,29.881387995039074,1.0,rebalance
2021-11-15,NVDA,-14,30.41497910736974,1.0,rebalance
2021-11-15,GLD,3,174.11741610412597,1.0,rebalance
2021-11-16,AAPL,-1,146.4459106717912,1.0,rebalance
2021-11-16,GLD,-2,173.95260422058107,1.0,rebalance
2021-11-16,AMZN,-2,176.93230194854738,1.0,rebalance
2021-11-16,NVDA,40,29.631466241722084,1.0,rebalance
2021-11-17,MSFT,-1,325.85257906217174,1.0,rebalance
2021-11-17,NVDA,-27,30.2815782092487,1.0,rebalance
2021-11-17,GLD,3,174.25742949371337,1.0,rebalance
2021-11-18,AAPL,-2,150.12810457723916,1.0,rebalance
2021-11-18,NVDA,-96,32.22183301789284,1.0,rebalance
2021-11-18,MSFT,2,325.1868415478174,1.0,rebalance
2021-11-18,GLD,8,173.97740271453858,1.0,rebalance
2021-11-18,AMZN,3,178.33533663330078,1.0,rebalance
2021-11-19,AAPL,-6,153.97627395533593,1.0,rebalance
2021-11-19,AMZN,-9,185.61594277496337,1.0,rebalance
2021-11-19,GLD,8,173.7073714416504,1.0,rebalance
2021-11-19,NVDA,28,32.104822047607335,1.0,rebalance
2021-11-22,AAPL,-8,157.9123427859121,1.0,rebalance
2021-11-22,NVDA,-65,33.366679118455885,1.0,rebalance
2021-11-22,GLD,16,169.916983895874,1.0,rebalance
2021-11-22,AMZN,4,183.83738214416505,1.0,rebalance
2021-11-23,AAPL,-7,157.36541179959514,1.0,rebalance
2021-11-23,GLD,-3,167.26327077941895,1.0,rebalance
2021-11-23,AMZN,1,179.26992410125732,1.0,rebalance
2021-11-23,NVDA,73,31.399847452633004,1.0,rebalance
2021-11-24,AAPL,-1,157.00405405243853,1.0,rebalance
2021-11-24,NVDA,-1,31.3198999345015,1.0,rebalance
2021-11-24,AMZN,1,178.15131249542236,1.0,rebalance
2021-11-26,GLD,-2,168.5831461029053,1.0,rebalance
2021-11-26,NVDA,-51,32.4537889248241,1.0,rebalance
2021-11-26,MSFT,2,321.5040058410393,1.0,rebalance
2021-11-26,AAPL,5,155.88272269520346,1.0,rebalance
2021-11-29,MSFT,-188,322.0069194276271,1.0,rebalance
2021-11-29,AAPL,-387,155.6562176429928,1.935,rebalance
2021-11-29,NVDA,-1863,32.220849217845725,9.315,rebalance
2021-11-29,AMZN,-336,177.36426558380128,1.68,rebalance
2021-11-29,GLD,413,166.8566803375244,2.065,rebalance
2021-11-30,GLD,-2,167.75322727203368,1.0,rebalance
2021-12-01,GLD,2,166.8566803375244,1.0,rebalance
2021-12-02,GLD,-1028,165.87341038970948,5.14,rebalance
2021-12-02,MSFT,247,317.6096596490045,1.235,rebalance
2021-12-02,AAPL,690,155.07189192803986,3.45,rebalance
2021-12-02,NVDA,2524,31.08402847130164,12.620000000000001,rebalance
2021-12-02,AMZN,453,173.0173,2.265,rebalance
2021-12-03,MSFT,-247,319.1708750693163,1.235,rebalance
2021-12-03,AAPL,-690,160.19780990840474,3.45,rebalance
2021-12-03,NVDA,-2524,31.860385863758648,12.620000000000001,rebalance
2021-12-03,AMZN,-453,172.732725,2.265,rebalance
2021-12-03,GLD,1050,165.50655449371337,5.25,rebalance
2021-12-06,GLD,-2,166.12338538970948,1.0,rebalance
2021-12-08,GLD,-838,166.49334350738525,4.19,rebalance
2021-12-08,MSFT,222,322.42713338434885,1.11,rebalance
2021-12-08,AAPL,582,168.15246919414145,2.91,rebalance
2021-12-08,NVDA,2255,31.865762363422117,11.275,rebalance
2021-12-08,AMZN,408,176.1681124862671,2.04,rebalance
2021-12-09,MSFT,-32,321.4974070615559,1.0,rebalance
2021-12-09,AAPL,-224,170.83410690397486,1.12,rebalance
2021-12-09,AMZN,-60,175.732425,1.0,rebalance
2021-12-09,NVDA,-322,31.59554614909896,1.61,rebalance
2021-12-09,GLD,418,166.55664728546142,2.09,rebalance
2021-12-10,GLD,-314,166.70332922058105,1.57,rebalance
2021-12-10,MSFT,20,322.10986312972875,1.0,rebalance
2021-12-10,AAPL,182,171.16129685841258,1.0,rebalance
2021-12-10,AMZN,38,175.4345491470337,1.0,rebalance
2021-12-10,NVDA,253,31.020296553722222,1.2650000000000001,rebalance
2021-12-13,GLD,-104,166.88330389709472,1.0,rebalance
2021-12-13,MSFT,9,327.59084571081206,1.0,rebalance
2021-12-13,AAPL,14,176.93473249483003,1.0,rebalance
2021-12-13,AMZN,32,172.0172,1.0,rebalance
2021-12-13,NVDA,204,30.123048674041478,1.02,rebalance
2021-12-14,MSFT,-13,320.35333211690374,1.0,rebalance
2021-12-14,AAPL,-30,171.16613786474636,1.0,rebalance
2021-12-14,AMZN,-25,167.53324805145263,1.0,rebalance
2021-12-14,NVDA,-801,27.578146163227327,4.005,rebalance
2021-12-14,GLD,96,165.35653033752442,1.0,rebalance
2021-12-15,AMZN,-2,168.5811474014282,1.0,rebalance
2021-12-15,MSFT,2,315.984544071311,1.0,rebalance
2021-12-15,NVDA,737,28.281749553180127,3.685,rebalance
2021-12-16,GLD,-97,166.99329350738526,1.0,rebalance
2021-12-16,NVDA,-6,31.016087214028754,1.0,rebalance
2021-12-16,MSFT,14,322.81174099866297,1.0,rebalance
2021-12-16,AAPL,36,175.13728035601156,1.0,rebalance
2021-12-16,AMZN,24,173.38583660583495,1.0,rebalance
2021-12-17,MSFT,-11,308.48991073620346,1.0,rebalance
2021-12-17,AAPL,-27,165.97012849970943,1.0,rebalance
2021-12-17,AMZN,-28,167.69372394561768,1.0,rebalance
2021-12-17,GLD,87,168.7468687271118,1.0,rebalance
2021-12-17,NVDA,8,27.868476257080626,1.0,rebalance
2021-12-20,MSFT,-1,307.69186331718294,1.0,rebalance
2021-12-20,AMZN,-1,166.83332110290527,1.0,rebalance
2021-12-20,NVDA,-1539,27.185869081588816,7.695,rebalance
2021-12-21,MSFT,-1,310.8067611006827,1.0,rebalance
2021-12-21,AAPL,-4,167.56214118253274,1.0,rebalance
2021-12-21,GLD,2,167.70677144165037,1.0,rebalance
2021-12-21,NVDA,1509,28.255857776120997,7.545,rebalance
2021-12-22,MSFT,-1,315.62329420494063,1.0,rebalance
2021-12-22,NVDA,-19,28.764952571099844,1.0,rebalance
2021-12-22,GLD,3,167.5967598312378,1.0,rebalance
2021-12-22,AMZN,1,169.28693127288818,1.0,rebalance
2021-12-23,GLD,-98,168.67313344116212,1.0,rebalance
2021-12-23,MSFT,11,319.96548095836357,1.0,rebalance
2021-12-23,AAPL,29,171.78652395718208,1.0,rebalance
2021-12-23,AMZN,25,170.4450365737915,1.0,rebalance
2021-12-23,NVDA,94,29.63110219942754,1.0,rebalance
2021-12-27,AAPL,-1,172.96326756914274,1.0,rebalance
2021-12-27,NVDA,16,29.53650221019,1.0,rebalance
2021-12-28,MSFT,-1,329.8998976738359,1.0,rebalance
2021-12-28,NVDA,-83,31.175387305480854,1.0,rebalance
2021-12-28,GLD,2,169.3469348312378,1.0,rebalance
2021-12-28,AMZN,10,170.19951336669922,1.0,rebalance
2021-12-29,AAPL,-2,175.1510629157736,1.0,rebalance
2021-12-29,AMZN,-4,170.82291233825683,1.0,rebalance
2021-12-29,GLD,1,167.3767366104126,1.0,rebalance
2021-12-29,NVDA,57,30.14694865619338,1.0,rebalance
2021-12-30,MSFT,-1,328.70782144198114,1.0,rebalance
2021-12-30,AAPL,-2,175.28782229126983,1.0,rebalance
2021-12-30,GLD,-1,168.41314967651368,1.0,rebalance
2021-12-30,NVDA,28,29.702803470324035,1.0,rebalance
2021-12-31,GLD,-3,170.51294577941894,1.0,rebalance
2021-12-31,AAPL,1,173.97476589785958,1.0,rebalance
2021-12-31,NVDA,2,29.55044032641888,1.0,rebalance
2022-01-03,MSFT,-31,322.4011282358755,1.0,rebalance
2022-01-03,AAPL,-209,173.68604221977415,1.045,rebalance
2022-01-03,AMZN,-61,167.53324805145263,1.0,rebalance
2022-01-03,NVDA,-2393,29.684920264709657,11.965,rebalance
2022-01-03,GLD,404,168.87688661041258,2.02,rebalance
2022-01-04,AAPL,-7,178.3741912102311,1.0,rebalance
2022-01-04,AMZN,-3,170.42095973968506,1.0,rebalance
2022-01-04,GLD,4,168.916883895874,1.0,rebalance
2022-01-04,NVDA,1996,30.150937103494087,9.98,rebalance
2022-01-05,GLD,-13,170.60293311767578,1.0,rebalance
2022-01-05,MSFT,3,313.3401398742084,1.0,rebalance
2022-01-05,AMZN,1,166.8996839050293,1.0,rebalance
2022-01-05,NVDA,62,28.82846245162101,1.0,rebalance
2022-01-06,GLD,-399,167.14328766174316,1.995,rebalance
2022-01-06,MSFT,36,301.1185293514749,1.0,rebalance
2022-01-06,AAPL,211,168.70930477856422,1.055,rebalance
2022-01-06,AMZN,60,163.46684553833006,1.0,rebalance
2022-01-06,NVDA,411,27.524914708945218,2.055,rebalance
2022-01-07,NVDA,-32,28.018223960055312,1.0,rebalance
2022-01-07,MSFT,1,302.0801068761552,1.0,rebalance
2022-01-07,AAPL,2,168.89494016467705,1.0,rebalance
2022-01-07,AMZN,1,163.85538841705323,1.0,rebalance
2022-01-10,MSFT,-1,297.53966827077494,1.0,rebalance
2022-01-10,GLD,-4,167.34326461029053,1.0,rebalance
2022-01-10,NVDA,-755,26.465032418202792,3.775,rebalance
2022-01-11,AAPL,-3,168.30441685841595,1.0,rebalance
2022-01-11,AMZN,2,161.51615,1.0,rebalance
2022-01-11,NVDA,801,27.209233475350715,4.005,rebalance
2022-01-12,AAPL,-1,172.01584321947163,1.0,rebalance
2022-01-12,AMZN,-3,166.55833944854737,1.0,rebalance
2022-01-12,NVDA,-13,27.944543379823653,1.0,rebalance
2022-01-12,GLD,2,170.2070214416504,1.0,rebalance
2022-01-13,NVDA,-26,28.25518238508524,1.0,rebalance
2022-01-13,AAPL,1,171.71814982976238,1.0,rebalance
2022-01-13,AMZN,2,165.26702859039307,1.0,rebalance
2022-01-14,MSFT,-73,292.50204563602097,1.0,rebalance
2022-01-14,AAPL,-5,167.34724648202285,1.0,rebalance
2022-01-14,GLD,-6,170.20297922058106,1.0,rebalance
2022-01-14,AMZN,-1,160.13397889709472,1.0,rebalance
2022-01-14,NVDA,99,26.19049077446433,1.0,rebalance
2022-01-18,AAPL,-1,167.51328336678225,1.0,rebalance
2022-01-18,MSFT,75,292.3873829745119,1.0,rebalance
2022-01-18,AMZN,2,159.12090622711182,1.0,rebalance
2022-01-19,MSFT,-226,294.4631986164981,1.1300000000000001,rebalance
2022-01-19,AAPL,-542,166.0384416132147,2.71,rebalance
2022-01-19,NVDA,-2543,25.965218474791758,12.715,rebalance
2022-01-19,AMZN,-418,158.7461172088623,2.09,rebalance
2022-01-19,GLD,754,170.4070383895874,3.77,rebalance
2022-01-20,GLD,-944,172.29276655883788,4.72,rebalance
2022-01-20,MSFT,248,297.19524077286326,1.24,rebalance
2022-01-20,AAPL,619,163.12148422614558,3.095,rebalance
2022-01-20,NVDA,2940,25.198643933423888,14.700000000000001,rebalance
2022-01-20,AMZN,472,156.78168307037353,2.36,rebalance
2022-01-21,MSFT,-2,291.0021847062379,1.0,rebalance
2022-01-21,AAPL,-10,160.58848059214574,1.0,rebalance
2022-01-21,AMZN,6,149.96499194793702,1.0,rebalance
2022-01-21,NVDA,123,23.40912420747579,1.0,rebalance
2022-01-24,MSFT,-2,280.9172196174758,1.0,rebalance
2022-01-24,AAPL,-8,156.29104428001912,1.0,rebalance
2022-01-24,AMZN,17,139.0139,1.0,rebalance
2022-01-24,NVDA,32,22.23702395957049,1.0,rebalance
2022-01-25,AMZN,-8,142.22826842651367,1.0,rebalance
2022-01-25,NVDA,-15,22.447631361698658,1.0,rebalance
2022-01-25,MSFT,1,280.3195564749874,1.0,rebalance
2022-01-25,AAPL,6,155.3063559184192,1.0,rebalance
2022-01-26,MSFT,-5,296.0975306958463,1.0,rebalance
2022-01-26,AMZN,-159,144.735525,1.0,rebalance
2022-01-26,NVDA,-1029,23.138602511085583,5.1450000000000005,rebalance
2022-01-27,MSFT,-241,290.9733964814156,1.205,rebalance
2022-01-27,AAPL,-607,158.664412406585,3.035,rebalance
2022-01-27,NVDA,-2051,23.46517487133213,10.255,rebalance
2022-01-27,AMZN,-328,140.78592305145264,1.6400000000000001,rebalance
2022-01-27,GLD,917,168.03680627288819,4.585,rebalance
2022-01-28,GLD,4,166.57665355834962,1.0,rebalance
2022-01-31,GLD,-2,167.7732142868042,1.0,rebalance
2022-02-01,GLD,-735,168.55315032348634,3.6750000000000003,rebalance
2022-02-01,MSFT,213,298.4838711602678,1.065,rebalance
2022-02-01,AAPL,510,169.9890351578223,2.5500000000000003,rebalance
2022-02-01,NVDA,2547,24.999471544910108,12.735,rebalance
2022-02-01,AMZN,424,150.015,2.12,rebalance
2022-02-02,MSFT,-8,297.67423696470695,1.0,rebalance
2022-02-02,AAPL,-23,170.67781034818225,1.0,rebalance
2022-02-02,AMZN,-31,155.0350015411377,1.0,rebalance
2022-02-02,NVDA,-178,25.681462407986956,1.0,rebalance
2022-02-02,GLD,94,168.3568303375244,1.0,rebalance
2022-02-03,MSFT,-5,297.53964412043956,1.0,rebalance
2022-02-03,AAPL,-12,170.41406567197367,1.0,rebalance
2022-02-03,GLD,-6,168.2931665588379,1.0,rebalance
2022-02-03,AMZN,25,141.75167680206297,1.0,rebalance
2022-02-03,NVDA,67,24.35615889020468,1.0,rebalance
2022-02-04,GLD,-89,168.0231892868042,1.0,rebalance
2022-02-04,AMZN,-12,155.59094569702148,1.0,rebalance
2022-02-04,MSFT,18,288.67568414826746,1.0,rebalance
2022-02-04,AAPL,37,167.92654835222768,1.0,rebalance
2022-02-04,NVDA,208,23.872184936980602,1.04,rebalance
2022-02-07,MSFT,-12,294.34790448728864,1.0,rebalance
2022-02-07,AAPL,-25,169.0469353208394,1.0,rebalance
2022-02-07,AMZN,-25,158.5041522720337,1.0,rebalance
2022-02-07,NVDA,-156,24.2656620583258,1.0,rebalance
2022-02-07,GLD,91,169.46694194793702,1.0,rebalance
2022-02-08,GLD,-2,170.08299610290527,1.0,rebalance
2022-02-08,NVDA,-13,24.252720919612504,1.0,rebalance
2022-02-08,MSFT,1,289.6757728854157,1.0,rebalance
2022-02-08,AMZN,1,156.76617859039305,1.0,rebalance
2022-02-09,AMZN,-3,162.857217288208,1.0,rebalance
2022-02-09,NVDA,-58,25.510215906229085,1.0,rebalance
2022-02-09,AAPL,1,172.20102598028706,1.0,rebalance
2022-02-09,GLD,6,170.69706067504882,1.0,rebalance
2022-02-10,GLD,-93,170.5029522720337,1.0,rebalance
2022-02-10,MSFT,14,292.3586362100954,1.0,rebalance
2022-02-10,AAPL,30,170.33277809633574,1.0,rebalance
2022-02-10,AMZN,29,158.36584110412596,1.0,rebalance
2022-02-10,NVDA,84,25.886764245167235,1.0,rebalance
2022-02-11,MSFT,-12,291.48292541645475,1.0,rebalance
2022-02-11,AAPL,-25,168.5286201875657,1.0,rebalance
2022-02-11,AMZN,-22,158.1186927749634,1.0,rebalance
2022-02-11,NVDA,-140,25.8029295144094,1.0,rebalance
2022-02-11,GLD,89,170.767075,1.0,rebalance
2022-02-14,MSFT,-135,282.42663195267903,1.0,rebalance
2022-02-14,AAPL,-319,163.67806158652107,1.595,rebalance
2022-02-14,AMZN,-248,151.73583197937012,1.24,rebalance
2022-02-14,NVDA,-1777,23.829574344679422,8.885,rebalance
2022-02-14,GLD,598,173.7973767791748,2.99,rebalance
2022-02-15,MSFT,-1,288.4257310838575,1.0,rebalance
2022-02-15,AAPL,-3,167.1986315755145,1.0,rebalance
2022-02-15,AMZN,-5,157.58973871765136,1.0,rebalance
2022-02-15,GLD,8,173.11731610412596,1.0,rebalance
2022-02-15,NVDA,259,24.84511598960371,1.295,rebalance
2022-02-16,GLD,-615,173.47265649261476,3.075,rebalance
2022-02-16,MSFT,134,287.4996208459334,1.0,rebalance
2022-02-16,AAPL,312,168.09283384829487,1.56,rebalance
2022-02-16,AMZN,249,155.8060758758545,1.245,rebalance
2022-02-16,NVDA,1436,26.149662287921632,7.18,rebalance
2022-02-17,GLD,-5,176.68232694854737,1.0,rebalance
2022-02-17,AMZN,-5,158.13018149414063,1.0,rebalance
2022-02-17,MSFT,1,285.56279457660924,1.0,rebalance
2022-02-17,AAPL,2,167.29078581500718,1.0,rebalance
2022-02-17,NVDA,52,25.52327881576878,1.0,rebalance
2022-02-18,MSFT,-134,282.3169953933185,1.0,rebalance
2022-02-18,AAPL,-314,166.0740152063129,1.57,rebalance
2022-02-18,AMZN,-243,155.48394651031495,1.215,rebalance
2022-02-18,NVDA,-2049,24.560368995333747,10.245000000000001,rebalance
2022-02-18,GLD,591,177.08771432495118,2.955,rebalance
2022-02-22,GLD,-7,177.6522311691284,1.0,rebalance
2022-02-22,MSFT,1,274.61668608616094,1.0,rebalance
2022-02-22,AAPL,3,161.37304075105322,1.0,rebalance
2022-02-22,AMZN,2,150.49354821624755,1.0,rebalance
2022-02-22,NVDA,616,22.93908325940151,3.08,rebalance
2022-02-23,GLD,-844,177.37226038970948,4.22,rebalance
2022-02-23,MSFT,171,279.6080671033115,1.0,rebalance
2022-02-23,AAPL,406,161.9208156985886,2.0300000000000002,rebalance
2022-02-23,AMZN,318,151.66566248626708,1.59,rebalance
2022-02-23,NVDA,2009,23.702893721271646,10.045,rebalance
2022-02-24,MSFT,-84,262.5292926127739,1.0,rebalance
2022-02-24,AMZN,-150,139.82351014709474,1.0,rebalance
2022-02-24,NVDA,-2907,20.923312686184527,14.535,rebalance
2022-02-24,AAPL,2,149.24414809690566,1.0,rebalance
2022-02-25,MSFT,-91,284.3304030003971,1.0,rebalance
2022-02-25,AAPL,-412,160.22591351638846,2.06,rebalance
2022-02-25,AMZN,-171,150.53494805145263,1.0,rebalance
2022-02-25,GLD,821,176.43764016876221,4.105,rebalance
2022-02-25,NVDA,844,23.622230394627532,4.22,rebalance
2022-02-28,GLD,-4,178.84211461029054,1.0,rebalance
2022-02-28,AMZN,-1,152.40976055145265,1.0,rebalance
2022-02-28,NVDA,-3,23.887328914216546,1.0,rebalance
2022-02-28,AAPL,1,159.49503996881205,1.0,rebalance
2022-03-01,NVDA,-8,24.185019272676456,1.0,rebalance
2022-03-02,MSFT,-71,284.5423567294002,1.0,rebalance
2022-03-02,AAPL,-171,160.76380022438582,1.0,rebalance
2022-03-02,NVDA,-833,23.656386287885756,4.165,rebalance
2022-03-02,GLD,-4,180.11199188232422,1.0,rebalance
2022-03-02,AMZN,-132,150.83391412353515,1.0,rebalance
2022-03-03,MSFT,68,291.8550219088716,1.0,rebalance
2022-03-03,AAPL,166,164.7867272622271,1.0,rebalance
2022-03-03,NVDA,832,24.165091774479954,4.16,rebalance
2022-03-03,AMZN,131,153.54684729003907,1.0,rebalance
2022-03-04,GLD,-11,182.09178961029053,1.0,rebalance
2022-03-04,MSFT,2,283.5683129611007,1.0,rebalance
2022-03-04,AAPL,4,160.89374595558533,1.0,rebalance
2022-03-04,AMZN,5,147.17371248168945,1.0,rebalance
2022-03-04,NVDA,29,23.290598688498676,1.0,rebalance
2022-03-07,GLD,-9,184.43155194854737,1.0,rebalance
2022-03-07,MSFT,2,278.0181906175196,1.0,rebalance
2022-03-07,AAPL,1,159.78846510205824,1.0,rebalance
2022-03-07,AMZN,2,145.45804105377198,1.0,rebalance
2022-03-07,NVDA,23,22.725862423184893,1.0,rebalance
2022-03-08,MSFT,-72,267.6254535106215,1.0,rebalance
2022-03-08,AAPL,-171,155.31660229305874,1.0,rebalance
2022-03-08,NVDA,-883,21.219645223220166,4.415,rebalance
2022-03-08,GLD,-19,188.33117110290527,1.0,rebalance
2022-03-08,AMZN,-138,136.6698338470459,1.0,rebalance
2022-03-09,GLD,-774,186.0213892868042,3.87,rebalance
2022-03-09,MSFT,243,273.113602743646,1.215,rebalance
2022-03-09,AAPL,573,157.94958010789722,2.865,rebalance
2022-03-09,NVDA,2978,22.297583817819312,14.89,rebalance
2022-03-09,AMZN,476,139.51395,2.38,rebalance
2022-03-10,MSFT,-169,272.65431883907667,1.0,rebalance
2022-03-10,AAPL,-398,156.66618761042088,1.99,rebalance
2022-03-10,AMZN,-338,145.6704290588379,1.69,rebalance
2022-03-10,NVDA,-2084,22.436521796066277,10.42,rebalance
2022-03-10,GLD,781,186.89869288330078,3.9050000000000002,rebalance
2022-03-11,MSFT,-1,277.4134457216563,1.0,rebalance
2022-03-11,AMZN,-4,149.5595359588623,1.0,rebalance
2022-03-11,NVDA,-23,22.925458921425452,1.0,rebalance
2022-03-11,GLD,10,183.75837949371336,1.0,rebalance
2022-03-14,GLD,-6,183.01169577941894,1.0,rebalance
2022-03-14,AAPL,6,148.13884256901636,1.0,rebalance
2022-03-14,AMZN,1,145.99560090789794,1.0,rebalance
2022-03-14,NVDA,34,21.78165055507772,1.0,rebalance
2022-03-15,GLD,7,179.11791610412598,1.0,rebalance
2022-03-15,AMZN,1,142.86429110412598,1.0,rebalance
2022-03-15,NVDA,4,21.432051615325797,1.0,rebalance
2022-03-16,GLD,-551,179.11209188232422,2.755,rebalance
2022-03-16,MSFT,128,278.57705036581825,1.0,rebalance
2022-03-16,AAPL,316,153.61642833366665,1.58,rebalance
2022-03-16,AMZN,241,148.51485,1.205,rebalance
2022-03-16,NVDA,1484,23.40614066468249,7.42,rebalance
2022-03-17,AMZN,-4,152.62523887939454,1.0,rebalance
2022-03-17,NVDA,-24,24.01885814052241,1.0,rebalance
2022-03-17,AAPL,3,155.1422804908344,1.0,rebalance
2022-03-18,AMZN,-5,156.79732223968506,1.0,rebalance
2022-03-18,NVDA,-35,24.695007663115295,1.0,rebalance
2022-03-18,MSFT,1,284.6089838865362,1.0,rebalance
2022-03-18,GLD,5,179.9479856750488,1.0,rebalance
2022-03-21,AMZN,-1,161.1048900970459,1.0,rebalance
2022-03-21,NVDA,-100,26.395845746192574,1.0,rebalance
2022-03-21,MSFT,2,288.00072621080585,1.0,rebalance
2022-03-21,AAPL,2,159.93515659796205,1.0,rebalance
2022-03-21,GLD,7,179.34793483123778,1.0,rebalance
2022-03-22,AAPL,-2,161.85903972489444,1.0,rebalance
2022-03-22,NVDA,-6,26.614923040101445,1.0,rebalance
2022-03-22,MSFT,1,288.8775519250821,1.0,rebalance
2022-03-22,GLD,1,179.61796610412597,1.0,rebalance
2022-03-23,AAPL,-6,164.28438282727504,1.0,rebalance
2022-03-23,AMZN,-3,163.68863133087157,1.0,rebalance
2022-03-23,NVDA,56,26.021652630144658,1.0,rebalance
2022-03-24,AAPL,-6,167.28666116526531,1.0,rebalance
2022-03-24,GLD,-1,182.33177110290526,1.0,rebalance
2022-03-24,MSFT,2,288.24158984292455,1.0,rebalance
2022-03-24,AMZN,1,163.76587140960694,1.0,rebalance
2022-03-24,NVDA,9,26.06149000045938,1.0,rebalance
2022-03-25,NVDA,-100,27.769063126334615,1.0,rebalance
2022-03-25,GLD,5,181.8281785583496,1.0,rebalance
2022-03-25,AMZN,6,164.0164,1.0,rebalance
2022-03-28,AMZN,-3,164.95850860290528,1.0,rebalance
2022-03-28,AAPL,3,168.4058247123188,1.0,rebalance
2022-03-28,GLD,1,180.39804288330077,1.0,rebalance
2022-03-28,NVDA,2,27.645139665327264,1.0,rebalance
2022-03-29,GLD,-79,177.0023022720337,1.0,rebalance
2022-03-29,MSFT,9,302.47349576030126,1.0,rebalance
2022-03-29,AAPL,26,172.8270500372216,1.0,rebalance
2022-03-29,AMZN,17,170.40104108581542,1.0,rebalance
2022-03-29,NVDA,100,28.58039013452183,1.0,rebalance
2022-03-30,AAPL,-4,174.6114189785753,1.0,rebalance
2022-03-30,GLD,-3,179.74201850738527,1.0,rebalance
2022-03-30,AMZN,4,168.5263571762085,1.0,rebalance
2022-03-30,NVDA,30,28.190952423807843,1.0,rebalance
2022-03-31,AAPL,-1,173.91707451502535,1.0,rebalance
2022-03-31,GLD,-2,180.89191266174316,1.0,rebalance
2022-03-31,AMZN,2,166.46165182495116,1.0,rebalance
2022-03-31,NVDA,29,27.671035892134505,1.0,rebalance
2022-04-01,MSFT,-12,298.0392504314731,1.0,rebalance
2022-04-01,AAPL,-25,170.19113929066685,1.0,rebalance
2022-04-01,AMZN,-21,164.13309066467286,1.0,rebalance
2022-04-01,NVDA,-128,27.2602093960359,1.0,rebalance
2022-04-01,GLD,85,179.56795805206298,1.0,rebalance
2022-04-04,GLD,-87,180.22198149261476,1.0,rebalance
2022-04-04,MSFT,10,298.7927005312554,1.0,rebalance
2022-04-04,AAPL,24,170.75336831685723,1.0,rebalance
2022-04-04,AMZN,20,164.1414125,1.0,rebalance
2022-04-04,NVDA,181,26.6212445205879,1.0,rebalance
2022-04-05,MSFT,-31,301.79642395623654,1.0,rebalance
2022-04-05,AAPL,-193,173.58461904294023,1.0,rebalance
2022-04-05,AMZN,-61,167.72472670440675,1.0,rebalance
2022-04-05,NVDA,-375,27.139710013128436,1.875,rebalance
2022-04-05,GLD,349,180.9280946624756,1.745,rebalance
2022-04-06,GLD,-11,179.76202077941895,1.0,rebalance
2022-04-06,NVDA,-595,24.829448794973754,2.975,rebalance
2022-04-06,AMZN,2,161.6666624862671,1.0,rebalance
2022-04-07,AAPL,-1,167.38446574447607,1.0,rebalance
2022-04-07,GLD,-6,179.85200811767578,1.0,rebalance
2022-04-07,MSFT,2,285.85199911794746,1.0,rebalance
2022-04-07,AMZN,3,158.41583389587402,1.0,rebalance
2022-04-07,NVDA,737,24.343380136850232,3.685,rebalance
2022-04-08,MSFT,-2,289.43633946384205,1.0,rebalance
2022-04-08,AAPL,-2,167.99077849525474,1.0,rebalance
2022-04-08,GLD,-2,180.5019522720337,1.0,rebalance
2022-04-08,AMZN,3,156.765675,1.0,rebalance
2022-04-08,NVDA,45,23.821468352539437,1.0,rebalance
2022-04-11,GLD,-17,183.1516811691284,1.0,rebalance
2022-04-11,NVDA,-1438,22.120850882595246,7.19,rebalance
2022-04-11,MSFT,1,281.1593923333839,1.0,rebalance
2022-04-11,AMZN,2,152.7282687362671,1.0,rebalance
2022-04-12,MSFT,-130,278.6465007530006,1.0,rebalance
2022-04-12,AAPL,-179,164.3136889792819,1.0,rebalance
2022-04-12,AMZN,-242,153.67713563232422,1.21,rebalance
2022-04-12,NVDA,-782,22.442495576750495,3.91,rebalance
2022-04-12,GLD,320,184.0583972854614,1.6,rebalance
2022-04-13,GLD,-2,184.48155,1.0,rebalance
2022-04-13,MSFT,27,272.4294976937472,1.0,rebalance
2022-04-13,AMZN,51,150.03349550170898,1.0,rebalance
2022-04-13,NVDA,1027,21.641212530156295,5.135,rebalance
2022-04-14,AAPL,-1,166.85634296564973,1.0,rebalance
2022-04-14,AMZN,-3,155.37446038970947,1.0,rebalance
2022-04-14,NVDA,-28,22.4106282943539,1.0,rebalance
2022-04-14,GLD,5,184.2984267791748,1.0,rebalance
2022-04-18,GLD,-11,185.93140194854738,1.0,rebalance
2022-04-18,MSFT,1,268.7486467697744,1.0,rebalance
2022-04-18,AAPL,3,160.33620906167286,1.0,rebalance
2022-04-18,AMZN,1,151.53865088500976,1.0,rebalance
2022-04-18,NVDA,54,21.11532818655397,1.0,rebalance
2022-04-19,NVDA,-29,21.62892118218889,1.0,rebalance
2022-04-19,GLD,8,183.20832144165038,1.0,rebalance
2022-04-20,GLD,-315,181.57183733825684,1.575,rebalance
2022-04-20,MSFT,104,278.856440688076,1.0,rebalance
2022-04-20,AAPL,176,165.07039932418223,1.0,rebalance
2022-04-20,AMZN,183,157.61825353546143,1.0,rebalance
2022-04-20,NVDA,1292,22.42706151809697,6.46,rebalance
2022-04-21,AAPL,-2,165.18409233715167,1.0,rebalance
2022-04-21,GLD,-5,181.7518272720337,1.0,rebalance
2022-04-21,AMZN,3,154.7294759170532,1.0,rebalance
2022-04-21,NVDA,65,21.622294235083128,1.0,rebalance
2022-04-22,MSFT,-106,271.3633667580058,1.0,rebalance
2022-04-22,AAPL,-179,162.78814513500535,1.0,rebalance
2022-04-22,AMZN,-186,148.235175,1.0,rebalance
2022-04-22,NVDA,-1316,20.217860360274987,6.58,rebalance
2022-04-22,GLD,308,180.73807322082519,1.54,rebalance
2022-04-25,MSFT,-80,263.28063340144615,1.0,rebalance
2022-04-25,AAPL,-133,157.5659076403769,1.0,rebalance
2022-04-25,NVDA,-1065,19.121480506441486,5.325,rebalance
2022-04-25,AMZN,-146,144.00859269561766,1.0,rebalance
2022-04-26,GLD,-1,177.93220194854737,1.0,rebalance
2022-04-27,GLD,-554,176.4423607131958,2.77,rebalance
2022-04-27,MSFT,219,271.82242504223433,1.095,rebalance
2022-04-27,AAPL,391,152.50136139782455,1.955,rebalance
2022-04-27,NVDA,3225,18.523716564679102,16.125,rebalance
2022-04-27,AMZN,426,140.20551695251464,2.13,rebalance
2022-04-28,AAPL,-2,155.7371442966942,1.0,rebalance
2022-04-28,NVDA,-24,18.887462475705533,1.0,rebalance
2022-04-28,MSFT,1,274.79989372044633,1.0,rebalance
2022-04-28,GLD,3,175.9375901687622,1.0,rebalance
2022-04-29,MSFT,-220,278.03965575159816,1.1,rebalance
2022-04-29,AAPL,-389,158.27002405682566,1.945,rebalance
2022-04-29,NVDA,-3201,19.32064223255054,16.005,rebalance
2022-04-29,AMZN,-426,129.83601412353516,2.13,rebalance
2022-04-29,GLD,552,178.08781432495118,2.7600000000000002,rebalance
2022-05-02,GLD,-552,173.59263961029052,2.7600000000000002,rebalance
2022-05-02,MSFT,222,267.59235565932346,1.11,rebalance
2022-05-02,AAPL,387,153.28383636079724,1.935,rebalance
2022-05-02,NVDA,3220,18.466942407045696,16.1,rebalance
2022-05-02,AMZN,485,122.41324107666016,2.4250000000000003,rebalance
2022-05-03,MSFT,-222,273.5598785975695,1.11,rebalance
2022-05-03,AAPL,-387,154.66141486862006,1.935,rebalance
2022-05-03,NVDA,-3220,19.318650415381022,16.1,rebalance
2022-05-03,AMZN,-485,124.04109196472169,2.4250000000000003,rebalance
2022-05-03,GLD,576,173.9073883895874,2.88,rebalance
2022-05-04,MSFT,71,272.2945505628887,1.0,rebalance
2022-05-04,AAPL,171,156.17910143535568,1.0,rebalance
2022-05-04,NVDA,987,19.84342085589632,4.9350000000000005,rebalance
2022-05-04,AMZN,158,123.6123584739685,1.0,rebalance
2022-05-05,GLD,-574,177.5422415588379,2.87,rebalance
2022-05-05,MSFT,132,275.1370926391766,1.0,rebalance
2022-05-05,AAPL,306,160.2677858673093,1.53,rebalance
2022-05-05,AMZN,298,123.0123,1.49,rebalance
2022-05-05,NVDA,1848,19.78764851724794,9.24,rebalance
2022-05-06,MSFT,-131,264.7450761390638,1.0,rebalance
2022-05-06,AAPL,-307,152.79278229775488,1.5350000000000001,rebalance
2022-05-06,AMZN,-290,114.83851347427368,1.45,rebalance
2022-05-06,NVDA,-1817,18.65743406241769,9.085,rebalance
2022-05-06,GLD,543,175.4075383895874,2.715,rebalance
2022-05-09,GLD,-1,174.2525772720337,1.0,rebalance
2022-05-09,AMZN,3,111.32363125,1.0,rebalance
2022-05-09,NVDA,29,17.961971459083255,1.0,rebalance
2022-05-10,GLD,-786,173.78262305145265,3.93,rebalance
2022-05-10,MSFT,167,261.7916678790198,1.0,rebalance
2022-05-10,AAPL,390,152.34333448133293,1.95,rebalance
2022-05-10,AMZN,206,111.26112499999999,1.03,rebalance
2022-05-10,NVDA,1323,17.618348828788886,6.615,rebalance
2022-05-11,MSFT,2,256.0005724535473,1.0,rebalance
2022-05-11,AMZN,195,108.11431071624756,1.0,rebalance
2022-05-11,NVDA,1201,17.277709526432083,6.005,rebalance
2022-05-12,MSFT,-83,248.25210689886828,1.0,rebalance
2022-05-12,AAPL,-178,139.82582207217098,1.0,rebalance
2022-05-12,NVDA,59,16.154217570082494,1.0,rebalance
2022-05-13,AMZN,-20,109.05809334411622,1.0,rebalance
2022-05-13,NVDA,-2435,16.717601322564818,12.175,rebalance
2022-05-13,MSFT,83,247.97407784832498,1.0,rebalance
2022-05-13,AAPL,195,141.63660706304637,1.0,rebalance
2022-05-16,MSFT,-34,250.43890791650324,1.0,rebalance
2022-05-16,AAPL,-82,142.54848079090317,1.0,rebalance
2022-05-16,AMZN,-93,113.08868847427368,1.0,rebalance
2022-05-16,GLD,236,168.44683567504882,1.18,rebalance
2022-05-16,NVDA,1768,17.43906857104613,8.84,rebalance
2022-05-17,MSFT,-1,256.36367011678374,1.0,rebalance
2022-05-17,AAPL,-3,145.79023103355738,1.0,rebalance
2022-05-17,NVDA,-42,17.99820966662576,1.0,rebalance
2022-05-17,GLD,1,170.4570464416504,1.0,rebalance
2022-05-17,AMZN,7,113.2863290260315,1.0,rebalance
2022-05-18,MSFT,-22,253.95769096765932,1.0,rebalance
2022-05-18,AAPL,-167,143.82168062112737,1.0,rebalance
2022-05-18,AMZN,-45,111.42835495147705,1.0,rebalance
2022-05-18,NVDA,-276,17.63075702075957,1.3800000000000001,rebalance
2022-05-18,GLD,236,169.02689550628662,1.18,rebalance
2022-05-19,MSFT,-111,245.170569879243,1.0,rebalance
2022-05-19,AAPL,-146,136.99542412178985,1.0,rebalance
2022-05-19,AMZN,-362,106.26987426910401,1.81,rebalance
2022-05-19,NVDA,-2645,16.865974477091918,13.225,rebalance
2022-05-19,GLD,285,171.56715805206298,1.425,rebalance
2022-05-20,AAPL,-9,136.22171932503855,1.0,rebalance
2022-05-20,GLD,-530,171.6928357131958,2.65,rebalance
2022-05-20,MSFT,131,248.4454292117603,1.0,rebalance
2022-05-20,AMZN,406,109.57945355377197,2.0300000000000002,rebalance
2022-05-20,NVDA,2941,17.262774750394932,14.705,rebalance
2022-05-23,GLD,-5,173.1126918823242,1.0,rebalance
2022-05-23,AMZN,-1,108.45015243530274,1.0,rebalance
2022-05-23,AAPL,336,134.9754973761627,1.68,rebalance
2022-05-23,NVDA,149,16.208995996212277,1.0,rebalance
2022-05-24,MSFT,-2,249.02336012715202,1.0,rebalance
2022-05-24,AAPL,-9,137.90621724428834,1.0,rebalance
2022-05-24,NVDA,-35,16.4407669917773,1.0,rebalance
2022-05-24,AMZN,20,104.03540402603149,1.0,rebalance
2022-05-25,MSFT,-2,249.26488468137904,1.0,rebalance
2022-05-25,GLD,-1,172.7727142868042,1.0,rebalance
2022-05-25,AMZN,-2,103.645136769104,1.0,rebalance
2022-05-25,AAPL,2,135.60242879894767,1.0,rebalance
2022-05-25,NVDA,60,15.956013142832674,1.0,rebalance
2022-05-26,MSFT,-2,253.25278225311288,1.0,rebalance
2022-05-26,AMZN,-15,107.95920422058106,1.0,rebalance
2022-05-26,AAPL,8,134.58369103078633,1.0,rebalance
2022-05-26,GLD,2,172.14721788330078,1.0,rebalance
2022-05-26,NVDA,21,15.971948399693153,1.0,rebalance
2022-05-27,AAPL,-2,142.39180270795657,1.0,rebalance
2022-05-27,NVDA,-226,18.109742804599268,1.1300000000000001,rebalance
2022-05-27,MSFT,5,259.3011525325666,1.0,rebalance
2022-05-27,GLD,9,173.50735449371336,1.0,rebalance
2022-05-31,AAPL,-3,145.99592177622674,1.0,rebalance
2022-05-31,AMZN,-2,116.26837077941894,1.0,rebalance
2022-05-31,NVDA,-66,18.900409532347332,1.0,rebalance
2022-05-31,MSFT,1,263.2127360919628,1.0,rebalance
2022-05-31,GLD,6,172.72727771453856,1.0,rebalance
2022-06-01,AMZN,-19,122.24377110443115,1.0,rebalance
2022-06-01,AAPL,1,146.83815968686173,1.0,rebalance
2022-06-01,GLD,3,172.22722771453857,1.0,rebalance
2022-06-01,NVDA,64,18.649218748846405,1.0,rebalance
2022-06-02,GLD,-4,173.64263766174318,1.0,rebalance
2022-06-02,AMZN,-4,121.67182970809937,1.0,rebalance
2022-06-02,MSFT,5,255.40897380593879,1.0,rebalance
2022-06-02,NVDA,28,18.218933998778535,1.0,rebalance
2022-06-03,MSFT,-1,261.01638207954437,1.0,rebalance
2022-06-03,AMZN,-3,124.18757694854736,1.0,rebalance
2022-06-03,NVDA,-83,19.00198497706077,1.0,rebalance
2022-06-03,AAPL,10,143.8994216491969,1.0,rebalance
2022-06-03,GLD,2,173.5473517791748,1.0,rebalance
2022-06-06,MSFT,-1,262.7061912881037,1.0,rebalance
2022-06-06,AMZN,-3,125.237475,1.0,rebalance
2022-06-06,NVDA,-1,19.05874449734145,1.0,rebalance
2022-06-06,AAPL,1,144.02679000249654,1.0,rebalance
2022-06-06,GLD,2,172.8272785583496,1.0,rebalance
2022-06-07,GLD,-3,172.09278961029054,1.0,rebalance
2022-06-07,AMZN,3,122.02220313644409,1.0,rebalance
2022-06-07,NVDA,46,18.39821991797321,1.0,rebalance
2022-06-08,MSFT,-21,262.36821655085095,1.0,rebalance
2022-06-08,AAPL,-179,145.5159807835974,1.0,rebalance
2022-06-08,AMZN,-40,122.59773961029053,1.0,rebalance
2022-06-08,NVDA,-301,18.72412642479419,1.5050000000000001,rebalance
2022-06-08,GLD,243,172.9072883895874,1.215,rebalance
2022-06-09,GLD,-242,172.43275194854738,1.21,rebalance
2022-06-09,MSFT,21,258.62506983758846,1.0,rebalance
2022-06-09,AAPL,171,144.07576130784958,1.0,rebalance
2022-06-09,AMZN,49,120.0019968635559,1.0,rebalance
2022-06-09,NVDA,311,18.41107874024136,1.555,rebalance
2022-06-10,MSFT,-1,251.6208950988825,1.0,rebalance
2022-06-10,AAPL,-506,137.38717076887573,2.5300000000000002,rebalance
2022-06-10,GLD,-7,170.87291038970946,1.0,rebalance
2022-06-10,AMZN,-446,113.40865616912842,2.23,rebalance
2022-06-10,NVDA,39,17.533406507673963,1.0,rebalance
2022-06-13,MSFT,-180,236.6827862079975,1.0,rebalance
2022-06-13,NVDA,-2204,15.936272019920194,11.02,rebalance
2022-06-13,AAPL,186,130.15599537162595,1.0,rebalance
2022-06-13,GLD,521,171.19711067504883,2.605,rebalance
2022-06-13,AMZN,170,104.20042144165039,1.0,rebalance
2022-06-14,GLD,-526,169.59303961029053,2.63,rebalance
2022-06-14,MSFT,205,235.52285643835086,1.025,rebalance
2022-06-14,AAPL,232,130.41070390630193,1.16,rebalance
2022-06-14,AMZN,354,104.20042144165039,1.77,rebalance
2022-06-14,NVDA,418,15.671480799099875,2.09,rebalance
2022-06-15,GLD,-228,170.38295389709472,1.1400000000000001,rebalance
2022-06-15,MSFT,16,239.8207137348441,1.0,rebalance
2022-06-15,AAPL,196,131.54695740402474,1.0,rebalance
2022-06-15,AMZN,46,103.8703866104126,1.0,rebalance
2022-06-15,NVDA,2537,16.03410537988159,12.685,rebalance
2022-06-16,MSFT,-172,237.52288626957755,1.0,rebalance
2022-06-16,AAPL,-428,129.3562721945291,2.14,rebalance
2022-06-16,AMZN,-401,104.45955422058105,2.005,rebalance
2022-06-16,NVDA,-2581,15.796833839304343,12.905000000000001,rebalance
2022-06-16,GLD,752,170.5770535583496,3.7600000000000002,rebalance
2022-06-17,GLD,-752,172.13277889709474,3.7600000000000002,rebalance
2022-06-17,NVDA,-1117,15.585676413418327,5.585,rebalance
2022-06-17,MSFT,173,236.33413695774948,1.0,rebalance
2022-06-17,AAPL,443,127.41319361655108,2.215,rebalance
2022-06-17,AMZN,403,102.81028305206299,2.015,rebalance
2022-06-21,MSFT,-173,241.65570572353477,1.0,rebalance
2022-06-21,AAPL,-440,130.66865411018972,2.2,rebalance
2022-06-21,AMZN,-405,108.18917694854737,2.025,rebalance
2022-06-21,GLD,767,171.07710355834962,3.835,rebalance
2022-06-21,NVDA,1099,16.412667603620356,5.495,rebalance
2022-06-22,AAPL,-2,132.0103610491148,1.0,rebalance
2022-06-22,GLD,-1,171.59283961029053,1.0,rebalance
2022-06-22,AMZN,1,107.4407433052063,1.0,rebalance
2022-06-22,NVDA,18,16.164610305232483,1.0,rebalance
2022-06-23,MSFT,-1,246.7831383183036,1.0,rebalance
2022-06-23,AAPL,-2,133.9985360265701,1.0,rebalance
2022-06-23,AMZN,-3,110.37896038970948,1.0,rebalance
2022-06-23,NVDA,-14,16.453206501792817,1.0,rebalance
2022-06-23,GLD,4,171.4071383895874,1.0,rebalance
2022-06-24,MSFT,-2,252.80867223849623,1.0,rebalance
2022-06-24,AAPL,-4,137.0149884790446,1.0,rebalance
2022-06-24,AMZN,-3,112.36875925369263,1.0,rebalance
2022-06-24,GLD,6,170.2570294937134,1.0,rebalance
2022-06-24,NVDA,2,16.437570943308998,1.0,rebalance
2022-06-27,GLD,-541,170.58294610290528,2.705,rebalance
2022-06-27,MSFT,128,259.0404190298839,1.0,rebalance
2022-06-27,AAPL,326,139.7852043586256,1.6300000000000001,rebalance
2022-06-27,AMZN,282,117.10170533752441,1.41,rebalance
2022-06-27,NVDA,1909,17.24649850251125,9.545,rebalance
2022-06-28,AAPL,-4,139.19901002723498,1.0,rebalance
2022-06-28,GLD,-2,170.05300032348632,1.0,rebalance
2022-06-28,MSFT,1,254.95501817708185,1.0,rebalance
2022-06-28,AMZN,7,113.51135,1.0,rebalance
2022-06-28,NVDA,31,16.836057979519527,1.0,rebalance
2022-06-29,MSFT,-130,248.73373314270535,1.0,rebalance
2022-06-29,AAPL,-325,134.6253259853414,1.625,rebalance
2022-06-29,AMZN,-287,107.36925925369263,1.435,rebalance
2022-06-29,NVDA,-1933,15.751015349664868,9.665000000000001,rebalance
2022-06-29,GLD,513,170.5970598312378,2.565,rebalance
2022-06-30,GLD,-521,169.49304350738527,2.605,rebalance
2022-06-30,MSFT,127,248.26192519540666,1.0,rebalance
2022-06-30,AAPL,322,134.4465813420039,1.61,rebalance
2022-06-30,AMZN,292,108.1208116104126,1.46,rebalance
2022-06-30,NVDA,2115,15.30287927573329,10.575000000000001,rebalance
2022-07-01,MSFT,-128,247.57497921840593,1.0,rebalance
2022-07-01,AAPL,-323,133.23458809504848,1.615,rebalance
2022-07-01,AMZN,-294,106.27937191543579,1.47,rebalance
2022-07-01,NVDA,-2454,14.839659464364464,12.27,rebalance
2022-07-01,GLD,523,167.1567133895874,2.615,rebalance
2022-07-05,GLD,-298,167.16327467651368,1.49,rebalance
2022-07-05,MSFT,107,247.4023275380203,1.0,rebalance
2022-07-05,AAPL,147,134.95593386668142,1.0,rebalance
2022-07-05,AMZN,244,107.6107584739685,1.22,rebalance
2022-07-05,NVDA,2328,14.12136951321705,11.64,rebalance
2022-07-06,MSFT,-1,254.68188618929656,1.0,rebalance
2022-07-06,AMZN,-10,113.19867808456421,1.0,rebalance
2022-07-06,NVDA,-109,14.950218029070337,1.0,rebalance
2022-07-06,GLD,16,164.33643932495116,1.0,rebalance
2022-07-07,AAPL,-3,140.3350844967183,1.0,rebalance
2022-07-07,NVDA,-71,15.394442067926649,1.0,rebalance
2022-07-07,GLD,8,162.44623567504883,1.0,rebalance
2022-07-08,AAPL,-4,142.26447674421397,1.0,rebalance
2022-07-08,AMZN,-2,114.58853847427368,1.0,rebalance
2022-07-08,GLD,2,162.36624110412598,1.0,rebalance
2022-07-08,NVDA,12,15.371621069302746,1.0,rebalance
2022-07-11,NVDA,-16,15.464165209106037,1.0,rebalance
2022-07-11,GLD,1,161.94618567504884,1.0,rebalance
2022-07-11,AMZN,1,114.0914098312378,1.0,rebalance
2022-07-12,MSFT,-1,256.738705491902,1.0,rebalance
2022-07-12,AAPL,-2,142.75416360416335,1.0,rebalance
2022-07-12,AMZN,4,112.17121966247558,1.0,rebalance
2022-07-12,NVDA,30,15.210232156081439,1.0,rebalance
2022-07-13,MSFT,-175,241.58810742749827,1.0,rebalance
2022-07-13,AAPL,-3,140.04128677546262,1.0,rebalance
2022-07-13,GLD,-10,160.08399610290527,1.0,rebalance
2022-07-13,AMZN,7,107.04070177917481,1.0,rebalance
2022-07-13,NVDA,50,14.534795977105574,1.0,rebalance
2022-07-14,AMZN,-7,110.22897386398316,1.0,rebalance
2022-07-14,NVDA,-74,15.047829521671533,1.0,rebalance
2022-07-14,MSFT,181,242.00345473276096,1.0,rebalance
2022-07-14,GLD,7,159.03590627288818,1.0,rebalance
2022-07-15,AAPL,-6,146.69128591186814,1.0,rebalance
2022-07-15,NVDA,-51,15.596634674296435,1.0,rebalance
2022-07-15,GLD,8,159.02589550628662,1.0,rebalance
2022-07-18,AMZN,-3,114.9885,1.0,rebalance
2022-07-18,NVDA,-71,16.237072770320413,1.0,rebalance
2022-07-18,AAPL,1,147.6609996213481,1.0,rebalance
2022-07-18,GLD,4,160.09600983123778,1.0,rebalance
2022-07-19,AMZN,-3,115.68842694854736,1.0,rebalance
2022-07-19,NVDA,-39,16.420341780371714,1.0,rebalance
2022-07-19,MSFT,1,248.77378328059095,1.0,rebalance
2022-07-19,AAPL,6,144.89862422972766,1.0,rebalance
2022-07-19,GLD,1,159.4859482208252,1.0,rebalance
2022-07-20,AAPL,-2,148.00360808746206,1.0,rebalance
2022-07-20,AMZN,-5,118.60814074630737,1.0,rebalance
2022-07-20,NVDA,-38,16.87950114141555,1.0,rebalance
2022-07-20,MSFT,1,251.01448051406362,1.0,rebalance
2022-07-20,GLD,6,159.72597771453857,1.0,rebalance
2022-07-21,AAPL,-2,151.31394268193515,1.0,rebalance
2022-07-21,AMZN,-8,123.18767694854736,1.0,rebalance
2022-07-21,NVDA,-102,17.813768145844463,1.0,rebalance
2022-07-21,MSFT,3,250.90823314585904,1.0,rebalance
2022-07-21,GLD,12,158.3258285583496,1.0,rebalance
2022-07-22,MSFT,-1,256.12073615594824,1.0,rebalance
2022-07-22,GLD,-1,160.53394805145263,1.0,rebalance
2022-07-22,AMZN,-2,124.99750113601685,1.0,rebalance
2022-07-22,AAPL,1,152.21601702766964,1.0,rebalance
2022-07-22,NVDA,25,17.82529993448367,1.0,rebalance
2022-07-25,AAPL,-1,150.83400931588073,1.0,rebalance
2022-07-25,GLD,-7,160.6239353897095,1.0,rebalance
2022-07-25,AMZN,1,122.71226694793701,1.0,rebalance
2022-07-25,NVDA,96,16.95460892153048,1.0,rebalance
2022-07-26,MSFT,-2,250.92566213621478,1.0,rebalance
2022-07-26,AAPL,-1,149.12011580623337,1.0,rebalance
2022-07-26,GLD,-6,160.2139727279663,1.0,rebalance
2022-07-26,NVDA,-15,16.821733818343137,1.0,rebalance
2022-07-26,AMZN,17,115.8015799156189,1.0,rebalance
2022-07-27,AMZN,-3,117.2982665588379,1.0,rebalance
2022-07-27,NVDA,-1822,16.964166043931066,9.11,rebalance
2022-07-27,GLD,2,160.0360062728882,1.0,rebalance
2022-07-28,MSFT,-1,260.4756324884517,1.0,rebalance
2022-07-28,AAPL,-1,153.74275236161156,1.0,rebalance
2022-07-28,AMZN,-4,121.55784269485474,1.0,rebalance
2022-07-28,GLD,2,163.32632855834962,1.0,rebalance
2022-07-28,NVDA,1729,17.906995902862683,8.645,rebalance
2022-07-29,MSFT,-1,268.15229734673625,1.0,rebalance
2022-07-29,AMZN,-30,134.88650389709474,1.0,rebalance
2022-07-29,GLD,11,163.9063883895874,1.0,rebalance
2022-07-29,NVDA,92,17.74560515072016,1.0,rebalance
2022-08-01,NVDA,-41,18.109588074150004,1.0,rebalance
2022-08-01,AAPL,1,157.7212076781085,1.0,rebalance
2022-08-01,AMZN,1,134.97350271453857,1.0,rebalance
2022-08-02,GLD,-3,165.64343766174318,1.0,rebalance
2022-08-02,MSFT,1,266.5640482654774,1.0,rebalance
2022-08-02,AAPL,1,156.82981302919885,1.0,rebalance
2022-08-02,NVDA,3,18.053432364301894,1.0,rebalance
2022-08-03,AMZN,-2,136.1963857131958,1.0,rebalance
2022-08-03,NVDA,-3,18.111579402552337,1.0,rebalance
2022-08-03,GLD,3,164.78648127288818,1.0,rebalance
2022-08-04,AAPL,-3,162.58653805048067,1.0,rebalance
2022-08-04,AMZN,-5,140.5659438308716,1.0,rebalance
2022-08-04,NVDA,-42,18.773929115777506,1.0,rebalance
2022-08-04,GLD,7,165.5465517791748,1.0,rebalance
2022-08-05,NVDA,-10,18.735080879203707,1.0,rebalance
2022-08-05,MSFT,1,269.60636935326534,1.0,rebalance
2022-08-05,AAPL,2,160.09835398882907,1.0,rebalance
2022-08-08,MSFT,-3,274.2839262940108,1.0,rebalance
2022-08-08,AAPL,-6,163.16544683912437,1.0,rebalance
2022-08-08,GLD,-4,166.01339577941894,1.0,rebalance
2022-08-08,AMZN,-6,142.03579805145264,1.0,rebalance
2022-08-08,NVDA,192,17.435780512264966,1.0,rebalance
2022-08-09,GLD,-9,167.46324772796632,1.0,rebalance
2022-08-09,NVDA,-2826,17.183288659301816,14.13,rebalance
2022-08-09,AAPL,1,160.8929383598551,1.0,rebalance
2022-08-09,AMZN,6,138.063808052063,1.0,rebalance
2022-08-10,MSFT,-2,278.26230775905634,1.0,rebalance
2022-08-10,AAPL,-2,164.45024639773874,1.0,rebalance
2022-08-10,AMZN,-6,142.88570389709471,1.0,rebalance
2022-08-10,GLD,6,167.4067383895874,1.0,rebalance
2022-08-10,NVDA,2807,17.631039793441623,14.035,rebalance
2022-08-11,MSFT,-101,280.8502451570554,1.0,rebalance
2022-08-11,AAPL,-172,166.78439505505497,1.0,rebalance
2022-08-11,AMZN,-198,143.84561461029054,1.0,rebalance
2022-08-11,NVDA,-1622,18.058788907245187,8.11,rebalance
2022-08-11,GLD,346,167.1767196624756,1.73,rebalance
2022-08-12,GLD,-340,167.15328116912843,1.7,rebalance
2022-08-12,MSFT,101,278.6174398470987,1.0,rebalance
2022-08-12,AAPL,170,166.58233698720852,1.0,rebalance
2022-08-12,AMZN,201,142.06420805206298,1.0050000000000001,rebalance
2022-08-12,NVDA,1569,18.091289765621827,7.845,rebalance
2022-08-15,MSFT,-101,280.99496666104085,1.0,rebalance
2022-08-15,AAPL,-171,168.21630532861246,1.0,rebalance
2022-08-15,AMZN,-199,142.78572305145263,1.0,rebalance
2022-08-15,NVDA,-1600,18.626518656971193,8.0,rebalance
2022-08-15,GLD,351,166.00660449371338,1.7550000000000001,rebalance
2022-08-16,AAPL,-1,169.4520162928876,1.0,rebalance
2022-08-16,AMZN,-1,143.89561266174317,1.0,rebalance
2022-08-16,NVDA,-13,18.844645358792835,1.0,rebalance
2022-08-16,GLD,3,165.3265285583496,1.0,rebalance
2022-08-17,GLD,-346,165.1934857131958,1.73,rebalance
2022-08-17,MSFT,101,280.42827599560144,1.0,rebalance
2022-08-17,AAPL,168,169.47612051335676,1.0,rebalance
2022-08-17,AMZN,200,142.70427144165038,1.0,rebalance
2022-08-17,NVDA,1570,18.45291634950563,7.8500000000000005,rebalance
2022-08-18,MSFT,-101,280.80766734432274,1.0,rebalance
2022-08-18,AAPL,-169,170.4033580942534,1.0,rebalance
2022-08-18,AMZN,-198,141.30587532348633,1.0,rebalance
2022-08-18,NVDA,-1538,18.22811159640639,7.69,rebalance
2022-08-18,GLD,345,164.61646610412598,1.725,rebalance
2022-08-19,NVDA,-11,18.332692606508715,1.0,rebalance
2022-08-19,GLD,2,163.66635889587403,1.0,rebalance
2022-08-22,GLD,-347,161.64383766174316,1.735,rebalance
2022-08-22,MSFT,102,273.01443048159024,1.0,rebalance
2022-08-22,AAPL,168,166.45482322488763,1.0,rebalance
2022-08-22,AMZN,209,135.7335732208252,1.045,rebalance
2022-08-22,NVDA,1650,17.423824380728902,8.25,rebalance
2022-08-23,MSFT,-101,267.50220828552244,1.0,rebalance
2022-08-23,AAPL,-167,163.86179175207562,1.0,rebalance
2022-08-23,AMZN,-205,133.39666266174316,1.025,rebalance
2022-08-23,NVDA,-1995,16.92133832655191,9.975,rebalance
2022-08-23,GLD,333,161.97620271453857,1.665,rebalance
2022-08-24,GLD,-1,162.4237584411621,1.0,rebalance
2022-08-24,NVDA,407,16.947637498455332,2.035,rebalance
2022-08-25,GLD,-3,163.95360422058107,1.0,rebalance
2022-08-25,AMZN,-1,135.24646850738526,1.0,rebalance
2022-08-25,NVDA,20,16.78027152034913,1.0,rebalance
2022-08-26,AAPL,-1,167.2845781133751,1.0,rebalance
2022-08-26,AMZN,-1,136.53634805145265,1.0,rebalance
2022-08-26,NVDA,-66,17.785879241576236,1.0,rebalance
2022-08-26,GLD,7,163.13630711669921,1.0,rebalance
2022-08-29,GLD,-10,161.86381688232422,1.0,rebalance
2022-08-29,AMZN,-48,129.88700389709473,1.0,rebalance
2022-08-29,NVDA,-749,15.956195802653102,3.745,rebalance
2022-08-29,MSFT,1,257.30600480943826,1.0,rebalance
2022-08-29,AAPL,3,158.07764801631782,1.0,rebalance
2022-08-30,MSFT,-79,258.04814541289596,1.0,rebalance
2022-08-30,AAPL,-129,159.00715437286553,1.0,rebalance
2022-08-30,NVDA,-429,15.896435419432576,2.145,rebalance
2022-08-30,AMZN,-106,131.236875,1.0,rebalance
2022-08-30,GLD,1,161.28613127288818,1.0,rebalance
2022-08-31,MSFT,79,256.86083903940926,1.0,rebalance
2022-08-31,AAPL,129,157.25362792527747,1.0,rebalance
2022-08-31,NVDA,1331,15.32579233095976,6.655,rebalance
2022-08-31,GLD,5,159.51595,1.0,rebalance
2022-08-31,AMZN,157,129.462941947937,1.0,rebalance
2022-09-01,GLD,-4,158.1541811691284,1.0,rebalance
2022-09-01,MSFT,1,250.55036998711392,1.0,rebalance
2022-09-01,AAPL,1,153.65360523454555,1.0,rebalance
2022-09-01,AMZN,2,126.01259999999999,1.0,rebalance
2022-09-01,NVDA,90,14.155237753913976,1.0,rebalance
2022-09-02,AMZN,-2,129.48705,1.0,rebalance
2022-09-02,NVDA,-459,14.043841030509688,2.295,rebalance
2022-09-06,GLD,-4,159.15408116912843,1.0,rebalance
2022-09-06,MSFT,1,247.96619952708036,1.0,rebalance
2022-09-06,AAPL,1,153.48686782578596,1.0,rebalance
2022-09-06,NVDA,510,13.679047686131504,2.5500000000000003,rebalance
2022-09-07,AMZN,1,126.13261474685669,1.0,rebalance
2022-09-07,NVDA,10,13.515699428890423,1.0,rebalance
2022-09-08,GLD,-2,159.5240392868042,1.0,rebalance
2022-09-08,AAPL,1,151.69177213844654,1.0,rebalance
2022-09-08,NVDA,18,13.412062151481214,1.0,rebalance
2022-09-09,AMZN,-3,130.89691266174316,1.0,rebalance
2022-09-09,NVDA,-63,14.104804046471756,1.0,rebalance
2022-09-09,GLD,3,159.7359732208252,1.0,rebalance
2022-09-12,GLD,-336,161.0238892868042,1.68,rebalance
2022-09-12,MSFT,104,257.2383053342879,1.0,rebalance
2022-09-12,AAPL,172,156.54737025550742,1.0,rebalance
2022-09-12,AMZN,200,134.11341610412597,1.0,rebalance
2022-09-12,NVDA,1897,14.318887569064383,9.485,rebalance
2022-09-13,MSFT,-104,250.47125873487138,1.0,rebalance
2022-09-13,AAPL,-175,156.82010672719764,1.0,rebalance
2022-09-13,AMZN,-201,130.99689350738527,1.0050000000000001,rebalance
2022-09-13,NVDA,-1873,13.751113883696787,9.365,rebalance
2022-09-13,GLD,336,158.4858482208252,1.68,rebalance
2022-09-14,GLD,-7,158.66412467651367,1.0,rebalance
2022-09-14,NVDA,-957,13.20513560742875,4.785,rebalance
2022-09-14,AAPL,2,151.83888334745745,1.0,rebalance
2022-09-14,AMZN,2,127.3727366104126,1.0,rebalance
2022-09-15,GLD,3,156.77567050628662,1.0,rebalance
2022-09-15,NVDA,1022,12.969610543365672,5.11,rebalance
2022-09-16,MSFT,1,236.40993083856006,1.0,rebalance
2022-09-16,GLD,1,154.6754696624756,1.0,rebalance
2022-09-16,AMZN,3,122.7922767791748,1.0,rebalance
2022-09-16,NVDA,13,12.6975599029037,1.0,rebalance
2022-09-19,NVDA,-31,12.964029453080489,1.0,rebalance
2022-09-19,MSFT,1,234.67745307223655,1.0,rebalance
2022-09-19,AAPL,2,146.46332986436857,1.0,rebalance
2022-09-19,AMZN,1,122.17221966247558,1.0,rebalance
2022-09-20,AAPL,-2,150.44529045355947,1.0,rebalance
2022-09-20,NVDA,-17,13.166279393724274,1.0,rebalance
2022-09-20,GLD,1,155.0455017791748,1.0,rebalance
2022-09-21,AAPL,-3,154.30942282440094,1.0,rebalance
2022-09-21,AMZN,-52,122.47774886398315,1.0,rebalance
2022-09-21,NVDA,6,13.166917863601997,1.0,rebalance
2022-09-22,MSFT,-26,230.17920552760825,1.0,rebalance
2022-09-22,GLD,-6,156.24436850738525,1.0,rebalance
2022-09-22,AAPL,3,149.47483249380915,1.0,rebalance
2022-09-22,AMZN,59,117.0917098312378,1.0,rebalance
2022-09-22,NVDA,8,13.024418887232423,1.0,rebalance
2022-09-23,NVDA,-1505,12.374209819861042,7.525,rebalance
2022-09-23,MSFT,26,231.84158187910805,1.0,rebalance
2022-09-23,GLD,2,153.91538389587402,1.0,rebalance
2022-09-26,GLD,-587,153.20467922058106,2.935,rebalance
2022-09-26,MSFT,155,229.4316324097673,1.0,rebalance
2022-09-26,AAPL,241,146.80673273259907,1.205,rebalance
2022-09-26,AMZN,315,113.31133305206299,1.575,rebalance
2022-09-26,NVDA,4390,12.447437109842047,21.95,rebalance
2022-09-27,AAPL,-2,149.7980255894588,1.0,rebalance
2022-09-27,AMZN,-10,117.18827694854737,1.0,rebalance
2022-09-27,GLD,4,152.265225,1.0,rebalance
2022-09-27,NVDA,48,12.4633800174437,1.0,rebalance
2022-09-28,GLD,-4,153.18467694854738,1.0,rebalance
2022-09-28,NVDA,-28,12.364248796476755,1.0,rebalance
2022-09-28,AAPL,6,144.8252403026589,1.0,rebalance
2022-09-28,AMZN,4,114.39143525314331,1.0,rebalance
2022-09-29,MSFT,-161,231.16626635496831,1.0,rebalance
2022-09-29,AAPL,-207,143.28591213729734,1.035,rebalance
2022-09-29,AMZN,-322,115.58843847427369,1.61,rebalance
2022-09-29,NVDA,-2983,12.402106098122733,14.915000000000001,rebalance
2022-09-29,GLD,582,154.1554133895874,2.91,rebalance
2022-09-30,AAPL,-76,138.558726269538,1.0,rebalance
2022-09-30,GLD,-6,154.92450844116212,1.0,rebalance
2022-09-30,MSFT,6,230.63178514703958,1.0,rebalance
2022-09-30,AMZN,14,114.0914098312378,1.0,rebalance
2022-09-30,NVDA,170,12.044846021554843,1.0,rebalance
2022-10-03,GLD,-2,155.4244584411621,1.0,rebalance
2022-10-03,AMZN,-111,113.56864383087158,1.0,rebalance
2022-10-03,NVDA,-31,12.301478961065701,1.0,rebalance
2022-10-03,MSFT,1,227.8443445173375,1.0,rebalance
2022-10-03,AAPL,49,135.57500245901318,1.0,rebalance
2022-10-04,MSFT,-1,237.16584929843316,1.0,rebalance
2022-10-04,AAPL,-3,142.23651966991005,1.0,rebalance
2022-10-04,GLD,-2,159.16407467651368,1.0,rebalance
2022-10-04,NVDA,-33,12.831515049994154,1.0,rebalance
2022-10-04,AMZN,106,119.9019883895874,1.0,rebalance
2022-10-05,GLD,-1,159.30407532348633,1.0,rebalance
2022-10-05,NVDA,-5,12.863398525743907,1.0,rebalance
2022-10-05,AMZN,2,118.5918598312378,1.0,rebalance
2022-10-06,AMZN,-1,120.7579196434021,1.0,rebalance
2022-10-06,NVDA,-29,13.171261052826946,1.0,rebalance
2022-10-06,GLD,2,159.4259446624756,1.0,rebalance
2022-10-07,GLD,-3,158.4441607131958,1.0,rebalance
2022-10-07,AMZN,1,118.0118,1.0,rebalance
2022-10-07,NVDA,67,12.461387494045937,1.0,rebalance
2022-10-10,AMZN,-165,115.08848847427369,1.0,rebalance
2022-10-10,MSFT,2,225.56020185140827,1.0,rebalance
2022-10-10,NVDA,37,11.995020099965537,1.0,rebalance
2022-10-11,MSFT,-3,220.26064509696525,1.0,rebalance
2022-10-11,GLD,-576,155.47445649261473,2.88,rebalance
2022-10-11,AAPL,255,137.23274006198673,1.2750000000000001,rebalance
2022-10-11,AMZN,480,112.7212700843811,2.4,rebalance
2022-10-11,NVDA,1532,11.520678474687585,7.66,rebalance
2022-10-12,MSFT,165,218.1560664097898,1.0,rebalance
2022-10-12,AAPL,2,136.47748071190037,1.0,rebalance
2022-10-12,NVDA,1551,11.53861773702838,7.755,rebalance
2022-10-13,GLD,-4,153.4646477279663,1.0,rebalance
2022-10-13,AMZN,6,107.8907852531433,1.0,rebalance
2022-10-13,NVDA,111,10.932736805580326,1.0,rebalance
2022-10-14,MSFT,-161,227.92458415217104,1.0,rebalance
2022-10-14,AAPL,-257,141.53037960810573,1.285,rebalance
2022-10-14,AMZN,-314,114.08858847427368,1.57,rebalance
2022-10-14,NVDA,-3168,12.012546706470873,15.84,rebalance
2022-10-14,GLD,605,154.0354062728882,3.025,rebalance
2022-10-17,GLD,-8,154.9045061691284,1.0,rebalance
2022-10-17,AAPL,1,138.38048821198777,1.0,rebalance
2022-10-17,AMZN,4,110.1210116104126,1.0,rebalance
2022-10-17,NVDA,68,11.477827303808102,1.0,rebalance
2022-10-18,MSFT,-2,235.37562214737963,1.0,rebalance
2022-10-18,AAPL,-1,142.68766075738654,1.0,rebalance
2022-10-18,AMZN,-10,119.0480915588379,1.0,rebalance
2022-10-18,NVDA,-93,12.29848880002536,1.0,rebalance
2022-10-18,GLD,14,154.0954098312378,1.0,rebalance
2022-10-19,GLD,-341,152.07478733825684,1.705,rebalance
2022-10-19,MSFT,113,229.4219721769013,1.0,rebalance
2022-10-19,AAPL,187,138.9886333288975,1.0,rebalance
2022-10-19,AMZN,229,114.7214700843811,1.145,rebalance
2022-10-19,NVDA,2227,11.837571240442717,11.135,rebalance
2022-10-20,GLD,-255,151.90480616912842,1.2750000000000001,rebalance
2022-10-20,MSFT,24,228.19279603236947,1.0,rebalance
2022-10-20,AAPL,165,140.29328929388217,1.0,rebalance
2022-10-20,AMZN,49,113.84138483123779,1.0,rebalance
2022-10-20,NVDA,360,12.070755254497461,1.8,rebalance
2022-10-21,MSFT,-20,227.15044872044533,1.0,rebalance
2022-10-21,AAPL,-166,140.11815597386828,1.0,rebalance
2022-10-21,AMZN,-47,114.77852191543579,1.0,rebalance
2022-10-21,NVDA,-419,12.053397331774597,2.095,rebalance
2022-10-21,GLD,255,151.99519372711183,1.2750000000000001,rebalance
2022-10-24,MSFT,-3,235.87881166534268,1.0,rebalance
2022-10-24,AAPL,-1,144.35487670427247,1.0,rebalance
2022-10-24,AMZN,-8,119.9680053565979,1.0,rebalance
2022-10-24,NVDA,-29,12.46188586488393,1.0,rebalance
2022-10-24,GLD,9,153.46534194793702,1.0,rebalance
2022-10-25,MSFT,-1,239.26566269450964,1.0,rebalance
2022-10-25,AAPL,-4,147.19905041838382,1.0,rebalance
2022-10-25,NVDA,-25,12.64719821257724,1.0,rebalance
2022-10-25,GLD,2,153.97540271453857,1.0,rebalance
2022-10-25,AMZN,3,119.66196652603149,1.0,rebalance
2022-10-26,AAPL,-5,148.0522863004162,1.0,rebalance
2022-10-26,GLD,-7,154.76452077941894,1.0,rebalance
2022-10-26,NVDA,-89,12.821553219053012,1.0,rebalance
2022-10-26,MSFT,10,223.74061678586298,1.0,rebalance
2022-10-26,AMZN,9,116.0116,1.0,rebalance
2022-10-27,MSFT,-207,223.57006582530371,1.035,rebalance
2022-10-27,NVDA,-192,13.579749343255212,1.0,rebalance
2022-10-27,AAPL,6,145.24702529660817,1.0,rebalance
2022-10-27,GLD,1,154.72547771453858,1.0,rebalance
2022-10-27,AMZN,8,113.9313901687622,1.0,rebalance
2022-10-28,AAPL,-9,145.34545554834432,1.0,rebalance
2022-10-28,GLD,-10,152.9447107131958,1.0,rebalance
2022-10-28,MSFT,206,218.9690515294855,1.03,rebalance
2022-10-28,AMZN,52,97.91979466247558,1.0,rebalance
2022-10-28,NVDA,26,13.058299955822994,1.0,rebalance
2022-10-31,AAPL,-3,150.20990810963443,1.0,rebalance
2022-10-31,AMZN,-162,103.54964155883789,1.0,rebalance
2022-10-31,NVDA,-82,13.727202885208603,1.0,rebalance
2022-10-31,GLD,15,152.1752196624756,1.0,rebalance
2022-11-01,AAPL,-2,152.0929185001266,1.0,rebalance
2022-11-01,GLD,-1,153.80462532348633,1.0,rebalance
2022-11-01,AMZN,150,104.0003968635559,1.0,rebalance
2022-11-01,NVDA,12,13.762832558173809,1.0,rebalance
2022-11-02,GLD,-11,154.14458766174317,1.0,rebalance
2022-11-02,NVDA,-72,13.798935261660525,1.0,rebalance
2022-11-02,AAPL,6,146.11023537282352,1.0,rebalance
2022-11-02,AMZN,21,97.3297316947937,1.0,rebalance
2022-11-03,GLD,-7,150.68492694854737,1.0,rebalance
2022-11-03,AMZN,-310,92.46075422058105,1.55,rebalance
2022-11-03,MSFT,1,213.01668656337787,1.0,rebalance
2022-11-03,AAPL,3,139.35158450988797,1.0,rebalance
2022-11-03,NVDA,75,12.997512402895094,1.0,rebalance
2022-11-04,AAPL,-153,139.58431091610066,1.0,rebalance
2022-11-04,GLD,-254,154.93450194854736,1.27,rebalance
2022-11-04,MSFT,30,210.55834890432448,1.0,rebalance
2022-11-04,AMZN,386,91.49914686355591,1.93,rebalance
2022-11-04,NVDA,188,13.937222228336731,1.0,rebalance
2022-11-07,MSFT,-26,214.8126955450542,1.0,rebalance
2022-11-07,AMZN,-55,91.94080194854736,1.0,rebalance
2022-11-07,NVDA,-400,14.17554190769223,2.0,rebalance
2022-11-07,AAPL,172,134.71908491380879,1.0,rebalance
2022-11-07,GLD,246,156.2356232208252,1.23,rebalance
2022-11-08,MSFT,-4,221.3057195424294,1.0,rebalance
2022-11-08,AAPL,-3,137.93397724521125,1.0,rebalance
2022-11-08,NVDA,-85,14.746431401343555,1.0,rebalance
2022-11-08,GLD,7,156.00560449371338,1.0,rebalance
2022-11-08,AMZN,12,90.79907991561889,1.0,rebalance
2022-11-09,GLD,-13,159.34406461029053,1.0,rebalance
2022-11-09,AAPL,1,136.08486953171456,1.0,rebalance
2022-11-09,AMZN,4,89.47894822082519,1.0,rebalance
2022-11-09,NVDA,119,14.112608662028785,1.0,rebalance
2022-11-10,MSFT,-2,227.81812438544074,1.0,rebalance
2022-11-10,AMZN,-507,92.93070844116211,2.535,rebalance
2022-11-10,NVDA,-57,14.745433923203375,1.0,rebalance
2022-11-10,AAPL,2,138.7770349991752,1.0,rebalance
2022-11-10,GLD,4,162.02619550628663,1.0,rebalance
2022-11-11,MSFT,-2,235.13373639801063,1.0,rebalance
2022-11-11,AAPL,-1,143.24853856965933,1.0,rebalance
2022-11-11,NVDA,-130,15.748723388338956,1.0,rebalance
2022-11-11,GLD,6,163.9263946624756,1.0,rebalance
2022-11-11,AMZN,487,97.88978525314332,2.435,rebalance
2022-11-14,AAPL,-5,146.34298461542045,1.0,rebalance
2022-11-14,NVDA,-51,16.15820803271474,1.0,rebalance
2022-11-14,MSFT,2,234.21286398288362,1.0,rebalance
2022-11-14,GLD,3,164.216416947937,1.0,rebalance
2022-11-15,AMZN,-11,103.19967808456421,1.0,rebalance
2022-11-15,NVDA,-33,16.660347190248196,1.0,rebalance
2022-11-15,MSFT,1,237.764949905161,1.0,rebalance
2022-11-15,GLD,7,165.28653127288817,1.0,rebalance
2022-11-16,MSFT,-1,235.60226385203796,1.0,rebalance
2022-11-16,GLD,-10,165.39346266174317,1.0,rebalance
2022-11-16,AMZN,21,96.8596834739685,1.0,rebalance
2022-11-16,NVDA,42,16.10563540607976,1.0,rebalance
2022-11-17,GLD,-3,163.7736142868042,1.0,rebalance
2022-11-17,NVDA,37,15.660191522757323,1.0,rebalance
2022-11-18,MSFT,-1,236.30096142436992,1.0,rebalance
2022-11-18,AAPL,-8,149.62410103883278,1.0,rebalance
2022-11-18,NVDA,-8,15.907137683110424,1.0,rebalance
2022-11-18,GLD,7,163.39634288330078,1.0,rebalance
2022-11-18,AMZN,3,95.95959194793701,1.0,rebalance
2022-11-21,MSFT,-2,234.28252316367409,1.0,rebalance
2022-11-21,AAPL,-1,147.5119972027663,1.0,rebalance
2022-11-21,GLD,-4,162.4237584411621,1.0,rebalance
2022-11-21,NVDA,-1975,15.091155876815073,9.875,rebalance
2022-11-21,AMZN,2,93.97939822082519,1.0,rebalance
2022-11-22,MSFT,-2,236.37860721798143,1.0,rebalance
2022-11-22,GLD,-1,162.28377305145264,1.0,rebalance
2022-11-22,AAPL,3,145.54694657968798,1.0,rebalance
2022-11-22,AMZN,6,92.62926474685669,1.0,rebalance
2022-11-22,NVDA,2039,15.274541095500739,10.195,rebalance
2022-11-23,NVDA,-116,16.038650122369297,1.0,rebalance
2022-11-23,GLD,6,161.70617144165038,1.0,rebalance
2022-11-23,AMZN,2,93.2493218635559,1.0,rebalance
2022-11-25,NVDA,-25,16.25783970158801,1.0,rebalance
2022-11-25,AAPL,5,145.7237406865839,1.0,rebalance
2022-11-28,MSFT,-1,238.79490386710253,1.0,rebalance
2022-11-28,GLD,-4,162.9136996765137,1.0,rebalance
2022-11-28,AMZN,-4,93.92060730514527,1.0,rebalance
2022-11-28,AAPL,5,142.60905762222043,1.0,rebalance
2022-11-28,NVDA,33,15.970105038924501,1.0,rebalance
2022-11-29,GLD,-2,162.68372694854736,1.0,rebalance
2022-11-29,AMZN,-3,94.0305969154358,1.0,rebalance
2022-11-29,MSFT,2,234.30029599037215,1.0,rebalance
2022-11-29,NVDA,19,15.771803371756844,1.0,rebalance
2022-11-30,AAPL,-333,138.9064662613584,1.665,rebalance
2022-11-30,NVDA,-2993,15.643126055661803,14.965,rebalance
2022-11-30,GLD,-6,163.6736334411621,1.0,rebalance
2022-11-30,AMZN,4,92.4792482208252,1.0,rebalance
2022-12-01,MSFT,-6,246.35423394762293,1.0,rebalance
2022-12-01,AMZN,-12,96.98029886398315,1.0,rebalance
2022-12-01,AAPL,329,145.62550646270466,1.645,rebalance
2022-12-01,NVDA,2832,16.944049583366905,14.16,rebalance
2022-12-02,GLD,-4,166.16337467651368,1.0,rebalance
2022-12-02,AMZN,5,94.48945135726929,1.0,rebalance
2022-12-02,NVDA,16,16.605149472132194,1.0,rebalance
2022-12-05,MSFT,-1,244.5493158654687,1.0,rebalance
2022-12-05,AAPL,-2,145.1641602948965,1.0,rebalance
2022-12-05,AMZN,9,93.05930805206299,1.0,rebalance
2022-12-05,NVDA,2,16.62508774873185,1.0,rebalance
2022-12-06,MSFT,-1,243.3945458135739,1.0,rebalance
2022-12-06,AAPL,-2,144.47648820695218,1.0,rebalance
2022-12-06,AMZN,-163,90.49095,1.0,rebalance
2022-12-06,NVDA,-1,16.47327154971398,1.0,rebalance
2022-12-07,MSFT,-109,237.58189792232074,1.0,rebalance
2022-12-07,AAPL,-183,139.6826164428961,1.0,rebalance
2022-12-07,AMZN,-122,88.33116233825683,1.0,rebalance
2022-12-07,NVDA,-1592,15.717871350668407,7.96,rebalance
2022-12-07,GLD,307,165.4865482208252,1.5350000000000001,rebalance
2022-12-08,AMZN,-1,89.23107386398316,1.0,rebalance
2022-12-08,NVDA,-32,16.21715178038666,1.0,rebalance
2022-12-09,NVDA,-57,17.10110958787801,1.0,rebalance
2022-12-09,AMZN,1,88.9088915260315,1.0,rebalance
2022-12-12,GLD,3,166.45664644165038,1.0,rebalance
2022-12-12,NVDA,6,16.98192838245071,1.0,rebalance
2022-12-13,MSFT,-3,253.94272301477446,1.0,rebalance
2022-12-13,AAPL,-2,146.86366200256842,1.0,rebalance
2022-12-13,AMZN,-9,95.2204803565979,1.0,rebalance
2022-12-13,NVDA,-67,18.46740298493957,1.0,rebalance
2022-12-13,GLD,7,169.22692771453856,1.0,rebalance
2022-12-14,GLD,-324,168.41314967651368,1.62,rebalance
2022-12-14,MSFT,108,249.567664170197,1.0,rebalance
2022-12-14,AAPL,190,142.8154063211014,1.0,rebalance
2022-12-14,AMZN,295,92.50925,1.475,rebalance
2022-12-14,NVDA,1528,17.928854097052454,7.640000000000001,rebalance
2022-12-15,MSFT,-1,246.20869459014853,1.0,rebalance
2022-12-15,GLD,-3,165.7134227279663,1.0,rebalance
2022-12-15,AAPL,3,138.6493144478127,1.0,rebalance
2022-12-15,AMZN,3,89.8989883895874,1.0,rebalance
2022-12-15,NVDA,66,17.090574303584688,1.0,rebalance
2022-12-16,MSFT,-107,241.19176726309794,1.0,rebalance
2022-12-16,AAPL,-187,134.27956441075355,1.0,rebalance
2022-12-16,AMZN,-291,88.2611696434021,1.455,rebalance
2022-12-16,NVDA,-1539,16.806121579099617,7.695,rebalance
2022-12-16,GLD,306,166.03660627288818,1.53,rebalance
2022-12-19,GLD,-4,166.6933357131958,1.0,rebalance
2022-12-19,MSFT,1,237.65854286606526,1.0,rebalance
2022-12-19,NVDA,18,16.5184275876807,1.0,rebalance
2022-12-20,AAPL,-45,129.07301095199367,1.0,rebalance
2022-12-20,GLD,-9,168.08319610290528,1.0,rebalance
2022-12-20,AMZN,-146,85.32146883087158,1.0,rebalance
2022-12-20,NVDA,-371,16.008867796207674,1.855,rebalance
2022-12-20,MSFT,1,232.3590671536385,1.0,rebalance
2022-12-21,GLD,-309,169.0230892868042,1.545,rebalance
2022-12-21,MSFT,111,234.5817389260674,1.0,rebalance
2022-12-21,AAPL,247,130.66107027896427,1.235,rebalance
2022-12-21,AMZN,452,86.1886183052063,2.2600000000000002,rebalance
2022-12-21,NVDA,2024,16.061909009989066,10.120000000000001,rebalance
2022-12-22,AAPL,-3,131.98081254971223,1.0,rebalance
2022-12-22,NVDA,-1,16.03876686025286,1.0,rebalance
2022-12-22,GLD,2,167.77677050628662,1.0,rebalance
2022-12-22,AMZN,3,85.52854864273071,1.0,rebalance
2022-12-23,MSFT,-110,229.12002378198352,1.0,rebalance
2022-12-23,AAPL,-196,128.61133317972414,1.0,rebalance
2022-12-23,AMZN,-302,83.241675,1.51,rebalance
2022-12-23,NVDA,-2412,15.143847309716056,12.06,rebalance
2022-12-23,GLD,296,166.89669288330077,1.48,rebalance
2022-12-27,GLD,-304,167.87321038970947,1.52,rebalance
2022-12-27,MSFT,108,231.67969316087226,1.0,rebalance
2022-12-27,AAPL,196,129.08899548194256,1.0,rebalance
2022-12-27,AMZN,296,84.97849822082519,1.48,rebalance
2022-12-27,NVDA,2551,15.025271820074659,12.755,rebalance
2022-12-28,MSFT,-1,229.8768997138954,1.0,rebalance
2022-12-28,AAPL,-1,127.38334383926879,1.0,rebalance
2022-12-28,GLD,-9,168.03319805145264,1.0,rebalance
2022-12-28,NVDA,-2971,13.879205095963933,14.855,rebalance
2022-12-28,AMZN,3,82.80828305206299,1.0,rebalance
2022-12-29,MSFT,-109,228.6736369305558,1.0,rebalance
2022-12-29,AAPL,-195,125.73294408659258,1.0,rebalance
2022-12-29,AMZN,-528,82.86171574630737,2.64,rebalance
2022-12-29,GLD,293,168.55684728546143,1.465,rebalance
2022-12-29,NVDA,1304,14.355444381250413,6.5200000000000005,rebalance
2022-12-30,GLD,-296,169.24306850738526,1.48,rebalance
2022-12-30,MSFT,107,231.20410930684247,1.0,rebalance
2022-12-30,AAPL,198,126.17079380711048,1.0,rebalance
2022-12-30,AMZN,526,83.12831474685669,2.63,rebalance
2022-12-30,NVDA,1762,14.287662881889206,8.81,rebalance
2023-01-03,AMZN,-3,85.4514530845642,1.0,rebalance
2023-01-03,NVDA,-51,14.80003173309657,1.0,rebalance
2023-01-03,AAPL,1,128.0081821666872,1.0,rebalance
2023-01-03,GLD,2,171.33713932495118,1.0,rebalance
2023-01-04,MSFT,-104,225.40346027595825,1.0,rebalance
2023-01-04,AAPL,-297,124.65235736521323,1.485,rebalance
2023-01-04,AMZN,-304,86.54134805145264,1.52,rebalance
2023-01-04,NVDA,-1710,14.517005523619336,8.55,rebalance
2023-01-04,GLD,284,172.8772866104126,1.42,rebalance
2023-01-05,GLD,-290,170.80292532348633,1.45,rebalance
2023-01-05,MSFT,47,220.51789359085396,1.0,rebalance
2023-01-05,AAPL,299,124.91310298887917,1.495,rebalance
2023-01-05,AMZN,294,85.3385348312378,1.47,rebalance
2023-01-05,NVDA,1729,14.444156409860634,8.645,rebalance
2023-01-06,MSFT,-45,216.3981463640556,1.0,rebalance
2023-01-06,AAPL,-199,123.78787944217484,1.0,rebalance
2023-01-06,AMZN,-288,83.02169577941895,1.44,rebalance
2023-01-06,NVDA,-1740,14.424326498139605,8.700000000000001,rebalance
2023-01-06,GLD,284,171.7771705062866,1.42,rebalance
2023-01-09,GLD,-288,174.49254350738525,1.44,rebalance
2023-01-09,MSFT,114,219.7899768213904,1.0,rebalance
2023-01-09,AAPL,194,128.19485140035107,1.0,rebalance
2023-01-09,AMZN,281,87.4687450843811,1.405,rebalance
2023-01-09,NVDA,1616,15.23459179062118,8.08,rebalance
2023-01-10,NVDA,-32,15.453780227408624,1.0,rebalance
2023-01-10,AAPL,2,127.9885079360897,1.0,rebalance
2023-01-10,AMZN,1,87.5787566947937,1.0,rebalance
2023-01-11,AMZN,-11,90.92090730514526,1.0,rebalance
2023-01-11,NVDA,-23,15.78563893982439,1.0,rebalance
2023-01-11,AAPL,2,128.96124922614428,1.0,rebalance
2023-01-11,GLD,6,174.77747050628662,1.0,rebalance
2023-01-12,AMZN,-21,96.92030730514526,1.0,rebalance
2023-01-12,GLD,6,176.02759550628662,1.0,rebalance
2023-01-12,NVDA,11,16.04795520521068,1.0,rebalance
2023-01-13,MSFT,-1,229.98368869297113,1.0,rebalance
2023-01-13,GLD,-3,176.9423107131958,1.0,rebalance
2023-01-13,NVDA,-37,16.222136138404014,1.0,rebalance
2023-01-13,AAPL,4,129.7276545340116,1.0,rebalance
2023-01-13,AMZN,12,94.1894183052063,1.0,rebalance
2023-01-17,AMZN,-12,98.67013230514526,1.0,rebalance
2023-01-17,NVDA,-51,16.841003172125088,1.0,rebalance
2023-01-17,MSFT,2,230.97116128485254,1.0,rebalance
2023-01-17,GLD,5,178.22782771453856,1.0,rebalance
2023-01-18,AAPL,-1,134.40725336631547,1.0,rebalance
2023-01-18,NVDA,-92,17.606369385264145,1.0,rebalance
2023-01-18,GLD,3,178.9378901687622,1.0,rebalance
2023-01-18,AMZN,11,97.259725,1.0,rebalance
2023-01-19,GLD,-7,178.35215811767577,1.0,rebalance
2023-01-19,MSFT,2,226.90439343207476,1.0,rebalance
2023-01-19,AMZN,3,94.74947186355591,1.0,rebalance
2023-01-19,NVDA,46,16.980929861237374,1.0,rebalance
2023-01-20,AAPL,-2,132.89440225973323,1.0,rebalance
2023-01-20,GLD,-1,179.04209155883788,1.0,rebalance
2023-01-20,AMZN,6,93.86938661041259,1.0,rebalance
2023-01-20,NVDA,8,16.95600980929344,1.0,rebalance
2023-01-23,AMZN,-8,97.5502415588379,1.0,rebalance
2023-01-23,NVDA,-101,18.002000185624357,1.0,rebalance
2023-01-23,GLD,11,178.36784110412597,1.0,rebalance
2023-01-24,AAPL,-1,137.83570758334068,1.0,rebalance
2023-01-24,NVDA,-79,18.762385262137112,1.0,rebalance
2023-01-24,GLD,2,179.5779535583496,1.0,rebalance
2023-01-24,AMZN,8,96.9396933052063,1.0,rebalance
2023-01-25,AAPL,-5,138.40548144106054,1.0,rebalance
2023-01-25,GLD,-4,179.33207110290527,1.0,rebalance
2023-01-25,NVDA,-41,18.84809677244247,1.0,rebalance
2023-01-25,MSFT,4,227.5838105503048,1.0,rebalance
2023-01-25,AMZN,17,92.56925355834962,1.0,rebalance
2023-01-26,MSFT,-1,236.43680477505086,1.0,rebalance
2023-01-26,AMZN,-16,98.23017386398315,1.0,rebalance
2023-01-26,NVDA,-37,19.63338660923433,1.0,rebalance
2023-01-26,AAPL,2,140.6733970274846,1.0,rebalance
2023-01-26,GLD,9,180.168008895874,1.0,rebalance
2023-01-27,MSFT,-4,241.61871792097907,1.0,rebalance
2023-01-27,AMZN,-5,99.52004577941895,1.0,rebalance
2023-01-27,AAPL,1,140.66357709749806,1.0,rebalance
2023-01-27,GLD,3,179.2879312728882,1.0,rebalance
2023-01-27,NVDA,35,19.3990852620088,1.0,rebalance
2023-01-30,AAPL,-2,142.4037032303871,1.0,rebalance
2023-01-30,AMZN,-5,101.07988733825684,1.0,rebalance
2023-01-30,NVDA,-47,19.88153429809736,1.0,rebalance
2023-01-30,MSFT,3,237.3187910151856,1.0,rebalance
2023-01-30,GLD,3,179.30792228546142,1.0,rebalance
2023-01-31,GLD,-2,178.80212532348634,1.0,rebalance
2023-01-31,AMZN,-5,101.14988766174316,1.0,rebalance
2023-01-31,AAPL,1,140.21162549244423,1.0,rebalance
2023-01-31,NVDA,74,19.108033864011908,1.0,rebalance
2023-02-01,MSFT,-1,240.65802447433697,1.0,rebalance
2023-02-01,AMZN,-1,102.51974577941894,1.0,rebalance
2023-02-01,NVDA,-36,19.623421486646144,1.0,rebalance
2023-02-01,AAPL,1,141.45945552065672,1.0,rebalance
2023-02-01,GLD,2,179.767975,1.0,rebalance
2023-02-02,MSFT,-1,251.15770429034038,1.0,rebalance
2023-02-02,AMZN,-17,110.238975,1.0,rebalance
2023-02-02,NVDA,-71,20.927927711757963,1.0,rebalance
2023-02-02,AAPL,1,146.30350162986122,1.0,rebalance
2023-02-02,GLD,13,181.0981098312378,1.0,rebalance
2023-02-03,MSFT,-4,251.85639991443392,1.0,rebalance
2023-02-03,AAPL,-3,145.41957895818936,1.0,rebalance
2023-02-03,NVDA,-40,20.927929631907933,1.0,rebalance
2023-02-03,GLD,9,174.9374901687622,1.0,rebalance
2023-02-03,AMZN,13,105.27052813644409,1.0,rebalance
2023-02-06,AAPL,-11,149.87952066553964,1.0,rebalance
2023-02-06,GLD,1,174.1274116104126,1.0,rebalance
2023-02-06,AMZN,9,102.9402933052063,1.0,rebalance
2023-02-06,NVDA,14,20.73874210669662,1.0,rebalance
2023-02-07,MSFT,-1,252.8171027961164,1.0,rebalance
2023-02-07,AMZN,-155,101.15988116912843,1.0,rebalance
2023-02-07,META,-1037,183.8010641105536,5.1850000000000005,rebalance
2023-02-07,NVDA,-61,21.308621544248982,1.0,rebalance
2023-02-07,AAPL,4,148.01312937609043,1.0,rebalance
2023-02-07,GLD,2,173.7373732208252,1.0,rebalance
2023-02-08,MSFT,-8,265.11204014757453,1.0,rebalance
2023-02-08,AAPL,-4,151.16642272468155,1.0,rebalance
2023-02-08,NVDA,-90,22.310169654638738,1.0,rebalance
2023-02-08,META,16,188.2162861037621,1.0,rebalance
2023-02-08,AMZN,164,102.05020491561889,1.0,rebalance
2023-02-09,META,-34,184.3457688350834,1.0,rebalance
2023-02-09,MSFT,1,265.7473793881314,1.0,rebalance
2023-02-09,AAPL,4,151.0983856958637,1.0,rebalance
2023-02-09,GLD,5,175.50755449371337,1.0,rebalance
2023-02-09,AMZN,10,101.3301316947937,1.0,rebalance
2023-02-09,NVDA,8,22.532923286461475,1.0,rebalance
2023-02-10,META,-65,174.65955260019032,1.0,rebalance
2023-02-10,MSFT,10,253.83820350527526,1.0,rebalance
2023-02-10,AAPL,11,147.0779532406131,1.0,rebalance
2023-02-10,GLD,8,173.64736788330077,1.0,rebalance
2023-02-10,AMZN,22,97.5697535583496,1.0,rebalance
2023-02-10,NVDA,108,21.619884249413218,1.0,rebalance
2023-02-13,MSFT,-4,259.7165561088363,1.0,rebalance
2023-02-13,AAPL,-4,148.51448593493666,1.0,rebalance
2023-02-13,AMZN,-2,97.84021347427368,1.0,rebalance
2023-02-13,META,15,176.54690841755874,1.0,rebalance
2023-02-13,GLD,1,172.71726694793702,1.0,rebalance
2023-02-13,NVDA,9,21.46838033976466,1.0,rebalance
2023-02-14,MSFT,-3,264.5977303451456,1.0,rebalance
2023-02-14,META,1105,175.49686323004346,5.525,rebalance
2023-02-14,GLD,6,171.9871982208252,1.0,rebalance
2023-02-14,NVDA,14,21.50824408304286,1.0,rebalance
2023-02-15,NVDA,-91,22.471615467767034,1.0,rebalance
2023-02-15,MSFT,3,261.08089214079547,1.0,rebalance
2023-02-15,GLD,7,170.61706610412597,1.0,rebalance
2023-02-16,AAPL,-3,151.03316182736495,1.0,rebalance
2023-02-16,GLD,-1,170.32296233825684,1.0,rebalance
2023-02-16,AMZN,-4,99.20007808456421,1.0,rebalance
2023-02-16,MSFT,2,256.8968369171609,1.0,rebalance
2023-02-16,NVDA,30,22.061452248156016,1.0,rebalance
2023-02-17,AAPL,-1,149.8919182587452,1.0,rebalance
2023-02-17,GLD,-4,169.85300811767578,1.0,rebalance
2023-02-17,MSFT,2,252.39178132628666,1.0,rebalance
2023-02-17,AMZN,1,97.80978305206298,1.0,rebalance
2023-02-17,NVDA,29,21.56107475779629,1.0,rebalance
2023-02-21,GLD,-10,171.18287694854737,1.0,rebalance
2023-02-21,MSFT,1,247.61423868999591,1.0,rebalance
2023-02-21,AMZN,8,95.34953033752441,1.0,rebalance
2023-02-21,NVDA,42,20.932114779472,1.0,rebalance
2023-02-22,GLD,-2,170.7929165588379,1.0,rebalance
2023-02-22,AMZN,-353,95.09048847427368,1.7650000000000001,rebalance
2023-02-22,NVDA,-787,20.635933090321593,3.935,rebalance
2023-02-22,AAPL,1,146.49731500339038,1.0,rebalance
2023-02-23,MSFT,-134,248.6153665184289,1.0,rebalance
2023-02-23,AAPL,2,147.69788662209234,1.0,rebalance
2023-02-23,GLD,10,169.85698033752442,1.0,rebalance
2023-02-23,AMZN,354,96.12961474685669,1.77,rebalance
2023-02-23,NVDA,558,23.36422575084389,2.79,rebalance
2023-02-24,GLD,-1,168.4031561691284,1.0,rebalance
2023-02-24,NVDA,-5,23.145296029265886,1.0,rebalance
2023-02-24,MSFT,137,243.21619623228483,1.0,rebalance
2023-02-24,AAPL,3,144.765400214857,1.0,rebalance
2023-02-24,AMZN,8,93.53935177917481,1.0,rebalance
2023-02-27,AAPL,-347,145.32676972976049,1.735,rebalance
2023-02-27,NVDA,-26,23.58876204440814,1.0,rebalance
2023-02-27,GLD,1,168.89689288330078,1.0,rebalance
2023-02-28,GLD,-2,168.76312077941895,1.0,rebalance
2023-02-28,MSFT,1,242.35019181318944,1.0,rebalance
2023-02-28,AAPL,348,144.70635366895493,1.74,rebalance
2023-02-28,AMZN,2,93.1493133895874,1.0,rebalance
2023-02-28,NVDA,13,23.296443415998425,1.0,rebalance
2023-03-01,GLD,-4,170.93290194854737,1.0,rebalance
2023-03-01,AMZN,-1,93.86061574630737,1.0,rebalance
2023-03-01,AAPL,2,144.48985887503719,1.0,rebalance
2023-03-01,NVDA,26,23.117024958372536,1.0,rebalance
2023-03-02,GLD,-6,170.5029522720337,1.0,rebalance
2023-03-02,AMZN,6,91.41914466247559,1.0,rebalance
2023-03-02,NVDA,35,22.41530455707728,1.0,rebalance
2023-03-03,AAPL,-1,145.65142379897173,1.0,rebalance
2023-03-03,NVDA,-41,23.23996968835646,1.0,rebalance
2023-03-03,GLD,4,171.46714194793702,1.0,rebalance
2023-03-03,AMZN,1,92.7492718635559,1.0,rebalance
2023-03-06,GLD,-334,172.30277532348634,1.67,rebalance
2023-03-06,MSFT,36,249.51160927706613,1.0,rebalance
2023-03-06,AAPL,199,151.3389245974488,1.0,rebalance
2023-03-06,AMZN,93,95.19952144165039,1.0,rebalance
2023-03-06,NVDA,372,23.813769593807365,1.86,rebalance
2023-03-07,MSFT,-37,249.33527559932045,1.0,rebalance
2023-03-07,AAPL,-208,151.2201371351277,1.04,rebalance
2023-03-07,AMZN,-93,94.0505915588379,1.0,rebalance
2023-03-07,NVDA,-372,23.52299916031478,1.86,rebalance
2023-03-07,GLD,344,170.4370401687622,1.72,rebalance
2023-03-08,AAPL,-1,150.34447720406604,1.0,rebalance
2023-03-08,AMZN,-1,93.59063847427369,1.0,rebalance
2023-03-08,NVDA,-4,23.41036683600436,1.0,rebalance
2023-03-08,GLD,2,168.6268616104126,1.0,rebalance
2023-03-09,NVDA,-45,24.096120827300357,1.0,rebalance
2023-03-09,AAPL,1,151.1126400777841,1.0,rebalance
2023-03-09,GLD,1,169.766975,1.0,rebalance
2023-03-09,AMZN,3,93.6893683052063,1.0,rebalance
2023-03-10,GLD,-11,171.91279967651369,1.0,rebalance
2023-03-10,MSFT,2,244.3059751625059,1.0,rebalance
2023-03-10,AAPL,4,147.8159866225377,1.0,rebalance
2023-03-10,AMZN,1,92.6792651687622,1.0,rebalance
2023-03-10,NVDA,48,23.337288087240946,1.0,rebalance
2023-03-13,GLD,-262,176.64233766174317,1.31,rebalance
2023-03-13,AMZN,-549,89.96100422058106,2.745,rebalance
2023-03-13,MSFT,47,240.72523930133622,1.0,rebalance
2023-03-13,AAPL,78,145.4542339551559,1.0,rebalance
2023-03-13,NVDA,527,22.68230431707036,2.6350000000000002,rebalance
2023-03-14,MSFT,-4,249.7730550577466,1.0,rebalance
2023-03-14,AAPL,-1,148.8391754067351,1.0,rebalance
2023-03-14,NVDA,-37,23.419336966471178,1.0,rebalance
2023-03-14,GLD,2,177.36774110412597,1.0,rebalance
2023-03-14,AMZN,666,93.8393848312378,3.33,rebalance
2023-03-15,MSFT,-46,252.91524018480217,1.0,rebalance
2023-03-15,AAPL,-73,148.7506067740542,1.0,rebalance
2023-03-15,AMZN,-111,93.21067922058106,1.0,rebalance
2023-03-15,NVDA,-486,23.683476641836844,2.43,rebalance
2023-03-15,GLD,247,178.8778866104126,1.235,rebalance
2023-03-16,MSFT,-205,258.0031850643287,1.025,rebalance
2023-03-16,AAPL,-348,149.70495321485888,1.74,rebalance
2023-03-16,NVDA,-2185,23.948608331710954,10.925,rebalance
2023-03-16,AMZN,-555,95.740425,2.775,rebalance
2023-03-16,GLD,337,179.5279455062866,1.685,rebalance
2023-03-17,GLD,-334,181.0019022720337,1.67,rebalance
2023-03-17,MSFT,193,270.75263038065174,1.0,rebalance
2023-03-17,AAPL,341,153.59244481786232,1.705,rebalance
2023-03-17,NVDA,2027,25.90240995619898,10.135,rebalance
2023-03-17,AMZN,526,99.79997991561889,2.63,rebalance
2023-03-20,GLD,-10,184.1715834411621,1.0,rebalance
2023-03-20,MSFT,1,269.5072508820873,1.0,rebalance
2023-03-20,AAPL,2,152.59855112765845,1.0,rebalance
2023-03-20,AMZN,6,98.41984466247558,1.0,rebalance
2023-03-20,NVDA,26,25.536533988085935,1.0,rebalance
2023-03-21,AAPL,-3,154.78171341342323,1.0,rebalance
2023-03-21,NVDA,-40,26.09458401069826,1.0,rebalance
2023-03-21,MSFT,2,267.4639086580758,1.0,rebalance
2023-03-21,GLD,4,182.66825889587403,1.0,rebalance
2023-03-21,AMZN,3,98.14981338958741,1.0,rebalance
2023-03-22,AAPL,-3,156.7297493010805,1.0,rebalance
2023-03-22,AMZN,-10,100.43995194854736,1.0,rebalance
2023-03-22,NVDA,-13,26.338781856210066,1.0,rebalance
2023-03-22,MSFT,2,266.023766422234,1.0,rebalance
2023-03-22,GLD,8,180.41803389587403,1.0,rebalance
2023-03-23,GLD,-3,183.89161266174315,1.0,rebalance
2023-03-23,NVDA,-28,27.026534878381224,1.0,rebalance
2023-03-23,AAPL,3,156.29861908963332,1.0,rebalance
2023-03-23,AMZN,5,100.4400433052063,1.0,rebalance
2023-03-24,GLD,-5,185.59143961029054,1.0,rebalance
2023-03-24,AMZN,12,98.0798066947937,1.0,rebalance
2023-03-24,NVDA,1,26.948196074948044,1.0,rebalance
2023-03-27,MSFT,-3,272.87763220345346,1.0,rebalance
2023-03-27,AAPL,-3,157.35943678335687,1.0,rebalance
2023-03-27,AMZN,-6,99.06009269485473,1.0,rebalance
2023-03-27,GLD,9,181.168108895874,1.0,rebalance
2023-03-27,NVDA,8,26.754791538400532,1.0,rebalance
2023-03-28,GLD,-5,182.2917665588379,1.0,rebalance
2023-03-28,MSFT,1,268.3493157621451,1.0,rebalance
2023-03-28,AAPL,1,155.45230650636998,1.0,rebalance
2023-03-28,NVDA,16,26.365983655278164,1.0,rebalance
2023-03-29,NVDA,-14,26.737481517016853,1.0,rebalance
2023-03-29,GLD,1,182.50825449371337,1.0,rebalance
2023-03-29,AMZN,1,98.69987144165039,1.0,rebalance
2023-03-30,MSFT,-1,276.5062904952908,1.0,rebalance
2023-03-30,AMZN,-8,101.53984805145264,1.0,rebalance
2023-03-30,NVDA,-6,27.140160204106323,1.0,rebalance
2023-03-30,GLD,6,182.768275,1.0,rebalance
2023-03-31,AAPL,-1,159.81911938622497,1.0,rebalance
2023-03-31,GLD,-1,184.09158961029053,1.0,rebalance
2023-03-31,AMZN,-2,102.14978766174316,1.0,rebalance
2023-03-31,NVDA,12,27.056855837703377,1.0,rebalance
2023-04-03,AAPL,-2,161.61956039470758,1.0,rebalance
2023-04-03,NVDA,-15,27.41924948840828,1.0,rebalance
2023-04-03,GLD,2,183.86839110412598,1.0,rebalance
2023-04-03,AMZN,1,102.31023305206298,1.0,rebalance
2023-04-04,AAPL,-2,163.91199128964413,1.0,rebalance
2023-04-04,NVDA,-19,27.874755272368372,1.0,rebalance
2023-04-04,GLD,1,184.7384732208252,1.0,rebalance
2023-04-04,AMZN,2,102.760275,1.0,rebalance
2023-04-05,GLD,-9,188.32116233825684,1.0,rebalance
2023-04-05,AMZN,-6,103.89961266174316,1.0,rebalance
2023-04-05,AAPL,2,162.114462370356,1.0,rebalance
2023-04-05,NVDA,78,26.74681357801805,1.0,rebalance
2023-04-06,GLD,-3,186.87131038970946,1.0,rebalance
2023-04-06,NVDA,-4,26.497262723549724,1.0,rebalance
2023-04-06,AAPL,1,159.84123293196086,1.0,rebalance
2023-04-06,AMZN,9,100.760075,1.0,rebalance
2023-04-10,MSFT,-3,281.3510040962237,1.0,rebalance
2023-04-10,NVDA,-15,26.735484784073073,1.0,rebalance
2023-04-10,AAPL,2,158.84733570214578,1.0,rebalance
2023-04-10,GLD,5,185.19851067504882,1.0,rebalance
2023-04-11,NVDA,-56,27.633546240290237,1.0,rebalance
2023-04-11,MSFT,2,278.0405636194639,1.0,rebalance
2023-04-11,AMZN,3,100.81008305206299,1.0,rebalance
2023-04-12,GLD,-4,187.5212392868042,1.0,rebalance
2023-04-12,AAPL,2,158.65050613151902,1.0,rebalance
2023-04-12,AMZN,1,100.41004152603149,1.0,rebalance
2023-04-12,NVDA,21,27.28616036776336,1.0,rebalance
2023-04-13,AAPL,-1,159.02217021557016,1.0,rebalance
2023-04-13,GLD,-7,189.74101850738526,1.0,rebalance
2023-04-13,MSFT,1,275.938826646519,1.0,rebalance
2023-04-13,AMZN,7,98.95989194793701,1.0,rebalance
2023-04-13,NVDA,41,26.652103013018834,1.0,rebalance
2023-04-14,MSFT,-1,279.2010497949711,1.0,rebalance
2023-04-14,AAPL,-4,161.93440610857272,1.0,rebalance
2023-04-14,AMZN,-13,102.05979269485474,1.0,rebalance
2023-04-14,GLD,6,188.0988098312378,1.0,rebalance
2023-04-14,NVDA,30,26.42280467149685,1.0,rebalance
2023-04-17,MSFT,-1,282.0514246765918,1.0,rebalance
2023-04-17,AAPL,-1,162.42636942074233,1.0,rebalance
2023-04-17,AMZN,-5,103.14968766174316,1.0,rebalance
2023-04-17,NVDA,-2,26.478327410138714,1.0,rebalance
2023-04-17,GLD,6,185.9085883895874,1.0,rebalance
2023-04-18,NVDA,-57,27.443167234215363,1.0,rebalance
2023-04-18,GLD,6,185.25852949371338,1.0,rebalance
2023-04-19,AAPL,-2,163.124894256192,1.0,rebalance
2023-04-19,GLD,-1,184.3315711029053,1.0,rebalance
2023-04-19,NVDA,-6,27.271729057975243,1.0,rebalance
2023-04-19,MSFT,1,278.2741519082452,1.0,rebalance
2023-04-19,AMZN,6,101.5901598312378,1.0,rebalance
2023-04-20,GLD,-1,186.12138538970947,1.0,rebalance
2023-04-20,AMZN,-5,103.51964577941895,1.0,rebalance
2023-04-20,NVDA,-7,27.58071622144878,1.0,rebalance
2023-04-20,MSFT,2,277.5540900591259,1.0,rebalance
2023-04-20,AAPL,1,163.442910090648,1.0,rebalance
2023-04-21,AMZN,-14,106.08938847427368,1.0,rebalance
2023-04-21,AAPL,1,162.4195068257815,1.0,rebalance
2023-04-21,NVDA,45,26.8694372763791,1.0,rebalance
2023-04-24,AMZN,-8,107.64923766174317,1.0,rebalance
2023-04-24,NVDA,-4,26.92486631440654,1.0,rebalance
2023-04-24,MSFT,2,274.4793211553183,1.0,rebalance
2023-04-24,GLD,3,184.08841432495117,1.0,rebalance
2023-04-25,GLD,-3,184.82151233825684,1.0,rebalance
2023-04-25,NVDA,-13,26.98965423716981,1.0,rebalance
2023-04-25,MSFT,1,271.96890902261396,1.0,rebalance
2023-04-25,AMZN,11,104.92049466247559,1.0,rebalance
2023-04-26,MSFT,-9,288.6374216236803,1.0,rebalance
2023-04-26,AAPL,6,160.461229554954,1.0,rebalance
2023-04-26,AMZN,4,105.0505049156189,1.0,rebalance
2023-04-26,NVDA,25,26.91929039847326,1.0,rebalance
2023-04-27,AAPL,-2,162.5247467502881,1.0,rebalance
2023-04-27,AMZN,-12,108.14918766174317,1.0,rebalance
2023-04-27,NVDA,-17,27.273723094826572,1.0,rebalance
2023-04-27,GLD,9,183.91838389587403,1.0,rebalance
2023-04-28,MSFT,-2,295.74882085350714,1.0,rebalance
2023-04-28,AAPL,-4,165.77148600841386,1.0,rebalance
2023-04-28,GLD,1,184.80847228546142,1.0,rebalance
2023-04-28,AMZN,5,107.74077635726928,1.0,rebalance
2023-04-28,NVDA,24,27.141601227747604,1.0,rebalance
2023-05-01,MSFT,-2,298.628366907864,1.0,rebalance
2023-05-01,GLD,-1,186.03139805145264,1.0,rebalance
2023-05-01,NVDA,-36,27.749165414459533,1.0,rebalance
2023-05-01,AMZN,16,104.96049194793702,1.0,rebalance
2023-05-02,AAPL,-2,167.34561419338036,1.0,rebalance
2023-05-02,NVDA,-62,28.58642903442868,1.0,rebalance
2023-05-02,GLD,2,184.668458895874,1.0,rebalance
2023-05-02,AMZN,17,101.4801482208252,1.0,rebalance
2023-05-03,GLD,-6,187.59123961029053,1.0,rebalance
2023-05-03,AMZN,-10,103.72962386398315,1.0,rebalance
2023-05-03,AAPL,1,166.79856247440884,1.0,rebalance
2023-05-03,NVDA,62,27.754720663196064,1.0,rebalance
2023-05-04,GLD,-5,188.84111461029053,1.0,rebalance
2023-05-04,AMZN,-3,104.02959691543579,1.0,rebalance
2023-05-04,AAPL,8,162.26202602046052,1.0,rebalance
2023-05-04,NVDA,7,27.566298561439073,1.0,rebalance
2023-05-05,AAPL,-10,168.22130434164484,1.0,rebalance
2023-05-05,NVDA,-4,27.735212225879177,1.0,rebalance
2023-05-05,GLD,7,186.5786535583496,1.0,rebalance
2023-05-08,NVDA,-29,28.428940668662904,1.0,rebalance
2023-05-08,GLD,2,187.83878932495116,1.0,rebalance
2023-05-08,AMZN,1,105.0505049156189,1.0,rebalance
2023-05-09,NVDA,-20,28.804711761899245,1.0,rebalance
2023-05-09,MSFT,1,299.6902976349771,1.0,rebalance
2023-05-09,GLD,1,188.1388071166992,1.0,rebalance
2023-05-10,AMZN,-9,108.08918847427368,1.0,rebalance
2023-05-10,MSFT,1,300.2935148002637,1.0,rebalance
2023-05-10,AAPL,1,170.2624850103003,1.0,rebalance
2023-05-10,NVDA,3,28.916147020149097,1.0,rebalance
2023-05-11,AMZN,-12,111.01889577941894,1.0,rebalance
2023-05-11,GLD,4,188.4588464416504,1.0,rebalance
2023-05-11,NVDA,16,28.80748338488009,1.0,rebalance
2023-05-12,AMZN,-6,112.14878766174317,1.0,rebalance
2023-05-12,GLD,2,187.44873567504882,1.0,rebalance
2023-05-12,NVDA,22,28.441605735087123,1.0,rebalance
2023-05-15,NVDA,-3,28.41498950680522,1.0,rebalance
2023-05-15,AMZN,2,111.16111652603149,1.0,rebalance
2023-05-16,NVDA,-23,28.746899766489243,1.0,rebalance
2023-05-16,AAPL,2,169.48297964785706,1.0,rebalance
2023-05-16,GLD,1,186.5986598312378,1.0,rebalance
2023-05-16,AMZN,1,111.06110805206299,1.0,rebalance
2023-05-17,AMZN,-13,114.87851038970948,1.0,rebalance
2023-05-17,NVDA,-35,29.487474285806147,1.0,rebalance
2023-05-17,AAPL,3,169.20703618059983,1.0,rebalance
2023-05-17,GLD,10,184.3284285583496,1.0,rebalance
2023-05-18,AMZN,-4,116.67833344116211,1.0,rebalance
2023-05-18,NVDA,-41,30.310782283576795,1.0,rebalance
2023-05-18,GLD,10,182.11821610412596,1.0,rebalance
2023-05-19,AAPL,-2,173.78407329317312,1.0,rebalance
2023-05-19,AMZN,-1,118.14818766174317,1.0,rebalance
2023-05-19,NVDA,-46,31.433110786171163,1.0,rebalance
2023-05-19,GLD,6,182.268225,1.0,rebalance
2023-05-22,MSFT,-1,310.6198838341331,1.0,rebalance
2023-05-22,GLD,-4,183.20167922058107,1.0,rebalance
2023-05-22,AAPL,2,171.44395521737354,1.0,rebalance
2023-05-22,AMZN,3,116.78167364273071,1.0,rebalance
2023-05-22,NVDA,28,30.80633741197634,1.0,rebalance
2023-05-23,MSFT,-2,312.0140296151349,1.0,rebalance
2023-05-23,GLD,-1,182.76172077941894,1.0,rebalance
2023-05-23,NVDA,-12,30.89886184139198,1.0,rebalance
2023-05-23,AMZN,9,114.28142364273072,1.0,rebalance
2023-05-24,GLD,-5,183.5216392868042,1.0,rebalance
2023-05-24,AMZN,-7,115.33846347427368,1.0,rebalance
2023-05-24,MSFT,1,306.9081149701366,1.0,rebalance
2023-05-24,AAPL,2,168.59607112255537,1.0,rebalance
2023-05-24,NVDA,37,30.117456049444154,1.0,rebalance
2023-05-25,NVDA,-339,38.397316455241295,1.695,rebalance
2023-05-25,MSFT,4,315.2066605385467,1.0,rebalance
2023-05-25,AAPL,14,169.8968527371321,1.0,rebalance
2023-05-25,GLD,31,181.19811067504884,1.0,rebalance
2023-05-25,AMZN,17,116.64166025314331,1.0,rebalance
2023-05-26,AAPL,-2,170.75941607773188,1.0,rebalance
2023-05-26,AMZN,1,116.0516049156189,1.0,rebalance
2023-05-26,NVDA,21,37.77392856267541,1.0,rebalance
2023-05-30,MSFT,-1,326.8333841162661,1.0,rebalance
2023-05-30,AMZN,-11,122.35776574630738,1.0,rebalance
2023-05-30,NVDA,-61,40.462550625743184,1.0,rebalance
2023-05-30,AAPL,2,174.3805343161634,1.0,rebalance
2023-05-30,GLD,14,181.7381732208252,1.0,rebalance
2023-05-31,AAPL,-2,174.7101892565579,1.0,rebalance
2023-05-31,GLD,-5,182.37176038970946,1.0,rebalance
2023-05-31,AVGO,-3066,76.12122610020755,15.33,rebalance
2023-05-31,NVDA,33,39.36702873813687,1.0,rebalance
2023-06-01,AAPL,-5,175.07470861012925,1.0,rebalance
2023-06-01,GLD,-7,182.7917165588379,1.0,rebalance
2023-06-01,AMZN,-2,120.67793344116211,1.0,rebalance
2023-06-01,MSFT,1,317.8297780641198,1.0,rebalance
2023-06-01,NVDA,22,38.371093521659084,1.0,rebalance
2023-06-01,AVGO,56,76.68430666999517,1.0,rebalance
2023-06-02,AMZN,-3,124.90750616912842,1.0,rebalance
2023-06-02,NVDA,-20,39.966177977020905,1.0,rebalance
2023-06-02,AVGO,-121,75.7132853120842,1.0,rebalance
2023-06-02,AAPL,2,178.39117500537282,1.0,rebalance
2023-06-02,GLD,12,183.5483517791748,1.0,rebalance
2023-06-05,MSFT,-3,326.823565781992,1.0,rebalance
2023-06-05,AAPL,-10,179.93185893811025,1.0,rebalance
2023-06-05,GLD,-4,180.7719142868042,1.0,rebalance
2023-06-05,AMZN,-6,123.34766461029052,1.0,rebalance
2023-06-05,NVDA,9,38.789806354940204,1.0,rebalance
2023-06-05,AVGO,141,77.506131510712,1.0,rebalance
2023-06-06,GLD,-1,182.34176461029054,1.0,rebalance
2023-06-06,AMZN,-3,125.05749269485474,1.0,rebalance
2023-06-06,AAPL,7,177.3466525122136,1.0,rebalance
2023-06-06,NVDA,15,38.71104714835497,1.0,rebalance
2023-06-06,AVGO,2990,76.81649827306715,14.950000000000001,rebalance
2023-06-07,AMZN,-8,126.99730113601684,1.0,rebalance
2023-06-07,NVDA,-4,38.79205317953702,1.0,rebalance
2023-06-07,MSFT,2,323.4076664039674,1.0,rebalance
2023-06-07,AAPL,3,175.8389278695844,1.0,rebalance
2023-06-08,AAPL,-3,175.27174562662478,1.0,rebalance
2023-06-08,GLD,-7,181.9818,1.0,rebalance
2023-06-08,MSFT,2,315.88925761095976,1.0,rebalance
2023-06-08,AMZN,8,123.0223031364441,1.0,rebalance
2023-06-08,NVDA,26,37.612332682963086,1.0,rebalance
2023-06-09,AAPL,-3,178.81858275826465,1.0,rebalance
2023-06-09,NVDA,-36,38.9136605696666,1.0,rebalance
2023-06-09,MSFT,1,316.91317698121765,1.0,rebalance
2023-06-09,GLD,4,182.37823661041259,1.0,rebalance
2023-06-09,AMZN,1,124.09240983123779,1.0,rebalance
2023-06-12,MSFT,-1,320.3498421222838,1.0,rebalance
2023-06-12,NVDA,-4,39.076147970631695,1.0,rebalance
2023-06-12,GLD,3,181.81818305206298,1.0,rebalance
2023-06-12,AMZN,1,124.03239864273071,1.0,rebalance
2023-06-13,MSFT,-1,326.0924133092313,1.0,rebalance
2023-06-13,AMZN,-8,128.1071831176758,1.0,rebalance
2023-06-13,NVDA,-18,40.05903370304804,1.0,rebalance
2023-06-13,AAPL,1,180.13538980350535,1.0,rebalance
2023-06-13,GLD,7,182.11821610412596,1.0,rebalance
2023-06-14,NVDA,-23,40.69501902266618,1.0,rebalance
2023-06-14,GLD,1,181.7081714416504,1.0,rebalance
2023-06-14,AMZN,5,126.71266694793701,1.0,rebalance
2023-06-15,NVDA,-56,42.467401646771485,1.0,rebalance
2023-06-15,GLD,8,180.2980267791748,1.0,rebalance
2023-06-15,AMZN,8,125.2225200843811,1.0,rebalance
2023-06-16,MSFT,-5,342.5202817194468,1.0,rebalance
2023-06-16,NVDA,-4,43.31272697537142,1.0,rebalance
2023-06-16,AAPL,1,184.00808743294343,1.0,rebalance
2023-06-16,GLD,5,181.94818567504882,1.0,rebalance
2023-06-20,GLD,-2,180.04199155883788,1.0,rebalance
2023-06-20,NVDA,-7,42.862148255705414,1.0,rebalance
2023-06-20,MSFT,3,330.8773186448494,1.0,rebalance
2023-06-20,AMZN,2,124.98249822082519,1.0,rebalance
2023-06-21,AAPL,-1,182.168319429822,1.0,rebalance
2023-06-21,AMZN,-2,125.62743538970948,1.0,rebalance
2023-06-21,NVDA,-16,43.36355732581498,1.0,rebalance
2023-06-21,MSFT,2,328.01041828955806,1.0,rebalance
2023-06-21,GLD,2,179.16790889587404,1.0,rebalance
2023-06-22,GLD,-1,178.34216461029052,1.0,rebalance
2023-06-22,AMZN,-2,125.2974665588379,1.0,rebalance
2023-06-22,NVDA,30,42.1279239012355,1.0,rebalance
2023-06-23,AAPL,-1,182.80875533021657,1.0,rebalance
2023-06-23,AMZN,-11,129.09708961029054,1.0,rebalance
2023-06-23,MSFT,1,326.0502591341424,1.0,rebalance
2023-06-23,NVDA,6,42.33829963215826,1.0,rebalance
2023-06-26,AAPL,-2,184.06981229452447,1.0,rebalance
2023-06-26,MSFT,1,325.42618771300414,1.0,rebalance
2023-06-26,GLD,2,179.067908052063,1.0,rebalance
2023-06-27,AAPL,-1,183.1437168650837,1.0,rebalance
2023-06-27,GLD,-4,179.05210032348634,1.0,rebalance
2023-06-27,AMZN,-2,128.61714188232423,1.0,rebalance
2023-06-27,NVDA,47,40.678227014722474,1.0,rebalance
2023-06-28,MSFT,-2,326.2776684381717,1.0,rebalance
2023-06-28,AAPL,-4,185.1535944337532,1.0,rebalance
2023-06-28,AMZN,-1,128.92710844116212,1.0,rebalance
2023-06-28,GLD,5,177.24771872711182,1.0,rebalance
2023-06-28,NVDA,5,40.539639236670205,1.0,rebalance
2023-06-29,AAPL,-1,186.28658324549173,1.0,rebalance
2023-06-29,NVDA,-29,41.426695089791295,1.0,rebalance
2023-06-29,GLD,6,175.84758483123778,1.0,rebalance
2023-06-29,AMZN,1,128.78288127288818,1.0,rebalance
2023-06-30,AAPL,-2,188.79893565680223,1.0,rebalance
2023-06-30,GLD,-1,177.67223344116212,1.0,rebalance
2023-06-30,AMZN,1,129.4829482208252,1.0,rebalance
2023-06-30,NVDA,6,41.55662601924686,1.0,rebalance
2023-07-03,AAPL,-1,190.91714742805752,1.0,rebalance
2023-07-03,NVDA,-15,42.382665378413314,1.0,rebalance
2023-07-03,GLD,1,178.6278616104126,1.0,rebalance
2023-07-05,GLD,-4,179.39206266174315,1.0,rebalance
2023-07-05,MSFT,2,326.7622177353058,1.0,rebalance
2023-07-05,AAPL,1,188.77757605779797,1.0,rebalance
2023-07-05,NVDA,5,42.01027355543285,1.0,rebalance
2023-07-06,MSFT,-2,328.85153216683767,1.0,rebalance
2023-07-06,AAPL,1,187.0727469460841,1.0,rebalance
2023-07-06,GLD,1,177.5277455062866,1.0,rebalance
2023-07-06,AMZN,3,128.262825,1.0,rebalance
2023-07-07,NVDA,-7,42.18828250982406,1.0,rebalance
2023-07-07,GLD,1,178.39784288330077,1.0,rebalance
2023-07-07,AMZN,2,128.6028553375244,1.0,rebalance
2023-07-10,GLD,-1,178.35215811767577,1.0,rebalance
2023-07-10,AMZN,-2,129.05710032348634,1.0,rebalance
2023-07-10,NVDA,-15,42.52222280589682,1.0,rebalance
2023-07-10,MSFT,1,326.28437511994446,1.0,rebalance
2023-07-10,AAPL,2,186.50125131997805,1.0,rebalance
2023-07-11,GLD,-5,179.41204967651367,1.0,rebalance
2023-07-11,MSFT,2,322.83229130292494,1.0,rebalance
2023-07-11,AMZN,3,127.762775,1.0,rebalance
2023-07-11,NVDA,2,42.355248431888626,1.0,rebalance
2023-07-12,AMZN,-4,130.29696655883788,1.0,rebalance
2023-07-12,NVDA,-2,42.89703153889482,1.0,rebalance
2023-07-12,AAPL,2,186.9150911444285,1.0,rebalance
2023-07-13,AMZN,-7,134.0265892868042,1.0,rebalance
2023-07-13,NVDA,-31,44.377345461525856,1.0,rebalance
2023-07-13,AAPL,3,187.72315373265357,1.0,rebalance
2023-07-13,GLD,5,181.97820271453858,1.0,rebalance
2023-07-14,MSFT,-2,338.8837636231463,1.0,rebalance
2023-07-14,NVDA,-50,46.43582170578851,1.0,rebalance
2023-07-14,AAPL,4,187.45707411874025,1.0,rebalance
2023-07-14,GLD,8,181.6081553375244,1.0,rebalance
2023-07-14,AMZN,4,134.0734035583496,1.0,rebalance
2023-07-17,AAPL,-2,189.06492446983526,1.0,rebalance
2023-07-17,AMZN,-1,134.5465415588379,1.0,rebalance
2023-07-17,GLD,1,181.00810449371338,1.0,rebalance
2023-07-17,NVDA,7,46.15198015857635,1.0,rebalance
2023-07-18,AAPL,-1,190.493544129933,1.0,rebalance
2023-07-18,GLD,-3,182.7717142868042,1.0,rebalance
2023-07-18,NVDA,-7,46.553442407792815,1.0,rebalance
2023-07-18,MSFT,1,337.2352841337927,1.0,rebalance
2023-07-18,AMZN,7,132.72327771453857,1.0,rebalance
2023-07-19,MSFT,-6,352.68908875354407,1.0,rebalance
2023-07-19,NVDA,-7,47.31403019959499,1.0,rebalance
2023-07-19,AAPL,3,190.28523933009336,1.0,rebalance
2023-07-19,GLD,4,183.468341947937,1.0,rebalance
2023-07-19,AMZN,3,133.4033383895874,1.0,rebalance
2023-07-20,AAPL,-4,192.2077971955884,1.0,rebalance
2023-07-20,GLD,-2,183.7116227279663,1.0,rebalance
2023-07-20,AMZN,-4,134.05660032348632,1.0,rebalance
2023-07-20,MSFT,3,344.7828976738818,1.0,rebalance
2023-07-20,NVDA,22,46.36933808658548,1.0,rebalance
2023-07-21,AAPL,-2,191.23245612662674,1.0,rebalance
2023-07-21,GLD,-2,182.0417915588379,1.0,rebalance
2023-07-21,AMZN,4,131.35313033752442,1.0,rebalance
2023-07-21,NVDA,7,45.652459339415216,1.0,rebalance
2023-07-24,AAPL,-1,190.5526017040429,1.0,rebalance
2023-07-24,GLD,-4,182.20177922058105,1.0,rebalance
2023-07-24,MSFT,1,337.2547911038035,1.0,rebalance
2023-07-24,AMZN,1,130.32302855834962,1.0,rebalance
2023-07-24,NVDA,24,44.59859681128945,1.0,rebalance
2023-07-25,NVDA,-7,44.79901670064289,1.0,rebalance
2023-07-25,AMZN,3,129.32292855834962,1.0,rebalance
2023-07-26,AAPL,-1,190.80877147678262,1.0,rebalance
2023-07-26,GLD,-2,182.64173766174318,1.0,rebalance
2023-07-26,NVDA,-34,45.87559074066644,1.0,rebalance
2023-07-26,MSFT,2,332.9544211781711,1.0,rebalance
2023-07-26,AMZN,11,126.52265313644409,1.0,rebalance
2023-07-27,AAPL,-1,193.12404310068857,1.0,rebalance
2023-07-27,AMZN,-13,130.9869,1.0,rebalance
2023-07-27,NVDA,-5,46.37202747093783,1.0,rebalance
2023-07-27,MSFT,2,332.0182323783119,1.0,rebalance
2023-07-27,GLD,6,181.6581633895874,1.0,rebalance
2023-07-28,GLD,-1,181.4618477279663,1.0,rebalance
2023-07-28,NVDA,-12,46.52054651569738,1.0,rebalance
2023-07-28,MSFT,3,325.3774905557923,1.0,rebalance
2023-07-28,AMZN,1,129.7029714416504,1.0,rebalance
2023-07-31,AMZN,-8,133.18667694854736,1.0,rebalance
2023-07-31,GLD,1,182.44823567504883,1.0,rebalance
2023-07-31,NVDA,8,46.61560754565361,1.0,rebalance
2023-08-01,AAPL,-1,193.34078798202648,1.0,rebalance
2023-08-01,AMZN,-3,133.53664805145263,1.0,rebalance
2023-08-01,GLD,3,180.86809110412597,1.0,rebalance
2023-08-01,NVDA,4,46.32246740506643,1.0,rebalance
2023-08-02,AAPL,-1,192.15850249362396,1.0,rebalance
2023-08-02,GLD,-3,180.55195032348632,1.0,rebalance
2023-08-02,AMZN,8,130.16300889587401,1.0,rebalance
2023-08-02,NVDA,7,45.6953308516063,1.0,rebalance
2023-08-03,GLD,-8,179.4220584411621,1.0,rebalance
2023-08-03,AMZN,1,127.49275135726928,1.0,rebalance
2023-08-03,NVDA,38,43.67034602130661,1.0,rebalance
2023-08-04,AMZN,-38,141.0458915588379,1.0,rebalance
2023-08-04,NVDA,-9,44.84287535962142,1.0,rebalance
2023-08-04,AAPL,17,182.81575016783944,1.0,rebalance
2023-08-04,GLD,9,180.268025,1.0,rebalance
2023-08-07,MSFT,-197,320.1451838979693,1.0,rebalance
2023-08-07,AAPL,-350,179.43929120550334,1.75,rebalance
2023-08-07,NVDA,-1428,44.96847723498438,7.140000000000001,rebalance
2023-08-07,AMZN,-454,140.97590649261474,2.27,rebalance
2023-08-07,GLD,402,180.168008895874,2.0100000000000002,rebalance
2023-08-08,GLD,-401,178.62213538970948,2.005,rebalance
2023-08-08,MSFT,199,318.83424896858116,1.0,rebalance
2023-08-08,AAPL,358,177.07071118912543,1.79,rebalance
2023-08-08,NVDA,1420,44.72022856235717,7.1000000000000005,rebalance
2023-08-08,AMZN,451,140.6340571166992,2.255,rebalance
2023-08-09,AAPL,-2,178.1979001016651,1.0,rebalance
2023-08-09,GLD,-1,178.66212467651368,1.0,rebalance
2023-08-09,AMZN,1,139.98399822082519,1.0,rebalance
2023-08-09,NVDA,16,44.14294219016488,1.0,rebalance
2023-08-10,MSFT,-1,317.85400668400314,1.0,rebalance
2023-08-10,AAPL,-1,176.82842696548352,1.0,rebalance
2023-08-10,GLD,-5,178.20217922058106,1.0,rebalance
2023-08-10,AMZN,-1,139.05610032348633,1.0,rebalance
2023-08-10,NVDA,55,42.03519329226218,1.0,rebalance
2023-08-11,GLD,-4,177.68222694854737,1.0,rebalance
2023-08-11,MSFT,1,312.30076339565494,1.0,rebalance
2023-08-11,AMZN,1,137.41373389587403,1.0,rebalance
2023-08-11,NVDA,2,41.62740867797255,1.0,rebalance
2023-08-14,GLD,-399,176.84231461029054,1.995,rebalance
2023-08-14,NVDA,-287,40.35808351265456,1.435,rebalance
2023-08-14,MSFT,33,313.40272140387907,1.0,rebalance
2023-08-14,AAPL,211,175.61260794679689,1.055,rebalance
2023-08-14,AMZN,75,138.313833052063,1.0,rebalance
2023-08-15,MSFT,3,314.9726552822359,1.0,rebalance
2023-08-15,AAPL,7,176.51055971668112,1.0,rebalance
2023-08-15,GLD,2,176.767675,1.0,rebalance
2023-08-15,AMZN,2,140.06400805206297,1.0,rebalance
2023-08-15,NVDA,464,44.42809762956986,2.32,rebalance
2023-08-16,MSFT,-35,313.4269378105299,1.0,rebalance
2023-08-16,AAPL,-215,174.7488083917356,1.075,rebalance
2023-08-16,AMZN,-73,137.1762834411621,1.0,rebalance
2023-08-16,NVDA,-261,44.37933383803038,1.305,rebalance
2023-08-16,GLD,403,176.63765711669922,2.015,rebalance
2023-08-17,MSFT,-1,313.17294315851365,1.0,rebalance
2023-08-17,AAPL,-1,174.75865928999602,1.0,rebalance
2023-08-17,GLD,-1,176.51234577941895,1.0,rebalance
2023-08-17,AMZN,3,135.47355271453858,1.0,rebalance
2023-08-17,NVDA,10,43.83984373061379,1.0,rebalance
2023-08-18,GLD,-8,175.8124188308716,1.0,rebalance
2023-08-18,AAPL,2,170.01772145039232,1.0,rebalance
2023-08-18,AMZN,5,131.6331571166992,1.0,rebalance
2023-08-18,NVDA,19,42.50879602346634,1.0,rebalance
2023-08-21,NVDA,-40,44.353419566881634,1.0,rebalance
2023-08-21,GLD,7,175.91758389587403,1.0,rebalance
2023-08-22,NVDA,-80,47.98291076404953,1.0,rebalance
2023-08-22,AAPL,2,174.71465406512021,1.0,rebalance
2023-08-22,GLD,12,175.84758483123778,1.0,rebalance
2023-08-22,AMZN,3,135.09350983123778,1.0,rebalance
2023-08-23,AAPL,-4,176.12010945292027,1.0,rebalance
2023-08-23,GLD,-8,177.30227532348633,1.0,rebalance
2023-08-23,NVDA,57,45.73023710673748,1.0,rebalance
2023-08-24,GLD,-400,177.64223766174317,2.0,rebalance
2023-08-24,MSFT,34,325.26507035413437,1.0,rebalance
2023-08-24,AAPL,223,178.27684636851737,1.115,rebalance
2023-08-24,AMZN,89,136.41363389587403,1.0,rebalance
2023-08-24,NVDA,140,50.06735016233299,1.0,rebalance
2023-08-25,MSFT,-33,314.08160663349923,1.0,rebalance
2023-08-25,AAPL,-222,174.99543353715134,1.11,rebalance
2023-08-25,AMZN,-83,132.45675422058105,1.0,rebalance
2023-08-25,NVDA,-180,46.86346462932635,1.0,rebalance
2023-08-25,GLD,395,177.5977598312378,1.975,rebalance
2023-08-28,GLD,-400,177.63222889709473,2.0,rebalance
2023-08-28,MSFT,32,318.23891836610954,1.0,rebalance
2023-08-28,AAPL,210,177.70451277468095,1.05,rebalance
2023-08-28,AMZN,80,133.7933767791748,1.0,rebalance
2023-08-28,NVDA,263,46.344402021197716,1.315,rebalance
2023-08-29,GLD,-1,178.01219577941896,1.0,rebalance
2023-08-29,NVDA,-9,46.51855594096272,1.0,rebalance
2023-08-29,MSFT,2,314.5450302222881,1.0,rebalance
2023-08-30,AAPL,-2,182.45379919893978,1.0,rebalance
2023-08-30,NVDA,-41,48.88904851841334,1.0,rebalance
2023-08-30,MSFT,1,321.1803382700437,1.0,rebalance
2023-08-30,GLD,1,180.5980598312378,1.0,rebalance
2023-08-30,AMZN,7,134.94348567504883,1.0,rebalance
2023-08-31,AAPL,-6,185.31481376428397,1.0,rebalance
2023-08-31,NVDA,-2,49.22398925860685,1.0,rebalance
2023-08-31,MSFT,1,321.6982776221984,1.0,rebalance
2023-08-31,GLD,1,180.3880321166992,1.0,rebalance
2023-08-31,AMZN,3,135.0735035583496,1.0,rebalance
2023-09-01,AMZN,-11,139.4460607131958,1.0,rebalance
2023-09-01,MSFT,1,323.76017851871813,1.0,rebalance
2023-09-01,AAPL,1,186.98004203008168,1.0,rebalance
2023-09-01,GLD,2,180.81808305206297,1.0,rebalance
2023-09-01,NVDA,4,49.61469423846993,1.0,rebalance
2023-09-05,AAPL,-2,185.74892280635837,1.0,rebalance
2023-09-05,NVDA,31,48.080253434848466,1.0,rebalance
2023-09-06,MSFT,-3,325.71785353272656,1.0,rebalance
2023-09-06,NVDA,-4,48.29192617542476,1.0,rebalance
2023-09-06,AMZN,6,136.33363932495118,1.0,rebalance
2023-09-07,MSFT,-6,323.6758846543145,1.0,rebalance
2023-09-07,GLD,-5,178.2921665588379,1.0,rebalance
2023-09-07,AMZN,-8,133.88660389709472,1.0,rebalance
2023-09-07,AAPL,21,172.8595759769973,1.0,rebalance
2023-09-07,NVDA,43,45.39398099917107,1.0,rebalance
2023-09-08,AAPL,-4,175.95239375563762,1.0,rebalance
2023-09-08,AMZN,-7,136.84631461029053,1.0,rebalance
2023-09-08,MSFT,2,322.56800837321714,1.0,rebalance
2023-09-08,NVDA,1,45.809779875757734,1.0,rebalance
2023-09-11,MSFT,-2,329.4891409001003,1.0,rebalance
2023-09-11,AMZN,-2,138.73612500000002,1.0,rebalance
2023-09-11,NVDA,-1077,46.00598022126875,5.385,rebalance
2023-09-11,GLD,2,178.9878982208252,1.0,rebalance
2023-09-12,AMZN,-13,142.30577532348633,1.0,rebalance
2023-09-12,AAPL,2,177.11246884804345,1.0,rebalance
2023-09-12,GLD,2,177.1277116104126,1.0,rebalance
2023-09-12,NVDA,1138,44.609242726313624,5.69,rebalance
2023-09-13,GLD,-1,177.51224577941895,1.0,rebalance
2023-09-13,NVDA,-8,44.46274246189929,1.0,rebalance
2023-09-13,MSFT,1,323.76012864299446,1.0,rebalance
2023-09-13,AAPL,4,174.1719494079279,1.0,rebalance
2023-09-14,MSFT,-1,331.35521420037685,1.0,rebalance
2023-09-14,AMZN,-9,145.0654938308716,1.0,rebalance
2023-09-14,NVDA,-31,45.8085898986868,1.0,rebalance
2023-09-14,AAPL,15,171.6951880875174,1.0,rebalance
2023-09-14,GLD,2,176.51765,1.0,rebalance
2023-09-15,AAPL,-8,174.1075173464136,1.0,rebalance
2023-09-15,GLD,-2,178.53214805145265,1.0,rebalance
2023-09-15,AMZN,7,142.70427144165038,1.0,rebalance
2023-09-15,NVDA,17,45.210503322560136,1.0,rebalance
2023-09-18,AAPL,-11,174.10752780004353,1.0,rebalance
2023-09-18,GLD,-4,178.80212532348634,1.0,rebalance
2023-09-18,AMZN,-1,140.46594772796632,1.0,rebalance
2023-09-18,MSFT,2,320.33006165664443,1.0,rebalance
2023-09-18,NVDA,69,42.624977091202766,1.0,rebalance
2023-09-19,AAPL,-2,175.1335856692065,1.0,rebalance
2023-09-19,NVDA,-36,43.69810883815759,1.0,rebalance
2023-09-19,MSFT,2,318.7373078705814,1.0,rebalance
2023-09-19,AMZN,8,138.71386694793702,1.0,rebalance
2023-09-20,MSFT,-1,321.93675776325904,1.0,rebalance
2023-09-20,AAPL,-4,176.85014051816913,1.0,rebalance
2023-09-20,AMZN,2,138.56385805206298,1.0,rebalance
2023-09-20,NVDA,13,43.4745145418107,1.0,rebalance
2023-09-21,MSFT,-35,311.92234069893607,1.0,rebalance
2023-09-21,AAPL,-217,172.20346220418384,1.085,rebalance
2023-09-21,AMZN,-72,131.9268084411621,1.0,rebalance
2023-09-21,NVDA,-1706,41.455033734869396,8.53,rebalance
2023-09-21,GLD,388,177.87778661041258,1.94,rebalance
2023-09-22,MSFT,-196,313.9349993021398,1.0,rebalance
2023-09-22,AAPL,-355,172.3218917685709,1.7750000000000001,rebalance
2023-09-22,AMZN,-463,131.09688961029053,2.315,rebalance
2023-09-22,GLD,388,178.66785889587402,1.94,rebalance
2023-09-25,GLD,-389,178.39216266174316,1.945,rebalance
2023-09-25,MSFT,197,309.3756129763363,1.0,rebalance
2023-09-25,AAPL,355,171.89255620100423,1.7750000000000001,rebalance
2023-09-25,NVDA,1472,41.471296703469264,7.36,rebalance
2023-09-25,AMZN,471,129.3729366104126,2.355,rebalance
2023-09-26,AAPL,-1,172.46986977024275,1.0,rebalance
2023-09-26,AMZN,-1,130.10698311767578,1.0,rebalance
2023-09-26,NVDA,-14,41.87174604402648,1.0,rebalance
2023-09-26,MSFT,1,307.9489063024632,1.0,rebalance
2023-09-26,GLD,4,176.84768483123779,1.0,rebalance
2023-09-27,MSFT,-198,305.1222702318648,1.0,rebalance
2023-09-27,AAPL,-354,170.29940077151957,1.77,rebalance
2023-09-27,NVDA,-1458,42.19973513467041,7.29,rebalance
2023-09-27,AMZN,-470,125.74742613601684,2.35,rebalance
2023-09-27,GLD,394,175.28753127288817,1.97,rebalance
2023-09-28,GLD,4,173.9273946624756,1.0,rebalance
2023-09-29,GLD,-395,173.90260616912843,1.975,rebalance
2023-09-29,MSFT,193,310.50914131076354,1.0,rebalance
2023-09-29,AAPL,354,169.7414539545081,1.77,rebalance
2023-09-29,NVDA,1377,43.700864577099225,6.885,rebalance
2023-09-29,AMZN,469,128.212816947937,2.345,rebalance
2023-10-02,NVDA,-15,43.89450530771416,1.0,rebalance
2023-10-02,GLD,7,170.24701872711182,1.0,rebalance
2023-10-03,MSFT,-1,313.45621919655895,1.0,rebalance
2023-10-03,NVDA,-17,44.67010551045044,1.0,rebalance
2023-10-03,GLD,7,169.1569133895874,1.0,rebalance
2023-10-04,MSFT,-192,306.8125492362584,1.0,rebalance
2023-10-04,AAPL,-354,168.78998286090174,1.77,rebalance
2023-10-04,NVDA,-1345,43.60738807924186,6.7250000000000005,rebalance
2023-10-04,AMZN,-469,126.04739155883789,2.345,rebalance
2023-10-04,GLD,395,169.22692771453856,1.975,rebalance
2023-10-05,GLD,-400,168.72313149261475,2.0,rebalance
2023-10-05,MSFT,190,311.8185771098618,1.0,rebalance
2023-10-05,AAPL,346,171.4879648674154,1.73,rebalance
2023-10-05,NVDA,1351,43.92322281845612,6.755,rebalance
2023-10-05,AMZN,468,126.72267008438111,2.34,rebalance
2023-10-06,AAPL,-1,171.4635662541357,1.0,rebalance
2023-10-06,GLD,-3,169.15308116912843,1.0,rebalance
2023-10-06,NVDA,-8,44.05700552287365,1.0,rebalance
2023-10-06,MSFT,1,309.3365498993859,1.0,rebalance
2023-10-06,AMZN,8,124.17241966247559,1.0,rebalance
2023-10-09,MSFT,-1,317.28620215495346,1.0,rebalance
2023-10-09,GLD,1,171.19711067504883,1.0,rebalance
2023-10-10,MSFT,-2,323.3533952178111,1.0,rebalance
2023-10-10,AMZN,-5,128.80712532348633,1.0,rebalance
2023-10-10,GLD,3,172.0972098312378,1.0,rebalance
2023-10-11,NVDA,-16,46.05383967964326,1.0,rebalance
2023-10-11,AAPL,2,175.8395472586218,1.0,rebalance
2023-10-12,AMZN,-5,132.1567811691284,1.0,rebalance
2023-10-12,NVDA,-8,46.63305113213126,1.0,rebalance
2023-10-12,MSFT,2,323.0370442970745,1.0,rebalance
2023-10-12,GLD,1,174.0774035583496,1.0,rebalance
2023-10-13,GLD,-4,176.87231038970947,1.0,rebalance
2023-10-13,NVDA,5,46.82484920871465,1.0,rebalance
2023-10-16,GLD,-10,177.82221233825683,1.0,rebalance
2023-10-16,AAPL,4,174.40879439380592,1.0,rebalance
2023-10-16,AMZN,2,130.7030714416504,1.0,rebalance
2023-10-16,NVDA,38,44.933308965126535,1.0,rebalance
2023-10-17,AAPL,-1,174.2752385239706,1.0,rebalance
2023-10-17,GLD,-4,178.35215811767577,1.0,rebalance
2023-10-17,NVDA,28,43.87336196914018,1.0,rebalance
2023-10-18,MSFT,-2,324.8482551668362,1.0,rebalance
2023-10-18,GLD,-9,180.87191038970948,1.0,rebalance
2023-10-18,AAPL,1,173.25425272957236,1.0,rebalance
2023-10-18,NVDA,44,42.46842516637668,1.0,rebalance
2023-10-19,NVDA,-480,42.67925594065552,2.4,rebalance
2023-10-20,GLD,-9,183.41164967651366,1.0,rebalance
2023-10-20,AMZN,7,128.062808052063,1.0,rebalance
2023-10-20,NVDA,503,41.76944825651245,2.515,rebalance
2023-10-23,GLD,-288,183.49164350738525,1.44,rebalance
2023-10-23,MSFT,41,318.05326105339026,1.0,rebalance
2023-10-23,AAPL,81,168.64613258892405,1.0,rebalance
2023-10-23,AMZN,109,124.64246025314331,1.0,rebalance
2023-10-23,NVDA,316,41.11034564768204,1.58,rebalance
2023-10-24,AMZN,-2,127.72722386398316,1.0,rebalance
2023-10-24,NVDA,-44,42.94442587981574,1.0,rebalance
2023-10-24,AAPL,2,170.7577826328368,1.0,rebalance
2023-10-24,GLD,6,182.08821432495117,1.0,rebalance
2023-10-25,MSFT,-46,337.09027693066633,1.0,rebalance
2023-10-25,AAPL,-71,169.56938863080777,1.0,rebalance
2023-10-25,AMZN,-93,126.02739691543579,1.0,rebalance
2023-10-25,NVDA,-307,43.26443822251746,1.5350000000000001,rebalance
2023-10-25,GLD,287,183.4383401687622,1.435,rebalance
2023-10-26,MSFT,-105,332.7132002301754,1.0,rebalance
2023-10-26,AAPL,-208,168.07964942337836,1.04,rebalance
2023-10-26,AMZN,-273,120.61793425369262,1.365,rebalance
2023-10-26,NVDA,-800,41.72420180197876,4.0,rebalance
2023-10-26,GLD,369,183.418333895874,1.845,rebalance
2023-10-27,GLD,-2,183.74161850738525,1.0,rebalance
2023-10-27,AMZN,-79,126.18737694854737,1.0,rebalance
2023-10-27,NVDA,-411,41.003422632813624,2.055,rebalance
2023-10-27,MSFT,2,322.9001473046931,1.0,rebalance
2023-10-27,AAPL,2,164.6991411817025,1.0,rebalance
2023-10-30,GLD,-2,185.5214392868042,1.0,rebalance
2023-10-30,AMZN,64,129.7329732208252,1.0,rebalance
2023-10-30,NVDA,426,40.96875619555884,2.13,rebalance
2023-10-31,MSFT,-1,331.06210675003695,1.0,rebalance
2023-10-31,AMZN,-4,132.736725,1.0,rebalance
2023-10-31,GLD,2,185.09850983123778,1.0,rebalance
2023-10-31,NVDA,10,40.33358311648253,1.0,rebalance
2023-11-01,AAPL,-2,168.70116801920273,1.0,rebalance
2023-11-01,AMZN,-2,133.9466107131958,1.0,rebalance
2023-11-01,NVDA,-6,40.75818350755255,1.0,rebalance
2023-11-01,GLD,5,183.9283946624756,1.0,rebalance
2023-11-02,GLD,-372,184.11159188232423,1.86,rebalance
2023-11-02,MSFT,102,339.3271397635786,1.0,rebalance
2023-11-02,AAPL,200,173.19506501969641,1.0,rebalance
2023-11-02,AMZN,248,138.74386872711182,1.24,rebalance
2023-11-02,NVDA,783,43.203301925974216,3.915,rebalance
2023-11-03,NVDA,-17,43.88453426325814,1.0,rebalance
2023-11-03,AAPL,4,171.9320270786626,1.0,rebalance
2023-11-03,AMZN,1,139.00390449371338,1.0,rebalance
2023-11-06,AAPL,-1,174.0088651019587,1.0,rebalance
2023-11-06,NVDA,-29,45.145641946737875,1.0,rebalance
2023-11-06,GLD,5,184.1584133895874,1.0,rebalance
2023-11-06,AMZN,4,138.7738705062866,1.0,rebalance
2023-11-07,GLD,-382,182.231775,1.9100000000000001,rebalance
2023-11-07,MSFT,29,351.2099653344483,1.0,rebalance
2023-11-07,AAPL,210,176.80658619892242,1.05,rebalance
2023-11-07,AMZN,76,140.564058052063,1.0,rebalance
2023-11-07,NVDA,239,45.58742577208397,1.195,rebalance
2023-11-08,MSFT,-31,353.3673663045943,1.0,rebalance
2023-11-08,AAPL,-216,179.89863812527173,1.08,rebalance
2023-11-08,AMZN,-81,142.95570422058105,1.0,rebalance
2023-11-08,NVDA,-241,45.958130319759995,1.205,rebalance
2023-11-08,GLD,398,182.0281955062866,1.99,rebalance
2023-11-09,NVDA,-36,47.32092601882878,1.0,rebalance
2023-11-09,GLD,5,180.9980937271118,1.0,rebalance
2023-11-09,AMZN,3,142.03420627288818,1.0,rebalance
2023-11-10,AAPL,-3,181.73594684083548,1.0,rebalance
2023-11-10,NVDA,-3,47.35382201735811,1.0,rebalance
2023-11-10,GLD,1,180.52804550628662,1.0,rebalance
2023-11-10,AMZN,4,140.47405271453857,1.0,rebalance
2023-11-13,MSFT,-1,359.75711541599435,1.0,rebalance
2023-11-13,AAPL,-1,183.56348755547694,1.0,rebalance
2023-11-13,AMZN,-1,142.06579383087157,1.0,rebalance
2023-11-13,NVDA,-13,48.17129999782055,1.0,rebalance
2023-11-13,GLD,8,179.41793389587403,1.0,rebalance
2023-11-14,AMZN,-3,144.9855,1.0,rebalance
2023-11-14,NVDA,-18,49.52711033019492,1.0,rebalance
2023-11-15,AMZN,-4,147.0452915588379,1.0,rebalance
2023-11-15,NVDA,-2,49.78132465762929,1.0,rebalance
2023-11-15,AAPL,1,185.60596549135536,1.0,rebalance
2023-11-15,GLD,2,182.0482017791748,1.0,rebalance
2023-11-16,AAPL,-5,187.26794600037803,1.0,rebalance
2023-11-16,GLD,-7,182.83172110290528,1.0,rebalance
2023-11-16,AMZN,14,140.9240946624756,1.0,rebalance
2023-11-16,NVDA,22,48.53890431592075,1.0,rebalance
2023-11-17,AMZN,-1,142.64573766174317,1.0,rebalance
2023-11-17,NVDA,-11,49.37159812552032,1.0,rebalance
2023-11-17,AAPL,1,187.97727601907258,1.0,rebalance
2023-11-20,AMZN,-8,145.11549188232422,1.0,rebalance
2023-11-20,GLD,5,182.33823932495116,1.0,rebalance
2023-11-20,NVDA,2,49.1700825732422,1.0,rebalance
2023-11-21,GLD,-4,185.55145032348634,1.0,rebalance
2023-11-21,NVDA,-8,49.971732388241115,1.0,rebalance
2023-11-21,AMZN,7,143.92439466247558,1.0,rebalance
2023-11-22,MSFT,-1,370.06187513966324,1.0,rebalance
2023-11-22,AMZN,-1,144.55555032348633,1.0,rebalance
2023-11-22,NVDA,7,49.708527384286754,1.0,rebalance
2023-11-24,MSFT,-76,369.4059419768578,1.0,rebalance
2023-11-24,AAPL,-147,188.55215081477502,1.0,rebalance
2023-11-24,AMZN,-198,146.68532694854736,1.0,rebalance
2023-11-24,NVDA,-544,48.32084063960529,2.72,rebalance
2023-11-24,GLD,199,185.48854822082518,1.0,rebalance
2023-11-27,GLD,-3,186.5413415588379,1.0,rebalance
2023-11-27,AMZN,-2,147.51524577941893,1.0,rebalance
2023-11-27,NVDA,-772,47.65290334098675,3.86,rebalance
2023-11-28,GLD,-203,187.88120389709474,1.0150000000000001,rebalance
2023-11-28,MSFT,75,370.47864698937764,1.0,rebalance
2023-11-28,AAPL,151,187.51292659722554,1.0,rebalance
2023-11-28,AMZN,192,146.9946937271118,1.0,rebalance
2023-11-28,NVDA,1361,48.09717854382997,6.805,rebalance
2023-11-29,NVDA,4,48.23976089574418,1.0,rebalance
2023-11-30,GLD,-4,188.8711103897095,1.0,rebalance
2023-11-30,AMZN,6,144.77447050628663,1.0,rebalance
2023-12-01,MSFT,-75,368.8479353807436,1.0,rebalance
2023-12-01,AAPL,-151,188.01873774194334,1.0,rebalance
2023-12-01,AMZN,-196,145.9854,1.0,rebalance
2023-12-01,NVDA,-562,46.3818220151419,2.81,rebalance
2023-12-01,GLD,194,188.8288785583496,1.0,rebalance
2023-12-04,GLD,-4,189.58104610290528,1.0,rebalance
2023-12-04,MSFT,1,361.4210690059011,1.0,rebalance
2023-12-04,NVDA,5,45.944388138565635,1.0,rebalance
2023-12-05,GLD,-193,187.53124805145265,1.0,rebalance
2023-12-05,MSFT,77,358.8262082358867,1.0,rebalance
2023-12-05,AAPL,145,187.93776551932658,1.0,rebalance
2023-12-05,AMZN,194,143.564358052063,1.0,rebalance
2023-12-05,NVDA,615,45.339137159914394,3.075,rebalance
2023-12-06,AMZN,-3,147.5652438308716,1.0,rebalance
2023-12-06,NVDA,-27,47.07383658107291,1.0,rebalance
2023-12-06,GLD,7,188.33883932495118,1.0,rebalance
2023-12-07,AAPL,-2,191.27866364740228,1.0,rebalance
2023-12-07,GLD,-5,188.43115194854735,1.0,rebalance
2023-12-07,MSFT,1,360.5691652485192,1.0,rebalance
2023-12-07,NVDA,32,45.57248062912181,1.0,rebalance
2023-12-08,AAPL,-1,191.84172919170675,1.0,rebalance
2023-12-08,NVDA,-27,46.455693252015415,1.0,rebalance
2023-12-08,GLD,7,185.94858567504883,1.0,rebalance
2023-12-08,AMZN,1,145.49454372711182,1.0,rebalance
2023-12-11,MSFT,-76,360.74179973015464,1.0,rebalance
2023-12-11,AAPL,-145,190.76495250295886,1.0,rebalance
2023-12-11,AMZN,-191,145.64543766174316,1.0,rebalance
2023-12-11,NVDA,-615,47.349010681898974,3.075,rebalance
2023-12-11,GLD,206,184.51845,1.03,rebalance
2023-12-12,MSFT,-1,363.0620724775274,1.0,rebalance
2023-12-12,AMZN,-1,145.5054522720337,1.0,rebalance
2023-12-12,NVDA,21,45.91751521715167,1.0,rebalance
2023-12-13,MSFT,-1,368.12345834822116,1.0,rebalance
2023-12-13,AAPL,-1,192.72092183584869,1.0,rebalance
2023-12-13,AMZN,-3,148.10518311767578,1.0,rebalance
2023-12-13,NVDA,-21,47.486609522329005,1.0,rebalance
2023-12-13,GLD,5,183.83838932495118,1.0,rebalance
2023-12-14,GLD,-10,188.84111461029053,1.0,rebalance
2023-12-14,NVDA,-2,48.24532259283288,1.0,rebalance
2023-12-14,MSFT,1,365.54348495628705,1.0,rebalance
2023-12-15,AAPL,-1,195.13128114498193,1.0,rebalance
2023-12-15,GLD,-2,188.5011522720337,1.0,rebalance
2023-12-15,MSFT,1,359.2178801905402,1.0,rebalance
2023-12-15,AMZN,1,148.39484288330078,1.0,rebalance
2023-12-18,AMZN,-2,150.5449415588379,1.0,rebalance
2023-12-18,NVDA,-18,49.252314097422705,1.0,rebalance
2023-12-18,AAPL,1,193.74750893898218,1.0,rebalance
2023-12-18,GLD,5,187.51875,1.0,rebalance
2023-12-19,AMZN,-5,154.38455389709472,1.0,rebalance
2023-12-19,AAPL,1,193.81666228286625,1.0,rebalance
2023-12-19,NVDA,2,49.28608418068248,1.0,rebalance
2023-12-20,NVDA,-1,49.50653960053391,1.0,rebalance
2023-12-20,AMZN,2,152.915283895874,1.0,rebalance
2023-12-21,GLD,-203,189.1910857131958,1.0150000000000001,rebalance
2023-12-21,MSFT,77,364.80909801818086,1.0,rebalance
2023-12-21,AAPL,147,193.75738162377587,1.0,rebalance
2023-12-21,AMZN,184,153.31533305206298,1.0,rebalance
2023-12-21,NVDA,595,48.67480644719227,2.975,rebalance
2023-12-22,GLD,-4,191.58084610290527,1.0,rebalance
2023-12-22,NVDA,-3,49.04791095582167,1.0,rebalance
2023-12-22,MSFT,1,365.90583215906616,1.0,rebalance
2023-12-22,AAPL,3,192.84838164127288,1.0,rebalance
2023-12-22,AMZN,1,153.78538127288817,1.0,rebalance
2023-12-26,MSFT,-1,367.124847725709,1.0,rebalance
2023-12-26,AAPL,2,191.29714228635,1.0,rebalance
2023-12-26,NVDA,2,48.83135825633882,1.0,rebalance
2023-12-27,MSFT,-77,365.84238784027764,1.0,rebalance
2023-12-27,AAPL,-147,190.15249121518895,1.0,rebalance
2023-12-27,AMZN,-185,153.5446415588379,1.0,rebalance
2023-12-27,NVDA,-590,49.362982316549285,2.95,rebalance
2023-12-27,GLD,196,191.7891812728882,1.0,rebalance
2023-12-28,AAPL,-1,191.78243964147035,1.0,rebalance
2023-12-29,NVDA,-5,49.6640681744004,1.0,rebalance
2023-12-29,GLD,3,191.00910449371338,1.0,rebalance
2024-01-02,GLD,-5,191.42085844116212,1.0,rebalance
2024-01-02,AAPL,5,184.9142727299463,1.0,rebalance
2024-01-02,AMZN,1,151.55514728546143,1.0,rebalance
2024-01-02,NVDA,4,49.10659016679014,1.0,rebalance
2024-01-03,GLD,-196,188.7511272720337,1.0,rebalance
2024-01-03,MSFT,77,361.3329143530056,1.0,rebalance
2024-01-03,AAPL,155,182.01930912072189,1.0,rebalance
2024-01-03,AMZN,189,149.214916947937,1.0,rebalance
2024-01-03,NVDA,611,47.352500277204406,3.055,rebalance
2024-01-04,MSFT,-1,362.8858310377197,1.0,rebalance
2024-01-04,GLD,-3,189.06109383087158,1.0,rebalance
2024-01-04,NVDA,-12,47.6241891553945,1.0,rebalance
2024-01-04,AAPL,3,179.9740588683882,1.0,rebalance
2024-01-04,AMZN,9,145.6045553375244,1.0,rebalance
2024-01-05,GLD,-2,189.66102467651368,1.0,rebalance
2024-01-05,NVDA,-18,48.31710575654216,1.0,rebalance
2024-01-05,AAPL,1,179.8159779893799,1.0,rebalance
2024-01-05,AMZN,4,144.70447144165038,1.0,rebalance
2024-01-08,AMZN,-5,146.72533149261474,1.0,rebalance
2024-01-08,NVDA,-25,49.363969659789085,1.0,rebalance
2024-01-08,GLD,9,187.22872771453856,1.0,rebalance
2024-01-09,NVDA,-54,52.244328324200666,1.0,rebalance
2024-01-09,MSFT,2,364.2705248526237,1.0,rebalance
2024-01-09,AAPL,2,181.72291320253296,1.0,rebalance
2024-01-09,GLD,4,188.69886067504882,1.0,rebalance
2024-01-09,AMZN,2,148.3448348312378,1.0,rebalance
2024-01-10,AMZN,-7,152.0447915588379,1.0,rebalance
2024-01-10,NVDA,-17,53.455702335503126,1.0,rebalance
2024-01-10,AAPL,3,182.14775152599623,1.0,rebalance
2024-01-10,GLD,8,188.1588133895874,1.0,rebalance
2024-01-11,MSFT,-2,377.89389785524025,1.0,rebalance
2024-01-11,AMZN,-2,155.0244892868042,1.0,rebalance
2024-01-11,NVDA,-16,54.834565359395654,1.0,rebalance
2024-01-11,GLD,8,188.0388062728882,1.0,rebalance
2024-01-12,GLD,-6,190.65093116912843,1.0,rebalance
2024-01-12,AAPL,2,183.8373438398365,1.0,rebalance
2024-01-12,NVDA,11,54.467597483074066,1.0,rebalance
2024-01-16,MSFT,-3,385.39300817534473,1.0,rebalance
2024-01-16,NVDA,-12,54.85350539384356,1.0,rebalance
2024-01-16,AAPL,7,179.98392931303866,1.0,rebalance
2024-01-16,GLD,2,189.168908895874,1.0,rebalance
2024-01-16,AMZN,3,153.5453517791748,1.0,rebalance
2024-01-17,NVDA,-34,56.1785371069089,1.0,rebalance
2024-01-17,MSFT,1,379.90821248203275,1.0,rebalance
2024-01-17,GLD,3,187.3287285583496,1.0,rebalance
2024-01-17,AMZN,4,151.50515449371338,1.0,rebalance
2024-01-18,AAPL,-6,183.8301719955447,1.0,rebalance
2024-01-18,NVDA,-9,57.088803813578686,1.0,rebalance
2024-01-18,GLD,9,186.3786366104126,1.0,rebalance
2024-01-19,AAPL,-2,187.03087499439042,1.0,rebalance
2024-01-19,NVDA,-3,57.81562120323539,1.0,rebalance
2024-01-19,AMZN,1,153.8453848312378,1.0,rebalance
2024-01-22,AAPL,-2,189.96478299132346,1.0,rebalance
2024-01-22,AMZN,-3,156.87431038970948,1.0,rebalance
2024-01-22,NVDA,-28,59.8694730916514,1.0,rebalance
2024-01-22,GLD,10,187.24871872711182,1.0,rebalance
2024-01-23,AAPL,-6,192.6517883176958,1.0,rebalance
2024-01-23,GLD,-1,187.43125194854736,1.0,rebalance
2024-01-23,MSFT,1,387.516638438361,1.0,rebalance
2024-01-23,AMZN,4,154.86549110412597,1.0,rebalance
2024-01-23,NVDA,5,59.40377290201706,1.0,rebalance
2024-01-24,AMZN,-3,157.78422305145264,1.0,rebalance
2024-01-24,NVDA,-3,60.12370787735159,1.0,rebalance
2024-01-24,AAPL,2,193.08551119877907,1.0,rebalance
2024-01-24,GLD,2,188.34883483123778,1.0,rebalance
2024-01-25,MSFT,-1,395.82914797986524,1.0,rebalance
2024-01-25,NVDA,-33,62.16358151820765,1.0,rebalance
2024-01-25,AAPL,1,192.8879265391379,1.0,rebalance
2024-01-25,GLD,6,187.3587303375244,1.0,rebalance
2024-01-25,AMZN,3,156.96569194793702,1.0,rebalance
2024-01-26,GLD,-1,187.2512772720337,1.0,rebalance
2024-01-26,AMZN,-5,158.4041561691284,1.0,rebalance
2024-01-26,AAPL,1,191.94925688273509,1.0,rebalance
2024-01-26,NVDA,21,60.78989868696956,1.0,rebalance
2024-01-29,MSFT,-1,397.5325953829085,1.0,rebalance
2024-01-29,GLD,-2,188.2911665588379,1.0,rebalance
2024-01-29,AMZN,-1,159.32406233825685,1.0,rebalance
2024-01-29,NVDA,-2,61.048925899512064,1.0,rebalance
2024-01-29,AAPL,5,189.71625028664585,1.0,rebalance
2024-01-30,MSFT,-1,403.6024367028398,1.0,rebalance
2024-01-30,IBM,-1561,173.05522710477567,7.805000000000001,rebalance
2024-01-30,NVDA,-20,62.71194235505796,1.0,rebalance
2024-01-30,AAPL,6,188.65905952453852,1.0,rebalance
2024-01-31,GLD,-5,189.3510581176758,1.0,rebalance
2024-01-31,AAPL,3,184.80560427942595,1.0,rebalance
2024-01-31,AMZN,4,157.0157,1.0,rebalance
2024-01-31,IBM,10,172.48121374392903,1.0,rebalance
2024-01-31,NVDA,13,61.26855801419771,1.0,rebalance
2024-02-01,IBM,-39,169.29375460903913,1.0,rebalance
2024-02-01,NVDA,-3,61.91433371810414,1.0,rebalance
2024-02-01,MSFT,3,393.47014803852335,1.0,rebalance
2024-02-01,AAPL,9,181.7920646815414,1.0,rebalance
2024-02-01,GLD,2,189.72897771453856,1.0,rebalance
2024-02-01,AMZN,7,155.88558211669923,1.0,rebalance
2024-02-02,AMZN,-34,169.1730834411621,1.0,rebalance
2024-02-02,NVDA,-31,63.78272258454698,1.0,rebalance
2024-02-02,AAPL,10,177.71143728107398,1.0,rebalance
2024-02-02,GLD,7,188.08881432495116,1.0,rebalance
2024-02-02,IBM,25,172.52735622553035,1.0,rebalance
2024-02-05,AAPL,-7,185.86518538864576,1.0,rebalance
2024-02-05,IBM,-50,171.02696582199633,1.0,rebalance
2024-02-05,NVDA,-44,68.02102416023887,1.0,rebalance
2024-02-05,MSFT,1,401.3722268962521,1.0,rebalance
2024-02-05,GLD,20,186.89869288330078,1.0,rebalance
2024-02-05,AMZN,7,170.217016947937,1.0,rebalance
2024-02-06,META,-606,459.55215981879513,3.0300000000000002,rebalance
2024-02-06,NVDA,-13,69.42181388412136,1.0,rebalance
2024-02-06,MSFT,3,397.4358842530128,1.0,rebalance
2024-02-06,AAPL,5,184.62777573776916,1.0,rebalance
2024-02-06,GLD,1,187.95879644165038,1.0,rebalance
2024-02-06,AMZN,5,169.4069383895874,1.0,rebalance
2024-02-06,IBM,1614,169.25385517174118,8.07,rebalance
2024-02-07,AAPL,-4,188.32494739068062,1.0,rebalance
2024-02-07,META,-13,453.6096911717381,1.0,rebalance
2024-02-07,MSFT,1,398.9634567235521,1.0,rebalance
2024-02-07,GLD,5,188.46884194793702,1.0,rebalance
2024-02-07,AMZN,4,169.4969437271118,1.0,rebalance
2024-02-07,IBM,1,169.0601969374261,1.0,rebalance
2024-02-07,NVDA,29,68.12835833996309,1.0,rebalance
2024-02-08,MSFT,-80,405.35481855979504,1.0,rebalance
2024-02-08,AAPL,-168,187.09010527460964,1.0,rebalance
2024-02-08,AMZN,-188,169.63302889709473,1.0,rebalance
2024-02-08,NVDA,-484,69.86449554958376,2.42,rebalance
2024-02-08,META,18,463.9234707193519,1.0,rebalance
2024-02-08,GLD,218,187.92879466247558,1.09,rebalance
2024-02-09,MSFT,-1,406.5295983889251,1.0,rebalance
2024-02-09,AAPL,-1,186.5968987299328,1.0,rebalance
2024-02-09,GLD,-2,187.5412415588379,1.0,rebalance
2024-02-09,AMZN,-3,170.88290389709474,1.0,rebalance
2024-02-09,NVDA,-7,70.32213014322053,1.0,rebalance
2024-02-09,META,9,468.5100544861344,1.0,rebalance
2024-02-12,MSFT,-1,411.72810651441074,1.0,rebalance
2024-02-12,META,-11,463.7019988989035,1.0,rebalance
2024-02-12,AMZN,-3,174.78252305145264,1.0,rebalance
2024-02-12,NVDA,-11,72.38294089203352,1.0,rebalance
2024-02-12,AAPL,2,186.40669157371704,1.0,rebalance
2024-02-12,GLD,13,186.61866610412596,1.0,rebalance
2024-02-13,GLD,-219,185.33147110290528,1.095,rebalance
2024-02-13,MSFT,83,396.51542295444875,1.0,rebalance
2024-02-13,AAPL,175,183.78502505260653,1.0,rebalance
2024-02-13,META,603,452.5809991135311,3.015,rebalance
2024-02-13,AMZN,197,167.74676872711183,1.0,rebalance
2024-02-13,NVDA,467,70.20356478347097,2.335,rebalance
2024-02-14,NVDA,-32,72.98313688110984,1.0,rebalance
2024-02-14,AAPL,4,183.33985171020078,1.0,rebalance
2024-02-14,GLD,8,184.28843127288818,1.0,rebalance
2024-02-15,GLD,-2,185.5814461029053,1.0,rebalance
2024-02-15,AMZN,-2,170.56294383087157,1.0,rebalance
2024-02-15,NVDA,-6,73.64814631775637,1.0,rebalance
2024-02-15,AAPL,5,181.58871510584052,1.0,rebalance
2024-02-16,NVDA,-6,73.87845828246519,1.0,rebalance
2024-02-16,AMZN,3,168.75687949371337,1.0,rebalance
2024-02-20,GLD,-13,187.9412107131958,1.0,rebalance
2024-02-20,MSFT,1,395.5808898447296,1.0,rebalance
2024-02-20,AAPL,1,179.84754918671854,1.0,rebalance
2024-02-20,NVDA,25,71.74623212611914,1.0,rebalance
2024-02-21,AAPL,-3,179.959961874752,1.0,rebalance
2024-02-21,GLD,-6,187.86121688232421,1.0,rebalance
2024-02-21,AMZN,-5,168.9231084411621,1.0,rebalance
2024-02-21,NVDA,50,67.81624235063705,1.0,rebalance
2024-02-22,NVDA,-76,74.8006842020774,1.0,rebalance
2024-02-22,AAPL,6,181.51947771887524,1.0,rebalance
2024-02-22,GLD,17,187.5787535583496,1.0,rebalance
2024-02-23,NVDA,-56,80.54845222067264,1.0,rebalance
2024-02-23,MSFT,1,407.77489015465557,1.0,rebalance
2024-02-23,AAPL,3,183.03315174845477,1.0,rebalance
2024-02-23,GLD,11,187.5787535583496,1.0,rebalance
2024-02-23,AMZN,3,174.2974267791748,1.0,rebalance
2024-02-26,GLD,-3,187.7712142868042,1.0,rebalance
2024-02-26,AMZN,-4,175.68242694854737,1.0,rebalance
2024-02-26,MSFT,1,403.64484222838047,1.0,rebalance
2024-02-26,AAPL,5,180.29272698942003,1.0,rebalance
2024-02-26,NVDA,8,79.47761014558039,1.0,rebalance
2024-02-27,GLD,-5,188.56114383087157,1.0,rebalance
2024-02-27,MSFT,1,400.2407022916931,1.0,rebalance
2024-02-27,AAPL,1,179.16493789455913,1.0,rebalance
2024-02-27,AMZN,1,174.0974098312378,1.0,rebalance
2024-02-28,AAPL,-4,180.52373428238405,1.0,rebalance
2024-02-28,GLD,-2,188.32116233825684,1.0,rebalance
2024-02-28,AMZN,3,172.4572464416504,1.0,rebalance
2024-02-28,NVDA,18,77.40343267810852,1.0,rebalance
2024-02-29,GLD,-1,189.62103538970948,1.0,rebalance
2024-02-29,NVDA,-13,78.85752954748543,1.0,rebalance
2024-02-29,AAPL,4,179.33313989167178,1.0,rebalance
2024-03-01,AMZN,-6,176.732325,1.0,rebalance
2024-03-01,NVDA,-5,79.76081664444798,1.0,rebalance
2024-03-01,AAPL,6,177.63148119769866,1.0,rebalance
2024-03-04,GLD,-4,194.13057889709472,1.0,rebalance
2024-03-04,NVDA,-36,83.87846242236874,1.0,rebalance
2024-03-04,AAPL,14,174.26782074111517,1.0,rebalance
2024-03-04,AMZN,3,177.5477517791748,1.0,rebalance
2024-03-05,AAPL,-137,168.90160609918914,1.0,rebalance
2024-03-05,GLD,-10,197.4202584411621,1.0,rebalance
2024-03-05,NVDA,-11,85.01904423861384,1.0,rebalance
2024-03-05,MSFT,1,406.0974146745418,1.0,rebalance
2024-03-05,AMZN,2,176.94768567504883,1.0,rebalance
2024-03-06,GLD,-2,198.06019383087158,1.0,rebalance
2024-03-06,NVDA,-28,87.7629564482784,1.0,rebalance
2024-03-06,MSFT,5,395.31612281464675,1.0,rebalance
2024-03-06,AAPL,151,169.23220657992664,1.0,rebalance
2024-03-06,AMZN,3,175.55754728546142,1.0,rebalance
2024-03-07,GLD,-2,199.5200392868042,1.0,rebalance
2024-03-07,NVDA,-17,89.89266523119151,1.0,rebalance
2024-03-07,AAPL,7,167.3425838972616,1.0,rebalance
2024-03-07,AMZN,4,174.84748483123778,1.0,rebalance
2024-03-08,NVDA,-34,94.85800515846854,1.0,rebalance
2024-03-08,MSFT,1,400.21129577846983,1.0,rebalance
2024-03-08,AAPL,6,167.19420295022925,1.0,rebalance
2024-03-08,GLD,3,200.9100883895874,1.0,rebalance
2024-03-08,AMZN,2,176.45764644165038,1.0,rebalance
2024-03-11,AAPL,-15,171.05788511309348,1.0,rebalance
2024-03-11,GLD,-11,201.6898357131958,1.0,rebalance
2024-03-11,NVDA,70,86.19188328498616,1.0,rebalance
2024-03-12,MSFT,-1,399.79778824585895,1.0,rebalance
2024-03-12,NVDA,-14,87.78988031391806,1.0,rebalance
2024-03-12,GLD,5,200.4400401687622,1.0,rebalance
2024-03-12,AMZN,2,173.51735,1.0,rebalance
2024-03-13,MSFT,-3,410.07666979985055,1.0,rebalance
2024-03-13,NVDA,-19,90.78702301093477,1.0,rebalance
2024-03-13,AAPL,5,170.92393488103937,1.0,rebalance
2024-03-13,GLD,7,200.46004644165038,1.0,rebalance
2024-03-14,MSFT,-1,412.1756510990484,1.0,rebalance
2024-03-14,AMZN,-4,177.67223344116212,1.0,rebalance
2024-03-14,GLD,1,200.39003211669922,1.0,rebalance
2024-03-14,NVDA,13,89.33125468810891,1.0,rebalance
2024-03-15,MSFT,-1,411.24389144242065,1.0,rebalance
2024-03-15,GLD,-3,199.9200084411621,1.0,rebalance
2024-03-15,AMZN,-1,176.62233538970946,1.0,rebalance
2024-03-15,AAPL,1,169.3410105300377,1.0,rebalance
2024-03-15,NVDA,19,86.69152189226119,1.0,rebalance
2024-03-18,AAPL,-8,173.659275931399,1.0,rebalance
2024-03-18,NVDA,-27,90.12198053138195,1.0,rebalance
2024-03-18,MSFT,3,406.38186928173667,1.0,rebalance
2024-03-18,GLD,4,199.67996966247557,1.0,rebalance
2024-03-18,AMZN,4,175.817583052063,1.0,rebalance
2024-03-19,MSFT,-2,409.8118790280336,1.0,rebalance
2024-03-19,GLD,-4,199.6000331176758,1.0,rebalance
2024-03-19,AMZN,1,174.2374232208252,1.0,rebalance
2024-03-19,NVDA,29,86.46212509463507,1.0,rebalance
2024-03-20,MSFT,-1,413.90186420904587,1.0,rebalance
2024-03-20,NVDA,-21,89.53273498677115,1.0,rebalance
2024-03-20,GLD,7,199.17991966247558,1.0,rebalance
2024-03-21,GLD,-2,203.85961688232422,1.0,rebalance
2024-03-21,AMZN,-2,179.97200649261475,1.0,rebalance
2024-03-21,NVDA,-9,92.0283605571098,1.0,rebalance
2024-03-21,AAPL,5,175.15819520601556,1.0,rebalance
2024-03-22,MSFT,-2,421.4541397969048,1.0,rebalance
2024-03-22,AAPL,8,169.924698188866,1.0,rebalance
2024-03-25,NVDA,-23,93.66453251626666,1.0,rebalance
2024-03-25,MSFT,2,417.16311320545867,1.0,rebalance
2024-03-25,AAPL,4,168.7474773668332,1.0,rebalance
2024-03-25,GLD,1,201.2101214416504,1.0,rebalance
2024-03-26,AMZN,-2,180.13197889709474,1.0,rebalance
2024-03-26,NVDA,-12,95.568909750711,1.0,rebalance
2024-03-26,MSFT,1,417.5260508646973,1.0,rebalance
2024-03-26,AAPL,5,168.18350438958774,1.0,rebalance
2024-03-27,AAPL,-3,168.555432148163,1.0,rebalance
2024-03-27,GLD,-2,202.29977532348633,1.0,rebalance
2024-03-27,AMZN,-1,179.8620168823242,1.0,rebalance
2024-03-27,NVDA,19,92.85655542698447,1.0,rebalance
2024-03-28,AAPL,-4,169.880824758229,1.0,rebalance
2024-03-28,GLD,-9,204.5195392868042,1.0,rebalance
2024-03-28,AMZN,-2,180.15198116912842,1.0,rebalance
2024-03-28,NVDA,28,89.75308201328667,1.0,rebalance
2024-04-01,GLD,-8,208.65912467651367,1.0,rebalance
2024-04-01,AAPL,4,169.3608244497508,1.0,rebalance
2024-04-01,AMZN,1,180.80807228546144,1.0,rebalance
2024-04-01,NVDA,4,90.05126229350684,1.0,rebalance
2024-04-02,GLD,-439,209.04910032348633,2.195,rebalance
2024-04-02,MSFT,35,412.13050526360786,1.0,rebalance
2024-04-02,AAPL,289,167.27335373083704,1.445,rebalance
2024-04-02,AMZN,80,179.08791432495116,1.0,rebalance
2024-04-02,NVDA,172,88.20533883089885,1.0,rebalance
2024-04-03,GLD,-1,210.54895032348634,1.0,rebalance
2024-04-03,AMZN,-1,179.88200389709473,1.0,rebalance
2024-04-03,AAPL,2,166.98643581598947,1.0,rebalance
2024-04-04,AMZN,-5,183.98160000000001,1.0,rebalance
2024-04-04,NVDA,-8,90.13993050532781,1.0,rebalance
2024-04-04,MSFT,1,416.91781589571696,1.0,rebalance
2024-04-04,AAPL,4,168.47039887429634,1.0,rebalance
2024-04-05,MSFT,-34,411.9500439181567,1.0,rebalance
2024-04-05,AAPL,-292,167.7443465748279,1.46,rebalance
2024-04-05,AMZN,-79,182.36176688232422,1.0,rebalance
2024-04-05,NVDA,-439,86.61034601140815,2.195,rebalance
2024-04-05,GLD,424,212.51125449371338,2.12,rebalance
2024-04-08,GLD,-2,215.95839772796631,1.0,rebalance
2024-04-08,AMZN,-6,186.88130389709474,1.0,rebalance
2024-04-08,AAPL,6,167.2239059405976,1.0,rebalance
2024-04-08,NVDA,296,88.45665242734634,1.48,rebalance
2024-04-09,GLD,-5,217.7882165588379,1.0,rebalance
2024-04-09,AAPL,1,166.89740320231525,1.0,rebalance
2024-04-09,NVDA,14,87.20210053368143,1.0,rebalance
2024-04-10,MSFT,-1,414.0882073364878,1.0,rebalance
2024-04-10,AAPL,-6,166.96296391713545,1.0,rebalance
2024-04-10,GLD,-2,215.3484581176758,1.0,rebalance
2024-04-10,AMZN,3,182.78828127288818,1.0,rebalance
2024-04-10,NVDA,24,83.69574028378132,1.0,rebalance
2024-04-11,AMZN,-3,186.72133149261475,1.0,rebalance
2024-04-11,NVDA,-25,87.16271606192423,1.0,rebalance
2024-04-11,AAPL,6,166.5412674035693,1.0,rebalance
2024-04-11,GLD,2,216.87169110412597,1.0,rebalance
2024-04-12,AAPL,-8,172.36353647849103,1.0,rebalance
2024-04-12,GLD,-3,221.84780811767578,1.0,rebalance
2024-04-12,NVDA,-9,89.43501112262089,1.0,rebalance
2024-04-12,MSFT,3,415.99566513562183,1.0,rebalance
2024-04-12,AMZN,3,187.73877322082518,1.0,rebalance
2024-04-15,MSFT,-195,418.4136374451518,1.0,rebalance
2024-04-15,AAPL,-473,173.4515555295964,2.365,rebalance
2024-04-15,NVDA,-911,88.83577957078167,4.555,rebalance
2024-04-15,AMZN,-433,187.41124967651368,2.165,rebalance
2024-04-15,GLD,433,217.9617964416504,2.165,rebalance
2024-04-16,GLD,-5,220.15797467651367,1.0,rebalance
2024-04-17,GLD,-2,221.02789805145264,1.0,rebalance
2024-04-18,GLD,-739,221.2878665588379,3.6950000000000003,rebalance
2024-04-18,MSFT,246,402.83062873200805,1.23,rebalance
2024-04-18,AAPL,596,166.23458326157402,2.98,rebalance
2024-04-18,NVDA,1170,84.73687835812761,5.8500000000000005,rebalance
2024-04-18,AMZN,546,181.4881482208252,2.73,rebalance
2024-04-19,MSFT,-42,396.276692072949,1.0,rebalance
2024-04-19,AAPL,-105,164.40115834662353,1.0,rebalance
2024-04-19,AMZN,-94,178.72213149261475,1.0,rebalance
2024-04-19,NVDA,-197,82.90528966523655,1.0,rebalance
2024-04-19,GLD,309,220.51205449371338,1.545,rebalance
2024-04-22,MSFT,-204,392.4024225931654,1.02,rebalance
2024-04-22,AAPL,-490,163.71865993869247,2.45,rebalance
2024-04-22,NVDA,-973,77.87413896502898,4.865,rebalance
2024-04-22,AMZN,-452,176.9223084411621,2.2600000000000002,rebalance
2024-04-22,GLD,419,216.37164110412598,2.095,rebalance
2024-04-23,GLD,-414,213.9386107131958,2.07,rebalance
2024-04-23,MSFT,198,396.56199879785817,1.0,rebalance
2024-04-23,AAPL,480,163.5832274037134,2.4,rebalance
2024-04-23,NVDA,977,80.54740180768064,4.885,rebalance
2024-04-23,AMZN,442,178.09780983123778,2.21,rebalance
2024-04-24,NVDA,-25,83.70292908337784,1.0,rebalance
2024-04-24,AAPL,2,164.76048890851214,1.0,rebalance
2024-04-24,GLD,5,214.7814705062866,1.0,rebalance
2024-04-25,AAPL,-18,167.68501855873762,1.0,rebalance
2024-04-25,GLD,-13,214.44855422058106,1.0,rebalance
2024-04-25,MSFT,3,386.5458916076952,1.0,rebalance
2024-04-25,AMZN,17,169.6969606750488,1.0,rebalance
2024-04-25,NVDA,38,78.65161557213463,1.0,rebalance
2024-04-26,MSFT,-2,404.26054181596965,1.0,rebalance
2024-04-26,AMZN,-8,177.78222305145263,1.0,rebalance
2024-04-26,NVDA,-31,83.57132177994139,1.0,rebalance
2024-04-26,AAPL,11,168.06481026881386,1.0,rebalance
2024-04-26,GLD,10,216.79168127288818,1.0,rebalance
2024-04-29,AAPL,-3,171.48321434509194,1.0,rebalance
2024-04-29,AMZN,-7,182.731725,1.0,rebalance
2024-04-29,NVDA,-31,87.33720789993814,1.0,rebalance
2024-04-29,MSFT,4,397.55278832203624,1.0,rebalance
2024-04-29,GLD,9,216.04160627288817,1.0,rebalance
2024-04-30,AAPL,-3,171.44365047241016,1.0,rebalance
2024-04-30,NVDA,-3,86.9832571924514,1.0,rebalance
2024-04-30,MSFT,1,393.8642338014258,1.0,rebalance
2024-04-30,GLD,4,213.40134288330077,1.0,rebalance
2024-05-01,GLD,-5,212.9387107131958,1.0,rebalance
2024-05-01,AMZN,-5,181.62183538970947,1.0,rebalance
2024-05-01,MSFT,2,385.1528808200238,1.0,rebalance
2024-05-01,AAPL,4,167.76801279692467,1.0,rebalance
2024-05-01,NVDA,12,84.84359905515916,1.0,rebalance
2024-05-02,MSFT,-1,390.0289742535458,1.0,rebalance
2024-05-02,AAPL,-7,170.63257050641792,1.0,rebalance
2024-05-02,GLD,3,211.921183895874,1.0,rebalance
2024-05-02,AMZN,1,180.86809110412597,1.0,rebalance
2024-05-02,NVDA,9,84.21729722391865,1.0,rebalance
2024-05-03,AAPL,-23,184.61868151647988,1.0,rebalance
2024-05-03,AMZN,-2,186.97130649261476,1.0,rebalance
2024-05-03,NVDA,-10,87.53064173633426,1.0,rebalance
2024-05-03,MSFT,2,394.63916539135244,1.0,rebalance
2024-05-03,GLD,15,212.9112883895874,1.0,rebalance
2024-05-06,MSFT,-1,400.9159700660978,1.0,rebalance
2024-05-06,GLD,-3,215.11848538970946,1.0,rebalance
2024-05-06,NVDA,-13,89.12691922548056,1.0,rebalance
2024-05-06,AAPL,11,180.40157848281086,1.0,rebalance
2024-05-06,AMZN,3,186.2986267791748,1.0,rebalance
2024-05-07,MSFT,-2,406.7027279040332,1.0,rebalance
2024-05-07,AMZN,-2,188.9011061691284,1.0,rebalance
2024-05-07,NVDA,-11,90.82989208922851,1.0,rebalance
2024-05-07,AAPL,1,181.48979498383795,1.0,rebalance
2024-05-07,GLD,6,214.54145627288818,1.0,rebalance
2024-05-08,AAPL,-1,180.86004416569824,1.0,rebalance
2024-05-08,GLD,-2,213.59863311767577,1.0,rebalance
2024-05-08,MSFT,1,400.4173469939414,1.0,rebalance
2024-05-08,NVDA,8,89.23749358657612,1.0,rebalance
2024-05-09,AMZN,-1,188.8611168823242,1.0,rebalance
2024-05-09,NVDA,-5,90.26257081516549,1.0,rebalance
2024-05-09,AAPL,2,180.60931530719796,1.0,rebalance
2024-05-10,GLD,-442,219.19807922058106,2.21,rebalance
2024-05-10,MSFT,37,405.0967516846897,1.0,rebalance
2024-05-10,AAPL,273,183.17243236890417,1.365,rebalance
2024-05-10,AMZN,81,189.17891966247558,1.0,rebalance
2024-05-10,NVDA,175,90.05724448149593,1.0,rebalance
2024-05-13,MSFT,-38,409.988390137145,1.0,rebalance
2024-05-13,AAPL,-275,183.6706539014815,1.375,rebalance
2024-05-13,AMZN,-75,187.9812,1.0,rebalance
2024-05-13,NVDA,-165,90.21172347768133,1.0,rebalance
2024-05-13,GLD,440,217.0817035583496,2.2,rebalance
2024-05-14,AAPL,-8,185.72088976634322,1.0,rebalance
2024-05-14,GLD,-3,217.2882665588379,1.0,rebalance
2024-05-14,MSFT,1,404.1942004755517,1.0,rebalance
2024-05-14,AMZN,7,183.83838932495118,1.0,rebalance
2024-05-14,NVDA,3,89.35319369586135,1.0,rebalance
2024-05-15,NVDA,-17,92.19986420070319,1.0,rebalance
2024-05-15,AAPL,4,186.15431071451172,1.0,rebalance
2024-05-15,GLD,2,219.0819035583496,1.0,rebalance
2024-05-16,AAPL,-2,188.65264381979856,1.0,rebalance
2024-05-16,NVDA,-16,94.63067766909629,1.0,rebalance
2024-05-16,GLD,2,220.1620133895874,1.0,rebalance
2024-05-16,AMZN,5,185.61856610412596,1.0,rebalance
2024-05-17,MSFT,-1,415.1790415395521,1.0,rebalance
2024-05-17,GLD,-5,222.15777467651367,1.0,rebalance
2024-05-17,AAPL,1,187.73936488034676,1.0,rebalance
2024-05-17,AMZN,4,183.77837050628662,1.0,rebalance
2024-05-17,NVDA,4,94.11010017902352,1.0,rebalance
2024-05-20,GLD,-5,223.7676142868042,1.0,rebalance
2024-05-20,MSFT,1,412.9722589009364,1.0,rebalance
2024-05-20,AAPL,1,187.56102372176915,1.0,rebalance
2024-05-20,NVDA,6,93.49278389183286,1.0,rebalance
2024-05-21,MSFT,-2,419.394319016276,1.0,rebalance
2024-05-21,AAPL,-2,189.26671168013996,1.0,rebalance
2024-05-21,GLD,-1,224.7475272720337,1.0,rebalance
2024-05-21,AMZN,6,182.318233052063,1.0,rebalance
2024-05-21,NVDA,5,93.34219606646208,1.0,rebalance
2024-05-22,MSFT,-1,422.5975087792227,1.0,rebalance
2024-05-22,AMZN,-1,183.86161688232423,1.0,rebalance
2024-05-22,NVDA,-13,95.1780598606897,1.0,rebalance
2024-05-22,GLD,7,223.11230533752442,1.0,rebalance
2024-05-23,NVDA,-53,101.7277336479312,1.0,rebalance
2024-05-23,AAPL,4,189.19561242443697,1.0,rebalance
2024-05-23,GLD,17,218.8018767791748,1.0,rebalance
2024-05-23,AMZN,2,183.67836966247557,1.0,rebalance
2024-05-24,NVDA,-23,104.14159909380236,1.0,rebalance
2024-05-24,MSFT,1,419.831952443922,1.0,rebalance
2024-05-24,AAPL,3,187.05582543522164,1.0,rebalance
2024-05-24,GLD,3,216.98170271453859,1.0,rebalance
2024-05-24,AMZN,3,181.66815889587403,1.0,rebalance
2024-05-28,NVDA,-34,109.91955557358155,1.0,rebalance
2024-05-28,MSFT,1,422.2299830708729,1.0,rebalance
2024-05-28,GLD,3,218.4518356750488,1.0,rebalance
2024-05-28,AMZN,10,179.9479856750488,1.0,rebalance
2024-05-29,AMZN,-3,181.68182694854735,1.0,rebalance
2024-05-29,NVDA,-19,112.7172999086717,1.0,rebalance
2024-05-29,MSFT,2,418.3578511340601,1.0,rebalance
2024-05-29,AAPL,4,187.83841985117556,1.0,rebalance
2024-05-29,GLD,6,216.9416901687622,1.0,rebalance
2024-05-30,NVDA,-9,114.31258327446737,1.0,rebalance
2024-05-30,MSFT,2,416.9917936972696,1.0,rebalance
2024-05-30,GLD,2,216.7116714416504,1.0,rebalance
2024-05-30,AMZN,1,181.32812855834962,1.0,rebalance
2024-05-31,AAPL,-5,189.61336474406295,1.0,rebalance
2024-05-31,GLD,-7,217.7482272720337,1.0,rebalance
2024-05-31,MSFT,2,409.5718202386187,1.0,rebalance
2024-05-31,AMZN,5,178.31783305206298,1.0,rebalance
2024-05-31,NVDA,9,112.21128619943414,1.0,rebalance
2024-06-03,AAPL,-4,191.05946361575386,1.0,rebalance
2024-06-03,NVDA,-7,113.28661272972577,1.0,rebalance
2024-06-03,GLD,4,215.94159016876222,1.0,rebalance
2024-06-03,AMZN,1,177.717766947937,1.0,rebalance
2024-06-04,AAPL,-2,192.78286744221174,1.0,rebalance
2024-06-04,NVDA,-11,115.3754448015419,1.0,rebalance
2024-06-04,MSFT,3,405.3262084037743,1.0,rebalance
2024-06-04,GLD,2,216.26162949371337,1.0,rebalance
2024-06-04,AMZN,2,177.6577633895874,1.0,rebalance
2024-06-05,AMZN,-1,180.08199610290526,1.0,rebalance
2024-06-05,NVDA,-11,118.02263872320793,1.0,rebalance
2024-06-05,AAPL,1,193.5743152601831,1.0,rebalance
2024-06-05,GLD,4,216.7116714416504,1.0,rebalance
2024-06-06,NVDA,-24,123.6829070438379,1.0,rebalance
2024-06-06,AAPL,6,193.8616118618847,1.0,rebalance
2024-06-06,GLD,5,218.3818366104126,1.0,rebalance
2024-06-06,AMZN,1,181.76817499999999,1.0,rebalance
2024-06-07,GLD,-460,215.04850032348634,2.3000000000000003,rebalance
2024-06-07,MSFT,34,418.8590534259147,1.0,rebalance
2024-06-07,AAPL,275,192.83132563012848,1.375,rebalance
2024-06-07,AMZN,73,184.91848389587403,1.0,rebalance
2024-06-07,NVDA,151,119.4413989139102,1.0,rebalance
2024-06-10,MSFT,-36,417.3014162073769,1.0,rebalance
2024-06-10,AAPL,-280,195.0213118118081,1.4000000000000001,rebalance
2024-06-10,AMZN,-81,184.05160032348633,1.0,rebalance
2024-06-10,NVDA,-133,120.01575446292888,1.0,rebalance
2024-06-10,GLD,473,213.15131788330078,2.365,rebalance
2024-06-11,AMZN,-6,187.04129155883788,1.0,rebalance
2024-06-11,NVDA,-6,121.42160862705049,1.0,rebalance
2024-06-11,AAPL,8,191.84068335884592,1.0,rebalance
2024-06-12,AAPL,-20,205.39140382096542,1.0,rebalance
2024-06-12,GLD,5,216.4916482208252,1.0,rebalance
2024-06-12,AMZN,6,188.0388062728882,1.0,rebalance
2024-06-12,NVDA,6,122.73245293630735,1.0,rebalance
2024-06-13,AAPL,-10,212.6910944047342,1.0,rebalance
2024-06-13,NVDA,-27,129.01980871511705,1.0,rebalance
2024-06-13,GLD,15,214.4614464416504,1.0,rebalance
2024-06-13,AMZN,11,186.1086053375244,1.0,rebalance
2024-06-14,GLD,-3,215.31846233825684,1.0,rebalance
2024-06-14,NVDA,-5,129.58818211820753,1.0,rebalance
2024-06-14,AMZN,7,183.0983098312378,1.0,rebalance
2024-06-17,MSFT,-1,434.8797215326457,1.0,rebalance
2024-06-17,NVDA,-13,132.6094983454252,1.0,rebalance
2024-06-17,AAPL,2,211.37643744571102,1.0,rebalance
2024-06-17,GLD,3,214.92148389587402,1.0,rebalance
2024-06-17,AMZN,3,182.5382562728882,1.0,rebalance
2024-06-18,MSFT,-91,441.8757335342505,1.0,rebalance
2024-06-18,AAPL,-188,215.51389143061664,1.0,rebalance
2024-06-18,AMZN,-214,183.72163149261476,1.07,rebalance
2024-06-18,NVDA,-288,130.76477778758377,1.44,rebalance
2024-06-18,AVGO,-1940,179.64654721616148,9.700000000000001,rebalance
2024-06-18,GLD,248,214.40144288330077,1.24,rebalance
2024-06-20,NVDA,-17,139.40002447727565,1.0,rebalance
2024-06-20,AVGO,-75,176.11824829039128,1.0,rebalance
2024-06-20,MSFT,2,438.6128400781304,1.0,rebalance
2024-06-20,AAPL,8,211.93117999390816,1.0,rebalance
2024-06-20,GLD,9,216.34163932495116,1.0,rebalance
2024-06-20,AMZN,6,182.9282946624756,1.0,rebalance
2024-06-21,GLD,-227,217.8082188308716,1.135,rebalance
2024-06-21,AVGO,-196,165.59096378410936,1.0,rebalance
2024-06-21,MSFT,97,439.6742210382389,1.0,rebalance
2024-06-21,AAPL,210,208.4242743833771,1.05,rebalance
2024-06-21,AMZN,220,187.818783052063,1.1,rebalance
2024-06-21,NVDA,375,126.78166600017695,1.875,rebalance
2024-06-24,AVGO,-86,160.86479817581133,1.0,rebalance
2024-06-24,MSFT,1,442.0525314174829,1.0,rebalance
2024-06-24,AAPL,10,205.77919559577754,1.0,rebalance
2024-06-24,GLD,14,215.57155805206298,1.0,rebalance
2024-06-24,AMZN,1,189.34893483123778,1.0,rebalance
2024-06-24,NVDA,31,122.9119728694755,1.0,rebalance
2024-06-25,NVDA,-248,120.85323089581064,1.24,rebalance
2024-06-25,MSFT,3,440.52923502473146,1.0,rebalance
2024-06-25,AAPL,2,207.19583504986872,1.0,rebalance
2024-06-25,GLD,10,214.98150271453858,1.0,rebalance
2024-06-25,AMZN,12,186.8286785583496,1.0,rebalance
2024-06-25,AVGO,2297,156.78940722391695,11.485,rebalance
2024-06-26,AAPL,-3,209.48199348916594,1.0,rebalance
2024-06-26,GLD,12,212.4112383895874,1.0,rebalance
2024-06-26,AMZN,2,186.9386901687622,1.0,rebalance
2024-06-26,NVDA,240,125.79428383526827,1.2,rebalance
2024-06-27,AAPL,-2,212.64154346441975,1.0,rebalance
2024-06-27,AMZN,-16,194.99049350738525,1.0,rebalance
2024-06-27,MSFT,1,444.39152078021766,1.0,rebalance
2024-06-27,NVDA,22,123.76969374947815,1.0,rebalance
2024-06-28,AMZN,-4,197.7102227279663,1.0,rebalance
2024-06-28,MSFT,1,445.2662369991714,1.0,rebalance
2024-06-28,GLD,1,215.6615633895874,1.0,rebalance
2024-06-28,NVDA,1,124.24841284636511,1.0,rebalance
2024-07-01,GLD,-5,215.228475,1.0,rebalance
2024-07-01,AAPL,3,210.10837563296613,1.0,rebalance
2024-07-01,AMZN,5,193.50935449371337,1.0,rebalance
2024-07-02,AAPL,-6,214.08762103440947,1.0,rebalance
2024-07-02,AMZN,-6,197.26027077941896,1.0,rebalance
2024-07-02,GLD,2,215.35153483123779,1.0,rebalance
2024-07-02,NVDA,19,120.80759183213075,1.0,rebalance
2024-07-03,AAPL,-4,217.90089391735984,1.0,rebalance
2024-07-03,AMZN,-2,199.9200084411621,1.0,rebalance
2024-07-03,GLD,1,217.36173033752442,1.0,rebalance
2024-07-03,NVDA,4,121.33617651789235,1.0,rebalance
2024-07-05,NVDA,-27,127.01555649624942,1.0,rebalance
2024-07-05,AAPL,1,219.57904269086768,1.0,rebalance
2024-07-05,AMZN,7,198.66985889587403,1.0,rebalance
2024-07-08,AAPL,-7,224.9232107937551,1.0,rebalance
2024-07-08,GLD,6,219.6619633895874,1.0,rebalance
2024-07-08,AMZN,1,200.05999728546144,1.0,rebalance
2024-07-08,NVDA,4,127.15066071464369,1.0,rebalance
2024-07-09,NVDA,-15,129.97707350705625,1.0,rebalance
2024-07-09,GLD,6,218.59186432495116,1.0,rebalance
2024-07-09,AMZN,3,199.419933895874,1.0,rebalance
2024-07-10,NVDA,-17,133.6465346776058,1.0,rebalance
2024-07-10,MSFT,3,453.27579674608944,1.0,rebalance
2024-07-10,AMZN,1,200.02,1.0,rebalance
2024-07-11,MSFT,-96,454.9145590977075,1.0,rebalance
2024-07-11,AAPL,-196,229.18220532888216,1.0,rebalance
2024-07-11,AMZN,-218,200.06998733825685,1.09,rebalance
2024-07-11,NVDA,-333,135.3616141370149,1.665,rebalance
2024-07-11,GLD,262,222.67225889587402,1.31,rebalance
2024-07-12,GLD,-272,222.00779577941896,1.36,rebalance
2024-07-12,MSFT,99,446.504492595048,1.0,rebalance
2024-07-12,AAPL,193,226.78113643291917,1.0,rebalance
2024-07-12,AMZN,230,194.819483052063,1.1500000000000001,rebalance
2024-07-12,NVDA,364,127.91861865154794,1.82,rebalance
2024-07-15,AAPL,-9,234.2236435568394,1.0,rebalance
2024-07-15,NVDA,-6,130.18646365572954,1.0,rebalance
2024-07-15,MSFT,2,445.49222648571117,1.0,rebalance
2024-07-15,GLD,1,223.4123383895874,1.0,rebalance
2024-07-15,AMZN,5,194.5794535583496,1.0,rebalance
2024-07-16,GLD,-6,225.42745194854737,1.0,rebalance
2024-07-16,AMZN,-2,195.57043733825685,1.0,rebalance
2024-07-16,AAPL,2,232.80430863856543,1.0,rebalance
2024-07-16,NVDA,12,128.09814465647338,1.0,rebalance
2024-07-17,GLD,-24,228.7671142868042,1.0,rebalance
2024-07-17,MSFT,2,434.9667066470488,1.0,rebalance
2024-07-17,AAPL,3,227.30619520150222,1.0,rebalance
2024-07-17,AMZN,3,191.369141104126,1.0,rebalance
2024-07-17,NVDA,33,121.02700848774909,1.0,rebalance
2024-07-18,AAPL,-1,228.08279892314303,1.0,rebalance
2024-07-18,NVDA,-562,121.50136732883178,2.81,rebalance
2024-07-18,GLD,2,227.73277771453857,1.0,rebalance
2024-07-18,AMZN,4,189.6089553375244,1.0,rebalance
2024-07-19,MSFT,-234,425.55507083310727,1.17,rebalance
2024-07-19,AAPL,-447,222.67491044550005,2.235,rebalance
2024-07-19,NVDA,-280,120.00566880982488,1.4000000000000001,rebalance
2024-07-19,AMZN,-537,181.12188538970946,2.685,rebalance
2024-07-19,GLD,517,221.54215627288818,2.585,rebalance
2024-07-23,GLD,-514,222.31776233825684,2.57,rebalance
2024-07-23,MSFT,228,436.25413895680947,1.1400000000000001,rebalance
2024-07-23,AAPL,448,222.27367524787843,2.24,rebalance
2024-07-23,NVDA,814,122.45319433086732,4.07,rebalance
2024-07-23,AMZN,541,184.11841610412597,2.705,rebalance
2024-07-24,GLD,-9,223.44765422058106,1.0,rebalance
2024-07-24,MSFT,1,432.86362375336387,1.0,rebalance
2024-07-24,NVDA,20,118.8528133809434,1.0,rebalance
2024-07-25,MSFT,-229,421.3299860692865,1.145,rebalance
2024-07-25,AAPL,-448,216.84112084953955,2.24,rebalance
2024-07-25,NVDA,-834,112.71658616980928,4.17,rebalance
2024-07-25,AMZN,-541,182.89171266174316,2.705,rebalance
2024-07-25,GLD,505,219.04190627288818,2.525,rebalance
2024-07-26,GLD,-2,219.9380107131958,1.0,rebalance
2024-07-29,GLD,-508,221.23786850738526,2.54,rebalance
2024-07-29,MSFT,229,424.1463544765268,1.145,rebalance
2024-07-29,AAPL,453,214.93288459234992,2.265,rebalance
2024-07-29,NVDA,860,113.38740526738916,4.3,rebalance
2024-07-29,AMZN,530,183.8583803375244,2.65,rebalance
2024-07-30,AAPL,-4,217.09862890551156,1.0,rebalance
2024-07-30,GLD,-2,221.38786266174316,1.0,rebalance
2024-07-30,AMZN,-3,184.70152922058105,1.0,rebalance
2024-07-30,MSFT,2,420.3528653720006,1.0,rebalance
2024-07-30,NVDA,15,111.22316052233005,1.0,rebalance
2024-07-31,MSFT,-231,413.17457850929344,1.155,rebalance
2024-07-31,AAPL,-449,219.32717149016284,2.245,rebalance
2024-07-31,NVDA,-875,112.576976791823,4.375,rebalance
2024-07-31,AMZN,-527,185.03149805145264,2.6350000000000002,rebalance
2024-07-31,GLD,493,223.75236872711181,2.465,rebalance
2024-08-01,GLD,-503,226.71733149261476,2.515,rebalance
2024-08-01,MSFT,237,413.54217767374075,1.185,rebalance
2024-08-01,AAPL,442,222.27362757463314,2.21,rebalance
2024-08-01,NVDA,838,117.2171696012249,4.19,rebalance
2024-08-01,AMZN,519,189.30892228546142,2.595,rebalance
2024-08-02,MSFT,-237,405.3041777680457,1.185,rebalance
2024-08-02,AAPL,-442,217.05898595956364,2.21,rebalance
2024-08-02,NVDA,-838,103.46312115102258,4.19,rebalance
2024-08-02,AMZN,-519,166.733325,2.595,rebalance
2024-08-02,GLD,435,227.972791947937,2.1750000000000003,rebalance
2024-08-05,GLD,22,220.5820535583496,1.0,rebalance
2024-08-06,GLD,-841,221.47785,4.205,rebalance
2024-08-06,MSFT,286,393.11030986328524,1.43,rebalance
2024-08-06,AAPL,554,203.38182156327645,2.77,rebalance
2024-08-06,NVDA,1089,103.56360391872227,5.445,rebalance
2024-08-06,AMZN,697,161.72617771453858,3.485,rebalance
2024-08-07,AMZN,-6,166.53334805145263,1.0,rebalance
2024-08-07,NVDA,-20,107.5015539909267,1.0,rebalance
2024-08-07,AAPL,6,204.96685925041868,1.0,rebalance
2024-08-07,GLD,5,221.96219644165038,1.0,rebalance
2024-08-08,AAPL,-20,211.0766191341157,1.0,rebalance
2024-08-08,GLD,-3,222.7077227279663,1.0,rebalance
2024-08-08,AMZN,-1,165.1534811691284,1.0,rebalance
2024-08-08,MSFT,2,395.5082939963984,1.0,rebalance
2024-08-08,NVDA,51,101.72850959245355,1.0,rebalance
2024-08-09,MSFT,-288,396.99147265558486,1.44,rebalance
2024-08-09,AAPL,-540,210.07626356010775,2.7,rebalance
2024-08-09,NVDA,-1120,105.33775371063305,5.6000000000000005,rebalance
2024-08-09,AMZN,-690,166.38335389709474,3.45,rebalance
2024-08-09,GLD,841,224.84248932495117,4.205,rebalance
2024-08-12,GLD,-483,226.11738538970948,2.415,rebalance
2024-08-12,MSFT,237,400.0486707112841,1.185,rebalance
2024-08-12,AAPL,443,214.2989661553156,2.215,rebalance
2024-08-12,NVDA,895,106.03700983970273,4.4750000000000005,rebalance
2024-08-12,AMZN,564,168.1568133895874,2.82,rebalance
2024-08-13,NVDA,-36,112.1182974408855,1.0,rebalance
2024-08-13,MSFT,2,402.5351196503479,1.0,rebalance
2024-08-13,GLD,3,228.09281432495118,1.0,rebalance
2024-08-13,AMZN,9,167.82677855834962,1.0,rebalance
2024-08-14,AMZN,-5,172.09278961029054,1.0,rebalance
2024-08-14,NVDA,-33,118.19087848685668,1.0,rebalance
2024-08-14,AAPL,3,218.76209641177442,1.0,rebalance
2024-08-14,GLD,15,226.572658052063,1.0,rebalance
2024-08-15,GLD,-489,226.48734350738525,2.445,rebalance
2024-08-15,MSFT,41,413.312896782134,1.0,rebalance
2024-08-15,AAPL,263,222.75901743456868,1.315,rebalance
2024-08-15,AMZN,95,174.8774866104126,1.0,rebalance
2024-08-15,NVDA,153,118.44390310560476,1.0,rebalance
2024-08-16,GLD,-2,229.96700649261476,1.0,rebalance
2024-08-16,AMZN,-2,177.0222892868042,1.0,rebalance
2024-08-16,NVDA,-17,121.59112268472265,1.0,rebalance
2024-08-16,MSFT,2,414.10053621218924,1.0,rebalance
2024-08-16,AAPL,8,222.08459992982662,1.0,rebalance
2024-08-19,NVDA,-13,123.92442187357312,1.0,rebalance
2024-08-19,MSFT,3,412.4857834325054,1.0,rebalance
2024-08-20,NVDA,-22,128.0326344440342,1.0,rebalance
2024-08-20,AAPL,5,223.9194586691104,1.0,rebalance
2024-08-20,AMZN,5,177.9377901687622,1.0,rebalance
2024-08-21,MSFT,-43,417.44322432661954,1.0,rebalance
2024-08-21,AAPL,-273,224.6183707762504,1.365,rebalance
2024-08-21,AMZN,-105,179.9020061691284,1.0,rebalance
2024-08-21,NVDA,-133,126.9557030791065,1.0,rebalance
2024-08-21,GLD,498,231.7131714416504,2.49,rebalance
2024-08-22,AMZN,-2,181.36186688232422,1.0,rebalance
2024-08-22,NVDA,-13,129.64799876871743,1.0,rebalance
2024-08-22,GLD,8,230.37304110412597,1.0,rebalance
2024-08-23,AAPL,-2,223.76559317691633,1.0,rebalance
2024-08-23,GLD,-10,231.0168892868042,1.0,rebalance
2024-08-23,MSFT,1,410.5364467907346,1.0,rebalance
2024-08-23,AMZN,4,177.3577303375244,1.0,rebalance
2024-08-23,NVDA,15,125.52500548916662,1.0,rebalance
2024-08-26,GLD,-3,233.42665194854737,1.0,rebalance
2024-08-26,NVDA,-16,129.19929314888677,1.0,rebalance
2024-08-26,MSFT,2,409.9358989995616,1.0,rebalance
2024-08-26,AAPL,1,224.90133829555128,1.0,rebalance
2024-08-26,AMZN,7,176.717666947937,1.0,rebalance
2024-08-27,AAPL,-3,224.1027499718218,1.0,rebalance
2024-08-27,GLD,-3,231.6668334411621,1.0,rebalance
2024-08-27,AMZN,1,174.16740889587402,1.0,rebalance
2024-08-27,NVDA,18,124.71716184070762,1.0,rebalance
2024-08-28,GLD,-490,231.9768,2.45,rebalance
2024-08-28,MSFT,44,408.4689737195519,1.0,rebalance
2024-08-28,AAPL,267,226.05183196882763,1.335,rebalance
2024-08-28,AMZN,108,173.7073714416504,1.0,rebalance
2024-08-28,NVDA,125,127.77899334406968,1.0,rebalance
2024-08-29,MSFT,-45,408.4462896674563,1.0,rebalance
2024-08-29,AAPL,-276,228.16830412579017,1.3800000000000001,rebalance
2024-08-29,AMZN,-105,173.20267922058105,1.0,rebalance
2024-08-29,NVDA,-101,121.01276504642647,1.0,rebalance
2024-08-29,GLD,487,231.973191947937,2.435,rebalance
2024-08-30,MSFT,-1,409.0960113708419,1.0,rebalance
2024-08-30,AAPL,-1,228.25756790173074,1.0,rebalance
2024-08-30,GLD,-2,232.50674577941894,1.0,rebalance
2024-08-30,NVDA,-267,119.18801662193724,1.335,rebalance
2024-09-03,MSFT,-2,411.3698337692429,1.0,rebalance
2024-09-03,AMZN,-16,177.53224805145263,1.0,rebalance
2024-09-03,AAPL,1,226.67668147853615,1.0,rebalance
2024-09-03,GLD,4,230.40304288330077,1.0,rebalance
2024-09-03,NVDA,301,115.70121911322957,1.5050000000000001,rebalance
2024-09-04,GLD,-17,229.7670142868042,1.0,rebalance
2024-09-04,AMZN,-5,174.46254772796632,1.0,rebalance
2024-09-04,NVDA,-550,105.1084192704374,2.75,rebalance
2024-09-04,AAPL,2,219.84314341491512,1.0,rebalance
2024-09-05,MSFT,-241,401.2408591327324,1.205,rebalance
2024-09-05,AAPL,-438,219.76941426440388,2.19,rebalance
2024-09-05,NVDA,-306,104.68962211098403,1.53,rebalance
2024-09-05,AMZN,-553,174.98250000000002,2.765,rebalance
2024-09-05,GLD,469,232.7432732208252,2.345,rebalance
2024-09-06,GLD,-473,231.80681883087158,2.365,rebalance
2024-09-06,MSFT,239,402.73883092337843,1.195,rebalance
2024-09-06,AAPL,434,222.1143617328188,2.17,rebalance
2024-09-06,NVDA,896,107.75242956869369,4.48,rebalance
2024-09-06,AMZN,545,177.25772949371338,2.725,rebalance
2024-09-09,GLD,-360,231.23686850738525,1.8,rebalance
2024-09-09,MSFT,50,400.9469643369522,1.0,rebalance
2024-09-09,AAPL,95,219.01002638628466,1.0,rebalance
2024-09-09,AMZN,119,174.5474517791748,1.0,rebalance
2024-09-09,NVDA,213,104.60084058215995,1.065,rebalance
2024-09-10,MSFT,-49,401.8117895449549,1.0,rebalance
2024-09-10,AAPL,-85,217.0821710347496,1.0,rebalance
2024-09-10,AMZN,-121,177.47225649261475,1.0,rebalance
2024-09-10,NVDA,-212,107.50153184040965,1.06,rebalance
2024-09-10,GLD,355,232.4132383895874,1.7750000000000001,rebalance
2024-09-11,MSFT,-2,408.9975562441283,1.0,rebalance
2024-09-11,AAPL,-1,219.6008467107841,1.0,rebalance
2024-09-11,AMZN,-3,180.08199610290526,1.0,rebalance
2024-09-11,NVDA,-6,109.07702580877799,1.0,rebalance
2024-09-11,GLD,8,231.74317322082518,1.0,rebalance
2024-09-12,AMZN,-2,184.78152305145264,1.0,rebalance
2024-09-12,NVDA,-39,116.5156662823147,1.0,rebalance
2024-09-12,AAPL,6,220.67626758050216,1.0,rebalance
2024-09-12,GLD,7,234.65346788330078,1.0,rebalance
2024-09-13,GLD,-2,238.10619188232423,1.0,rebalance
2024-09-13,AMZN,-1,186.9813,1.0,rebalance
2024-09-13,NVDA,-7,118.74946125285786,1.0,rebalance
2024-09-13,MSFT,1,419.24970359472417,1.0,rebalance
2024-09-13,AAPL,3,221.74742029997782,1.0,rebalance
2024-09-16,MSFT,-3,423.86117686380254,1.0,rebalance
2024-09-16,GLD,-7,238.70612272796632,1.0,rebalance
2024-09-16,AAPL,11,214.76510229134138,1.0,rebalance
2024-09-16,NVDA,10,116.48912189750645,1.0,rebalance
2024-09-17,GLD,-475,238.0561938308716,2.375,rebalance
2024-09-17,MSFT,36,433.4271975911326,1.0,rebalance
2024-09-17,AAPL,289,213.98159212732784,1.445,rebalance
2024-09-17,AMZN,94,186.868691104126,1.0,rebalance
2024-09-17,NVDA,146,117.86555312507694,1.0,rebalance
2024-09-18,MSFT,-39,428.19237059210803,1.0,rebalance
2024-09-18,AAPL,-289,215.72368197617732,1.445,rebalance
2024-09-18,AMZN,-95,186.43135194854736,1.0,rebalance
2024-09-18,NVDA,-137,115.56831491230793,1.0,rebalance
2024-09-18,GLD,476,238.2138214416504,2.38,rebalance
2024-09-19,AAPL,-10,223.1012294883593,1.0,rebalance
2024-09-19,AMZN,-4,190.0209892868042,1.0,rebalance
2024-09-19,GLD,9,238.2638294937134,1.0,rebalance
2024-09-20,AAPL,-7,228.0393991335177,1.0,rebalance
2024-09-20,GLD,-4,241.08588961029054,1.0,rebalance
2024-09-20,MSFT,2,430.4636749614346,1.0,rebalance
2024-09-20,AMZN,1,190.2490187271118,1.0,rebalance
2024-09-20,NVDA,5,116.75841849347617,1.0,rebalance
2024-09-23,GLD,-5,242.94570422058106,1.0,rebalance
2024-09-23,AMZN,-3,191.62083538970947,1.0,rebalance
2024-09-23,MSFT,2,427.5690777652154,1.0,rebalance
2024-09-23,AAPL,4,225.47658607706413,1.0,rebalance
2024-09-23,NVDA,4,116.24972407307506,1.0,rebalance
2024-09-24,GLD,-477,243.36566038970946,2.3850000000000002,rebalance
2024-09-24,MSFT,44,426.3089322231682,1.0,rebalance
2024-09-24,AAPL,271,226.77583539313636,1.355,rebalance
2024-09-24,AMZN,87,194.28943127288818,1.0,rebalance
2024-09-24,NVDA,159,116.21980989909139,1.0,rebalance
2024-09-25,GLD,-2,246.1653834411621,1.0,rebalance
2024-09-25,NVDA,-42,121.68130155302008,1.0,rebalance
2024-09-25,MSFT,3,423.18784860139044,1.0,rebalance
2024-09-25,AAPL,15,223.08631542175445,1.0,rebalance
2024-09-25,AMZN,4,193.769375,1.0,rebalance
2024-09-26,NVDA,-25,126.448023530083,1.0,rebalance
2024-09-26,AAPL,2,225.4369031491734,1.0,rebalance
2024-09-26,GLD,2,246.4646464416504,1.0,rebalance
2024-09-26,AMZN,6,194.3294285583496,1.0,rebalance
2024-09-27,AAPL,-9,226.54206714058822,1.0,rebalance
2024-09-27,GLD,-1,246.2853665588379,1.0,rebalance
2024-09-27,AMZN,7,190.69906067504883,1.0,rebalance
2024-09-27,NVDA,13,123.65061266908585,1.0,rebalance
2024-09-30,MSFT,-43,421.5086270490875,1.0,rebalance
2024-09-30,AAPL,-284,228.10881339613002,1.42,rebalance
2024-09-30,AMZN,-92,187.12128538970947,1.0,rebalance
2024-09-30,NVDA,-118,117.98160006747388,1.0,rebalance
2024-09-30,GLD,473,243.9943982208252,2.365,rebalance
2024-10-01,NVDA,-21,121.43198455985008,1.0,rebalance
2024-10-01,AAPL,2,227.63871996515581,1.0,rebalance
2024-10-01,AMZN,8,184.91848389587403,1.0,rebalance
2024-10-02,GLD,-9,245.58543961029054,1.0,rebalance
2024-10-02,AMZN,-4,184.42155844116212,1.0,rebalance
2024-10-02,AAPL,2,224.03846709729177,1.0,rebalance
2024-10-02,NVDA,27,116.14001794205714,1.0,rebalance
2024-10-03,NVDA,-30,120.58435266124779,1.0,rebalance
2024-10-03,MSFT,4,411.1764148305786,1.0,rebalance
2024-10-03,AAPL,2,223.29460729951492,1.0,rebalance
2024-10-03,GLD,2,244.7444732208252,1.0,rebalance
2024-10-03,AMZN,4,183.06830805206297,1.0,rebalance
2024-10-04,AMZN,-1,185.731425,1.0,rebalance
2024-10-04,NVDA,-19,124.59319879267383,1.0,rebalance
2024-10-04,MSFT,2,411.7769862059494,1.0,rebalance
2024-10-04,GLD,7,245.0245,1.0,rebalance
2024-10-07,GLD,-2,244.55554383087158,1.0,rebalance
2024-10-07,NVDA,-5,124.64304131505776,1.0,rebalance
2024-10-07,AAPL,3,222.65987196407298,1.0,rebalance
2024-10-07,AMZN,4,182.96829194793702,1.0,rebalance
2024-10-08,MSFT,-247,404.469543766804,1.235,rebalance
2024-10-08,AAPL,-454,222.416998722878,2.27,rebalance
2024-10-08,NVDA,-812,129.8984051179612,4.0600000000000005,rebalance
2024-10-08,AMZN,-553,181.9018061691284,2.765,rebalance
2024-10-08,GLD,479,243.81437228546142,2.395,rebalance
2024-10-09,GLD,7,241.18411966247558,1.0,rebalance
2024-10-10,GLD,-479,241.7458272720337,2.395,rebalance
2024-10-10,MSFT,247,408.81351641316917,1.235,rebalance
2024-10-10,AAPL,447,225.91297029060019,2.235,rebalance
2024-10-10,NVDA,768,131.57015645410885,3.84,rebalance
2024-10-10,AMZN,540,187.14871788330078,2.7,rebalance
2024-10-11,GLD,-3,244.47555,1.0,rebalance
2024-10-11,NVDA,-6,133.63801044811493,1.0,rebalance
2024-10-11,MSFT,1,409.709476414597,1.0,rebalance
2024-10-11,AMZN,5,186.6486678833008,1.0,rebalance
2024-10-14,AMZN,-5,189.76102077941894,1.0,rebalance
2024-10-14,NVDA,-9,136.09118096890958,1.0,rebalance
2024-10-14,AAPL,4,226.8254382523253,1.0,rebalance
2024-10-14,GLD,1,245.1845196624756,1.0,rebalance
2024-10-15,AAPL,-6,231.64885252113933,1.0,rebalance
2024-10-15,NVDA,-4,137.48730911959055,1.0,rebalance
2024-10-15,GLD,4,245.0145044937134,1.0,rebalance
2024-10-15,AMZN,8,187.6487678833008,1.0,rebalance
2024-10-16,GLD,-11,247.59523311767578,1.0,rebalance
2024-10-16,AMZN,-1,187.03129805145264,1.0,rebalance
2024-10-16,MSFT,2,408.75443634499646,1.0,rebalance
2024-10-16,NVDA,16,133.63483953400305,1.0,rebalance
2024-10-17,MSFT,-1,415.7501983419156,1.0,rebalance
2024-10-17,NVDA,-20,138.95322589704045,1.0,rebalance
2024-10-17,AAPL,1,231.51665059339996,1.0,rebalance
2024-10-17,GLD,7,247.774775,1.0,rebalance
2024-10-17,AMZN,2,188.2388232208252,1.0,rebalance
2024-10-18,AAPL,-4,234.1972883116753,1.0,rebalance
2024-10-18,GLD,-5,249.975,1.0,rebalance
2024-10-18,MSFT,2,410.6940428521565,1.0,rebalance
2024-10-18,AMZN,3,187.16870889587403,1.0,rebalance
2024-10-18,NVDA,3,138.31274190684726,1.0,rebalance
2024-10-21,GLD,-7,252.71473149261476,1.0,rebalance
2024-10-21,MSFT,2,409.6897229410496,1.0,rebalance
2024-10-21,AAPL,3,232.5282656765129,1.0,rebalance
2024-10-21,NVDA,4,137.77414571608958,1.0,rebalance
2024-10-22,NVDA,-20,142.51330855365913,1.0,rebalance
2024-10-22,AAPL,4,231.9728722018228,1.0,rebalance
2024-10-22,GLD,3,253.0853035583496,1.0,rebalance
2024-10-22,AMZN,1,188.36884110412598,1.0,rebalance
2024-10-23,MSFT,-6,424.11713010982845,1.0,rebalance
2024-10-23,AAPL,2,232.16135187129896,1.0,rebalance
2024-10-23,GLD,3,253.1053098312378,1.0,rebalance
2024-10-23,AMZN,1,188.86889110412596,1.0,rebalance
2024-10-23,NVDA,7,141.66407972168003,1.0,rebalance
2024-10-24,GLD,-6,253.2446772720337,1.0,rebalance
2024-10-24,AAPL,4,228.09493206255564,1.0,rebalance
2024-10-24,AMZN,6,185.268525,1.0,rebalance
2024-10-25,AMZN,-6,187.8312211029053,1.0,rebalance
2024-10-25,AAPL,1,227.85691931199239,1.0,rebalance
2024-10-25,GLD,4,252.02519999999998,1.0,rebalance
2024-10-28,AAPL,-2,231.36126840640551,1.0,rebalance
2024-10-28,NVDA,-3,142.60306409413323,1.0,rebalance
2024-10-28,GLD,3,253.03529550628662,1.0,rebalance
2024-10-29,AAPL,-1,231.14312622800037,1.0,rebalance
2024-10-29,GLD,-5,254.46455649261475,1.0,rebalance
2024-10-29,MSFT,1,421.3861552106953,1.0,rebalance
2024-10-29,NVDA,11,139.92856303749497,1.0,rebalance
2024-10-30,MSFT,-2,430.59417179607044,1.0,rebalance
2024-10-30,AMZN,-11,194.68052694854737,1.0,rebalance
2024-10-30,AAPL,4,230.70340245142324,1.0,rebalance
2024-10-30,NVDA,11,139.18046515198728,1.0,rebalance
2024-10-31,GLD,-8,255.4944522720337,1.0,rebalance
2024-10-31,NVDA,-2,137.21806049919704,1.0,rebalance
2024-10-31,MSFT,7,408.9414835284312,1.0,rebalance
2024-10-31,AMZN,1,190.52904550628662,1.0,rebalance
2024-11-01,GLD,-1,254.30456883087157,1.0,rebalance
2024-11-01,AMZN,-25,198.9801,1.0,rebalance
2024-11-01,MSFT,3,402.6896797216209,1.0,rebalance
2024-11-01,AAPL,13,219.15878097098863,1.0,rebalance
2024-11-01,NVDA,11,134.352953731998,1.0,rebalance
2024-11-04,NVDA,-13,136.8291435124874,1.0,rebalance
2024-11-04,GLD,2,253.34533932495117,1.0,rebalance
2024-11-04,AMZN,6,196.46964194793702,1.0,rebalance
2024-11-05,NVDA,-1,137.06848189134797,1.0,rebalance
2024-11-05,AMZN,1,196.05959728546142,1.0,rebalance
2024-11-06,MSFT,-1,405.96575804453687,1.0,rebalance
2024-11-06,AAPL,-1,220.74119583518782,1.0,rebalance
2024-11-06,AMZN,-8,199.98999350738526,1.0,rebalance
2024-11-06,NVDA,-26,142.5631768640667,1.0,rebalance
2024-11-06,GLD,24,245.66456338958739,1.0,rebalance
2024-11-07,MSFT,-1,414.6870664877561,1.0,rebalance
2024-11-07,AMZN,-10,207.4192584411621,1.0,rebalance
2024-11-07,NVDA,-5,145.98364090266062,1.0,rebalance
2024-11-07,AAPL,3,222.78882391694316,1.0,rebalance
2024-11-07,GLD,5,248.31482228546142,1.0,rebalance
2024-11-08,AAPL,-1,225.51075430150323,1.0,rebalance
2024-11-08,AMZN,-1,209.69902922058105,1.0,rebalance
2024-11-08,NVDA,-6,148.35706645547478,1.0,rebalance
2024-11-08,GLD,4,249.09491432495116,1.0,rebalance
2024-11-11,MSFT,-1,415.90764757580524,1.0,rebalance
2024-11-11,AMZN,-2,208.47915,1.0,rebalance
2024-11-11,NVDA,-7,148.267310468611,1.0,rebalance
2024-11-11,GLD,11,242.75426872711182,1.0,rebalance
2024-11-12,AAPL,-2,222.90987996506817,1.0,rebalance
2024-11-12,AMZN,-3,208.34915811767578,1.0,rebalance
2024-11-12,NVDA,5,146.4018279280732,1.0,rebalance
2024-11-13,GLD,-493,241.28586655883788,2.465,rebalance
2024-11-13,MSFT,45,415.12448915642034,1.0,rebalance
2024-11-13,AAPL,289,222.41829840472857,1.445,rebalance
2024-11-13,AMZN,88,209.42093389587401,1.0,rebalance
2024-11-13,NVDA,118,148.68597872248986,1.0,rebalance
2024-11-14,MSFT,-46,418.3488507573669,1.0,rebalance
2024-11-14,AAPL,-286,223.3764477743594,1.43,rebalance
2024-11-14,AMZN,-98,214.13858766174317,1.0,rebalance
2024-11-14,NVDA,-116,147.23018928651175,1.0,rebalance
2024-11-14,GLD,514,236.59366432495116,2.57,rebalance
2024-11-15,GLD,-511,237.54625032348633,2.555,rebalance
2024-11-15,MSFT,45,413.332582602961,1.0,rebalance
2024-11-15,AAPL,274,224.79132097677748,1.37,rebalance
2024-11-15,AMZN,103,206.7806705062866,1.0,rebalance
2024-11-15,NVDA,135,144.4967501824872,1.0,rebalance
2024-11-18,AAPL,-4,223.60475707821232,1.0,rebalance
2024-11-18,GLD,-6,240.4359607131958,1.0,rebalance
2024-11-18,NVDA,23,139.14060629703522,1.0,rebalance
2024-11-19,AAPL,-5,225.32212835459106,1.0,rebalance
2024-11-19,GLD,-3,242.725725,1.0,rebalance
2024-11-19,NVDA,-10,140.9277375769618,1.0,rebalance
2024-11-19,MSFT,2,406.7262421345985,1.0,rebalance
2024-11-19,AMZN,15,199.3499348312378,1.0,rebalance
2024-11-20,AMZN,-1,202.9596977279663,1.0,rebalance
2024-11-20,NVDA,-24,147.00083851601931,1.0,rebalance
2024-11-20,MSFT,1,410.4281777447196,1.0,rebalance
2024-11-20,AAPL,6,226.43952464178804,1.0,rebalance
2024-11-20,GLD,2,243.76437949371336,1.0,rebalance
2024-11-21,NVDA,-6,148.93542176593996,1.0,rebalance
2024-11-21,AAPL,2,227.25369565270546,1.0,rebalance
2024-11-21,AMZN,1,203.51035449371338,1.0,rebalance
2024-11-22,MSFT,-43,405.7426990520263,1.0,rebalance
2024-11-22,AAPL,-285,226.39423802373923,1.425,rebalance
2024-11-22,AMZN,-85,198.230175,1.0,rebalance
2024-11-22,NVDA,-119,145.5249204435759,1.0,rebalance
2024-11-22,GLD,473,248.224816947937,2.365,rebalance
2024-11-25,GLD,-475,244.2455772720337,2.375,rebalance
2024-11-25,MSFT,39,412.7393428645747,1.0,rebalance
2024-11-25,AAPL,265,229.8153796437644,1.325,rebalance
2024-11-25,AMZN,88,199.2999267791748,1.0,rebalance
2024-11-25,NVDA,148,141.62419197008703,1.0,rebalance
2024-11-26,AAPL,-6,231.6257586005239,1.0,rebalance
2024-11-26,AMZN,-8,201.87980389709472,1.0,rebalance
2024-11-26,NVDA,26,137.34523345491453,1.0,rebalance
2024-11-27,MSFT,-3,419.29472312827016,1.0,rebalance
2024-11-27,AMZN,-11,206.95929772796632,1.0,rebalance
2024-11-27,NVDA,23,134.66215987522764,1.0,rebalance
2024-11-29,NVDA,-12,136.40031149192785,1.0,rebalance
2024-11-29,MSFT,3,414.42625616830867,1.0,rebalance
2024-11-29,AMZN,2,205.8505848312378,1.0,rebalance
2024-12-02,AAPL,-1,235.53699721235404,1.0,rebalance
2024-12-02,AMZN,-5,209.9390107131958,1.0,rebalance
2024-12-02,NVDA,-4,138.44463383395626,1.0,rebalance
2024-12-02,MSFT,2,415.88635926822934,1.0,rebalance
2024-12-02,GLD,2,244.48445271453858,1.0,rebalance
2024-12-03,MSFT,-3,423.9599872208743,1.0,rebalance
2024-12-03,AAPL,-3,238.058420788841,1.0,rebalance
2024-12-03,GLD,1,244.98450271453856,1.0,rebalance
2024-12-03,AMZN,1,210.3310285583496,1.0,rebalance
2024-12-03,NVDA,8,137.90378477110264,1.0,rebalance
2024-12-04,AMZN,-6,215.9384107131958,1.0,rebalance
2024-12-04,NVDA,-10,141.60584347680455,1.0,rebalance
2024-12-04,MSFT,1,427.19178222092313,1.0,rebalance
2024-12-04,GLD,4,244.95448567504883,1.0,rebalance
2024-12-05,NVDA,-12,144.71717746622863,1.0,rebalance
2024-12-05,AAPL,3,242.2563465261296,1.0,rebalance
2024-12-05,GLD,3,244.1844196624756,1.0,rebalance
2024-12-06,MSFT,-2,436.2496193933921,1.0,rebalance
2024-12-06,AMZN,-6,220.727925,1.0,rebalance
2024-12-06,AAPL,5,241.18399672972086,1.0,rebalance
2024-12-06,GLD,2,242.8142722854614,1.0,rebalance
2024-12-06,NVDA,4,144.23741296033683,1.0,rebalance
2024-12-09,MSFT,-1,436.5454813103959,1.0,rebalance
2024-12-09,GLD,-3,246.25537077941894,1.0,rebalance
2024-12-09,AMZN,-18,227.1872857131958,1.0,rebalance
2024-12-09,AAPL,2,240.11170189435884,1.0,rebalance
2024-12-09,NVDA,35,138.62152158695525,1.0,rebalance
2024-12-10,AAPL,-10,245.0867027680444,1.0,rebalance
2024-12-10,AMZN,5,226.1126053375244,1.0,rebalance
2024-12-10,NVDA,5,138.6614135409288,1.0,rebalance
2024-12-11,AAPL,-3,246.14888888516296,1.0,rebalance
2024-12-11,GLD,-2,249.32507110290527,1.0,rebalance
2024-12-11,NVDA,10,137.01554972392296,1.0,rebalance
2024-12-12,MSFT,-2,442.966418600886,1.0,rebalance
2024-12-12,AMZN,-6,229.80701883087158,1.0,rebalance
2024-12-12,AAPL,4,245.13573585644667,1.0,rebalance
2024-12-12,GLD,1,247.8347785583496,1.0,rebalance
2024-12-12,NVDA,5,136.73625872432345,1.0,rebalance
2024-12-13,AAPL,-1,246.00991760679963,1.0,rebalance
2024-12-13,NVDA,-10,138.56387957277886,1.0,rebalance
2024-12-13,GLD,3,245.6945651687622,1.0,rebalance
2024-12-13,AMZN,3,228.42283389587402,1.0,rebalance
2024-12-16,AAPL,-4,246.17867432018315,1.0,rebalance
2024-12-16,AMZN,-7,230.2069727279663,1.0,rebalance
2024-12-16,NVDA,-292,133.81674829628645,1.46,rebalance
2024-12-17,MSFT,-46,444.8404387929708,1.0,rebalance
2024-12-17,AAPL,-272,248.2534217844916,1.36,rebalance
2024-12-17,AMZN,-88,232.36676038970947,1.0,rebalance
2024-12-17,AVGO,-1752,236.53020040394142,8.76,rebalance
2024-12-17,GLD,511,243.82438305206298,2.555,rebalance
2024-12-17,NVDA,206,128.7662802491184,1.03,rebalance
2024-12-18,NVDA,-22,133.4976381032119,1.0,rebalance
2024-12-18,AVGO,-24,235.31141496462428,1.0,rebalance
2024-12-18,MSFT,1,445.23522085848924,1.0,rebalance
2024-12-18,GLD,7,243.59436432495116,1.0,rebalance
2024-12-18,AMZN,6,230.79308127288817,1.0,rebalance
2024-12-19,MSFT,-246,435.57888592965026,1.23,rebalance
2024-12-19,AAPL,-439,245.6922748399275,2.195,rebalance
2024-12-19,NVDA,-823,131.40330815699474,4.115,rebalance
2024-12-19,AMZN,-475,224.88751266174316,2.375,rebalance
2024-12-19,AVGO,-112,224.00827121593133,1.0,rebalance
2024-12-19,GLD,551,239.6939651687622,2.755,rebalance
2024-12-20,AVGO,-109,216.58751056432513,1.0,rebalance
2024-12-20,GLD,21,241.43414466247557,1.0,rebalance
2024-12-23,GLD,-1080,241.57584610290527,5.4,rebalance
2024-12-23,MSFT,305,430.85179459324854,1.5250000000000001,rebalance
2024-12-23,AAPL,708,252.95974298898324,3.54,rebalance
2024-12-23,AMZN,584,225.0324955062866,2.92,rebalance
2024-12-23,NVDA,966,135.9382638455115,4.83,rebalance
2024-12-23,AVGO,95,223.45085233366862,1.0,rebalance
2024-12-24,MSFT,-7,428.7042161408369,1.0,rebalance
2024-12-24,AAPL,-22,253.62387521446527,1.0,rebalance
2024-12-24,GLD,-7,241.46585649261476,1.0,rebalance
2024-12-24,AMZN,-21,226.9173084411621,1.0,rebalance
2024-12-24,NVDA,-52,139.6210095337505,1.0,rebalance
2024-12-24,AVGO,1902,236.68896691236608,9.51,rebalance
2024-12-26,MSFT,-1,433.07361133727596,1.0,rebalance
2024-12-26,AAPL,-3,256.3041993235196,1.0,rebalance
2024-12-26,AMZN,-1,228.47715,1.0,rebalance
2024-12-26,NVDA,6,139.34969254251783,1.0,rebalance
2024-12-27,AAPL,-4,255.946789589702,1.0,rebalance
2024-12-27,AMZN,2,225.62256610412598,1.0,rebalance
2024-12-27,NVDA,2,138.2025677510875,1.0,rebalance
2024-12-30,GLD,-5,241.05589383087158,1.0,rebalance
2024-12-30,AAPL,2,250.43778900897752,1.0,rebalance
2024-12-30,AMZN,4,220.0820035583496,1.0,rebalance
2024-12-30,NVDA,7,134.49191031614018,1.0,rebalance
2024-12-31,AMZN,-3,222.94770422058104,1.0,rebalance
2024-12-31,NVDA,-14,137.6563524478016,1.0,rebalance
2024-12-31,MSFT,2,420.3552614971724,1.0,rebalance
2024-12-31,AAPL,4,250.64629645348614,1.0,rebalance
2024-12-31,GLD,1,241.074108052063,1.0,rebalance
2025-01-02,GLD,-4,244.19557922058107,1.0,rebalance
2025-01-02,AMZN,-1,222.00779577941896,1.0,rebalance
2025-01-02,AAPL,5,247.1612245092799,1.0,rebalance
2025-01-02,NVDA,7,135.65897635749278,1.0,rebalance
2025-01-03,GLD,-1,244.5355415588379,1.0,rebalance
2025-01-03,AMZN,-2,222.48774350738526,1.0,rebalance
2025-01-03,NVDA,-27,139.630965391404,1.0,rebalance
2025-01-03,MSFT,1,415.4029311648196,1.0,rebalance
2025-01-03,AAPL,15,241.63083486175537,1.0,rebalance
2025-01-06,NVDA,-36,148.1877635062126,1.0,rebalance
2025-01-06,MSFT,1,422.2296348289692,1.0,rebalance
2025-01-06,AAPL,10,242.5740718246735,1.0,rebalance
2025-01-06,GLD,6,242.3542348312378,1.0,rebalance
2025-01-07,GLD,-1,245.4954522720337,1.0,rebalance
2025-01-07,NVDA,-19,152.61572396529766,1.0,rebalance
2025-01-07,MSFT,1,423.2161932363792,1.0,rebalance
2025-01-07,AAPL,9,241.25353026520358,1.0,rebalance
2025-01-08,MSFT,-1,417.66729038345903,1.0,rebalance
2025-01-08,AAPL,-11,240.1529887742367,1.0,rebalance
2025-01-08,GLD,-5,245.69542922058105,1.0,rebalance
2025-01-08,NVDA,42,142.2224874495087,1.0,rebalance
2025-01-10,MSFT,-3,418.82128217191155,1.0,rebalance
2025-01-10,GLD,-4,247.98519350738525,1.0,rebalance
2025-01-10,NVDA,25,137.10532063213577,1.0,rebalance
2025-01-13,MSFT,-46,409.5597413939458,1.0,rebalance
2025-01-13,AAPL,-268,231.82430034670642,1.34,rebalance
2025-01-13,AMZN,-89,218.0381915588379,1.0,rebalance
2025-01-13,NVDA,-112,129.63810668881428,1.0,rebalance
2025-01-13,GLD,472,246.3646303375244,2.36,rebalance
2025-01-14,AAPL,-147,233.0353780361903,1.0,rebalance
2025-01-14,AMZN,-1,220.4179584411621,1.0,rebalance
2025-01-14,NVDA,-283,135.68171185481708,1.415,rebalance
2025-01-14,GLD,10,245.64455711669922,1.0,rebalance
2025-01-15,GLD,-5,248.1851857131958,1.0,rebalance
2025-01-15,AMZN,-3,222.80771883087158,1.0,rebalance
2025-01-15,AAPL,149,232.97277471567983,1.0,rebalance
2025-01-15,NVDA,270,133.3148524914617,1.35,rebalance
2025-01-16,GLD,-479,250.5349415588379,2.395,rebalance
2025-01-16,MSFT,43,422.92020287874465,1.0,rebalance
2025-01-16,AAPL,275,235.6635485843261,1.375,rebalance
2025-01-16,AMZN,87,224.4424401687622,1.0,rebalance
2025-01-16,NVDA,120,138.29235712726503,1.0,rebalance
2025-01-17,MSFT,-4,428.15192034668706,1.0,rebalance
2025-01-17,AMZN,-6,225.81741233825684,1.0,rebalance
2025-01-17,AAPL,12,230.47066978194206,1.0,rebalance
2025-01-17,NVDA,8,136.34724071803484,1.0,rebalance
2025-01-21,GLD,-3,251.92480194854735,1.0,rebalance
2025-01-21,AMZN,-9,228.87710389709474,1.0,rebalance
2025-01-21,NVDA,-18,138.78329064832985,1.0,rebalance
2025-01-21,AAPL,24,222.40839056501864,1.0,rebalance
2025-01-22,MSFT,-45,431.5744506226315,1.0,rebalance
2025-01-22,AAPL,-272,218.18465451390875,1.36,rebalance
2025-01-22,AMZN,-84,231.9968022720337,1.0,rebalance
2025-01-22,NVDA,-157,144.26842058232714,1.0,rebalance
2025-01-22,GLD,475,254.3154222854614,2.375,rebalance
2025-01-23,MSFT,-1,435.95371502765477,1.0,rebalance
2025-01-23,AAPL,-8,223.09849256634274,1.0,rebalance
2025-01-23,AMZN,-1,234.07659610290528,1.0,rebalance
2025-01-23,GLD,7,253.2153214416504,1.0,rebalance
2025-01-23,NVDA,1,144.686278021357,1.0,rebalance
2025-01-24,GLD,-1,255.9344107131958,1.0,rebalance
2025-01-24,NVDA,-10,147.96831624914446,1.0,rebalance
2025-01-24,AAPL,3,223.18284872637764,1.0,rebalance
2025-01-24,AMZN,1,234.52345,1.0,rebalance
2025-01-27,AAPL,-17,222.38377205976496,1.0,rebalance
2025-01-27,GLD,-24,253.83461461029054,1.0,rebalance
2025-01-27,AMZN,-1,226.1873857131958,1.0,rebalance
2025-01-27,MSFT,1,418.2934696164465,1.0,rebalance
2025-01-27,NVDA,101,124.48706209356865,1.0,rebalance
2025-01-28,GLD,-461,254.2045727279663,2.305,rebalance
2025-01-28,NVDA,-490,121.4802355609103,2.45,rebalance
2025-01-28,MSFT,40,428.74066029999614,1.0,rebalance
2025-01-28,AAPL,266,229.209713224931,1.33,rebalance
2025-01-28,AMZN,67,234.31342228546143,1.0,rebalance
2025-01-29,MSFT,-46,440.57952536102425,1.0,rebalance
2025-01-29,AAPL,-275,232.40998665758013,1.375,rebalance
2025-01-29,AMZN,-80,238.99610227203368,1.0,rebalance
2025-01-29,GLD,476,254.575458052063,2.38,rebalance
2025-01-29,NVDA,500,126.18278369643063,2.5,rebalance
2025-01-30,GLD,-478,257.17429220581056,2.39,rebalance
2025-01-30,MSFT,58,413.1240363198074,1.0,rebalance
2025-01-30,AAPL,255,236.97413533544147,1.2750000000000001,rebalance
2025-01-30,AMZN,77,237.1637133895874,1.0,rebalance
2025-01-30,NVDA,167,122.79131318052555,1.0,rebalance
2025-01-31,MSFT,-42,413.24857350822157,1.0,rebalance
2025-01-31,AAPL,-279,245.38450717291758,1.395,rebalance
2025-01-31,AMZN,-72,236.47635,1.0,rebalance
2025-01-31,NVDA,-147,123.44491520999506,1.0,rebalance
2025-01-31,GLD,466,259.1058945709228,2.33,rebalance
2025-02-03,GLD,-472,259.724025,2.36,rebalance
2025-02-03,NVDA,-857,114.43936618782723,4.285,rebalance
2025-02-03,MSFT,42,406.05074482381235,1.0,rebalance
2025-02-03,AAPL,293,228.3558428080455,1.465,rebalance
2025-02-03,AMZN,70,234.0834035583496,1.0,rebalance
2025-02-04,MSFT,-44,407.0446672127707,1.0,rebalance
2025-02-04,AAPL,-266,225.59017854642963,1.33,rebalance
2025-02-04,AMZN,-86,238.98609350738525,1.0,rebalance
2025-02-04,GLD,448,261.8561695709229,2.24,rebalance
2025-02-04,NVDA,884,116.66670672948132,4.42,rebalance
2025-02-05,NVDA,-26,121.43039978047544,1.0,rebalance
2025-02-05,MSFT,1,406.7906540814863,1.0,rebalance
2025-02-05,AMZN,7,237.0437062728882,1.0,rebalance
2025-02-06,GLD,-447,263.6336376617432,2.235,rebalance
2025-02-06,MSFT,48,408.41839909476215,1.0,rebalance
2025-02-06,AAPL,277,229.646593337413,1.385,rebalance
2025-02-06,AMZN,81,238.03379550628662,1.0,rebalance
2025-02-06,NVDA,116,127.10049701540419,1.0,rebalance
2025-02-07,MSFT,-1,410.78283297960354,1.0,rebalance
2025-02-07,AAPL,-2,230.9011070681851,1.0,rebalance
2025-02-07,GLD,-1,265.1934792205811,1.0,rebalance
2025-02-07,NVDA,-11,128.87018274523132,1.0,rebalance
2025-02-07,AMZN,13,232.52325,1.0,rebalance
2025-02-10,MSFT,-45,408.05068048418195,1.0,rebalance
2025-02-10,AAPL,-273,228.1438060876321,1.365,rebalance
2025-02-10,AMZN,-78,230.52694805145265,1.0,rebalance
2025-02-10,NVDA,-154,129.73784319645475,1.0,rebalance
2025-02-10,GLD,443,268.0268,2.215,rebalance
2025-02-11,AMZN,-2,231.8968061691284,1.0,rebalance
2025-02-11,NVDA,-15,132.2210843395024,1.0,rebalance
2025-02-11,MSFT,2,404.11716017958486,1.0,rebalance
2025-02-11,AAPL,2,226.8276397769882,1.0,rebalance
2025-02-11,GLD,2,267.72678220825196,1.0,rebalance
2025-02-12,AAPL,-6,229.763651431753,1.0,rebalance
2025-02-12,MSFT,1,401.7199586544952,1.0,rebalance
2025-02-12,NVDA,12,129.69397357068007,1.0,rebalance
2025-02-13,AAPL,-9,235.43818363424137,1.0,rebalance
2025-02-13,NVDA,-4,131.20386353612895,1.0,rebalance
2025-02-13,MSFT,2,401.5127232514147,1.0,rebalance
2025-02-13,AMZN,6,228.87289110412598,1.0,rebalance
2025-02-14,AAPL,-3,239.75121665272363,1.0,rebalance
2025-02-14,NVDA,-20,136.11054771800488,1.0,rebalance
2025-02-14,MSFT,2,402.292111277582,1.0,rebalance
2025-02-14,GLD,3,270.09701432495115,1.0,rebalance
2025-02-14,AMZN,5,229.22291694793702,1.0,rebalance
2025-02-18,GLD,-448,269.65302467651367,2.24,rebalance
2025-02-18,MSFT,49,402.4992861663087,1.0,rebalance
2025-02-18,AAPL,265,242.68170909044292,1.325,rebalance
2025-02-18,AMZN,87,228.84288932495116,1.0,rebalance
2025-02-18,NVDA,113,140.91576977981353,1.0,rebalance
2025-02-19,MSFT,-47,402.3004381893346,1.0,rebalance
2025-02-19,AAPL,-270,243.14005320183637,1.35,rebalance
2025-02-19,AMZN,-78,225.49745227203368,1.0,rebalance
2025-02-19,NVDA,-128,139.13232797612457,1.0,rebalance
2025-02-19,GLD,448,270.7070606750488,2.24,rebalance
2025-02-20,MSFT,-5,410.4303996746986,1.0,rebalance
2025-02-20,NVDA,-1,139.65094545907158,1.0,rebalance
2025-02-20,GLD,3,270.2570339874268,1.0,rebalance
2025-02-20,AMZN,2,224.8024767791748,1.0,rebalance
2025-02-21,MSFT,-1,412.4563923630072,1.0,rebalance
2025-02-21,AMZN,4,223.3023267791748,1.0,rebalance
2025-02-24,AAPL,-4,243.4083408153272,1.0,rebalance
2025-02-24,GLD,-9,271.4228672058106,1.0,rebalance
2025-02-24,AMZN,-154,217.42825194854737,1.0,rebalance
2025-02-24,MSFT,2,403.8104966680643,1.0,rebalance
2025-02-24,NVDA,11,136.21758435641323,1.0,rebalance
2025-02-25,AAPL,-10,246.45929006871089,1.0,rebalance
2025-02-25,GLD,-8,271.43284545593264,1.0,rebalance
2025-02-25,MSFT,2,396.4856997775745,1.0,rebalance
2025-02-25,AMZN,169,211.6511678833008,1.0,rebalance
2025-02-25,NVDA,30,129.65404768316182,1.0,rebalance
2025-02-26,MSFT,-49,393.35262696733133,1.0,rebalance
2025-02-26,GLD,-326,267.0532785736084,1.6300000000000001,rebalance
2025-02-26,NVDA,-157,129.63811861639664,1.0,rebalance
2025-02-26,AAPL,95,242.86065584406126,1.0,rebalance
2025-02-26,AMZN,94,214.96149644165038,1.0,rebalance
2025-02-27,AAPL,-80,237.92265716773994,1.0,rebalance
2025-02-27,AMZN,-108,218.3281711029053,1.0,rebalance
2025-02-27,MSFT,48,396.6537675917639,1.0,rebalance
2025-02-27,GLD,337,266.51663923339845,1.685,rebalance
2025-02-27,NVDA,126,134.66147540233072,1.0,rebalance
2025-02-28,MSFT,-263,388.0652019347938,1.315,rebalance
2025-02-28,AAPL,-440,235.47793138019958,2.2,rebalance
2025-02-28,NVDA,-776,117.70051665629886,3.88,rebalance
2025-02-28,AMZN,-480,208.62912889709472,2.4,rebalance
2025-02-28,GLD,425,262.5862535583496,2.125,rebalance
2025-03-03,GLD,-442,265.04350032348634,2.21,rebalance
2025-03-03,MSFT,256,394.2319698562973,1.28,rebalance
2025-03-03,AAPL,421,240.33593049327158,2.105,rebalance
2025-03-03,NVDA,822,123.20028770925026,4.11,rebalance
2025-03-03,AMZN,474,213.37134110412597,2.37,rebalance
2025-03-04,MSFT,-256,378.91357718047436,1.28,rebalance
2025-03-04,AAPL,-421,236.23322353087997,2.105,rebalance
2025-03-04,NVDA,-822,110.35046681726843,4.11,rebalance
2025-03-04,AMZN,-474,200.08998961029053,2.37,rebalance
2025-03-04,GLD,387,269.0369107666016,1.935,rebalance
2025-03-05,GLD,2,267.9967982208252,1.0,rebalance
2025-03-07,GLD,-731,269.0630873382568,3.6550000000000002,rebalance
2025-03-07,MSFT,307,387.8067332824866,1.5350000000000001,rebalance
2025-03-07,AAPL,509,233.69610445379158,2.545,rebalance
2025-03-07,NVDA,1073,110.97103488629264,5.365,rebalance
2025-03-07,AMZN,597,199.50995449371337,2.985,rebalance
2025-03-10,MSFT,-307,381.32500606107726,1.5350000000000001,rebalance
2025-03-10,AAPL,-509,234.0766861017572,2.545,rebalance
2025-03-10,NVDA,-1073,109.6024883215496,5.365,rebalance
2025-03-10,AMZN,-597,195.58044610290528,2.985,rebalance
2025-03-10,GLD,724,267.64675711669923,3.62,rebalance
2025-03-11,GLD,-1,268.44315422058105,1.0,rebalance
2025-03-12,GLD,-725,268.44315422058105,3.625,rebalance
2025-03-12,MSFT,312,378.5445235384736,1.56,rebalance
2025-03-12,AAPL,540,218.81614544626376,2.7,rebalance
2025-03-12,NVDA,1038,113.84430830852368,5.19,rebalance
2025-03-12,AMZN,588,200.7400732208252,2.94,rebalance
2025-03-13,MSFT,-312,378.67638970959786,1.56,rebalance
2025-03-13,AAPL,-540,214.60838963223517,2.7,rebalance
2025-03-13,NVDA,-1038,116.72392134209149,5.19,rebalance
2025-03-13,AMZN,-588,198.15018116912842,2.94,rebalance
2025-03-13,GLD,713,271.59716432495117,3.565,rebalance
2025-03-14,GLD,-719,276.2423620147705,3.595,rebalance
2025-03-14,MSFT,317,375.41101655274935,1.585,rebalance
2025-03-14,AAPL,567,209.97958989378813,2.835,rebalance
2025-03-14,NVDA,1006,118.32345352815243,5.03,rebalance
2025-03-14,AMZN,603,197.42974466247557,3.015,rebalance
2025-03-17,MSFT,-214,382.1749260120686,1.07,rebalance
2025-03-17,AAPL,-315,211.98480276054156,1.575,rebalance
2025-03-17,AMZN,-406,198.7501272720337,2.0300000000000002,rebalance
2025-03-17,NVDA,-687,122.41898996862942,3.435,rebalance
2025-03-17,GLD,725,275.56756254577635,3.625,rebalance
2025-03-18,GLD,-724,279.8720038970947,3.62,rebalance
2025-03-18,MSFT,186,382.6171234658058,1.0,rebalance
2025-03-18,AAPL,458,212.87210102063625,2.29,rebalance
2025-03-18,AMZN,379,192.5392562728882,1.895,rebalance
2025-03-18,NVDA,623,117.71493049014182,3.115,rebalance
2025-03-19,MSFT,-186,381.0186164979976,1.0,rebalance
2025-03-19,AAPL,-459,212.8891497242204,2.295,rebalance
2025-03-19,AMZN,-373,193.3606668823242,1.865,rebalance
2025-03-19,NVDA,-607,116.96328901852782,3.035,rebalance
2025-03-19,GLD,710,279.87799110412595,3.5500000000000003,rebalance
2025-03-21,AAPL,1,210.28770873209987,1.0,rebalance
2025-03-24,MSFT,-2,390.77311120859486,1.0,rebalance
2025-03-24,AAPL,-7,219.62703455469781,1.0,rebalance
2025-03-24,AMZN,-6,199.98,1.0,rebalance
2025-03-24,NVDA,-5,119.56647591708945,1.0,rebalance
2025-03-24,GLD,10,278.93789466247557,1.0,rebalance
2025-03-25,GLD,-820,278.75212077941893,4.1,rebalance
2025-03-25,MSFT,202,389.38834436317916,1.01,rebalance
2025-03-25,AAPL,489,219.4423503078519,2.445,rebalance
2025-03-25,AMZN,383,203.62036610412596,1.915,rebalance
2025-03-25,NVDA,652,120.25876053651595,3.2600000000000002,rebalance
2025-03-26,AAPL,-6,222.12142806754272,1.0,rebalance
2025-03-26,AMZN,-4,205.81941233825683,1.0,rebalance
2025-03-26,NVDA,18,118.44317315712297,1.0,rebalance
2025-03-27,MSFT,-202,385.56477480766,1.01,rebalance
2025-03-27,AAPL,-488,220.0146256887668,2.44,rebalance
2025-03-27,AMZN,-383,200.86991038970947,1.915,rebalance
2025-03-27,NVDA,-651,111.058773529048,3.255,rebalance
2025-03-27,GLD,797,280.57804279174803,3.985,rebalance
2025-03-28,GLD,-7,283.79162532348636,1.0,rebalance
2025-03-28,AMZN,2,198.4398401687622,1.0,rebalance
2025-03-31,GLD,-996,287.5012457794189,4.98,rebalance
2025-03-31,MSFT,249,368.25430764213746,1.245,rebalance
2025-03-31,AAPL,574,215.70495199087716,2.87,rebalance
2025-03-31,AMZN,489,188.2088214416504,2.445,rebalance
2025-03-31,NVDA,470,104.87602296431496,2.35,rebalance
2025-04-01,MSFT,-244,370.26591031351427,1.22,rebalance
2025-04-01,AAPL,-570,218.44440325898663,2.85,rebalance
2025-04-01,AMZN,-476,187.84121461029054,2.38,rebalance
2025-04-01,NVDA,-458,108.23618789842114,2.29,rebalance
2025-04-01,GLD,983,288.56886254577637,4.915,rebalance
2025-04-02,MSFT,-1,373.5470975485436,1.0,rebalance
2025-04-02,AAPL,-2,219.94502353570263,1.0,rebalance
2025-04-02,NVDA,3,107.03079829304954,1.0,rebalance
2025-04-03,GLD,-392,282.751720779419,1.96,rebalance
2025-04-03,MSFT,157,370.478396920052,1.0,rebalance
2025-04-03,AAPL,234,204.30391394007967,1.17,rebalance
2025-04-03,AMZN,324,183.0183,1.62,rebalance
2025-04-03,NVDA,579,103.2599449224025,2.895,rebalance
2025-04-04,GLD,-306,283.61165064697263,1.53,rebalance
2025-04-04,AMZN,-75,167.13327889709473,1.0,rebalance
2025-04-04,NVDA,-556,98.65133024201589,2.7800000000000002,rebalance
2025-04-04,MSFT,55,359.9410172633431,1.0,rebalance
2025-04-04,AAPL,117,192.72399034473813,1.0,rebalance
2025-04-07,AAPL,-176,176.09911389955792,1.0,rebalance
2025-04-07,GLD,-6,278.83209935302733,1.0,rebalance
2025-04-07,NVDA,-387,87.23125607779218,1.935,rebalance
2025-04-07,AMZN,222,162.0162,1.11,rebalance
2025-04-08,MSFT,-1,363.95072914229803,1.0,rebalance
2025-04-08,AMZN,-58,185.2114727279663,1.0,rebalance
2025-04-08,AAPL,201,185.57722549796418,1.0050000000000001,rebalance
2025-04-08,GLD,12,277.8977821166992,1.0,rebalance
2025-04-08,NVDA,1109,103.55921205961533,5.545,rebalance
2025-04-09,MSFT,-106,349.40299717929656,1.0,rebalance
2025-04-09,AAPL,-403,170.8817450827192,2.015,rebalance
2025-04-09,GLD,-16,282.19177922058105,1.0,rebalance
2025-04-09,AMZN,17,172.13720711669922,1.0,rebalance
2025-04-09,NVDA,4,98.65109865640319,1.0,rebalance
2025-04-10,MSFT,-209,377.5891921437015,1.045,rebalance
2025-04-10,AAPL,-215,187.89539092700838,1.075,rebalance
2025-04-10,NVDA,-1113,109.08395811219944,5.565,rebalance
2025-04-10,AMZN,-638,185.42145844116212,3.19,rebalance
2025-04-10,GLD,669,288.8388785583496,3.345,rebalance
2025-04-11,MSFT,-1,376.185839794358,1.0,rebalance
2025-04-11,GLD,-15,297.9301954559326,1.0,rebalance
2025-04-14,GLD,3,295.56956254577636,1.0,rebalance
2025-04-15,GLD,-1,296.90029967651367,1.0,rebalance
2025-04-15,MSFT,98,384.0405680028833,1.0,rebalance
2025-04-15,AAPL,258,200.64604187953393,1.29,rebalance
2025-04-15,NVDA,343,110.70191502241977,1.715,rebalance
2025-04-15,AMZN,209,181.42814466247557,1.045,rebalance
2025-04-16,GLD,-21,304.6195288970947,1.0,rebalance
2025-04-16,MSFT,3,376.29071695414274,1.0,rebalance
2025-04-16,AAPL,5,197.16710566870216,1.0,rebalance
2025-04-16,AMZN,7,176.30762228546143,1.0,rebalance
2025-04-16,NVDA,22,104.29742527229696,1.0,rebalance
2025-04-17,GLD,-4,306.2793665588379,1.0,rebalance
2025-04-17,MSFT,2,369.4503377125943,1.0,rebalance
2025-04-17,AAPL,2,196.0140736280356,1.0,rebalance
2025-04-17,NVDA,1,104.19765938693769,1.0,rebalance
2025-04-21,AAPL,-47,192.06929105404322,1.0,rebalance
2025-04-21,GLD,-22,314.9884870147705,1.0,rebalance
2025-04-21,NVDA,-83,98.51166798899382,1.0,rebalance
2025-04-21,MSFT,13,358.6460978126876,1.0,rebalance
2025-04-21,AMZN,30,169.61696610412596,1.0,rebalance
2025-04-22,GLD,-619,317.4582412353516,3.095,rebalance
2025-04-22,MSFT,214,359.1996403712866,1.07,rebalance
2025-04-22,AAPL,391,194.94054807381144,1.955,rebalance
2025-04-22,AMZN,453,169.866991104126,2.265,rebalance
2025-04-22,NVDA,923,98.54135698416793,4.615,rebalance
2025-04-23,MSFT,-56,371.65945718087585,1.0,rebalance
2025-04-23,AAPL,-113,204.72021989672947,1.0,rebalance
2025-04-23,AMZN,-145,183.43165194854737,1.0,rebalance
2025-04-23,NVDA,-232,104.24664063487663,1.16,rebalance
2025-04-23,GLD,307,304.2104106750488,1.5350000000000001,rebalance
2025-04-24,GLD,-289,306.9493129852295,1.445,rebalance
2025-04-24,MSFT,29,371.3779347691904,1.0,rebalance
2025-04-24,AAPL,258,203.65783327302958,1.29,rebalance
2025-04-24,AMZN,69,180.93809016876222,1.0,rebalance
2025-04-24,NVDA,118,103.23000807966473,1.0,rebalance
2025-04-25,MSFT,-33,382.47142287498247,1.0,rebalance
2025-04-25,AAPL,-251,205.08788553364457,1.2550000000000001,rebalance
2025-04-25,AMZN,-74,187.60123311767578,1.0,rebalance
2025-04-25,NVDA,-125,106.5705466045323,1.0,rebalance
2025-04-25,GLD,301,301.8101767791748,1.5050000000000001,rebalance
2025-04-28,AAPL,-3,208.69536202475578,1.0,rebalance
2025-04-28,NVDA,-13,109.40312463576197,1.0,rebalance
2025-04-28,GLD,4,304.180408895874,1.0,rebalance
2025-04-29,GLD,-297,305.7794165588379,1.485,rebalance
2025-04-29,MSFT,27,386.7984951900407,1.0,rebalance
2025-04-29,AAPL,257,207.4349809330381,1.285,rebalance
2025-04-29,AMZN,77,184.00840449371339,1.0,rebalance
2025-04-29,NVDA,118,107.40988033283713,1.0,rebalance
2025-04-30,MSFT,-30,385.73277989744315,1.0,rebalance
2025-04-30,AAPL,-262,207.99972127316374,1.31,rebalance
2025-04-30,AMZN,-61,182.1517811691284,1.0,rebalance
2025-04-30,NVDA,-85,104.19677295808029,1.0,rebalance
2025-04-30,GLD,287,304.64044635009765,1.435,rebalance
2025-05-01,GLD,-272,297.3802626617432,1.36,rebalance
2025-05-01,MSFT,9,426.15046098784495,1.0,rebalance
2025-05-01,AAPL,278,207.82264001012675,1.3900000000000001,rebalance
2025-05-01,AMZN,53,190.64906788330077,1.0,rebalance
2025-05-01,NVDA,57,112.80681405873993,1.0,rebalance
2025-05-02,MSFT,-27,426.68791518814646,1.0,rebalance
2025-05-02,AAPL,-255,204.80964905852096,1.2750000000000001,rebalance
2025-05-02,AMZN,-64,191.42085844116212,1.0,rebalance
2025-05-02,NVDA,-113,113.88137586983103,1.0,rebalance
2025-05-02,GLD,299,300.2000304290771,1.495,rebalance
2025-05-05,MSFT,-2,427.8046785027255,1.0,rebalance
2025-05-05,GLD,-12,305.8894214263916,1.0,rebalance
2025-05-05,AAPL,5,201.87858899331655,1.0,rebalance
2025-05-05,AMZN,12,186.5286455062866,1.0,rebalance
2025-05-05,NVDA,7,112.63723188135361,1.0,rebalance
2025-05-06,GLD,-15,313.08868311767577,1.0,rebalance
2025-05-06,AAPL,12,197.01802417356242,1.0,rebalance
2025-05-06,AMZN,5,184.58846432495116,1.0,rebalance
2025-05-06,NVDA,10,111.21068380767221,1.0,rebalance
2025-05-07,NVDA,-8,112.7543421409925,1.0,rebalance
2025-05-07,GLD,3,312.131216104126,1.0,rebalance
2025-05-08,AMZN,-11,191.41084967651366,1.0,rebalance
2025-05-08,NVDA,-32,117.94073344576296,1.0,rebalance
2025-05-08,AAPL,9,196.53094041989385,1.0,rebalance
2025-05-08,GLD,11,309.7909857666016,1.0,rebalance
2025-05-09,AAPL,-2,197.76367958343573,1.0,rebalance
2025-05-09,AMZN,-6,193.3606668823242,1.0,rebalance
2025-05-09,GLD,4,307.82078754577634,1.0,rebalance
2025-05-09,NVDA,6,117.06650896269336,1.0,rebalance
2025-05-12,AAPL,-19,209.93428491235733,1.0,rebalance
2025-05-12,AMZN,-33,210.6889357131958,1.0,rebalance
2025-05-12,NVDA,-12,121.65100823456247,1.0,rebalance
2025-05-12,MSFT,1,440.80983254174555,1.0,rebalance
2025-05-12,GLD,33,298.35981957092287,1.0,rebalance
2025-05-13,NVDA,-18,124.65313072244908,1.0,rebalance
2025-05-13,AAPL,3,209.43878926458652,1.0,rebalance
2025-05-13,GLD,2,299.04989101257326,1.0,rebalance
2025-05-14,AAPL,-1,211.38710016098193,1.0,rebalance
2025-05-14,NVDA,-48,132.85163962279327,1.0,rebalance
2025-05-14,MSFT,2,442.9845704799922,1.0,rebalance
2025-05-14,GLD,16,293.69938042907717,1.0,rebalance
2025-05-14,AMZN,3,211.471141947937,1.0,rebalance
2025-05-15,MSFT,-1,446.31305961421003,1.0,rebalance
2025-05-15,GLD,-1,294.07059610290526,1.0,rebalance
2025-05-15,NVDA,-9,133.93876893026862,1.0,rebalance
2025-05-15,AAPL,2,209.95636656894325,1.0,rebalance
2025-05-15,AMZN,12,206.470641947937,1.0,rebalance
2025-05-16,AAPL,-1,211.3174626863347,1.0,rebalance
2025-05-16,NVDA,-9,135.86372867150791,1.0,rebalance
2025-05-16,GLD,4,292.64925711669923,1.0,rebalance
2025-05-19,MSFT,-2,446.4219598567531,1.0,rebalance
2025-05-19,GLD,-15,297.8202211029053,1.0,rebalance
2025-05-19,AAPL,6,206.93069821909793,1.0,rebalance
2025-05-19,AMZN,10,201.670158895874,1.0,rebalance
2025-05-19,NVDA,16,132.07015573604556,1.0,rebalance
2025-05-20,AMZN,-3,204.6095418823242,1.0,rebalance
2025-05-20,NVDA,-5,133.93879653371297,1.0,rebalance
2025-05-20,AAPL,4,206.6918047201545,1.0,rebalance
2025-05-20,GLD,2,298.379841104126,1.0,rebalance
2025-05-21,GLD,-12,304.51953279418944,1.0,rebalance
2025-05-21,AAPL,7,204.20357137479132,1.0,rebalance
2025-05-21,AMZN,7,201.63016161041259,1.0,rebalance
2025-05-21,NVDA,6,132.73855760158526,1.0,rebalance
2025-05-22,MSFT,-1,450.4517497691916,1.0,rebalance
2025-05-22,GLD,-4,305.0594873382568,1.0,rebalance
2025-05-22,AMZN,-1,201.3598668823242,1.0,rebalance
2025-05-22,AAPL,10,199.76458646142,1.0,rebalance
2025-05-22,NVDA,2,131.91054263940129,1.0,rebalance
2025-05-23,GLD,-12,308.82909935302735,1.0,rebalance
2025-05-23,AAPL,15,192.75775873682625,1.0,rebalance
2025-05-23,AMZN,1,198.91988389587402,1.0,rebalance
2025-05-23,NVDA,7,129.68592083757497,1.0,rebalance
2025-05-27,MSFT,-1,451.9665890648768,1.0,rebalance
2025-05-27,AAPL,-7,197.32650332759692,1.0,rebalance
2025-05-27,AMZN,-5,203.06968733825684,1.0,rebalance
2025-05-27,NVDA,-17,133.79914265338493,1.0,rebalance
2025-05-27,GLD,15,303.8403785583496,1.0,rebalance
2025-05-28,AAPL,-1,199.60524216638652,1.0,rebalance
2025-05-28,AMZN,-3,205.8994061691284,1.0,rebalance
2025-05-28,NVDA,-4,135.6742343900533,1.0,rebalance
2025-05-28,GLD,3,304.67047864990235,1.0,rebalance
2025-05-29,AAPL,-2,202.58055098734891,1.0,rebalance
2025-05-29,NVDA,-26,141.87796968621367,1.0,rebalance
2025-05-29,MSFT,2,457.07791365926107,1.0,rebalance
2025-05-29,GLD,6,305.77056423339843,1.0,rebalance
2025-05-30,MSFT,-1,455.1745790483278,1.0,rebalance
2025-05-30,GLD,-2,303.6096506469727,1.0,rebalance
2025-05-30,AAPL,4,198.43089044442925,1.0,rebalance
2025-05-30,AMZN,2,204.86048033752442,1.0,rebalance
2025-05-30,NVDA,9,138.38487196656095,1.0,rebalance
2025-06-02,AAPL,-1,199.29674333122827,1.0,rebalance
2025-06-02,GLD,-11,309.1790704559326,1.0,rebalance
2025-06-02,AMZN,1,205.0004937271118,1.0,rebalance
2025-06-02,NVDA,20,135.16269367254958,1.0,rebalance
2025-06-03,AMZN,-1,207.08928961029054,1.0,rebalance
2025-06-03,NVDA,-12,138.41703867045308,1.0,rebalance
2025-06-03,AAPL,1,200.40158744909877,1.0,rebalance
2025-06-03,GLD,3,309.5909535583496,1.0,rebalance
2025-06-04,AAPL,-1,201.91385249024387,1.0,rebalance
2025-06-04,NVDA,-15,141.81813010735289,1.0,rebalance
2025-06-04,GLD,4,309.4409446624756,1.0,rebalance
2025-06-04,AMZN,4,206.57065805206298,1.0,rebalance
2025-06-05,AMZN,-5,209.52904805145263,1.0,rebalance
2025-06-05,MSFT,1,460.4548368598096,1.0,rebalance
2025-06-05,NVDA,3,141.82653784195722,1.0,rebalance
2025-06-06,MSFT,-2,465.4420076441641,1.0,rebalance
2025-06-06,AMZN,-6,212.37875389709473,1.0,rebalance
2025-06-06,AAPL,3,202.0437924979989,1.0,rebalance
2025-06-06,GLD,5,309.1209053375244,1.0,rebalance
2025-06-09,AAPL,-3,203.38660026372574,1.0,rebalance
2025-06-09,AMZN,-6,214.728525,1.0,rebalance
2025-06-09,NVDA,-3,142.8155002676466,1.0,rebalance
2025-06-09,GLD,8,305.42055364990233,1.0,rebalance
2025-06-10,GLD,-5,308.2791665588379,1.0,rebalance
2025-06-10,AMZN,-4,216.75832077941894,1.0,rebalance
2025-06-10,AAPL,10,199.65511818457404,1.0,rebalance
2025-06-10,NVDA,2,142.3452783247041,1.0,rebalance
2025-06-11,AAPL,-5,202.5009449544862,1.0,rebalance
2025-06-11,NVDA,-6,144.24180949059337,1.0,rebalance
2025-06-11,MSFT,1,465.4658209869026,1.0,rebalance
2025-06-11,GLD,3,307.53075,1.0,rebalance
2025-06-12,MSFT,-3,470.3232595093032,1.0,rebalance
2025-06-12,GLD,-11,311.70881623535155,1.0,rebalance
2025-06-12,AAPL,9,198.14226135635278,1.0,rebalance
2025-06-12,AMZN,11,211.8011767791748,1.0,rebalance
2025-06-12,NVDA,9,141.63685486481347,1.0,rebalance
2025-06-13,GLD,-7,317.22828376464844,1.0,rebalance
2025-06-13,AAPL,1,198.7891957528529,1.0,rebalance
2025-06-13,AMZN,7,209.98100271453856,1.0,rebalance
2025-06-13,NVDA,2,142.14567127487072,1.0,rebalance
2025-06-16,AMZN,-6,212.2887665588379,1.0,rebalance
2025-06-16,NVDA,-6,142.9850261016404,1.0,rebalance
2025-06-16,AAPL,6,196.37064897365255,1.0,rebalance
2025-06-16,GLD,2,314.831467791748,1.0,rebalance
2025-06-17,ORCL,-2099,207.82358600598113,10.495000000000001,rebalance
2025-06-17,AMZN,-6,215.17847694854737,1.0,rebalance
2025-06-17,NVDA,-5,144.12211708094438,1.0,rebalance
2025-06-17,AAPL,1,196.2711091374103,1.0,rebalance
2025-06-17,GLD,6,312.6912696624756,1.0,rebalance
2025-06-18,MSFT,-1,473.27384900318395,1.0,rebalance
2025-06-18,GLD,-1,312.8587256469727,1.0,rebalance
2025-06-18,AMZN,-1,215.06848733825683,1.0,rebalance
2025-06-18,AAPL,3,195.01708481503923,1.0,rebalance
2025-06-18,ORCL,7,208.28946232585145,1.0,rebalance
2025-06-20,MSFT,-3,477.46203914722355,1.0,rebalance
2025-06-20,AAPL,-9,197.26677041087817,1.0,rebalance
2025-06-20,AMZN,-2,214.65852467651368,1.0,rebalance
2025-06-20,NVDA,-10,145.07965987494015,1.0,rebalance
2025-06-20,ORCL,33,210.5194755642857,1.0,rebalance
2025-06-20,GLD,3,309.3609195709229,1.0,rebalance
2025-06-23,ORCL,-115,202.7429101742719,1.0,rebalance
2025-06-23,MSFT,5,473.576454630409,1.0,rebalance
2025-06-23,GLD,9,310.3710303375244,1.0,rebalance
2025-06-23,AMZN,21,209.81097228546142,1.0,rebalance
2025-06-23,NVDA,29,142.16560890493815,1.0,rebalance
2025-06-24,MSFT,-6,484.11555629494507,1.0,rebalance
2025-06-24,AAPL,-7,201.59541087315122,1.0,rebalance
2025-06-24,AMZN,-9,212.11878538970947,1.0,rebalance
2025-06-24,NVDA,-23,145.1894002475681,1.0,rebalance
2025-06-24,ORCL,2174,207.20406676474428,10.870000000000001,rebalance
2025-06-24,GLD,6,305.1005143249512,1.0,rebalance
2025-06-25,AMZN,-3,214.59853311767577,1.0,rebalance
2025-06-25,NVDA,-15,148.88994113727952,1.0,rebalance
2025-06-25,AAPL,6,200.50109172211327,1.0,rebalance
2025-06-25,GLD,3,305.3405285583496,1.0,rebalance
2025-06-26,NVDA,-28,155.58284541433542,1.0,rebalance
2025-06-26,AAPL,4,200.48118896980586,1.0,rebalance
2025-06-26,GLD,3,305.80056601257326,1.0,rebalance
2025-06-26,AMZN,6,213.1413071166992,1.0,rebalance
2025-06-27,MSFT,-1,492.6305295710466,1.0,rebalance
2025-06-27,AMZN,-15,219.89800616912842,1.0,rebalance
2025-06-27,GLD,14,300.0600017791748,1.0,rebalance
2025-06-30,AMZN,-5,223.4976522720337,1.0,rebalance
2025-06-30,NVDA,-5,157.99669982639014,1.0,rebalance
2025-06-30,MSFT,1,492.224042723915,1.0,rebalance
2025-06-30,AAPL,3,201.0584657407316,1.0,rebalance
2025-07-01,AAPL,-10,205.65538913385865,1.0,rebalance
2025-07-01,GLD,-10,308.5291415588379,1.0,rebalance
2025-07-01,MSFT,1,491.6595525169097,1.0,rebalance
2025-07-01,AMZN,11,219.52195,1.0,rebalance
2025-07-01,NVDA,12,155.92325443011458,1.0,rebalance
2025-07-02,AAPL,-8,207.884402107531,1.0,rebalance
2025-07-02,GLD,-2,308.00920454406736,1.0,rebalance
2025-07-02,AMZN,-2,219.70802272796632,1.0,rebalance
2025-07-02,MSFT,2,485.24233102598134,1.0,rebalance
2025-07-02,NVDA,13,152.62102776415165,1.0,rebalance
2025-07-03,AAPL,-3,211.1084693990215,1.0,rebalance
2025-07-03,NVDA,-18,157.9667687952972,1.0,rebalance
2025-07-03,MSFT,1,489.02534822161334,1.0,rebalance
2025-07-03,GLD,8,307.08069279174805,1.0,rebalance
2025-07-07,MSFT,-1,492.46222504828955,1.0,rebalance
2025-07-07,AAPL,-2,211.63586945948734,1.0,rebalance
2025-07-07,AMZN,-2,222.9777,1.0,rebalance
2025-07-07,GLD,4,305.1005143249512,1.0,rebalance
2025-07-08,GLD,-1,306.26935779418943,1.0,rebalance
2025-07-08,AMZN,-2,223.8976061691284,1.0,rebalance
2025-07-08,NVDA,-3,158.92434360546298,1.0,rebalance
2025-07-08,AAPL,7,209.11038079660077,1.0,rebalance
2025-07-09,MSFT,-2,495.3533404635653,1.0,rebalance
2025-07-09,NVDA,-10,160.8095267618544,1.0,rebalance
2025-07-09,GLD,4,303.61034457092285,1.0,rebalance
2025-07-09,AMZN,5,221.09211432495118,1.0,rebalance
2025-07-10,NVDA,-9,163.90163384366602,1.0,rebalance
2025-07-10,AAPL,2,209.51843072042087,1.0,rebalance
2025-07-10,AMZN,3,221.57215805206297,1.0,rebalance
2025-07-11,GLD,-4,308.82909935302735,1.0,rebalance
2025-07-11,AMZN,-3,223.5576438308716,1.0,rebalance
2025-07-11,MSFT,3,493.64013731338787,1.0,rebalance
2025-07-11,AAPL,1,209.5781453406508,1.0,rebalance
2025-07-11,NVDA,3,163.335826329613,1.0,rebalance
2025-07-14,AMZN,-2,225.04750032348633,1.0,rebalance
2025-07-14,NVDA,-4,164.94895120315522,1.0,rebalance
2025-07-14,AAPL,3,208.94116592375997,1.0,rebalance
2025-07-15,NVDA,-21,170.75415462897877,1.0,rebalance
2025-07-15,AAPL,5,208.23451042456722,1.0,rebalance
2025-07-15,GLD,7,307.76078398742675,1.0,rebalance
2025-07-16,MSFT,-1,500.1851183204902,1.0,rebalance
2025-07-16,AAPL,-2,209.26758235619226,1.0,rebalance
2025-07-16,GLD,1,307.14069635009764,1.0,rebalance
2025-07-17,AAPL,-1,209.53624382476113,1.0,rebalance
2025-07-17,NVDA,-4,171.5820239887818,1.0,rebalance
2025-07-17,GLD,3,305.53055,1.0,rebalance
2025-07-17,AMZN,5,223.34233932495118,1.0,rebalance
2025-07-18,MSFT,-2,509.3931199812096,1.0,rebalance
2025-07-18,GLD,-2,309.20906623535154,1.0,rebalance
2025-07-18,NVDA,-1,173.19788536289818,1.0,rebalance
2025-07-18,AAPL,3,209.87672466691964,1.0,rebalance
2025-07-18,AMZN,1,225.1625133895874,1.0,rebalance
2025-07-21,AAPL,-2,211.0587378809015,1.0,rebalance
2025-07-21,GLD,-5,311.84881688232423,1.0,rebalance
2025-07-21,AMZN,-1,225.81741233825684,1.0,rebalance
2025-07-21,MSFT,3,501.80028191382496,1.0,rebalance
2025-07-21,NVDA,3,172.34463080383313,1.0,rebalance
2025-07-22,GLD,-2,314.4485629852295,1.0,rebalance
2025-07-22,AMZN,-6,229.6570246765137,1.0,rebalance
2025-07-22,NVDA,10,170.93792951390714,1.0,rebalance
2025-07-23,AAPL,-6,213.94448571324133,1.0,rebalance
2025-07-23,AMZN,1,228.49284822082518,1.0,rebalance
2025-07-23,NVDA,6,169.13218258469254,1.0,rebalance
2025-07-24,AMZN,-2,229.14708116912843,1.0,rebalance
2025-07-24,NVDA,-12,172.0009473548382,1.0,rebalance
2025-07-24,AAPL,1,212.8924551720889,1.0,rebalance
2025-07-24,GLD,8,309.32093754577636,1.0,rebalance
2025-07-25,MSFT,-1,507.40301249839587,1.0,rebalance
2025-07-25,AMZN,-5,232.19677922058105,1.0,rebalance
2025-07-25,NVDA,-2,173.16795923961547,1.0,rebalance
2025-07-25,GLD,6,307.85078932495117,1.0,rebalance
2025-07-28,MSFT,-1,508.9971059667596,1.0,rebalance
2025-07-28,AMZN,-2,233.32667110290527,1.0,rebalance
2025-07-28,NVDA,-2,173.5769349997421,1.0,rebalance
2025-07-28,AAPL,2,213.02183877704027,1.0,rebalance
2025-07-28,GLD,3,306.4706464416504,1.0,rebalance
2025-07-29,NVDA,-13,177.5069089523929,1.0,rebalance
2025-07-29,AAPL,2,213.17113677120932,1.0,rebalance
2025-07-29,GLD,4,305.830567791748,1.0,rebalance
2025-07-30,MSFT,-1,510.0762749098767,1.0,rebalance
2025-07-30,AAPL,2,210.90186539658072,1.0,rebalance
2025-07-30,AMZN,2,231.6631633895874,1.0,rebalance
2025-07-30,NVDA,1,176.09580135314715,1.0,rebalance
2025-07-31,MSFT,-13,549.7401289442332,1.0,rebalance
2025-07-31,NVDA,-11,182.43432423038354,1.0,rebalance
2025-07-31,AAPL,21,207.50794658267264,1.0,rebalance
2025-07-31,GLD,11,304.6204553375244,1.0,rebalance
2025-08-01,AAPL,-18,209.8347705992148,1.0,rebalance
2025-08-01,GLD,-22,308.57912435302734,1.0,rebalance
2025-08-01,MSFT,3,529.8161927257518,1.0,rebalance
2025-08-01,AMZN,33,217.23172771453858,1.0,rebalance
2025-08-01,NVDA,19,173.6814850937654,1.0,rebalance
2025-08-04,MSFT,-229,523.0468680466771,1.145,rebalance
2025-08-04,AAPL,-580,203.5059740945051,2.9,rebalance
2025-08-04,NVDA,-700,174.7140177239795,3.5,rebalance
2025-08-04,AMZN,-559,217.37825389709474,2.795,rebalance
2025-08-04,GLD,437,310.83106779174807,2.185,rebalance
2025-08-05,GLD,-444,310.33895811767576,2.22,rebalance
2025-08-05,MSFT,227,531.9750477225266,1.135,rebalance
2025-08-05,AAPL,597,202.44194476917892,2.985,rebalance
2025-08-05,NVDA,675,179.198505247032,3.375,rebalance
2025-08-05,AMZN,568,213.071308052063,2.84,rebalance
2025-08-06,AAPL,-6,204.62048113910836,1.0,rebalance
2025-08-06,GLD,-1,310.28897532348634,1.0,rebalance
2025-08-06,AMZN,-5,214.67852694854736,1.0,rebalance
2025-08-06,MSFT,2,525.7560119368616,1.0,rebalance
2025-08-06,NVDA,11,175.9162467510136,1.0,rebalance
2025-08-07,AAPL,-25,217.80544958574453,1.0,rebalance
2025-08-07,AMZN,-5,220.9779,1.0,rebalance
2025-08-07,NVDA,-5,181.10772273933026,1.0,rebalance
2025-08-07,MSFT,7,521.6956696568441,1.0,rebalance
2025-08-07,GLD,9,311.7511732208252,1.0,rebalance
2025-08-08,AAPL,-4,219.745870648901,1.0,rebalance
2025-08-08,AMZN,-4,223.11768538970946,1.0,rebalance
2025-08-08,MSFT,2,517.5363182590718,1.0,rebalance
2025-08-11,GLD,-448,308.5891331176758,2.24,rebalance
2025-08-11,MSFT,43,517.2393413972706,1.0,rebalance
2025-08-11,AAPL,312,227.10387744870954,1.56,rebalance
2025-08-11,AMZN,102,221.8021767791748,1.0,rebalance
2025-08-11,NVDA,121,181.62281443156922,1.0,rebalance
2025-08-12,MSFT,-42,518.5715164373782,1.0,rebalance
2025-08-12,AAPL,-328,227.1481136621852,1.6400000000000001,rebalance
2025-08-12,AMZN,-98,222.2077727279663,1.0,rebalance
2025-08-12,NVDA,-123,182.49417039436304,1.0,rebalance
2025-08-12,GLD,459,308.25082322082517,2.295,rebalance
2025-08-13,GLD,-457,309.0690961029053,2.285,rebalance
2025-08-13,MSFT,39,526.9542359361302,1.0,rebalance
2025-08-13,AAPL,322,230.242582479401,1.61,rebalance
2025-08-13,AMZN,102,222.0222,1.0,rebalance
2025-08-13,NVDA,126,182.19146359852618,1.0,rebalance
2025-08-14,AAPL,-9,233.17524684316132,1.0,rebalance
2025-08-14,AMZN,-14,227.37725389709473,1.0,rebalance
2025-08-14,MSFT,5,517.4967620508079,1.0,rebalance
2025-08-14,NVDA,13,179.32820223653962,1.0,rebalance
2025-08-15,AMZN,-10,232.5567438308716,1.0,rebalance
2025-08-15,NVDA,-3,181.41691098629062,1.0,rebalance
2025-08-15,MSFT,2,517.7046596028792,1.0,rebalance
2025-08-15,AAPL,5,233.16210343574778,1.0,rebalance
2025-08-15,GLD,2,307.37073033752444,1.0,rebalance
2025-08-18,GLD,-1,307.7592295440674,1.0,rebalance
2025-08-18,AAPL,3,230.8703386153395,1.0,rebalance
2025-08-18,AMZN,1,230.25301872711182,1.0,rebalance
2025-08-19,NVDA,-9,181.96551154408894,1.0,rebalance
2025-08-19,MSFT,2,510.0099955924407,1.0,rebalance
2025-08-20,MSFT,-43,504.82872080518183,1.0,rebalance
2025-08-20,AAPL,-330,229.1106688932464,1.6500000000000001,rebalance
2025-08-20,AMZN,-96,227.09728311767577,1.0,rebalance
2025-08-20,NVDA,-102,174.72399426837674,1.0,rebalance
2025-08-20,GLD,452,307.57076254577635,2.2600000000000002,rebalance
2025-08-21,GLD,-4,307.8291993530273,1.0,rebalance
2025-08-21,NVDA,-4,174.4048270615594,1.0,rebalance
2025-08-21,AAPL,3,225.45979285285762,1.0,rebalance
2025-08-21,AMZN,6,222.67225889587402,1.0,rebalance
2025-08-22,AMZN,-1,222.7677142868042,1.0,rebalance
2025-08-22,NVDA,6,172.2049559227298,1.0,rebalance
2025-08-25,GLD,-452,309.6390464263916,2.2600000000000002,rebalance
2025-08-25,MSFT,44,502.54589331745257,1.0,rebalance
2025-08-25,AAPL,336,225.66903399113613,1.68,rebalance
2025-08-25,AMZN,91,227.37274110412596,1.0,rebalance
2025-08-25,NVDA,109,177.9314887699878,1.0,rebalance
2025-08-26,GLD,-1,310.58893311767577,1.0,rebalance
2025-08-26,NVDA,-6,179.60154723838974,1.0,rebalance
2025-08-26,MSFT,2,500.29415364391764,1.0,rebalance
2025-08-26,AMZN,2,227.1327116104126,1.0,rebalance
2025-08-27,AAPL,-2,227.74584581280413,1.0,rebalance
2025-08-27,NVDA,-5,181.51663772136473,1.0,rebalance
2025-08-27,MSFT,3,497.95321714746575,1.0,rebalance
2025-08-28,MSFT,-45,502.9015751195098,1.0,rebalance
2025-08-28,AAPL,-333,229.94750286024887,1.665,rebalance
2025-08-28,AMZN,-96,228.98709350738525,1.0,rebalance
2025-08-28,NVDA,-114,180.35961400481392,1.0,rebalance
2025-08-28,GLD,453,313.35133932495114,2.265,rebalance
2025-08-29,GLD,-453,314.6885292205811,2.265,rebalance
2025-08-29,MSFT,42,504.55949050499487,1.0,rebalance
2025-08-29,AAPL,323,231.67742808259595,1.615,rebalance
2025-08-29,AMZN,91,231.34313932495118,1.0,rebalance
2025-08-29,NVDA,136,177.69205225923784,1.0,rebalance
2025-09-02,MSFT,-44,496.3362389509119,1.0,rebalance
2025-09-02,AAPL,-329,228.38343017590583,1.645,rebalance
2025-09-02,AMZN,-87,223.4976522720337,1.0,rebalance
2025-09-02,NVDA,-105,169.56716408407328,1.0,rebalance
2025-09-02,GLD,425,320.8520893249512,2.125,rebalance
2025-09-03,AAPL,-10,236.31335521681956,1.0,rebalance
2025-09-03,GLD,-4,327.7272337646484,1.0,rebalance
2025-09-03,MSFT,1,499.72877497243627,1.0,rebalance
2025-09-03,AMZN,3,225.23252771453858,1.0,rebalance
2025-09-03,NVDA,4,170.6585964146806,1.0,rebalance
2025-09-04,AAPL,-1,237.54864261350397,1.0,rebalance
2025-09-04,AMZN,-11,231.1668834411621,1.0,rebalance
2025-09-04,MSFT,1,500.23463094833306,1.0,rebalance
2025-09-04,GLD,4,327.0627017791748,1.0,rebalance
2025-09-04,NVDA,6,170.16976711899818,1.0,rebalance
2025-09-05,AAPL,-1,239.09279104097928,1.0,rebalance
2025-09-05,GLD,-1,329.49704577941895,1.0,rebalance
2025-09-05,AMZN,-7,235.16648344116211,1.0,rebalance
2025-09-05,NVDA,14,167.63570530783218,1.0,rebalance
2025-09-08,GLD,-9,333.6266376617432,1.0,rebalance
2025-09-08,MSFT,4,494.0945422579088,1.0,rebalance
2025-09-08,NVDA,2,167.15681791173446,1.0,rebalance
2025-09-09,GLD,-3,336.996295779419,1.0,rebalance
2025-09-09,AMZN,-1,236.33636461029053,1.0,rebalance
2025-09-09,NVDA,-3,168.6594591388104,1.0,rebalance
2025-09-09,AAPL,8,236.15137210339228,1.0,rebalance
2025-09-10,NVDA,-29,176.1902592009898,1.0,rebalance
2025-09-10,AAPL,13,231.35860656021242,1.0,rebalance
2025-09-10,GLD,4,335.7635839874267,1.0,rebalance
2025-09-11,NVDA,-17,179.23260645875587,1.0,rebalance
2025-09-11,AAPL,9,226.06761429111387,1.0,rebalance
2025-09-11,AMZN,9,231.5131544937134,1.0,rebalance
2025-09-12,MSFT,-2,502.46522272933055,1.0,rebalance
2025-09-12,AAPL,-3,228.35354797030848,1.0,rebalance
2025-09-12,GLD,-3,335.8464168823242,1.0,rebalance
2025-09-12,AMZN,4,230.37304110412597,1.0,rebalance
2025-09-12,NVDA,9,177.3628704998152,1.0,rebalance
2025-09-15,AAPL,-16,236.1041435808878,1.0,rebalance
2025-09-15,GLD,2,336.3436285583496,1.0,rebalance
2025-09-15,AMZN,2,230.6530678833008,1.0,rebalance
2025-09-15,NVDA,11,175.26765933034787,1.0,rebalance
2025-09-16,MSFT,-2,512.6107381565658,1.0,rebalance
2025-09-16,ORCL,-1558,310.4897524694514,7.79,rebalance
2025-09-16,GLD,-1,340.05598733825684,1.0,rebalance
2025-09-16,AAPL,3,236.33069804676856,1.0,rebalance
2025-09-16,NVDA,1,176.59460664566137,1.0,rebalance
2025-09-17,ORCL,-43,304.1921417700209,1.0,rebalance
2025-09-17,MSFT,4,506.50372625355936,1.0,rebalance
2025-09-17,GLD,6,338.5638517791748,1.0,rebalance
2025-09-17,AMZN,1,233.79338127288818,1.0,rebalance
2025-09-17,NVDA,23,172.24459239856768,1.0,rebalance
2025-09-18,ORCL,-39,299.5950154908649,1.0,rebalance
2025-09-18,MSFT,2,507.3667136876256,1.0,rebalance
2025-09-18,AAPL,2,239.1107296454938,1.0,rebalance
2025-09-18,GLD,10,336.2536232208252,1.0,rebalance
2025-09-18,AMZN,7,232.52325,1.0,rebalance
2025-09-18,NVDA,1,173.58150463483184,1.0,rebalance
2025-09-19,ORCL,-39,295.6009347932915,1.0,rebalance
2025-09-19,MSFT,3,506.44427736012176,1.0,rebalance
2025-09-19,AAPL,3,240.36619626435782,1.0,rebalance
2025-09-19,GLD,6,336.54366076660153,1.0,rebalance
2025-09-19,AMZN,6,232.3932321166992,1.0,rebalance
2025-09-22,MSFT,-5,511.3314043331176,1.0,rebalance
2025-09-22,AAPL,-21,247.36142344822431,1.0,rebalance
2025-09-22,GLD,-18,342.715725,1.0,rebalance
2025-09-22,AMZN,-1,230.5369415588379,1.0,rebalance
2025-09-22,NVDA,-6,174.8635337433911,1.0,rebalance
2025-09-22,ORCL,76,306.17132693944905,1.0,rebalance
2025-09-23,MSFT,-3,509.55615510858,1.0,rebalance
2025-09-23,AAPL,-23,254.912788424054,1.0,rebalance
2025-09-23,GLD,-20,348.1951879852295,1.0,rebalance
2025-09-23,AMZN,-2,227.8072188308716,1.0,rebalance
2025-09-23,NVDA,-38,181.51691879652122,1.0,rebalance
2025-09-23,ORCL,1603,320.3807740922933,8.015,rebalance
2025-09-24,AAPL,-2,254.2552590207329,1.0,rebalance
2025-09-24,GLD,-2,346.66534220581053,1.0,rebalance
2025-09-24,AMZN,4,224.172408895874,1.0,rebalance
2025-09-24,NVDA,3,179.3582724236455,1.0,rebalance
2025-09-25,MSFT,-2,504.1015439403412,1.0,rebalance
2025-09-25,AAPL,-2,252.25286039602466,1.0,rebalance
2025-09-25,GLD,-3,344.3555756469727,1.0,rebalance
2025-09-25,AMZN,4,220.0820035583496,1.0,rebalance
2025-09-25,NVDA,13,174.0803764037058,1.0,rebalance
2025-09-26,NVDA,-11,177.72636824785752,1.0,rebalance
2025-09-26,AMZN,6,219.10190983123778,1.0,rebalance
2025-09-29,GLD,-5,351.7548295440674,1.0,rebalance
2025-09-29,NVDA,-3,179.98075536147715,1.0,rebalance
2025-09-29,MSFT,1,507.3765674640497,1.0,rebalance
2025-09-29,AAPL,3,253.64849530273963,1.0,rebalance
2025-09-29,AMZN,2,220.10200983123778,1.0,rebalance
2025-09-30,AMZN,-3,222.00779577941896,1.0,rebalance
2025-09-30,NVDA,-4,181.6266545259547,1.0,rebalance
2025-09-30,AAPL,1,253.94739727880355,1.0,rebalance
2025-09-30,GLD,2,351.16511788330075,1.0,rebalance
2025-10-01,GLD,-5,356.1343964263916,1.0,rebalance
2025-10-01,NVDA,-9,184.7787809713844,1.0,rebalance
2025-10-01,AAPL,1,254.12675736399797,1.0,rebalance
2025-10-01,AMZN,14,217.3817366104126,1.0,rebalance
2025-10-02,AMZN,-3,220.98789350738525,1.0,rebalance
2025-10-02,NVDA,-9,189.12793265551298,1.0,rebalance
2025-10-02,MSFT,1,513.4671719456204,1.0,rebalance
2025-10-02,AAPL,2,255.66125480230482,1.0,rebalance
2025-10-02,GLD,1,358.29583576660156,1.0,rebalance
2025-10-03,AMZN,-7,223.4176584411621,1.0,rebalance
2025-10-03,AAPL,4,253.75808525119626,1.0,rebalance
2025-10-03,GLD,2,357.1557071166992,1.0,rebalance
2025-10-06,AAPL,-5,257.014784325915,1.0,rebalance
2025-10-06,GLD,-7,362.12378766174317,1.0,rebalance
2025-10-06,AMZN,6,221.0221,1.0,rebalance
2025-10-06,NVDA,14,185.07515032291494,1.0,rebalance
2025-10-07,MSFT,-2,523.9264684534446,1.0,rebalance
2025-10-07,AMD,-2289,214.82852110290528,11.445,rebalance
2025-10-07,GLD,-4,366.4733587646484,1.0,rebalance
2025-10-07,AAPL,4,255.8904303640556,1.0,rebalance
2025-10-07,AMZN,4,220.90209288330078,1.0,rebalance
2025-10-07,NVDA,1,185.80346927111137,1.0,rebalance
2025-10-08,AMD,-41,212.92870194854737,1.0,rebalance
2025-10-08,GLD,-3,371.61282889709474,1.0,rebalance
2025-10-08,MSFT,4,519.0616000343108,1.0,rebalance
2025-10-08,AAPL,5,255.6014464077735,1.0,rebalance
2025-10-08,NVDA,5,186.14270983037247,1.0,rebalance
2025-10-09,MSFT,-14,518.025586176422,1.0,rebalance
2025-10-09,AAPL,-31,256.8354693042862,1.0,rebalance
2025-10-09,GLD,-37,373.10270064697266,1.0,rebalance
2025-10-09,AMZN,-38,224.9775,1.0,rebalance
2025-10-09,NVDA,-59,191.7513804600847,1.0,rebalance
2025-10-09,AMD,2330,236.32363305206297,11.65,rebalance
2025-10-10,AMZN,-6,226.1873857131958,1.0,rebalance
2025-10-10,NVDA,-7,193.02817736503243,1.0,rebalance
2025-10-10,AAPL,2,254.02711833238573,1.0,rebalance
2025-10-10,GLD,5,367.5767625457764,1.0,rebalance
2025-10-13,MSFT,-237,512.1445790829251,1.185,rebalance
2025-10-13,AAPL,-480,248.43734463514963,2.4,rebalance
2025-10-13,NVDA,-633,187.50199716623584,3.165,rebalance
2025-10-13,AMZN,-540,217.67822694854738,2.7,rebalance
2025-10-13,GLD,350,376.53765,1.75,rebalance
2025-10-14,GLD,-368,378.17217045593264,1.84,rebalance
2025-10-14,MSFT,239,506.11686427039706,1.195,rebalance
2025-10-14,AAPL,493,245.71700085701983,2.465,rebalance
2025-10-14,NVDA,658,184.34682561896443,3.29,rebalance
2025-10-14,AMZN,562,215.5815535583496,2.81,rebalance
2025-10-15,MSFT,-239,510.70661053332634,1.195,rebalance
2025-10-15,AAPL,-493,248.54691738424586,2.465,rebalance
2025-10-15,NVDA,-658,184.33987890856346,3.29,rebalance
2025-10-15,AMZN,-562,216.5983331176758,2.81,rebalance
2025-10-15,GLD,356,385.9685856750488,1.78,rebalance
2025-10-16,GLD,-6,391.1108788970947,1.0,rebalance
2025-10-17,GLD,-8,397.10030064697264,1.0,rebalance
2025-10-20,GLD,-357,397.41026720581056,1.7850000000000001,rebalance
2025-10-20,MSFT,243,510.46159194496875,1.215,rebalance
2025-10-20,AAPL,486,254.97371581323424,2.43,rebalance
2025-10-20,NVDA,679,182.71057952608476,3.395,rebalance
2025-10-20,AMZN,580,213.9013928833008,2.9,rebalance
2025-10-21,MSFT,-1,513.2256125327646,1.0,rebalance
2025-10-21,AAPL,-10,260.8900867232511,1.0,rebalance
2025-10-21,AMZN,-11,218.4081496765137,1.0,rebalance
2025-10-21,GLD,14,386.57866254577635,1.0,rebalance
2025-10-21,NVDA,1,182.37134942502541,1.0,rebalance
2025-10-22,MSFT,-3,516.8454926459451,1.0,rebalance
2025-10-22,AAPL,-5,261.6571655096858,1.0,rebalance
2025-10-22,AMZN,-7,219.27807305145265,1.0,rebalance
2025-10-22,GLD,15,372.787275,1.0,rebalance
2025-10-23,GLD,-9,381.4218454559326,1.0,rebalance
2025-10-23,AAPL,6,259.00919243279367,1.0,rebalance
2025-10-23,AMZN,2,219.0219,1.0,rebalance
2025-10-23,NVDA,6,180.0067616757489,1.0,rebalance
2025-10-24,AMZN,-5,221.94780422058105,1.0,rebalance
2025-10-24,NVDA,-9,183.38226508119192,1.0,rebalance
2025-10-24,GLD,5,378.54786076660156,1.0,rebalance
2025-10-27,MSFT,-1,527.3877000666733,1.0,rebalance
2025-10-27,AAPL,-2,263.8787893952086,1.0,rebalance
2025-10-27,AMZN,-9,227.63723766174317,1.0,rebalance
2025-10-27,NVDA,-16,189.5169648683909,1.0,rebalance
2025-10-27,GLD,17,371.16711788330076,1.0,rebalance
2025-10-28,MSFT,-7,545.4570899009433,1.0,rebalance
2025-10-28,AAPL,-6,267.97320632147625,1.0,rebalance
2025-10-28,NVDA,-8,192.5693479108389,1.0,rebalance
2025-10-28,GLD,17,361.8461785583496,1.0,rebalance
2025-10-29,GLD,-1,369.61302889709475,1.0,rebalance
2025-10-29,NVDA,-35,207.46214289828632,1.0,rebalance
2025-10-29,MSFT,5,540.5470146275069,1.0,rebalance
2025-10-29,AAPL,8,268.3157892335605,1.0,rebalance
2025-10-29,AMZN,2,231.6931651687622,1.0,rebalance
2025-10-30,AAPL,-9,270.96187962589414,1.0,rebalance
2025-10-30,MSFT,4,526.2036119232151,1.0,rebalance
2025-10-30,AMZN,5,227.0827035583496,1.0,rebalance
2025-10-31,AMZN,-38,250.0749961029053,1.0,rebalance
2025-10-31,MSFT,7,524.6164762669961,1.0,rebalance
2025-10-31,AAPL,1,275.99816724146933,1.0,rebalance
2025-10-31,GLD,5,370.5070482208252,1.0,rebalance
2025-10-31,NVDA,11,205.97714942143497,1.0,rebalance
2025-11-03,AMZN,-13,255.33446461029052,1.0,rebalance
2025-11-03,NVDA,-6,207.56192975374688,1.0,rebalance
2025-11-03,MSFT,3,515.6195687050191,1.0,rebalance
2025-11-03,AAPL,10,269.4516791679584,1.0,rebalance
2025-11-03,GLD,1,368.9468946624756,1.0,rebalance
2025-11-04,AAPL,-2,267.315710318087,1.0,rebalance
2025-11-04,AMZN,2,250.40504288330078,1.0,rebalance
2025-11-04,NVDA,5,202.5350662303012,1.0,rebalance
2025-11-05,AAPL,-1,267.5946525471409,1.0,rebalance
2025-11-05,GLD,-5,366.35337564697267,1.0,rebalance
2025-11-05,AMZN,2,249.0549017791748,1.0,rebalance
2025-11-05,NVDA,13,198.3147570846965,1.0,rebalance
2025-11-06,AAPL,-1,266.877384393907,1.0,rebalance
2025-11-06,GLD,-3,367.1232876617432,1.0,rebalance
2025-11-06,AMZN,-1,249.13508766174317,1.0,rebalance
2025-11-06,MSFT,2,501.58369260929834,1.0,rebalance
2025-11-06,NVDA,5,195.97012020492215,1.0,rebalance
2025-11-07,AAPL,-10,268.78014462729845,1.0,rebalance
2025-11-07,GLD,-10,367.9032084411621,1.0,rebalance
2025-11-07,MSFT,1,492.9439194704661,1.0,rebalance
2025-11-07,AMZN,5,242.92428389587403,1.0,rebalance
2025-11-07,NVDA,30,184.47650066380538,1.0,rebalance
2025-11-10,GLD,-2,375.89239967651366,1.0,rebalance
2025-11-10,AMZN,-1,248.31516233825684,1.0,rebalance
2025-11-10,NVDA,-22,194.62421450141346,1.0,rebalance
2025-11-10,MSFT,3,496.00899939309033,1.0,rebalance
2025-11-10,AAPL,9,268.2567060132421,1.0,rebalance
2025-11-11,GLD,-3,379.9420129852295,1.0,rebalance
2025-11-11,AAPL,1,269.10451025604675,1.0,rebalance
2025-11-11,AMZN,1,248.43484466247557,1.0,rebalance
2025-11-11,NVDA,2,194.71302291425746,1.0,rebalance
2025-11-12,MSFT,-1,505.1528179033713,1.0,rebalance
2025-11-12,AAPL,-6,274.226050662226,1.0,rebalance
2025-11-12,GLD,3,380.10801432495117,1.0,rebalance
2025-11-12,NVDA,2,195.27174170929322,1.0,rebalance
2025-11-13,MSFT,-1,506.0949794204108,1.0,rebalance
2025-11-13,GLD,-12,387.2512795440674,1.0,rebalance
2025-11-13,AMZN,13,243.07430805206297,1.0,rebalance
2025-11-13,NVDA,14,190.61243847069684,1.0,rebalance
2025-11-14,MSFT,-1,494.11478246023677,1.0,rebalance
2025-11-14,AAPL,-7,270.28717677197426,1.0,rebalance
2025-11-14,NVDA,-216,182.40470126694905,1.08,rebalance
2025-11-14,GLD,5,372.9072821166992,1.0,rebalance
2025-11-14,AMZN,3,235.0835035583496,1.0,rebalance
2025-11-17,MSFT,-5,504.2503293269923,1.0,rebalance
2025-11-17,AAPL,4,268.11708076737176,1.0,rebalance
2025-11-17,AMZN,6,233.273325,1.0,rebalance
2025-11-17,NVDA,218,185.54407563129283,1.09,rebalance
2025-11-18,MSFT,-248,491.27839735641084,1.24,rebalance
2025-11-18,AAPL,-466,269.23015975796056,2.33,rebalance
2025-11-18,NVDA,-674,182.92342641259935,3.37,rebalance
2025-11-18,AMZN,-536,228.07719610290528,2.68,rebalance
2025-11-18,GLD,372,374.8674695709228,1.86,rebalance
2025-11-19,GLD,-662,377.742220779419,3.31,rebalance
2025-11-19,MSFT,310,486.14913898764297,1.55,rebalance
2025-11-19,AAPL,570,264.8356705255254,2.85,rebalance
2025-11-19,NVDA,819,184.36676223056497,4.095,rebalance
2025-11-19,AMZN,675,223.76237949371338,3.375,rebalance
2025-11-20,MSFT,-310,489.55489397167145,1.55,rebalance
2025-11-20,AAPL,-570,270.0677967058829,2.85,rebalance
2025-11-20,NVDA,-819,195.46210893999933,4.095,rebalance
2025-11-20,AMZN,-675,227.02729805145265,3.375,rebalance
2025-11-20,GLD,681,375.32753754577635,3.4050000000000002,rebalance
2025-11-21,GLD,2,374.0674017791748,1.0,rebalance
2025-11-25,GLD,-391,380.2219837646484,1.955,rebalance
2025-11-25,MSFT,270,471.1284741132437,1.35,rebalance
2025-11-25,AAPL,464,274.55019456144936,2.32,rebalance
2025-11-25,NVDA,730,174.50941994183626,3.65,rebalance
2025-11-25,AMZN,563,226.40264288330079,2.815,rebalance
2025-11-26,MSFT,-2,483.19589783807197,1.0,rebalance
2025-11-26,AMZN,-2,230.71693149261475,1.0,rebalance
2025-11-26,NVDA,-16,181.1777636057845,1.0,rebalance
2025-11-26,AAPL,4,276.23579586701817,1.0,rebalance
2025-11-26,GLD,6,381.0981035583496,1.0,rebalance
2025-11-28,GLD,-5,385.9414129852295,1.0,rebalance
2025-11-28,NVDA,11,178.60001411457677,1.0,rebalance
2025-12-01,GLD,-386,390.57092435302735,1.93,rebalance
2025-12-01,MSFT,47,485.40930931891864,1.0,rebalance
2025-12-01,AAPL,284,277.28302880574154,1.42,rebalance
2025-12-01,AMZN,95,233.2433232208252,1.0,rebalance
2025-12-01,NVDA,152,174.35972354290365,1.0,rebalance
2025-12-02,MSFT,-43,483.60326348158446,1.0,rebalance
2025-12-02,AAPL,-286,282.2035503568186,1.43,rebalance
2025-12-02,AMZN,-96,234.98649350738526,1.0,rebalance
2025-12-02,NVDA,-152,181.30744439836613,1.0,rebalance
2025-12-02,GLD,389,388.9088821166992,1.945,rebalance
2025-12-03,GLD,-386,388.4211454559326,1.93,rebalance
2025-12-03,MSFT,54,473.3645092760641,1.0,rebalance
2025-12-03,AAPL,271,285.45165790895464,1.355,rebalance
2025-12-03,AMZN,101,233.37334110412598,1.0,rebalance
2025-12-03,NVDA,129,180.66527562266566,1.0,rebalance
2025-12-04,MSFT,-2,476.6878640760339,1.0,rebalance
2025-12-04,NVDA,-3,181.17786856255023,1.0,rebalance
2025-12-04,AAPL,5,283.3571467780537,1.0,rebalance
2025-12-04,AMZN,1,232.79328127288818,1.0,rebalance
2025-12-05,MSFT,-2,479.43014701841014,1.0,rebalance
2025-12-05,GLD,-1,389.0810831176758,1.0,rebalance
2025-12-05,NVDA,-11,183.4423405534626,1.0,rebalance
2025-12-05,AAPL,8,279.8064644870714,1.0,rebalance
2025-12-05,AMZN,6,230.34303932495118,1.0,rebalance
2025-12-08,MSFT,-3,481.78501656355076,1.0,rebalance
2025-12-08,AAPL,4,277.40272688732483,1.0,rebalance
2025-12-08,NVDA,2,182.2318326312764,1.0,rebalance
2025-12-09,MSFT,-50,485.9680060428086,1.0,rebalance
2025-12-09,AAPL,-283,277.37719201986215,1.415,rebalance
2025-12-09,AMZN,-92,226.81731233825684,1.0,rebalance
2025-12-09,NVDA,-137,185.10828376610542,1.0,rebalance
2025-12-09,GLD,387,385.6585571166992,1.935,rebalance
2025-12-10,AMZN,-6,228.78711655883788,1.0,rebalance
2025-12-10,MSFT,2,481.0267062767625,1.0,rebalance
2025-12-10,NVDA,1,184.5566456267667,1.0,rebalance
2025-12-11,GLD,-387,388.98108701477054,1.935,rebalance
2025-12-11,MSFT,52,473.6726058975588,1.0,rebalance
2025-12-11,AAPL,280,278.3701748745861,1.4000000000000001,rebalance
2025-12-11,AMZN,94,230.73307771453858,1.0,rebalance
2025-12-11,NVDA,146,179.87710834919986,1.0,rebalance
2025-12-12,GLD,-5,399.1200876617432,1.0,rebalance
2025-12-12,NVDA,-1,180.66913018554786,1.0,rebalance
2025-12-12,AAPL,5,277.17333838520585,1.0,rebalance
2025-12-12,AMZN,4,229.89298211669922,1.0,rebalance
2025-12-15,MSFT,-1,477.0256655758701,1.0,rebalance
2025-12-15,AAPL,-8,279.361548387637,1.0,rebalance
2025-12-15,AMZN,4,227.95278567504883,1.0,rebalance
2025-12-15,NVDA,12,177.54234279186855,1.0,rebalance
2025-12-16,MSFT,-49,468.8881179660168,1.0,rebalance
2025-12-16,AAPL,-277,272.0522055542961,1.385,rebalance
2025-12-16,AMZN,-98,223.0176892868042,1.0,rebalance
2025-12-16,NVDA,-135,175.83091642720464,1.0,rebalance
2025-12-16,GLD,364,397.789775,1.82,rebalance
2025-12-17,MSFT,-1,473.85607654586676,1.0,rebalance
2025-12-17,AAPL,-2,274.2360324431709,1.0,rebalance
2025-12-17,AMZN,-1,224.63753766174315,1.0,rebalance
2025-12-17,GLD,2,398.11979457092286,1.0,rebalance
2025-12-17,NVDA,3,175.7064500224134,1.0,rebalance
2025-12-18,MSFT,-1,475.1278694527412,1.0,rebalance
2025-12-18,AMZN,-4,225.6874357131958,1.0,rebalance
2025-12-18,AAPL,1,272.89452576418927,1.0,rebalance
2025-12-18,NVDA,6,174.1399606409744,1.0,rebalance
2025-12-19,MSFT,-4,484.23912418109074,1.0,rebalance
2025-12-19,NVDA,-5,176.239941473707,1.0,rebalance
2025-12-19,AAPL,5,271.4383717757698,1.0,rebalance
2025-12-19,GLD,2,397.95980542907716,1.0,rebalance
2025-12-22,GLD,-4,406.9393129852295,1.0,rebalance
2025-12-22,NVDA,-19,183.4722791623948,1.0,rebalance
2025-12-22,MSFT,3,483.10372896314897,1.0,rebalance
2025-12-22,AAPL,5,272.14653234717787,1.0,rebalance
2025-12-22,AMZN,3,228.6328616104126,1.0,rebalance
2025-12-23,GLD,-4,410.2589577941895,1.0,rebalance
2025-12-23,MSFT,1,481.9707782549576,1.0,rebalance
2025-12-23,AAPL,4,270.131813967743,1.0,rebalance
2025-12-23,NVDA,3,182.56111139539138,1.0,rebalance
2025-12-24,AMZN,-3,232.10679188232422,1.0,rebalance
2025-12-24,NVDA,-12,187.48249359735726,1.0,rebalance
2025-12-24,MSFT,2,482.6664376611453,1.0,rebalance
2025-12-24,AAPL,1,271.62789110535897,1.0,rebalance
2025-12-24,GLD,1,412.291225,1.0,rebalance
2025-12-26,GLD,-1,416.4383629852295,1.0,rebalance
2025-12-26,NVDA,-3,189.45768085588955,1.0,rebalance
2025-12-26,MSFT,1,483.69004433258493,1.0,rebalance
2025-12-26,AMZN,2,232.06319728546143,1.0,rebalance
2025-12-29,MSFT,-1,481.7551562673263,1.0,rebalance
2025-12-29,AAPL,-2,271.92257850091465,1.0,rebalance
2025-12-29,AMZN,-5,231.91680844116212,1.0,rebalance
2025-12-29,GLD,10,403.70036966247557,1.0,rebalance
2025-12-30,MSFT,-1,482.81829652129085,1.0,rebalance
2025-12-30,NVDA,-2,187.7817707939554,1.0,rebalance
2025-12-30,AMZN,1,231.23312771453857,1.0,rebalance
2025-12-31,MSFT,-1,484.7160881036926,1.0,rebalance
2025-12-31,AAPL,-1,272.29153212123475,1.0,rebalance
2025-12-31,AMZN,-3,232.88671266174316,1.0,rebalance
2025-12-31,NVDA,-5,189.10853319519447,1.0,rebalance
2025-12-31,GLD,7,398.639866104126,1.0,rebalance
2026-01-02,GLD,-4,401.5798331176758,1.0,rebalance
2026-01-02,NVDA,-1,189.37787332229078,1.0,rebalance
2026-01-02,MSFT,1,481.3844588151455,1.0,rebalance
2026-01-02,AMZN,2,231.3631303375244,1.0,rebalance
2026-01-05,GLD,-375,406.34937564697265,1.875,rebalance
2026-01-05,MSFT,55,471.1185807969175,1.0,rebalance
2026-01-05,AAPL,297,269.9323355588068,1.485,rebalance
2026-01-05,AMZN,108,228.86288033752442,1.0,rebalance
2026-01-05,NVDA,113,191.33144945455012,1.0,rebalance
2026-01-06,GLD,-2,410.6289464263916,1.0,rebalance
2026-01-06,AMZN,-9,232.07679610290526,1.0,rebalance
2026-01-06,AAPL,10,266.3018432593208,1.0,rebalance
2026-01-06,NVDA,5,190.09423598985987,1.0,rebalance
2026-01-07,MSFT,-51,476.68784258915156,1.0,rebalance
2026-01-07,AAPL,-289,262.45927708462,1.445,rebalance
2026-01-07,AMZN,-117,239.58603961029053,1.0,rebalance
2026-01-07,NVDA,-113,188.11097243104297,1.0,rebalance
2026-01-07,GLD,367,408.6708678833008,1.835,rebalance
2026-01-08,MSFT,-2,478.15833833270597,1.0,rebalance
2026-01-08,AMZN,-9,243.0356915588379,1.0,rebalance
2026-01-08,NVDA,-4,188.64965599762223,1.0,rebalance
2026-01-08,AAPL,10,256.3479490038371,1.0,rebalance
2026-01-08,GLD,1,407.0106982208252,1.0,rebalance
2026-01-09,AAPL,-2,258.3508650977775,1.0,rebalance
2026-01-09,GLD,-7,413.17867922058105,1.0,rebalance
2026-01-09,AMZN,-3,244.54555032348634,1.0,rebalance
2026-01-09,MSFT,4,471.1185283380778,1.0,rebalance
2026-01-09,NVDA,15,184.66638868923417,1.0,rebalance
2026-01-12,GLD,-7,421.4778370147705,1.0,rebalance
2026-01-12,AMZN,-1,246.70532272796632,1.0,rebalance
2026-01-12,AAPL,2,258.48232631114644,1.0,rebalance
2026-01-12,NVDA,12,182.810548400456,1.0,rebalance
2026-01-13,GLD,-359,424.54753733825686,1.795,rebalance
2026-01-13,MSFT,52,471.7346881496232,1.0,rebalance
2026-01-13,AAPL,313,258.04347930965093,1.565,rebalance
2026-01-13,AMZN,96,246.5546517791748,1.0,rebalance
2026-01-13,NVDA,122,184.5865557163427,1.0,rebalance
2026-01-14,MSFT,-46,463.4729792102064,1.0,rebalance
2026-01-14,AAPL,-315,258.75972952668,1.575,rebalance
2026-01-14,AMZN,-86,241.12587889709474,1.0,rebalance
2026-01-14,NVDA,-129,183.8713276411127,1.0,rebalance
2026-01-14,GLD,350,426.0726017791748,1.75,rebalance
2026-01-15,AAPL,-3,259.9164483732919,1.0,rebalance
2026-01-15,NVDA,-9,186.0460015188511,1.0,rebalance
2026-01-15,GLD,3,423.0622910125732,1.0,rebalance
2026-01-15,AMZN,2,239.3339285583496,1.0,rebalance
2026-01-16,AAPL,-165,257.1741911400377,1.0,rebalance
2026-01-16,NVDA,-11,188.61973122208897,1.0,rebalance
2026-01-16,MSFT,3,454.9892306061501,1.0,rebalance
2026-01-20,GLD,-20,436.64633344116214,1.0,rebalance
2026-01-20,MSFT,3,448.4202858965714,1.0,rebalance
2026-01-20,AAPL,176,252.06915369749538,1.0,rebalance
2026-01-20,AMZN,9,233.78337050628662,1.0,rebalance
2026-01-20,NVDA,23,181.49350533695463,1.0,rebalance
2026-01-21,MSFT,-290,449.7017652658799,1.45,rebalance
2026-01-21,AAPL,-516,248.00010303338505,2.58,rebalance
2026-01-21,NVDA,-717,178.61413008008017,3.585,rebalance
2026-01-21,AMZN,-556,231.06688733825683,2.7800000000000002,rebalance
2026-01-21,GLD,321,446.9146821166992,1.605,rebalance
2026-01-22,GLD,-330,443.79561233825683,1.6500000000000001,rebalance
2026-01-22,MSFT,291,444.8425802097605,1.455,rebalance
2026-01-22,AAPL,521,248.54837812164087,2.605,rebalance
2026-01-22,NVDA,703,184.33712341558393,3.515,rebalance
2026-01-22,AMZN,554,234.07340805206297,2.77,rebalance
2026-01-23,GLD,-7,454.06457435302735,1.0,rebalance
2026-01-23,NVDA,-2,187.04356503230593,1.0,rebalance
2026-01-23,AAPL,9,246.67331727901146,1.0,rebalance
2026-01-23,AMZN,3,234.98350271453856,1.0,rebalance
2026-01-26,MSFT,-2,462.3303699150215,1.0,rebalance
2026-01-26,GLD,-5,466.73332077941893,1.0,rebalance
2026-01-26,AMZN,-1,239.95599772796632,1.0,rebalance
2026-01-26,AAPL,1,250.82241489333157,1.0,rebalance
2026-01-26,NVDA,12,186.74174715176034,1.0,rebalance
2026-01-27,MSFT,-3,470.6666503506713,1.0,rebalance
2026-01-27,AAPL,-11,258.440612696904,1.0,rebalance
2026-01-27,GLD,4,465.11651432495114,1.0,rebalance
2026-01-27,AMZN,3,239.7139714416504,1.0,rebalance
2026-01-27,NVDA,5,186.8215647489952,1.0,rebalance
2026-01-28,GLD,-8,483.34167564697265,1.0,rebalance
2026-01-28,AMZN,-3,246.34535811767577,1.0,rebalance
2026-01-28,AAPL,12,256.97628314769776,1.0,rebalance
2026-01-29,GLD,-25,509.45905876464843,1.0,rebalance
2026-01-29,NVDA,-1,190.8742212686872,1.0,rebalance
2026-01-29,MSFT,26,437.25994886263055,1.0,rebalance
2026-01-29,AMZN,7,242.84428932495118,1.0,rebalance
2026-01-30,MSFT,-108,436.3577763702705,1.0,rebalance
2026-01-30,AAPL,-9,254.45187404037108,1.0,rebalance
2026-01-30,AMZN,-8,239.8660103897095,1.0,rebalance
2026-01-30,NVDA,-19,190.744546075694,1.0,rebalance
2026-01-30,GLD,28,466.296625,1.0,rebalance
2026-02-02,AAPL,-21,259.2982163750554,1.0,rebalance
2026-02-02,AMZN,-9,238.2861665588379,1.0,rebalance
2026-02-02,NVDA,-1,186.74428960593644,1.0,rebalance
2026-02-02,MSFT,100,427.57045789183667,1.0,rebalance
2026-02-02,GLD,24,434.05341076660153,1.0,rebalance
2026-02-03,AAPL,-8,268.44241899243895,1.0,rebalance
2026-02-03,GLD,-11,452.58474188232424,1.0,rebalance
2026-02-03,AMZN,-5,244.9554977279663,1.0,rebalance
2026-02-03,MSFT,11,419.3915131573731,1.0,rebalance
2026-02-03,NVDA,15,185.8237913858819,1.0,rebalance
2026-02-04,AAPL,-9,271.52370525462766,1.0,rebalance
2026-02-04,GLD,-14,462.42375422058103,1.0,rebalance
2026-02-04,MSFT,7,408.449806355148,1.0,rebalance
2026-02-04,AMZN,9,238.8838866104126,1.0,rebalance
2026-02-04,NVDA,22,179.05896126101587,1.0,rebalance
2026-02-05,MSFT,-4,404.8309253019501,1.0,rebalance
2026-02-05,AAPL,-20,277.34724798768497,1.0,rebalance
2026-02-05,NVDA,-242,174.50415982668036,1.21,rebalance
2026-02-05,GLD,8,444.3344375457764,1.0,rebalance
2026-02-05,AMZN,22,224.9324946624756,1.0,rebalance
2026-02-06,MSFT,-318,396.6138977377125,1.59,rebalance
2026-02-06,AAPL,-465,276.340098541842,2.325,rebalance
2026-02-06,NVDA,-491,176.2599003050089,2.455,rebalance
2026-02-06,AMZN,-572,202.67972694854737,2.86,rebalance
2026-02-06,GLD,308,450.77508398742674,1.54,rebalance
2026-02-09,GLD,-327,461.34387564697266,1.635,rebalance
2026-02-09,MSFT,318,402.33797585290483,1.59,rebalance
2026-02-09,AAPL,462,277.44268769332393,2.31,rebalance
2026-02-09,NVDA,696,183.84820683789576,3.48,rebalance
2026-02-09,AMZN,613,208.9908982208252,3.065,rebalance
2026-02-10,MSFT,-6,416.9329500968727,1.0,rebalance
2026-02-10,NVDA,-17,190.91414188480107,1.0,rebalance
2026-02-10,AAPL,11,274.42775025059433,1.0,rebalance
2026-02-10,AMZN,8,208.82088305206298,1.0,rebalance
2026-02-11,NVDA,-4,191.98151417949163,1.0,rebalance
2026-02-11,MSFT,1,413.59767099773507,1.0,rebalance
2026-02-11,AMZN,2,208.0808035583496,1.0,rebalance
2026-02-12,AAPL,-4,275.07154860461515,1.0,rebalance
2026-02-12,GLD,-2,464.85350389709475,1.0,rebalance
2026-02-12,NVDA,-7,192.56010695129564,1.0,rebalance
2026-02-12,MSFT,6,402.48702858782605,1.0,rebalance
2026-02-12,AMZN,8,203.98040271453857,1.0,rebalance
2026-02-13,MSFT,-4,401.8600912447477,1.0,rebalance
2026-02-13,GLD,-4,459.6840379852295,1.0,rebalance
2026-02-13,AAPL,13,261.56942334306393,1.0,rebalance
2026-02-13,AMZN,3,198.89989288330077,1.0,rebalance
2026-02-13,NVDA,6,187.06102469756252,1.0,rebalance
2026-02-17,MSFT,-1,396.66359144786895,1.0,rebalance
2026-02-17,AMZN,-6,198.11019188232422,1.0,rebalance
2026-02-17,GLD,2,450.3050357666016,1.0,rebalance
2026-02-17,NVDA,10,181.34382612779916,1.0,rebalance
2026-02-18,AAPL,-2,263.1041428012269,1.0,rebalance
2026-02-18,AMZN,-3,202.04980032348632,1.0,rebalance
2026-02-18,NVDA,-14,188.29051338163688,1.0,rebalance
2026-02-18,MSFT,5,395.65969946908046,1.0,rebalance
2026-02-18,GLD,1,455.8555785583496,1.0,rebalance
2026-02-19,MSFT,-2,399.032879333962,1.0,rebalance
2026-02-19,AMZN,-4,203.77962305145263,1.0,rebalance
2026-02-19,AAPL,2,262.15841793620433,1.0,rebalance
2026-02-19,NVDA,6,186.64196122384936,1.0,rebalance
2026-02-20,GLD,-6,463.20367500000003,1.0,rebalance
2026-02-20,AMZN,-3,204.73951850738527,1.0,rebalance
2026-02-20,MSFT,3,394.5506855583432,1.0,rebalance
2026-02-20,AAPL,7,258.5345320427279,1.0,rebalance
2026-02-20,NVDA,2,186.15306232954623,1.0,rebalance
2026-02-23,GLD,-4,474.6025288970947,1.0,rebalance
2026-02-23,NVDA,-6,190.9340594587371,1.0,rebalance
2026-02-23,MSFT,6,393.4450513198077,1.0,rebalance
2026-02-24,AAPL,-11,267.35609949260447,1.0,rebalance
2026-02-24,NVDA,-5,191.02386556205457,1.0,rebalance
2026-02-24,MSFT,7,382.62785108953625,1.0,rebalance
2026-02-24,GLD,1,470.1370053375244,1.0,rebalance
2026-02-24,AMZN,3,205.4905482208252,1.0,rebalance
2026-02-25,AMZN,-5,210.4389607131958,1.0,rebalance
2026-02-25,GLD,1,475.7875642333984,1.0,rebalance
2026-02-26,MSFT,-9,403.03621685200477,1.0,rebalance
2026-02-26,AAPL,-2,274.4327667884213,1.0,rebalance
2026-02-26,GLD,4,474.99750720825193,1.0,rebalance
2026-02-26,AMZN,2,210.7510687271118,1.0,rebalance
2026-02-26,NVDA,4,193.83586295009673,1.0,rebalance
2026-02-27,AAPL,-5,272.2968115621778,1.0,rebalance
2026-02-27,GLD,-12,480.701925,1.0,rebalance
2026-02-27,MSFT,5,389.3412981927297,1.0,rebalance
2026-02-27,AMZN,1,206.8506848312378,1.0,rebalance
2026-02-27,NVDA,36,180.8449540997887,1.0,rebalance
2026-03-02,MSFT,-3,391.235211625099,1.0,rebalance
2026-03-02,GLD,-12,490.0509961029053,1.0,rebalance
2026-03-02,AAPL,14,261.9687249490253,1.0,rebalance
2026-03-02,AMZN,3,204.57045805206297,1.0,rebalance
2026-03-02,NVDA,20,174.6188836683793,1.0,rebalance
2026-03-03,MSFT,-3,391.51409891418325,1.0,rebalance
2026-03-03,AAPL,-4,262.9843727353894,1.0,rebalance
2026-03-03,NVDA,-18,178.05550617558686,1.0,rebalance
2026-03-03,GLD,12,472.87726957092286,1.0,rebalance
2026-03-04,MSFT,-2,399.61044901680026,1.0,rebalance
2026-03-04,AMZN,-13,210.44895422058104,1.0,rebalance
2026-03-04,AAPL,3,264.2049660075418,1.0,rebalance
2026-03-04,GLD,4,474.8674893249512,1.0,rebalance
2026-03-05,MSFT,-2,402.747438557513,1.0,rebalance
2026-03-05,AMZN,-15,215.95839772796631,1.0,rebalance
2026-03-05,NVDA,-1,180.7289652357302,1.0,rebalance
2026-03-05,AAPL,8,260.3514662996182,1.0,rebalance
2026-03-05,GLD,4,470.49705720825193,1.0,rebalance
2026-03-06,MSFT,-5,407.50768436682125,1.0,rebalance
2026-03-06,AAPL,3,258.1950888234833,1.0,rebalance
2026-03-06,GLD,1,469.0869125457764,1.0,rebalance
2026-03-06,NVDA,3,179.4381073955488,1.0,rebalance
2026-03-09,MSFT,-314,403.2453717754922,1.57,rebalance
2026-03-09,AAPL,-495,255.20899142299734,2.475,rebalance
2026-03-09,NVDA,-712,176.3995403569403,3.56,rebalance
2026-03-09,AMZN,-594,210.42895194854736,2.97,rebalance
2026-03-09,GLD,305,468.13680533752444,1.5250000000000001,rebalance
2026-03-10,GLD,-9,479.69201623535156,1.0,rebalance
2026-03-11,GLD,-303,476.0823918823242,1.5150000000000001,rebalance
2026-03-11,MSFT,315,403.9734604061112,1.575,rebalance
2026-03-11,AAPL,489,260.65096043634367,2.445,rebalance
2026-03-11,NVDA,687,185.50457055107918,3.435,rebalance
2026-03-11,AMZN,591,215.73157771453856,2.955,rebalance
2026-03-12,GLD,-3,474.97248701477054,1.0,rebalance
2026-03-12,AAPL,1,258.2250607440078,1.0,rebalance
2026-03-12,AMZN,10,210.4110383895874,1.0,rebalance
2026-03-12,NVDA,2,183.6486425131148,1.0,rebalance
2026-03-13,MSFT,-315,399.3415682350231,1.575,rebalance
2026-03-13,AAPL,-490,254.99938844528455,2.45,rebalance
2026-03-13,NVDA,-689,184.47982633126725,3.4450000000000003,rebalance
2026-03-13,AMZN,-601,209.58903961029054,3.005,rebalance
2026-03-13,GLD,308,469.3569285583496,1.54,rebalance
2026-03-16,GLD,7,461.3161160125732,1.0,rebalance
2026-03-17,GLD,-307,460.46395876464845,1.5350000000000001,rebalance
2026-03-17,MSFT,312,398.6942923353794,1.56,rebalance
2026-03-17,AAPL,493,252.53463912948547,2.465,rebalance
2026-03-17,NVDA,675,184.65642146615718,3.375,rebalance
2026-03-17,AMZN,585,212.84128932495116,2.9250000000000003,rebalance
2026-03-18,AAPL,-4,252.15475878314632,1.0,rebalance
2026-03-18,AMZN,-8,213.9085996765137,1.0,rebalance
2026-03-18,GLD,8,446.70466966247557,1.0,rebalance
2026-03-18,NVDA,2,182.082051136204,1.0,rebalance
2026-03-19,MSFT,-4,388.48666508409536,1.0,rebalance
2026-03-19,AAPL,-8,248.93083311325503,1.0,rebalance
2026-03-19,NVDA,-3,177.58627709744172,1.0,rebalance
2026-03-19,GLD,14,420.40202135009764,1.0,rebalance
2026-03-20,GLD,-6,428.04718733825683,1.0,rebalance
2026-03-20,MSFT,3,385.26741407593784,1.0,rebalance
2026-03-20,AAPL,3,247.56299492223158,1.0,rebalance
2026-03-20,AMZN,1,207.420733895874,1.0,rebalance
2026-03-20,NVDA,1,177.61181234737347,1.0,rebalance
2026-03-23,MSFT,-177,382.3123195365169,1.0,rebalance
2026-03-23,AAPL,-283,253.49223361252382,1.415,rebalance
2026-03-23,AMZN,-335,209.7690142868042,1.675,rebalance
2026-03-23,NVDA,-387,176.83805595650236,1.935,rebalance
2026-03-23,GLD,356,405.1605071166992,1.78,rebalance
2026-03-24,MSFT,-1,380.77865113038473,1.0,rebalance
2026-03-24,GLD,3,400.28001423339845,1.0,rebalance
2026-03-24,NVDA,1,174.44873735921018,1.0,rebalance
2026-03-25,GLD,-19,419.6680204559326,1.0,rebalance
2026-03-25,MSFT,4,375.4362623548938,1.0,rebalance
2026-03-25,AAPL,2,253.67272217025624,1.0,rebalance
2026-03-25,AMZN,1,211.5811535583496,1.0,rebalance
2026-03-25,NVDA,3,176.7137929684805,1.0,rebalance
2026-03-26,AMZN,-2,210.58893961029054,1.0,rebalance
2026-03-26,NVDA,-2,175.65090731807982,1.0,rebalance
2026-03-26,GLD,9,408.5708517791748,1.0,rebalance
2026-03-27,AAPL,-3,253.42235732900087,1.0,rebalance
2026-03-27,MSFT,3,360.47536051084546,1.0,rebalance
2026-03-27,AMZN,2,206.48065271453856,1.0,rebalance
2026-03-27,NVDA,8,169.62925573973928,1.0,rebalance
2026-03-30,GLD,-586,419.4980545440674,2.93,rebalance
2026-03-30,MSFT,127,360.47534946840835,1.0,rebalance
2026-03-30,AAPL,380,249.64949544895413,1.9000000000000001,rebalance
2026-03-30,AMZN,475,201.5001437271118,2.375,rebalance
2026-03-30,NVDA,562,168.4119270337601,2.81,rebalance
2026-03-31,AMZN,-11,204.8295211029053,1.0,rebalance
2026-03-31,NVDA,-279,166.57256610861222,1.395,rebalance
2026-03-31,MSFT,132,363.11492965763523,1.0,rebalance
2026-03-31,AAPL,5,247.49313738584996,1.0,rebalance
2026-04-01,MSFT,-69,371.9453490586826,1.0,rebalance
2026-04-01,AAPL,-101,253.60203215680318,1.0,rebalance
2026-04-01,AMZN,-125,210.41895844116212,1.0,rebalance
2026-04-01,GLD,238,435.0435,1.19,rebalance
2026-04-01,NVDA,116,175.6161871186822,1.0,rebalance
2026-04-02,AAPL,-9,253.7217993394079,1.0,rebalance
2026-04-02,GLD,7,422.33223754577637,1.0,rebalance
2026-04-02,NVDA,4,171.80449709336503,1.0,rebalance
2026-04-06,MSFT,-1,371.94532509826064,1.0,rebalance
2026-04-06,NVDA,-8,176.7383018796792,1.0,rebalance
2026-04-06,AAPL,2,256.07868060005956,1.0,rebalance
2026-04-07,AMZN,-5,211.21888149261474,1.0,rebalance
2026-04-07,MSFT,1,368.88215728538967,1.0,rebalance
2026-04-07,NVDA,3,175.346759974312,1.0,rebalance
2026-04-08,MSFT,-1,383.38785004959215,1.0,rebalance
2026-04-08,AMZN,-15,223.7676142868042,1.0,rebalance
2026-04-08,NVDA,-11,184.06083579011457,1.0,rebalance
2026-04-08,AAPL,11,258.0154310873579,1.0,rebalance
2026-04-08,GLD,1,440.0240089874267,1.0,rebalance
2026-04-09,GLD,-244,436.42635422058106,1.22,rebalance
2026-04-09,MSFT,45,371.03366294208035,1.0,rebalance
2026-04-09,AAPL,245,258.56448825888003,1.225,rebalance
2026-04-09,AMZN,54,225.2525187271118,1.0,rebalance
2026-04-09,NVDA,81,181.44344131475583,1.0,rebalance
2026-04-10,GLD,-81,438.5461373382568,1.0,rebalance
2026-04-10,MSFT,27,371.5117855921917,1.0,rebalance
2026-04-10,AAPL,50,259.5428336004413,1.0,rebalance
2026-04-10,AMZN,16,235.323533052063,1.0,rebalance
2026-04-10,NVDA,44,183.9080626371859,1.0,rebalance
2026-04-13,AMZN,-3,237.42625194854736,1.0,rebalance
2026-04-13,NVDA,-4,185.58718624997556,1.0,rebalance
2026-04-13,AAPL,2,259.29326263930693,1.0,rebalance
2026-04-13,GLD,1,434.8234767791748,1.0,rebalance
2026-04-14,MSFT,-8,386.3156859451407,1.0,rebalance
2026-04-14,AMZN,-2,241.75582077941894,1.0,rebalance
2026-04-14,NVDA,-8,190.3857359330793,1.0,rebalance
2026-04-14,AAPL,14,258.81407106971943,1.0,rebalance
2026-04-14,GLD,1,439.36393932495116,1.0,rebalance
2026-04-15,MSFT,-4,396.3539890073936,1.0,rebalance
2026-04-15,AMZN,-9,249.225075,1.0,rebalance
2026-04-15,NVDA,-11,196.07217593310517,1.0,rebalance
2026-04-15,AAPL,16,257.7258961783618,1.0,rebalance
2026-04-15,GLD,1,442.9242928833008,1.0,rebalance
2026-04-16,MSFT,-13,418.123555341371,1.0,rebalance
2026-04-16,AAPL,-10,266.2980909754425,1.0,rebalance
2026-04-16,GLD,4,442.194208895874,1.0,rebalance
2026-04-16,AMZN,13,248.53484550628662,1.0,rebalance
2026-04-16,NVDA,10,196.99944198363386,1.0,rebalance
2026-04-17,AMZN,-9,254.96450649261476,1.0,rebalance
2026-04-17,NVDA,-1,199.4241632218078,1.0,rebalance
2026-04-17,AAPL,7,266.51108079184206,1.0,rebalance
2026-04-20,AAPL,-12,269.8214275474377,1.0,rebalance
2026-04-20,NVDA,-3,199.5039715308631,1.0,rebalance
2026-04-20,MSFT,1,419.49212981041364,1.0,rebalance
2026-04-20,GLD,1,443.1743178833008,1.0,rebalance
2026-04-20,AMZN,11,249.21492144165038,1.0,rebalance
2026-04-21,AMZN,-10,255.06448733825684,1.0,rebalance
2026-04-21,NVDA,-3,201.64888105349286,1.0,rebalance
2026-04-21,MSFT,3,418.5857215368707,1.0,rebalance
2026-04-21,GLD,2,438.59384279174805,1.0,rebalance
2026-04-22,MSFT,-6,424.42740409358584,1.0,rebalance
2026-04-22,AAPL,8,267.36966889902266,1.0,rebalance
2026-04-22,GLD,1,436.3136160125732,1.0,rebalance
2026-04-22,AMZN,3,252.46524644165038,1.0,rebalance
2026-04-23,AAPL,-15,274.53255485109213,1.0,rebalance
2026-04-23,AMZN,-1,255.36446038970948,1.0,rebalance
2026-04-23,MSFT,7,418.23708480260626,1.0,rebalance
2026-04-23,GLD,2,434.0033874542236,1.0,rebalance
2026-04-24,AMZN,-13,259.9540129852295,1.0,rebalance
2026-04-24,MSFT,2,415.32859986882005,1.0,rebalance
2026-04-24,AAPL,4,272.30132905158763,1.0,rebalance
2026-04-24,NVDA,7,199.5239331076985,1.0,rebalance
2026-04-27,MSFT,-1,420.63315540837857,1.0,rebalance
2026-04-27,AMZN,-4,263.4336454559326,1.0,rebalance
2026-04-27,NVDA,-30,209.15096125379927,1.0,rebalance
2026-04-27,AAPL,26,265.64255052699116,1.0,rebalance
2026-04-27,GLD,2,431.7031696624756,1.0,rebalance
2026-04-28,MSFT,-2,422.8140973674499,1.0,rebalance
2026-04-28,AAPL,-17,271.8276684164115,1.0,rebalance
2026-04-28,TXN,-1959,264.7555652456012,9.795,rebalance
2026-04-28,GLD,5,420.7620732208252,1.0,rebalance
2026-04-28,AMZN,12,258.4158536499023,1.0,rebalance
2026-04-28,NVDA,1,209.03315410932893,1.0,rebalance
2026-04-29,MSFT,-3,422.824019819266,1.0,rebalance
2026-04-29,AMZN,-3,257.96419123535156,1.0,rebalance
2026-04-29,NVDA,-17,212.1937042243209,1.0,rebalance
2026-04-29,AAPL,7,267.10006983331556,1.0,rebalance
2026-04-29,TXN,29,266.9270803594582,1.0,rebalance
2026-04-30,AAPL,-3,269.9911444193996,1.0,rebalance
2026-04-30,GLD,-2,425.2974623382568,1.0,rebalance
2026-04-30,AMZN,-31,273.1426964263916,1.0,rebalance
2026-04-30,TXN,-6,267.4675521864511,1.0,rebalance
2026-04-30,MSFT,14,409.19283984741526,1.0,rebalance
2026-04-30,NVDA,14,209.47218771849475,1.0,rebalance
2026-05-01,MSFT,-11,411.09276420858646,1.0,rebalance
2026-05-01,AAPL,-46,278.3354057518683,1.0,rebalance
2026-05-01,GLD,-3,421.3678626617432,1.0,rebalance
2026-05-01,NVDA,-506,200.80088703037038,2.5300000000000002,rebalance
2026-05-01,TXN,118,277.2921059152839,1.0,rebalance
2026-05-04,MSFT,-1,409.8379821982542,1.0,rebalance
2026-05-04,AAPL,-7,279.1338818318565,1.0,rebalance
2026-05-04,AMZN,-10,268.77310779418946,1.0,rebalance
2026-05-04,NVDA,519,199.0649263106103,2.595,rebalance
2026-05-04,TXN,34,280.84611026067995,1.0,rebalance
2026-05-05,MSFT,-1,413.60237084303554,1.0,rebalance
2026-05-05,INTC,-5022,100.49995113601685,25.11,rebalance
2026-05-05,AMZN,-11,276.0523785736084,1.0,rebalance
2026-05-05,AAPL,13,276.46432558523173,1.0,rebalance
2026-05-05,NVDA,7,198.86536657298964,1.0,rebalance
2026-05-05,TXN,1784,279.0990575995068,8.92,rebalance
2026-05-06,MSFT,-17,406.31261324250306,1.0,rebalance
2026-05-06,AAPL,-59,281.38968319547297,1.0,rebalance
2026-05-06,GLD,-14,430.10697889709473,1.0,rebalance
2026-05-06,AMZN,-28,272.86272564697265,1.0,rebalance
2026-05-06,NVDA,-49,199.41419511108808,1.0,rebalance
2026-05-06,INTC,5022,110.99110135726929,25.11,rebalance
2026-05-07,MSFT,-56,418.3725350542469,1.0,rebalance
2026-05-07,AAPL,-270,288.72582981740044,1.35,rebalance
2026-05-07,AMZN,-75,274.9924870147705,1.0,rebalance
2026-05-07,NVDA,-123,207.84408598504305,1.0,rebalance
2026-05-07,GLD,334,435.65354635009766,1.67,rebalance
2026-05-08,AAPL,-1,289.46443490351027,1.0,rebalance
2026-05-08,NVDA,-14,212.52292465839685,1.0,rebalance
2026-05-08,MSFT,1,415.7469470299222,1.0,rebalance
2026-05-08,GLD,2,434.09339279174804,1.0,rebalance
2026-05-08,AMZN,5,271.65716788330076,1.0,rebalance
2026-05-11,AAPL,-4,291.6992440410775,1.0,rebalance
2026-05-11,NVDA,-4,213.5305105512839,1.0,rebalance
2026-05-11,MSFT,6,406.2643928280701,1.0,rebalance
2026-05-11,AMZN,2,269.8669803375244,1.0,rebalance
2026-05-12,MSFT,-3,412.765834760537,1.0,rebalance
2026-05-12,AMD,-1078,449.205075,5.39,rebalance
2026-05-12,NVDA,-11,218.02978919018946,1.0,rebalance
2026-05-12,GLD,4,430.74308220825196,1.0,rebalance
2026-05-12,AMZN,6,266.7366624542236,1.0,rebalance
2026-05-13,AAPL,-7,293.21776480219995,1.0,rebalance
2026-05-13,GLD,-5,430.4769370147705,1.0,rebalance
2026-05-13,NVDA,-23,224.3945888323491,1.0,rebalance
2026-05-13,MSFT,4,401.6128144181271,1.0,rebalance
2026-05-13,AMD,29,457.08571254577635,1.0,rebalance
2026-05-14,AMD,-72,440.5559461029053,1.0,rebalance
2026-05-14,MSFT,9,402.88777796982504,1.0,rebalance
2026-05-14,AAPL,4,299.5916181834492,1.0,rebalance
2026-05-14,GLD,15,430.343017791748,1.0,rebalance
2026-05-14,AMZN,6,269.176908895874,1.0,rebalance
2026-05-14,NVDA,4,229.34875811033393,1.0,rebalance
2026-05-15,MSFT,-7,412.55666414380784,1.0,rebalance
2026-05-15,AMD,-20,433.29666233825685,1.0,rebalance
2026-05-15,AAPL,3,297.67306840988493,1.0,rebalance
2026-05-15,GLD,17,417.68177864990236,1.0,rebalance
2026-05-15,AMZN,12,262.52625,1.0,rebalance
2026-05-15,NVDA,1,229.25895304767815,1.0,rebalance
2026-05-18,AMD,-22,429.45705,1.0,rebalance
2026-05-18,MSFT,1,414.97997656734304,1.0,rebalance
2026-05-18,AAPL,1,300.0112674214369,1.0,rebalance
2026-05-18,GLD,2,419.86198932495114,1.0,rebalance
2026-05-18,AMZN,2,263.8963821166992,1.0,rebalance
2026-05-18,NVDA,5,229.3687080610604,1.0,rebalance
2026-05-19,MSFT,-5,428.1220534077627,1.0,rebalance
2026-05-19,CSCO,-4361,116.14188792190343,21.805,rebalance
2026-05-19,NVDA,-571,219.09722817018195,2.855,rebalance
2026-05-19,AAPL,11,296.7437666821552,1.0,rebalance
2026-05-19,AMD,1163,412.641266104126,5.815,rebalance
2026-05-19,GLD,17,412.49125720825197,1.0,rebalance
2026-05-19,AMZN,11,262.06621254577635,1.0,rebalance
2026-05-20,AAPL,-1,297.8932703240367,1.0,rebalance
2026-05-20,CSCO,-52,114.80224439441024,1.0,rebalance
2026-05-20,MSFT,11,412.53960940839477,1.0,rebalance
2026-05-20,GLD,1,412.1812286499023,1.0,rebalance
2026-05-20,AMZN,4,260.07599279174804,1.0,rebalance
2026-05-20,NVDA,597,222.69329285337898,2.985,rebalance
2026-05-21,MSFT,-3,423.9094940042141,1.0,rebalance
2026-05-21,CSCO,-132,113.25420432113066,1.0,rebalance
2026-05-21,AAPL,2,300.83064680389305,1.0,rebalance
2026-05-21,GLD,7,413.18132864990235,1.0,rebalance
2026-05-21,AMZN,1,263.52635,1.0,rebalance
2026-05-21,NVDA,12,221.8052366796821,1.0,rebalance
2026-05-22,MSFT,-2,418.709842291887,1.0,rebalance
2026-05-22,AAPL,-15,305.8256228425466,1.0,rebalance
2026-05-22,GLD,-12,415.1284964263916,1.0,rebalance
2026-05-22,AMZN,-18,268.63313766174315,1.0,rebalance
2026-05-22,NVDA,-7,220.37417794920137,1.0,rebalance
2026-05-22,CSCO,247,117.57449989099253,1.235,rebalance
2026-05-26,MSFT,-2,415.60596858236255,1.0,rebalance
2026-05-26,AAPL,-10,309.26232230544406,1.0,rebalance
2026-05-26,GLD,-7,415.1184876617432,1.0,rebalance
2026-05-26,AMZN,-5,267.9132084411621,1.0,rebalance
2026-05-26,CSCO,131,119.6389535952709,1.0,rebalance
2026-05-26,NVDA,3,216.06777642998063,1.0,rebalance
2026-05-27,MSFT,4,410.27876199563843,1.0,rebalance
2026-05-27,GLD,13,404.3804303375244,1.0,rebalance
2026-05-27,AMZN,2,266.17660889587404,1.0,rebalance
2026-05-27,CSCO,4167,117.0583852702681,20.835,rebalance
2026-05-27,NVDA,7,213.65304382983751,1.0,rebalance
2026-05-28,AMZN,-7,272.2427620147705,1.0,rebalance
2026-05-28,NVDA,11,210.81923501396952,1.0,rebalance
2026-05-29,MSFT,-9,431.69407488959246,1.0,rebalance
2026-05-29,GLD,-2,415.5784331176758,1.0,rebalance
2026-05-29,AAPL,4,311.5425007978369,1.0,rebalance
2026-05-29,AMZN,8,271.31713754577635,1.0,rebalance
2026-05-29,NVDA,1,214.11205959715733,1.0,rebalance
2026-06-01,MSFT,-20,463.9201871786735,1.0,rebalance
2026-06-01,AAPL,6,309.3941338276298,1.0,rebalance
2026-06-01,GLD,9,409.9009713500977,1.0,rebalance
2026-06-01,AMZN,12,266.31663754577636,1.0,rebalance
2026-06-02,GLD,-5,414.0385785736084,1.0,rebalance
2026-06-02,SNOW,-1924,265.42346720581054,9.620000000000001,rebalance
2026-06-02,NVDA,-32,226.6392196496494,1.0,rebalance
2026-06-02,MSFT,10,446.08491921065223,1.0,rebalance
2026-06-02,AAPL,2,307.2257740565966,1.0,rebalance
2026-06-02,AMZN,17,257.1857196624756,1.0,rebalance
2026-06-03,AAPL,-9,313.87785922958545,1.0,rebalance
2026-06-03,SNOW,-26,261.7838165588379,1.0,rebalance
2026-06-03,MSFT,6,437.6699517282631,1.0,rebalance
2026-06-03,GLD,6,408.4208428833008,1.0,rebalance
2026-06-03,AMZN,5,254.725466947937,1.0,rebalance
2026-06-03,NVDA,13,221.2364811921661,1.0,rebalance
2026-06-04,MSFT,-199,434.94762689091107,1.0,rebalance
2026-06-04,SNOW,-214,244.27557305145265,1.07,rebalance
2026-06-04,AAPL,16,312.9913951095474,1.0,rebalance
2026-06-04,GLD,13,413.4113321166992,1.0,rebalance
2026-06-04,AMZN,22,253.14530711669923,1.0,rebalance
2026-06-04,NVDA,44,213.69227988518307,1.0,rebalance
2026-06-05,AMZN,-2,254.23456850738526,1.0,rebalance
2026-06-05,SNOW,-17,242.17577694854737,1.0,rebalance
2026-06-05,NVDA,-1,214.26878145131306,1.0,rebalance
2026-06-05,MSFT,217,427.577893332821,1.085,rebalance
2026-06-05,GLD,13,404.4204428833008,1.0,rebalance
2026-06-08,MSFT,-323,413.32051774261276,1.615,rebalance
2026-06-08,AAPL,-443,308.44311220153105,2.215,rebalance
2026-06-08,NVDA,-647,209.92407682168988,3.235,rebalance
2026-06-08,AMZN,-546,246.6553246765137,2.73,rebalance
2026-06-08,SNOW,7,239.823983052063,1.0,rebalance
2026-06-08,GLD,395,397.5597410125732,1.975,rebalance
2026-06-09,GLD,-392,397.5302503234863,1.96,rebalance
2026-06-09,MSFT,334,408.3022695116085,1.67,rebalance
2026-06-09,AAPL,456,300.051250366612,2.2800000000000002,rebalance
2026-06-09,AMZN,553,247.7547687271118,2.765,rebalance
2026-06-09,SNOW,2174,239.0239,10.870000000000001,rebalance
2026-06-09,NVDA,650,210.4056210094582,3.25,rebalance
2026-06-10,AMZN,-6,243.58563961029054,1.0,rebalance
2026-06-10,AAPL,2,290.5185117754257,1.0,rebalance
2026-06-10,GLD,8,380.788075,1.0,rebalance
2026-06-10,NVDA,1,204.2219164752829,1.0,rebalance
2026-06-11,MSFT,-335,394.4279652862258,1.675,rebalance
2026-06-11,AAPL,-458,293.43753974577146,2.29,rebalance
2026-06-11,NVDA,-652,201.24466827061082,3.2600000000000002,rebalance
2026-06-11,AMZN,-547,237.90619967651367,2.735,rebalance
2026-06-11,GLD,408,373.99738745422366,2.04,rebalance
2026-06-12,GLD,-412,385.69143798522947,2.06,rebalance
2026-06-12,MSFT,342,390.733573732184,1.71,rebalance
2026-06-12,AAPL,452,295.80449966047894,2.2600000000000002,rebalance
2026-06-12,NVDA,653,204.65149295473765,3.265,rebalance
2026-06-12,AMZN,549,243.23432771453858,2.745,rebalance
2026-06-15,GLD,-12,399.4500412353516,1.0,rebalance
2026-06-15,NVDA,-2,208.6656177563489,1.0,rebalance
2026-06-15,AAPL,9,293.8959316228974,1.0,rebalance
2026-06-15,AMZN,4,245.04450627288819,1.0,rebalance
2026-06-16,AMZN,-4,247.9752,1.0,rebalance
2026-06-16,NVDA,-5,210.92285769762879,1.0,rebalance
2026-06-16,MSFT,2,395.0858401439852,1.0,rebalance
2026-06-16,GLD,3,397.86976957092287,1.0,rebalance
2026-06-17,AAPL,-9,300.56068905066843,1.0,rebalance
2026-06-17,GLD,-1,397.7802253234863,1.0,rebalance
2026-06-17,MSFT,4,389.55566862512757,1.0,rebalance
2026-06-17,AMZN,4,244.92448389587403,1.0,rebalance
2026-06-17,NVDA,5,208.31774714607832,1.0,rebalance
2026-06-18,AAPL,-3,297.82330846988026,1.0,rebalance
2026-06-18,NVDA,-5,207.07755859607158,1.0,rebalance
2026-06-18,MSFT,6,377.1477964943596,1.0,rebalance
2026-06-18,AMZN,3,240.1440071166992,1.0,rebalance
2026-06-22,AMZN,-1,240.05599383087159,1.0,rebalance
2026-06-22,NVDA,-15,211.1825482532333,1.0,rebalance
2026-06-22,MSFT,1,375.07149434152535,1.0,rebalance
2026-06-22,GLD,9,384.288425,1.0,rebalance
2026-06-23,MSFT,-2,371.64313138394374,1.0,rebalance
2026-06-23,AAPL,-8,297.253887152722,1.0,rebalance
2026-06-23,AMZN,7,232.57325805206298,1.0,rebalance
2026-06-23,NVDA,16,201.9642248045255,1.0,rebalance
2026-06-24,MSFT,-4,370.8347637834347,1.0,rebalance
2026-06-24,AAPL,-2,295.0759465263563,1.0,rebalance
2026-06-24,AMZN,-8,233.82662110290528,1.0,rebalance
2026-06-24,GLD,13,364.8464785583496,1.0,rebalance
2026-06-25,GLD,-9,368.95309123535156,1.0,rebalance
2026-06-25,NVDA,-3,199.83638482009874,1.0,rebalance
2026-06-25,MSFT,6,362.12455682030117,1.0,rebalance
2026-06-25,AAPL,8,287.1810624948729,1.0,rebalance
2026-06-26,MSFT,-118,356.44326592406856,1.0,rebalance
2026-06-26,GLD,-15,372.2327620147705,1.0,rebalance
2026-06-26,AAPL,13,274.790504802018,1.0,rebalance
2026-06-26,AMZN,2,227.23272771453858,1.0,rebalance
2026-06-26,NVDA,12,192.92343137820833,1.0,rebalance
2026-06-29,AAPL,-10,286.4542955990403,1.0,rebalance
2026-06-29,AMZN,-6,234.19657922058107,1.0,rebalance
2026-06-29,MSFT,104,376.8283643970938,1.0,rebalance
2026-06-29,GLD,12,370.61704457092287,1.0,rebalance
2026-06-29,NVDA,8,193.65269527613347,1.0,rebalance
2026-06-30,AMZN,-8,237.32627110290528,1.0,rebalance
2026-06-30,NVDA,-12,196.99984100892146,1.0,rebalance
2026-06-30,MSFT,5,370.3698739990507,1.0,rebalance
2026-06-30,AAPL,7,280.95583452270995,1.0,rebalance
2026-06-30,GLD,1,369.2569232208252,1.0,rebalance
2026-07-01,GLD,-395,371.17287045593264,1.975,rebalance
2026-07-01,MSFT,57,380.1524345434609,1.0,rebalance
2026-07-01,AAPL,256,293.2164690307511,1.28,rebalance
2026-07-01,AMZN,97,239.773975,1.0,rebalance
2026-07-01,NVDA,130,196.00029703241503,1.0,rebalance
2026-07-02,GLD,-2,377.40225844116213,1.0,rebalance
2026-07-02,AAPL,3,293.89592502153573,1.0,rebalance
2026-07-02,NVDA,1,196.9393513318992,1.0,rebalance
2026-07-06,AAPL,-22,307.06443351476094,1.0,rebalance
2026-07-06,MSFT,1,386.3513915161281,1.0,rebalance
2026-07-06,AMZN,1,243.82438305206298,1.0,rebalance
2026-07-06,NVDA,21,194.2221145540915,1.0,rebalance
2026-07-07,MSFT,-1,391.7133353915135,1.0,rebalance
2026-07-07,AAPL,-10,314.9868167759189,1.0,rebalance
2026-07-07,GLD,1,382.42825364990233,1.0,rebalance
2026-07-07,NVDA,17,192.1741992782402,1.0,rebalance
2026-07-08,MSFT,-56,383.2700955791141,1.0,rebalance
2026-07-08,AAPL,-257,311.61006482469975,1.285,rebalance
2026-07-08,AMZN,-96,244.2455772720337,1.0,rebalance
2026-07-08,NVDA,-139,194.94233951577135,1.0,rebalance
2026-07-08,GLD,410,373.20733042907716,2.05,rebalance
2026-07-09,GLD,-6,378.47215876464844,1.0,rebalance
2026-07-09,NVDA,-29,204.21105171204272,1.0,rebalance
2026-07-09,MSFT,9,373.78380884460324,1.0,rebalance
2026-07-09,AAPL,2,310.2734629385605,1.0,rebalance
2026-07-09,AMZN,11,239.84398932495117,1.0,rebalance
2026-07-10,MSFT,-8,387.0326051055514,1.0,rebalance
2026-07-10,AMZN,-15,249.52504805145264,1.0,rebalance
2026-07-10,GLD,11,375.0375,1.0,rebalance
2026-07-10,NVDA,14,201.79439812696486,1.0,rebalance
2026-07-13,AAPL,-3,316.71512674438037,1.0,rebalance
2026-07-13,NVDA,-19,208.28606944696512,1.0,rebalance
2026-07-13,GLD,4,372.8072660125732,1.0,rebalance
2026-07-13,AMZN,10,244.70446067504884,1.0,rebalance
2026-07-14,GLD,-3,374.49254577941895,1.0,rebalance
2026-07-14,AMZN,-2,245.52544805145263,1.0,rebalance
2026-07-14,NVDA,-1,207.94649902381616,1.0,rebalance
2026-07-14,MSFT,4,382.1389153632726,1.0,rebalance
2026-07-14,AAPL,3,313.5210052632442,1.0,rebalance
2026-07-15,MSFT,-1,387.03261535772776,1.0,rebalance
2026-07-15,AAPL,-1,317.3145777182879,1.0,rebalance
2026-07-15,AMZN,-5,249.72502500000002,1.0,rebalance
2026-07-15,NVDA,-6,211.70191966256093,1.0,rebalance
2026-07-15,GLD,8,372.14719635009766,1.0,rebalance
2026-07-16,MSFT,-7,397.5218216840876,1.0,rebalance
2026-07-16,AAPL,-10,327.6945905482321,1.0,rebalance
2026-07-16,AMZN,-7,255.0944831176758,1.0,rebalance
2026-07-16,GLD,13,367.48675720825196,1.0,rebalance
2026-07-16,NVDA,10,209.95608411344372,1.0,rebalance
2026-07-17,MSFT,-2,394.0786291879299,1.0,rebalance
2026-07-17,AAPL,-11,331.66076058453524,1.0,rebalance
2026-07-17,GLD,-2,364.07357435302737,1.0,rebalance
2026-07-17,AMZN,15,244.48445271453858,1.0,rebalance
2026-07-17,NVDA,14,202.43374617998774,1.0,rebalance
2026-07-20,GLD,-2,367.7532295440674,1.0,rebalance
2026-07-20,AMZN,-5,248.73511850738527,1.0,rebalance
2026-07-20,NVDA,-4,205.61933295366165,1.0,rebalance
2026-07-20,MSFT,5,390.71362440190796,1.0,rebalance
2026-07-21,MSFT,-5,398.0208242632373,1.0,rebalance
2026-07-21,GLD,-5,371.66284220581053,1.0,rebalance
2026-07-21,NVDA,-4,207.2872936038454,1.0,rebalance
2026-07-21,AAPL,14,322.8838527413809,1.0,rebalance
2026-07-22,AAPL,-3,327.5547074472706,1.0,rebalance
2026-07-22,GLD,-8,379.0321003234863,1.0,rebalance
2026-07-22,MSFT,1,398.86907906617114,1.0,rebalance
2026-07-22,AMZN,5,248.2948312728882,1.0,rebalance
2026-07-22,NVDA,8,205.60052627172246,1.0,rebalance
2026-07-23,NVDA,-21,209.2049642978765,1.0,rebalance
2026-07-23,MSFT,2,389.2761803221746,1.0,rebalance
2026-07-23,AMZN,19,236.2836205062866,1.0,rebalance
2026-07-24,AAPL,-1,321.48057713868866,1.0,rebalance
2026-07-24,GLD,-1,371.22288376464843,1.0,rebalance
2026-07-24,MSFT,1,386.36137414992186,1.0,rebalance
2026-07-24,AMZN,1,234.40344288330078,1.0,rebalance
2026-07-24,NVDA,2,207.2388510478932,1.0,rebalance
2026-07-27,AAPL,-11,334.2183118638451,1.0,rebalance
2026-07-27,MSFT,1,389.38597029678704,1.0,rebalance
2026-07-27,GLD,2,373.9274036499023,1.0,rebalance
2026-07-27,AMZN,3,235.6935651687622,1.0,rebalance
2026-07-27,NVDA,5,207.98809300288508,1.0,rebalance
2026-07-28,MSFT,-5,392.38201332681416,1.0,rebalance
2026-07-28,AAPL,-11,339.70300785485483,1.0,rebalance
2026-07-28,AMZN,1,232.87329110412597,1.0,rebalance
2026-07-28,NVDA,36,194.8015252060471,1.0,rebalance
2026-07-29,MSFT,-1,392.6215282136074,1.0,rebalance
2026-07-29,AAPL,-1,339.4033279074786,1.0,rebalance
2026-07-29,NVDA,-4,195.61154385774998,1.0,rebalance
2026-07-29,AMZN,7,229.34293932495117,1.0,rebalance
2026-07-30,MSFT,-341,437.0334931496077,1.705,rebalance
2026-07-30,AAPL,-394,332.77968616445946,1.97,rebalance
2026-07-30,NVDA,-683,193.21444844051308,3.415,rebalance
2026-07-30,AMZN,-582,233.32667110290527,2.91,rebalance
2026-07-30,GLD,419,374.19741966247557,2.095,rebalance
2026-07-31,GLD,-412,370.8029123382568,2.06,rebalance
2026-07-31,MSFT,302,449.1993745669557,1.51,rebalance
2026-07-31,AAPL,445,304.57781077475147,2.225,rebalance
2026-07-31,NVDA,684,198.2380256784233,3.42,rebalance
2026-07-31,AMZN,512,265.0265,2.56,rebalance
2026-08-03,MSFT,-11,475.1878370271088,1.0,rebalance
2026-08-03,AMZN,-15,278.2621795440674,1.0,rebalance
2026-08-03,AAPL,1,309.34416601765844,1.0,rebalance
2026-08-03,GLD,12,370.13701610412596,1.0,rebalance
2026-08-03,NVDA,15,197.48879553187422,1.0,rebalance
2026-08-04,NVDA,-37,211.04271931853373,1.0,rebalance
2026-08-04,AAPL,15,302.49938682697655,1.0,rebalance
2026-08-04,AMZN,8,276.0876035583496,1.0,rebalance
2026-08-05,MSFT,-2,495.3777956988699,1.0,rebalance
2026-08-05,GLD,-3,384.92149545593264,1.0,rebalance
2026-08-05,NVDA,-2,216.59595102401627,1.0,rebalance
2026-08-05,AAPL,1,309.1243329680145,1.0,rebalance
2026-08-05,AMZN,2,281.6181553375244,1.0,rebalance
2026-08-06,AAPL,-6,314.03773084309427,1.0,rebalance
2026-08-06,GLD,-6,389.46105,1.0,rebalance
2026-08-06,NVDA,-12,221.26026534126075,1.0,rebalance
2026-08-06,MSFT,4,487.6807630350021,1.0,rebalance
2026-08-06,AMZN,17,272.79726601257323,1.0,rebalance
2026-08-07,MSFT,-3,498.2221462366864,1.0,rebalance
2026-08-07,GLD,-11,399.5600461029053,1.0,rebalance
2026-08-07,AAPL,8,311.21276128696775,1.0,rebalance
2026-08-07,AMZN,5,272.8972821166992,1.0,rebalance
2026-08-07,NVDA,4,221.3145069419617,1.0,rebalance
2026-08-10,MSFT,-2,502.44380920341956,1.0,rebalance
2026-08-10,AMZN,-1,273.98260876464843,1.0,rebalance
2026-08-10,NVDA,-4,223.12797604358346,1.0,rebalance
2026-08-10,AAPL,6,306.8606695709228,1.0,rebalance
2026-08-10,GLD,2,397.7497624542236,1.0,rebalance
2026-08-11,GLD,-4,403.3996584411621,1.0,rebalance
2026-08-11,AMZN,-6,278.6621334411621,1.0,rebalance
2026-08-11,AAPL,2,307.780775,1.0,rebalance
2026-08-11,NVDA,7,221.94386758182088,1.0,rebalance
2026-08-12,GLD,-6,405.2694665588379,1.0,rebalance
2026-08-12,MSFT,1,499.1004278074016,1.0,rebalance
2026-08-12,AAPL,2,305.13051610412595,1.0,rebalance
2026-08-12,AMZN,7,273.2073106750488,1.0,rebalance
2026-08-13,AAPL,-1,304.1795704559326,1.0,rebalance
2026-08-13,NVDA,-15,224.78596916968436,1.0,rebalance
2026-08-13,MSFT,3,492.3923821843484,1.0,rebalance
2026-08-13,GLD,1,402.21023042907717,1.0,rebalance
2026-08-13,AMZN,9,267.26671423339843,1.0,rebalance
2026-08-14,MSFT,-1,495.3777916444672,1.0,rebalance
2026-08-14,AAPL,-2,305.9694,1.0,rebalance
2026-08-14,NVDA,-3,226.49388989923054,1.0,rebalance
2026-08-14,GLD,1,402.2202106750488,1.0,rebalance
2026-08-14,AMZN,6,264.90649288330076,1.0,rebalance
2026-08-17,AAPL,-1,306.1793704559326,1.0,rebalance
2026-08-17,GLD,-1,402.2997623382568,1.0,rebalance
2026-08-17,AMZN,-2,265.4134584411621,1.0,rebalance
2026-08-17,MSFT,2,489.2679841690591,1.0,rebalance
2026-08-18,AAPL,-6,307.5492285736084,1.0,rebalance
2026-08-18,GLD,-5,402.50973279418946,1.0,rebalance
2026-08-18,MSFT,3,480.68327290454766,1.0,rebalance
2026-08-18,AMZN,5,260.65606788330075,1.0,rebalance
2026-08-18,NVDA,10,220.2256182751635,1.0,rebalance
2026-08-19,AAPL,-1,310.1090006469727,1.0,rebalance
2026-08-19,GLD,-6,408.7691165588379,1.0,rebalance
2026-08-19,MSFT,3,479.2158872710335,1.0,rebalance
2026-08-19,AMZN,2,260.876091104126,1.0,rebalance
2026-08-20,AAPL,-8,317.4282454559326,1.0,rebalance
2026-08-20,AMZN,-1,263.1336876617432,1.0,rebalance
2026-08-20,NVDA,13,218.13775389668012,1.0,rebalance
2026-08-21,GLD,-13,420.48794577941896,1.0,rebalance
2026-08-21,MSFT,1,479.92799288330076,1.0,rebalance
2026-08-21,AAPL,7,312.08119279174804,1.0,rebalance
2026-08-21,AMZN,5,260.7660642333984,1.0,rebalance
2026-08-21,NVDA,1,218.1976900750524,1.0,rebalance
2026-08-24,GLD,-9,428.50713279418943,1.0,rebalance
2026-08-24,AAPL,3,311.5011482208252,1.0,rebalance
2026-08-24,AMZN,5,259.62596610412595,1.0,rebalance
2026-08-24,NVDA,11,215.31063097130945,1.0,rebalance
2026-08-25,MSFT,-3,485.3914584411621,1.0,rebalance
2026-08-25,AAPL,-1,310.75892954406737,1.0,rebalance
2026-08-25,AMZN,-8,262.4837587646484,1.0,rebalance
2026-08-25,GLD,4,422.8222767791748,1.0,rebalance
2026-08-25,NVDA,11,210.81520731410328,1.0,rebalance
2026-08-26,MSFT,-1,487.8012211029053,1.0,rebalance
2026-08-26,NVDA,-3,212.38108382704712,1.0,rebalance
2026-08-26,AAPL,1,310.331017791748,1.0,rebalance
2026-08-26,AMZN,2,261.3061267791748,1.0,rebalance
2026-08-27,MSFT,-2,494.8305168823242,1.0,rebalance
2026-08-27,NVDA,-26,222.5886405530909,1.0,rebalance
2026-08-27,AAPL,3,310.581042791748,1.0,rebalance
2026-08-27,GLD,8,420.86208932495117,1.0,rebalance
2026-08-27,AMZN,8,259.2559339874268,1.0,rebalance
2026-08-28,MSFT,-3,505.2794535736084,1.0,rebalance
2026-08-28,AAPL,-4,316.81832110290526,1.0,rebalance
2026-08-28,AMZN,-181,258.29417532348634,1.0,rebalance
2026-08-28,NVDA,-7,227.0831609465589,1.0,rebalance
2026-08-28,GLD,4,422.2822142333984,1.0,rebalance
2026-08-31,MSFT,-6,510.3289668823242,1.0,rebalance
2026-08-31,AAPL,-9,319.56804610290527,1.0,rebalance
2026-08-31,GLD,15,407.80078576660156,1.0,rebalance
2026-08-31,AMZN,172,263.8563695709228,1.0,rebalance
2026-08-31,NVDA,18,218.6472273222622,1.0,rebalance
2026-09-01,AAPL,-4,316.9483129852295,1.0,rebalance
2026-09-01,NVDA,-5,216.4860936889796,1.0,rebalance
2026-09-01,MSFT,1,497.5697410125732,1.0,rebalance
2026-09-01,GLD,3,398.32983754577634,1.0,rebalance
2026-09-01,AMZN,9,254.8554848312378,1.0,rebalance
2026-09-02,AAPL,-11,326.8373081176758,1.0,rebalance
2026-09-02,NVDA,-1,218.52359627491631,1.0,rebalance
2026-09-02,MSFT,1,499.89999110412595,1.0,rebalance
2026-09-02,GLD,2,399.74996245422363,1.0,rebalance
2026-09-02,AMZN,5,254.2854205062866,1.0,rebalance
2026-09-03,GLD,-7,410.6689204559326,1.0,rebalance
2026-09-03,NVDA,-13,225.74480298255958,1.0,rebalance
2026-09-03,MSFT,3,501.7101696624756,1.0,rebalance
2026-09-03,AAPL,8,324.9024821166992,1.0,rebalance
2026-09-03,AMZN,3,256.22563220825197,1.0,rebalance
2026-09-04,MSFT,-2,509.949,1.0,rebalance
2026-09-04,AAPL,-1,328.2771665588379,1.0,rebalance
2026-09-04,AMZN,-2,259.0441003234863,1.0,rebalance
2026-09-04,NVDA,-11,230.80862043378292,1.0,rebalance
2026-09-04,GLD,11,404.7004696624756,1.0,rebalance
2026-09-08,GLD,-4,403.5196415588379,1.0,rebalance
2026-09-08,AMZN,-1,256.6543246765137,1.0,rebalance
2026-09-08,NVDA,-12,232.82616277189598,1.0,rebalance
2026-09-08,MSFT,5,493.0593107666016,1.0,rebalance
2026-09-08,AAPL,9,317.131716104126,1.0,rebalance
2026-09-09,MSFT,-1,493.0207003234863,1.0,rebalance
2026-09-09,GLD,-8,406.06937435302734,1.0,rebalance
2026-09-09,AMZN,3,253.14530711669923,1.0,rebalance
2026-09-09,NVDA,16,225.05070207243764,1.0,rebalance
2026-09-10,AAPL,-6,316.6383464263916,1.0,rebalance
2026-09-10,GLD,3,399.5699517791748,1.0,rebalance
2026-09-10,AMZN,1,250.1350116104126,1.0,rebalance
2026-09-10,NVDA,6,220.5520517791748,1.0,rebalance
2026-09-11,AAPL,-9,327.41726720581056,1.0,rebalance
2026-09-11,AMZN,-1,254.06458733825684,1.0,rebalance
2026-09-11,GLD,3,402.5702517791748,1.0,rebalance
2026-09-11,NVDA,7,221.2621294937134,1.0,rebalance
2026-09-14,MSFT,-4,497.0102915588379,1.0,rebalance
2026-09-14,AAPL,-14,334.7565295440674,1.0,rebalance
2026-09-14,AMZN,-4,253.12467889709473,1.0,rebalance
2026-09-14,GLD,10,391.9292036499023,1.0,rebalance
2026-09-14,NVDA,23,211.26112949371338,1.0,rebalance
2026-09-15,MSFT,-2,500.0099915588379,1.0,rebalance
2026-09-15,GLD,-1,393.07067435302736,1.0,rebalance
2026-09-15,NVDA,-5,213.35866688232423,1.0,rebalance
2026-09-15,AAPL,5,330.17302864990234,1.0,rebalance
2026-09-15,AMZN,2,252.26522949371338,1.0,rebalance
2026-09-16,AAPL,-2,332.496745779419,1.0,rebalance
2026-09-16,GLD,-8,398.8701126617432,1.0,rebalance
2026-09-16,NVDA,-2,214.11858538970947,1.0,rebalance
2026-09-16,MSFT,3,493.0793017791748,1.0,rebalance
2026-09-16,AMZN,10,248.12481610412598,1.0,rebalance
2026-09-17,AMZN,-384,251.04490032348633,1.92,rebalance
2026-09-17,NVDA,-8,218.3581668823242,1.0,rebalance
2026-09-17,GLD,2,400.3200267791748,1.0,rebalance
2026-09-18,GLD,-410,400.4399629852295,2.05,rebalance
2026-09-18,MSFT,53,498.0197982208252,1.0,rebalance
2026-09-18,AAPL,257,337.94379466247557,1.285,rebalance
2026-09-18,AMZN,481,252.9452901687622,2.4050000000000002,rebalance
2026-09-18,NVDA,116,219.37194110412597,1.0,rebalance
2026-09-21,AMZN,-7,256.37435389709475,1.0,rebalance
2026-09-21,NVDA,-10,222.91770844116212,1.0,rebalance
2026-09-21,MSFT,2,494.99950720825194,1.0,rebalance
2026-09-21,AAPL,7,335.3135267791748,1.0,rebalance
2026-09-22,MSFT,-55,507.26927532348634,1.0,rebalance
2026-09-22,AAPL,-263,340.10600064697263,1.315,rebalance
2026-09-22,AMZN,-92,255.08448961029052,1.0,rebalance
2026-09-22,NVDA,-121,226.82732110290527,1.0,rebalance
2026-09-22,GLD,424,397.10971432495114,2.12,rebalance
2026-09-23,GLD,-420,395.2904535736084,2.1,rebalance
2026-09-23,MSFT,54,500.81008576660156,1.0,rebalance
2026-09-23,AAPL,256,341.1140945709229,1.28,rebalance
2026-09-23,AMZN,105,253.0253,1.0,rebalance
2026-09-23,NVDA,108,228.0528017791748,1.0,rebalance
2026-09-24,MSFT,-53,495.0205003234863,1.0,rebalance
2026-09-24,AAPL,-260,336.68632922058106,1.3,rebalance
2026-09-24,AMZN,-95,245.9954022720337,1.0,rebalance
2026-09-24,NVDA,-107,222.0577938308716,1.0,rebalance
2026-09-24,GLD,416,391.9991874542236,2.08,rebalance
2026-09-25,MSFT,-1,498.9901045440674,1.0,rebalance
2026-09-25,AMZN,-4,248.5351415588379,1.0,rebalance
2026-09-25,NVDA,-5,225.1074918823242,1.0,rebalance
2026-09-25,AAPL,1,336.07361254577637,1.0,rebalance
2026-09-25,GLD,3,392.24921245422365,1.0,rebalance
2026-09-28,MSFT,-4,505.4194542205811,1.0,rebalance
2026-09-28,AAPL,-5,340.3359581176758,1.0,rebalance
2026-09-28,NVDA,-15,229.727025,1.0,rebalance
2026-09-28,GLD,19,379.7979857666016,1.0,rebalance
2026-09-28,AMZN,3,246.6546678833008,1.0,rebalance
2026-09-29,MSFT,-1,508.2591665588379,1.0,rebalance
2026-09-29,GLD,-1,380.9019084411621,1.0,rebalance
2026-09-29,NVDA,-2,230.94690422058105,1.0,rebalance
2026-09-29,AAPL,4,337.0036982208252,1.0,rebalance
2026-09-30,MSFT,-2,511.5588243530274,1.0,rebalance
2026-09-30,GLD,-6,384.35157564697266,1.0,rebalance
2026-09-30,AAPL,7,330.833067791748,1.0,rebalance
2026-09-30,NVDA,3,229.29293127288818,1.0,rebalance
2026-10-01,MSFT,-4,519.8280168823243,1.0,rebalance
2026-10-01,AMZN,-8,251.58483961029054,1.0,rebalance
2026-10-01,AAPL,3,330.033,1.0,rebalance
2026-10-01,GLD,6,381.9481946624756,1.0,rebalance
2026-10-01,NVDA,1,230.0029937271118,1.0,rebalance
2026-10-02,NVDA,-11,236.0363915588379,1.0,rebalance
2026-10-02,MSFT,2,519.4419536499023,1.0,rebalance
2026-10-02,AMZN,3,251.53514550628663,1.0,rebalance
2026-10-05,MSFT,-1,521.5678331176758,1.0,rebalance
2026-10-05,AAPL,-1,332.78672532348634,1.0,rebalance
2026-10-05,NVDA,-2,236.06638733825685,1.0,rebalance
2026-10-05,GLD,5,380.73808220825197,1.0,rebalance
2026-10-05,AMZN,1,250.21502144165038,1.0,rebalance
