date,equity,cash
2015-01-02,100000.0,100000.0
2015-01-05,100874.07138341981,12.268725338755758
2015-01-06,102023.7911176117,12.268725338755758
2015-01-07,101422.79899114686,12.268725338755758
2015-01-08,100996.0108518036,12.268725338755758
2015-01-09,102145.7305859955,12.268725338755758
2015-01-12,103278.02659887391,12.268725338755758
2015-01-13,102929.63191503602,12.268725338755758
2015-01-14,102764.13978857118,12.268725338755758
2015-01-15,105351.0108518036,12.268725338755758
2015-01-16,106727.1858014496,12.268725338755758
2015-01-20,108190.4660672577,12.268725338755758
2015-01-21,108216.60164922792,12.268725338755758
2015-01-22,109087.60164922792,12.268725338755758
2015-01-23,108216.60164922792,12.268725338755758
2015-01-26,107136.55686468202,12.268725338755758
2015-01-27,108364.67005437928,12.268725338755758
2015-01-28,107511.08713049012,12.268725338755758
2015-01-29,105194.2305859955,12.268725338755758
2015-01-30,107537.2160672577,12.268725338755758
2015-02-02,106640.08713049012,12.268725338755758
2015-02-03,105446.82138341981,12.268725338755758
2015-02-04,105908.45032018739,12.268725338755758
2015-02-05,106091.35952276307,12.268725338755758
2015-02-06,103347.70819372254,12.268725338755758
2015-02-09,103809.33713049012,12.268725338755758
2015-02-10,103199.63978857118,12.268725338755758
2015-02-11,101980.23845953065,12.268725338755758
2015-02-12,102215.40553564149,12.268725338755758
2015-02-13,102772.85164922792,12.268725338755758
2015-02-17,101056.9805859955,12.268725338755758
2015-02-18,101344.40553564149,12.268725338755758
2015-02-19,100996.0108518036,12.268725338755758
2015-02-20,100421.14766210633,12.268725338755758
2015-02-23,100551.79899114686,12.268725338755758
2015-02-24,100403.7305859955,12.268725338755758
2015-02-25,100786.9660672577,12.268725338755758
2015-02-26,101109.23845953065,12.268725338755758
2015-02-27,101187.63191503602,12.268725338755758
2015-03-02,100769.54899114686,12.268725338755758
2015-03-03,100586.63978857118,12.268725338755758
2015-03-04,100273.07925695497,12.268725338755758
2015-03-05,100177.26872533876,12.268725338755758
2015-03-06,97442.32925695497,12.268725338755758
2015-03-09,97538.13978857118,12.268725338755758
2015-03-10,97059.08713049012,12.268725338755758
2015-03-11,96475.51872533876,12.268725338755758
2015-03-12,96449.38978857118,12.268725338755758
2015-03-13,96588.7463330658,12.268725338755758
2015-03-16,96527.77659887391,12.268725338755758
2015-03-17,96005.17792791444,12.268725338755758
2015-03-18,97886.5411176117,12.268725338755758
2015-03-19,97816.85952276307,12.268725338755758
2015-03-20,98931.73845953065,12.268725338755758
2015-03-23,99558.85952276307,12.268725338755758
2015-03-24,99802.73845953065,12.268725338755758
2015-03-25,99942.10164922792,12.268725338755758
2015-03-26,100595.35164922792,12.268725338755758
2015-03-27,100229.52659887391,12.268725338755758
2015-03-30,99088.51872533876,12.268725338755758
2015-03-31,99010.13191503602,12.268725338755758
2015-04-01,100699.86739629823,12.268725338755758
2015-04-02,100421.14766210633,12.268725338755758
2015-04-06,101649.2608518036,12.268725338755758
2015-04-07,101144.07925695497,12.268725338755758
2015-04-08,100586.63978857118,12.268725338755758
2015-04-09,99889.83713049012,12.268725338755758
2015-04-10,101022.13978857118,12.268725338755758
2015-04-13,100299.20819372254,12.268725338755758
2015-04-14,99689.5108518036,12.268725338755758
2015-04-15,100551.79899114686,12.268725338755758
2015-04-16,100203.39766210633,12.268725338755758
2015-04-17,100699.86739629823,12.268725338755758
2015-04-20,99933.38978857118,12.268725338755758
2015-04-21,100508.2463330658,12.268725338755758
2015-04-22,99158.20032018739,12.268725338755758
2015-04-23,99881.13191503602,12.268725338755758
2015-04-24,98478.82138341981,12.268725338755758
2015-04-27,100464.70032018739,12.268725338755758
2015-04-28,101335.70032018739,12.268725338755758
2015-04-29,100621.4805859955,12.268725338755758
2015-04-30,98844.63978857118,12.268725338755758
2015-05-01,98504.95032018739,12.268725338755758
2015-05-04,99393.36739629823,12.268725338755758
2015-05-05,99672.08713049012,12.268725338755758
2015-05-06,99619.82925695497,12.268725338755758
2015-05-07,98801.08713049012,12.268725338755758
2015-05-08,99280.13978857118,12.268725338755758
2015-05-11,98896.89766210633,12.268725338755758
2015-05-12,99741.76872533876,12.268725338755758
2015-05-13,101527.32138341981,12.268725338755758
2015-05-14,102076.04899114686,12.268725338755758
2015-05-15,102380.89766210633,12.268725338755758
2015-05-18,102372.1858014496,12.268725338755758
2015-05-19,100952.45819372254,12.268725338755758
2015-05-20,101117.95032018739,12.268725338755758
2015-05-21,100778.2608518036,12.268725338755758
2015-05-22,100699.86739629823,12.268725338755758
2015-05-26,99227.88191503602,12.268725338755758
2015-05-27,99210.45819372254,12.268725338755758
2015-05-28,99323.6858014496,12.268725338755758
2015-05-29,99393.36739629823,12.268725338755758
2015-06-01,99306.26872533876,12.268725338755758
2015-06-02,99412.01411728238,98.96096096609108
2015-06-03,99793.58909075298,1.0704212073334816
2015-06-04,98869.96541160844,10.074303512792682
2015-06-05,99351.67120670198,54.75635014890753
2015-06-08,98293.17065401493,67.93632520853183
2015-06-09,98799.20129704071,24.132823284390298
2015-06-10,100158.57388088784,101.62140998921635
2015-06-11,100124.1192642936,75.3910560497435
2015-06-12,99445.75361233139,1.7521350898703858
2015-06-15,99038.59616190879,0.7146459290227654
2015-06-16,100061.80373098656,81.09430410667251
2015-06-17,100217.33659487005,131.70837300058156
2015-06-18,101473.8692995669,46.24179319159043
2015-06-19,100922.91348886226,7.163080093606325
2015-06-22,101576.32305519887,37.18703835315685
2015-06-23,102300.5509990948,49.75437872585178
2015-06-24,101235.08573988822,70.17022971061004
2015-06-25,101354.47831265327,0.009727579321747726
2015-06-26,100085.7313938858,64.69295175094798
2015-06-29,97918.15718921536,26.71171465032495
2015-06-30,98520.88868110749,8.841673159327598
2015-07-01,99089.14839348891,49.025953806431815
2015-07-02,99646.01696288076,18.30550372091784
2015-07-06,99213.14853613962,69.182582312713
2015-07-07,98979.92746826104,9.86760517052042
2015-07-08,97406.96555069316,6.330168994553944
2015-07-09,97933.29134587257,3.608767785709489
2015-07-10,99526.39334003837,4.39807312400157
2015-07-13,101288.50171459293,8.4892395792034
2015-07-14,102099.6465327933,28.489587564717226
2015-07-15,101718.66490343778,18.352923190286475
2015-07-16,104812.40895689817,62.286003483262284
2015-07-17,107881.6579928739,195.07765248845342
2015-07-20,108288.51023410141,0.6539318400568561
2015-07-21,107213.94168887917,4.253436430143012
2015-07-22,105949.97459955628,27.312722877810756
2015-07-23,105361.46653196967,150.7452547327328
2015-07-24,105939.03362635487,177.36916712634593
2015-07-27,104388.58738399572,24.51408077306911
2015-07-28,105407.83714079291,24.832225555480647
2015-07-29,106002.4253552079,97.36503530739668
2015-07-30,106637.65577948738,69.1740413968626
2015-07-31,106489.59972858237,70.0137891750198
2015-08-03,105891.12880610458,7.376440992270119
2015-08-04,106351.7788194497,19.571282752312072
2015-08-05,107706.77306956425,57.51269740238507
2015-08-06,105869.71576261337,13.835273264006844
2015-08-07,105555.78142146058,8.984902181101134
2015-08-10,106393.17493166869,9.34811606352605
2015-08-11,106152.38261716082,32.22282712175935
2015-08-12,106011.3855035,96.40516158869221
2015-08-13,106896.53634882216,92.76953172926278
2015-08-14,108178.51219111957,80.72183829821756
2015-08-17,108954.1033046764,7.437054447522634
2015-08-18,108424.85334340551,81.70439092138938
2015-08-19,107388.66715221624,8.801422884261967
2015-08-20,103438.07757298018,23.797952809590385
2015-08-21,99661.73989532812,1.0708889804709827
2015-08-24,94678.84383952727,5.935132862233672
2015-08-25,94828.28801401606,44.754013619321825
2015-08-26,98158.65958983813,79.87726123248285
2015-08-27,100108.14241369357,2.8631692706571066
2015-08-28,100687.5094668665,101.12802384280907
2015-08-31,99998.9191734196,31.70321577800396
2015-09-01,97890.73576548605,143.6325683882775
2015-09-02,99529.41023985604,120.16306368568439
2015-09-03,98078.62508151877,16.75234744893953
2015-09-04,96919.70962663622,8.13090082139422
2015-09-08,99208.98657530115,22.527315314283086
2015-09-09,99568.20251829921,1.232846096143703
2015-09-10,100605.95418754355,1.7744905068056624
2015-09-11,101179.23635968087,9.085470284200909
2015-09-14,100807.15020578846,30.2261201714025
2015-09-15,102258.98320354699,25.739989893427087
2015-09-16,103219.09052433856,69.55479588397708
2015-09-17,103997.34476471222,88.34457779205508
2015-09-18,102899.82633691226,2.409387640096128
2015-09-21,103578.9610994585,23.738793206970428
2015-09-22,101501.23704232778,8.676209350478956
2015-09-23,101664.35911052502,9.430162122617535
2015-09-24,102327.84221744374,18.783091543480054
2015-09-25,100831.11122480137,28.261882455170095
2015-09-28,97418.63395381549,99.74864173509732
2015-09-29,96329.96990721856,15.220766479123114
2015-09-30,99286.02769689554,7.7561457633354465
2015-10-01,99495.32897490407,15.125336827288152
2015-10-02,100887.7382938477,55.436196288723295
2015-10-05,103369.09404483989,76.48809066966012
2015-10-06,102912.23248240673,0.1457931729531765
2015-10-07,102348.2155062798,88.21331449779697
2015-10-08,102950.03731098148,111.17174180719682
2015-10-09,103412.70649724339,21.523010662537658
2015-10-12,103880.34587473913,43.288128328755114
2015-10-13,103696.41921775795,2.900070838698838
2015-10-14,104114.14151132823,1.349014647009966
2015-10-15,105364.25759907452,16.596152741597848
2015-10-16,106270.7362207361,0.3036884256081862
2015-10-19,106714.87277749952,0.7404863613449315
2015-10-20,104481.94222391161,0.6181114962914762
2015-10-21,103633.75966549225,0.5369340807955325
2015-10-22,105533.81827108451,0.12715344020086228
2015-10-23,109350.75341466817,32.62620643528686
2015-10-26,110656.68441424497,31.493061162306276
2015-10-27,110485.14316688121,1.2979451233308197
2015-10-28,111359.6197059901,0.1362090857317071
2015-10-29,111421.2747984785,0.6503739613465029
2015-10-30,111455.54024996895,19.543474937864744
2015-11-02,112381.2320700182,37.49440591468836
2015-11-03,112415.92563528888,65.45623834006983
2015-11-04,113111.71666801999,32.99531544277937
2015-11-05,114040.56009720895,17.113848200769027
2015-11-06,115815.71946573527,148.25750208169603
2015-11-09,114479.93634569107,47.54828595576811
2015-11-10,114593.25294706046,4.756741492145082
2015-11-11,115080.4243259278,0.5068533864665739
2015-11-12,113871.81531800327,0.8654695897939746
2015-11-13,111079.55403524304,6.060986336716059
2015-11-16,112592.10538120293,17.759384942285976
2015-11-17,113286.15468113282,108.31534163810664
2015-11-18,115448.74921316435,30.201035385631457
2015-11-19,116401.76761223082,122.57874323134277
2015-11-20,117818.95662599569,170.08854824072074
2015-11-23,117574.09966750754,143.87074192179526
2015-11-24,116986.97976584251,65.02032954508928
2015-11-25,116915.11223081873,43.54208396004333
2015-11-27,117121.81770334694,51.04299173805108
2015-11-30,116792.79382959304,103.90902248320326
2015-12-01,119241.65793824397,33.499644162285975
2015-12-02,118467.72848559047,29.370869761960876
2015-12-03,116785.20906076398,23.46845612492349
2015-12-04,119574.3669328597,49.26866214541806
2015-12-07,118401.90447755886,9.595094106915198
2015-12-08,118901.25390466585,8.783160771272208
2015-12-09,117019.46489732855,35.39442461126647
2015-12-10,117093.7198959187,24.47468312533904
2015-12-11,115772.1923444835,60.10411232388856
2015-12-14,117219.59325502774,31.807172819578312
2015-12-15,117995.49284350178,0.5725743701174366
2015-12-16,120183.3845506566,7.531687702463174
2015-12-17,118754.23014079109,35.55764184966969
2015-12-18,115773.6836639323,2.928113845809561
2015-12-21,116888.52469021549,65.62810558548375
2015-12-22,118239.28390891654,31.62674625020979
2015-12-23,119266.91108609649,48.68123389693672
2015-12-24,119196.61457325122,94.36219228408883
2015-12-28,119953.60204416752,12.922604622844949
2015-12-29,121639.36037936018,11.298997662522254
2015-12-30,120682.1471058091,9.182481881031308
2015-12-31,118525.38175791403,4.010029493773203
2016-01-04,115929.18084798302,2.3770583673938575
2016-01-05,115314.78616581003,35.357233381670994
2016-01-06,112877.56571473493,3.179386395345432
2016-01-07,108974.73390097386,1.4300188518186587
2016-01-08,107293.85181075342,0.8086841703145069
2016-01-11,108256.17297105139,1.4856692964342528
2016-01-12,109567.73049571548,34.16718819175826
2016-01-13,105638.00174729525,61.30863760409855
2016-01-14,107259.88025821048,0.668560155217051
2016-01-15,102227.03175955711,1.3670667975951574
2016-01-19,102694.09268299295,1.9981787557711783
2016-01-20,102716.262032477,5.884421912757318
2016-01-21,104369.73400427931,43.43052627676177
2016-01-22,106174.30427439853,43.20641501590404
2016-01-25,105553.38475615592,6.264186449958231
2016-01-26,106281.24095451458,33.29692566021225
2016-01-27,104898.99982315372,34.0049498684295
2016-01-28,106991.87446999138,27.231936689069784
2016-01-29,110303.08922534979,0.7802163938348343
2016-02-01,110463.26532536575,42.82969605753155
2016-02-02,107832.97997307048,34.364746444086194
2016-02-03,106346.29015162181,17.239177133546953
2016-02-04,106487.36100415439,21.667364220326135
2016-02-05,102118.56859344667,86.09620839780746
2016-02-08,100429.0364132934,57.96221862368333
2016-02-09,100007.55430696979,3.189796254777093
2016-02-10,99969.58328711294,8.860182397589547
2016-02-11,99439.52029629616,4.415777524994681
2016-02-12,100764.81452454123,0.06554008517247212
2016-02-16,103011.70900706324,25.081022301041784
2016-02-17,105689.36990205995,65.82472948780926
2016-02-18,105580.06467804448,38.270588488735854
2016-02-19,106390.69460273205,153.49283445297314
2016-02-22,108248.31646262022,47.91594849439959
2016-02-23,106640.64924690819,12.931884504322426
2016-02-24,107565.33601421634,40.62353259842314
2016-02-25,108740.69217911449,11.439736933370831
2016-02-26,108680.8087381439,0.2244919852918379
2016-02-29,108134.99893845228,16.550091754475446
2016-03-01,111433.29458800303,27.796535525200618
2016-03-02,111900.90433445999,7.21830288002684
2016-03-03,112033.51521793834,90.36823801032635
2016-03-04,111945.69587478376,145.47403470016096
2016-03-07,111325.62654338368,1.7476447630805438
2016-03-08,109956.86779402598,73.45645480259032
2016-03-09,111190.30088088814,5.794700601731435
2016-03-10,111555.94517833095,1.9908052096888866
2016-03-11,114494.0900938472,1.1953281125284718
2016-03-14,115070.69031833313,147.88337753913964
2016-03-15,114542.75032194966,70.28392931335799
2016-03-16,116638.97048745705,1.47957996679213
2016-03-17,117672.93692188153,67.32361488231825
2016-03-18,118601.16317082182,23.257645375879946
2016-03-21,118754.43021786108,9.571301578433122
2016-03-22,118753.0015858396,1.6663104279872982
2016-03-23,117800.46935622144,43.4418228094636
2016-03-24,118207.43337399789,11.482292483536071
2016-03-28,117930.1544661518,12.4156584139658
2016-03-29,119783.95475337241,2.0430136058073316
2016-03-30,120679.99810130258,2.3751080717641884
2016-03-31,120057.95605293823,31.555687108757354
2016-04-01,121145.33718406902,23.789563534121
2016-04-04,119913.89122215664,31.517736949077516
2016-04-05,118927.11391682667,7.736647558636108
2016-04-06,120160.80821943245,69.61141675672795
2016-04-07,118452.03905841523,3.362141100708932
2016-04-08,118620.05721571435,8.968107843292309
2016-04-11,118662.22613310079,10.536283187672666
2016-04-12,118875.40813221101,18.053993181029284
2016-04-13,120960.73509465645,9.839183499325735
2016-04-14,120859.52902122308,4.054798861030129
2016-04-15,120187.78682374787,21.695396779292594
2016-04-18,120853.12191482988,32.8756562730388
2016-04-19,119283.81764797999,89.91926829649191
2016-04-20,120000.22171139986,3.8417494323955452
2016-04-21,119814.25970641125,31.68809500683342
2016-04-22,121159.85780180954,13.690343156097185
2016-04-25,120509.16806416652,98.22944073817703
2016-04-26,121141.88611721194,2.620510272145168
2016-04-27,121886.35197291098,98.20146879873946
2016-04-28,120564.68715087579,3.426412502989024
2016-04-29,118743.03364055381,19.725895812370595
2016-05-02,119340.73211636477,0.4020511143796348
2016-05-03,117774.27924128542,31.556773862927002
2016-05-04,116294.1535824077,1.5932790772786873
2016-05-05,116192.80188326279,5.094064277801856
2016-05-06,116649.53596340536,5.049798597084461
2016-05-09,116088.15777047756,2.458715759544475
2016-05-10,117716.09486349704,0.28797461869069707
2016-05-11,117150.01602620965,1.980788837720553
2016-05-12,116787.46368905324,4.441205942819742
2016-05-13,118072.71090783138,11.847865953631924
2016-05-16,119430.74270875665,103.9059749385966
2016-05-17,118903.44152519434,85.25088367193217
2016-05-18,119568.23919789774,80.10205190165141
2016-05-19,119179.55455716602,147.7563657378324
2016-05-20,122939.90286997765,142.00856486767555
2016-05-23,123201.4869697883,100.38009794496591
2016-05-24,125704.65042272258,26.21342244791599
2016-05-25,127044.2052100301,74.18400698901034
2016-05-26,127214.0333050473,73.10978841617045
2016-05-27,128350.8956652372,24.00461489846127
2016-05-31,128834.90021995625,110.86221651158786
2016-06-01,129452.198301715,76.03721897041063
2016-06-02,128357.98985240616,68.9672431723011
2016-06-03,128545.98214914276,35.847707409392854
2016-06-06,129444.538388327,5.016128137942445
2016-06-07,129561.2119876261,174.40918935492235
2016-06-08,129848.67107601668,144.0758482983224
2016-06-09,130042.52452145897,21.910840023379833
2016-06-10,128067.78984072195,17.237929963934604
2016-06-13,127197.50891267619,3.4923306640058236
2016-06-14,127703.81440890922,4.067582498929184
2016-06-15,127272.31038152937,2.5285238004210555
2016-06-16,128113.74854704988,52.24742755544784
2016-06-17,128219.92206396065,118.02015270195524
2016-06-20,128853.77340519417,152.72403466689815
2016-06-21,129613.27067028946,4.716314668129655
2016-06-22,128568.24825030054,14.505624348775314
2016-06-23,131139.185268444,41.25214199441291
2016-06-24,124921.46493461983,3.4472682799574557
2016-06-27,121676.75025764537,23.893057976489615
2016-06-28,125369.86268639352,110.11364769723448
2016-06-29,127830.63870128909,131.91984698095655
2016-06-30,129161.24467073726,3.4795687084165934
2016-07-01,129037.55434112357,2.1696696739021633
2016-07-05,128217.8101857038,47.37066963628786
2016-07-06,128703.67907281387,26.458043293839083
2016-07-07,129426.87196645663,20.91601798460718
2016-07-08,132761.9205752917,9.040133626047776
2016-07-11,134262.75211101476,63.452720698764054
2016-07-12,135442.17473550676,62.91620214819845
2016-07-13,135061.31581993436,19.978195980544115
2016-07-14,135760.7472353031,3.557421212368922
2016-07-15,135627.42485099766,12.308453616820506
2016-07-18,136575.50227906602,50.57826080218898
2016-07-19,136611.4387674815,66.81640129154981
2016-07-20,138062.57402003664,93.31431735416038
2016-07-21,136224.93831745768,33.534009257805494
2016-07-22,138018.2648925881,21.015319357371467
2016-07-25,139565.38848449063,74.40971113513174
2016-07-26,141794.6711432389,57.39612144742664
2016-07-27,141772.62162241724,52.943624947332665
2016-07-28,142838.4932590307,48.89572961940911
2016-07-29,142675.30598488322,17.825068025496762
2016-08-01,142402.01528058187,66.1374050153959
2016-08-02,140297.73134269717,1.3114217758420637
2016-08-03,141925.6824229176,7.229173343904819
2016-08-04,143180.59896261682,27.814640354998062
2016-08-05,144969.71501329922,160.25251391910962
2016-08-08,145400.3887855695,69.56053182344833
2016-08-09,145725.52307666675,25.294138802440074
2016-08-10,144872.0072350601,38.245158682240444
2016-08-11,146584.27118270693,10.981887033549668
2016-08-12,147886.4043218828,94.1754660344661
2016-08-15,147828.54942003384,34.104418431659774
2016-08-16,146258.24932488316,2.465460861870497
2016-08-17,145411.8939928577,2.8175229594516935
2016-08-18,147240.8966642839,7.573039673004899
2016-08-19,150131.43254726,41.39085178440166
2016-08-22,149467.43406627,85.99438855471087
2016-08-23,150619.4287644608,8.285599826112389
2016-08-24,149102.39975398936,98.2744130507999
2016-08-25,150093.30317979908,2.831908284206243
2016-08-26,151393.86404115922,92.55350000626339
2016-08-29,151694.95008723094,19.8268925364384
2016-08-30,151101.04591192218,3.738269700735678
2016-08-31,150655.30777980541,4.7944616243675355
2016-09-01,150483.09690437597,0.3399463681669772
2016-09-02,150379.08914527867,12.495606040711209
2016-09-06,151241.25491213045,26.049028627473476
2016-09-07,149981.4232972778,29.920798174249285
2016-09-08,149513.15710645827,8.682558714465074
2016-09-09,144171.744004073,9.830072464805141
2016-09-12,147006.2819288598,10.866477690769187
2016-09-13,145243.4774091161,2.233572474785884
2016-09-14,146325.52799502548,40.86143473323698
2016-09-15,149251.94721158227,15.763091880879088
2016-09-16,150315.6540153748,12.87877113881055
2016-09-19,150178.03184047513,5.27096477322084
2016-09-20,149771.28759214882,25.366936421433564
2016-09-21,151838.35668098164,6.90634357165635
2016-09-22,152295.1107916901,92.72430551740698
2016-09-23,151157.9770981345,2.8288744959595817
2016-09-26,149801.8374231936,7.116062748566861
2016-09-27,152721.40250795026,6.665024091211308
2016-09-28,153190.49078555158,4.083460045362386
2016-09-29,154819.28451771114,11.636754697301626
2016-09-30,156409.82716668563,60.97989548162181
2016-10-03,155389.43556435916,3.6764322123220765
2016-10-04,155043.53840411745,11.127796660304739
2016-10-05,155916.41052280547,10.767408834704497
2016-10-06,156232.67471719,4.313321354140555
2016-10-07,155997.33042064964,1.707294381263588
2016-10-10,155458.30774751745,6.668994341712633
2016-10-11,152361.73025978118,14.399559860526608
2016-10-12,152559.8317779149,6.043330773255974
2016-10-13,151100.9491027876,10.830023674587324
2016-10-14,152461.07304126996,50.477537939743485
2016-10-17,151342.73342330824,2.7918694771491346
2016-10-18,152946.95653754688,2.4624896667191933
2016-10-19,152152.28699718212,5.3868375847320955
2016-10-20,152715.24287282076,29.659237013709316
2016-10-21,152345.7725608056,2.7537772362800865
2016-10-24,155413.09820666283,16.314621233652645
2016-10-25,155893.5278413505,10.372927925044024
2016-10-26,155160.99068091103,82.37003002352479
2016-10-27,153895.93286382806,89.0049868787574
2016-10-28,151965.89408797078,4.758935988486996
2016-10-31,153003.24201145794,30.498801857491657
2016-11-01,150930.9762749805,65.33046199221559
2016-11-02,150324.90841809285,59.39983538163324
2016-11-03,148267.60826147083,29.592526440655348
2016-11-04,147085.3614845229,30.096377248839012
2016-11-07,151721.53908244727,2.8896239196988986
2016-11-08,152469.26700769018,0.2506044919494741
2016-11-09,151038.4582499016,11.291318034003218
2016-11-10,146694.95852449603,7.371382028530952
2016-11-11,152315.67273515943,53.02596277477443
2016-11-14,149952.96783252788,10.91244264674367
2016-11-15,153346.13718518545,1.0235992365169295
2016-11-16,156416.78892295097,48.90734569764494
2016-11-17,159761.3107774315,90.92349076845434
2016-11-18,160902.19218215108,75.11795672534736
2016-11-21,162742.3551925242,72.4819692194578
2016-11-22,162910.0883243773,5.1157844755811155
2016-11-23,163020.87050376117,5.637626029851077
2016-11-25,163604.3049002971,9.521995910592373
2016-11-28,162609.26350847128,9.487141760628639
2016-11-29,162181.19309828285,4.611203885109184
2016-11-30,161593.03657088036,2.12256726973834
2016-12-01,154828.8293003958,14.520378104995292
2016-12-02,157060.63207842526,3.1094222229567094
2016-12-05,158369.48964490005,43.7819968611999
2016-12-06,160864.66170565735,2.028042718274776
2016-12-07,163816.24442664004,80.81315604068635
2016-12-08,164880.87739060662,0.8613550498272673
2016-12-09,165040.88757143117,61.00395999050244
2016-12-12,164202.1171902003,11.93562062406113
2016-12-13,165851.1632252327,5.3640895477439585
2016-12-14,165193.78986354396,42.89237709568965
2016-12-15,166966.53367853403,10.06988620995844
2016-12-16,165531.8559579505,69.85176226035284
2016-12-19,166801.31204461766,6.779782292372275
2016-12-20,167657.38888956263,9.115858089459152
2016-12-21,167568.9558486824,8.752146471024844
2016-12-22,168618.3672330464,49.25308204540738
2016-12-23,169296.34152395604,17.048801492423195
2016-12-27,171786.75494403514,80.43850512180295
2016-12-28,168936.24318342571,122.984578422353
2016-12-29,168485.4410121199,9.350668644570746
2016-12-30,166404.05452293478,20.96617454610083
2017-01-03,167772.65062934856,6.048420734222155
2017-01-04,168485.14480192607,3.4802416080710827
2017-01-05,168225.0258546358,9.297673512066808
2017-01-06,169260.2503606432,6.101211702168328
2017-01-09,170082.72554227524,2.28619500807406
2017-01-10,169876.7996969435,80.48341181012418
2017-01-11,171013.81156413126,9.981804533469099
2017-01-12,169891.21400962435,4.185946088674314
2017-01-13,170588.46563239116,17.99764246960575
2017-01-17,168898.76641576926,6.799212628990716
2017-01-18,169494.746927221,6.849643428479084
2017-01-19,169478.4079292582,172.3634832666644
2017-01-20,170168.89979990156,0.46101959377421053
2017-01-23,168311.54953920897,1.7435966735715809
2017-01-24,170825.0816470173,7.763094046419054
2017-01-25,173114.9507392289,87.91125329750633
2017-01-26,172592.6679571475,4.760099252592454
2017-01-27,173962.5182799811,2.5674473757305343
2017-01-30,172615.9722057791,33.366248271028496
2017-01-31,171074.51307825002,102.35209325704807
2017-02-01,174552.00434951208,43.436244768121156
2017-02-02,174858.74614323638,3.364918127277633
2017-02-03,175313.76224890017,16.488807108627782
2017-02-06,177419.8308691924,5.330378765384012
2017-02-07,178649.89115252616,24.60947337273251
2017-02-08,179095.1913018442,6.199510595868702
2017-02-09,180012.08846439724,48.24591960315907
2017-02-10,179638.24420696287,32.743447838104316
2017-02-13,179862.64646684116,1.7483836311760683
2017-02-14,179144.98194719508,17.719008218785234
2017-02-15,180931.40533717614,14.480015835591217
2017-02-16,179268.17426397855,60.396037126133166
2017-02-17,180882.84488205306,14.42264441840824
2017-02-21,184112.6298423514,5.4650555357650035
2017-02-22,184344.38571807463,6.560028758845693
2017-02-23,180200.97468278054,5.987179013533705
2017-02-24,179963.8422670865,1.8673162960782435
2017-02-27,179660.52750969035,4.100422860200695
2017-02-28,178115.5980946877,4.817485318443119
2017-03-01,181176.83583433888,37.02794344686208
2017-03-02,179425.757654999,3.307169292688741
2017-03-03,179969.37464663712,14.168757412114473
2017-03-06,180322.013313658,4.70511186816924
2017-03-07,180544.26831289273,5.62020441036346
2017-03-08,180225.70153172332,78.69117458182467
2017-03-09,180212.43098491605,23.460049094507
2017-03-10,181965.03337531304,112.26570468164455
2017-03-13,183246.48594624514,74.67736823075954
2017-03-14,182789.99359690718,6.039195175681783
2017-03-15,184372.28360013315,75.51059560128601
2017-03-16,184556.20407416334,24.653342027563212
2017-03-17,184558.58149733383,20.677607200923035
2017-03-20,186210.56157737816,16.519169388646844
2017-03-21,182158.28997121195,34.46198473315434
2017-03-22,183548.99363491396,3.479932282966999
2017-03-23,183446.2768894299,9.269853936043837
2017-03-24,185150.58738436547,102.98800601808068
2017-03-27,186232.87549968495,34.62814565432308
2017-03-28,187708.74671924472,62.281607989066856
2017-03-29,187878.53503859398,88.4522093570058
2017-03-30,187949.92962430906,117.62967323256063
2017-03-31,187779.45610519376,23.25759836164275
2017-04-03,188444.8959235508,83.26039832420639
2017-04-04,187453.30987462337,74.38337716395199
2017-04-05,185715.1252793412,1.4418541531589817
2017-04-06,185757.70715735972,3.8216764789915487
2017-04-07,186121.16182482647,2.45137966082315
2017-04-10,185485.6516119789,3.1742855857659293
2017-04-11,184423.15014272393,17.482390934827976
2017-04-12,182163.39130093492,26.094424504414317
2017-04-13,181704.27034800185,7.701484609981719
2017-04-17,184543.84483135588,48.08964384443822
2017-04-18,183746.29440626787,158.6556876628334
2017-04-19,184326.20118133782,4.935900137407927
2017-04-20,187242.86470874283,1.078400454264795
2017-04-21,187258.39521322373,9.076879597935203
2017-04-24,188786.07695635426,18.5832284318127
2017-04-25,191924.34615326833,24.58138752888192
2017-04-26,190314.71351308754,21.262701701442438
2017-04-27,192020.12188166752,2.0523697771213207
2017-04-28,191378.92972316287,122.53387941860538
2017-05-01,194868.74479991107,21.882506190834842
2017-05-02,193313.1932440711,102.68828114994801
2017-05-03,192470.4584450585,4.871406064672996
2017-05-04,191441.21689885925,3.3788289434851677
2017-05-05,193252.8577089365,2.988054281043503
2017-05-08,194093.4647868408,112.32787830960652
2017-05-09,195821.87490773978,65.5640556890014
2017-05-10,197718.09100863338,149.3525185286984
2017-05-11,198084.04249193752,84.40626146877324
2017-05-12,199615.37475565603,32.98063067129786
2017-05-15,200154.3984226259,34.80941810929136
2017-05-16,201554.00345259524,12.76231985904306
2017-05-17,193563.31472246186,87.16761819854787
2017-05-18,196030.5038372104,3.663008314819507
2017-05-19,196639.55044050576,32.876133636241974
2017-05-22,198262.4241049105,15.882041197425906
2017-05-23,198284.8237471622,65.67420816838165
2017-05-24,199899.9666423325,27.30528063817428
2017-05-25,202300.37402896493,0.3453529319064046
2017-05-26,202432.7256549488,9.739699710443467
2017-05-30,203491.84785353,62.91038404756068
2017-05-31,203123.91569032025,208.82346619916
2017-06-01,203203.12042383399,209.7693629666835
2017-06-02,206207.76759165604,14.24827212173318
2017-06-05,206427.71594127078,10.858894189779384
2017-06-06,206754.72355996072,62.032554253939516
2017-06-07,208222.8232812876,13.248360633311108
2017-06-08,209493.20145436603,161.2015626080629
2017-06-09,200089.27935744196,209.84637928874335
2017-06-12,198273.2625769422,23.45876658413661
2017-06-13,200162.04735113622,19.78516532421085
2017-06-14,198717.46449471716,62.11815119986892
2017-06-15,196946.79045366537,10.805701487173557
2017-06-16,197040.1538349181,130.38948116598152
2017-06-19,201428.77368424597,60.37662742795479
2017-06-20,200264.81782268608,11.858468047021972
2017-06-21,203793.64051575746,2.2010721692039503
2017-06-22,203811.99703561657,128.5316797434572
2017-06-23,205240.71270257377,48.423204959876074
2017-06-26,204029.892735789,20.627661059098244
2017-06-27,199114.97833547142,1.4462510063845748
2017-06-28,202663.9135334249,6.733295654821276
2017-06-29,198013.66388877478,107.27580531683135
2017-06-30,197044.697263382,41.109874389690845
2017-07-03,193806.97850681015,1.1645250386887938
2017-07-05,195838.74341902154,0.18183740990424724
2017-07-06,194155.40249255547,5.966881307464632
2017-07-07,197455.31045699053,10.417860745725243
2017-07-10,200379.61955162132,104.68885727964954
2017-07-11,202225.00841925616,152.03300903316023
2017-07-12,205726.53929326005,17.72012707658945
2017-07-13,204346.69783710357,18.74475239630172
2017-07-14,205996.08492228648,15.315656157940793
2017-07-17,205305.62648541032,84.26431280672574
2017-07-18,207695.39945730806,12.120308252572272
2017-07-19,208173.2868293492,97.0689414707908
2017-07-20,208750.48168318957,13.035447056008053
2017-07-21,207637.68696663342,7.451778149222349
2017-07-24,209051.89726142376,5.0584333369104115
2017-07-25,207612.68532838306,8.896874804118056
2017-07-26,210024.0021697684,46.29038683613669
2017-07-27,206541.31277277134,94.34556939265835
2017-07-28,205810.81286151148,10.922457287101082
2017-07-31,202187.98244206476,33.85812966393428
2017-08-01,204584.88203000813,89.4137625673194
2017-08-02,204153.4842543978,161.94773057884595
2017-08-03,204138.81999668916,75.96787342866662
2017-08-04,205278.26588448178,102.37801083217992
2017-08-07,206689.48137586928,148.35336702681465
2017-08-08,205773.74930809299,62.37249229709869
2017-08-09,205122.2798865386,7.1330679007377
2017-08-10,199276.66590694812,9.850993198427545
2017-08-11,200625.48765669056,2.367238141985581
2017-08-14,204943.19871270537,11.818507074125819
2017-08-15,204956.37893344474,65.05221368383502
2017-08-16,205678.5905799452,3.3306960645705317
2017-08-17,201258.60723081222,79.01678863159388
2017-08-18,201566.04219673946,25.517399299889405
2017-08-21,201698.81529315948,80.93211015702144
2017-08-22,205205.97592430733,3.9467609467388343
2017-08-23,205712.36826774883,46.67988607692567
2017-08-24,205421.4869283342,46.88462673660971
2017-08-25,203325.58964433832,67.04323234721048
2017-08-28,203653.68392857388,6.175707901263024
2017-08-29,204223.8133923647,3.300734245517674
2017-08-30,207379.8945734159,4.015356268052177
2017-08-31,210364.55495141153,164.65632603767645
2017-09-01,210217.16922462784,232.39864242874648
2017-09-05,208337.0822247549,6.79330339869739
2017-09-06,208502.58800515893,54.460634801418394
2017-09-07,210292.256905767,3.1014501776880365
2017-09-08,207880.7957272865,18.147676024584925
2017-09-11,212701.63543971814,62.34481414593928
2017-09-12,213072.3595056519,16.38850259632295
2017-09-13,212819.85530939215,38.09560766332038
2017-09-14,212493.09135308623,92.9890619790625
2017-09-15,213969.42624111322,137.05516882090745
2017-09-18,215376.13024342144,205.24220192516628
2017-09-19,215922.24937263186,66.44993034059952
2017-09-20,212774.54301854927,1.4873916800650022
2017-09-21,211396.55431154778,5.862278733761968
2017-09-22,209905.6249034064,14.83920356204436
2017-09-25,203413.9608989869,2.897963157737621
2017-09-26,204195.2528996595,161.77267266593216
2017-09-27,208148.98503437007,20.88486137354522
2017-09-28,208676.43857064884,6.446120888393665
2017-09-29,210740.73398983644,74.28664219544558
2017-10-02,209923.1827362021,0.2843349417440528
2017-10-03,211464.6106726627,38.28747434421575
2017-10-04,209978.3577270058,115.23190303117374
2017-10-05,211665.73246571494,4.152906388762403
2017-10-06,212794.49180732266,21.33162818447221
2017-10-09,213160.50577229707,5.063551609201312
2017-10-10,213720.70272045114,146.72891502359414
2017-10-11,214911.74700328146,31.893711293074922
2017-10-12,215100.66407081884,11.20655891697919
2017-10-13,216586.7600549228,52.01395354342259
2017-10-16,218520.77124491276,23.151049523963394
2017-10-17,218319.68419287796,113.7574074089062
2017-10-18,218232.5756032213,2.91788170182768
2017-10-19,217204.9547944396,1.4522309630365555
2017-10-20,219267.08609522218,119.6942766987847
2017-10-23,218939.95515991424,54.5654161093012
2017-10-24,220947.0731834534,7.072674191338365
2017-10-25,215583.46373100794,114.79694529092109
2017-10-26,216255.77078563825,9.472446748176708
2017-10-27,219233.662980471,34.222499285085775
2017-10-30,218172.54202220094,17.343512984637925
2017-10-31,218965.1565732314,3.1087049795864914
2017-11-01,217367.51989206971,129.41260704699027
2017-11-02,216456.6736789683,14.56433925426245
2017-11-03,217100.55275583698,151.22171450091503
2017-11-06,217426.39715500205,127.97024078697075
2017-11-07,217670.25531355172,141.29865471153337
2017-11-08,218676.35839343313,94.4087159657901
2017-11-09,215800.26650873452,42.40416446954693
2017-11-10,217742.91123626355,96.53323361995155
2017-11-13,218516.728395201,103.51426193836384
2017-11-14,218596.1922245808,94.45489032940367
2017-11-15,216719.41356254634,29.764122734628366
2017-11-16,219948.34385621545,3.5320142507346333
2017-11-17,218587.45557222146,252.12854585426166
2017-11-20,219984.4045031021,3.5233690689002017
2017-11-21,223092.725919602,46.725418922995516
2017-11-22,220890.72860747363,9.745405493052203
2017-11-24,222269.35079048664,33.8524708608012
2017-11-27,220694.88584632374,17.31966895557484
2017-11-28,221346.48790423322,30.72557513165256
2017-11-29,211787.38828639555,37.07919292019585
2017-11-30,213176.5989515175,6.279098688497754
2017-12-01,211656.78584479316,20.970932950809697
2017-12-04,206354.91106271345,26.438716884429596
2017-12-05,206515.046135636,36.53383228364686
2017-12-06,208459.31757925387,2.6943831288352555
2017-12-07,209343.5080121712,28.071995134752797
2017-12-08,210007.78974242014,24.84037203590615
2017-12-11,212164.5260531518,177.80748530360552
2017-12-12,210876.18135954143,35.08673311472219
2017-12-13,211418.57675481617,21.18576265156672
2017-12-14,211243.25699481808,9.73219165644241
2017-12-15,214597.03322943766,0.9291826160707046
2017-12-18,217130.4370025919,167.23247950536114
2017-12-19,216648.41898310688,269.4412308981557
2017-12-20,217417.11662400517,91.24508250508836
2017-12-21,216414.15317626976,157.86460443519104
2017-12-22,216168.56565171725,17.909363570260638
2017-12-26,214642.075131233,34.473250205763065
2017-12-27,215148.2120087506,46.16912106291363
2017-12-28,215263.21897932285,40.622999632288284
2017-12-29,213988.67551462102,22.95567981647747
2018-01-02,217574.5289301729,9.125484929081011
2018-01-03,220497.85781526144,84.78576182897086
2018-01-04,221109.02406905984,29.830306280613193
2018-01-05,223181.46371531129,99.0992934668123
2018-01-08,224989.99769780447,19.1552853327141
2018-01-09,223142.38400776853,21.957874135884246
2018-01-10,222823.8532374426,30.261733822479755
2018-01-11,224728.89163153767,83.2165211975381
2018-01-12,227124.5063696355,36.341159865278115
2018-01-16,228483.67775583916,8.0630631511848
2018-01-17,232521.52389850523,47.23215331936741
2018-01-18,231950.20736419532,1.5041228470498993
2018-01-19,232429.3785791665,8.973711994262779
2018-01-22,236118.4491416989,30.372873502771768
2018-01-23,240104.04574719092,178.94901791235083
2018-01-24,236592.12609040292,18.731938715300103
2018-01-25,236897.51098097675,184.25715388171602
2018-01-26,243606.15289693893,54.52018266737818
2018-01-29,243329.3244791284,30.797998930509152
2018-01-30,240141.49548066227,31.16480362980238
2018-01-31,240372.102510445,96.10904692874885
2018-02-01,237731.85722817967,8.18503560611282
2018-02-02,234787.94167144469,61.63955505065678
2018-02-05,224832.64113215302,3.9443185696295586
2018-02-06,232042.86896487407,1.8142640226411686
2018-02-07,231990.3658763437,149.13056817338975
2018-02-08,220165.20814796654,90.21907802786419
2018-02-09,225939.2951921825,11.544118822048631
2018-02-12,230017.13647239612,58.78608100816518
2018-02-13,231747.58916584146,0.8839356054000973
2018-02-14,236050.07199272452,12.554139941333034
2018-02-15,241542.19012250355,205.50090970447718
2018-02-16,240852.1838915168,32.10598586189292
2018-02-20,242504.9527246644,20.69383832712441
2018-02-21,240637.22924676666,1.7906405044527105
2018-02-22,239637.94047712718,19.78357195291875
2018-02-23,245602.15996689853,28.815098238541935
2018-02-26,250469.07528690304,5.197293796195794
2018-02-27,249616.4812821746,94.56006902455908
2018-02-28,247720.56101402748,130.306718678349
2018-03-01,243906.2762753301,10.038970165782189
2018-03-02,247498.7032603706,176.16013903268504
2018-03-05,250388.4532588131,293.73535853690095
2018-03-06,252241.03309919641,238.687107108084
2018-03-07,254096.8637961554,0.6243437933495954
2018-03-08,254237.08289654477,21.72126419767426
2018-03-09,259247.1770229905,33.83181577614134
2018-03-12,258551.27247215502,20.516593706543517
2018-03-13,255501.9337437031,27.359978902055786
2018-03-14,256455.71092030976,1.1247386691473196
2018-03-15,255633.55602628793,38.08145887461076
2018-03-16,255790.0990443451,173.10029365843155
2018-03-19,252084.0690208575,0.5262809893432348
2018-03-20,255887.80933502325,9.60188511022423
2018-03-21,253449.9591447025,33.72743903692657
2018-03-22,246901.36976134777,71.58120429515515
2018-03-23,240360.52103534332,158.11106792084627
2018-03-26,251636.21092469784,57.809093070938275
2018-03-27,240476.66017690176,66.37384572499585
2018-03-28,235103.453244658,146.20025012065548
2018-03-29,241288.39042705498,21.77370494806155
2018-04-02,233268.40287547949,129.72683483008566
2018-04-03,235282.30493147662,22.65095122148523
2018-04-04,239879.89979130143,27.38964611403992
2018-04-05,240310.6025515603,32.85959349143456
2018-04-06,234455.57995239497,11.216563379763102
2018-04-09,235777.16318457035,255.82762854007433
2018-04-10,242384.64081774652,175.9786711782283
2018-04-11,241356.1347283849,166.3189343938086
2018-04-12,246054.90540956988,79.74565481676605
2018-04-13,243205.23709267864,187.1717564512315
2018-04-16,244411.96876641572,146.34293099702705
2018-04-17,253384.121614052,149.88472898120068
2018-04-18,255007.1954066563,118.55376027109969
2018-04-19,252977.597893038,2.234749117106503
2018-04-20,249719.17417610725,11.641894231632477
2018-04-23,247342.00006019266,67.30623542460458
2018-04-24,241255.16660088886,18.16202611316497
2018-04-25,239843.4799540391,181.57587650918134
2018-04-26,247194.00348657445,20.34509176090262
2018-04-27,247781.00169337876,22.512530933696553
2018-04-30,247767.0143864848,7.222340891551994
2018-05-01,249515.49301461232,27.91636399280361
2018-05-02,246336.80883111403,16.38108052655616
2018-05-03,250300.8359976591,2.975425321011244
2018-05-04,253841.86615054548,33.16470448911582
2018-05-07,258007.93739981725,107.28658433033482
2018-05-08,259512.71464882762,231.34580193432154
2018-05-09,263175.14016068156,22.403414370399986
2018-05-10,264594.55048968893,1.6716606865566064
2018-05-11,263191.6823655657,6.097810893437611
2018-05-14,261322.27150715943,34.431554690557064
2018-05-15,258909.210068455,13.565155258420077
2018-05-16,259277.45701245297,5.718919076801853
2018-05-17,257446.47972587013,29.79506114388073
2018-05-18,257165.0130109149,31.47698586759327
2018-05-21,258065.33175200666,16.923072044511137
2018-05-22,256826.7379469735,25.509719358151045
2018-05-23,261115.33609137477,29.040526723273388
2018-05-24,261783.503690626,80.5335463541594
2018-05-25,262091.0572797733,45.360185809669616
2018-05-29,261045.24308180407,94.47881102161722
2018-05-30,264023.2969653653,213.7042596386606
2018-05-31,263904.5481592445,0.2908636360323129
2018-06-01,268760.88693504065,58.461525723646105
2018-06-04,271721.3789797737,183.98299321671584
2018-06-05,274070.1587674617,3.9342439173959605
2018-06-06,276601.5256594485,149.15049350920003
2018-06-07,270874.81128134637,234.959611081197
2018-06-08,272299.9871555951,18.965390839822476
2018-06-11,272637.6236003586,0.8217204757681884
2018-06-12,274848.64323075535,33.89192612891068
2018-06-13,276930.6638780559,97.57999667767058
2018-06-14,280097.67404713173,124.14488567847106
2018-06-15,278371.8059372897,15.089062213409107
2018-06-18,280215.46556643705,12.341214935572225
2018-06-19,279765.8230457098,30.585603693236948
2018-06-20,281509.3713634266,27.58394124643314
2018-06-21,276959.2249643778,91.31564736120913
2018-06-22,273883.6982777021,33.68697093940315
2018-06-25,264822.59412070445,36.810285293388176
2018-06-26,267984.7823445962,2.076723830515135
2018-06-27,261706.34365151435,12.664787988970346
2018-06-28,265916.99008525885,6.850937500337068
2018-06-29,266051.50312394276,22.689161960056182
2018-07-02,270132.47941801994,46.08221934285996
2018-07-03,266736.4242491699,119.15462445981757
2018-07-05,271440.97804520716,152.33821175684966
2018-07-06,276234.68732454145,124.42303468546154
2018-07-09,279469.62571801106,31.686783684857097
2018-07-10,279996.92194035085,130.76359608205638
2018-07-11,279877.02433241426,90.42995680391141
2018-07-12,286257.85084756435,318.87239106714605
2018-07-13,285542.6378902479,30.160183338750358
2018-07-16,284991.13556731964,11.760431897856677
2018-07-17,286657.4504332385,13.420121654073228
2018-07-18,287100.67278201226,157.34539897090207
2018-07-19,284627.57039847027,5.6220838035246175
2018-07-20,284180.8475001541,11.861728974934977
2018-07-23,284868.17976240435,3.8550248555202984
2018-07-24,282960.56766719837,0.33968563099181637
2018-07-25,286566.60415402026,12.429984479829727
2018-07-26,280540.6935012582,20.873066687918254
2018-07-27,273764.75872947456,130.44496871713855
2018-07-30,265963.72139848163,10.869373449571981
2018-07-31,264386.10800553276,6.510271081484234
2018-08-01,265695.6493910981,35.072015686150166
2018-08-02,269934.1321893141,58.337660352921375
2018-08-03,269866.7432992954,5.793580820068826
2018-08-06,272069.7856897868,42.43229623210571
2018-08-07,273541.1751816601,146.9542382091943
2018-08-08,274312.8334398815,15.319235856260928
2018-08-09,274913.1736850959,12.646667502554408
2018-08-10,273395.14914034144,6.104554159771055
2018-08-13,273264.0601876394,13.480109514382292
2018-08-14,275546.1237139002,40.2281793848577
2018-08-15,271454.789970743,36.7885783784858
2018-08-16,271091.77319717436,115.10247039824108
2018-08-17,270780.5253452454,46.618713775635
2018-08-20,271879.55846093927,334.53297113213364
2018-08-21,272477.81397551356,9.4393741494128
2018-08-22,274841.54227708315,50.07006524536382
2018-08-23,275881.2202976661,57.76964077524616
2018-08-24,280597.2384826819,55.87626954716356
2018-08-27,283741.21307776624,52.5367910688357
2018-08-28,285035.7408570685,13.626572553115096
2018-08-29,289066.2036681665,38.56563334591337
2018-08-30,287747.14653478353,31.55485997885961
2018-08-31,287211.2103465269,25.16943008401057
2018-09-04,288691.2668922068,56.32420040379611
2018-09-05,282677.89092484076,304.44119682866585
2018-09-06,280612.02510798356,137.539130810733
2018-09-07,281526.49969828874,11.8231688812605
2018-09-10,284191.6200406653,4.475722084710718
2018-09-11,288149.71643034037,23.5995270352972
2018-09-12,289537.65065874724,290.9896289315407
2018-09-13,293216.9347884318,59.283012117995554
2018-09-14,294096.527280345,163.38424302580913
2018-09-17,287629.34787337953,5.5232474105775395
2018-09-18,290360.4451217133,259.53913683472615
2018-09-19,287304.73324944737,2.3461120343431503
2018-09-20,289667.9928352458,178.2178351504342
2018-09-21,287351.0747969264,98.77016855418486
2018-09-24,290682.0359532324,17.24111337336268
2018-09-25,292330.9273384758,41.62844120943987
2018-09-26,290964.8034033542,7.671066260835488
2018-09-27,293676.2395336183,19.077553943025293
2018-09-28,294024.55089637,2.406540596124927
2018-10-01,296450.007470792,108.09756440463423
2018-10-02,294270.69750248507,4.868967405112926
2018-10-03,294722.40599928284,12.919533828733307
2018-10-04,288702.4725508509,37.19320009327157
2018-10-05,285703.6752450808,187.52974537450697
2018-10-08,280689.1070604172,11.00955294037567
2018-10-09,281438.5227394224,56.962878716037494
2018-10-10,265578.9947467482,67.36413580532167
2018-10-11,261263.52007378518,94.23315848290582
2018-10-12,269857.89477007714,41.038690975595614
2018-10-15,265681.6313963627,7.747523376832149
2018-10-16,274630.9684433558,3.9166078188397933
2018-10-17,272961.1518995739,29.563319919242076
2018-10-18,268045.9335310357,26.90462659770735
2018-10-19,264918.20650086226,63.99610695660482
2018-10-22,268337.8776883735,31.61173578636533
2018-10-23,266754.4301131913,110.62814175579035
2018-10-24,254655.50232009997,83.86386375536199
2018-10-25,261851.01245183047,11.349329653350878
2018-10-26,256154.3967232049,78.00518077020547
2018-10-29,250531.43401035777,66.4832352112906
2018-10-30,250227.69555640692,55.992139582588266
2018-10-31,254273.7234925247,46.648812196331164
2018-11-01,257887.89248057816,270.55933925124134
2018-11-02,254232.7478006693,11.777034601815103
2018-11-05,253938.72278339896,127.56847698722095
2018-11-06,254806.70586857092,62.747820704112996
2018-11-07,263026.2326079371,146.5352278712259
2018-11-08,259693.42230456628,30.682909424664558
2018-11-09,254848.71381030625,25.745817523645655
2018-11-12,244940.71322628282,27.42014499924653
2018-11-13,244987.324803805,32.160954928068264
2018-11-14,242479.4318678528,25.919706597911954
2018-11-15,248422.72777466237,305.9870481914186
2018-11-16,248895.82423066773,28.503345963148092
2018-11-19,240688.2002846306,214.10630574878934
2018-11-20,238204.30988964497,26.089308590289647
2018-11-21,239782.8158432038,46.80228386236132
2018-11-23,239270.98923082513,11.857471181568599
2018-11-26,243492.7195950458,0.3325806567631844
2018-11-27,243335.92118688673,5.67220541090478
2018-11-28,250929.72572687388,39.098365576254764
2018-11-29,250421.98351441236,24.40002976270501
2018-11-30,253173.64630433175,15.363661967260043
2018-12-03,257878.49903055833,41.91761156724668
2018-12-04,250339.55058074984,62.04862190280255
2018-12-06,248974.43969785134,13.153999914315932
2018-12-07,242315.93572048316,37.653596917484265
2018-12-10,247914.86292206106,19.41271911915777
2018-12-11,249805.36151084953,27.569825745157914
2018-12-12,253240.66292107347,11.985339286358453
2018-12-13,254337.05146635472,19.12274588049081
2018-12-14,248776.66601215792,28.30893360568291
2018-12-17,241713.1573375125,1.7995322604217563
2018-12-18,241487.3136616256,33.245893528685656
2018-12-19,238387.45943209762,18.38927409284338
2018-12-20,234544.17529928137,6.7302824204061835
2018-12-21,231417.92821852,62.71613088879474
2018-12-24,227393.14558738063,96.94987815209606
2018-12-26,229446.5733832242,38.85681523102119
2018-12-27,231297.66911417013,41.08252817158359
2018-12-28,232503.88346001817,52.26071068955048
2018-12-31,232919.7859581258,118.5864742543522
2019-01-02,232950.82420956058,0.45362698000622004
2019-01-03,221627.6932650579,21.866881467198255
2019-01-04,226773.6146282167,45.13007011121954
2019-01-07,227557.7512096376,45.13007011121954
2019-01-08,226941.63779105849,45.13007011121954
2019-01-09,228397.89551200575,45.13007011121954
2019-01-10,227053.65323295302,45.13007011121954
2019-01-11,227445.73576774306,45.13007011121954
2019-01-14,227987.15323295302,45.13007011121954
2019-01-15,227595.08494224257,45.13007011121954
2019-01-16,228323.2138027162,45.13007011121954
2019-01-17,228024.5012096376,45.13007011121954
2019-01-18,225989.4638027162,45.13007011121954
2019-01-22,226792.27437247938,45.13007011121954
2019-01-23,226474.88779105849,45.13007011121954
2019-01-24,226120.15323295302,45.13007011121954
2019-01-25,229424.7512096376,45.13007011121954
2019-01-28,230227.56177940077,45.13007011121954
2019-01-29,231515.79633750624,45.13007011121954
2019-01-30,232841.3646282167,45.13007011121954
2019-01-31,232953.38007011122,45.13007011121954
2019-02-01,232486.63007011122,45.13007011121954
2019-02-04,234730.46667095256,177.03924556803395
2019-02-05,236212.7478585622,3.821539439865319
2019-02-06,236611.16895774243,17.56206420300387
2019-02-07,232258.37113759882,85.82354734307165
2019-02-08,234833.59327746494,86.84064532381606
2019-02-11,235650.86458776522,38.1832961850061
2019-02-12,238225.13582779406,15.99105049608579
2019-02-13,237448.8596867818,23.147501875791136
2019-02-14,238198.70980789504,223.79523994765552
2019-02-15,239255.31061301407,142.87993178542843
2019-02-19,240038.29919097433,98.90638778219648
2019-02-20,238772.2806646377,314.84200115504717
2019-02-21,237983.12775540398,153.92007184074134
2019-02-22,240247.0876224088,6.251703982303184
2019-02-25,242307.91642421592,13.99711650718612
2019-02-26,241631.98020846653,5.314730713830443
2019-02-27,242590.57438757032,9.743485470722053
2019-02-28,242905.76473514453,33.71498386280274
2019-03-01,242727.59259103387,17.709669815006208
2019-03-04,240498.5555019461,6.471168526295514
2019-03-05,240101.4243075866,122.43685412589934
2019-03-06,238569.5904286114,9.017794868129016
2019-03-07,237050.63244409225,5.439939209425191
2019-03-08,237425.421329026,13.602181916007623
2019-03-11,241853.16880756657,39.315883219644746
2019-03-12,242377.9321470302,191.4765462916629
2019-03-13,244148.60846453428,31.575026805388624
2019-03-14,244333.94628102216,67.45811039838142
2019-03-15,246969.98812068944,28.023498191886844
2019-03-18,247443.53086670692,57.31465348060232
2019-03-19,248407.32707718396,40.31226852917868
2019-03-20,246554.30165483552,40.674966831991426
2019-03-21,251536.71175987052,15.778896635034982
2019-03-22,245118.76968038027,0.9161704773061956
2019-03-25,244592.93524240187,103.48062966994564
2019-03-26,246942.3468091716,10.58560159103785
2019-03-27,244640.14091321724,88.72217389839619
2019-03-28,245850.7058113514,15.20822986946473
2019-03-29,248958.6016186619,0.03190697672000553
2019-04-01,252825.98459047344,6.539300861624
2019-04-02,252876.67680845456,230.60415754514088
2019-04-03,255608.90112838693,75.29776534981912
2019-04-04,252532.9275420744,22.232645376415604
2019-04-05,253047.62547806866,23.20392159589187
2019-04-08,253172.7839294878,22.845853468515855
2019-04-09,252530.17954253868,3.527017590560021
2019-04-10,255199.05802180438,3.8423407283127062
2019-04-11,256432.5448605141,26.736770304140947
2019-04-12,257367.88730717177,122.54623318190124
2019-04-15,257200.7296827368,144.0226781896697
2019-04-16,258161.50443380515,94.18114774864438
2019-04-17,254729.50427221064,25.131433236639452
2019-04-18,256028.32384500414,44.1548806181421
2019-04-22,258254.09772322257,62.37086699088047
2019-04-23,260038.1950915074,11.108240387405203
2019-04-24,259058.73301104584,25.157180586242745
2019-04-25,261610.9907431234,165.6927847493704
2019-04-26,263260.43903851573,26.926066637655538
2019-04-29,264244.8058203337,132.932033407468
2019-04-30,266195.0689130195,20.699791468004776
2019-05-01,265311.2729549741,178.19272235383892
2019-05-02,265996.30163670384,127.77503681981398
2019-05-03,269207.87382727384,203.88048010584686
2019-05-06,265472.4791554246,15.297850492939801
2019-05-07,258932.74605280338,15.221659721719647
2019-05-08,257651.71514247113,5.979029876532991
2019-05-09,256557.71638766312,99.39228335405357
2019-05-10,256405.42196477827,33.51003850875091
2019-05-13,245463.28403866186,36.229999660402086
2019-05-14,250690.84904495638,132.68662468354378
2019-05-15,255102.3292484423,9.83619309865287
2019-05-16,254702.77077004252,25.511715858574632
2019-05-17,251613.79527602394,27.397916175912997
2019-05-20,242125.95104486845,5.883110832187299
2019-05-21,246828.29422362594,31.386392433909442
2019-05-22,245882.29875220277,51.871981038830086
2019-05-23,242621.41067981932,1.5571680090351947
2019-05-24,242776.38496475236,115.82897834793962
2019-05-28,244142.8115885579,32.12952831620538
2019-05-29,242411.09104774302,16.344759443466053
2019-05-30,243873.1188031793,40.76537147764685
2019-05-31,241614.05558341334,39.544616158709005
2019-06-03,239124.54480242642,100.66247057827081
2019-06-04,245926.24294064156,120.10323498359503
2019-06-05,249841.58512922633,17.253054107303285
2019-06-06,253849.55016298802,130.56266756564378
2019-06-07,258884.2093086937,100.72383696825807
2019-06-10,262615.47179715615,34.49471204262352
2019-06-11,263069.3440313844,30.735938122659462
2019-06-12,259521.77050878826,4.436699889347551
2019-06-13,260569.46579642317,27.461411428680492
2019-06-14,257736.45453254724,6.2857779696039415
2019-06-17,258512.70638386245,24.119492688123955
2019-06-18,264618.4194658087,57.550847797230745
2019-06-19,266689.1202543773,24.493850568735297
2019-06-20,269369.05557515816,361.250830437682
2019-06-21,268192.3448395448,174.676241369718
2019-06-24,267317.6837236547,3.339328970871094
2019-06-25,260945.09147485322,3.7425444943464754
2019-06-26,265288.36373680906,91.31523865536911
2019-06-27,268003.66116402415,80.86492226389805
2019-06-28,267002.3575778346,234.67639306593722
2019-07-01,271221.7805803735,131.04308685849168
2019-07-02,272389.8647829801,222.20007198159874
2019-07-03,274035.2843884617,232.66885654029716
2019-07-05,273701.665643316,23.217523198812003
2019-07-08,273123.76482112,82.85498911928693
2019-07-09,275820.5687327981,183.12012439968922
2019-07-10,277681.9785794052,115.06546676479104
2019-07-11,276839.6277338071,27.971323589768986
2019-07-12,278981.6783920013,14.340201922596293
2019-07-15,280577.95193519274,34.28995551743168
2019-07-16,278439.05773710296,215.1544625668122
2019-07-17,278096.9500356921,323.21902525508364
2019-07-18,278288.9486170608,46.8219614821611
2019-07-19,276275.28768227587,57.15697548878168
2019-07-22,281170.33304492244,203.83314028989057
2019-07-23,281048.8678103251,155.72115047406024
2019-07-24,284069.1789795397,417.54303517325445
2019-07-25,280495.90527067846,85.76817045872565
2019-07-26,280839.5901968849,155.2448828590235
2019-07-29,278095.4710967589,193.83859706410698
2019-07-30,276809.3691014771,88.65597815556717
2019-07-31,272011.24022896704,401.265196160646
2019-08-01,270523.6266379315,23.180428977648262
2019-08-02,266098.5257701294,13.05858415528337
2019-08-05,255361.84848718747,29.48927240475416
2019-08-06,259805.80957957846,435.4225213204172
2019-08-07,262136.96252047466,97.82299982951835
2019-08-08,271143.8305756787,52.23727199827198
2019-08-09,269213.4643909864,180.51737713142415
2019-08-12,264843.7827955297,349.1982351354004
2019-08-13,270576.5016223878,190.02961845104238
2019-08-14,261545.25684738054,53.37536239518829
2019-08-15,261474.28755025935,323.9695780761251
2019-08-16,266336.7280887413,297.52322805407044
2019-08-19,269224.881139147,273.8390973684236
2019-08-20,268559.52798446163,28.851173243353855
2019-08-21,272951.5459292031,510.3567316628359
2019-08-22,271752.07241872256,45.26527074284108
2019-08-23,263196.0134804963,155.03519375315446
2019-08-26,267227.57183420076,196.72349702732387
2019-08-27,267991.4823326297,10.57696382476476
2019-08-28,266623.0027325813,39.84648830333322
2019-08-29,271347.6058075157,42.382006856509804
2019-08-30,271113.88463358756,150.22580485217932
2019-09-03,267666.0159337324,89.22024701058683
2019-09-04,272108.4021718009,21.18581361606266
2019-09-05,276929.0400969184,184.84090487130675
2019-09-06,274173.4542505162,363.6864148991168
2019-09-09,270978.7221528104,85.66906748330189
2019-09-10,268559.6090369579,90.58606103624828
2019-09-11,272235.9042866527,1.5953247843818303
2019-09-12,274079.25395461055,83.41408034299866
2019-09-13,271623.61428509693,169.42366467458885
2019-09-16,272639.48251571914,14.393606569946087
2019-09-17,273932.41190956027,61.79146812347051
2019-09-18,274048.59717178356,138.0858020783595
2019-09-19,274244.4513273985,46.593699529849005
2019-09-20,271240.32895969367,42.49109958625115
2019-09-23,271573.5622213458,279.5384710406126
2019-09-24,265694.45799300954,23.86929366872789
2019-09-25,268432.51658157015,7.226904903859008
2019-09-26,268720.1298347442,13.132117840518333
2019-09-27,261080.38129201013,35.189000750373
2019-09-30,262865.6068856339,73.04160281224904
2019-10-01,261126.20660069952,120.81078961859123
2019-10-02,257523.5203890796,102.24750471072548
2019-10-03,261098.90399569226,5.621509730335788
2019-10-04,264974.29268874164,50.7354377651058
2019-10-07,263910.1001640496,76.73264800881716
2019-10-08,257148.98192491897,28.371334461057643
2019-10-09,261316.71789214486,2.0016484009564124
2019-10-10,263851.5947168267,26.986313143971877
2019-10-11,268946.8184025284,60.09753537143396
2019-10-14,269465.9662592499,65.02306152266601
2019-10-15,273682.3718888702,176.77181028742476
2019-10-16,270492.8753565384,2.0231636596916545
2019-10-17,269378.4628975233,40.45549319593488
2019-10-18,266163.8462029083,39.68122106624736
2019-10-21,269382.96916963364,26.940107839331745
2019-10-22,267430.105637064,54.38995217328619
2019-10-23,263495.86919232405,48.085525236484955
2019-10-24,271312.94082029944,57.56618746405013
2019-10-25,278438.5072219431,85.61075854895296
2019-10-28,281394.8740007585,185.38276884017395
2019-10-29,276793.8094325168,27.859088431118735
2019-10-30,276761.65961177467,18.1900068056689
2019-10-31,275757.6871428674,119.49995567260348
2019-11-01,279631.5714212645,82.92853224167393
2019-11-04,285352.41201582557,22.4765748083978
2019-11-05,284948.17627474485,86.35782763183789
2019-11-06,284376.0743004086,21.06004869962777
2019-11-07,288743.005622372,176.14376829557796
2019-11-08,289733.3677702468,37.60726600105238
2019-11-11,288740.2204455785,55.566139166772246
2019-11-12,289169.7746627682,2.617474352654284
2019-11-13,289526.8581788035,40.321562478167024
2019-11-14,291214.2670009631,3.3339450854116706
2019-11-15,295303.3773284762,11.437934002179645
2019-11-18,296424.96846469195,6.7946098640562695
2019-11-19,294932.5883204682,42.985897753983124
2019-11-20,291880.3741439076,17.802309343434388
2019-11-21,289553.6642883112,21.440043239810592
2019-11-22,287828.33089910826,8.654647696798179
2019-11-25,293249.9629714314,101.38156579172647
2019-11-26,291500.6491570769,14.66716054064986
2019-11-27,293224.1210632182,167.6988115168422
2019-11-29,291158.92758893955,19.814990520355238
2019-12-02,287202.4990878473,98.33171085220211
2019-12-03,284409.07045863895,8.668875921071503
2019-12-04,287259.78335277876,92.95301143965983
2019-12-05,288195.8240252865,8.447212828439547
2019-12-06,291782.1796716724,111.51529589037231
2019-12-09,291131.34229554154,21.322623624575385
2019-12-10,291994.2862830166,36.193165302702894
2019-12-11,294407.2536962376,99.58986548043012
2019-12-12,298533.7043217607,168.84105195475496
2019-12-13,298624.15871320554,54.362355573876926
2019-12-16,302203.17281252745,52.51771599651005
2019-12-17,301758.6306066439,249.38938187811752
2019-12-18,301626.9874758091,231.53758948709634
2019-12-19,304235.7599065134,295.3957249948561
2019-12-20,306340.817090957,60.46604725585428
2019-12-23,308012.1025899473,123.18087039621611
2019-12-24,308619.3108783881,154.20561944647017
2019-12-26,311511.1359932632,46.96573664855805
2019-12-27,310960.044639663,6.33969409876056
2019-12-30,308087.4797606661,19.057716388909256
2019-12-31,309112.6478854303,28.3532000665207
2020-01-02,316175.95156126725,116.9246562074664
2020-01-03,312667.35952483735,5.4857159765924735
2020-01-06,312209.153519885,23.539702670033193
2020-01-07,314902.64187940693,33.92959150411113
2020-01-08,316579.3563394291,55.81881615942643
2020-01-09,319036.1378970358,30.439164659729727
2020-01-10,317436.5441938888,12.359841014037698
2020-01-13,323237.6532698165,74.13395218954201
2020-01-14,322604.3349014312,238.051610568177
2020-01-15,320175.05632100697,13.420773369004834
2020-01-16,325228.37347332446,21.542790569954917
2020-01-17,327615.41422357666,5.004218007196243
2020-01-21,329214.708924157,152.04635606466599
2020-01-22,332467.00791062624,130.9104966095471
2020-01-23,334325.0294729564,174.41779578657003
2020-01-24,335198.08831214014,209.0744132906451
2020-01-27,324346.1654853897,0.8922729568402019
2020-01-28,332157.3582964973,13.587947471613347
2020-01-29,331422.8086372033,32.82268482596339
2020-01-30,335327.4320505897,9.026523474822056
2020-01-31,325248.74015602714,22.766523214620833
2020-02-03,332917.9730135299,48.108216414574855
2020-02-04,346254.2087687951,27.987555454368703
2020-02-05,343668.208107497,33.08411266977555
2020-02-06,345857.7030532934,67.04994326610563
2020-02-07,345029.7542483747,12.433420890616645
2020-02-10,352276.9745007575,55.81773672704861
2020-02-11,353096.8164711436,348.05055622664355
2020-02-12,360115.56364217174,484.366865781637
2020-02-13,360759.2598323755,43.20159911441027
2020-02-14,365054.4980274284,239.12119637370114
2020-02-18,367961.8530371609,14.70878199958964
2020-02-19,374530.64341598825,221.06562954262586
2020-02-20,368957.7693603333,319.6576831634913
2020-02-21,358642.0711506939,195.54972926140334
2020-02-24,340991.4017727274,9.174871673007829
2020-02-25,330800.5872144403,15.483347386270793
2020-02-26,335026.81299865776,19.618739014217056
2020-02-27,315503.09432069183,19.6313633096471
2020-02-28,323107.8046845008,8.067819457179667
2020-03-02,340783.6615675032,312.01683788889363
2020-03-03,329388.1022788509,55.65400757635689
2020-03-04,344983.5213045519,50.921237413269495
2020-03-05,333152.76019458007,40.82813433837305
2020-03-06,324208.6871034892,28.480611065182984
2020-03-09,296989.527760454,31.98961729603593
2020-03-10,312921.1555450832,6.562996712887639
2020-03-11,303018.85491549247,14.2199314760317
2020-03-12,276716.2471353519,2.2682244288836273
2020-03-13,286709.87164276117,21.58804624553786
2020-03-16,264775.9686796046,30.760055241636792
2020-03-17,272329.05200117425,7.426917250889915
2020-03-18,264570.07708701695,3.8210979422341325
2020-03-19,262282.0502364338,77.9173953235906
2020-03-20,263863.78856025037,45.63614402109556
2020-03-23,274861.34026172134,50.45059802505381
2020-03-24,290470.9746093097,141.09053033019904
2020-03-25,286922.37612535123,151.9902534640487
2020-03-26,291348.9321348552,34.222837675016706
2020-03-27,288999.18719680817,9.023820953672839
2020-03-30,290485.90424931253,127.29083073341218
2020-03-31,281591.6427327777,49.15746513854833
2020-04-01,282321.531630479,39.61483665572962
2020-04-02,288110.1343896226,440.19302676475854
2020-04-03,284930.2781960635,191.28072377723686
2020-04-06,306691.4820166901,236.39532197265356
2020-04-07,304067.13095744,74.20141871320453
2020-04-08,311186.6150130221,107.02025498836622
2020-04-09,312049.4237723819,168.46637253678057
2020-04-13,328468.6682587219,174.62414174800574
2020-04-14,349588.40994084615,18.22239506980668
2020-04-15,351299.90444143675,145.06803902051092
2020-04-16,364529.85904909315,133.6260321253651
2020-04-17,366486.7861477128,34.27658998879133
2020-04-20,370106.7168840975,290.7464499086336
2020-04-21,353176.13273972046,320.7538925982569
2020-04-22,364122.2983490862,15.623203936973937
2020-04-23,363398.7213277948,76.26234341979944
2020-04-24,368578.1406446318,243.14167936845502
2020-04-27,371133.3488975285,0.5691428898000765
2020-04-28,361512.24891677324,6.2501374763924105
2020-04-29,369502.1548530586,29.211272431157113
2020-04-30,371955.56346734526,101.86450751782866
2020-05-01,355340.0327031149,2.2357556356645887
2020-05-04,367249.825032628,56.60748616503179
2020-05-05,371744.8029111502,242.90134035322285
2020-05-06,377335.2480983314,26.549707370714884
2020-05-07,380777.18814476026,62.05488689434196
2020-05-08,384380.60418603977,31.21904705126815
2020-05-11,391797.866107927,328.06008909763364
2020-05-12,383169.64217127574,427.45317209970307
2020-05-13,380434.43043658976,66.50785110238462
2020-05-14,384917.4582034829,395.24910132914744
2020-05-15,390577.75928529026,120.68215211152085
2020-05-18,393893.8110813968,0.8492760531994747
2020-05-19,395841.4830490028,41.53913363570172
2020-05-20,402432.74550874863,0.022292691782809015
2020-05-21,397848.1864285524,13.699772363407419
2020-05-22,399777.2570408926,179.82772914030102
2020-05-26,391015.76021284075,31.979973735508793
2020-05-27,389035.65400504816,13.682615277636614
2020-05-28,387762.5347483702,41.580421740514
2020-05-29,395625.43076590385,4.896221912763849
2020-06-01,398783.43606322835,32.52487701011023
2020-06-02,400728.2465569994,267.12902999132115
2020-06-03,398595.08673913206,333.5668035241277
2020-06-04,393088.113062674,1.851061636426948
2020-06-05,399672.17802708613,60.62021344172331
2020-06-08,403106.39818673517,5.792227796591959
2020-06-09,411138.357646054,6.337773388579649
2020-06-10,420860.1296135164,327.17906725170906
2020-06-11,400879.73170173523,10.992964628934459
2020-06-12,404597.8397076046,92.73304866908046
2020-06-15,411935.69717786985,18.999130231881395
2020-06-16,417530.4220337325,8.885790293783884
2020-06-17,421213.60191702197,39.22182535480499
2020-06-18,424765.5641070296,51.800290196110964
2020-06-19,427333.3087918673,22.361969700855298
2020-06-22,435017.0667625939,67.75779118890034
2020-06-23,437013.48090660264,18.324645158549743
2020-06-24,427527.8122637588,18.293899806169293
2020-06-25,433237.7322431649,46.843437775525274
2020-06-26,419844.69554421783,48.087228749974884
2020-06-29,422821.62654704426,29.344394868352794
2020-06-30,435837.61527460895,67.66437548478962
2020-07-01,448857.1077845829,99.51240570712363
2020-07-02,450999.2774908382,64.72802184403554
2020-07-06,464158.6278720529,52.696734967925636
2020-07-07,462939.7173787503,120.12008871129069
2020-07-08,472075.067762294,367.2743014480653
2020-07-09,478652.8481037417,42.66855547815737
2020-07-10,485621.0122410276,657.1695019223927
2020-07-13,468541.13164142886,572.3892479351823
2020-07-14,471781.48739971843,4.623461386806639
2020-07-15,470848.54506988253,21.410151669616653
2020-07-16,464855.31523689773,1.7485235645917783
2020-07-17,462932.6595518666,46.146991975834226
2020-07-20,485785.1728708028,44.62491815083695
2020-07-21,474292.52949697664,20.402935811804014
2020-07-22,475809.2450898999,49.11736334505974
2020-07-23,459512.451944452,193.19898043223247
2020-07-24,457374.16056709207,86.81191520609082
2020-07-27,469100.11300461285,194.94744961252275
2020-07-28,463161.52041932836,537.9725143600895
2020-07-29,471531.8621582901,522.2917094146987
2020-07-30,471904.80877903453,17.34825352181764
2020-07-31,483275.628370586,22.897155109041705
2020-08-03,493167.82178893796,39.07821002711372
2020-08-04,498741.51926898735,66.01737880483552
2020-08-05,500850.1573780742,263.02642142442573
2020-08-06,506598.34042420215,70.73438229389257
2020-08-07,500295.6506529093,76.44607260230964
2020-08-10,496856.3724747294,82.52913576302177
2020-08-11,485081.27002228034,389.99333465826635
2020-08-12,503979.94935479545,332.855907110198
2020-08-13,505828.93613033317,366.76064758324173
2020-08-14,505449.28552836383,284.7276193520179
2020-08-17,515506.93069696554,149.03011751303984
2020-08-18,517894.996781882,547.9429088198622
2020-08-19,515461.9459043418,90.34774836648307
2020-08-20,524054.91580108454,3.7806167964963038
2020-08-21,529994.2812328655,17.902752907953072
2020-08-24,532884.5069612823,204.34959548340248
2020-08-25,540136.6637559893,25.781973457545746
2020-08-26,556588.8624785495,1.9122527193694623
2020-08-27,550160.4893666267,29.108240222861014
2020-08-28,556298.4936456311,62.191422425603434
2020-08-31,567048.1390028694,148.52058608321067
2020-09-01,581271.5149214341,226.8460362030669
2020-09-02,579989.7212285466,686.8085116810453
2020-09-03,542482.2036802081,42.90434091367503
2020-09-04,531751.4737243005,70.59194653713871
2020-09-08,500493.6151791701,112.48759375903774
2020-09-09,521547.7079769284,356.57324182099023
2020-09-10,513965.2545969165,8.218741623209212
2020-09-11,509157.7924871768,19.452546151968477
2020-09-14,522036.02622182685,177.04523427799325
2020-09-15,532267.4548926122,369.1811728246134
2020-09-16,517981.3580438538,217.02007693481312
2020-09-17,512287.0414621234,366.1198036074502
2020-09-18,507325.3934265842,240.23843734166962
2020-09-21,511065.61508604186,407.02242036955136
2020-09-22,514641.50750568614,9.335866243683995
2020-09-23,497544.4249086548,1.9641485382676365
2020-09-24,501223.6255277093,67.38843664485813
2020-09-25,513052.22170253814,390.51905819001536
2020-09-28,521561.26202720293,11.286463199933223
2020-09-29,525679.8077530417,33.756379560042774
2020-09-30,527469.4469981779,542.5241151441596
2020-10-01,536190.7385634419,675.9217127796771
2020-10-02,520902.0545011232,375.477554864643
2020-10-05,536851.4689135262,116.33400198897534
2020-10-06,528946.4574700054,64.25899512133401
2020-10-07,542339.3490334527,292.46074304740216
2020-10-08,542284.7884976339,17.115029044119296
2020-10-09,549182.7828543817,57.23711520780512
2020-10-12,561204.9348591497,19.749558322765154
2020-10-13,562066.6183586728,20.653547347727
2020-10-14,557940.6836892245,2.322462189042355
2020-10-15,552936.2992825763,26.075001265231634
2020-10-16,549939.8616666206,31.153052271256627
2020-10-19,542538.6356981841,82.11445794976277
2020-10-20,542932.0307357716,186.98799399615643
2020-10-21,537535.5451639644,339.73387989909213
2020-10-22,533505.283344805,60.6192327139471
2020-10-23,537636.1161623161,123.12210275332222
2020-10-26,529800.5949475666,266.68177579849254
2020-10-27,534734.0246586357,22.0447744881086
2020-10-28,512148.0573759797,24.604895663547495
2020-10-29,519476.8225703761,15.10391860454817
2020-10-30,500988.15986986546,130.75795336155255
2020-11-02,500710.04778881016,70.59144039099772
2020-11-03,510414.01303269906,86.07131364389352
2020-11-04,535283.7556031933,277.05034387023034
2020-11-05,558652.8931880249,65.84389259950518
2020-11-06,564970.2955960232,387.24413003501013
2020-11-09,554981.312042638,44.94784109219199
2020-11-10,535661.7466165089,24.87309279677106
2020-11-11,553237.9319616427,0.1278644671431266
2020-11-12,549498.9121831445,111.32322345056173
2020-11-13,551000.0160587693,6.991074409581188
2020-11-16,559011.2083966361,126.13704081640071
2020-11-17,562933.2592976767,97.00517398903776
2020-11-18,564840.5189853692,104.3354927086695
2020-11-19,573544.0589036944,80.83428668995256
2020-11-20,567298.3219324941,76.83321827596512
2020-11-23,571511.0092349435,43.258551159073875
2020-11-24,578188.9540816771,62.474254749954696
2020-11-25,577363.398478153,3.4843860890910037
2020-11-27,581336.1017408723,84.65751937566063
2020-11-30,588313.6487048366,165.6250804164157
2020-12-01,593939.2376211166,265.88427333827667
2020-12-02,592764.8846598639,62.32544431822316
2020-12-03,593131.075495237,130.99263238297294
2020-12-04,607995.7794468187,273.1684620164779
2020-12-07,613606.3659608802,152.30645732487702
2020-12-08,614169.8728846342,66.46302020849544
2020-12-09,599072.4577918707,20.281323975128203
2020-12-10,602604.1130170155,65.26258748064538
2020-12-11,594774.2993803781,63.678549842254995
2020-12-14,601195.2490569024,2.8071318534827014
2020-12-15,609500.6883857362,14.13162685561656
2020-12-16,610557.32099205,61.84267383561132
2020-12-17,613245.1936985515,57.873636867801
2020-12-18,614123.3605621333,14.08632926890823
2020-12-21,610639.0367996449,29.099362587415044
2020-12-22,614291.875056361,34.64210042829245
2020-12-23,607898.7024787623,36.595362063048924
2020-12-24,612071.9217704999,3.620073722560278
2020-12-28,613335.4488105841,46.147327429863935
2020-12-29,610293.7871042017,97.80542523905041
2020-12-30,619256.1459592483,31.21235119315557
2020-12-31,621032.741608366,24.53064320944918
2021-01-04,615771.8237201755,228.17942162201734
2021-01-05,625286.829225973,28.28782506351854
2021-01-06,621779.918633953,28.72762824623831
2021-01-07,640983.8060199118,95.30870927333626
2021-01-08,646378.8843230958,11.88171384281759
2021-01-11,644348.6784497465,30.82246601236284
2021-01-12,648537.2940235728,312.08328443710764
2021-01-13,649797.9449930176,4.546761511273104
2021-01-14,652804.9289608507,169.08102612775275
2021-01-15,645528.9610820331,100.27980380431865
2021-01-19,663791.2722498754,88.94673794304248
2021-01-20,670418.399233399,53.825190125028314
2021-01-21,672407.2628230541,108.23038286856104
2021-01-22,664932.3716522488,19.96765673489506
2021-01-25,667846.6648261999,42.3702133154124
2021-01-26,663103.667131977,38.468744831077174
2021-01-27,635869.354043412,41.56443922505218
2021-01-28,650999.3023461882,222.05146880785105
2021-01-29,640636.0960148352,3.222849704585883
2021-02-01,662891.7750412065,55.99846421069384
2021-02-02,675952.3780682343,268.9191296357194
2021-02-03,676096.1931415395,4.118987639274792
2021-02-04,677147.2838289031,14.890999008043309
2021-02-05,675946.4860003362,212.0901186833987
2021-02-08,686306.6946391062,2.809354682295975
2021-02-09,682752.7673723847,261.4950258881315
2021-02-10,682074.5431371399,326.01976830443994
2021-02-11,691188.8449409965,101.92495808633623
2021-02-12,697868.5506829168,447.3856781865157
2021-02-16,697970.6204632293,314.05274472336873
2021-02-17,691498.9449703827,36.96535993959424
2021-02-18,687595.8712746231,20.93720022125052
2021-02-19,692828.6097253425,50.85192047182852
2021-02-22,668747.3927153326,294.04099261528427
2021-02-23,668505.2317525935,6.049986083553165
2021-02-24,684003.1067509972,73.21053746575959
2021-02-25,652587.1482937031,100.55211374089254
2021-02-26,660659.9263809966,93.03994834887658
2021-03-01,684653.085459613,190.45715227053165
2021-03-02,674831.8219863287,42.24068750060724
2021-03-03,659187.5465656137,284.76865728855023
2021-03-04,640123.6642602468,31.61669860130894
2021-03-05,656996.9863274198,298.1612389187266
2021-03-08,633769.8653805389,2.4161961211113976
2021-03-09,662088.5195022166,166.80529933571307
2021-03-10,658719.3264123797,54.17886751894639
2021-03-11,679477.8660540921,24.61843064842992
2021-03-12,673146.796829681,47.923347930498835
2021-03-15,681230.0991259986,76.02657808593298
2021-03-16,685628.5935356537,61.06939624932397
2021-03-17,689959.4215673388,29.064443010095147
2021-03-18,667425.9355532888,25.657503819772614
2021-03-19,673553.6441068818,212.95349790355726
2021-03-22,682112.5528039194,67.96556942231632
2021-03-23,672686.3943325037,240.90373954714437
2021-03-24,665052.225356631,69.71665912118715
2021-03-25,668102.9372562976,297.06126829093637
2021-03-26,684901.2885983052,16.41810727731388
2021-03-29,679189.9355810571,298.565852968708
2021-03-30,677374.1552756383,50.59711294914888
2021-03-31,690263.7051382068,88.08372402228366
2021-04-01,710124.8678231514,85.59839871293798
2021-04-05,732325.8004763746,36.525894465388774
2021-04-06,727243.9730572619,251.47847794672305
2021-04-07,728361.435253305,3.421974343840077
2021-04-08,734606.1803169429,236.03367998002363
2021-04-09,738106.2732247057,181.34250342270042
2021-04-12,730274.2207479833,7.22208312736781
2021-04-13,732414.6054002952,22.090515346557027
2021-04-14,725928.7629969355,13.23712947332524
2021-04-15,734334.3640772698,71.56780499199556
2021-04-16,736579.7263782839,55.70176204245513
2021-04-19,728223.4028837207,104.21126003297788
2021-04-20,721870.9420773733,11.23146412248525
2021-04-21,727320.1590876139,258.0975565470782
2021-04-22,714413.7253119918,42.38060831741535
2021-04-23,720211.9971360351,73.29270259397538
2021-04-26,723402.8541246891,19.255858087594902
2021-04-27,718967.6836002523,79.62230951132904
2021-04-28,716402.6051438045,131.6215241145112
2021-04-29,725414.6453885754,134.83740517697083
2021-04-30,717135.1002479291,119.25411374330602
2021-05-03,714606.687302006,37.85248221226112
2021-05-04,707726.8795228198,51.84131862664799
2021-05-05,709430.5118731069,84.83491693018777
2021-05-06,718880.3039782875,453.6490176551737
2021-05-07,724678.7696235854,58.34267503804131
2021-05-10,708181.8762895312,292.6094056811067
2021-05-11,700868.0781632795,36.367294443956325
2021-05-12,680510.0274346652,10.972522098116883
2021-05-13,691479.1866000205,11.877060225595926
2021-05-14,705407.3551110706,96.02966017333017
2021-05-17,705072.5539811136,42.01922159212336
2021-05-18,698874.2194187939,31.096528321501864
2021-05-19,701409.134419928,30.261075506612087
2021-05-20,711252.0858631901,39.08845336951799
2021-05-21,708513.436194093,34.859373719481624
2021-05-24,723376.8237222256,152.3102410854823
2021-05-25,723432.4019412466,9.39150804960741
2021-05-26,724678.3345627812,62.82266474033497
2021-05-27,725006.0219415694,276.41550388626547
2021-05-28,723954.0489929459,93.21362765056415
2021-06-01,724914.8121004804,139.58701045359663
2021-06-02,728912.317949168,76.8562487285817
2021-06-03,726330.4820356551,451.3426008405788
2021-06-04,740272.6262091959,522.7013129556592
2021-06-07,743951.1122744756,579.4068911749054
2021-06-08,743609.2713331027,19.836369876362596
2021-06-09,743973.8029848016,356.0407319939254
2021-06-10,747544.9436091499,321.56930723950364
2021-06-11,749171.6298371481,116.50295268772697
2021-06-14,751133.708419371,221.49883227389932
2021-06-15,746197.2285413186,20.29667181167372
2021-06-16,736026.7881392812,40.08771508687096
2021-06-17,739602.2534803263,183.93050135288686
2021-06-18,727712.3377389191,9.13225262141782
2021-06-21,738721.3511885856,33.67838279953773
2021-06-22,743827.4266113605,197.75175135988474
2021-06-23,741236.9615551131,88.33435403277855
2021-06-24,744989.3509280691,12.09225154018361
2021-06-25,745429.2707062403,23.758922640498326
2021-06-28,752396.2368384901,420.435736805592
2021-06-29,752252.9323560876,35.64172002498191
2021-06-30,751280.5076290199,12.291411978892711
2021-07-01,755660.4262274826,203.2648409927658
2021-07-02,762297.7885454125,103.18238620224292
2021-07-06,763408.1874553746,16.979176718582664
2021-07-07,766811.2113556112,30.956013127751532
2021-07-08,761432.0199719478,18.12512789253583
2021-07-09,766570.5574784199,96.6263508715802
2021-07-12,768742.6925668434,127.32879349738093
2021-07-13,770186.2874844968,296.49719747904896
2021-07-14,772965.1866096793,6.899477416039247
2021-07-15,765442.1741117411,95.95618380834458
2021-07-16,761561.5867741924,42.87957318841194
2021-07-19,754462.9937327136,71.43024279972133
2021-07-20,763678.8921166288,255.61358078592912
2021-07-21,773945.2797439153,165.86391902512173
2021-07-22,780598.753889847,328.33950500499986
2021-07-23,793715.4604581364,85.47481665690907
2021-07-26,796713.361751538,460.75965307302147
2021-07-27,788505.8239752373,431.8034254631798
2021-07-28,792523.6431916389,175.40705043402613
2021-07-29,791583.0471615662,825.9093365539482
2021-07-30,788540.7602404201,126.32757173420765
2021-08-02,790299.1278852001,97.98634848743524
2021-08-03,797146.1593657932,814.6062308749897
2021-08-04,804160.293891822,513.6845549689958
2021-08-05,806623.2790149286,119.98447070864904
2021-08-06,803137.9370694363,14.674133797902414
2021-08-09,803323.6340449058,52.05345561138415
2021-08-10,795267.316710185,84.30092687505078
2021-08-11,793092.534040419,106.73985096585443
2021-08-12,801887.8317591968,9.11897156861005
2021-08-13,808118.0850617912,75.67781615522375
2021-08-16,804207.2317632686,34.79669132345225
2021-08-17,798643.5179972261,240.7741541474652
2021-08-18,790907.8319059708,167.74164069675243
2021-08-19,796228.9787031948,337.1152521907888
2021-08-20,805331.4492523863,60.82888533622247
2021-08-23,823664.2152088403,388.1373356102994
2021-08-24,827636.7114332778,55.306228504855426
2021-08-25,830934.5444728263,39.72126497108525
2021-08-26,830609.7503707969,295.28827172158356
2021-08-27,841784.7983251163,57.17342429842344
2021-08-30,849010.5037512409,222.92084451782853
2021-08-31,847794.9696750523,36.37570952193738
2021-09-01,851497.480420961,19.08789624178121
2021-09-02,848440.8534110575,127.31270442296591
2021-09-03,854220.7261127307,85.28635442990083
2021-09-07,850865.2984917606,817.5553753818746
2021-09-08,846103.007351187,15.122009542765454
2021-09-09,846461.6848417412,253.59004079217345
2021-09-10,840466.7933533913,86.63241131374821
2021-09-13,836986.1053763849,23.73640360655736
2021-09-14,833437.3239267626,136.25128157523713
2021-09-15,843246.9645786108,28.733507138642153
2021-09-16,842001.6770852681,53.573968278973055
2021-09-17,830121.2570203879,116.47516003631767
2021-09-20,815463.3428713317,28.130068444760354
2021-09-21,820607.7382181681,201.42985520733055
2021-09-22,822618.7106424923,126.88698831744887
2021-09-23,830196.3924436984,133.67354111045233
2021-09-24,830563.8002351765,63.93942585025627
2021-09-27,824867.5040406638,789.3522996360189
2021-09-28,794469.743612566,255.52556447037404
2021-09-29,790923.1070964241,901.0283744239738
2021-09-30,785799.0090625631,245.51979712122647
2021-10-01,797329.7636294717,42.448199784154895
2021-10-04,775285.2632720477,427.8588244922139
2021-10-05,791169.8474308365,259.14240993200417
2021-10-06,799748.0130489214,246.9733112199208
2021-10-07,809356.8476412608,401.8556444957253
2021-10-08,802677.1439877343,761.1927510094658
2021-10-11,799697.2847968563,227.03911890837344
2021-10-12,803397.1394666411,225.42633569016243
2021-10-13,817639.6691379097,82.43546672134266
2021-10-14,834550.570353303,30.588959488850833
2021-10-15,839726.8228704291,51.206705267970506
2021-10-18,853157.7903877127,99.4808345662978
2021-10-19,857649.2927670927,53.50066427892358
2021-10-20,851539.8746310788,27.93402210047296
2021-10-21,866880.8724190687,526.9173466657772
2021-10-22,867608.645375104,164.83409199242067
2021-10-25,883759.8767985943,333.02313228870645
2021-10-26,888714.2709573687,717.2288507402637
2021-10-27,897840.4653113468,13.875639258162437
2021-10-28,907618.5277897774,116.40076417312218
2021-10-29,923418.8326350377,163.0787898228382
2021-11-01,928119.3970209904,1085.1984698124484
2021-11-02,934239.7827574732,14.619972896748436
2021-11-03,939279.518191619,370.25790528775065
2021-11-04,957536.8834970142,318.73652435796976
2021-11-05,953490.2972709816,1129.6823417823753
2021-11-08,966868.0192511945,105.90113290841089
2021-11-09,961322.6709074959,650.7185015663335
2021-11-10,937755.638639078,116.42898331629112
2021-11-11,950532.0996044669,268.81364331583404
2021-11-12,963480.9288559412,108.0554047082203
2021-11-15,960673.1697723097,366.3095275587047
2021-11-16,974367.0784347252,33.47147824322519
2021-11-17,971888.3783121551,238.25736908568865
2021-11-18,976023.8153196623,436.5391813566471
2021-11-19,977674.6090148799,147.04750288648802
2021-11-22,957216.9627146979,18.22671463692228
2021-11-23,941072.1810166122,35.059671092167264
2021-11-24,952693.5667143937,44.93173133098753
2021-11-26,939931.6068729268,21.005257021035504
2021-11-29,966585.1454649647,54.82226855356589
2021-11-30,937403.1150784453,303.37699937429716
2021-12-01,888739.4897935067,9.72926112748155
2021-12-02,908031.2067461589,384.4447775462613
2021-12-03,890438.1702886253,9.190670552734503
2021-12-06,895698.942014371,334.5817696200362
2021-12-07,930882.2642813297,370.0337172122777
2021-12-08,935014.9550263126,206.9188515384086
2021-12-09,919132.4648545441,210.66284305431475
2021-12-10,943446.3521549954,580.9292080654486
2021-12-13,923467.830540854,195.848078924657
2021-12-14,911975.2756768919,347.4719373441482
2021-12-15,941167.3557905027,21.388337499792385
2021-12-16,902759.1919390011,11.204641942953671
2021-12-17,903809.9498946299,466.6750056375472
2021-12-20,900004.6525916968,11.97700118173043
2021-12-21,930695.6472904854,42.07311369711897
2021-12-22,944904.2972574098,50.432984338472124
2021-12-23,955563.3219419254,141.83767755162512
2021-12-27,973613.0242111118,177.48634833410142
2021-12-28,965025.7011130372,143.23328619394806
2021-12-29,967972.3278073373,292.0953892770119
2021-12-30,957691.3681678366,335.6144065450794
2021-12-31,951486.0268383488,299.83611874434365
2022-01-03,965519.119160694,344.5471010626495
2022-01-04,952135.8309815492,590.5807450380016
2022-01-05,918547.1187026305,263.97025368644654
2022-01-06,916685.8083891274,532.3045591713056
2022-01-07,900888.0572541652,418.1424401698205
2022-01-10,902422.8057366026,48.12949377430709
2022-01-11,914217.6602332422,11.247391445328049
2022-01-12,925583.1177911265,29.753146122238604
2022-01-13,897551.4012924884,205.70493476135016
2022-01-14,913802.3388966151,593.7382248468773
2022-01-18,880857.4030834556,115.774539601823
2022-01-19,857921.3417575434,15.200598485751698
2022-01-20,837006.8940515309,77.81696412855649
2022-01-21,815932.3297419869,71.33757356037995
2022-01-24,822282.0136540092,186.09693838723638
2022-01-25,800218.2948351465,277.8314009271095
2022-01-26,809094.6570074623,254.6722433632308
2022-01-27,782611.5732662408,378.39338419117894
2022-01-28,799904.6779497041,195.29798487566336
2022-01-31,830182.3428859318,31.102584799637768
2022-02-01,832526.8819031087,137.41968387037434
2022-02-02,843372.442827933,258.6225306917677
2022-02-03,820787.7824335017,22.44732760562829
2022-02-04,827222.3583423054,4.334588185497864
2022-02-07,822350.3232009953,60.43592148488375
2022-02-08,837198.4769021602,98.29729858353414
2022-02-09,857752.43823548,258.10261078518613
2022-02-10,836725.2663718609,668.0378791240655
2022-02-11,807943.9045310627,20.18748241772886
2022-02-14,808978.9661254898,6.382823945607015
2022-02-15,840142.927601683,71.78334509119145
2022-02-16,836099.7780117489,200.35940212977175
2022-02-17,806662.7618203097,2.9384579591836655
2022-02-18,798761.9951719422,64.57156506961178
2022-02-22,793090.7573685982,496.38065579913155
2022-02-23,768806.2951055919,115.7674795542365
2022-02-24,793467.4294965246,2.67931341909798
2022-02-25,806327.854055948,31.98484284373785
2022-02-28,809815.7323575076,267.19329882226924
2022-03-01,788798.1475734593,147.40440939680616
2022-03-02,817098.3312335598,92.30512958642066
2022-03-03,803173.9333309965,35.29023788746588
2022-03-04,786739.8920620646,20.65269553321798
2022-03-07,747701.4994206694,0.7359853056833572
2022-03-08,750356.8186619676,4.034436503745837
2022-03-09,772112.6704559714,5.06935123503149
2022-03-10,759498.3633924667,162.3625608627044
2022-03-11,745778.399744079,108.62802128543626
2022-03-14,723208.0199514759,77.48816741831956
2022-03-15,736471.3946196031,158.11737312784643
2022-03-16,753151.650225548,23.227839378494537
2022-03-17,756529.3620021215,115.45215486201843
2022-03-18,761987.4604186247,68.7822093199195
2022-03-21,765690.9717266565,82.26449704225624
2022-03-22,766432.0299709504,43.65683252276176
2022-03-23,762039.9618287461,23.342003382969096
2022-03-24,785058.1051429968,45.12043230342749
2022-03-25,782253.9943292134,158.45508933001838
2022-03-28,778045.2326879852,70.23890594172587
2022-03-29,784013.517750502,50.96382594144961
2022-03-30,775344.8308555726,37.766837323034
2022-03-31,773888.1069710983,47.251845671129104
2022-04-01,764367.7181045035,210.47469630030776
2022-04-04,772276.4396136528,82.69166214522556
2022-04-05,760365.510405902,5.653331164469364
2022-04-06,754937.3561178186,125.62341747069661
2022-04-07,754205.0939753522,165.03371076489157
2022-04-08,746287.6040639519,34.76169868700475
2022-04-11,733560.9502380863,102.11637196687889
2022-04-12,731350.2660724107,7.192700523526582
2022-04-13,736439.1295452572,34.128316924652836
2022-04-14,726494.0964696027,2.429324827263372
2022-04-18,727662.7471303437,142.2887868377752
2022-04-19,741363.0259835181,15.054830258824495
2022-04-20,767488.562661229,172.9169550522688
2022-04-21,768537.5289382006,61.15561666736676
2022-04-22,754790.5115921166,168.72592088237866
2022-04-25,759917.8721324626,39.33430592444529
2022-04-26,738883.3552139784,150.72400365128183
2022-04-27,730286.9056077722,118.95082719353763
2022-04-28,743365.3422877108,144.1564966950973
2022-04-29,725485.9496558035,18.038339885497408
2022-05-02,728664.6195701562,156.17021407708012
2022-05-03,726174.5567712944,90.40770818415331
2022-05-04,752912.3366251152,90.40770818415331
2022-05-05,744803.3835306328,90.40770818415331
2022-05-06,754391.6406488579,90.40770818415331
2022-05-09,745629.6774606865,90.40770818415331
2022-05-10,716183.023598687,90.40770818415331
2022-05-11,725166.7367944878,90.40770818415331
2022-05-12,737089.6616983574,90.40770818415331
2022-05-13,740971.545372979,90.40770818415331
2022-05-16,748901.6869211358,90.40770818415331
2022-05-17,767423.6610727471,90.40770818415331
2022-05-18,737311.5597696465,90.40770818415331
2022-05-19,719122.1859522026,90.40770818415331
2022-05-20,712578.5125131768,90.40770818415331
2022-05-23,716794.1180567308,68.10046334704384
2022-05-24,722185.2307123705,68.10046334704384
2022-05-25,717830.8680567308,68.10046334704384
2022-05-26,716503.7976831957,68.10046334704384
2022-05-27,716877.0757746263,68.10046334704384
2022-05-31,709785.6779322191,68.10046334704384
2022-06-01,714305.8927454515,68.10046334704384
2022-06-02,725453.3783130186,31.265748931706185
2022-06-03,716440.9304593819,3.189778687267335
2022-06-06,711688.6621521587,46.926785337372166
2022-06-07,718513.1330226663,60.45820272004494
2022-06-08,705239.3607240984,92.32517111985908
2022-06-09,696103.8853494634,139.65328616998158
2022-06-10,691925.2345890559,94.83580060376778
2022-06-13,675608.2107440917,8.118210980139793
2022-06-14,675863.6125259601,168.68450548275723
2022-06-15,683863.0105637966,169.8346757350905
2022-06-16,686021.2582267161,38.02864297586143
2022-06-17,681256.6313172516,25.02938854069862
2022-06-21,685012.8175341667,154.13659544597795
2022-06-22,685250.277982491,36.453885811306606
2022-06-23,685184.9809362201,127.66282098580427
2022-06-24,691489.2056435914,10.44474881601218
2022-06-27,692356.7395486837,107.76388645228053
2022-06-28,689928.0491428666,140.2066135697737
2022-06-29,687494.831811035,112.20633038314281
2022-06-30,685800.1002364798,19.945214812329596
2022-07-01,685336.514782942,133.437764204205
2022-07-05,668806.3553257944,11.452104664058425
2022-07-06,661575.7577284735,44.56021870789118
2022-07-07,661942.9427870673,44.56021870789118
2022-07-08,662228.5726698798,44.56021870789118
2022-07-11,658678.9303358954,44.56021870789118
2022-07-12,656230.967689411,44.56021870789118
2022-07-13,659372.5851210516,44.56021870789118
2022-07-14,650110.967689411,44.56021870789118
2022-07-15,648805.3378065985,44.56021870789118
2022-07-18,649417.3751601141,44.56021870789118
2022-07-19,650967.7328261298,44.56021870789118
2022-07-20,644847.7328261298,44.56021870789118
2022-07-21,653946.1776503485,44.56021870789118
2022-07-22,655578.1527480048,44.56021870789118
2022-07-25,653782.9427870673,44.56021870789118
2022-07-26,653007.7328261298,44.56021870789118
2022-07-27,659658.1527480048,44.56021870789118
2022-07-28,667695.7577284735,44.56021870789118
2022-07-29,669572.5851210516,44.56021870789118
2022-08-01,673366.9552382391,44.56021870789118
2022-08-02,673758.7643164234,91.83717714122031
2022-08-03,676467.6188849049,91.83717714122031
2022-08-04,672889.8821447926,91.83717714122031
2022-08-05,677183.0297735768,91.83717714122031
2022-08-08,677847.5868109303,91.83717714122031
2022-08-09,670136.4053686695,91.83717714122031
2022-08-10,680642.2743109303,91.83717714122031
2022-08-11,686024.4585302906,91.83717714122031
2022-08-12,693632.1128119068,91.83717714122031
2022-08-15,698393.4524725514,91.83717714122031
2022-08-16,706829.0511206227,91.83717714122031
2022-08-17,713194.6069067555,91.83717714122031
2022-08-18,719819.1170538502,91.83717714122031
2022-08-19,716196.4851873951,91.83717714122031
2022-08-22,701602.1121557789,91.83717714122031
2022-08-23,697410.0809057789,91.83717714122031
2022-08-24,689595.3723028736,91.83717714122031
2022-08-25,693476.9585302906,91.83717714122031
2022-08-26,674845.799503191,91.83717714122031
2022-08-29,674483.5454138356,91.83717714122031
2022-08-30,670705.6228064137,91.83717714122031
2022-08-31,664857.5663641529,91.83717714122031
2022-09-01,671119.7314489918,91.83717714122031
2022-09-02,659765.7913461555,22.031565271667205
2022-09-06,637240.3940454352,22.031565271667205
2022-09-07,649525.3190088195,8.969094268744811
2022-09-08,645626.7317438049,8.969094268744811
2022-09-09,649038.0188379211,8.969094268744811
2022-09-12,652327.4189233703,8.969094268744811
2022-09-13,643839.8818292541,8.969094268744811
2022-09-14,641362.6693506164,8.969094268744811
2022-09-15,629382.7317438049,8.969094268744811
2022-09-16,632875.1942224426,8.969094268744811
2022-09-19,633362.5563592834,8.969094268744811
2022-09-20,629748.2688379211,8.969094268744811
2022-09-21,632672.1318292541,8.969094268744811
2022-09-22,632306.6567010803,8.969094268744811
2022-09-23,621382.5567865295,8.969094268744811
2022-09-26,614153.9817438049,8.969094268744811
2022-09-27,615412.8818292541,8.969094268744811
2022-09-28,628205.0690088195,8.969094268744811
2022-09-29,628083.2439660949,8.969094268744811
2022-09-30,628123.8316583557,8.969094268744811
2022-10-03,643393.1693506164,8.969094268744811
2022-10-04,654458.5901522298,283.04902597850014
2022-10-05,650558.0605597056,163.09364457499453
2022-10-06,653008.9981992303,12.099153286136243
2022-10-07,617004.7776289224,141.50050642484473
2022-10-10,607725.226727872,39.71604481233419
2022-10-11,583322.4404006035,22.630170348316824
2022-10-12,593997.238029811,244.84884104448116
2022-10-13,598835.8665674834,175.00387369676412
2022-10-14,577981.6188745949,99.08547310564177
2022-10-17,608607.7552831225,11.252862697135356
2022-10-18,620656.2355461875,79.23594863800463
2022-10-19,627479.2258660384,215.68919153882462
2022-10-20,628692.2580427394,158.3213381037549
2022-10-21,647323.4466144929,59.17309688432229
2022-10-24,644729.6751651069,17.807584693093986
2022-10-25,657594.956344697,204.80772790630022
2022-10-26,644956.8590926176,169.61601629318693
2022-10-27,633478.7789366712,9.605291651713742
2022-10-28,627422.6119937863,74.43898582118425
2022-10-31,620505.955803168,156.58723856228335
2022-11-01,629682.4935919922,102.32990333246562
2022-11-02,609097.3163960372,23.239243785079452
2022-11-03,601514.1471467417,274.9936108988247
2022-11-04,600339.328713449,210.6950311979741
2022-11-07,600897.8241736011,77.4134985522278
2022-11-08,602016.5053019637,125.79635382822471
2022-11-09,590305.1904450455,104.10157022856106
2022-11-10,627992.0671139429,99.70065123544907
2022-11-11,639573.7803315397,31.924790310405115
2022-11-14,639274.6636236245,17.207013898513196
2022-11-15,650556.9396856572,123.46358092078913
2022-11-16,639598.8011406191,55.334841562071006
2022-11-17,642389.4099138575,270.33367903996896
2022-11-18,645611.1896959018,77.29526764862487
2022-11-21,637437.452217404,110.72766906418428
2022-11-22,648570.6070311606,102.85201292641673
2022-11-23,655015.0094582711,85.75587627040414
2022-11-25,649170.317976573,81.94555530839921
2022-11-28,637391.0329361453,95.71992306857658
2022-11-29,633400.6061897686,114.85221866883717
2022-11-30,660276.7254362607,184.03030495882467
2022-12-01,665929.8218276718,40.286106846692064
2022-12-02,662162.0551729681,42.641743707812566
2022-12-05,646143.796934946,34.89863668237723
2022-12-06,638744.9086214483,3.842440265510959
2022-12-07,636565.6229336311,5.038586859853069
2022-12-08,645170.6315347697,38.34385700472356
2022-12-09,645123.9081256622,32.07580449526921
2022-12-12,655290.5783495328,28.459866943086865
2022-12-13,659452.8352374209,45.093507684492124
2022-12-14,659006.3459683836,198.94875921611737
2022-12-15,633468.823286747,7.26616547011281
2022-12-16,629129.4564307398,21.87426979008744
2022-12-19,624363.9041738608,107.1690397360332
2022-12-20,626926.0261575554,170.99900072553567
2022-12-21,635877.2232874039,39.88203030864463
2022-12-22,623700.2607136167,304.4687176145382
2022-12-23,623476.1674133973,55.31669776014053
2022-12-27,621353.4249941481,71.57437006357742
2022-12-28,613936.6397316899,18.435561462928945
2022-12-29,626313.7691098707,0.686544563071152
2022-12-30,627365.4948116982,10.923535987148412
2023-01-03,630367.9253580507,41.715229266581105
2023-01-04,639075.9297199827,23.497398434163188
2023-01-05,631507.5512731796,18.48518736412143
2023-01-06,649582.9212217946,70.37148958628416
2023-01-09,650352.1961999993,41.05296002438877
2023-01-10,653441.0680576728,8.064357416436792
2023-01-11,658516.2881395975,10.597297922721054
2023-01-12,660068.7580633728,53.2722616760276
2023-01-13,664276.8215091703,5.345019149581276
2023-01-17,660498.8823231919,11.417540477036482
2023-01-18,647155.5199530467,75.82639530749196
2023-01-19,638832.5445045885,37.15115970935517
2023-01-20,652807.9530796013,6.385128398834411
2023-01-23,668782.3381384901,181.66419973888776
2023-01-24,670604.4680912605,76.55420042189007
2023-01-25,678052.2110524022,12.182548984235837
2023-01-26,676957.3499062288,12.162074350176681
2023-01-27,676690.9324044895,28.239045114431974
2023-01-30,667307.7874357533,42.67261718032182
2023-01-31,673541.0679357137,69.8075559224377
2023-02-01,681735.3861717032,32.39322126372815
2023-02-02,692376.8432834098,168.50262140731502
2023-02-03,680293.4642940935,357.82607998218987
2023-02-06,669654.5850513619,320.3776252907493
2023-02-07,680488.7316323404,232.8063698891276
2023-02-08,670755.8141586757,6.721488235037441
2023-02-09,668409.0395556419,10.885737511440084
2023-02-10,658886.7133786338,304.7426182884053
2023-02-13,670004.216982658,39.32434159046568
2023-02-14,678549.7471778628,147.17884709807845
2023-02-15,680286.3600442357,401.8582398839496
2023-02-16,658429.3894939827,150.26779560308415
2023-02-17,648623.1707247362,66.03958688831479
2023-02-21,632292.0207030602,432.58186410147056
2023-02-22,632500.9743423355,149.2379073989316
2023-02-23,645736.7044455702,223.17328330831776
2023-02-24,631060.5173628179,43.28862975515608
2023-02-27,633625.1866944635,46.902163823811634
2023-02-28,636641.120814763,15.624671421911671
2023-03-01,631512.7846283522,8.022158106799452
2023-03-02,637971.5273130761,124.7406996117661
2023-03-03,656519.1282492906,51.19806206523759
2023-03-06,655935.907402291,13.678226723304306
2023-03-07,649965.8899458254,32.324813684288074
2023-03-08,656993.6896835299,92.81949004844253
2023-03-09,643184.9611630832,58.324783841226235
2023-03-10,629003.7244696734,75.48921729297228
2023-03-13,630666.9484098469,139.82214718210355
2023-03-14,648050.6249451251,122.01841970388091
2023-03-15,644256.815588263,37.64081027832907
2023-03-16,664363.3941600334,6.3940074455780405
2023-03-17,661831.446824842,54.296865277827976
2023-03-20,667644.1317988611,50.867377398080635
2023-03-21,671380.0847846437,4.59194292309212
2023-03-22,663816.4803948576,13.03189517802798
2023-03-23,671450.882181532,5.572275526122439
2023-03-24,667354.9152588014,80.38615456863045
2023-03-27,666964.700517531,33.31915843064235
2023-03-28,661413.7012902509,140.54253018006264
2023-03-29,672747.4737325023,8.771523029700916
2023-03-30,677937.4738449395,12.185057097689878
2023-03-31,692193.8364257765,5.04980086803107
2023-04-03,692803.1071968809,181.78629882480692
2023-04-04,692784.7890584368,132.09090398729313
2023-04-05,681071.1677773235,8.28836944078239
2023-04-06,682812.2493670372,20.91059140247114
2023-04-10,684299.1623233575,198.64204442685013
2023-04-11,676216.261873242,231.6745128598693
2023-04-12,673311.5509400442,3.745872981824732
2023-04-13,685395.2793923456,69.22986803833062
2023-04-14,681815.3819433847,16.916527430051474
2023-04-17,686247.4681559724,63.152693860051386
2023-04-18,690440.8153229313,130.20325284760088
2023-04-19,689787.5506379204,26.430913646694307
2023-04-20,683855.9537158891,117.5755763932299
2023-04-21,685120.2656301904,158.8160910058005
2023-04-24,680839.3662933274,20.498659507817933
2023-04-25,661506.6272979438,4.843469208441704
2023-04-26,670388.0099984119,309.1363793322648
2023-04-27,688556.1776011705,633.5651229142136
2023-04-28,697958.2186671587,16.712247023261938
2023-05-01,698996.079819619,300.8077821128202
2023-05-02,692271.0455261387,144.61486589095148
2023-05-03,683640.4491231228,40.76637623560691
2023-05-04,698086.8377442752,506.18727926359486
2023-05-05,718944.6214405886,462.08490723290697
2023-05-08,729638.3618228413,436.4207370258699
2023-05-09,726807.3740512705,309.25772398475283
2023-05-10,736239.3981235599,196.56120949735418
2023-05-11,738980.2032213064,297.61802385765714
2023-05-12,733411.5708617539,112.59573358000763
2023-05-15,739996.9566157137,10.343708303934548
2023-05-16,743659.5244617736,293.07183268419567
2023-05-17,755197.6291364966,180.83400481321604
2023-05-18,773259.8067470123,314.2581725646813
2023-05-19,768492.6476267123,177.54670889621022
2023-05-22,772474.4186175617,32.14791519960613
2023-05-23,759197.2674818964,64.01551351267186
2023-05-24,759377.1254774509,26.086332934873894
2023-05-25,792974.0175363368,707.5870630091817
2023-05-26,814188.2599380868,72.51775821623914
2023-05-30,813266.7020234561,196.5699052310281
2023-05-31,802758.2843593666,32.384548575658755
2023-06-01,809264.8722686146,29.948722777218563
2023-06-02,817977.9676735062,72.26417848065466
2023-06-05,818377.044821617,125.40439498122646
2023-06-06,822268.5044839983,443.22481709760825
2023-06-07,803244.4548891997,65.90853681316548
2023-06-08,817391.4459974114,86.32347696461113
2023-06-09,828811.9419236194,373.4300026904457
2023-06-12,846006.9509505861,305.63592144185725
2023-06-13,845021.4588322835,346.08396961255573
2023-06-14,852700.3057576484,23.222543842232582
2023-06-15,867780.6076292194,34.3981947101056
2023-06-16,862750.3986046871,66.13125544395325
2023-06-20,865806.7693515517,48.33702428115339
2023-06-21,850732.9511068208,54.38360956747438
2023-06-22,859927.8260457905,30.032966414232988
2023-06-23,855146.0866789342,15.476472330117986
2023-06-26,841100.1933956179,150.5435314210838
2023-06-27,855847.1474435438,50.309407960285256
2023-06-28,860494.5221947482,5.349770431765592
2023-06-29,854812.3722457036,75.81170645799278
2023-06-30,868872.2816871137,3.998487803408807
2023-07-03,873060.8929184255,260.6955040273317
2023-07-05,873571.5855269429,142.77272558176264
2023-07-06,864701.2770059276,33.826997535331884
2023-07-07,863811.578783115,2.8297291599378696
2023-07-10,865034.4318568149,95.52875012542984
2023-07-11,871378.5781664284,540.2053636939663
2023-07-12,889077.7482539432,29.83960068384681
2023-07-13,908827.9355639081,68.06959711123545
2023-07-14,907159.040080341,467.37601784100525
2023-07-17,915678.1930688393,219.80316863169628
2023-07-18,924022.0507698464,225.15729145280818
2023-07-19,922463.3577561335,25.461515899140295
2023-07-20,889321.0221428223,416.99293749997696
2023-07-21,885605.1592761024,40.406514261580924
2023-07-24,888570.1196471535,79.97678292628189
2023-07-25,895225.7067284163,22.682760673383427
2023-07-26,882440.0503047818,134.25667990380794
2023-07-27,884368.2969678805,389.5131048128078
2023-07-28,905773.4380850688,297.3741507427128
2023-07-31,910066.7593097547,82.29808996711995
2023-08-01,913162.9245133313,42.64401864132196
2023-08-02,886838.5026499284,372.18976845865836
2023-08-03,879089.0523667122,223.1857781197234
2023-08-04,874042.3392423313,11.552098624060136
2023-08-07,882045.7344603359,89.4732031643212
2023-08-08,872579.2607159208,168.82110639319512
2023-08-09,852390.7484762848,308.4541609467101
2023-08-10,855392.0740846148,40.30093703171349
2023-08-11,844087.2206427392,501.83141010370025
2023-08-14,864465.989502219,91.34823634990687
2023-08-15,858583.0000731029,530.2623068369884
2023-08-16,846129.0674039443,7.41988578631333
2023-08-17,835522.6594866253,161.5705316998002
2023-08-18,835912.030041301,492.5222898361402
2023-08-21,859880.5292722684,498.0069677334638
2023-08-22,857650.8959362315,54.872605543038844
2023-08-23,877100.9842132758,35.36389009474033
2023-08-24,852875.046025374,296.2193652177409
2023-08-25,861545.681004598,380.10832317105337
2023-08-28,869734.3989151861,30.697697534729514
2023-08-29,898516.1021789396,314.8619827115408
2023-08-30,905903.7155425812,33.224163796998596
2023-08-31,920731.4985959652,768.1842038753778
2023-09-01,912470.4089154257,114.67946138508256
2023-09-05,917603.6542744914,107.78138020429469
2023-09-06,909345.4332801797,6.448050687522482
2023-09-07,905736.5788652248,0.3987161464893063
2023-09-08,904783.1571021804,12.3052955397376
2023-09-11,925265.9945316444,28.259309781635693
2023-09-12,905761.8161039219,41.201357828154755
2023-09-13,911147.9139302581,14.418507894827826
2023-09-14,914438.6977200443,9.856121533547594
2023-09-15,889806.1900959627,20.29470259111281
2023-09-18,884428.3958782816,5.000332322043619
2023-09-19,885080.1845672908,29.433342773043933
2023-09-20,869345.990272281,37.60142492991031
2023-09-21,843062.4902673324,264.96171050873136
2023-09-22,842533.4463115542,107.26693304462378
2023-09-25,849807.7612760905,43.3583296183258
2023-09-26,833871.4772375847,277.6264113212
2023-09-27,835428.086254215,312.3965607640889
2023-09-28,846732.705746112,19.931362567113183
2023-09-29,850499.6599231716,22.16286811796317
2023-10-02,859567.4689726799,19.08726262740447
2023-10-03,841059.0020829542,23.464401374629233
2023-10-04,852833.616067422,237.0249838953062
2023-10-05,851063.8608903447,31.697438196275357
2023-10-06,865812.0135219417,108.31453970290352
2023-10-09,867723.8233664002,43.66493820806818
2023-10-10,875445.4107133978,32.545452319912044
2023-10-11,885792.0883945614,44.89538613859304
2023-10-12,890892.9560891975,11.537445246071456
2023-10-13,869403.1851500351,34.83871830283988
2023-10-16,881449.421831567,28.792192895122753
2023-10-17,876100.0277306618,30.399469095608765
2023-10-18,861987.0331765309,19.828304399539064
2023-10-19,847606.0356005625,40.52863492525489
2023-10-20,835385.0570643564,19.83418303924759
2023-10-23,837670.1997766827,120.42231086230106
2023-10-24,848905.4469222968,37.385623926448716
2023-10-25,818611.7409800112,373.5254801332554
2023-10-26,800926.6980577718,25.72749579055028
2023-10-27,817529.7890406041,687.6076822667834
2023-10-30,826906.8779266705,255.7579315532564
2023-10-31,832583.8421057782,88.07429877128492
2023-11-01,849714.6522458155,9.63467913455915
2023-11-02,862900.9736642686,764.5305032579054
2023-11-03,873902.2739343867,275.6738291010828
2023-11-06,879119.9731876515,50.05930825699494
2023-11-07,888519.8437268803,41.600227124449475
2023-11-08,888899.7917624739,346.1129599836563
2023-11-09,885853.1786333363,249.91567099501435
2023-11-10,906570.3613839137,329.1085534083336
2023-11-13,901336.7014992774,49.50027399666783
2023-11-14,919588.6482565381,58.95494675414011
2023-11-15,920518.5057677832,97.37067409415886
2023-11-16,930850.7415025687,142.87941150420136
2023-11-17,930590.645855105,245.98862854247636
2023-11-20,943451.4063058437,47.8630204738472
2023-11-21,935936.6088799477,1.2177742958310773
2023-11-22,944966.9904065136,3.310284138111001
2023-11-24,942693.3404408005,38.71523099223555
2023-11-27,943495.425438716,141.67771609022702
2023-11-28,944494.6722462232,143.58475232671117
2023-11-29,942159.6676358951,35.14903161653842
2023-11-30,938466.1493135784,169.31394446824083
2023-12-01,937019.5770776761,140.40439396028745
2023-12-04,921994.6296583748,171.52199998856668
2023-12-05,923899.1847981606,34.721587100992906
2023-12-06,917167.2757288717,43.97837703449221
2023-12-07,925603.6916767159,406.64192543415254
2023-12-08,935172.3104075064,28.29796777865414
2023-12-11,945401.707468253,63.0390913303909
2023-12-12,952692.4089957861,132.29877392331952
2023-12-13,953512.4922575268,102.45609038204805
2023-12-14,944776.9340722498,422.4816644129194
2023-12-15,950258.799950566,59.33487793423228
2023-12-18,957311.6811096752,65.56741643790497
2023-12-19,961052.9909274561,16.346438167690167
2023-12-20,943683.4070314058,31.31084381424182
2023-12-21,960245.734344287,51.12879161359598
2023-12-22,963881.6994413271,382.0775770083013
2023-12-26,970679.9961385222,213.54449743945167
2023-12-27,973118.8337669397,617.6032218957852
2023-12-28,972531.2663042842,373.3204233942786
2023-12-29,967732.0752148916,3.172146349073614
2024-01-02,941087.1993876651,76.57202636754084
2024-01-03,929370.3464715594,259.1368386858667
2024-01-04,927550.608325203,156.22606583408833
2024-01-05,934452.869369051,15.423804780892397
2024-01-08,963649.1761205147,36.558055634379684
2024-01-09,969878.2165069585,106.36550903366083
2024-01-10,975942.3999672284,9.807334934732353
2024-01-11,984624.6313754057,200.1870432829337
2024-01-12,981958.4238205629,19.238945074563986
2024-01-16,987275.1801758497,77.8579178540972
2024-01-17,981787.1957383713,374.1279359421924
2024-01-18,997727.871515824,10.200792862596188
2024-01-19,1028801.9207900721,151.7091582971807
2024-01-22,1032907.2852689605,51.46084803156202
2024-01-23,1036522.0934656933,85.14136684683149
2024-01-24,1043152.7420473299,55.91243459793941
2024-01-25,1050906.9271479843,17.851880192425256
2024-01-26,1032432.2534640748,57.25200686047151
2024-01-29,1049244.120978264,42.950632957453195
2024-01-30,1034810.643314641,51.925396245025695
2024-01-31,1016202.7327336262,34.034113783627845
2024-02-01,1015247.7683083597,138.49252100613808
2024-02-02,1046461.2898166686,384.68114738758595
2024-02-05,1047348.2316379277,359.6516208378939
2024-02-06,1039075.9113117723,49.52828564923168
2024-02-07,1060480.667659383,281.4107700397104
2024-02-08,1070118.8345806457,396.3405468321248
2024-02-09,1083596.980131779,309.16927972828796
2024-02-12,1069937.9487435229,170.29754036742247
2024-02-13,1045770.6044788362,55.94886970533412
2024-02-14,1089797.3435181726,677.5650986780589
2024-02-15,1097406.3580879078,226.81463087642373
2024-02-16,1077798.773401792,57.21861892460902
2024-02-20,1053559.8589964476,138.3388319579268
2024-02-21,1041552.7745322286,164.58439245804107
2024-02-22,1092165.2982147918,314.2600525602742
2024-02-23,1092027.0766196288,93.62035513292199
2024-02-26,1100899.2051116421,293.70210566066544
2024-02-27,1101087.5878958674,22.814885613555305
2024-02-28,1091251.7066219463,132.85941583048225
2024-02-29,1097965.6157114822,173.5442316848712
2024-03-01,1125200.5622774696,263.6047350500405
2024-03-04,1127062.0927368063,123.35527190146968
2024-03-05,1096015.2698660595,144.3569479687851
2024-03-06,1114335.0604315156,12.408976590038492
2024-03-07,1138584.8485676048,24.222232460826035
2024-03-08,1115510.1690379337,207.87103759802517
2024-03-11,1102863.1895221893,26.617554110762285
2024-03-12,1120341.3883271848,217.19081741915943
2024-03-13,1107011.1407484484,367.89680618758894
2024-03-14,1100413.7388106203,97.42833622463468
2024-03-15,1086284.6743089564,479.49679583379884
2024-03-18,1096020.8986979132,147.03497034347583
2024-03-19,1092724.6880217781,35.971922992632244
2024-03-20,1113347.449449548,8.18686104702742
2024-03-21,1127316.7683547519,276.77194056739427
2024-03-22,1129791.967336809,193.72420326418091
2024-03-25,1122789.0728240833,256.7155509814379
2024-03-26,1115728.807828591,1.815755531910554
2024-03-27,1109810.363429217,127.89437785586063
2024-03-28,1105050.788095261,163.7793367159427
2024-04-01,1116000.77736142,13.217432525841332
2024-04-02,1112029.1888218177,195.1827183022324
2024-04-03,1125440.411725263,9.689229230311497
2024-04-04,1094245.3192944066,0.8383183017203919
2024-04-05,1120413.911244321,64.40116207615625
2024-04-08,1112768.9921673387,95.84443937252541
2024-04-09,1110914.6087559455,279.0953892463308
2024-04-10,1103783.9522270216,123.76913681167298
2024-04-11,1126542.1321102781,110.99348417948889
2024-04-12,1102297.5058374,254.51467986814032
2024-04-15,1073750.6958238133,121.35414137922896
2024-04-16,1085928.525182442,21.95100183891327
2024-04-17,1056761.8733992218,111.15945574046236
2024-04-18,1046646.2639991917,277.4774696506829
2024-04-19,1000345.9747958706,71.39323764301457
2024-04-22,1009084.0952615022,42.17691128244991
2024-04-23,1034091.9009542178,432.1386861513588
2024-04-24,1025023.247941515,23.071305772747564
2024-04-25,1022275.0857834063,36.923262043950984
2024-04-26,1037307.7435698062,85.1880354434129
2024-04-29,1035792.2348980668,34.181000209209515
2024-04-30,1016410.4595719161,9.845485765052217
2024-05-01,1002959.2041306243,70.53993079523207
2024-05-02,1029409.6321218665,84.44040281129128
2024-05-03,1046265.1921502745,167.32752625113505
2024-05-06,1069116.97246965,19.1914790493513
2024-05-07,1069811.9438836842,54.00434663589067
2024-05-08,1070587.9816373533,57.69189583730383
2024-05-09,1068580.6668186495,118.40460398883079
2024-05-10,1074725.384041849,227.52245813927573
2024-05-13,1076321.7258560779,137.00550390495528
2024-05-14,1089583.582601656,490.1412945880859
2024-05-15,1111232.1304477826,35.86217919740352
2024-05-16,1104058.661857144,83.89496566456799
2024-05-17,1103009.382074726,337.40884627136836
2024-05-20,1119867.133557635,58.4348729425829
2024-05-21,1121896.3683452,121.9175624241393
2024-05-22,1118249.154982576,144.51750088656922
2024-05-23,1117746.754351903,25.83098917098414
2024-05-24,1137431.3834711509,122.46945442719971
2024-05-28,1151820.1766338658,258.75368312113824
2024-05-29,1143886.9252857873,100.71355483029726
2024-05-30,1121755.0089336536,526.0793377062416
2024-05-31,1112958.6319624442,96.65646043004313
2024-06-03,1122728.6777321813,14.728872012887365
2024-06-04,1122235.1364311106,219.38891447837523
2024-06-05,1151098.6242478152,84.19344642371789
2024-06-06,1152198.661722492,298.86554176690834
2024-06-07,1144740.66851953,49.00833276229491
2024-06-10,1159411.267311421,184.55849489269315
2024-06-11,1164202.34043081,164.30744893750273
2024-06-12,1178984.4872338234,33.72698754653504
2024-06-13,1173181.7378057744,192.72953551076353
2024-06-14,1175985.6774518192,147.66750308882433
2024-06-17,1188131.4663746508,42.129079118584286
2024-06-18,1192734.6462849053,287.44300731741066
2024-06-20,1180923.6005372244,535.2780274588449
2024-06-21,1183736.8302483668,127.65260554451834
2024-06-24,1165643.2478685153,172.9624910128282
2024-06-25,1185200.7977241036,213.89292368845355
2024-06-26,1190186.0683437171,4.459167081286523
2024-06-27,1192455.0779360586,105.38942134917943
2024-06-28,1180983.268274547,31.532121898070272
2024-07-01,1187717.6948072242,35.43746011719452
2024-07-02,1200685.4554933002,119.30058607357932
2024-07-03,1214237.1212501603,9.266666419942453
2024-07-05,1222479.4762358717,165.4720244459288
2024-07-08,1228202.4029937733,121.53279266245545
2024-07-09,1228186.1917424714,217.74408011788842
2024-07-10,1247108.5287993106,162.78903795808242
2024-07-11,1210681.3537242298,123.14194749633907
2024-07-12,1218757.1923268707,155.41083273012157
2024-07-15,1224924.1074457243,112.20922184739266
2024-07-16,1222339.8834845603,31.68138189918068
2024-07-17,1176169.0759078236,94.53053581426093
2024-07-18,1169102.178594987,55.958441178382486
2024-07-19,1151260.8788964907,362.58756043106655
2024-07-22,1183576.4680313002,374.0540908705018
2024-07-23,1174200.599414229,48.657382368611664
2024-07-24,1127174.0161153795,79.24231929805956
2024-07-25,1105516.723064164,104.72523091187668
2024-07-26,1117605.2204585471,131.57532457488833
2024-07-29,1119555.180215551,130.43085642011386
2024-07-30,1099842.6367199211,35.5691616326157
2024-07-31,1142167.4308101654,7.475976180918451
2024-08-01,1096690.3532971048,427.5917614601824
2024-08-02,1064476.6301795803,260.17586439463776
2024-08-05,1024032.3613864202,110.73893463803688
2024-08-06,1030824.8929879945,42.012349871866036
2024-08-07,1020633.3404250698,131.41793971827303
2024-08-08,1051674.039979988,53.561937385392866
2024-08-09,1063447.373010548,2.518762501155379
2024-08-12,1062167.6555791707,225.439461311692
2024-08-13,1083543.4183335288,432.959623812
2024-08-14,1079728.6765846463,143.44016496851418
2024-08-15,1102558.850923622,80.92845352922996
2024-08-16,1106420.7409802063,158.13764768676145
2024-08-19,1121090.2806334118,440.9661955455706
2024-08-20,1122919.662627343,127.53417885666818
2024-08-21,1127376.3490005939,682.9634567706694
2024-08-22,1107364.404807288,315.80290909464236
2024-08-23,1123581.868579268,13.731189131356814
2024-08-26,1118694.9360796295,57.91779197085364
2024-08-27,1121310.4715357407,91.8732157333011
2024-08-28,1107969.5804613137,137.27633838882184
2024-08-29,1112909.7187799485,49.006545451441184
2024-08-30,1127105.8559481613,11.108206462198268
2024-09-03,1091611.8298859803,342.34094860250957
2024-09-04,1098375.7162929585,107.57083855162637
2024-09-05,1100750.1318782913,454.2912563430723
2024-09-06,1078308.6941068096,8.816749326727404
2024-09-09,1091608.5632915613,111.0436763880839
2024-09-10,1116908.5046933782,789.7537625921577
2024-09-11,1137834.1176855534,151.54586243323183
2024-09-12,1148693.4365623011,283.3342750086946
2024-09-13,1143852.546638483,423.5434570254734
2024-09-16,1143402.1129520652,18.316778969462064
2024-09-17,1137630.029407406,156.77750005744747
2024-09-18,1132937.1466104637,32.71658727042171
2024-09-19,1162926.3244819813,167.15522386356542
2024-09-20,1164599.7213761231,133.4148117920579
2024-09-23,1168392.6918687597,258.35924241695557
2024-09-24,1174600.0499350412,77.2045599800897
2024-09-25,1170176.2936034473,446.87814476802896
2024-09-26,1173798.0098548306,476.06252817051904
2024-09-27,1169897.3274926057,39.734887014747756
2024-09-30,1177731.0233252498,327.4359534235623
2024-10-01,1153310.6091974739,64.27043709786608
2024-10-02,1156304.0956455288,620.467662435396
2024-10-03,1162072.7950036535,154.1965844640158
2024-10-04,1188912.844759715,155.2738139751676
2024-10-07,1178203.5391411283,42.06877369666995
2024-10-08,1200041.767437102,410.4429436938392
2024-10-09,1215956.8416471316,213.7910947635121
2024-10-10,1211798.4621633075,687.6722920915354
2024-10-11,1216618.413784334,482.00917465387477
2024-10-14,1223812.4565129715,131.0755696731635
2024-10-15,1208201.4366103518,583.8163939820563
2024-10-16,1205157.2156463498,134.23713835418732
2024-10-17,1204349.6566408433,226.02359183210865
2024-10-18,1206080.3374197388,511.51679443352305
2024-10-21,1209856.4801739876,291.0666989509848
2024-10-22,1210619.2102046842,282.4020534390595
2024-10-23,1190340.1584023535,52.76600733407713
2024-10-24,1197379.7541345416,328.44632661921514
2024-10-25,1196168.063170491,121.13627534944044
2024-10-28,1194428.7862634799,150.12987615080954
2024-10-29,1203280.8091766546,82.90938112223421
2024-10-30,1191876.8472940933,79.99685311439737
2024-10-31,1157503.5931477952,69.3467183517264
2024-11-01,1163113.0296907674,516.4064836751772
2024-11-04,1159146.832446121,250.64268782007275
2024-11-05,1170325.5375730311,110.61274927007162
2024-11-06,1211323.9848179023,131.69580499349763
2024-11-07,1235775.4130761493,155.67093442572468
2024-11-08,1249726.1181912948,6.233830027654221
2024-11-11,1271271.135245365,78.97538666153059
2024-11-12,1304248.78357417,631.5463839234178
2024-11-13,1311568.2903506968,402.23514058325645
2024-11-14,1287650.9466773553,984.4002143426734
2024-11-15,1265146.1749220025,97.33342267377338
2024-11-18,1269542.947178329,241.28162809723744
2024-11-19,1274500.8007822135,46.66607380892003
2024-11-20,1280478.5312143813,1.4009424697260329
2024-11-21,1299258.6202559448,343.40533590094833
2024-11-22,1308684.6014897854,241.05104422862723
2024-11-25,1311453.4789495624,64.61006833673048
2024-11-26,1325048.9675801042,73.57220199152516
2024-11-27,1304556.791280175,120.00960674367343
2024-11-29,1316467.8325975607,329.26960164996717
2024-12-02,1317993.650784988,164.90575553860478
2024-12-03,1327092.9530940321,553.268203285159
2024-12-04,1366317.0106277706,2.796855950497047
2024-12-05,1366007.3699475003,546.8145733547276
2024-12-06,1380828.4731767816,123.7344110649629
2024-12-09,1359069.1706865013,7.536512154452339
2024-12-10,1346324.1157121726,101.25069142059874
2024-12-11,1369120.415632808,43.53267534971587
2024-12-12,1362204.431781435,117.17513241762435
2024-12-13,1348628.7856672623,593.4364164689055
2024-12-16,1353002.6984115944,123.95975650393166
2024-12-17,1348236.354744615,35.03719395579657
2024-12-18,1301948.1556597042,1152.5696306515972
2024-12-19,1309447.246806264,319.5199118852749
2024-12-20,1321221.4304617713,935.8277090857146
2024-12-23,1331309.174736978,13.938225747551314
2024-12-24,1352363.7000208108,129.74788000269746
2024-12-26,1347011.6307159327,463.22143706314813
2024-12-27,1327311.8383400259,818.8398048696411
2024-12-30,1313635.3145684886,153.71905609847238
2024-12-31,1303424.7162881542,3.9616037059218456
2025-01-02,1304629.4338439698,24.256506323359645
2025-01-03,1320089.619794037,245.48303714001668
2025-01-06,1327392.38887659,24.00366846004181
2025-01-07,1303731.112578793,62.24045507460198
2025-01-08,1307665.6944768878,7.478893086571134
2025-01-10,1279588.3530928649,195.31241293331345
2025-01-13,1278359.874949963,357.46375611551
2025-01-14,1283012.80350067,40.568839567666146
2025-01-15,1307489.2936980643,52.838459721966956
2025-01-16,1303252.1058627116,147.1502963052485
2025-01-17,1321628.4041844448,18.03014574850431
2025-01-21,1349379.426459566,55.88962484929607
2025-01-22,1390848.9450869332,1331.1603960761768
2025-01-23,1401652.7054819171,119.05681553532781
2025-01-24,1397406.4907743754,140.37046645299915
2025-01-27,1357098.3576335832,31.324712745893066
2025-01-28,1391116.0953145884,21.480873670348956
2025-01-29,1380378.6521398048,433.3705159643638
2025-01-30,1375885.6447834605,3.6149830455515257
2025-01-31,1380321.7690843558,44.81003513098267
2025-02-03,1376146.0132422335,520.4512991792674
2025-02-04,1402803.4633098377,687.6657024159504
2025-02-05,1378297.780057835,69.34796707561327
2025-02-06,1369828.8387504318,184.8904243208592
2025-02-07,1340967.8012739713,88.49326768475592
2025-02-10,1353162.4083976839,293.63134385085345
2025-02-11,1343438.4964653254,280.6115776301393
2025-02-12,1343990.0592429254,331.08364172917027
2025-02-13,1367779.5229555853,24.87834804131353
2025-02-14,1362515.8385273328,584.104869495847
2025-02-18,1355102.725917802,68.45613478200264
2025-02-19,1349396.618404403,50.78477098019016
2025-02-20,1331729.1753400888,145.15528241057746
2025-02-21,1291095.6046553922,132.14393151526582
2025-02-24,1271116.8651789727,129.60915175099012
2025-02-25,1243227.1332278277,102.79478788635834
2025-02-26,1249041.5763108016,100.49151008123545
2025-02-27,1222092.6889670352,13.002649591256613
2025-02-28,1240994.1803352379,64.09114761577894
2025-03-03,1210169.2528165998,210.42144910703325
2025-03-04,1198611.584620302,3.94866067689145
2025-03-05,1218420.4790662488,10.461270686043463
2025-03-06,1169829.9982663356,85.50731098272854
2025-03-07,1182544.4359361213,275.40010848452766
2025-03-10,1130884.366185572,56.84872951735815
2025-03-11,1133067.7869845664,62.760228279726704
2025-03-12,1153006.3505202266,42.5435744259612
2025-03-13,1122728.5959732062,262.7980606084652
2025-03-14,1149705.8062492842,304.92281117375603
2025-03-17,1154255.436898947,570.9679048063622
2025-03-18,1128157.724611829,725.1943841679445
2025-03-19,1153966.7100848353,195.70474044453238
2025-03-20,1144141.4782050957,346.76285017624093
2025-03-21,1154431.2761644027,27.45341812586571
2025-03-24,1186448.2621838704,8.907684053603589
2025-03-25,1197549.4160336093,56.664126260750436
2025-03-26,1175159.513623659,629.9941954059259
2025-03-27,1163265.437626423,725.4324613230476
2025-03-28,1126870.2649859816,33.17199129171104
2025-03-31,1126467.105021084,606.4844766503451
2025-04-01,1138243.3353114445,201.89330247239388
2025-04-02,1142961.8816238968,129.4222580521382
2025-04-03,1070587.398252845,19.512144446644108
2025-04-04,1007142.0164569982,62.683700955672975
2025-04-07,1007878.3855276315,72.08998014610825
2025-04-08,1007328.7989896259,42.10588202084409
2025-04-09,1104296.8424575652,15.002026351974564
2025-04-10,1078057.7259230711,204.47333670641206
2025-04-11,1096564.8990437933,111.01480459664094
2025-04-14,1096119.0371433266,45.07833442762967
2025-04-15,1105833.7994137409,110.86417204169129
2025-04-16,1102051.7912734982,142.78861083942377
2025-04-17,1103347.1737798324,40.21443687584224
2025-04-21,1094932.6762148933,371.2785708503293
2025-04-22,1107702.7386594797,185.8703733467505
2025-04-23,1110368.1083084843,72.9960724612647
2025-04-24,1134482.9970454054,60.636632807788374
2025-04-25,1134269.3362492397,171.57228744774875
2025-04-28,1146238.1664561154,124.16114605689143
2025-04-29,1148752.4693703663,92.91158533216833
2025-04-30,1151918.8659677939,13.32121376547525
2025-05-01,1147781.022890011,85.44616881975588
2025-05-02,1176951.905705246,119.15835264581256
2025-05-05,1176712.1698612105,124.00583304279655
2025-05-06,1176486.353283704,158.9361427432848
2025-05-07,1185041.4585171102,13.22820476279253
2025-05-08,1188254.9635729182,0.2958101617896318
2025-05-09,1188126.7301774858,213.9018407700769
2025-05-12,1215850.6676758558,121.73756873905222
2025-05-13,1237770.4173612152,128.15344138486932
2025-05-14,1229435.3983826116,99.49066013850097
2025-05-15,1257070.2197934724,160.68729225183074
2025-05-16,1261793.9468145748,33.42988494838528
2025-05-19,1263529.802039136,6.006886471763892
2025-05-20,1259006.652243696,132.90758045733395
2025-05-21,1238880.361306175,82.63908098557488
2025-05-22,1254318.5761267333,20.21163240951455
2025-05-23,1246722.844408434,105.54430238523037
2025-05-27,1270458.633164319,119.77760020151334
2025-05-28,1260782.4260777791,46.96921246847535
2025-05-29,1241753.4297576693,113.60730893887057
2025-05-30,1244692.8247764243,177.96193767909892
2025-06-02,1258813.2573128364,72.0482731481552
2025-06-03,1262560.9034506963,332.85793372860644
2025-06-04,1272226.4053708075,585.176786517877
2025-06-05,1278982.1655233048,413.98108269206944
2025-06-06,1285889.8720071602,83.49746492377744
2025-06-09,1284447.819193693,33.487749906382305
2025-06-10,1282334.2354164582,18.526660965107908
2025-06-11,1291874.8724871117,155.99536614000482
2025-06-12,1295491.0872982014,134.75680808914467
2025-06-13,1276769.3524140578,464.9097756606134
2025-06-16,1296470.0925886962,24.99234608143979
2025-06-17,1291903.47092557,232.14689755486052
2025-06-18,1294622.3252723024,1207.2531134887984
2025-06-20,1292390.37694558,287.8083496935726
2025-06-23,1317772.578887183,726.6615898196512
2025-06-24,1349440.3452465148,366.97796746207314
2025-06-25,1347267.4127094618,130.7701313368293
2025-06-26,1365258.8955353636,111.29057015364992
2025-06-27,1363913.787069156,121.57034857501586
2025-06-30,1379767.7067678098,446.1089894896036
2025-07-01,1353007.8346277673,817.3461405237558
2025-07-02,1358953.3950496702,86.04589805881551
2025-07-03,1378301.4389142334,196.87757390121334
2025-07-07,1377147.227652154,3.4602266167134985
2025-07-08,1379611.9960532463,691.2174277579238
2025-07-09,1386391.1313719926,181.18821098181212
2025-07-10,1377069.5532345846,56.218662746316795
2025-07-11,1372902.987234404,101.11830740206267
2025-07-14,1369111.2530513422,97.94410664002157
2025-07-15,1381822.1885169279,115.02926857577563
2025-07-16,1378332.414562641,32.38672298025858
2025-07-17,1386627.6468251182,55.33591203231754
2025-07-18,1381435.0468592679,420.9757456814658
2025-07-21,1382785.1247037335,293.7445920392337
2025-07-22,1357988.826544497,79.21788666003238
2025-07-23,1362783.7257172281,57.18895880539094
2025-07-24,1362354.6900385197,17.18664343921057
2025-07-25,1369328.5855169084,614.137152650537
2025-07-28,1376386.1401086312,17.41442351151754
2025-07-29,1374067.8787887392,120.22205808724436
2025-07-30,1384803.1284908482,74.0288814733241
2025-07-31,1381085.8852813926,77.0353210655544
2025-08-01,1346228.552957735,72.19034787167675
2025-08-04,1377384.9278901592,730.6345628277159
2025-08-05,1364205.0466195978,27.323200408350885
2025-08-06,1368252.4949005435,19.503506500581352
2025-08-07,1377789.9657885197,752.194883978706
2025-08-08,1373932.9611802758,970.7515397728098
2025-08-11,1375876.6715628821,11.071816178076006
2025-08-12,1395592.3221530472,114.32319064484705
2025-08-13,1387287.304257088,153.58276050607287
2025-08-14,1389673.60365136,166.88908989739798
2025-08-15,1370774.828720344,67.91742731415798
2025-08-18,1372445.9066894217,101.35438992219724
2025-08-19,1338877.7404785987,255.71142586430005
2025-08-20,1331715.5715039682,133.43010077004374
2025-08-21,1326857.803193162,95.43244273481923
2025-08-22,1346157.6225067503,157.82843173818264
2025-08-25,1340499.8258786015,280.7202801518949
2025-08-26,1349459.0339970046,407.7564091140621
2025-08-27,1353604.3112690272,819.5072529138483
2025-08-28,1383883.3032109202,312.75094193823725
2025-08-29,1347905.6397775323,37.24721466612664
2025-09-02,1337880.9339434593,118.3291689841858
2025-09-03,1341775.2245643586,328.03775100418716
2025-09-04,1353899.5325559457,41.769006141061254
2025-09-05,1363736.5652507262,654.5358928159942
2025-09-08,1373200.6706974888,129.28057602886474
2025-09-09,1385966.33564687,1.3444817089538788
2025-09-10,1446176.9395517483,1288.1496957913514
2025-09-11,1442137.737527199,998.870477028247
2025-09-12,1448826.7187268536,30.150382737499967
2025-09-15,1474212.6616723204,62.239400591859635
2025-09-16,1468161.4354537402,618.9474166307141
2025-09-17,1454939.3785652248,23.97004166536385
2025-09-18,1468655.6485820448,125.64728504763252
2025-09-19,1479996.3843348932,87.92734941967115
2025-09-22,1488648.7477987218,83.25493983507636
2025-09-23,1469490.780064678,717.9070788381096
2025-09-24,1460580.3739106725,382.0153749058509
2025-09-25,1442854.6472827666,614.5944415801628
2025-09-26,1440773.764717065,547.7575606929743
2025-09-29,1449210.1490161768,85.22799566910248
2025-09-30,1455318.4057706632,135.22597635170314
2025-10-01,1470159.4577143241,338.0194361259829
2025-10-02,1484968.8904136308,9.104959834250621
2025-10-03,1484434.1185766053,476.77345331425863
2025-10-06,1548125.7565260727,616.9434614976162
2025-10-07,1529160.9052159863,57.51059318364241
2025-10-08,1569681.978277726,121.34160475247586
2025-10-09,1562912.5400646531,149.0423229539913
2025-10-10,1493776.246799388,23.09505836005519
2025-10-13,1546147.2672014404,110.20555593264999
2025-10-14,1530054.4442979873,15.261448103298676
2025-10-15,1577386.9451385713,37.30578005072209
2025-10-16,1584918.8998316498,168.94283473222026
2025-10-17,1584227.1493260649,24.27846119667322
2025-10-20,1607942.2781557175,71.29179707500649
2025-10-21,1582913.9746228182,780.8572064364507
2025-10-22,1568683.2622905357,170.72710376810898
2025-10-23,1597045.1913886177,155.5828948128842
2025-10-24,1647271.7427998462,141.07927140389893
2025-10-27,1688140.7166175693,16.480625137653306
2025-10-28,1701759.162281624,483.3004194415348
2025-10-29,1740553.8484015658,412.2466025545673
2025-10-30,1728592.7344132473,65.04889307509711
2025-10-31,1728072.3641897694,128.96981873675486
2025-11-03,1745251.4281405315,168.9276522503444
2025-11-04,1677895.0995804856,89.98103495327237
2025-11-05,1714352.4367116054,159.30240374415916
2025-11-06,1684861.6646982576,84.52091468818344
2025-11-07,1665562.729428919,212.75074544723793
2025-11-10,1722251.8536140448,460.2216751106316
2025-11-11,1710174.9460687074,127.63155454731049
2025-11-12,1707703.4116049595,183.6277609653339
2025-11-13,1646625.5794399395,74.26571542156717
2025-11-14,1649840.4784800885,14.477621781561993
2025-11-17,1643556.080003469,180.8713013815909
2025-11-18,1623273.514726683,6.559831663539626
2025-11-19,1653236.8377667032,194.9197216593825
2025-11-20,1607958.0458778364,93.03547515699074
2025-11-21,1632617.934457957,115.2658635967091
2025-11-24,1718272.5132729155,236.88738790563775
2025-11-25,1724391.375442064,185.9806819321193
2025-11-26,1742039.0399833266,218.99134975112338
2025-11-28,1763501.933612021,387.5092155060406
2025-12-01,1748736.7936708683,555.7867624514557
2025-12-02,1776879.0047586807,214.43000587311508
2025-12-03,1788817.5019870317,635.9407153641123
2025-12-04,1772083.8864410336,146.52908019382858
2025-12-05,1782844.4012822376,60.50391666759106
2025-12-08,1770995.6804148057,275.22136176620427
2025-12-09,1781139.2711215906,309.1430698327581
2025-12-10,1809161.6052680514,78.54227977024311
2025-12-11,1782908.6790982978,97.50118081732944
2025-12-12,1743358.3694016805,303.9886910787698
2025-12-15,1726128.6599275658,168.99667759639533
2025-12-16,1729614.8741016693,220.33128169250824
2025-12-17,1680482.98847222,38.62886833817561
2025-12-18,1712884.0992184647,546.4145565994236
2025-12-19,1743229.3237184833,79.66631644485756
2025-12-22,1749612.7139769976,464.1308318560059
2025-12-23,1760135.594695179,161.90598210540702
2025-12-24,1766097.5367656173,197.05905489336527
2025-12-26,1763577.477899439,753.769880182288
2025-12-29,1761613.14283018,28.098724650331178
2025-12-30,1755569.3655240545,442.15418601139595
2025-12-31,1741267.106652513,212.21716429261244
2026-01-02,1765119.5268931985,104.56396442645575
2026-01-05,1775285.3827394599,245.4217905157584
2026-01-06,1776174.7727811153,240.83258030961633
2026-01-07,1777849.5306249952,832.5340925551181
2026-01-08,1771625.4686886412,790.553191815056
2026-01-09,1805028.2873726448,285.28951268986543
2026-01-12,1823862.6433287046,296.89528564430884
2026-01-13,1833345.3813815764,117.01382023610677
2026-01-14,1833696.2002075755,440.1516541085607
2026-01-15,1826163.762752351,635.3211935129793
2026-01-16,1834991.064989386,271.5049765685317
2026-01-20,1784037.7568474135,412.1586761793169
2026-01-21,1828211.9462034574,37.38640426307484
2026-01-22,1841879.8681221874,310.1375771435378
2026-01-23,1828607.3639495692,195.56565550170671
2026-01-26,1831634.0506555145,450.09846893004806
2026-01-27,1856135.3287724424,104.36721696149061
2026-01-28,1894159.5520943257,282.24360738708083
2026-01-29,1911875.2292559135,574.9452555169009
2026-01-30,1838327.427558457,92.76853135740157
2026-02-02,1848204.213349914,186.5548835748582
2026-02-03,1850398.7358702542,418.7998198391215
2026-02-04,1781835.0252758747,355.3791958575521
2026-02-05,1772727.659960483,269.2349078401762
2026-02-06,1778357.8456831202,148.22958280892317
2026-02-09,1786833.380170435,303.0704894961982
2026-02-10,1763925.2307729286,521.7043637794798
2026-02-11,1750430.4093519007,99.86703927868712
2026-02-12,1690485.637594822,54.7867609293462
2026-02-13,1703727.0458088864,404.720590685786
2026-02-17,1676574.2791732473,624.2213576955156
2026-02-18,1704623.350346762,349.6071064055154
2026-02-19,1703295.302634171,19.790976456218743
2026-02-20,1724505.4505204058,594.4441269731583
2026-02-23,1717585.575325879,14.603543194703889
2026-02-24,1721428.8784980027,34.03125374003662
2026-02-25,1729020.4883600841,116.9103380809753
2026-02-26,1719576.2455861827,244.99568536473538
2026-02-27,1733623.1077920923,398.8951608667776
2026-03-02,1744138.1686841957,390.01212139062375
2026-03-03,1688526.3203532544,537.0667064038134
2026-03-04,1708037.2500712695,212.6402232470436
2026-03-05,1689160.0407470532,266.00500333983837
2026-03-06,1646687.581174896,266.1877727965509
2026-03-09,1684373.5594938055,395.16566445984836
2026-03-10,1702630.2914745784,152.40438198805168
2026-03-11,1719147.6581277377,379.3746995455358
2026-03-12,1672011.6998205024,57.05498407670166
2026-03-13,1675584.5210220923,207.72834325920144
2026-03-16,1696897.3786018211,179.70677259752028
2026-03-17,1711436.0991329702,39.96541638703093
2026-03-18,1695031.3008667135,175.42328034883394
2026-03-19,1693987.155846005,57.692688351279685
2026-03-20,1663122.2835527782,5.3470827465466755
2026-03-23,1669474.123922082,71.31381389696799
2026-03-24,1663059.7762494304,435.4978947855848
2026-03-25,1675422.451503658,218.22857274980925
2026-03-26,1621454.5792545883,714.7495121568181
2026-03-27,1592138.3736336867,260.8803132215453
2026-03-30,1555263.2563175978,72.94217727802402
2026-03-31,1625385.2321142913,31.273057436988893
2026-04-01,1677346.5719132854,36.73301558042249
2026-04-02,1685978.7706686957,267.0906989081632
2026-04-06,1713450.8880669442,84.74226921474929
2026-04-07,1737443.1556046824,150.88996823829712
2026-04-08,1837610.3270742577,270.1754896323994
2026-04-09,1876179.5446475209,319.4810183705431
2026-04-10,1875918.3402338594,423.0944147675168
2026-04-13,1898677.127094021,880.8937718774245
2026-04-14,1945026.1730742294,263.05553577725857
2026-04-15,1949237.6055655663,37.498738783999215
2026-04-16,1968304.8723163204,114.15896793170623
2026-04-17,2001967.8934048077,427.03287013968657
2026-04-20,1984140.2831740016,14.338990652033317
2026-04-21,1973698.195926501,495.60583098092684
2026-04-22,2017172.0650269235,58.78428809292245
2026-04-23,2105815.404542257,313.4999707237912
2026-04-24,2177541.0402901075,157.4641945262165
2026-04-27,2190504.2659485443,258.45003057557915
2026-04-28,2154204.570327011,25.423773971214814
2026-04-29,2195650.441356917,764.2021906571053
2026-04-30,2322182.681883689,624.827559348355
2026-05-01,2344527.7346164184,386.0375949338704
2026-05-04,2350552.560883411,14.20054710766999
2026-05-05,2423653.3367636055,1069.493150934588
2026-05-06,2483974.077216664,73.12297777243657
2026-05-07,2447034.995051248,200.41637693160055
2026-05-08,2560488.1052758065,501.02953117781635
2026-05-11,2577381.9481316335,377.4367714648415
2026-05-12,2539474.895280437,1121.4603896898234
2026-05-13,2595271.6406150586,402.0218330151474
2026-05-14,2660607.5045226486,1792.605436649892
2026-05-15,2615235.148978775,631.2458186795338
2026-05-18,2589051.7879087,151.87801184940736
2026-05-19,2550667.8733527083,732.3601157087596
2026-05-20,2605785.0940847867,354.8995962612298
2026-05-21,2627848.0489553898,487.56891388583153
2026-05-22,2640132.0854419935,25.52681009661501
2026-05-26,2719673.809436012,290.4576370007353
2026-05-27,2732467.5481822556,115.31093097372923
2026-05-28,2743659.358128085,658.6723675866047
2026-05-29,2742325.4996561306,115.78868048338472
2026-06-01,2737485.2346859705,151.056783748832
2026-06-02,2799357.2457971424,222.02597139790305
2026-06-03,2800858.8523653885,49.08526028590586
2026-06-04,2732166.406484008,1.760716795955659
2026-06-05,2495804.079977638,644.9359804455235
2026-06-08,2599985.1992880753,65.5393073012201
2026-06-09,2556228.8217404294,154.16040925285483
2026-06-10,2489603.524712687,314.4264079382483
2026-06-11,2603832.384130862,88.15666809333015
2026-06-12,2640379.9458821653,22.86975606650958
2026-06-15,2732500.606554529,122.566919824676
2026-06-16,2663486.434724018,55.83276478968037
2026-06-17,2659052.324452255,737.6889694670049
2026-06-18,2759833.47095345,188.2481751299165
2026-06-22,2808136.1124547925,26.552304646225593
2026-06-23,2662902.0360618397,1203.8346076768776
2026-06-24,2628349.8026808808,4.100356967303014
2026-06-25,2730762.724577924,206.28930570676857
2026-06-26,2641086.229152445,854.0469548746078
2026-06-29,2694215.303612427,54.250664428890914
2026-06-30,2752578.0936544337,849.6911504665295
2026-07-01,2669569.868385274,213.60291286203756
2026-07-02,2630136.0409562807,42.648011944809696
2026-07-06,2682133.3173193806,841.439633833802
2026-07-07,2624930.4361716835,682.1165153112579
2026-07-08,2636956.427979787,344.75810368811415
2026-07-09,2700139.351514772,163.0045146498469
2026-07-10,2702205.1160793602,21.37386897216129
2026-07-13,2654515.1144751552,826.0710944177677
2026-07-14,2687588.1532485695,19.106716892338227
2026-07-15,2660719.6681543496,873.5790887975621
2026-07-16,2576603.560651731,485.0845164771654
2026-07-17,2551807.8731625066,321.9284069523177
2026-07-20,2570526.174011387,525.4477998390657
2026-07-21,2623349.6852701693,73.24865517902072
2026-07-22,2607173.103035768,158.04673846587215
2026-07-23,2541728.979711251,168.29565973715944
2026-07-24,2506965.0619836873,188.07725773524828
2026-07-27,2501334.8962002546,431.967367246963
2026-07-28,2441592.22108309,531.4921402190776
2026-07-29,2387167.9104400384,475.58072812456817
2026-07-30,2496780.8025583844,175.77625223212817
2026-07-31,2537824.1123561435,188.41092486920388
2026-08-03,2578264.5647426555,973.0368495891325
2026-08-04,2680478.2214793595,1143.9263133439958
2026-08-05,2636649.4459565054,11.403620995000097
2026-08-06,2636339.5252071163,811.7907100457919
2026-08-07,2668252.8794626496,274.7257227202808
2026-08-10,2658076.9449035195,623.4949447180879
2026-08-11,2637906.1948137195,411.72768878046645
2026-08-12,2654011.4045214597,335.0323595946629
2026-08-13,2626846.529381131,83.2604144560828
2026-08-14,2619003.684794932,89.98804810601177
2026-08-17,2632855.712302692,117.06935072628949
2026-08-18,2571245.374726499,523.1002132541284
2026-08-19,2547877.5562310982,231.13302858379893
2026-08-20,2533372.884263894,812.972513100535
2026-08-21,2548974.681144799,41.16068276280794
2026-08-24,2513029.3318419023,534.0586409135194
2026-08-25,2521696.6188187716,173.4932541963684
2026-08-26,2527785.3113649823,276.777032706721
2026-08-27,2555940.243026286,247.89033463543456
2026-08-28,2535946.5728371926,1173.302970249174
2026-08-31,2534755.536385789,306.22440458782455
2026-09-01,2483919.6011942793,141.7732218671324
2026-09-02,2469577.893533369,494.9931885202095
2026-09-03,2553020.233323797,1614.6994645442537
2026-09-04,2536831.2882735613,21.46329187189258
2026-09-08,2548686.280427463,303.2156844210149
2026-09-09,2554641.587900153,546.1982440858337
2026-09-10,2512518.702306361,529.1883827160311
2026-09-11,2554279.8395205145,525.9598436954394
2026-09-14,2558329.6949865725,200.9563391117299
2026-09-15,2550879.006979163,26.938589270263947
2026-09-16,2541830.3766020346,974.1086729573644
2026-09-17,2607215.8671059166,374.5914635216982
2026-09-18,2581170.4899102147,101.18603143044288
2026-09-21,2686652.60083818,900.189140792671
2026-09-22,2677358.5188252633,474.22059223116594
2026-09-23,2676122.310615343,327.2388532578798
2026-09-24,2680852.7431372683,474.3330267948568
2026-09-25,2696198.7067892305,324.2402975310397
2026-09-28,2617796.296022164,142.95932935422115
2026-09-29,2615477.785036098,69.65583993109271
2026-09-30,2655351.940406268,55.79949135109871
2026-10-01,2675565.135059444,170.48196801312042
2026-10-02,2687151.831935174,1166.6865799492607
2026-10-05,2712107.012662362,244.1402716149105
