date,symbol,shares,close
2020-01-03,BSV,5902,67.80368041992188
2020-01-03,BIL,7877,76.14329528808594
2020-01-06,BSV,5898,67.77847290039062
2020-01-06,BIL,7881,76.13499450683594
2020-01-07,BSV,5898,67.79527282714844
2020-01-07,BIL,7881,76.13499450683594
2020-01-08,BSV,5898,67.744873046875
2020-01-08,BIL,7881,76.15168762207031
2020-01-09,BSV,5904,67.7532730102539
2020-01-09,BIL,7876,76.15999603271484
2020-01-10,BSV,5902,67.78688049316406
2020-01-10,BIL,7877,76.15999603271484
2020-01-13,BSV,5902,67.7532730102539
2020-01-13,BIL,7877,76.15999603271484
2020-01-14,BSV,5902,67.77007293701172
2020-01-14,BIL,7877,76.15999603271484
2020-01-15,BSV,5900,67.80368041992188
2020-01-15,BIL,7879,76.1683349609375
2020-01-16,BSV,5900,67.79527282714844
2020-01-16,BIL,7879,76.18495178222656
2020-01-17,BSV,5900,67.80368041992188
2020-01-17,BIL,7879,76.17662811279297
2020-01-21,BSV,5898,67.87920379638672
2020-01-21,BIL,7881,76.18495178222656
2020-01-22,BSV,5896,67.92127990722656
2020-01-22,BIL,7883,76.18495178222656
2020-01-23,BSV,5893,67.97160339355469
2020-01-23,BIL,7885,76.19329833984375
2020-01-24,BSV,5893,68.00523376464844
2020-01-24,BIL,7885,76.19329833984375
2020-01-27,BSV,5887,68.1059799194336
2020-01-27,BIL,7891,76.20162963867188
2020-01-28,BSV,5887,68.05559539794922
2020-01-28,BIL,7891,76.20162963867188
2020-01-29,BSV,5887,68.1648178100586
2020-01-29,BIL,7891,76.20995330810547
2020-01-30,BSV,5883,68.15635681152344
2020-01-30,BIL,7894,76.20995330810547
2020-01-31,BIL,7897,76.20995330810547
2020-01-31,TECL,15240,24.55377197265625
2020-02-03,BIL,7701,76.21661376953125
2020-02-03,BSV,5729,68.28482818603516
2020-02-04,BIL,7697,76.21661376953125
2020-02-04,TECL,14601,27.54570198059082
2020-02-05,BIL,7943,76.23322296142578
2020-02-05,TECS,8,47034.09375
2020-02-06,BIL,7985,76.24164581298828
2020-02-06,TECS,8,45828.09375
2020-02-07,BIL,7995,76.24164581298828
2020-02-07,TECS,8,47034.09375
2020-02-10,BIL,8082,76.23322296142578
2020-02-10,TECS,8,45311.23046875
2020-02-11,BIL,7828,76.24164581298828
2020-02-11,TECS,9,45741.94140625
2020-02-12,BIL,7859,76.2499771118164
2020-02-12,TECS,9,44191.37890625
2020-02-13,BIL,7859,76.25828552246094
2020-02-13,TECS,9,44622.0859375
2020-02-14,BIL,7851,76.25828552246094
2020-02-14,TECS,9,43932.9375
2020-02-18,BIL,7859,76.26659393310547
2020-02-18,TECS,9,44449.80078125
2020-02-19,BIL,7815,76.26659393310547
2020-02-19,TECS,9,42899.2265625
2020-02-20,BIL,7784,76.26659393310547
2020-02-20,TECS,9,44191.37890625
2020-02-21,BIL,7859,76.28329467773438
2020-02-21,TECS,9,47292.515625
2020-02-24,BIL,8557,76.27497100830078
2020-02-24,TECL,18520,24.140335083007812
2020-02-25,BIL,7382,76.27497100830078
2020-02-25,UVXY,10,44850.0
2020-02-26,BIL,7751,76.29161071777344
2020-02-26,TECL,15988,22.074979782104492
2020-02-27,BIL,7509,76.30829620361328
2020-02-27,TECL,17704,18.48941993713379
2020-02-28,BIL,7099,76.29998016357422
2020-02-28,TECL,16192,18.98883628845215
2020-03-02,BIL,7494,76.3224868774414
2020-03-02,TECL,14035,22.248769760131836
2020-03-03,BIL,4776,76.33916473388672
2020-03-03,UVXY,4,63725.0
2020-03-04,BIL,4854,76.3725357055664
2020-03-04,UVXY,4,58125.0
2020-03-05,BIL,4963,76.38923645019531
2020-03-05,BSV,3137,69.44420623779297
2020-03-06,BIL,4964,76.38923645019531
2020-03-06,UVXY,2,83625.0
2020-03-09,BIL,5276,76.42262268066406
2020-03-09,UVXY,2,114425.0
2020-03-10,BIL,3368,76.40595245361328
2020-03-10,TECL,10341,17.41558265686035
2020-03-11,BIL,3351,76.42262268066406
2020-03-11,UVXY,1,120550.0
2020-03-12,BIL,3458,76.43096160888672
2020-03-12,UVXY,1,162550.0
2020-03-13,BIL,3415,76.4476318359375
2020-03-13,TECL,10241,14.358708381652832
2020-03-16,BIL,3322,76.45597076416016
2020-03-17,BIL,1898,76.45597076416016
2020-03-17,TECL,10554,9.949016571044922
2020-03-18,BIL,1882,76.47268676757812
2020-03-19,BIL,1882,76.45597076416016
2020-03-20,BIL,1882,76.48102569580078
2020-03-20,BSV,1356,67.61540222167969
2020-03-23,BIL,1883,76.46432495117188
2020-03-23,BSV,1330,68.22220611572266
2020-03-24,BIL,1768,76.46432495117188
2020-03-24,SPXL,4587,21.502641677856445
2020-03-25,BIL,1782,76.46432495117188
2020-03-25,BSV,1204,69.02284240722656
2020-03-26,BIL,1782,76.46432495117188
2020-03-26,BSV,1197,68.98910522460938
2020-03-27,BIL,1782,76.4476318359375
2020-03-27,BSV,1168,68.93856811523438
2020-03-30,BIL,1782,76.4476318359375
2020-03-30,BSV,1162,69.0649642944336
2020-03-31,BIL,1583,76.45597076416016
2020-03-31,BSV,1163,69.25879669189453
2020-04-01,BIL,1583,76.4493408203125
2020-04-01,BSV,1172,69.10260009765625
2020-04-02,BIL,1583,76.4576644897461
2020-04-02,BSV,1177,69.20393371582031
2020-04-03,BIL,1583,76.43260955810547
2020-04-03,BSV,1174,69.04352569580078
2020-04-06,BIL,1583,76.44096374511719
2020-04-06,BSV,1174,69.15324401855469
2020-04-07,BIL,1604,76.42427825927734
2020-04-07,TECL,6281,11.392585754394531
2020-04-08,BIL,1595,76.43260955810547
2020-04-08,TECL,7020,12.26908016204834
2020-04-09,BIL,1603,76.41590118408203
2020-04-09,TECL,6606,12.282832145690918
2020-04-13,BIL,1599,76.43260955810547
2020-04-13,TECL,7588,12.388269424438477
2020-04-14,BIL,1609,76.44096374511719
2020-04-14,TECL,7499,13.934969902038574
2020-04-15,BIL,2333,76.43260955810547
2020-04-15,TECS,3,34935.78125
2020-04-16,BIL,2327,76.42427825927734
2020-04-16,TECS,3,33728.12109375
2020-04-17,BIL,2317,76.44096374511719
2020-04-17,TECS,4,32347.9453125
2020-04-20,BIL,2329,76.43260955810547
2020-04-20,TECS,4,33814.38671875
2020-04-21,BIL,2342,76.43260955810547
2020-04-21,TECS,4,38041.18359375
2020-04-22,BIL,2626,76.43260955810547
2020-04-22,TECL,10674,12.993379592895508
2020-04-23,BIL,2639,76.44096374511719
2020-04-23,TECL,12031,12.728415489196777
2020-04-24,BIL,2634,76.43260955810547
2020-04-24,TECL,12209,13.495804786682129
2020-04-27,BIL,2660,76.43260955810547
2020-04-27,TECL,12468,13.901043891906738
2020-04-28,BIL,2672,76.43260955810547
2020-04-28,TECL,12641,13.328939437866211
2020-04-29,BIL,3639,76.42427825927734
2020-04-29,TECL,13152,14.967325210571289
2020-04-30,BIL,3679,76.44096374511719
2020-04-30,TECS,6,28897.5
2020-05-01,BIL,3718,76.42760467529297
2020-05-01,TECS,6,31424.953125
2020-05-04,BIL,3740,76.42760467529297
2020-05-04,TECL,15289,14.023900985717773
2020-05-05,BIL,3796,76.42760467529297
2020-05-05,TECL,14481,14.695024490356445
2020-05-06,BIL,5179,76.43595886230469
2020-05-06,TECL,17555,14.982909202575684
2020-05-07,BIL,5219,76.42760467529297
2020-05-07,TECL,16914,15.705375671386719
2020-05-08,BIL,5257,76.42760467529297
2020-05-08,TECS,10,25757.58984375
2020-05-11,BIL,5267,76.43595886230469
2020-05-11,TECS,10,25119.263671875
2020-05-12,BIL,5208,76.43595886230469
2020-05-12,TECS,11,26801.353515625
2020-05-13,BIL,5775,76.43595886230469
2020-05-13,TECL,18727,14.807792663574219
2020-05-14,BIL,5678,76.44429779052734
2020-05-14,TECL,20163,15.417486190795898
2020-05-15,BIL,5686,76.42760467529297
2020-05-15,TECL,19871,15.593523025512695
2020-05-18,BIL,5849,76.42760467529297
2020-05-18,TECL,19302,16.769819259643555
2020-05-19,BIL,5874,76.42760467529297
2020-05-19,TECS,12,25007.119140625
2020-05-20,BIL,6525,76.42760467529297
2020-05-20,TECL,19285,17.62706184387207
2020-05-21,BIL,6561,76.43595886230469
2020-05-21,TECS,14,24282.521484375
2020-05-22,BIL,6631,76.42760467529297
2020-05-22,TECL,20252,17.113636016845703
2020-05-26,BIL,6761,76.43595886230469
2020-05-26,TECS,15,24092.75
2020-05-27,BIL,6868,76.42760467529297
2020-05-27,TECL,21089,17.36301612854004
2020-05-28,BIL,6989,76.42760467529297
2020-05-28,TECS,14,23842.59375
2020-05-29,BIL,6960,76.42760467529297
2020-05-29,TECS,16,22954.099609375
2020-06-01,BIL,6932,76.43595886230469
2020-06-01,TECS,16,22997.236328125
2020-06-02,BIL,6891,76.43595886230469
2020-06-02,TECS,19,22255.38671875
2020-06-03,BIL,6823,76.43595886230469
2020-06-03,TECS,19,21720.568359375
2020-06-04,BIL,8336,76.43595886230469
2020-06-04,TECS,19,22315.771484375
2020-06-05,BIL,8312,76.41921997070312
2020-06-05,TECS,19,20487.029296875
2020-06-08,BIL,8177,76.42760467529297
2020-06-08,TECS,19,20176.490234375
2020-06-09,BIL,8177,76.42760467529297
2020-06-09,TECS,19,19943.58984375
2020-06-10,BIL,8052,76.43595886230469
2020-06-10,TECS,19,18908.45703125
2020-06-11,BIL,8345,76.41921997070312
2020-06-11,TECS,21,22143.248046875
2020-06-12,BIL,8375,76.43595886230469
2020-06-12,TECL,14946,18.34035873413086
2020-06-15,BIL,8197,76.43595886230469
2020-06-15,TECL,16236,18.876705169677734
2020-06-16,BIL,8489,76.43595886230469
2020-06-16,TECL,14380,20.16302490234375
2020-06-17,BIL,8501,76.43595886230469
2020-06-17,TECL,14893,20.129104614257812
2020-06-18,BIL,6000,76.42760467529297
2020-06-18,TECS,15,19055.09375
2020-06-19,BIL,5927,76.42760467529297
2020-06-19,TECS,16,19451.896484375
2020-06-22,BIL,5996,76.42760467529297
2020-06-22,TECS,16,18382.2578125
2020-06-23,BIL,5890,76.42760467529297
2020-06-23,TECS,17,17985.45703125
2020-06-24,BIL,5917,76.42760467529297
2020-06-24,TECS,17,19210.369140625
2020-06-25,BIL,5852,76.43595886230469
2020-06-25,TECL,14816,20.85248374938965
2020-06-26,BIL,5888,76.42760467529297
2020-06-26,TECL,14374,19.65509796142578
2020-06-29,BIL,5823,76.42760467529297
2020-06-29,TECL,1,20.215288162231445
2020-06-29,BSV,3994,70.37698364257812
2020-06-30,BIL,5821,76.42760467529297
2020-06-30,TECL,13697,21.352157592773438
2020-07-01,BIL,5887,76.42760467529297
2020-07-01,TECL,13027,21.414506912231445
2020-07-02,BIL,5547,76.43595886230469
2020-07-02,TECS,16,17502.396484375
2020-07-06,BIL,5518,76.42760467529297
2020-07-06,TECS,16,16562.15234375
2020-07-07,BIL,5509,76.42760467529297
2020-07-07,TECS,17,17096.966796875
2020-07-08,BIL,5509,76.42760467529297
2020-07-08,TECS,17,16242.9833984375
2020-07-09,BIL,5457,76.42760467529297
2020-07-09,TECS,18,16044.580078125
2020-07-10,BIL,5657,76.43595886230469
2020-07-10,TECS,18,16079.0849609375
2020-07-13,BIL,5621,76.43595886230469
2020-07-13,TECS,27,17105.59375
2020-07-14,BIL,5836,76.43595886230469
2020-07-14,TECL,20347,22.790674209594727
2020-07-15,BIL,5995,76.43595886230469
2020-07-15,TECS,27,16242.9833984375
2020-07-16,BIL,6061,76.42760467529297
2020-07-16,TECS,28,16820.931640625
2020-07-17,BIL,9191,76.43595886230469
2020-07-17,TECL,20627,22.635726928710938
2020-07-20,BIL,9209,76.43595886230469
2020-07-20,TECL,20536,24.3520450592041
2020-07-21,BIL,9480,76.43595886230469
2020-07-21,TECS,32,15751.2958984375
2020-07-22,BIL,9628,76.42760467529297
2020-07-22,TECS,32,15397.623046875
2020-07-23,BIL,9616,76.43595886230469
2020-07-23,TECS,32,16562.15234375
2020-07-24,BIL,11369,76.42760467529297
2020-07-24,TECL,27274,21.547439575195312
2020-07-27,BIL,11504,76.42760467529297
2020-07-27,BSV,8275,70.50585174560547
2020-07-28,BIL,11503,76.43595886230469
2020-07-28,TECL,28276,21.767484664916992
2020-07-29,BIL,11433,76.43595886230469
2020-07-29,BSV,8914,70.57377624511719
2020-07-30,BIL,11433,76.42760467529297
2020-07-30,BSV,8908,70.60765838623047
2020-07-31,BIL,12345,76.43595886230469
2020-07-31,TECL,26001,24.839799880981445
2020-08-03,BIL,12663,76.42760467529297
2020-08-03,TECL,25056,26.595531463623047
2020-08-04,BIL,12796,76.43595886230469
2020-08-04,TECS,47,13525.755859375
2020-08-05,BIL,12697,76.42760467529297
2020-08-05,TECS,47,13387.7373046875
2020-08-06,BIL,12677,76.42760467529297
2020-08-06,TECS,48,12809.7880859375
2020-08-07,BIL,12508,76.43595886230469
2020-08-07,TECS,49,13387.7373046875
2020-08-10,BIL,12523,76.43595886230469
2020-08-10,TECS,49,13508.501953125
2020-08-11,BIL,12763,76.42760467529297
2020-08-11,TECL,24556,25.269794464111328
2020-08-12,BIL,12659,76.42760467529297
2020-08-12,TECL,24862,27.06220245361328
2020-08-13,BIL,12895,76.43595886230469
2020-08-13,TECL,24198,27.06036949157715
2020-08-14,BIL,12888,76.42760467529297
2020-08-14,TECL,24218,27.00536346435547
2020-08-17,BIL,12956,76.42760467529297
2020-08-17,TECL,24028,27.587547302246094
2020-08-18,BIL,13010,76.43595886230469
2020-08-18,TECS,51,12844.2939453125
2020-08-19,BIL,12957,76.43595886230469
2020-08-19,TECS,51,12913.2998046875
2020-08-20,BIL,13070,76.43595886230469
2020-08-20,TECS,1,12387.107421875
2020-08-20,TECL,23792,28.859195709228516
2020-08-21,BIL,13358,76.43595886230469
2020-08-21,TECS,55,11895.419921875
2020-08-24,BIL,12982,76.43595886230469
2020-08-24,TECS,57,11593.5048828125
2020-08-25,BIL,13093,76.42760467529297
2020-08-25,TECS,57,11412.35546875
2020-08-26,BIL,12827,76.42760467529297
2020-08-26,TECS,58,10713.640625
2020-08-27,BIL,12596,76.42760467529297
2020-08-27,TECS,60,10687.7607421875
2020-08-28,BIL,12583,76.43595886230469
2020-08-28,TECS,60,10394.474609375
2020-08-31,BIL,12461,76.43595886230469
2020-08-31,TECS,61,10308.2109375
2020-09-01,BIL,12349,76.43595886230469
2020-09-01,TECS,62,9695.7568359375
2020-09-02,BIL,11988,76.43595886230469
2020-09-02,TECS,65,9454.228515625
2020-09-03,BIL,12172,76.42760467529297
2020-09-03,TECS,64,11084.5625
2020-09-04,BIL,12166,76.43595886230469
2020-09-04,UVXY,8,63250.0
2020-09-08,BIL,12205,76.43595886230469
2020-09-08,BSV,8615,70.61263275146484
2020-09-09,BIL,12206,76.42760467529297
2020-09-09,BSV,7382,70.6382064819336
2020-09-10,BIL,12206,76.42760467529297
2020-09-10,BSV,7028,70.6296615600586
2020-09-11,BIL,12206,76.41921997070312
2020-09-11,BSV,6891,70.6551742553711
2020-09-14,BIL,9556,76.43595886230469
2020-09-14,BSV,6889,70.6551742553711
2020-09-15,BIL,9555,76.41921997070312
2020-09-15,BSV,6717,70.66365814208984
2020-09-16,BIL,9555,76.43595886230469
2020-09-16,BSV,6701,70.66365814208984
2020-09-17,BIL,9555,76.43595886230469
2020-09-17,BSV,6688,70.6382064819336
2020-09-18,BIL,9555,76.41921997070312
2020-09-18,BSV,6632,70.6382064819336
2020-09-21,BIL,9063,76.41921997070312
2020-09-21,BSV,6533,70.61263275146484
2020-09-22,BIL,9060,76.41921997070312
2020-09-22,BSV,6471,70.6382064819336
2020-09-23,BIL,9060,76.41921997070312
2020-09-23,BSV,6469,70.59564971923828
2020-09-24,BIL,9059,76.42760467529297
2020-09-24,BSV,6149,70.57014465332031
2020-09-25,BIL,9059,76.41921997070312
2020-09-25,BSV,6252,70.57014465332031
2020-09-28,BIL,8323,76.42760467529297
2020-09-28,BSV,6005,70.6382064819336
2020-09-29,BIL,8323,76.42760467529297
2020-09-29,BSV,5818,70.64669799804688
2020-09-30,BIL,8323,76.41921997070312
2020-09-30,BSV,5813,70.64669799804688
2020-10-01,BIL,8323,76.41921997070312
2020-10-01,TECL,14136,28.92888069152832
2020-10-02,BIL,8157,76.41921997070312
2020-10-02,TECL,15406,26.70189094543457
2020-10-05,BIL,9259,76.41921997070312
2020-10-05,TECL,17282,28.507137298583984
2020-10-06,BIL,9354,76.42760467529297
2020-10-06,TECL,16197,27.161218643188477
2020-10-07,BIL,9330,76.41921997070312
2020-10-07,TECL,17673,28.613487243652344
2020-10-08,BIL,9464,76.41921997070312
2020-10-08,TECL,17342,29.046234130859375
2020-10-09,BIL,9482,76.41921997070312
2020-10-09,TECL,18107,30.43431854248047
2020-10-12,BIL,10669,76.42760467529297
2020-10-12,TECL,17064,32.887779235839844
2020-10-13,BIL,10818,76.41921997070312
2020-10-13,TECS,58,9618.123046875
2020-10-14,BIL,10876,76.41921997070312
2020-10-14,TECS,57,9756.140625
2020-10-15,BIL,11148,76.41921997070312
2020-10-15,TECL,18335,31.298898696899414
2020-10-16,BIL,11343,76.42760467529297
2020-10-16,TQQQ,32033,17.25049591064453
2020-10-19,TQQQ,33388,16.39332389831543
2020-10-19,XLK,3029,56.835819244384766
2020-10-19,LIT,4386,39.76155090332031
2020-10-19,SMH,1947,89.393798828125
2020-10-19,IGV,2636,65.6976547241211
2020-10-19,TAN,2397,74.12290954589844
2020-10-20,TQQQ,34064,16.499135971069336
2020-10-20,XLK,3029,57.03179931640625
2020-10-20,LIT,4240,40.852745056152344
2020-10-20,SMH,1920,89.46607208251953
2020-10-20,IGV,2619,65.33977508544922
2020-10-20,TAN,2295,77.20185089111328
2020-10-21,TQQQ,34437,16.456331253051758
2020-10-21,XLK,3039,56.94576644897461
2020-10-21,LIT,4254,40.52729415893555
2020-10-21,SMH,1929,88.89274597167969
2020-10-21,IGV,2638,65.21981048583984
2020-10-21,TAN,2246,70.736083984375
2020-10-22,TQQQ,38817,16.464658737182617
2020-10-22,XLK,3014,56.67808151245117
2020-10-22,LIT,4196,40.78573989868164
2020-10-22,SMH,1930,88.85902404785156
2020-10-22,IGV,2635,64.92591094970703
2020-10-22,TAN,2426,70.59703826904297
2020-10-23,TQQQ,38825,16.560956954956055
2020-10-23,XLK,3023,56.615936279296875
2020-10-23,LIT,4228,40.38371658325195
2020-10-23,SMH,1933,88.64704895019531
2020-10-23,IGV,2629,65.46173858642578
2020-10-23,TAN,2392,70.63676452636719
2020-10-26,TQQQ,40942,15.806022644042969
2020-10-26,LIT,4921,40.3262939453125
2020-10-26,TAN,2852,69.1568832397461
2020-10-26,COPX,10132,19.207609176635742
2020-10-26,XLI,2704,72.43230438232422
2020-10-26,BOTZ,6997,28.008840560913086
2020-10-27,TQQQ,39269,16.1793270111084
2020-10-27,LIT,4824,40.958038330078125
2020-10-27,TAN,2848,67.80612182617188
2020-10-27,COPX,10220,19.198843002319336
2020-10-27,XLI,2723,70.84893798828125
2020-10-27,BOTZ,6986,28.107391357421875
2020-10-28,TQQQ,39932,14.280702590942383
2020-10-28,LIT,4698,40.402870178222656
2020-10-28,TAN,2844,68.59075927734375
2020-10-28,COPX,10178,18.576414108276367
2020-10-28,XLI,2763,68.52421569824219
2020-10-28,BOTZ,6949,27.3189697265625
2020-10-29,TQQQ,33728,15.007102966308594
2020-10-29,LIT,4608,41.47491455078125
2020-10-29,TAN,2684,70.29906463623047
2020-10-29,COPX,10139,18.821882247924805
2020-10-29,XLI,2744,69.5218276977539
2020-10-29,BOTZ,6814,27.683612823486328
2020-10-30,TQQQ,33168,13.963274955749512
2020-10-30,LIT,4565,41.28347396850586
2020-10-30,TAN,2717,68.30271911621094
2020-10-30,COPX,10106,18.848182678222656
2020-10-30,XLI,2737,69.4394760131836
2020-10-30,BOTZ,6884,27.309112548828125
2020-11-02,TQQQ,34040,13.968029975891113
2020-11-02,LIT,3435,42.71925735473633
2020-11-02,TAN,2099,70.51758575439453
2020-11-02,BOTZ,5271,27.54564094543457
2020-11-02,XLU,5515,26.587509155273438
2020-11-02,CWB,2390,61.01877212524414
2020-11-03,TQQQ,35281,14.670653343200684
2020-11-03,LIT,3377,43.312721252441406
2020-11-03,TAN,2117,68.6900863647461
2020-11-03,BOTZ,5230,28.235511779785156
2020-11-03,XLU,5434,26.97120475769043
2020-11-03,CWB,2388,61.7792854309082
2020-11-04,TQQQ,31751,16.653682708740234
2020-11-04,LIT,3464,43.85831069946289
2020-11-04,TAN,2303,67.27973175048828
2020-11-04,BOTZ,5331,28.698715209960938
2020-11-04,XLU,5675,26.56665802001953
2020-11-04,CWB,2424,63.36223220825195
2020-11-05,TQQQ,29228,17.938854217529297
2020-11-05,LIT,3465,47.21803665161133
2020-11-05,TAN,2241,74.94728088378906
2020-11-05,BOTZ,5437,29.496994018554688
2020-11-05,XLU,5926,26.804378509521484
2020-11-05,CWB,2478,64.87446594238281
2020-11-06,TQQQ,28322,17.99948501586914
2020-11-06,LIT,3435,47.074459075927734
2020-11-06,TAN,2098,75.03667449951172
2020-11-06,BOTZ,5476,29.42800521850586
2020-11-06,XLU,5989,26.745983123779297
2020-11-06,CWB,2485,65.05133819580078
2020-11-09,TQQQ,28254,16.900972366333008
2020-11-09,LIT,3180,48.39537811279297
2020-11-09,TAN,1954,73.65611267089844
2020-11-09,COPX,7303,20.882028579711914
2020-11-09,SMH,1613,93.87432861328125
2020-11-09,IGV,2403,64.35011291503906
2020-11-10,TQQQ,30862,15.989110946655273
2020-11-10,LIT,3097,47.256324768066406
2020-11-10,TAN,2035,71.0141830444336
2020-11-10,COPX,7121,20.69793128967285
2020-11-10,SMH,1597,90.9692153930664
2020-11-10,IGV,2344,62.27082061767578
2020-11-11,TQQQ,30752,17.063844680786133
2020-11-11,LIT,3184,46.634151458740234
2020-11-11,TAN,2049,74.3215560913086
2020-11-11,COPX,7160,20.610267639160156
2020-11-11,SMH,1604,94.16822052001953
2020-11-11,IGV,2344,64.01422882080078
2020-11-12,TQQQ,29952,16.814180374145508
2020-11-12,LIT,3239,46.66286849975586
2020-11-12,TAN,2009,73.17936706542969
2020-11-12,COPX,7338,20.619035720825195
2020-11-12,SMH,1606,93.15167236328125
2020-11-12,IGV,2352,63.87227249145508
2020-11-13,TQQQ,29659,17.25525665283203
2020-11-13,LIT,3191,47.763633728027344
2020-11-13,TAN,2037,73.13964080810547
2020-11-13,COPX,7290,20.987228393554688
2020-11-13,SMH,1603,94.52471923828125
2020-11-13,IGV,2345,64.11219024658203
2020-11-16,TQQQ,29015,17.65233612060547
2020-11-16,LIT,3114,48.462379455566406
2020-11-16,TAN,2034,73.75543212890625
2020-11-16,SMH,1573,97.18413543701172
2020-11-16,REMX,3421,44.980159759521484
2020-11-16,BOTZ,4925,30.63035774230957
2020-11-17,TQQQ,29373,17.489463806152344
2020-11-17,LIT,3133,48.11779022216797
2020-11-17,TAN,2044,74.79829406738281
2020-11-17,SMH,1564,96.06640625
2020-11-17,REMX,3366,45.19304275512695
2020-11-17,BOTZ,4995,30.39383316040039
2020-11-18,TQQQ,29531,17.084056854248047
2020-11-18,LIT,3157,47.40946578979492
2020-11-18,TAN,2004,74.20237731933594
2020-11-18,SMH,1565,95.58946228027344
2020-11-18,REMX,3321,44.95354461669922
2020-11-18,BOTZ,4934,30.34455680847168
2020-11-19,TQQQ,29146,17.507287979125977
2020-11-19,LIT,3150,47.7732048034668
2020-11-19,TAN,1997,75.69216918945312
2020-11-19,SMH,1572,96.83726501464844
2020-11-19,REMX,3328,45.23739242553711
2020-11-19,BOTZ,4943,30.502241134643555
2020-11-20,TQQQ,28768,17.151823043823242
2020-11-20,LIT,3144,48.90268325805664
2020-11-20,TAN,1989,77.48987579345703
2020-11-20,SMH,1564,96.34584045410156
2020-11-20,REMX,3321,46.186485290527344
2020-11-20,BOTZ,4968,30.610647201538086
2020-11-23,TQQQ,29003,17.1553897857666
2020-11-23,LIT,3015,50.38633346557617
2020-11-23,TAN,1899,80.13180541992188
2020-11-23,REMX,3154,48.32417678833008
2020-11-23,COPX,6689,22.495084762573242
2020-11-23,XBI,1193,125.50701141357422
2020-11-24,TQQQ,30906,17.856822967529297
2020-11-24,LIT,2922,52.07097244262695
2020-11-24,TAN,1855,82.4658432006836
2020-11-24,REMX,3104,49.45067596435547
2020-11-24,COPX,6675,23.240245819091797
2020-11-24,XBI,1207,125.08032989501953
2020-11-25,TQQQ,29496,18.193275451660156
2020-11-25,LIT,3040,50.75005340576172
2020-11-25,TAN,1880,83.67755126953125
2020-11-25,REMX,3106,48.65237045288086
2020-11-25,COPX,6637,23.05614471435547
2020-11-25,XBI,1228,125.83442687988281
2020-11-27,TQQQ,37564,18.690223693847656
2020-11-27,LIT,3054,50.9510612487793
2020-11-27,TAN,1848,84.83959197998047
2020-11-27,REMX,3171,49.761131286621094
2020-11-27,COPX,6659,23.617206573486328
2020-11-27,XBI,1228,130.4384002685547
2020-11-30,TQQQ,37789,18.78652000427246
2020-11-30,LIT,3070,49.98430633544922
2020-11-30,TAN,1806,84.00531005859375
2020-11-30,REMX,3184,48.89186477661133
2020-11-30,COPX,6653,23.617206573486328
2020-11-30,XBI,1198,132.1648712158203
2020-12-01,TQQQ,38548,19.524805068969727
2020-12-01,LIT,4369,50.70220184326172
2020-12-01,TAN,2613,82.83332061767578
2020-12-01,REMX,4501,49.35310745239258
2020-12-01,COPX,9301,24.108139038085938
2020-12-01,XBI,1662,131.90682983398438
2020-12-02,TQQQ,38166,19.603271484375
2020-12-02,LIT,4411,50.14703369140625
2020-12-02,TAN,2717,81.56201934814453
2020-12-02,REMX,4518,49.184574127197266
2020-12-02,COPX,9093,24.36237144470215
2020-12-02,XBI,1680,131.78781127929688
2020-12-03,TQQQ,39547,19.682926177978516
2020-12-03,LIT,4423,50.12788009643555
2020-12-03,TAN,2714,80.439697265625
2020-12-03,REMX,4531,49.37971878051758
2020-12-03,COPX,9107,24.77440071105957
2020-12-03,XBI,1692,132.6807861328125
2020-12-04,TQQQ,40137,19.924266815185547
2020-12-04,LIT,4434,51.41051483154297
2020-12-04,TAN,2775,80.86677551269531
2020-12-04,REMX,4488,50.6392707824707
2020-12-04,COPX,8947,25.537092208862305
2020-12-04,XBI,1682,135.1415252685547
2020-12-07,TQQQ,40212,20.261903762817383
2020-12-07,LIT,4411,52.3198356628418
2020-12-07,TAN,2806,81.99903106689453
2020-12-07,REMX,4444,51.28678512573242
2020-12-07,COPX,8950,25.10753059387207
2020-12-07,XBI,1671,136.4016571044922
2020-12-08,TQQQ,40009,20.447368621826172
2020-12-08,LIT,4605,53.68861770629883
2020-12-08,TAN,2947,83.6576919555664
2020-12-08,REMX,4701,52.57294464111328
2020-12-08,XBI,1777,139.03106689453125
2020-12-08,SMH,2278,106.43907928466797
2020-12-09,TQQQ,40145,19.07779312133789
2020-12-09,LIT,4536,52.262413024902344
2020-12-09,TAN,2942,79.66500091552734
2020-12-09,REMX,4684,50.98520278930664
2020-12-09,XBI,1759,136.21315002441406
2020-12-09,SMH,2324,103.14372253417969
2020-12-10,TQQQ,41382,19.311996459960938
2020-12-10,LIT,4486,52.65486145019531
2020-12-10,TAN,2897,81.45277404785156
2020-12-10,REMX,4600,50.73684310913086
2020-12-10,XBI,1707,141.24375915527344
2020-12-10,SMH,2269,103.22080993652344
2020-12-11,TQQQ,41373,19.176467895507812
2020-12-11,LIT,4511,51.72639083862305
2020-12-11,TAN,2873,83.23060607910156
2020-12-11,REMX,4651,50.160282135009766
2020-12-11,XBI,1674,141.1643524169922
2020-12-11,SMH,2297,102.38250732421875
2020-12-14,TQQQ,41271,19.585439682006836
2020-12-14,LIT,4563,52.5495719909668
2020-12-14,TAN,2822,85.45539093017578
2020-12-14,REMX,4671,50.337684631347656
2020-12-14,XBI,1671,144.91497802734375
2020-12-14,SMH,2326,103.427978515625
2020-12-15,TQQQ,40712,20.19414520263672
2020-12-15,LIT,4594,53.77477264404297
2020-12-15,TAN,2825,92.34823608398438
2020-12-15,REMX,4846,51.260169982910156
2020-12-15,XBI,1666,145.18287658691406
2020-12-15,SMH,2337,105.05156707763672
2020-12-16,TQQQ,40782,20.53296661376953
2020-12-16,LIT,4584,53.88963317871094
2020-12-16,TAN,2725,91.49407196044922
2020-12-16,REMX,4849,51.109378814697266
2020-12-16,XBI,1709,143.39688110351562
2020-12-16,SMH,2354,105.00820922851562
2020-12-17,TQQQ,40268,20.953824996948242
2020-12-17,LIT,4664,54.148067474365234
2020-12-17,TAN,2706,92.36809539794922
2020-12-17,REMX,4818,52.34231948852539
2020-12-17,XBI,1753,145.51028442382812
2020-12-17,SMH,2387,104.98412322998047
2020-12-18,TQQQ,40242,20.725566864013672
2020-12-18,LIT,4652,54.8181037902832
2020-12-18,TAN,2707,95.34770965576172
2020-12-18,REMX,4799,53.65509033203125
2020-12-18,XBI,1741,146.4033203125
2020-12-18,SMH,2424,104.62278747558594
2020-12-21,TQQQ,41352,20.64828872680664
2020-12-21,LIT,4529,56.62718200683594
2020-12-21,TAN,2647,98.99826049804688
2020-12-21,REMX,4637,55.503108978271484
2020-12-21,XBI,1730,148.8629913330078
2020-12-21,SMH,2428,104.09496307373047
2020-12-22,TQQQ,41303,20.811161041259766
2020-12-22,LIT,4549,56.378318786621094
2020-12-22,TAN,2578,102.52751922607422
2020-12-22,REMX,4693,54.921409606933594
2020-12-22,XBI,1720,150.13461303710938
2020-12-22,COPX,10022,25.36176109313965
2020-12-23,TQQQ,41715,20.497304916381836
2020-12-23,LIT,4543,57.1632080078125
2020-12-23,TAN,2461,103.39244079589844
2020-12-23,REMX,4693,55.986366271972656
2020-12-23,XBI,1723,150.14451599121094
2020-12-23,COPX,10166,26.133220672607422
2020-12-24,TQQQ,42085,20.763608932495117
2020-12-24,LIT,4534,56.703765869140625
2020-12-24,TAN,2510,102.19945526123047
2020-12-24,REMX,4594,56.23694610595703
2020-12-24,XBI,1723,149.02195739746094
2020-12-24,COPX,9915,26.238420486450195
2020-12-28,TQQQ,41602,21.386577606201172
2020-12-28,LIT,4558,58.225685119628906
2020-12-28,TAN,2518,102.0403823852539
2020-12-28,REMX,4563,58.510047912597656
2020-12-28,XBI,1770,145.495361328125
2020-12-28,COPX,10017,26.554018020629883
2020-12-29,TQQQ,40799,21.449586868286133
2020-12-29,LIT,4588,56.72290802001953
2020-12-29,TAN,2592,98.69007110595703
2020-12-29,REMX,4618,55.646297454833984
2020-12-29,XBI,1817,141.2335968017578
2020-12-29,COPX,9947,26.46635627746582
2020-12-30,TQQQ,40488,21.446022033691406
2020-12-30,LIT,4521,59.731021881103516
2020-12-30,TAN,2630,101.7520751953125
2020-12-30,REMX,4661,57.86570739746094
2020-12-30,COPX,9888,27.000694274902344
2020-12-30,XLE,17237,15.512022972106934
2020-12-31,TQQQ,41400,21.6136474609375
2020-12-31,LIT,4409,59.328399658203125
2020-12-31,TAN,2596,102.15968322753906
2020-12-31,REMX,4537,58.90381622314453
2020-12-31,COPX,9812,26.903223037719727
2020-12-31,XLE,17239,15.382145881652832
2021-01-04,TQQQ,41641,20.668500900268555
2021-01-04,LIT,4313,63.55588150024414
2021-01-04,TAN,2599,104.3468246459961
2021-01-04,REMX,4465,61.427494049072266
2021-01-04,COPX,9801,28.188121795654297
2021-01-04,XLE,17569,15.406496047973633
2021-01-05,TQQQ,43537,21.186847686767578
2021-01-05,LIT,4166,68.38727569580078
2021-01-05,TAN,2593,105.4503402709961
2021-01-05,REMX,4271,65.94686126708984
2021-01-05,COPX,9430,28.81728172302246
2021-01-05,XLE,17181,16.096464157104492
2021-01-06,TQQQ,45393,20.31064796447754
2021-01-06,LIT,4088,66.69052124023438
2021-01-06,TAN,2451,114.59659576416016
2021-01-06,REMX,4144,65.06982421875
2021-01-06,COPX,9395,29.33124351501465
2021-01-06,XLE,16763,16.587556838989258
2021-01-07,TQQQ,45468,21.777711868286133
2021-01-07,LIT,4098,69.51844787597656
2021-01-07,TAN,2353,120.83992004394531
2021-01-07,REMX,4208,69.5176010131836
2021-01-07,COPX,9440,30.483226776123047
2021-01-07,XLE,16996,16.831071853637695
2021-01-08,TQQQ,44233,22.621809005737305
2021-01-08,LIT,4227,67.93673706054688
2021-01-08,TAN,2406,118.43405151367188
2021-01-08,REMX,4180,67.49507141113281
2021-01-08,COPX,9705,30.040157318115234
2021-01-08,XLE,17335,16.810781478881836
2021-01-11,TQQQ,43159,21.621973037719727
2021-01-11,LIT,4279,66.3646011352539
2021-01-11,TAN,2482,114.93460845947266
2021-01-11,REMX,4362,65.89315795898438
2021-01-11,COPX,9713,28.897037506103516
2021-01-11,XLE,17299,17.07459259033203
2021-01-12,TQQQ,44032,21.528053283691406
2021-01-12,LIT,4209,68.34893798828125
2021-01-12,TAN,2455,114.9544906616211
2021-01-12,REMX,4325,66.6091079711914
2021-01-12,COPX,9862,29.455305099487305
2021-01-12,XLE,16553,17.67120361328125
2021-01-13,TQQQ,44317,21.946533203125
2021-01-13,LIT,4234,67.03563690185547
2021-01-13,TAN,2484,113.79132843017578
2021-01-13,REMX,4312,66.9939193725586
2021-01-13,COPX,9729,28.994508743286133
2021-01-13,XLE,16186,17.53321075439453
2021-01-14,TQQQ,43620,21.612459182739258
2021-01-14,LIT,4318,66.15372467041016
2021-01-14,TAN,2507,114.55683898925781
2021-01-14,REMX,4300,66.87757873535156
2021-01-14,COPX,9898,29.24262809753418
2021-01-14,XLE,16357,18.052715301513672
2021-01-15,TQQQ,43978,21.08698081970215
2021-01-15,LIT,4317,65.46350860595703
2021-01-15,TAN,2518,106.26555633544922
2021-01-15,REMX,4289,64.77449798583984
2021-01-15,COPX,9805,28.374208450317383
2021-01-15,XLE,16048,17.35057258605957
2021-01-19,TQQQ,43770,22.001222610473633
2021-01-19,LIT,4274,66.35502624511719
2021-01-19,TAN,2549,113.33402252197266
2021-01-19,REMX,4279,67.28923797607422
2021-01-19,COPX,9914,28.73752784729004
2021-01-19,XLE,16129,17.699615478515625
2021-01-20,TQQQ,43166,23.53486442565918
2021-01-20,LIT,4335,67.65872955322266
2021-01-20,TAN,2572,114.10945892333984
2021-01-20,REMX,4218,69.9650650024414
2021-01-20,COPX,10050,29.24262809753418
2021-01-20,XLE,16534,17.764551162719727
2021-01-21,TQQQ,42284,24.119789123535156
2021-01-21,LIT,4414,68.49273681640625
2021-01-21,TAN,2606,120.72061157226562
2021-01-21,REMX,4156,73.96537017822266
2021-01-21,COPX,10250,29.286935806274414
2021-01-21,XLE,17115,17.163881301879883
2021-01-22,TQQQ,42005,23.90103530883789
2021-01-22,LIT,4394,68.85700225830078
2021-01-22,TAN,2550,120.40248107910156
2021-01-22,REMX,4091,72.68562316894531
2021-01-22,COPX,10459,28.71094512939453
2021-01-22,XLE,17918,17.07459259033203
2021-01-25,TQQQ,41507,24.564428329467773
2021-01-25,LIT,4423,69.19251251220703
2021-01-25,TAN,2513,118.3048095703125
2021-01-25,REMX,4135,74.09960174560547
2021-01-25,COPX,10699,28.179258346557617
2021-01-25,XLE,18190,16.900068283081055
2021-01-26,TQQQ,41328,24.5905818939209
2021-01-26,LIT,4412,68.62693786621094
2021-01-26,TAN,2562,116.9129867553711
2021-01-26,REMX,4118,73.96537017822266
2021-01-26,COPX,10877,27.727327346801758
2021-01-26,XLE,17933,16.53885269165039
2021-01-27,TQQQ,40921,22.607545852661133
2021-01-27,LIT,4378,66.34542846679688
2021-01-27,TAN,2647,109.85446166992188
2021-01-27,REMX,4066,70.58255004882812
2021-01-27,COPX,10968,26.37153434753418
2021-01-27,XLE,18169,16.315629959106445
2021-01-28,TQQQ,41846,22.940427780151367
2021-01-28,LIT,4370,65.86613464355469
2021-01-28,TAN,2601,111.52465057373047
2021-01-28,REMX,4138,69.34756469726562
2021-01-28,COPX,10676,27.257675170898438
2021-01-28,XLE,17404,16.506378173828125
2021-01-29,TQQQ,42099,21.511404037475586
2021-01-29,LIT,4413,62.865684509277344
2021-01-29,TAN,2560,108.05503845214844
2021-01-29,REMX,4139,66.39431762695312
2021-01-29,COPX,10466,26.31836700439453
2021-01-29,XLE,17510,15.95847225189209
2021-02-01,TQQQ,39663,23.092601776123047
2021-02-01,LIT,4392,63.89139938354492
2021-02-01,TAN,2570,109.85446166992188
2021-02-01,REMX,4189,68.55108642578125
2021-02-01,COPX,10315,27.922279357910156
2021-02-01,XLE,17433,16.072107315063477
2021-02-02,TQQQ,36647,24.21014404296875
2021-02-02,LIT,4462,66.73846435546875
2021-02-02,TAN,2572,115.21297454833984
2021-02-02,REMX,4162,71.28954315185547
2021-02-02,COPX,10542,27.603271484375
2021-02-02,XLE,17891,16.24662971496582
2021-02-03,TQQQ,36251,23.931949615478516
2021-02-03,LIT,4462,66.4604721069336
2021-02-03,TAN,2597,115.87905883789062
2021-02-03,REMX,4132,72.83776092529297
2021-02-03,COPX,10829,27.833667755126953
2021-02-03,XLE,18373,16.940650939941406
2021-02-04,TQQQ,37007,24.77842140197754
2021-02-04,LIT,4558,65.14716339111328
2021-02-04,TAN,2565,114.36795043945312
2021-02-04,REMX,4168,71.01212310791016
2021-02-04,COPX,10723,27.709609985351562
2021-02-04,XLE,17516,17.12735366821289
2021-02-05,TQQQ,35471,25.03759765625
2021-02-05,LIT,4106,64.85000610351562
2021-02-05,TAN,2317,116.00830841064453
2021-02-05,REMX,3865,68.37210845947266
2021-02-05,XLE,15302,17.27345848083496
2021-02-05,USO,6944,38.189998626708984
2021-02-08,TQQQ,36731,25.52741050720215
2021-02-08,LIT,4104,66.42212677001953
2021-02-08,TAN,2310,118.29486846923828
2021-02-08,REMX,3839,72.95409393310547
2021-02-08,XLE,15369,17.995893478393555
2021-02-08,USO,7001,38.939998626708984
2021-02-09,TQQQ,37159,25.515520095825195
2021-02-09,LIT,4058,67.79292297363281
2021-02-09,TAN,2299,121.22763061523438
2021-02-09,REMX,3676,74.55601501464844
2021-02-09,XLE,15252,17.80514144897461
2021-02-09,USO,7036,39.16999816894531
2021-02-10,TQQQ,37586,25.33481216430664
2021-02-10,LIT,4041,67.61079406738281
2021-02-10,TAN,2261,119.01065826416016
2021-02-10,REMX,3658,75.1556167602539
2021-02-10,XLE,15516,18.14606285095215
2021-02-10,USO,7064,39.279998779296875
2021-02-11,TQQQ,37641,25.74378204345703
2021-02-11,LIT,4082,68.23390197753906
2021-02-11,TAN,2293,120.64108276367188
2021-02-11,REMX,3636,75.02137756347656
2021-02-11,XLE,15268,17.86602020263672
2021-02-11,USO,7025,38.970001220703125
2021-02-12,TQQQ,37619,26.181289672851562
2021-02-12,LIT,4230,68.72278594970703
2021-02-12,TAN,2426,120.61125946044922
2021-02-12,REMX,3836,75.95209503173828
2021-02-12,USO,7400,39.939998626708984
2021-02-12,COPX,9581,30.270549774169922
2021-02-16,TQQQ,37789,25.96253776550293
2021-02-16,LIT,4235,71.23435974121094
2021-02-16,TAN,2442,117.75801849365234
2021-02-16,REMX,3783,81.33953094482422
2021-02-16,USO,7412,40.45000076293945
2021-02-16,COPX,9428,32.11371994018555
2021-02-17,TQQQ,39825,25.601119995117188
2021-02-17,LIT,4138,70.0840072631836
2021-02-17,TAN,2519,115.02407836914062
2021-02-17,REMX,3557,82.60137176513672
2021-02-17,USO,7319,40.88999938964844
2021-02-17,COPX,9135,32.627685546875
2021-02-18,TQQQ,40194,25.256349563598633
2021-02-18,LIT,4324,65.43474578857422
2021-02-18,TAN,2635,107.65737915039062
2021-02-18,REMX,3555,79.37964630126953
2021-02-18,USO,7036,40.27000045776367
2021-02-18,COPX,8782,32.92897415161133
2021-02-19,TQQQ,40666,24.923460006713867
2021-02-19,LIT,4473,65.48268127441406
2021-02-19,TAN,2644,109.99364471435547
2021-02-19,REMX,3610,81.29476928710938
2021-02-19,USO,7270,39.68000030517578
2021-02-19,COPX,8636,34.86075973510742
2021-02-22,TQQQ,42469,22.99273681640625
2021-02-22,LIT,4744,63.37373733520508
2021-02-22,TAN,2867,100.36026000976562
2021-02-22,REMX,3697,83.52313995361328
2021-02-22,USO,7511,41.279998779296875
2021-02-22,COPX,8417,35.74689865112305
2021-02-23,TQQQ,43225,22.788253784179688
2021-02-23,LIT,4695,61.916648864746094
2021-02-23,TAN,3002,99.9725341796875
2021-02-23,REMX,3603,80.13138580322266
2021-02-23,USO,6976,41.619998931884766
2021-02-23,COPX,8160,35.879817962646484
2021-02-24,TQQQ,43147,23.337512969970703
2021-02-24,LIT,4751,63.0382194519043
2021-02-24,TAN,2919,102.73628997802734
2021-02-24,REMX,3716,81.25003814697266
2021-02-24,USO,6930,42.5
2021-02-24,COPX,8218,35.62284469604492
2021-02-25,TQQQ,41831,20.900331497192383
2021-02-25,LIT,4771,58.465660095214844
2021-02-25,TAN,2903,97.07953643798828
2021-02-25,REMX,3703,73.83113098144531
2021-02-25,USO,6998,42.459999084472656
2021-02-25,COPX,8293,34.07209014892578
2021-02-26,TQQQ,42264,21.214191436767578
2021-02-26,LIT,4841,58.24517822265625
2021-02-26,TAN,2861,100.72809600830078
2021-02-26,REMX,3814,74.52915954589844
2021-02-26,USO,6687,41.310001373291016
2021-02-26,COPX,8363,32.76947021484375
2021-03-01,TQQQ,42364,23.064069747924805
2021-03-01,TAN,2706,106.44450378417969
2021-03-01,REMX,3636,78.6368637084961
2021-03-01,USO,6831,40.599998474121094
2021-03-01,COPX,8436,33.584720611572266
2021-03-01,XLE,14065,20.04955291748047
2021-03-02,TQQQ,40627,21.958423614501953
2021-03-02,TAN,2736,100.40995788574219
2021-03-02,REMX,3722,76.20268249511719
2021-03-02,USO,6997,40.06999969482422
2021-03-02,COPX,8604,33.566993713378906
2021-03-02,XLE,14239,19.939973831176758
2021-03-03,TQQQ,43568,20.05385398864746
2021-03-03,TAN,2784,93.94793701171875
2021-03-03,REMX,3556,76.40850067138672
2021-03-03,USO,6827,41.13999938964844
2021-03-03,COPX,8297,33.68218994140625
2021-03-03,XLE,13895,20.23219108581543
2021-03-04,TQQQ,45259,19.06233024597168
2021-03-04,TAN,2875,88.61924743652344
2021-03-04,REMX,3542,71.02107238769531
2021-03-04,USO,6389,43.06999969482422
2021-03-04,COPX,8069,31.333919525146484
2021-03-04,XLE,13103,20.715164184570312
2021-03-05,TQQQ,43992,19.91594123840332
2021-03-05,TAN,2922,86.96894836425781
2021-03-05,REMX,3716,68.9448471069336
2021-03-05,USO,6001,44.439998626708984
2021-03-05,COPX,8307,32.246646881103516
2021-03-05,XLE,12417,21.490358352661133
2021-03-08,TQQQ,41129,18.213478088378906
2021-03-08,REMX,3572,67.05655670166016
2021-03-08,USO,5538,43.5
2021-03-08,COPX,7592,32.08713912963867
2021-03-08,XLE,11259,21.530948638916016
2021-03-08,XLF,7939,30.934871673583984
2021-03-09,TQQQ,41202,20.358203887939453
2021-03-09,REMX,3602,69.34756469726562
2021-03-09,USO,5543,43.11000061035156
2021-03-09,COPX,7520,32.175758361816406
2021-03-09,XLE,11322,21.15349578857422
2021-03-09,XLF,7899,30.653982162475586
2021-03-10,TQQQ,37897,20.18463134765625
2021-03-10,REMX,3616,67.1371078491211
2021-03-10,USO,5772,43.7400016784668
2021-03-10,COPX,7747,32.25551223754883
2021-03-10,XLE,11791,21.689233779907227
2021-03-10,XLF,8111,31.27920150756836
2021-03-11,TQQQ,38035,21.58511734008789
2021-03-11,REMX,3579,72.50663757324219
2021-03-11,USO,5744,44.599998474121094
2021-03-11,COPX,7619,33.98347473144531
2021-03-11,XLE,11605,21.69734764099121
2021-03-11,XLF,8106,31.18857765197754
2021-03-12,TQQQ,38035,21.047746658325195
2021-03-12,REMX,3507,71.94284057617188
2021-03-12,USO,5679,44.349998474121094
2021-03-12,COPX,7528,33.73536682128906
2021-03-12,XLE,11588,21.741994857788086
2021-03-12,XLF,7984,31.505727767944336
2021-03-15,TQQQ,37612,21.720645904541016
2021-03-15,REMX,3279,71.99652862548828
2021-03-15,USO,5428,44.2599983215332
2021-03-15,COPX,7063,33.584720611572266
2021-03-15,XLE,10984,21.494417190551758
2021-03-15,XLF,7535,31.32449722290039
2021-03-16,TQQQ,36068,22.077306747436523
2021-03-16,REMX,3369,69.58024597167969
2021-03-16,USO,5522,43.83000183105469
2021-03-16,COPX,7181,32.90238952636719
2021-03-16,XLE,11384,20.881568908691406
2021-03-16,XLF,7721,30.998306274414062
2021-03-17,TQQQ,36700,22.35550880432129
2021-03-17,REMX,3401,71.10161590576172
2021-03-17,USO,5413,43.81999969482422
2021-03-17,COPX,7200,33.27457046508789
2021-03-17,XLE,11358,21.043914794921875
2021-03-17,XLF,7573,31.20670509338379
2021-03-18,TQQQ,36863,20.303516387939453
2021-03-18,REMX,3359,69.11488342285156
2021-03-18,USO,5501,40.470001220703125
2021-03-18,COPX,7109,32.57451629638672
2021-03-18,XLE,11341,20.098255157470703
2021-03-18,XLF,7504,31.36980628967285
2021-03-19,TQQQ,36131,20.56268882751465
2021-03-19,REMX,3315,69.04328918457031
2021-03-19,USO,5612,41.77000045776367
2021-03-19,COPX,7088,32.08713912963867
2021-03-19,XLE,11406,20.102313995361328
2021-03-19,XLF,7363,31.00735855102539
2021-03-22,TQQQ,35313,21.65882682800293
2021-03-22,REMX,3217,68.73900604248047
2021-03-22,USO,5299,41.709999084472656
2021-03-22,COPX,6932,32.30866622924805
2021-03-22,XLE,11089,19.909534454345703
2021-03-22,XLF,7226,30.607810974121094
2021-03-23,TQQQ,34043,21.37587547302246
2021-03-23,REMX,3304,63.02941131591797
2021-03-23,USO,5535,39.369998931884766
2021-03-23,COPX,7023,30.5806941986084
2021-03-23,XLE,11431,19.618316650390625
2021-03-23,XLF,7329,30.180049896240234
2021-03-24,TQQQ,33591,20.296384811401367
2021-03-24,REMX,3516,60.96214294433594
2021-03-24,USO,5424,41.45000076293945
2021-03-24,COPX,7190,30.09332275390625
2021-03-24,XLE,11080,20.110519409179688
2021-03-24,XLF,7260,30.289262771606445
2021-03-25,TQQQ,35850,20.187007904052734
2021-03-25,REMX,3540,62.295570373535156
2021-03-25,USO,5266,39.88999938964844
2021-03-25,COPX,7183,29.889511108398438
2021-03-25,XLE,10777,20.184349060058594
2021-03-25,XLF,7040,30.798938751220703
2021-03-26,TQQQ,40816,21.078657150268555
2021-03-26,REMX,3386,65.4904556274414
2021-03-26,USO,5261,41.529998779296875
2021-03-26,COPX,7141,31.227584838867188
2021-03-26,XLE,10593,20.684755325317383
2021-03-26,XLF,6995,31.281314849853516
2021-03-29,TQQQ,38456,21.066768646240234
2021-03-29,REMX,3705,64.6044692993164
2021-03-29,USO,5870,41.91999816894531
2021-03-29,COPX,7762,31.076936721801758
2021-03-29,XLE,11802,20.438655853271484
2021-03-29,XLF,7847,31.00826644897461
2021-03-30,TQQQ,43939,20.767173767089844
2021-03-30,REMX,3671,66.501708984375
2021-03-30,USO,5844,41.16999816894531
2021-03-30,COPX,7785,31.316198348999023
2021-03-30,XLE,11889,20.26228141784668
2021-03-30,XLF,7716,31.22671127319336
2021-03-31,TQQQ,43573,21.699247360229492
2021-03-31,REMX,3637,67.1102523803711
2021-03-31,USO,5939,40.529998779296875
2021-03-31,COPX,7733,31.511146545410156
2021-03-31,XLE,12040,20.122819900512695
2021-03-31,XLF,7812,30.990066528320312
2021-04-01,TQQQ,42135,22.802518844604492
2021-04-01,REMX,3661,68.29154968261719
2021-04-01,USO,6051,41.84000015258789
2021-04-01,COPX,7866,32.26436233520508
2021-04-01,XLE,12414,20.635534286499023
2021-04-01,XLF,8109,31.372316360473633
2021-04-05,TQQQ,41560,24.17209815979004
2021-04-05,REMX,3685,68.58687591552734
2021-04-05,USO,6232,40.279998779296875
2021-04-05,COPX,7849,33.185951232910156
2021-04-05,XLE,12471,20.143333435058594
2021-04-05,XLF,8101,31.618051528930664
2021-04-06,TQQQ,40683,24.115032196044922
2021-04-06,USO,7146,40.70000076293945
2021-04-06,XLE,14531,20.090009689331055
2021-04-06,XLRE,8769,33.700252532958984
2021-04-06,SMH,2373,123.04425048828125
2021-04-06,XLC,4084,72.1447525024414
2021-04-07,TQQQ,40655,24.293365478515625
2021-04-07,USO,7226,40.86000061035156
2021-04-07,XLE,14577,20.159740447998047
2021-04-07,XLRE,8690,33.74192428588867
2021-04-07,SMH,2380,122.76287078857422
2021-04-07,XLC,4060,72.70231628417969
2021-04-08,TQQQ,39862,25.051862716674805
2021-04-08,USO,7340,40.81999969482422
2021-04-08,XLE,14904,19.897232055664062
2021-04-08,XLRE,8830,33.57521438598633
2021-04-08,SMH,2398,124.52389526367188
2021-04-08,XLC,4082,72.71178436279297
2021-04-09,TQQQ,39945,25.506010055541992
2021-04-09,USO,7297,40.63999938964844
2021-04-09,XLE,14900,19.765979766845703
2021-04-09,XLRE,8813,33.625221252441406
2021-04-09,SMH,2396,124.2328109741211
2021-04-09,XLC,4091,72.69287109375
2021-04-12,TQQQ,39529,25.406143188476562
2021-04-12,USO,7261,40.900001525878906
2021-04-12,XLE,15032,19.610116958618164
2021-04-12,XLRE,8893,33.825286865234375
2021-04-12,SMH,2424,122.79197692871094
2021-04-12,XLC,4135,72.39990234375
2021-04-13,TQQQ,39025,26.27640151977539
2021-04-13,USO,7299,41.400001525878906
2021-04-13,XLE,1,19.6306209564209
2021-04-13,XLRE,8919,34.02532958984375
2021-04-13,XLC,4151,72.49440002441406
2021-04-13,IXP,3971,76.21846771240234
2021-04-13,XLF,9444,31.827394485473633
2021-04-14,TQQQ,38599,25.353832244873047
2021-04-14,USO,7238,43.040000915527344
2021-04-14,XLRE,8969,33.81694030761719
2021-04-14,XLC,4211,71.74781799316406
2021-04-14,IXP,4004,75.55387878417969
2021-04-14,XLF,9609,32.018524169921875
2021-04-15,TQQQ,39034,26.47374725341797
2021-04-15,USO,7073,43.27000045776367
2021-04-15,XLRE,8955,34.458770751953125
2021-04-15,XLC,4214,72.66452026367188
2021-04-15,IXP,4003,76.59172821044922
2021-04-15,XLF,9490,31.9912109375
2021-04-16,TQQQ,38731,26.58550453186035
2021-04-16,USO,7133,43.18000030517578
2021-04-16,XLRE,8934,34.50880813598633
2021-04-16,XLC,4243,72.61723327636719
2021-04-16,IXP,4017,76.79202270507812
2021-04-16,XLF,9580,32.21875762939453
2021-04-19,USO,7093,43.31999969482422
2021-04-19,XLRE,8881,34.61714172363281
2021-04-19,XLC,4233,72.21089935302734
2021-04-19,IXP,4005,76.37323760986328
2021-04-19,XLF,9518,32.12773895263672
2021-04-19,UVXY,89,11850.0
2021-04-20,USO,7230,42.7400016784668
2021-04-20,XLRE,9072,35.00057601928711
2021-04-20,XLF,9814,31.527048110961914
2021-04-20,COPX,8955,33.9746208190918
2021-04-20,XLE,15861,19.306589126586914
2021-04-20,TQQQ,40643,25.294389724731445
2021-04-21,USO,7318,41.77000045776367
2021-04-21,XLRE,8725,35.15895080566406
2021-04-21,XLF,9736,31.963912963867188
2021-04-21,COPX,9033,34.53288269042969
2021-04-21,XLE,16046,19.552690505981445
2021-04-21,TQQQ,40834,25.934001922607422
2021-04-22,USO,7411,42.09000015258789
2021-04-22,XLRE,8914,35.0089111328125
2021-04-22,XLF,9805,31.608963012695312
2021-04-22,COPX,9058,33.93917465209961
2021-04-22,XLE,15935,19.322994232177734
2021-04-22,TQQQ,40388,24.99003791809082
2021-04-23,USO,7353,42.459999084472656
2021-04-23,XLRE,8780,35.20897674560547
2021-04-23,XLF,9750,32.20055389404297
2021-04-23,COPX,8973,34.754425048828125
2021-04-23,XLE,15935,19.49936866760254
2021-04-23,TQQQ,40859,25.931623458862305
2021-04-26,USO,7530,42.33000183105469
2021-04-26,XLRE,8899,35.283992767333984
2021-04-26,XLF,9735,32.327964782714844
2021-04-26,COPX,8890,35.986148834228516
2021-04-26,XLE,16195,19.6306209564209
2021-04-26,TQQQ,40350,26.445215225219727
2021-04-27,USO,7486,43.11000061035156
2021-04-27,XLF,9863,32.582794189453125
2021-04-27,COPX,8844,35.89753723144531
2021-04-27,XLE,16205,19.868518829345703
2021-04-27,TQQQ,40160,26.098066329956055
2021-04-27,XLI,3405,94.12165069580078
2021-04-28,USO,7331,43.529998779296875
2021-04-28,XLF,9735,32.710227966308594
2021-04-28,COPX,8901,36.01274490356445
2021-04-28,XLE,15909,20.553499221801758
2021-04-28,TQQQ,40802,25.829378128051758
2021-04-28,XLI,3385,93.92804718017578
2021-04-29,USO,7312,44.2599983215332
2021-04-29,XLF,9862,33.29270553588867
2021-04-29,COPX,8886,35.95071029663086
2021-04-29,XLE,15595,20.783191680908203
2021-04-29,TQQQ,40747,26.08855628967285
2021-04-29,XLI,3440,94.59178924560547
2021-04-30,USO,7314,43.27000045776367
2021-04-30,XLF,9584,33.001461029052734
2021-04-30,COPX,8868,34.96709442138672
2021-04-30,XLE,15488,20.258182525634766
2021-04-30,TQQQ,41455,25.59874153137207
2021-04-30,XLI,3375,93.96493530273438
2021-05-03,USO,7326,43.97999954223633
2021-05-03,XLF,9588,33.165283203125
2021-05-03,COPX,9042,35.44560623168945
2021-05-03,XLE,15574,20.81600570678711
2021-05-03,TQQQ,41138,25.180261611938477
2021-05-03,XLI,3371,94.932861328125
2021-05-04,XLF,9532,33.42922592163086
2021-05-04,COPX,8824,35.89753723144531
2021-05-04,XLE,15090,20.82830810546875
2021-05-04,TQQQ,42648,23.85348129272461
2021-05-04,XLI,3326,95.34771728515625
2021-05-04,XLB,8368,38.239654541015625
2021-05-05,XLF,9421,33.70227813720703
2021-05-05,COPX,8695,37.26219940185547
2021-05-05,XLE,14981,21.500988006591797
2021-05-05,TQQQ,43393,23.575286865234375
2021-05-05,XLI,3305,95.43988800048828
2021-05-05,XLB,8228,38.7243766784668
2021-05-06,XLF,9303,34.202850341796875
2021-05-06,COPX,8380,37.92680740356445
2021-05-06,XLE,14643,21.611730575561523
2021-05-06,TQQQ,44625,24.09125518798828
2021-05-06,XLI,3290,96.1036376953125
2021-05-06,XLB,8113,39.05201721191406
2021-05-07,XLF,9532,34.38486862182617
2021-05-07,COPX,8372,39.282596588134766
2021-05-07,XLE,15068,21.997291564941406
2021-05-07,TQQQ,43460,24.68092918395996
2021-05-07,XLI,3361,97.11769104003906
2021-05-07,XLB,8251,39.438011169433594
2021-05-10,XLF,9454,34.35756301879883
2021-05-10,COPX,8009,39.87631607055664
2021-05-10,XLE,14673,22.005491256713867
2021-05-10,TQQQ,44694,22.826297760009766
2021-05-10,XLI,3347,97.2098388671875
2021-05-10,XLB,8192,39.26297378540039
2021-05-11,XLF,9011,33.74777603149414
2021-05-11,COPX,7859,39.87631607055664
2021-05-11,XLE,14225,21.439456939697266
2021-05-11,TQQQ,47419,22.71217155456543
2021-05-11,XLI,3185,95.77174377441406
2021-05-11,XLB,7869,39.39313507080078
2021-05-12,XLF,9046,33.40193557739258
2021-05-12,COPX,7753,38.254676818847656
2021-05-12,XLE,14278,21.542003631591797
2021-05-12,TQQQ,47393,20.98354721069336
2021-05-12,XLI,3222,93.47633361816406
2021-05-12,XLB,7841,38.40122604370117
2021-05-13,XLF,9097,33.938899993896484
2021-05-13,COPX,7988,37.12928009033203
2021-05-13,XLE,14223,21.279497146606445
2021-05-13,TQQQ,46839,21.425809860229492
2021-05-13,XLI,3236,95.22787475585938
2021-05-13,XLB,7870,38.989192962646484
2021-05-14,XLF,9019,34.47587966918945
2021-05-14,COPX,8327,37.20903015136719
2021-05-14,XLE,14301,21.939863204956055
2021-05-14,TQQQ,46458,22.819164276123047
2021-05-14,XLI,3208,96.5461196899414
2021-05-14,XLB,7860,39.45596694946289
2021-05-17,XLF,9063,34.53959274291992
2021-05-17,COPX,8368,37.62551498413086
2021-05-17,XLE,14248,22.44847297668457
2021-05-17,TQQQ,46202,22.433969497680664
2021-05-17,XLI,3236,96.2511215209961
2021-05-17,XLB,7889,39.80155563354492
2021-05-18,XLF,9120,34.05722427368164
2021-05-18,XLE,14042,21.92755699157715
2021-05-18,TQQQ,46344,21.963178634643555
2021-05-18,XLI,3270,94.84989166259766
2021-05-18,XLB,7893,39.361698150634766
2021-05-18,GDX,8480,36.97612762451172
2021-05-19,XLF,8903,33.847896575927734
2021-05-19,XLE,13996,21.382036209106445
2021-05-19,TQQQ,47927,22.044021606445312
2021-05-19,XLI,3196,94.31521606445312
2021-05-19,XLB,7722,38.760292053222656
2021-05-19,GDX,8176,36.42564010620117
2021-05-20,XLF,9107,33.866092681884766
2021-05-20,XLE,14445,21.349224090576172
2021-05-20,TQQQ,46013,23.31848907470703
2021-05-20,XLI,3268,94.52725219726562
2021-05-20,XLB,7951,38.78273010253906
2021-05-20,GDX,8465,36.86416244506836
2021-05-21,XLF,9333,34.202850341796875
2021-05-21,XLE,14719,21.39434242248535
2021-05-21,TQQQ,44699,22.93329620361328
2021-05-21,XLI,3338,94.9881820678711
2021-05-21,XLB,8138,38.868003845214844
2021-05-21,GDX,8559,36.658897399902344
2021-05-24,XLF,9213,34.36666488647461
2021-05-24,XLE,14689,21.607633590698242
2021-05-24,TQQQ,45008,24.081741333007812
2021-05-24,XLI,3311,95.57817840576172
2021-05-24,XLB,8094,39.213600158691406
2021-05-24,GDX,8611,36.789520263671875
2021-05-25,XLF,9362,34.02082443237305
2021-05-25,TQQQ,43958,24.19825553894043
2021-05-25,XLI,3361,95.29239654541016
2021-05-25,XLB,8198,38.88147735595703
2021-05-25,GDX,8772,36.873497009277344
2021-05-25,XLRE,9009,35.7757682800293
2021-05-26,XLF,9406,34.12092590332031
2021-05-26,TQQQ,43993,24.443161010742188
2021-05-26,XLI,3366,95.59659576416016
2021-05-26,XLB,8258,38.89493179321289
2021-05-26,GDX,8677,36.81751251220703
2021-05-26,XLRE,8963,35.859130859375
2021-05-27,XLF,9353,34.51228713989258
2021-05-27,TQQQ,44095,24.1578311920166
2021-05-27,XLI,3339,96.90565490722656
2021-05-27,XLB,8212,39.20462417602539
2021-05-27,GDX,8790,36.58425521850586
2021-05-27,XLRE,8952,35.81745529174805
2021-05-28,XLF,9317,34.575992584228516
2021-05-28,TQQQ,44052,24.393226623535156
2021-05-28,XLI,3323,96.90565490722656
2021-05-28,XLB,8219,39.16423416137695
2021-05-28,GDX,8877,36.780189514160156
2021-05-28,XLRE,8963,36.05918884277344
2021-06-01,XLF,9336,34.78532791137695
2021-06-01,TQQQ,44014,24.155452728271484
2021-06-01,XLI,3332,97.28359985351562
2021-06-01,XLB,8229,39.7117919921875
2021-06-01,GDX,8816,36.84550476074219
2021-06-01,XLRE,8996,36.67601013183594
2021-06-02,TQQQ,44554,24.281469345092773
2021-06-02,XLB,8151,39.37967300415039
2021-06-02,GDX,8776,36.892154693603516
2021-06-02,XLRE,8815,37.1844596862793
2021-06-02,COPX,8710,36.70392608642578
2021-06-02,LIT,4966,65.37722778320312
2021-06-03,TQQQ,44833,23.518218994140625
2021-06-03,XLB,8138,39.370689392089844
2021-06-03,GDX,8830,35.613895416259766
2021-06-03,XLRE,8590,37.10944747924805
2021-06-03,COPX,8815,35.720314025878906
2021-06-03,LIT,4912,64.36112213134766
2021-06-04,TQQQ,44662,24.723735809326172
2021-06-04,XLB,8109,39.45596694946289
2021-06-04,GDX,8910,36.089744567871094
2021-06-04,XLRE,8609,37.14279556274414
2021-06-04,COPX,8856,36.34061050415039
2021-06-04,LIT,4913,66.2591552734375
2021-06-07,TQQQ,43978,24.942487716674805
2021-06-07,XLB,8219,38.97572326660156
2021-06-07,GDX,9020,36.0617561340332
2021-06-07,XLRE,8723,37.49287796020508
2021-06-07,COPX,8950,35.52536392211914
2021-06-07,LIT,4926,65.82778930664062
2021-06-08,TQQQ,43045,24.971017837524414
2021-06-08,XLB,8392,39.04753112792969
2021-06-08,GDX,9126,35.548587799072266
2021-06-08,XLRE,8711,37.69293212890625
2021-06-08,COPX,9218,35.38357925415039
2021-06-08,LIT,4988,65.44434356689453
2021-06-09,TQQQ,43065,24.999547958374023
2021-06-09,XLB,8386,38.742332458496094
2021-06-09,GDX,9180,35.455284118652344
2021-06-09,XLRE,8639,37.73461151123047
2021-06-09,LIT,4988,65.19509887695312
2021-06-09,XLF,9455,34.36666488647461
2021-06-10,TQQQ,43372,25.765186309814453
2021-06-10,XLB,8356,38.508949279785156
2021-06-10,GDX,9183,36.34166717529297
2021-06-10,XLRE,8640,38.1180419921875
2021-06-10,LIT,4910,66.17288970947266
2021-06-10,XLF,9412,33.96620178222656
2021-06-11,TQQQ,42708,25.96967124938965
2021-06-11,XLB,8516,38.652565002441406
2021-06-11,GDX,9148,35.716529846191406
2021-06-11,XLRE,8655,37.87630844116211
2021-06-11,LIT,4934,67.38072967529297
2021-06-11,XLF,9705,34.18464660644531
2021-06-14,TQQQ,42260,26.697256088256836
2021-06-14,XLB,8573,38.17681884765625
2021-06-14,GDX,9428,35.483272552490234
2021-06-14,XLRE,8723,38.09303665161133
2021-06-14,LIT,4900,67.20819091796875
2021-06-14,XLF,9687,33.829681396484375
2021-06-15,TQQQ,41712,26.202686309814453
2021-06-15,XLB,8717,38.096031188964844
2021-06-15,GDX,9386,35.07273864746094
2021-06-15,XLRE,8749,37.742942810058594
2021-06-15,LIT,4960,66.66178131103516
2021-06-15,XLF,9849,33.89339828491211
2021-06-16,TQQQ,41714,25.922117233276367
2021-06-16,XLRE,8703,37.40119552612305
2021-06-16,LIT,5076,64.04479217529297
2021-06-16,USO,6737,48.75
2021-06-16,XLE,14306,22.924270629882812
2021-06-16,IGV,4392,74.31672668457031
2021-06-17,TQQQ,42156,26.889854431152344
2021-06-17,XLRE,8701,37.54289627075195
2021-06-17,LIT,5008,65.11841583251953
2021-06-17,USO,6637,48.040000915527344
2021-06-17,XLE,14199,22.14495086669922
2021-06-17,IGV,4398,75.60228729248047
2021-06-18,TQQQ,41190,26.24786376953125
2021-06-18,XLRE,8767,36.95106887817383
2021-06-18,LIT,4992,65.44434356689453
2021-06-18,USO,6840,48.36000061035156
2021-06-18,XLE,15096,21.488679885864258
2021-06-18,IGV,4332,75.84820556640625
2021-06-21,TQQQ,41370,26.728168487548828
2021-06-21,XLRE,8797,37.68513870239258
2021-06-21,LIT,4990,65.89488983154297
2021-06-21,USO,6747,49.36000061035156
2021-06-21,XLE,15070,22.4044132232666
2021-06-21,IGV,4323,76.14010620117188
2021-06-22,TQQQ,41373,27.474777221679688
2021-06-22,XLRE,8792,37.51736068725586
2021-06-22,LIT,5063,65.79902648925781
2021-06-22,USO,6724,49.41999816894531
2021-06-22,XLE,14830,22.553585052490234
2021-06-22,IGV,4347,76.97382354736328
2021-06-23,TQQQ,40959,27.522335052490234
2021-06-23,XLRE,9004,37.39991760253906
2021-06-23,LIT,5060,67.34239196777344
2021-06-23,USO,6741,49.720001220703125
2021-06-23,XLE,1,22.61573600769043
2021-06-23,IGV,4382,76.97382354736328
2021-06-23,XLC,4465,75.5501480102539
2021-06-24,TQQQ,40505,28.028791427612305
2021-06-24,XLRE,9063,37.22372055053711
2021-06-24,LIT,5069,67.16983795166016
2021-06-24,USO,6884,49.84000015258789
2021-06-24,IGV,4402,77.65958404541016
2021-06-24,XLC,4481,76.26021575927734
2021-06-25,TQQQ,40500,27.940814971923828
2021-06-25,XLRE,9177,37.492191314697266
2021-06-25,LIT,5023,68.07093811035156
2021-06-25,USO,6843,50.25
2021-06-25,IGV,4410,77.69557189941406
2021-06-25,XLC,4488,76.35488891601562
2021-06-28,TQQQ,40608,28.929956436157227
2021-06-28,XLRE,9158,37.50896453857422
2021-06-28,LIT,5021,69.10623168945312
2021-06-28,USO,6871,49.540000915527344
2021-06-28,IGV,4359,78.63925170898438
2021-06-28,XLC,4494,77.2164077758789
2021-06-29,TQQQ,40085,29.255699157714844
2021-06-29,XLRE,9276,37.48379898071289
2021-06-29,LIT,5046,69.00647735595703
2021-06-29,USO,6959,49.88999938964844
2021-06-29,IGV,4409,78.99913024902344
2021-06-29,XLC,4500,76.79985809326172
2021-06-30,TQQQ,39825,29.12730598449707
2021-06-30,XLRE,9317,37.1901741027832
2021-06-30,LIT,5045,69.49562072753906
2021-06-30,USO,6993,49.880001068115234
2021-06-30,IGV,4417,77.98147583007812
2021-06-30,XLE,15786,22.32154655456543
2021-07-01,TQQQ,40189,29.141572952270508
2021-07-01,XLRE,9412,37.341182708740234
2021-07-01,LIT,5037,69.10240936279297
2021-07-01,USO,6835,50.619998931884766
2021-07-01,IGV,4480,78.02745819091797
2021-07-01,XLE,15330,22.711042404174805
2021-07-02,TQQQ,39642,30.130714416503906
2021-07-02,XLRE,9407,37.51736068725586
2021-07-02,LIT,5101,69.11198425292969
2021-07-02,USO,6979,50.93000030517578
2021-07-02,IGV,4467,79.04910278320312
2021-07-02,XLE,15584,22.66131591796875
2021-07-06,TQQQ,39210,30.534931182861328
2021-07-06,XLRE,9505,37.852935791015625
2021-07-06,LIT,5092,69.831298828125
2021-07-06,USO,7041,49.900001525878906
2021-07-06,IGV,4497,79.892822265625
2021-07-06,XLE,15782,21.92375946044922
2021-07-07,XLRE,9530,38.0458869934082
2021-07-07,LIT,5008,72.31534576416016
2021-07-07,USO,7232,48.65999984741211
2021-07-07,IGV,4487,79.91082763671875
2021-07-07,XLE,16469,21.567411422729492
2021-07-07,UVXY,173,7040.0
2021-07-08,XLRE,10016,38.01233673095703
2021-07-08,LIT,5272,72.68939208984375
2021-07-08,USO,7775,49.52000045776367
2021-07-08,XLE,17876,21.443099975585938
2021-07-08,UVXY,159,7722.5
2021-07-08,REMX,4739,80.3461685180664
2021-07-09,XLRE,9781,38.51569366455078
2021-07-09,LIT,5072,74.9912109375
2021-07-09,USO,7472,50.40999984741211
2021-07-09,XLE,17203,21.898897171020508
2021-07-09,REMX,4505,85.6799087524414
2021-07-09,TQQQ,41454,30.708499908447266
2021-07-12,XLRE,9965,38.85126495361328
2021-07-12,LIT,4974,78.23292541503906
2021-07-12,USO,7682,50.310001373291016
2021-07-12,XLE,17720,21.86574935913086
2021-07-12,REMX,4381,89.12535095214844
2021-07-12,TQQQ,41121,31.09370231628418
2021-07-13,XLRE,9954,38.3479118347168
2021-07-13,LIT,4962,77.2354736328125
2021-07-13,USO,7630,51.150001525878906
2021-07-13,XLE,17713,21.70000648498535
2021-07-13,REMX,4319,87.10282897949219
2021-07-13,TQQQ,41432,31.077056884765625
2021-07-14,XLRE,10080,38.6834831237793
2021-07-14,LIT,5055,75.3940200805664
2021-07-14,USO,7568,49.70000076293945
2021-07-14,XLE,17775,21.05360221862793
2021-07-14,REMX,4479,85.29508209228516
2021-07-14,TQQQ,40673,31.24587059020996
2021-07-15,XLRE,9874,38.74221420288086
2021-07-15,LIT,5014,76.53533935546875
2021-07-15,USO,7767,49.040000915527344
2021-07-15,REMX,4352,87.85456848144531
2021-07-15,TQQQ,40703,30.5991268157959
2021-07-15,XLK,5189,73.01860046386719
2021-07-16,XLRE,9760,38.784156799316406
2021-07-16,LIT,5026,74.04170227050781
2021-07-16,USO,7679,49.13999938964844
2021-07-16,REMX,4338,85.4293212890625
2021-07-16,TQQQ,41007,29.847763061523438
2021-07-16,XLK,5185,72.29707336425781
2021-07-19,XLRE,9450,38.18013000488281
2021-07-19,LIT,5035,72.50717163085938
2021-07-19,USO,7627,45.84000015258789
2021-07-19,REMX,4317,82.59242248535156
2021-07-19,TQQQ,41792,29.132061004638672
2021-07-19,XLK,5084,71.3013687133789
2021-07-20,XLRE,9486,38.86806106567383
2021-07-20,LIT,4936,74.789794921875
2021-07-20,USO,7976,46.5099983215332
2021-07-20,REMX,4357,85.76045227050781
2021-07-20,TQQQ,41343,30.092670440673828
2021-07-20,XLK,5081,72.35961151123047
2021-07-21,XLRE,9645,38.750587463378906
2021-07-21,LIT,4851,78.22333526611328
2021-07-21,USO,7930,48.27000045776367
2021-07-21,REMX,4184,91.92646789550781
2021-07-21,TQQQ,41679,30.77984046936035
2021-07-21,XLK,5192,73.05709075927734
2021-07-22,XLRE,9929,38.4737548828125
2021-07-22,LIT,4865,78.41515350341797
2021-07-22,USO,7877,49.16999816894531
2021-07-22,REMX,4140,92.35602569580078
2021-07-22,TQQQ,41397,31.426584243774414
2021-07-22,IGV,4801,80.43864440917969
2021-07-23,XLRE,10063,38.826107025146484
2021-07-23,LIT,4994,77.05326080322266
2021-07-23,USO,7887,49.470001220703125
2021-07-23,REMX,4206,91.6221923828125
2021-07-23,TQQQ,40732,32.47039794921875
2021-07-23,IGV,4792,81.50228118896484
2021-07-26,XLRE,10101,38.826107025146484
2021-07-26,LIT,5084,77.1683349609375
2021-07-26,USO,7943,49.66999816894531
2021-07-26,REMX,4203,93.71631622314453
2021-07-26,TQQQ,40328,32.60594177246094
2021-07-26,IGV,4819,81.2883529663086
2021-07-27,XLRE,10077,39.13652420043945
2021-07-27,LIT,5227,73.69642639160156
2021-07-27,USO,7888,49.470001220703125
2021-07-27,REMX,4225,90.35140228271484
2021-07-27,TQQQ,40068,31.54071807861328
2021-07-27,IGV,4811,80.20472717285156
2021-07-28,XLRE,9891,38.901607513427734
2021-07-28,LIT,5120,76.85183715820312
2021-07-28,USO,7805,49.720001220703125
2021-07-28,REMX,4277,92.0517578125
2021-07-28,TQQQ,40562,31.885486602783203
2021-07-28,IGV,4800,80.83250427246094
2021-07-29,LIT,4974,79.30712127685547
2021-07-29,USO,7795,50.63999938964844
2021-07-29,REMX,4153,96.17735290527344
2021-07-29,TQQQ,41071,32.042415618896484
2021-07-29,IGV,4825,80.92447662353516
2021-07-29,XLK,5327,73.83633422851562
2021-07-30,LIT,4916,79.87296295166016
2021-07-30,USO,7663,50.65999984741211
2021-07-30,REMX,4052,97.31390380859375
2021-07-30,TQQQ,41776,31.562116622924805
2021-07-30,IGV,4842,80.60858917236328
2021-07-30,XLK,5296,73.7882308959961
2021-08-02,LIT,4918,79.9688720703125
2021-08-02,USO,7869,49.18000030517578
2021-08-02,REMX,4040,97.04542541503906
2021-08-02,TQQQ,41288,31.55259895324707
2021-08-02,IGV,4873,80.63056945800781
2021-08-02,XLK,5345,73.52368927001953
2021-08-03,LIT,4968,78.48229217529297
2021-08-03,USO,8096,48.849998474121094
2021-08-03,REMX,4093,94.7723159790039
2021-08-03,TQQQ,40923,32.101863861083984
2021-08-03,IGV,4822,80.67855834960938
2021-08-03,XLK,5289,73.99508666992188
2021-08-04,LIT,4832,81.99256134033203
2021-08-04,USO,8305,47.20000076293945
2021-08-04,REMX,4006,99.23797607421875
2021-08-04,TQQQ,40974,32.261165618896484
2021-08-04,IGV,4876,81.52826690673828
2021-08-04,XLK,5340,74.14419555664062
2021-08-05,LIT,4857,82.1460189819336
2021-08-05,REMX,4047,98.18197631835938
2021-08-05,TQQQ,40736,32.867488861083984
2021-08-05,IGV,4848,82.26602172851562
2021-08-05,XLK,5342,74.55307006835938
2021-08-05,SMH,3016,130.9955596923828
2021-08-06,LIT,4820,82.91327667236328
2021-08-06,REMX,3989,99.93602752685547
2021-08-06,TQQQ,40756,32.43949508666992
2021-08-06,IGV,4872,81.88414764404297
2021-08-06,XLK,5352,74.49052429199219
2021-08-06,SMH,3058,130.29214477539062
2021-08-09,LIT,4838,82.21317291259766
2021-08-09,REMX,4038,98.69208526611328
2021-08-09,TQQQ,40722,32.613075256347656
2021-08-09,IGV,4844,81.92613220214844
2021-08-09,XLK,5333,74.25000762939453
2021-08-09,SMH,3047,129.89918518066406
2021-08-10,LIT,4873,82.1076431274414
2021-08-10,REMX,4028,100.57141876220703
2021-08-10,TQQQ,40533,32.125640869140625
2021-08-10,IGV,4861,80.9344711303711
2021-08-10,XLK,5355,73.71607971191406
2021-08-10,SMH,3056,128.23516845703125
2021-08-11,LIT,4774,82.95164489746094
2021-08-11,REMX,3878,102.0032958984375
2021-08-11,TQQQ,40952,31.95206642150879
2021-08-11,IGV,4890,80.7285385131836
2021-08-11,XLK,5390,73.7256851196289
2021-08-11,SMH,3096,127.89559173583984
2021-08-12,LIT,4734,83.3065185546875
2021-08-12,REMX,3854,101.95854949951172
2021-08-12,TQQQ,41228,32.28494644165039
2021-08-12,IGV,4899,81.5262680053711
2021-08-12,XLK,5344,74.14900207519531
2021-08-12,SMH,3094,126.49838256835938
2021-08-13,LIT,4786,82.53923797607422
2021-08-13,REMX,3884,101.1352310180664
2021-08-13,TQQQ,40881,32.608314514160156
2021-08-13,IGV,4871,81.74420166015625
2021-08-13,XLK,5352,74.55307006835938
2021-08-13,SMH,3137,127.32312774658203
2021-08-16,LIT,4927,78.6549301147461
2021-08-16,REMX,4044,95.21083068847656
2021-08-16,TQQQ,40485,32.665382385253906
2021-08-16,IGV,4831,81.1543960571289
2021-08-16,XLK,5279,74.88976287841797
2021-08-16,SMH,3096,126.7749252319336
2021-08-17,LIT,5011,76.47779846191406
2021-08-17,REMX,4175,90.7630615234375
2021-08-17,TQQQ,40303,31.807022094726562
2021-08-17,IGV,4796,80.59058380126953
2021-08-17,XLK,5184,74.2692642211914
2021-08-17,SMH,3073,124.3735122680664
2021-08-18,LIT,4963,77.48484802246094
2021-08-18,REMX,4177,93.19725036621094
2021-08-18,TQQQ,40447,30.882078170776367
2021-08-18,IGV,4757,80.22671508789062
2021-08-18,XLK,5184,73.24470520019531
2021-08-18,SMH,3090,122.7677230834961
2021-08-19,LIT,4839,78.30966186523438
2021-08-19,REMX,4075,92.5618667602539
2021-08-19,TQQQ,41225,31.321956634521484
2021-08-19,IGV,4728,80.78852081298828
2021-08-19,XLK,5159,73.96139526367188
2021-08-19,XLRE,9683,39.245574951171875
2021-08-20,LIT,4928,78.53024291992188
2021-08-20,REMX,4185,92.2038803100586
2021-08-20,TQQQ,40488,32.28969955444336
2021-08-20,IGV,4741,81.76618957519531
2021-08-20,XLK,5171,74.91383361816406
2021-08-20,XLRE,9787,39.43014144897461
2021-08-23,LIT,4911,80.87042236328125
2021-08-23,REMX,4098,97.31390380859375
2021-08-23,TQQQ,40274,33.728233337402344
2021-08-23,IGV,4804,83.09374237060547
2021-08-23,XLK,5240,75.88068389892578
2021-08-23,XLRE,9953,39.27913284301758
2021-08-24,LIT,4945,81.4650650024414
2021-08-24,REMX,4070,99.60491180419922
2021-08-24,TQQQ,39688,34.06111526489258
2021-08-24,IGV,4833,83.64154815673828
2021-08-24,XLK,5313,75.79408264160156
2021-08-24,XLRE,10252,38.985511779785156
2021-08-25,LIT,4959,81.74320220947266
2021-08-25,REMX,4057,100.78620147705078
2021-08-25,TQQQ,39546,34.099159240722656
2021-08-25,IGV,4821,83.8294906616211
2021-08-25,XLK,5327,75.75077819824219
2021-08-25,XLRE,10382,38.94356155395508
2021-08-26,LIT,4984,79.98805236816406
2021-08-26,REMX,4046,98.0745849609375
2021-08-26,TQQQ,39605,33.5213623046875
2021-08-26,IGV,4803,83.4576187133789
2021-08-26,XLK,5328,75.27457427978516
2021-08-26,QQQ,1112,361.053466796875
2021-08-27,LIT,4975,81.56097412109375
2021-08-27,REMX,4095,99.57805633544922
2021-08-27,TQQQ,39608,34.50099182128906
2021-08-27,IGV,4782,84.73717498779297
2021-08-27,XLK,5315,76.00091552734375
2021-08-27,QQQ,1108,364.5629577636719
2021-08-30,LIT,4992,82.11724090576172
2021-08-30,REMX,4003,102.7729263305664
2021-08-30,TQQQ,39418,35.644691467285156
2021-08-30,IGV,4824,85.1270523071289
2021-08-30,XLK,5385,76.81865692138672
2021-08-30,QQQ,1123,368.6540832519531
2021-08-31,LIT,5082,82.06929016113281
2021-08-31,REMX,3962,105.9051513671875
2021-08-31,TQQQ,38946,35.544830322265625
2021-08-31,IGV,4914,84.60523223876953
2021-08-31,XLK,5429,76.41459655761719
2021-08-31,QQQ,1131,368.3536376953125
2021-09-01,LIT,5178,80.72657012939453
2021-09-01,REMX,4072,102.59394836425781
2021-09-01,TQQQ,38584,35.73979949951172
2021-09-01,IGV,4888,84.89512634277344
2021-09-01,XLK,5414,76.433837890625
2021-09-01,QQQ,1124,368.96435546875
2021-09-02,LIT,5219,80.19906616210938
2021-09-02,REMX,4049,104.02581787109375
2021-09-02,TQQQ,38479,35.68987274169922
2021-09-02,IGV,4893,84.81114959716797
2021-09-02,XLK,5436,76.3520736694336
2021-09-02,QQQ,1126,368.7898864746094
2021-09-03,LIT,5210,79.07691955566406
2021-09-03,REMX,4035,102.11067962646484
2021-09-03,TQQQ,38794,36.010860443115234
2021-09-03,IGV,4848,85.60488891601562
2021-09-03,XLK,5398,76.65509033203125
2021-09-03,QQQ,1120,369.92413330078125
2021-09-07,LIT,5129,81.56097412109375
2021-09-07,REMX,4024,103.81104278564453
2021-09-07,TQQQ,38678,36.15828323364258
2021-09-07,IGV,4900,84.68919372558594
2021-09-07,XLK,5448,76.6743392944336
2021-09-07,QQQ,1129,370.44757080078125
2021-09-08,LIT,5124,80.5443344116211
2021-09-08,REMX,4052,101.64532470703125
2021-09-08,TQQQ,38558,35.78734588623047
2021-09-08,IGV,4930,84.15138244628906
2021-09-08,XLK,5447,76.38091278076172
2021-09-08,QQQ,1128,369.1582336425781
2021-09-09,LIT,5147,81.36915588378906
2021-09-09,REMX,4064,103.74839782714844
2021-09-09,TQQQ,38563,35.404537200927734
2021-09-09,IGV,4934,84.00942993164062
2021-09-09,XLK,5425,76.0923080444336
2021-09-09,QQQ,1123,367.88824462890625
2021-09-10,LIT,5080,81.64727783203125
2021-09-10,REMX,3966,105.07288360595703
2021-09-10,TQQQ,38816,34.60799789428711
2021-09-10,IGV,4943,83.49360656738281
2021-09-10,XLK,5464,75.3419189453125
2021-09-10,QQQ,1131,365.09613037109375
2021-09-13,LIT,5069,80.28536987304688
2021-09-13,REMX,3915,103.64996337890625
2021-09-13,TQQQ,39106,34.529537200927734
2021-09-13,IGV,4925,82.4399642944336
2021-09-13,XLK,5452,75.36598205566406
2021-09-13,QQQ,1127,364.84405517578125
2021-09-14,LIT,4985,82.33782196044922
2021-09-14,REMX,3936,105.12657928466797
2021-09-14,TQQQ,39232,34.23231506347656
2021-09-14,IGV,4963,82.62389373779297
2021-09-14,XLK,5434,75.269775390625
2021-09-14,QQQ,1123,363.8067626953125
2021-09-15,LIT,4940,83.45996856689453
2021-09-15,REMX,3849,107.91873931884766
2021-09-15,TQQQ,39665,34.99081039428711
2021-09-15,IGV,4957,83.4336166381836
2021-09-15,XLK,5415,75.92877197265625
2021-09-15,QQQ,1123,366.5115661621094
2021-09-16,LIT,5048,80.659423828125
2021-09-16,REMX,3915,102.95191192626953
2021-09-16,TQQQ,39372,35.05976867675781
2021-09-16,IGV,4915,83.94544982910156
2021-09-16,XLK,5403,75.9720687866211
2021-09-16,QQQ,1120,366.76361083984375
2021-09-17,LIT,5083,80.1319351196289
2021-09-17,REMX,4027,100.81304931640625
2021-09-17,TQQQ,39087,33.82096481323242
2021-09-17,XLK,5405,74.78875732421875
2021-09-17,SMH,3070,131.47100830078125
2021-09-17,BOTZ,10624,38.499969482421875
2021-09-20,LIT,5029,76.19966125488281
2021-09-20,REMX,3993,93.54627227783203
2021-09-20,TQQQ,40170,31.740447998046875
2021-09-20,XLK,5267,73.426513671875
2021-09-20,SMH,3017,128.26913452148438
2021-09-20,BOTZ,10346,37.65098571777344
2021-09-21,LIT,5052,77.44647216796875
2021-09-21,REMX,4081,95.13922882080078
2021-09-21,TQQQ,40139,31.780858993530273
2021-09-21,XLK,5247,73.45543670654297
2021-09-21,SMH,3003,128.54080200195312
2021-09-21,BOTZ,10191,38.19393539428711
2021-09-22,LIT,4980,79.14407348632812
2021-09-22,REMX,3992,98.54889678955078
2021-09-22,TQQQ,40484,32.71055603027344
2021-09-22,XLK,5273,74.46253204345703
2021-09-22,SMH,3013,130.8597412109375
2021-09-22,BOTZ,10193,38.20381546020508
2021-09-23,LIT,4984,80.22782897949219
2021-09-23,REMX,3989,100.25819396972656
2021-09-23,TQQQ,40168,33.61885452270508
2021-09-23,XLK,5317,75.45999145507812
2021-09-23,SMH,3021,132.5043487548828
2021-09-23,BOTZ,10348,38.88496398925781
2021-09-24,LIT,4976,79.69073486328125
2021-09-24,REMX,4014,98.29830932617188
2021-09-24,TQQQ,40151,33.713966369628906
2021-09-24,XLK,5298,75.51300811767578
2021-09-24,BOTZ,10348,38.272911071777344
2021-09-24,IGV,4735,84.44727325439453
2021-09-27,LIT,4944,79.6619644165039
2021-09-27,REMX,4126,96.39212799072266
2021-09-27,TQQQ,39992,32.90077590942383
2021-09-27,XLK,5266,74.78056335449219
2021-09-27,BOTZ,10419,37.82868194580078
2021-09-27,IGV,4697,83.02775573730469
2021-09-28,LIT,4914,77.07244110107422
2021-09-28,REMX,4074,92.46341705322266
2021-09-28,TQQQ,40426,30.15686798095703
2021-09-28,XLK,5201,72.56400299072266
2021-09-28,BOTZ,10369,36.48611831665039
2021-09-28,IGV,4699,80.01678466796875
2021-09-29,LIT,4860,76.46820068359375
2021-09-29,REMX,4086,90.28875732421875
2021-09-29,TQQQ,41002,29.957138061523438
2021-09-29,XLK,5137,72.472412109375
2021-09-29,BOTZ,10209,36.24919128417969
2021-09-29,IGV,4650,79.83285522460938
2021-09-30,LIT,4751,78.60697174072266
2021-09-30,REMX,4063,92.3739242553711
2021-09-30,TQQQ,41159,29.61949920654297
2021-09-30,XLK,5146,71.9520263671875
2021-09-30,BOTZ,10303,36.10111618041992
2021-09-30,IGV,4673,79.80086517333984
2021-10-01,LIT,4741,78.00274658203125
2021-10-01,REMX,3995,92.23968505859375
2021-10-01,TQQQ,41526,30.159242630004883
2021-10-01,BOTZ,10339,35.656890869140625
2021-10-01,USO,7050,53.2599983215332
2021-10-01,XLF,10743,35.010074615478516
2021-10-04,LIT,4790,75.47076416015625
2021-10-04,REMX,4027,87.97985076904297
2021-10-04,TQQQ,41559,28.304611206054688
2021-10-04,BOTZ,10543,34.324195861816406
2021-10-04,USO,6859,54.4900016784668
2021-10-04,XLF,10610,34.707237243652344
2021-10-05,LIT,4725,77.80134582519531
2021-10-05,REMX,4059,90.97785186767578
2021-10-05,TQQQ,42489,29.393613815307617
2021-10-05,BOTZ,10498,34.79804229736328
2021-10-05,USO,6580,55.630001068115234
2021-10-05,XLF,10400,35.38633346557617
2021-10-06,LIT,4746,76.76551055908203
2021-10-06,REMX,4046,89.94868469238281
2021-10-06,TQQQ,42293,29.97378158569336
2021-10-06,BOTZ,10633,34.768428802490234
2021-10-06,USO,6624,54.15999984741211
2021-10-06,XLF,10347,35.423030853271484
2021-10-07,LIT,4832,78.35760498046875
2021-10-07,REMX,4091,93.42098236083984
2021-10-07,TQQQ,40932,30.784595489501953
2021-10-07,BOTZ,10744,35.183040618896484
2021-10-07,USO,6989,55.36000061035156
2021-10-07,XLF,10549,35.63411331176758
2021-10-08,REMX,4025,91.91751861572266
2021-10-08,TQQQ,40191,30.31142234802246
2021-10-08,BOTZ,10606,34.97573471069336
2021-10-08,USO,6724,55.470001220703125
2021-10-08,XLF,10502,35.8084716796875
2021-10-08,XLE,16105,23.7250919342041
2021-10-11,REMX,3979,94.32486724853516
2021-10-11,TQQQ,41922,29.63852310180664
2021-10-11,BOTZ,10594,34.74868392944336
2021-10-11,USO,6583,56.18000030517578
2021-10-11,XLF,10347,35.45056915283203
2021-10-11,XLE,15421,23.63701629638672
2021-10-12,REMX,3961,95.01394653320312
2021-10-12,TQQQ,41337,29.3365478515625
2021-10-12,BOTZ,10615,34.985599517822266
2021-10-12,USO,6569,56.11000061035156
2021-10-12,XLF,10448,35.3404541015625
2021-10-12,XLE,15680,23.657991409301758
2021-10-13,REMX,3867,97.7882080078125
2021-10-13,TQQQ,41688,30.023714065551758
2021-10-13,BOTZ,10511,35.4397087097168
2021-10-13,USO,6654,56.15999984741211
2021-10-13,XLF,10478,35.1385612487793
2021-10-13,XLE,15762,23.63701629638672
2021-10-14,REMX,3823,99.69439697265625
2021-10-14,TQQQ,41594,31.68099594116211
2021-10-14,BOTZ,10544,36.505859375
2021-10-14,USO,6702,56.810001373291016
2021-10-14,XLF,10686,35.72588348388672
2021-10-14,XLE,15884,23.926401138305664
2021-10-15,REMX,3657,101.35000610351562
2021-10-15,TQQQ,38410,32.26829147338867
2021-10-15,BOTZ,9960,37.06855392456055
2021-10-15,USO,6442,57.150001525878906
2021-10-15,XLE,15243,24.04383087158203
2021-10-15,COPX,10519,35.37706756591797
2021-10-18,REMX,3617,102.20018005371094
2021-10-18,TQQQ,38958,33.23604202270508
2021-10-18,BOTZ,10084,36.85137176513672
2021-10-18,USO,6398,56.959999084472656
2021-10-18,XLE,15212,24.060606002807617
2021-10-18,COPX,10440,35.688560485839844
2021-10-19,REMX,3668,103.12195587158203
2021-10-19,TQQQ,40133,33.965999603271484
2021-10-19,BOTZ,10146,37.127784729003906
2021-10-19,USO,6624,57.41999816894531
2021-10-19,XLE,15599,24.333209991455078
2021-10-19,COPX,10532,35.56395721435547
2021-10-20,REMX,3648,104.17796325683594
2021-10-20,TQQQ,39735,33.8590087890625
2021-10-20,BOTZ,10255,36.95009231567383
2021-10-20,USO,6660,58.119998931884766
2021-10-20,XLE,15721,24.530330657958984
2021-10-20,COPX,10691,35.59956359863281
2021-10-21,REMX,3620,103.19354248046875
2021-10-21,TQQQ,40019,34.465328216552734
2021-10-21,BOTZ,10282,36.644065856933594
2021-10-21,USO,6546,57.40999984741211
2021-10-21,XLE,15484,24.077381134033203
2021-10-21,COPX,10856,34.424781799316406
2021-10-22,REMX,3938,101.4305419921875
2021-10-22,TQQQ,39546,33.59270477294922
2021-10-22,USO,7009,58.029998779296875
2021-10-22,XLE,16747,24.303857803344727
2021-10-22,LIT,4794,84.25599670410156
2021-10-22,XLF,10956,37.27678680419922
2021-10-25,REMX,3981,105.9051513671875
2021-10-25,TQQQ,39878,34.60086441040039
2021-10-25,USO,6964,57.83000183105469
2021-10-25,XLE,16536,24.660343170166016
2021-10-25,LIT,4733,87.5265121459961
2021-10-25,XLF,10887,37.230899810791016
2021-10-26,REMX,3879,105.39505004882812
2021-10-26,TQQQ,39318,34.92423629760742
2021-10-26,USO,7162,58.45000076293945
2021-10-26,XLE,16810,24.802934646606445
2021-10-26,LIT,4765,86.81678009033203
2021-10-26,XLF,11145,37.258426666259766
2021-10-27,REMX,3915,102.97876739501953
2021-10-27,TQQQ,39292,35.20004653930664
2021-10-27,USO,7175,56.900001525878906
2021-10-27,XLE,16856,24.0899658203125
2021-10-27,LIT,4717,86.4235610961914
2021-10-27,XLF,11128,36.64358139038086
2021-10-28,REMX,4020,103.22933959960938
2021-10-28,TQQQ,38428,36.35563659667969
2021-10-28,USO,7247,57.400001525878906
2021-10-28,XLE,17195,24.261919021606445
2021-10-28,LIT,4778,87.47854614257812
2021-10-28,XLF,11198,37.09324645996094
2021-10-29,TQQQ,38841,36.893009185791016
2021-10-29,USO,7278,57.150001525878906
2021-10-29,XLE,16952,24.102548599243164
2021-10-29,XLF,11130,36.946407318115234
2021-10-29,XLY,4346,96.4496841430664
2021-10-29,TAN,4250,98.52105712890625
2021-11-01,TQQQ,38136,37.256797790527344
2021-11-01,USO,7318,57.529998779296875
2021-11-01,XLE,17411,24.517745971679688
2021-11-01,XLF,11392,36.964759826660156
2021-11-01,XLY,4362,98.2190170288086
2021-11-01,TAN,4263,99.94271087646484
2021-11-02,TQQQ,38040,37.753753662109375
2021-11-02,USO,7387,57.529998779296875
2021-11-02,XLE,17370,24.287080764770508
2021-11-02,XLF,11454,37.05653381347656
2021-11-02,XLY,4348,97.55731964111328
2021-11-02,TAN,4260,96.73158264160156
2021-11-03,TQQQ,37188,38.95212173461914
2021-11-03,USO,7526,55.34000015258789
2021-11-03,XLE,17616,24.085769653320312
2021-11-03,XLF,11444,37.19419860839844
2021-11-03,XLY,4334,99.31224060058594
2021-11-03,TAN,4475,96.58245849609375
2021-11-04,USO,7567,54.91999816894531
2021-11-04,XLE,17742,24.119321823120117
2021-11-04,XLF,11703,36.70780944824219
2021-11-04,XLY,4345,100.65003967285156
2021-11-04,TAN,4485,96.79122924804688
2021-11-04,UVXY,401,3735.0
2021-11-05,USO,7845,56.54999923706055
2021-11-05,XLE,17857,24.433870315551758
2021-11-05,XLY,4311,101.29735565185547
2021-11-05,TAN,4509,95.20057678222656
2021-11-05,UVXY,396,3937.5
2021-11-05,BOTZ,11016,39.24034881591797
2021-11-08,USO,7864,57.09000015258789
2021-11-08,XLE,18060,24.656143188476562
2021-11-08,XLY,4440,99.8636703491211
2021-11-08,TAN,4607,96.0356674194336
2021-11-08,UVXY,386,3942.5
2021-11-08,BOTZ,11271,39.31932067871094
2021-11-09,USO,7912,57.970001220703125
2021-11-09,XLE,18338,24.756797790527344
2021-11-09,XLY,4516,98.01763916015625
2021-11-09,TAN,4684,95.27017211914062
2021-11-09,UVXY,378,4047.5
2021-11-09,BOTZ,11456,38.92445373535156
2021-11-10,USO,7886,56.31999969482422
2021-11-10,XLE,18485,24.102548599243164
2021-11-10,XLY,4679,97.6532211303711
2021-11-10,TAN,4861,92.64559173583984
2021-11-10,BOTZ,12120,37.325218200683594
2021-11-10,TQQQ,39261,37.82270050048828
2021-11-11,USO,8057,56.220001220703125
2021-11-11,XLE,18850,24.19481086730957
2021-11-11,XLY,4608,97.38948822021484
2021-11-11,TAN,4820,98.04387664794922
2021-11-11,BOTZ,12010,37.40419006347656
2021-11-11,TQQQ,39173,38.129432678222656
2021-11-12,USO,8135,55.97999954223633
2021-11-12,XLE,18844,24.136098861694336
2021-11-12,TAN,4626,99.02808380126953
2021-11-12,TQQQ,39328,39.339698791503906
2021-11-12,LIT,4942,91.88078308105469
2021-11-12,SMH,3129,146.07351684570312
2021-11-15,USO,8297,56.06999969482422
2021-11-15,XLE,19057,24.337404251098633
2021-11-15,TAN,4637,97.427490234375
2021-11-15,TQQQ,38601,39.32781219482422
2021-11-15,LIT,5098,89.44468688964844
2021-11-15,SMH,3126,145.87945556640625
2021-11-16,USO,8140,56.20000076293945
2021-11-16,XLE,18675,24.37515640258789
2021-11-16,TAN,4665,96.94036102294922
2021-11-16,TQQQ,38896,40.1410026550293
2021-11-16,LIT,5129,88.74455261230469
2021-11-16,SMH,3133,147.77146911621094
2021-11-17,USO,8263,55.0
2021-11-17,XLE,19124,24.001893997192383
2021-11-17,TAN,4747,96.572509765625
2021-11-17,TQQQ,38242,40.18854904174805
2021-11-17,LIT,5153,89.396728515625
2021-11-17,SMH,3123,146.8933868408203
2021-11-18,USO,8384,55.54999923706055
2021-11-18,XLE,19385,23.859298706054688
2021-11-18,TAN,4780,94.4549560546875
2021-11-18,TQQQ,37909,41.41783905029297
2021-11-18,LIT,5181,89.11859130859375
2021-11-18,SMH,3089,150.5076141357422
2021-11-19,USO,8485,53.779998779296875
2021-11-19,XLE,19934,22.92824363708496
2021-11-19,TAN,4933,97.54679107666016
2021-11-19,TQQQ,36976,42.119266510009766
2021-11-19,SMH,3097,151.45849609375
2021-11-19,XLY,4610,101.37406921386719
2021-11-22,USO,8705,54.45000076293945
2021-11-22,XLE,20518,23.335058212280273
2021-11-22,TAN,4789,95.468994140625
2021-11-22,TQQQ,36749,40.65935134887695
2021-11-22,SMH,3090,149.1735076904297
2021-11-22,XLY,4607,101.11995697021484
2021-11-23,USO,8283,56.20000076293945
2021-11-23,XLE,19428,24.052217483520508
2021-11-23,TAN,4843,92.91401672363281
2021-11-23,TQQQ,37996,40.10532760620117
2021-11-23,SMH,3095,148.0916748046875
2021-11-23,XLY,4538,100.38633728027344
2021-11-24,USO,8116,55.880001068115234
2021-11-24,XLE,18929,24.287080764770508
2021-11-24,TAN,4886,93.15260314941406
2021-11-24,TQQQ,38407,40.47625732421875
2021-11-24,SMH,3088,149.58587646484375
2021-11-24,XLY,4559,100.59249114990234
2021-11-26,USO,8555,49.630001068115234
2021-11-26,XLE,19395,23.309892654418945
2021-11-26,TAN,4950,90.14031219482422
2021-11-26,TQQQ,37634,38.24355697631836
2021-11-26,SMH,3050,145.24879455566406
2021-11-26,XLY,4526,97.84981536865234
2021-11-29,XLE,18872,23.444093704223633
2021-11-29,TAN,4918,91.79061889648438
2021-11-29,TQQQ,37907,40.61891555786133
2021-11-29,SMH,3043,151.08009338378906
2021-11-29,XLY,4533,99.36981201171875
2021-11-29,LIT,5001,90.2695083618164
2021-11-30,XLE,19651,22.89469337463379
2021-11-30,TAN,4974,88.96720123291016
2021-11-30,TQQQ,37350,38.87366485595703
2021-11-30,SMH,3005,147.91702270507812
2021-11-30,XLY,4559,98.02722930908203
2021-11-30,LIT,5029,89.18572998046875
2021-12-01,XLE,19308,22.65144157409668
2021-12-01,TAN,4975,85.89525604248047
2021-12-01,TQQQ,37559,36.87873458862305
2021-12-01,SMH,3002,147.39309692382812
2021-12-01,XLY,4563,96.25789642333984
2021-12-01,LIT,5025,87.60322570800781
2021-12-02,XLE,18822,23.309892654418945
2021-12-02,TAN,4967,85.82566833496094
2021-12-02,TQQQ,38968,37.57304000854492
2021-12-02,SMH,2927,147.77633666992188
2021-12-02,XLY,4408,97.6292495727539
2021-12-02,LIT,4868,88.08277130126953
2021-12-03,XLE,18549,23.125356674194336
2021-12-03,TAN,5059,81.6800308227539
2021-12-03,TQQQ,38394,35.68511199951172
2021-12-03,SMH,2944,146.09776306152344
2021-12-03,XLY,4471,95.73045349121094
2021-12-03,LIT,4998,85.29183197021484
2021-12-06,XLE,17928,23.46926498413086
2021-12-06,TQQQ,39183,36.51970291137695
2021-12-06,SMH,2897,145.53985595703125
2021-12-06,XLY,4380,96.8237075805664
2021-12-06,LIT,4990,85.03287506103516
2021-12-06,XLK,5275,80.32682037353516
2021-12-07,XLE,18440,24.01866912841797
2021-12-07,TQQQ,38029,39.81285858154297
2021-12-07,SMH,2946,152.59852600097656
2021-12-07,XLY,4458,99.08211517333984
2021-12-07,LIT,5112,85.56037902832031
2021-12-07,XLK,5356,83.13127136230469
2021-12-08,XLE,18594,24.01447868347168
2021-12-08,TQQQ,33678,40.36689376831055
2021-12-08,SMH,2959,151.93875122070312
2021-12-08,XLY,4529,99.33142852783203
2021-12-08,LIT,5165,88.18827819824219
2021-12-08,XLK,5400,83.5119400024414
2021-12-09,XLE,18791,23.829944610595703
2021-12-09,TQQQ,33616,38.623992919921875
2021-12-09,SMH,2971,148.26145935058594
2021-12-09,XLY,4532,97.61005401611328
2021-12-09,LIT,5154,85.52202606201172
2021-12-09,XLK,5383,82.61083984375
2021-12-10,XLE,18520,24.006084442138672
2021-12-10,TQQQ,34071,39.81999969482422
2021-12-10,SMH,2956,149.20262145996094
2021-12-10,XLY,4547,98.29096221923828
2021-12-10,LIT,5151,86.75922393798828
2021-12-10,XLK,5344,84.26847076416016
2021-12-13,XLE,16671,23.339252471923828
2021-12-13,TQQQ,33203,38.10802459716797
2021-12-13,SMH,2650,145.33126831054688
2021-12-13,XLY,4059,95.75923919677734
2021-12-13,LIT,4594,84.47660827636719
2021-12-13,XLK,4698,83.015625
2021-12-14,XLE,16315,23.242786407470703
2021-12-14,TQQQ,34166,36.97385025024414
2021-12-14,SMH,2638,144.49200439453125
2021-12-14,XLY,3997,95.20303344726562
2021-12-14,LIT,4557,83.21060180664062
2021-12-14,XLK,4615,81.6519546508789
2021-12-15,XLE,16340,23.12955665588379
2021-12-15,TQQQ,33729,39.42053985595703
2021-12-15,SMH,2622,150.4687957763672
2021-12-15,XLY,3997,96.41134643554688
2021-12-15,LIT,4589,83.70933532714844
2021-12-15,XLK,4640,83.81552124023438
2021-12-16,XLE,16920,23.27634048461914
2021-12-16,TQQQ,31085,36.41269302368164
2021-12-16,SMH,2611,143.92921447753906
2021-12-16,XLY,4074,94.28238677978516
2021-12-16,LIT,4646,82.69269561767578
2021-12-16,XLK,4692,81.43992614746094
2021-12-17,XLE,16128,22.80242919921875
2021-12-17,TQQQ,32475,35.8563117980957
2021-12-17,SMH,2612,143.25489807128906
2021-12-17,XLY,3987,93.63986206054688
2021-12-17,LIT,4576,82.23233795166016
2021-12-17,XLK,4628,80.89542388916016
2021-12-20,XLE,14986,22.519920349121094
2021-12-20,TQQQ,32143,34.78394317626953
2021-12-20,SMH,2352,142.17848205566406
2021-12-20,XLRE,7966,41.947608947753906
2021-12-20,XLU,11145,30.150300979614258
2021-12-20,XLB,8498,38.97835159301758
2021-12-21,XLE,14897,23.16140365600586
2021-12-21,TQQQ,31123,37.1093864440918
2021-12-21,SMH,2334,147.31427001953125
2021-12-21,XLRE,8023,42.18584060668945
2021-12-21,XLU,11204,30.106935501098633
2021-12-21,XLB,8631,39.46978759765625
2021-12-22,XLE,14822,23.310091018676758
2021-12-22,TQQQ,28790,38.433780670166016
2021-12-22,SMH,2348,149.0652313232422
2021-12-22,XLRE,8121,42.60276412963867
2021-12-22,XLU,11432,30.23702621459961
2021-12-22,XLB,8717,39.78376770019531
2021-12-23,XLE,14946,23.322839736938477
2021-12-23,TQQQ,27697,39.346832275390625
2021-12-23,SMH,2342,150.34796142578125
2021-12-23,XLRE,8197,42.47513961791992
2021-12-23,XLU,11566,30.232696533203125
2021-12-23,XLB,8781,40.18419647216797
2021-12-27,XLE,15205,23.832624435424805
2021-12-27,TQQQ,27031,41.227622985839844
2021-12-27,SMH,2342,154.39613342285156
2021-12-27,XLRE,8298,43.343021392822266
2021-12-27,XLU,11686,30.380123138427734
2021-12-27,XLB,8769,40.789398193359375
2021-12-28,XLE,1,23.81563377380371
2021-12-28,TQQQ,28143,40.7425651550293
2021-12-28,SMH,2264,152.87442016601562
2021-12-28,XLRE,8095,43.530216217041016
2021-12-28,XLB,8605,41.0260124206543
2021-12-28,XLY,3552,98.56778717041016
2021-12-28,XLK,4106,84.83826446533203
2021-12-29,TQQQ,29011,40.678367614746094
2021-12-29,SMH,2281,152.85003662109375
2021-12-29,XLRE,7987,43.79397964477539
2021-12-29,XLB,8498,41.19437789916992
2021-12-29,XLY,3526,98.76469421386719
2021-12-29,XLK,4105,84.91067504882812
2021-12-30,TQQQ,31841,40.29792404174805
2021-12-30,SMH,2281,151.1136932373047
2021-12-30,XLRE,7944,43.98967742919922
2021-12-30,XLB,8451,41.048770904541016
2021-12-30,XLY,3537,98.40930938720703
2021-12-30,XLK,4100,84.35065460205078
2021-12-31,TQQQ,33220,39.5489387512207
2021-12-31,SMH,2288,150.60646057128906
2021-12-31,XLRE,7864,44.08328628540039
2021-12-31,XLB,8446,41.23078918457031
2021-12-31,XLY,3514,98.17401885986328
2021-12-31,XLK,4106,83.94027709960938
2022-01-03,TQQQ,34517,40.69025421142578
2022-01-03,SMH,2282,153.92791748046875
2022-01-03,XLRE,7833,43.67485046386719
2022-01-03,XLB,8393,40.69384002685547
2022-01-03,XLY,3464,100.99284362792969
2022-01-03,XLK,4121,84.73688507080078
2022-01-04,TQQQ,35065,39.10905838012695
2022-01-04,SMH,2779,153.1280059814453
2022-01-04,XLRE,9814,43.50468444824219
2022-01-04,XLY,4248,100.37815856933594
2022-01-04,XLK,5063,83.83890533447266
2022-01-04,REMX,3933,110.41678619384766
2022-01-05,TQQQ,36853,35.51153564453125
2022-01-05,SMH,2752,147.8751678466797
2022-01-05,XLRE,9643,42.092254638671875
2022-01-05,XLY,4171,97.66980743408203
2022-01-05,XLK,5016,81.2608871459961
2022-01-05,REMX,3819,105.91364288330078
2022-01-06,TQQQ,38058,35.4140510559082
2022-01-06,SMH,2674,149.34323120117188
2022-01-06,XLRE,9378,42.1432991027832
2022-01-06,XLY,4051,97.41529083251953
2022-01-06,XLK,4901,80.85052490234375
2022-01-06,REMX,3756,104.7146987915039
2022-01-07,TQQQ,37818,34.256099700927734
2022-01-07,SMH,2664,144.80245971679688
2022-01-07,XLRE,9450,41.922080993652344
2022-01-07,XLY,4069,95.79218292236328
2022-01-07,XLK,4913,80.10704803466797
2022-01-07,REMX,3806,103.6290283203125
2022-01-10,TQQQ,39339,34.382110595703125
2022-01-10,SMH,2664,144.98779296875
2022-01-10,XLRE,9157,41.67533493041992
2022-01-10,XLY,4026,95.2063217163086
2022-01-10,XLK,4823,80.12152862548828
2022-01-10,REMX,3698,102.66609191894531
2022-01-11,TQQQ,39326,35.89434814453125
2022-01-11,SMH,2782,147.91416931152344
2022-01-11,XLK,5034,81.08224487304688
2022-01-11,DHS,5604,72.10112762451172
2022-01-11,XLP,5945,67.66759490966797
2022-01-11,XLE,15342,26.86161994934082
2022-01-12,TQQQ,38092,36.303314208984375
2022-01-12,SMH,2804,149.17739868164062
2022-01-12,XLK,5121,81.46365356445312
2022-01-12,DHS,5801,72.01702117919922
2022-01-12,XLP,6186,67.69405364990234
2022-01-12,XLE,15491,26.912601470947266
2022-01-13,TQQQ,38147,33.66879653930664
2022-01-13,SMH,2759,146.58267211914062
2022-01-13,XLK,5126,79.3539047241211
2022-01-13,DHS,5818,72.00019836425781
2022-01-13,XLP,6194,67.81753540039062
2022-01-13,XLE,15597,26.776657104492188
2022-01-14,TQQQ,40344,34.17762756347656
2022-01-14,SMH,2733,149.6895294189453
2022-01-14,XLK,5047,80.02497100830078
2022-01-14,DHS,5531,72.37032318115234
2022-01-14,XLP,5880,67.94103240966797
2022-01-14,XLE,14840,27.4053955078125
2022-01-18,TQQQ,40776,31.714290618896484
2022-01-18,SMH,2709,142.99298095703125
2022-01-18,XLK,5053,78.10352325439453
2022-01-18,DHS,5525,71.72257995605469
2022-01-18,XLP,5909,66.96200561523438
2022-01-18,XLE,14387,27.515850067138672
2022-01-19,TQQQ,40905,30.611019134521484
2022-01-19,SMH,2723,139.04234313964844
2022-01-19,DHS,5474,71.268310546875
2022-01-19,XLP,5860,67.3853530883789
2022-01-19,XLE,14177,27.316184997558594
2022-01-19,USO,6417,61.04999923706055
2022-01-20,TQQQ,41188,29.426898956298828
2022-01-20,SMH,2763,134.7844696044922
2022-01-20,DHS,5438,70.83087921142578
2022-01-20,XLP,5755,66.9443359375
2022-01-20,XLE,14275,27.065536499023438
2022-01-20,USO,6326,60.65999984741211
2022-01-21,TQQQ,43063,26.94929313659668
2022-01-21,SMH,2768,132.54090881347656
2022-01-21,DHS,5260,70.10740661621094
2022-01-21,XLP,5520,66.99727630615234
2022-01-21,XLE,13878,26.530258178710938
2022-01-21,USO,6101,60.779998779296875
2022-01-24,SMH,2697,134.2382049560547
2022-01-24,DHS,5049,69.97284698486328
2022-01-24,XLP,5246,66.7767562866211
2022-01-24,XLE,13516,26.708688735961914
2022-01-24,USO,5844,60.11000061035156
2022-01-24,TECL,22437,55.94765853881836
2022-01-25,SMH,2701,128.92193603515625
2022-01-25,DHS,5072,70.5287094116211
2022-01-25,XLP,5322,66.03589630126953
2022-01-25,XLE,13243,27.745254516601562
2022-01-25,USO,5881,60.970001220703125
2022-01-25,TQQQ,45738,25.32292366027832
2022-01-26,DHS,5164,70.15814208984375
2022-01-26,XLP,5551,65.53313446044922
2022-01-26,XLE,13036,27.698524475097656
2022-01-26,USO,5926,61.68000030517578
2022-01-26,COPX,10404,34.38125991821289
2022-01-26,TECL,21519,52.94221496582031
2022-01-27,DHS,5120,70.60450744628906
2022-01-27,XLP,5494,65.97413635253906
2022-01-27,XLE,12874,28.000150680541992
2022-01-27,USO,5791,61.86000061035156
2022-01-27,COPX,10556,33.913612365722656
2022-01-27,TECL,21783,51.92498016357422
2022-01-28,DHS,5066,71.21934509277344
2022-01-28,XLP,5430,66.75030517578125
2022-01-28,XLE,12812,27.88119888305664
2022-01-28,USO,5689,61.970001220703125
2022-01-28,COPX,10599,33.239112854003906
2022-01-28,TECL,22056,58.620201110839844
2022-01-31,DHS,5204,71.5478286743164
2022-01-31,XLP,5567,67.00609588623047
2022-01-31,XLE,13279,28.00439453125
2022-01-31,USO,5939,62.47999954223633
2022-01-31,COPX,11098,33.64381408691406
2022-01-31,TQQQ,41058,29.40312957763672
2022-02-01,DHS,5362,72.07001495361328
2022-02-01,XLP,5725,66.9443359375
2022-02-01,XLE,13781,29.002729415893555
2022-02-01,USO,6197,62.529998779296875
2022-02-01,COPX,11244,34.29133224487305
2022-02-01,TQQQ,35504,29.964271545410156
2022-02-02,DHS,4486,72.50797271728516
2022-02-02,XLP,4815,67.74696350097656
2022-02-02,XLE,11182,29.096193313598633
2022-02-02,USO,5140,62.52000045776367
2022-02-02,COPX,9276,34.57012176513672
2022-02-02,TQQQ,34676,30.67283821105957
2022-02-03,DHS,4315,71.97734832763672
2022-02-03,XLP,4638,67.76461791992188
2022-02-03,XLE,10793,28.8200626373291
2022-02-03,USO,5036,63.5099983215332
2022-02-03,COPX,9151,34.19239807128906
2022-02-03,TQQQ,36004,26.982585906982422
2022-02-04,DHS,4304,71.97734832763672
2022-02-04,XLP,4600,66.9355239868164
2022-02-04,XLE,10608,29.27037239074707
2022-02-04,USO,4787,64.91000366210938
2022-02-04,COPX,9126,34.417232513427734
2022-02-04,TQQQ,36124,27.914661407470703
2022-02-07,DHS,4355,72.28897094726562
2022-02-07,XLP,4669,67.05902099609375
2022-02-07,XLE,10770,29.644210815429688
2022-02-07,USO,4856,64.68000030517578
2022-02-07,COPX,9084,34.82193374633789
2022-02-07,TQQQ,34980,27.282182693481445
2022-02-08,DHS,4296,72.30581665039062
2022-02-08,XLP,4620,67.31480407714844
2022-02-08,XLE,10508,29.006982803344727
2022-02-08,USO,4874,63.619998931884766
2022-02-08,COPX,8886,35.62233352661133
2022-02-08,TQQQ,36018,28.209501266479492
2022-02-09,DHS,4062,72.54161834716797
2022-02-09,XLP,4366,67.3324203491211
2022-02-09,XLE,10157,29.249134063720703
2022-02-09,USO,4630,64.16999816894531
2022-02-09,COPX,8214,36.863399505615234
2022-02-09,TQQQ,33625,29.959516525268555
2022-02-10,DHS,4043,71.69099426269531
2022-02-10,XLP,4366,66.60917663574219
2022-02-10,XLE,10046,29.06645965576172
2022-02-10,USO,4576,63.959999084472656
2022-02-10,COPX,7932,37.0522575378418
2022-02-10,TQQQ,33763,27.971725463867188
2022-02-11,DHS,4063,71.96051788330078
2022-02-11,XLP,4367,66.37104034423828
2022-02-11,XLE,9971,29.911861419677734
2022-02-11,USO,4529,65.73999786376953
2022-02-11,COPX,7896,36.67454147338867
2022-02-11,TQQQ,32792,25.337188720703125
2022-02-14,DHS,3945,71.36251068115234
2022-02-14,XLP,4278,66.18582153320312
2022-02-14,XLE,9549,29.206649780273438
2022-02-14,USO,4370,66.36000061035156
2022-02-14,COPX,7700,36.917362213134766
2022-02-14,BSV,12665,68.70372772216797
2022-02-15,DHS,3953,71.61519622802734
2022-02-15,XLP,4244,66.30046081542969
2022-02-15,XLE,9918,28.900772094726562
2022-02-15,USO,4401,64.27999877929688
2022-02-15,COPX,7595,37.07923889160156
2022-02-15,BSV,12629,68.71240234375
2022-02-16,DHS,3608,71.94366455078125
2022-02-16,XLP,3901,66.42394256591797
2022-02-16,XLE,8872,29.134428024291992
2022-02-16,USO,3972,63.540000915527344
2022-02-16,COPX,6975,37.42098617553711
2022-02-16,TQQQ,32193,27.244140625
2022-02-17,DHS,3586,71.57306671142578
2022-02-17,XLP,3883,66.9355239868164
2022-02-17,XLE,8839,29.087697982788086
2022-02-17,USO,4043,64.16999816894531
2022-02-17,COPX,6900,36.917362213134766
2022-02-17,TQQQ,32803,24.828351974487305
2022-02-18,DHS,3541,71.49726867675781
2022-02-18,XLP,3780,67.05902099609375
2022-02-18,XLE,8816,28.909269332885742
2022-02-18,USO,4004,64.73999786376953
2022-02-18,COPX,6823,36.746482849121094
2022-02-18,BSV,11867,68.91207885742188
2022-02-22,DHS,3558,70.91161346435547
2022-02-22,XLP,3795,66.53862762451172
2022-02-22,XLE,8553,28.44196128845215
2022-02-22,USO,3810,65.54000091552734
2022-02-22,COPX,6918,36.70152282714844
2022-02-22,BSV,12497,68.83394622802734
2022-02-23,DHS,3553,70.51554870605469
2022-02-23,XLP,3795,66.00060272216797
2022-02-23,XLE,8856,28.735092163085938
2022-02-23,USO,3844,66.23999786376953
2022-02-23,COPX,6870,36.46769714355469
2022-02-23,BSV,12316,68.72111511230469
2022-02-24,DHS,3564,69.53805541992188
2022-02-24,XLE,8502,28.50994110107422
2022-02-24,USO,3555,66.33999633789062
2022-02-24,COPX,6966,36.18890380859375
2022-02-24,TECL,20006,51.138938903808594
2022-02-24,GDX,7289,32.344329833984375
2022-02-25,DHS,3757,71.82174682617188
2022-02-25,XLE,9216,29.261873245239258
2022-02-25,USO,4016,65.80000305175781
2022-02-25,COPX,7239,37.67279052734375
2022-02-25,GDX,8236,32.64811706542969
2022-02-25,BSV,12366,68.79052734375
2022-02-28,DHS,3755,71.5521011352539
2022-02-28,XLE,9169,29.984073638916016
2022-02-28,USO,3954,67.4800033569336
2022-02-28,COPX,7080,38.311317443847656
2022-02-28,GDX,8000,32.63862609863281
2022-02-28,BSV,11836,69.01625061035156
2022-03-01,DHS,3761,70.94532012939453
2022-03-01,XLE,8888,30.28570556640625
2022-03-01,USO,3823,71.81999969482422
2022-03-01,COPX,6997,38.3203125
2022-03-01,GDX,8149,34.04366683959961
2022-03-01,BSV,12781,69.25603485107422
2022-03-02,DHS,3791,72.41160583496094
2022-03-02,XLE,8818,30.97817611694336
2022-03-02,USO,3657,75.41999816894531
2022-03-02,COPX,6915,39.4444694519043
2022-03-02,GDX,8089,33.920249938964844
2022-03-02,BSV,13211,68.89986419677734
2022-03-03,XLE,8584,31.063127517700195
2022-03-03,USO,3523,74.52999877929688
2022-03-03,COPX,6580,40.361785888671875
2022-03-03,GDX,7785,34.195560455322266
2022-03-03,BSV,12733,68.93456268310547
2022-03-03,SLV,11300,23.290000915527344
2022-03-04,XLE,8525,31.959516525268555
2022-03-04,USO,3439,79.45999908447266
2022-03-04,COPX,6599,40.02003860473633
2022-03-04,GDX,7688,35.50566101074219
2022-03-04,BSV,12991,69.02149200439453
2022-03-04,SLV,11319,23.639999389648438
2022-03-07,XLE,8276,32.43106460571289
2022-03-07,USO,3344,82.37000274658203
2022-03-07,COPX,6687,38.778968811035156
2022-03-07,GDX,7468,36.41703796386719
2022-03-07,BSV,13884,68.8650894165039
2022-03-07,SLV,11351,23.700000762939453
2022-03-08,XLE,8130,32.940853118896484
2022-03-08,USO,3157,85.43000030517578
2022-03-08,COPX,6972,38.3203125
2022-03-08,GDX,7315,36.61640167236328
2022-03-08,BSV,12870,68.70869445800781
2022-03-08,SLV,11111,24.450000762939453
2022-03-09,XLE,8375,31.934022903442383
2022-03-09,USO,3322,75.47000122070312
2022-03-09,COPX,6885,38.554134368896484
2022-03-09,GDX,7600,36.198692321777344
2022-03-09,BSV,12688,68.63046264648438
2022-03-09,SLV,11099,23.799999237060547
2022-03-10,XLE,7463,32.911109924316406
2022-03-10,USO,3130,74.05999755859375
2022-03-10,COPX,6200,39.39950942993164
2022-03-10,GDX,6613,36.939178466796875
2022-03-10,BSV,11723,68.51750946044922
2022-03-10,SLV,10047,24.010000228881836
2022-03-11,XLE,7419,32.64772415161133
2022-03-11,USO,3211,76.4000015258789
2022-03-11,COPX,6143,38.59910202026367
2022-03-11,GDX,6694,36.3505859375
2022-03-11,BSV,12068,68.45670318603516
2022-03-11,SLV,10115,23.8700008392334
2022-03-14,XLE,7467,31.67061996459961
2022-03-14,USO,3245,72.83999633789062
2022-03-14,COPX,6272,36.90837097167969
2022-03-14,GDX,6723,34.869598388671875
2022-03-14,BSV,12185,68.21344757080078
2022-03-14,SLV,10210,23.15999984741211
2022-03-15,XLE,7712,30.510862350463867
2022-03-15,USO,3375,68.62999725341797
2022-03-15,COPX,6543,36.32380676269531
2022-03-15,GDX,6918,35.03098678588867
2022-03-15,BSV,12349,68.21344757080078
2022-03-15,SLV,10266,23.0
2022-03-16,XLE,7711,30.370668411254883
2022-03-16,USO,3343,68.27999877929688
2022-03-16,COPX,6363,38.077491760253906
2022-03-16,GDX,6778,35.13541793823242
2022-03-16,BSV,11693,68.16999053955078
2022-03-16,SLV,10280,23.110000610351562
2022-03-17,XLE,7603,31.415733337402344
2022-03-17,USO,3235,73.68000030517578
2022-03-17,COPX,6155,38.95882797241211
2022-03-17,GDX,6618,35.790470123291016
2022-03-17,SLV,10069,23.329999923706055
2022-03-17,TECL,16403,49.659324645996094
2022-03-18,XLE,7573,31.385990142822266
2022-03-18,USO,3199,74.63999938964844
2022-03-18,COPX,6096,39.489437103271484
2022-03-18,GDX,6717,35.33478546142578
2022-03-18,SLV,10267,23.020000457763672
2022-03-18,TECL,15798,52.62778091430664
2022-03-21,XLE,7551,32.65121841430664
2022-03-21,USO,3124,79.54000091552734
2022-03-21,COPX,6089,40.44272232055664
2022-03-21,GDX,6799,36.217674255371094
2022-03-21,SLV,10483,23.280000686645508
2022-03-21,TQQQ,32647,25.10417366027832
2022-03-22,XLE,7481,32.41103744506836
2022-03-22,USO,3092,78.55999755859375
2022-03-22,COPX,5966,40.6315803527832
2022-03-22,GDX,6706,35.84742736816406
2022-03-22,SLV,10598,22.8799991607666
2022-03-22,TQQQ,32908,26.587881088256836
2022-03-23,XLE,7443,32.96859359741211
2022-03-23,USO,3020,81.94999694824219
2022-03-23,COPX,6033,41.07224655151367
2022-03-23,GDX,6807,36.75880432128906
2022-03-23,SLV,10629,23.239999771118164
2022-03-23,TQQQ,32569,25.46558952331543
2022-03-24,XLE,7833,33.050071716308594
2022-03-24,USO,3174,79.75
2022-03-24,COPX,6292,41.530906677246094
2022-03-24,GDX,6987,36.606910705566406
2022-03-24,SLV,10994,23.610000610351562
2022-03-24,TQQQ,33385,27.11574363708496
2022-03-25,XLE,7950,33.77490234375
2022-03-25,USO,3311,80.73999786376953
2022-03-25,COPX,6291,41.79171371459961
2022-03-25,GDX,7185,36.75880432128906
2022-03-25,SLV,11124,23.479999542236328
2022-03-25,TQQQ,32097,27.072938919067383
2022-03-28,XLE,7867,32.93857192993164
2022-03-28,USO,3386,74.52999877929688
2022-03-28,COPX,6300,41.387020111083984
2022-03-28,GDX,7189,35.790470123291016
2022-03-28,SLV,11250,22.93000030517578
2022-03-28,TQQQ,33442,28.304611206054688
2022-03-29,XLE,8156,32.85279083251953
2022-03-29,USO,3632,76.1500015258789
2022-03-29,COPX,6390,40.937347412109375
2022-03-29,GDX,7497,36.28413009643555
2022-03-29,SLV,11751,22.90999984741211
2022-03-29,TQQQ,31222,29.755029678344727
2022-03-30,XLE,8024,33.234500885009766
2022-03-30,USO,3410,77.91000366210938
2022-03-30,COPX,6500,41.29707717895508
2022-03-30,GDX,7328,36.69234848022461
2022-03-30,SLV,11582,22.940000534057617
2022-03-30,TQQQ,32524,28.861003875732422
2022-03-31,XLE,8805,32.78417205810547
2022-03-31,USO,3826,74.12000274658203
2022-03-31,COPX,7026,40.92835235595703
2022-03-31,GDX,7883,36.40754699707031
2022-03-31,SLV,12543,22.8799991607666
2022-03-31,TQQQ,33506,27.667375564575195
2022-04-01,XLE,8712,33.050071716308594
2022-04-01,USO,3887,74.16999816894531
2022-04-01,COPX,6916,41.99855422973633
2022-04-01,GDX,7882,37.489803314208984
2022-04-01,SLV,12626,22.739999771118164
2022-04-01,TQQQ,33126,27.54848861694336
2022-04-04,XLE,8664,33.09296798706055
2022-04-04,USO,3770,76.86000061035156
2022-04-04,COPX,6802,42.13344955444336
2022-04-04,GDX,7643,37.157535552978516
2022-04-04,SLV,12712,22.6299991607666
2022-04-04,TQQQ,33948,29.269969940185547
2022-04-05,XLE,8793,32.57400894165039
2022-04-05,USO,3770,74.80000305175781
2022-04-05,COPX,6910,40.92835235595703
2022-04-05,GDX,7797,36.341087341308594
2022-04-05,SLV,12730,22.360000610351562
2022-04-05,TQQQ,38424,27.334487915039062
2022-04-06,XLE,8508,32.76701354980469
2022-04-06,USO,3674,73.05000305175781
2022-04-06,COPX,6906,40.12795639038086
2022-04-06,GDX,7715,36.246158599853516
2022-04-06,SLV,12435,22.56999969482422
2022-04-06,TQQQ,39991,25.53691864013672
2022-04-07,XLE,9992,33.195899963378906
2022-04-07,USO,4490,73.11000061035156
2022-04-07,COPX,8205,40.52366256713867
2022-04-07,GDX,9047,36.7682991027832
2022-04-07,TQQQ,43320,25.703365325927734
2022-04-07,XLU,9805,33.48165512084961
2022-04-08,XLE,9926,34.109432220458984
2022-04-08,USO,4544,74.11000061035156
2022-04-08,COPX,8049,40.86540222167969
2022-04-08,GDX,8940,37.660682678222656
2022-04-08,TQQQ,43878,24.65240478515625
2022-04-08,XLU,9831,33.595157623291016
2022-04-11,XLE,9609,33.08438491821289
2022-04-11,USO,4520,72.30000305175781
2022-04-11,COPX,7993,40.029029846191406
2022-04-11,GDX,8494,37.45183181762695
2022-04-11,TQQQ,47969,22.902385711669922
2022-04-11,XLU,9646,33.136802673339844
2022-04-12,XLE,9649,33.633358001708984
2022-04-12,USO,4346,75.9800033569336
2022-04-12,COPX,8024,40.17292404174805
2022-04-12,GDX,8576,37.78410339355469
2022-04-12,XLU,9855,33.26340103149414
2022-04-12,BSV,15996,67.47378540039062
2022-04-13,XLE,9614,34.13515853881836
2022-04-13,USO,4243,78.41999816894531
2022-04-13,COPX,8093,41.557884216308594
2022-04-13,GDX,8570,38.629024505615234
2022-04-13,XLU,9839,33.19792556762695
2022-04-13,BSV,17176,67.53466033935547
2022-04-14,XLE,11061,34.246665954589844
2022-04-14,USO,4858,79.56999969482422
2022-04-14,COPX,8993,41.467952728271484
2022-04-14,GDX,9768,38.79041290283203
2022-04-14,XLU,11297,33.21537399291992
2022-04-14,BSV,18574,67.3606948852539
2022-04-18,XLE,10967,34.748477935791016
2022-04-18,USO,4686,80.41000366210938
2022-04-18,COPX,9109,41.84566879272461
2022-04-18,GDX,9663,38.799903869628906
2022-04-18,XLU,11387,33.036407470703125
2022-04-18,BSV,18650,67.31719207763672
2022-04-19,XLE,10872,34.46540832519531
2022-04-19,USO,4814,76.86000061035156
2022-04-19,COPX,9040,41.674800872802734
2022-04-19,GDX,9839,37.68916702270508
2022-04-19,XLU,11343,33.250301361083984
2022-04-19,BSV,19136,67.06491088867188
2022-04-20,XLE,10850,34.598365783691406
2022-04-20,USO,4836,77.23999786376953
2022-04-20,COPX,9089,40.955345153808594
2022-04-20,GDX,9974,38.09738540649414
2022-04-20,XLU,11157,33.52094650268555
2022-04-20,BSV,17940,67.16928100585938
2022-04-21,XLE,10762,33.50040817260742
2022-04-21,USO,4781,78.12000274658203
2022-04-21,COPX,9181,38.778968811035156
2022-04-21,GDX,9965,36.16071319580078
2022-04-21,XLU,11209,32.966556549072266
2022-04-21,BSV,18566,66.96920776367188
2022-04-22,XLE,10781,32.681236267089844
2022-04-22,USO,4674,76.30999755859375
2022-04-22,COPX,9357,36.87239456176758
2022-04-22,GDX,10228,35.06896209716797
2022-04-22,XLU,10928,32.412174224853516
2022-04-22,BSV,17944,66.98661804199219
2022-04-25,XLE,11097,31.600440979003906
2022-04-25,USO,4835,74.6500015258789
2022-04-25,COPX,9835,36.17991256713867
2022-04-25,GDX,10431,33.863285064697266
2022-04-25,XLU,10800,32.18954086303711
2022-04-25,BSV,16070,67.15188598632812
2022-04-26,XLE,11090,31.643333435058594
2022-04-26,USO,4687,76.45999908447266
2022-04-26,COPX,9851,34.71400833129883
2022-04-26,GDX,10371,33.13228988647461
2022-04-26,XLU,11006,31.86651039123535
2022-04-26,BSV,16086,67.31719207763672
2022-04-27,XLE,11043,32.10652542114258
2022-04-27,USO,4682,76.37000274658203
2022-04-27,COPX,9911,36.098976135253906
2022-04-27,GDX,10598,32.942420959472656
2022-04-27,XLU,11027,31.71372413635254
2022-04-27,BSV,1,67.23890686035156
2022-04-27,TECL,25163,39.450035095214844
2022-04-28,XLE,11134,33.08010482788086
2022-04-28,USO,4717,78.08000183105469
2022-04-28,COPX,9869,36.422733306884766
2022-04-28,GDX,10886,33.616458892822266
2022-04-28,XLU,11293,32.067317962646484
2022-04-28,TECL,25316,44.16627883911133
2022-04-29,XLE,8467,32.23091125488281
2022-04-29,USO,3563,77.16000366210938
2022-04-29,COPX,7632,36.00904083251953
2022-04-29,GDX,8266,33.217735290527344
2022-04-29,XLU,8792,31.10695457458496
2022-04-29,BSV,13967,67.01268005371094
2022-05-02,XLE,8632,32.74557113647461
2022-05-02,USO,3668,78.37999725341797
2022-05-02,COPX,7756,35.53239822387695
2022-05-02,GDX,8546,32.800018310546875
2022-05-02,XLU,8847,30.788288116455078
2022-05-02,BSV,12276,66.92996978759766
2022-05-03,XLE,8467,33.66338348388672
2022-05-03,USO,3611,76.69000244140625
2022-05-03,COPX,7759,35.91910934448242
2022-05-03,GDX,8437,33.3316535949707
2022-05-03,XLU,8988,30.906150817871094
2022-05-03,BSV,12262,66.91255950927734
2022-05-04,XLE,8158,35.061561584472656
2022-05-04,USO,3526,80.22000122070312
2022-05-04,COPX,7822,36.692527770996094
2022-05-04,GDX,8408,33.96771240234375
2022-05-04,XLU,9000,31.595857620239258
2022-05-04,BSV,12480,67.1563949584961
2022-05-05,XLE,8012,34.53403091430664
2022-05-05,USO,3441,80.4800033569336
2022-05-05,COPX,7765,34.794952392578125
2022-05-05,GDX,8254,32.8759651184082
2022-05-05,XLU,9012,31.2728328704834
2022-05-05,BSV,11356,67.01705932617188
2022-05-06,XLE,5952,35.5633659362793
2022-05-06,USO,2551,82.12999725341797
2022-05-06,GDX,6361,32.50572204589844
2022-05-06,XLU,6697,31.52165412902832
2022-05-06,BSV,10395,66.92127227783203
2022-05-06,XLB,5357,38.609004974365234
2022-05-09,XLE,5958,32.62118911743164
2022-05-09,USO,2598,76.56999969482422
2022-05-09,GDX,6547,30.59752655029297
2022-05-09,XLU,6619,31.285926818847656
2022-05-09,BSV,10371,66.79065704345703
2022-05-09,XLB,5470,37.38948059082031
2022-05-10,XLE,6223,32.91712188720703
2022-05-10,USO,2674,74.52999877929688
2022-05-10,GDX,6646,30.08487892150879
2022-05-10,XLU,6580,30.906150817871094
2022-05-10,XLB,5424,37.15655517578125
2022-05-10,TECL,18516,34.64131164550781
2022-05-11,XLE,6088,33.3588752746582
2022-05-11,USO,2621,78.18000030517578
2022-05-11,GDX,6662,30.046903610229492
2022-05-11,XLU,6596,31.128772735595703
2022-05-11,XLB,5467,37.17481994628906
2022-05-11,BSV,9744,67.1738052368164
2022-05-12,XLE,6100,33.50040817260742
2022-05-12,USO,2592,79.2300033569336
2022-05-12,GDX,6917,28.6513614654541
2022-05-12,XLU,6543,30.814481735229492
2022-05-12,XLB,5530,37.10630416870117
2022-05-12,TECL,21589,30.35969352722168
2022-05-13,XLE,5883,34.645538330078125
2022-05-13,USO,2482,81.27999877929688
2022-05-13,XLU,6434,31.18115997314453
2022-05-13,TECL,21111,33.42988204956055
2022-05-13,XLP,2962,68.17830657958984
2022-05-13,DHS,2719,73.97276306152344
2022-05-16,XLE,5808,35.55906677246094
2022-05-16,USO,2493,83.11000061035156
2022-05-16,XLU,6473,31.277196884155273
2022-05-16,XLP,2963,68.4884262084961
2022-05-16,DHS,2727,74.68370819091797
2022-05-16,BSV,9504,67.33056640625
2022-05-17,XLE,5632,35.97080612182617
2022-05-17,USO,2444,81.11000061035156
2022-05-17,XLU,6458,31.600231170654297
2022-05-17,XLP,2973,68.01882934570312
2022-05-17,DHS,2694,75.68241882324219
2022-05-17,BSV,9574,67.13027954101562
2022-05-18,XLE,5596,35.04869842529297
2022-05-18,USO,2471,79.29000091552734
2022-05-18,XLU,6405,31.294658660888672
2022-05-18,XLP,3013,63.64196014404297
2022-05-18,DHS,2687,73.96426391601562
2022-05-18,BSV,9460,67.13896942138672
2022-05-19,XLE,5851,34.9200325012207
2022-05-19,USO,2553,80.58000183105469
2022-05-19,XLU,6433,31.22918128967285
2022-05-19,XLP,3166,62.50786590576172
2022-05-19,DHS,2736,73.10100555419922
2022-05-19,BSV,8685,67.25218200683594
2022-05-20,XLE,5006,35.07014083862305
2022-05-20,USO,2179,81.6500015258789
2022-05-20,XLU,5651,31.316484451293945
2022-05-20,DHS,2406,73.49031066894531
2022-05-20,BSV,8760,67.33927154541016
2022-05-20,BIL,2316,76.39000701904297
2022-05-23,XLE,4994,35.99654769897461
2022-05-23,USO,2179,81.97000122070312
2022-05-23,XLU,5595,31.691904067993164
2022-05-23,DHS,2385,74.50592803955078
2022-05-23,BSV,9004,67.26957702636719
2022-05-23,BIL,2320,76.39000701904297
2022-05-24,XLE,4981,36.13378143310547
2022-05-24,USO,2162,82.0
2022-05-24,XLU,5584,32.32485580444336
2022-05-24,DHS,2387,75.21488952636719
2022-05-24,BSV,8812,67.53955078125
2022-05-24,BIL,2321,76.38168334960938
2022-05-25,XLE,4908,36.880043029785156
2022-05-25,USO,2164,82.4800033569336
2022-05-25,XLU,5499,32.30303192138672
2022-05-25,DHS,2363,76.04692840576172
2022-05-25,BSV,9138,67.60918426513672
2022-05-25,BIL,2329,76.39000701904297
2022-05-26,XLE,4809,37.28749084472656
2022-05-26,USO,2146,84.58999633789062
2022-05-26,XLU,5490,32.39470672607422
2022-05-26,DHS,2342,76.42898559570312
2022-05-26,BSV,9106,67.64404296875
2022-05-26,BIL,2335,76.40676879882812
2022-05-27,XLE,5056,37.969417572021484
2022-05-27,USO,2225,85.45999908447266
2022-05-27,XLU,5799,32.901084899902344
2022-05-27,DHS,2452,77.11671447753906
2022-05-27,BSV,9246,67.69628143310547
2022-05-27,XLB,4774,39.90160369873047
2022-05-31,XLE,4889,37.39900207519531
2022-05-31,USO,2145,85.47000122070312
2022-05-31,XLU,5789,32.44709396362305
2022-05-31,DHS,2455,76.361083984375
2022-05-31,XLB,4774,39.294132232666016
2022-05-31,TECL,17927,36.185646057128906
2022-06-01,XLE,4990,38.008018493652344
2022-06-01,USO,2179,85.54000091552734
2022-06-01,XLU,5803,32.39470672607422
2022-06-01,DHS,2463,76.1912841796875
2022-06-01,XLB,4801,38.90131378173828
2022-06-01,TECL,17594,35.81575012207031
2022-06-02,XLE,4944,37.88793182373047
2022-06-02,USO,2173,87.25
2022-06-02,XLU,5732,32.61297607421875
2022-06-02,DHS,2448,76.32708740234375
2022-06-02,XLB,4746,39.97468185424805
2022-06-02,TECL,18444,38.368072509765625
2022-06-03,XLE,4956,38.38972473144531
2022-06-03,USO,2156,89.47000122070312
2022-06-03,XLU,5789,32.455814361572266
2022-06-03,DHS,2470,76.17427062988281
2022-06-03,XLB,4746,39.586448669433594
2022-06-03,TECL,18700,35.62155532836914
2022-06-06,XLE,5699,38.34684371948242
2022-06-06,USO,2468,88.38999938964844
2022-06-06,XLU,6713,32.599876403808594
2022-06-06,DHS,2874,76.1657943725586
2022-06-06,XLB,5512,39.96097946166992
2022-06-06,TECL,19855,35.603057861328125
2022-06-07,XLE,5645,39.49197006225586
2022-06-07,USO,2440,90.04000091552734
2022-06-07,XLU,6653,32.79631042480469
2022-06-07,DHS,2852,77.1591796875
2022-06-07,XLB,5460,40.24873733520508
2022-06-07,TECL,20941,36.9347038269043
2022-06-08,XLE,5547,39.57775115966797
2022-06-08,USO,2439,91.98999786376953
2022-06-08,XLU,6740,32.15462112426758
2022-06-08,DHS,2861,76.21675109863281
2022-06-08,XLB,5525,39.41288375854492
2022-06-08,TECL,22063,35.649288177490234
2022-06-09,XLE,5532,38.702823638916016
2022-06-09,USO,2385,91.08000183105469
2022-06-09,XLU,6754,31.38196563720703
2022-06-09,DHS,2854,74.67152404785156
2022-06-09,XLB,5550,38.481117248535156
2022-06-09,TECL,22441,32.791786193847656
2022-06-10,XLE,5481,38.0466194152832
2022-06-10,USO,2324,90.12999725341797
2022-06-10,XLU,6748,31.141878128051758
2022-06-10,DHS,2836,73.55081176757812
2022-06-10,XLB,5556,37.30270004272461
2022-06-10,BSV,10965,66.66084289550781
2022-06-13,XLE,5494,36.06087875366211
2022-06-13,USO,2271,90.36000061035156
2022-06-13,XLU,6594,29.71006965637207
2022-06-13,DHS,2809,70.85939025878906
2022-06-13,BSV,10195,66.19010925292969
2022-06-13,BIL,2653,76.39088439941406
2022-06-14,XLE,5495,36.1295051574707
2022-06-14,USO,2222,88.44999694824219
2022-06-14,XLU,6796,28.959232330322266
2022-06-14,DHS,2836,70.40943908691406
2022-06-14,BIL,2647,76.38252258300781
2022-06-14,TECL,24889,25.615707397460938
2022-06-15,XLE,5611,35.331756591796875
2022-06-15,USO,2297,86.93000030517578
2022-06-15,XLU,6922,29.14693832397461
2022-06-15,DHS,2864,70.3160400390625
2022-06-15,BIL,2648,76.39088439941406
2022-06-15,TECL,24220,27.22477912902832
2022-06-16,XLE,5780,33.34171676635742
2022-06-16,USO,2300,87.66000366210938
2022-06-16,XLU,6908,28.583826065063477
2022-06-16,DHS,2874,68.69439697265625
2022-06-16,BIL,2603,76.40758514404297
2022-06-16,BSV,9733,66.45165252685547
2022-06-17,XLE,5992,31.518943786621094
2022-06-17,USO,2294,83.33999633789062
2022-06-17,XLU,6930,28.317543029785156
2022-06-17,DHS,2891,67.92179107666016
2022-06-17,BIL,2597,76.39923095703125
2022-06-17,SPXL,11475,58.205387115478516
2022-06-21,USO,5948,84.05000305175781
2022-06-21,BIL,6577,76.41590881347656
2022-06-21,SPXL,10979,62.48874282836914
2022-06-22,USO,6291,80.87999725341797
2022-06-22,BIL,6491,76.42430114746094
2022-06-22,BSV,9405,66.58238983154297
2022-06-23,USO,6112,78.9800033569336
2022-06-23,BIL,6527,76.42430114746094
2022-06-23,BSV,9743,66.73929595947266
2022-06-24,USO,6202,81.2699966430664
2022-06-24,BIL,6509,76.40758514404297
2022-06-24,BSV,9642,66.73929595947266
2022-06-27,USO,6132,82.93000030517578
2022-06-27,BIL,6522,76.40758514404297
2022-06-27,BSV,9038,66.6259765625
2022-06-28,USO,5563,84.72000122070312
2022-06-28,BIL,6114,76.42430114746094
2022-06-28,BSV,9359,66.65213012695312
2022-06-29,USO,5460,82.94999694824219
2022-06-29,BIL,6135,76.43267822265625
2022-06-29,BSV,9677,66.76546478271484
2022-06-30,USO,5678,80.3499984741211
2022-06-30,BIL,6099,76.4410400390625
2022-06-30,BSV,9579,66.93980407714844
2022-07-01,USO,5682,81.66999816894531
2022-07-01,BIL,6103,76.4351577758789
2022-07-01,BSV,9547,67.22955322265625
2022-07-05,USO,5913,74.77999877929688
2022-07-05,BIL,6071,76.4351577758789
2022-07-05,BSV,9667,67.33431243896484
2022-07-06,USO,6660,73.66999816894531
2022-07-06,BIL,6404,76.4351577758789
2022-07-06,BSV,9689,67.0637435913086
2022-07-07,USO,6438,76.55000305175781
2022-07-07,BIL,6438,76.4351577758789
2022-07-07,TECL,23230,29.508920669555664
2022-07-08,USO,6304,78.54000091552734
2022-07-08,BIL,6481,76.42681884765625
2022-07-08,TECL,22851,29.582904815673828
2022-07-11,USO,6365,78.2300033569336
2022-07-11,BIL,6481,76.4351577758789
2022-07-11,TECL,22807,28.334482192993164
2022-07-12,USO,6573,72.80999755859375
2022-07-12,BIL,6435,76.42681884765625
2022-07-12,TECL,23441,27.16929054260254
2022-07-13,BIL,13601,76.42681884765625
2022-07-13,TECL,27102,26.95659637451172
2022-07-14,BIL,13675,76.4351577758789
2022-07-14,BSV,12099,66.87173461914062
2022-07-15,BIL,13677,76.42681884765625
2022-07-15,TECL,28338,29.111278533935547
2022-07-18,BIL,13857,76.42681884765625
2022-07-18,TECL,26845,28.288246154785156
2022-07-19,BIL,13774,76.42681884765625
2022-07-19,TECL,31757,30.794334411621094
2022-07-20,BIL,17034,76.42681884765625
2022-07-20,TECL,28155,32.28318786621094
2022-07-21,BIL,17279,76.45189666748047
2022-07-21,TECS,279,3236.52001953125
2022-07-22,BIL,17075,76.4602279663086
2022-07-22,TECS,286,3371.08740234375
2022-07-25,BIL,17304,76.45189666748047
2022-07-25,TECL,28755,31.68209457397461
2022-07-26,BIL,17200,76.45189666748047
2022-07-26,TECL,34157,30.082271575927734
2022-07-27,BIL,20587,76.45189666748047
2022-07-27,TECL,33286,33.956993103027344
2022-07-28,BIL,21131,76.4602279663086
2022-07-28,TECL,30957,35.510581970214844
2022-07-29,BIL,21510,76.46857452392578
2022-07-29,TECL,29450,37.08266067504883
2022-08-01,BIL,21550,76.47449493408203
2022-08-01,TECL,1,36.8977165222168
2022-08-01,TECS,363,2880.26123046875
2022-08-02,BIL,21601,76.48283386230469
2022-08-02,TECS,361,2941.506591796875
2022-08-03,BIL,6809,76.47449493408203
2022-08-03,TECS,360,2706.87646484375
2022-08-03,XLU,16043,32.711151123046875
2022-08-03,TAN,6306,81.29230499267578
2022-08-04,BIL,6667,76.49120330810547
2022-08-04,TECS,366,2670.64599609375
2022-08-04,XLU,15584,32.781551361083984
2022-08-04,TAN,6255,82.9724349975586
2022-08-05,BIL,6772,76.5079345703125
2022-08-05,TECS,367,2690.486572265625
2022-08-05,XLU,15849,32.662750244140625
2022-08-05,TAN,6140,84.27477264404297
2022-08-08,BIL,6727,76.51628875732422
2022-08-08,TECS,378,2762.083251953125
2022-08-08,XLU,15619,32.711151123046875
2022-08-08,TAN,5949,84.87127685546875
2022-08-09,BIL,6787,76.5079345703125
2022-08-09,TECS,378,2843.168701171875
2022-08-09,XLU,15823,33.07636642456055
2022-08-09,TAN,6224,85.34846496582031
2022-08-10,BIL,7030,76.51628875732422
2022-08-10,XLU,16188,33.22157287597656
2022-08-10,TAN,6145,89.60346221923828
2022-08-10,TECL,27180,40.03263854980469
2022-08-11,BIL,7149,76.51628875732422
2022-08-11,XLU,16445,33.2171745300293
2022-08-11,TAN,6040,87.41632080078125
2022-08-11,TECL,1,39.52401351928711
2022-08-11,TECS,415,2645.631103515625
2022-08-12,BIL,7144,76.53305053710938
2022-08-12,XLU,16347,33.75840377807617
2022-08-12,TAN,6282,88.55960083007812
2022-08-12,TECS,411,2485.185302734375
2022-08-15,BIL,7108,76.52467346191406
2022-08-15,XLU,16143,34.04001235961914
2022-08-15,TAN,6159,88.37071228027344
2022-08-15,TECS,424,2438.60400390625
2022-08-16,BIL,7070,76.53305053710938
2022-08-16,XLU,15931,34.136817932128906
2022-08-16,TAN,6154,87.1379623413086
2022-08-16,TECS,445,2457.58154296875
2022-08-17,BIL,1,76.53305053710938
2022-08-17,XLU,1,34.07961654663086
2022-08-17,TAN,4294,86.12390899658203
2022-08-17,XLK,5065,72.77272033691406
2022-08-17,LIT,4761,77.22325134277344
2022-08-17,XLI,3946,93.59257507324219
2022-08-17,TQQQ,68751,17.737939834594727
2022-08-17,XBI,4073,89.00457763671875
2022-08-18,TAN,4234,87.1578369140625
2022-08-18,XLK,5036,73.15095520019531
2022-08-18,LIT,4774,76.57901000976562
2022-08-18,XLI,3913,93.96796417236328
2022-08-18,XBI,4125,88.30900573730469
2022-08-18,TECL,28680,42.05784606933594
2022-08-19,TAN,4224,84.3244857788086
2022-08-19,XLK,5011,71.822265625
2022-08-19,LIT,4827,73.70392608642578
2022-08-19,XLI,3893,92.75735473632812
2022-08-19,XBI,4171,86.71910095214844
2022-08-19,TECS,468,2609.401123046875
2022-08-22,TAN,4490,82.84319305419922
2022-08-22,XLK,5202,69.81952667236328
2022-08-22,LIT,4968,74.80973815917969
2022-08-22,XLI,4022,90.9930648803711
2022-08-22,XBI,4296,85.3875732421875
2022-08-22,TECL,30872,36.444580078125
2022-08-23,TAN,4367,83.42974090576172
2022-08-23,XLK,5204,69.63526153564453
2022-08-23,LIT,4821,76.26168060302734
2022-08-23,XLI,3985,91.1619873046875
2022-08-23,XBI,4222,87.22589111328125
2022-08-23,BSV,15431,66.9267578125
2022-08-24,TAN,3862,85.14964294433594
2022-08-24,LIT,4285,75.37703704833984
2022-08-24,BSV,15969,66.83063507080078
2022-08-24,XLP,4726,67.83330535888672
2022-08-24,XLU,9570,33.62638854980469
2022-08-24,BIL,4184,76.58326721191406
2022-08-25,TAN,3719,86.97888946533203
2022-08-25,LIT,4275,75.70397186279297
2022-08-25,BSV,18123,66.9442367553711
2022-08-25,XLP,4748,68.1457290649414
2022-08-25,XLU,9561,33.83319854736328
2022-08-25,BIL,4207,76.59160614013672
2022-08-26,TAN,3682,85.21923065185547
2022-08-26,LIT,4257,73.90584564208984
2022-08-26,BSV,18017,66.96170043945312
2022-08-26,XLP,4740,66.4586181640625
2022-08-26,XLU,9549,33.31398010253906
2022-08-26,BIL,4219,76.59160614013672
2022-08-29,TAN,3800,84.21513366699219
2022-08-29,LIT,4362,73.33851623535156
2022-08-29,BSV,14703,66.77821350097656
2022-08-29,XLP,4825,66.35150909423828
2022-08-29,XLU,9619,33.41518783569336
2022-08-29,BIL,4163,76.59160614013672
2022-08-30,TAN,3784,83.14143371582031
2022-08-30,LIT,4339,71.77117919921875
2022-08-30,BSV,14691,66.74323272705078
2022-08-30,XLP,4808,65.66413116455078
2022-08-30,XLU,9567,32.9267578125
2022-08-30,BIL,4172,76.59999084472656
2022-08-31,TAN,5737,83.83734893798828
2022-08-31,BSV,14455,66.66461944580078
2022-08-31,XLU,14637,32.711151123046875
2022-08-31,BIL,6294,76.61673736572266
2022-09-01,TAN,5840,82.30634307861328
2022-09-01,BSV,15057,66.6103515625
2022-09-01,XLU,14708,33.18197250366211
2022-09-01,BIL,6254,76.63264465332031
2022-09-02,TAN,5799,80.36773681640625
2022-09-02,BSV,15043,66.70659637451172
2022-09-02,XLU,14491,32.8255615234375
2022-09-02,BIL,6290,76.64102935791016
2022-09-06,TAN,5925,81.86891174316406
2022-09-06,XLU,14525,32.90916061401367
2022-09-06,BIL,6258,76.64102935791016
2022-09-06,TECL,34743,27.724143981933594
2022-09-07,TAN,5813,86.90929412841797
2022-09-07,XLU,14466,33.93880844116211
2022-09-07,BIL,6242,76.64942932128906
2022-09-07,TECL,35247,29.03729820251465
2022-09-08,TAN,5431,87.23736572265625
2022-09-08,XLU,13891,33.912410736083984
2022-09-08,BIL,6127,76.66616821289062
2022-09-08,BSV,14094,66.62785339355469
2022-09-09,TAN,5361,87.27713775634766
2022-09-09,XLU,13815,34.04881286621094
2022-09-09,BIL,6148,76.66616821289062
2022-09-09,BSV,15194,66.5666275024414
2022-09-12,TAN,5371,87.68473815917969
2022-09-12,XLU,13799,34.37443923950195
2022-09-12,BIL,6145,76.65777587890625
2022-09-12,BSV,14478,66.5316162109375
2022-09-13,TAN,5537,86.15373992919922
2022-09-13,XLU,13745,33.45918273925781
2022-09-13,BIL,6102,76.67454528808594
2022-09-13,BSV,14885,66.31287384033203
2022-09-14,TAN,5419,87.8338623046875
2022-09-14,XLU,13979,33.731990814208984
2022-09-14,BIL,6102,76.67454528808594
2022-09-14,BSV,12109,66.23412322998047
2022-09-15,TAN,2786,84.51337432861328
2022-09-15,XLU,7162,32.89155578613281
2022-09-15,BIL,3125,76.6997299194336
2022-09-15,BSV,12073,66.18162536621094
2022-09-15,LIT,3320,70.90576934814453
2022-09-15,XLE,6837,34.76083755493164
2022-09-16,TAN,2862,84.48355865478516
2022-09-16,XLU,7255,32.76835250854492
2022-09-16,BIL,3101,76.6997299194336
2022-09-16,BSV,11935,66.19914245605469
2022-09-16,LIT,3414,69.96344757080078
2022-09-16,XLE,6861,34.01921463012695
2022-09-19,TAN,2860,83.7975845336914
2022-09-19,XLU,7251,33.207366943359375
2022-09-19,BIL,3088,76.6997299194336
2022-09-19,BSV,11958,66.10289001464844
2022-09-19,LIT,3396,71.47309112548828
2022-09-19,XLE,7158,34.03938293457031
2022-09-20,TAN,2849,81.18294525146484
2022-09-20,XLU,7212,32.72449493408203
2022-09-20,BIL,3101,76.69133758544922
2022-09-20,BSV,11938,66.0241470336914
2022-09-20,LIT,3338,70.9153823852539
2022-09-20,XLE,7038,33.80262756347656
2022-09-21,TAN,2913,80.75546264648438
2022-09-21,XLU,7218,32.277061462402344
2022-09-21,BIL,3100,76.70808410644531
2022-09-21,BSV,12230,65.96288299560547
2022-09-21,LIT,3350,70.10768127441406
2022-09-21,XLE,6904,33.30722427368164
2022-09-22,TAN,3669,78.01158142089844
2022-09-22,XLU,9155,32.16189193725586
2022-09-22,BIL,3848,76.74164581298828
2022-09-22,BSV,11964,65.70916748046875
2022-09-22,XLE,8706,33.1888313293457
2022-09-23,TAN,3845,75.25775909423828
2022-09-23,XLU,9158,31.78976058959961
2022-09-23,BIL,3802,76.74164581298828
2022-09-23,XLE,9143,30.900259017944336
2022-09-23,TECL,34203,22.573259353637695
2022-09-26,TAN,3856,73.9156494140625
2022-09-26,XLU,9105,31.023372650146484
2022-09-26,BIL,3762,76.72486114501953
2022-09-26,XLE,9401,30.141780853271484
2022-09-26,TECL,35543,22.073896408081055
2022-09-27,TAN,3829,75.47647857666016
2022-09-27,XLU,9303,30.500627517700195
2022-09-27,BIL,3785,76.75000762939453
2022-09-27,XLE,9474,30.4793643951416
2022-09-27,TECL,38434,22.184864044189453
2022-09-28,TAN,3800,76.87824249267578
2022-09-28,XLU,9275,30.828447341918945
2022-09-28,BIL,3729,76.75836944580078
2022-09-28,XLE,9296,31.829723358154297
2022-09-28,TECL,39765,22.841440200805664
2022-09-29,TAN,5407,72.84195709228516
2022-09-29,BIL,5307,76.77513885498047
2022-09-29,XLE,12895,31.829723358154297
2022-09-29,BSV,12443,65.56916046142578
2022-09-30,TAN,5587,73.17996978759766
2022-09-30,BIL,5282,76.77513885498047
2022-09-30,XLE,12843,31.57543182373047
2022-09-30,TECL,37677,19.863733291625977
2022-10-03,TAN,5504,74.92970275878906
2022-10-03,BIL,5286,76.75411987304688
2022-10-03,XLE,12408,33.35982894897461
2022-10-03,TECL,38320,21.64850425720215
2022-10-04,TAN,5466,77.9022216796875
2022-10-04,BIL,5519,76.7793197631836
2022-10-04,XLE,12452,34.793479919433594
2022-10-04,BSV,11320,65.78834533691406
2022-10-05,TAN,5518,74.8203353881836
2022-10-05,BIL,5528,76.7793197631836
2022-10-05,XLE,12204,35.51249694824219
2022-10-05,BSV,10338,65.68321990966797
2022-10-06,TAN,4680,72.71271514892578
2022-10-06,BIL,4553,76.79612731933594
2022-10-06,XLE,9927,36.14383316040039
2022-10-06,BSV,10643,65.53427124023438
2022-10-07,TAN,4874,70.63493347167969
2022-10-07,BIL,4542,76.79612731933594
2022-10-07,XLE,9629,35.86323547363281
2022-10-07,BSV,10693,65.39408874511719
2022-10-10,TAN,4964,69.68053436279297
2022-10-10,BIL,4527,76.80455780029297
2022-10-10,XLE,9658,35.12667465209961
2022-10-10,BSV,10516,65.30647277832031
2022-10-11,TAN,5045,68.7162094116211
2022-10-11,BIL,4495,76.80455780029297
2022-10-11,XLE,10014,34.84608459472656
2022-10-11,BSV,10681,65.33271789550781
2022-10-12,TAN,5048,66.49922943115234
2022-10-12,BIL,4495,76.80455780029297
2022-10-12,XLE,9975,35.12667465209961
2022-10-12,TECL,43125,18.4488582611084
2022-10-13,BIL,7671,76.82971954345703
2022-10-13,XLE,17001,36.56033706665039
2022-10-13,TECL,46460,20.12265968322754
2022-10-14,BIL,8173,76.82971954345703
2022-10-14,XLE,17366,35.19682693481445
2022-10-14,BSV,11728,65.11371612548828
2022-10-17,BIL,8152,76.82971954345703
2022-10-17,XLE,17520,35.63525390625
2022-10-17,BSV,11331,65.18380737304688
2022-10-18,BIL,8159,76.82971954345703
2022-10-18,XLE,17449,35.946537017822266
2022-10-18,BSV,10684,65.26264953613281
2022-10-19,BIL,8160,76.82971954345703
2022-10-19,XLE,17393,37.007537841796875
2022-10-19,BSV,10624,65.02610778808594
2022-10-20,BIL,6914,76.86328125
2022-10-20,XLE,14248,37.042606353759766
2022-10-20,BSV,10900,64.89469909667969
2022-10-21,BIL,6911,76.8717041015625
2022-10-21,XLE,14260,38.112361907958984
2022-10-21,BSV,10899,65.12246704101562
2022-10-24,BIL,6937,76.86328125
2022-10-24,XLE,13999,38.292110443115234
2022-10-24,TECL,30966,22.989402770996094
2022-10-25,BIL,6993,76.86328125
2022-10-25,XLE,14092,38.33156967163086
2022-10-25,TECL,30115,24.31180191040039
2022-10-26,BIL,6960,76.88008117675781
2022-10-26,XLE,13904,38.85329818725586
2022-10-26,TECL,30524,22.674985885620117
2022-10-27,BIL,3437,76.9052963256836
2022-10-27,XLE,6710,38.99359893798828
2022-10-27,TECL,30718,21.925933837890625
2022-10-27,XLV,2144,122.33882141113281
2022-10-27,DHS,3640,72.24006652832031
2022-10-28,BIL,3414,76.89686584472656
2022-10-28,XLE,6662,39.1295051574707
2022-10-28,XLV,2143,124.35112762451172
2022-10-28,DHS,3617,73.72672271728516
2022-10-28,BSV,11114,65.44667053222656
2022-10-31,BIL,3414,76.89686584472656
2022-10-31,XLE,6776,39.45832443237305
2022-10-31,XLV,2123,124.2481689453125
2022-10-31,DHS,3574,73.55384826660156
2022-10-31,TECL,30058,23.784690856933594
2022-11-01,BIL,3444,76.90359497070312
2022-11-01,XLE,6604,39.839759826660156
2022-11-01,XLV,2129,124.32305145263672
2022-11-01,DHS,3571,73.86498260498047
2022-11-01,TECL,30677,23.16510581970215
2022-11-02,BIL,3391,76.92884063720703
2022-11-02,XLE,6569,38.879608154296875
2022-11-02,XLV,2103,122.20779418945312
2022-11-02,DHS,3536,72.5339584350586
2022-11-02,TECL,34790,20.760740280151367
2022-11-03,BIL,4717,76.9540786743164
2022-11-03,XLE,9393,39.59861373901367
2022-11-03,DHS,5047,72.49935913085938
2022-11-03,BSV,11162,65.13270568847656
2022-11-04,BIL,4755,76.97091674804688
2022-11-04,XLE,9042,40.080894470214844
2022-11-04,DHS,4979,73.53656005859375
2022-11-04,BSV,11235,65.20291900634766
2022-11-07,BIL,4754,76.96250915527344
2022-11-07,XLE,9109,40.76921463012695
2022-11-07,DHS,4953,73.9168472290039
2022-11-07,BSV,11959,65.13270568847656
2022-11-08,BIL,4762,76.97091674804688
2022-11-08,XLE,9009,40.80868148803711
2022-11-08,DHS,4945,74.40949249267578
2022-11-08,BSV,12044,65.25556182861328
2022-11-09,BIL,4755,77.01301574707031
2022-11-09,XLE,9094,38.81383514404297
2022-11-09,DHS,4951,72.96611022949219
2022-11-09,BSV,12124,65.3696060180664
2022-11-10,BIL,7314,77.02140808105469
2022-11-10,XLE,14218,39.67753982543945
2022-11-10,BSV,11443,65.91363525390625
2022-11-11,BIL,7344,77.01301574707031
2022-11-11,XLE,13990,40.830596923828125
2022-11-11,TECL,25821,25.985605239868164
2022-11-14,BIL,7398,77.01301574707031
2022-11-14,XLE,13999,40.81745147705078
2022-11-14,TECL,26565,25.30129051208496
2022-11-15,BIL,7512,77.02983093261719
2022-11-15,XLE,14125,41.24710464477539
2022-11-15,TECL,25758,26.179805755615234
2022-11-16,BIL,7425,77.0382308959961
2022-11-16,XLE,13990,40.40532684326172
2022-11-16,TECL,26987,25.10708999633789
2022-11-17,BIL,1,77.06351470947266
2022-11-17,XLE,5121,40.49301528930664
2022-11-17,TECL,28378,25.19956398010254
2022-11-17,XLV,1649,124.44471740722656
2022-11-17,XLF,6247,32.818382263183594
2022-11-17,DIA,655,314.2164306640625
2022-11-17,XLB,5576,36.751182556152344
2022-11-18,XLE,5244,40.17295455932617
2022-11-18,TECL,26888,25.31053924560547
2022-11-18,XLV,1660,125.95162963867188
2022-11-18,XLF,6267,33.08969497680664
2022-11-18,DIA,659,316.04412841796875
2022-11-18,XLB,5614,36.99631881713867
2022-11-21,XLE,5244,39.629310607910156
2022-11-21,TECL,28835,24.46900749206543
2022-11-21,XLV,1640,126.0077896118164
2022-11-21,XLF,6238,33.19260025024414
2022-11-21,DIA,652,315.74432373046875
2022-11-21,XLB,5612,37.12119674682617
2022-11-22,XLE,5150,40.870059967041016
2022-11-22,TECL,29197,25.874635696411133
2022-11-22,XLV,1636,127.10283660888672
2022-11-22,XLF,6193,33.52939224243164
2022-11-22,DIA,651,319.40716552734375
2022-11-22,XLB,5526,37.96296691894531
2022-11-23,XLE,5204,40.42724609375
2022-11-23,TECL,28537,26.549707412719727
2022-11-23,XLV,1642,127.6082534790039
2022-11-23,XLF,6239,33.66971969604492
2022-11-23,DIA,654,320.3345642089844
2022-11-23,XLB,5507,38.11097717285156
2022-11-25,XLE,5522,40.2781867980957
2022-11-25,TECL,28437,26.08732795715332
2022-11-25,XLV,1748,128.36636352539062
2022-11-25,XLF,6628,33.781978607177734
2022-11-25,XLB,5870,38.097103118896484
2022-11-25,SLV,11404,19.719999313354492
2022-11-28,XLE,5625,39.1733512878418
2022-11-28,TECL,29360,24.385780334472656
2022-11-28,XLV,1728,127.40235137939453
2022-11-28,XLF,6580,33.20195770263672
2022-11-28,XLB,5845,37.24607849121094
2022-11-28,SLV,11244,19.260000228881836
2022-11-29,XLE,5525,39.765228271484375
2022-11-29,TECL,30546,23.682968139648438
2022-11-29,XLV,1722,127.08409118652344
2022-11-29,XLF,6597,33.398414611816406
2022-11-29,XLB,5853,37.37095642089844
2022-11-29,SLV,11222,19.559999465942383
2022-11-30,XLE,5429,39.96251678466797
2022-11-30,TECL,31494,27.215532302856445
2022-11-30,XLV,1715,130.11659240722656
2022-11-30,XLF,6544,33.969093322753906
2022-11-30,XLB,5839,38.272857666015625
2022-11-30,SLV,10848,20.43000030517578
2022-12-01,XLE,5654,39.830997467041016
2022-12-01,XLV,1738,130.49098205566406
2022-12-01,XLF,6665,33.77262496948242
2022-12-01,XLB,5904,38.319095611572266
2022-12-01,SLV,11030,20.979999542236328
2022-12-01,TQQQ,64239,11.265727996826172
2022-12-02,XLE,5799,39.594234466552734
2022-12-02,SLV,11066,21.290000915527344
2022-12-02,TQQQ,71626,11.132575988769531
2022-12-02,COPX,6897,33.96904754638672
2022-12-02,GDX,8227,28.404531478881836
2022-12-02,EFA,3838,60.28509521484375
2022-12-05,XLE,5787,38.419254302978516
2022-12-05,SLV,11066,20.440000534057617
2022-12-05,TQQQ,72164,10.571430206298828
2022-12-05,COPX,6773,33.26097869873047
2022-12-05,GDX,8226,27.379234313964844
2022-12-05,EFA,3851,59.4927978515625
2022-12-06,XLE,5972,37.406494140625
2022-12-06,SLV,11058,20.440000534057617
2022-12-06,COPX,6836,33.16902542114258
2022-12-06,GDX,8226,27.388729095458984
2022-12-06,EFA,3825,59.22574234008789
2022-12-06,TECL,29381,23.849424362182617
2022-12-07,XLE,5975,37.318809509277344
2022-12-07,SLV,10812,20.920000076293945
2022-12-07,COPX,6744,33.04948043823242
2022-12-07,GDX,8098,27.92036247253418
2022-12-07,EFA,3772,59.22574234008789
2022-12-07,BSV,10798,66.53968811035156
2022-12-08,XLE,5891,37.1522102355957
2022-12-08,SLV,10542,21.209999084472656
2022-12-08,COPX,6698,33.75754928588867
2022-12-08,GDX,7988,27.92036247253418
2022-12-08,EFA,3795,59.528411865234375
2022-12-08,BSV,10861,66.40789031982422
2022-12-09,SLV,10548,21.559999465942383
2022-12-09,COPX,6665,33.61042022705078
2022-12-09,EFA,3792,59.564022064208984
2022-12-09,BSV,11358,66.38147735595703
2022-12-09,XLV,1731,129.14320373535156
2022-12-09,XLB,5995,37.45420837402344
2022-12-12,SLV,10467,21.459999084472656
2022-12-12,COPX,6719,33.408111572265625
2022-12-12,EFA,3792,59.74205780029297
2022-12-12,BSV,16551,66.31999206542969
2022-12-12,XLV,1747,130.51907348632812
2022-12-12,XLB,6026,37.7779655456543
2022-12-13,SLV,10336,21.829999923706055
2022-12-13,COPX,6664,33.95985794067383
2022-12-13,EFA,3721,60.58936309814453
2022-12-13,BSV,16293,66.57484436035156
2022-12-13,XLV,1726,130.92153930664062
2022-12-13,XLB,5863,38.30060577392578
2022-12-14,SLV,10368,21.989999771118164
2022-12-14,COPX,6684,34.024227142333984
2022-12-14,EFA,3747,60.53573226928711
2022-12-14,BSV,1,66.6011962890625
2022-12-14,XLV,1737,131.12745666503906
2022-12-14,XLB,5960,37.88896179199219
2022-12-14,TQQQ,103017,10.366943359375
2022-12-15,SLV,10322,21.239999771118164
2022-12-15,COPX,6597,32.74601745605469
2022-12-15,EFA,3704,58.989498138427734
2022-12-15,BSV,15952,66.6451416015625
2022-12-15,XLV,1704,128.7220001220703
2022-12-15,XLB,5945,36.732696533203125
2022-12-16,SLV,13589,21.3700008392334
2022-12-16,COPX,8791,32.847171783447266
2022-12-16,EFA,4914,58.471107482910156
2022-12-16,BSV,14415,66.67149353027344
2022-12-16,XLE,7826,36.98560333251953
2022-12-16,XLI,3124,92.5035629272461
2022-12-19,SLV,13527,21.1200008392334
2022-12-19,COPX,8724,32.56210708618164
2022-12-19,EFA,4923,58.328102111816406
2022-12-19,BSV,14195,66.53089904785156
2022-12-19,XLE,7727,36.98118591308594
2022-12-19,XLI,3130,92.01659393310547
2022-12-20,SLV,13148,22.229999542236328
2022-12-20,COPX,8820,32.90235137939453
2022-12-20,EFA,4936,58.560482025146484
2022-12-20,BSV,14191,66.43421936035156
2022-12-20,XLE,7779,37.53928756713867
2022-12-20,XLI,3142,92.13027954101562
2022-12-21,SLV,13160,22.06999969482422
2022-12-21,COPX,8782,33.78513717651367
2022-12-21,EFA,4935,59.168243408203125
2022-12-21,BSV,14254,66.53089904785156
2022-12-21,XLE,7590,38.252418518066406
2022-12-21,XLI,3119,93.86412048339844
2022-12-22,SLV,13397,21.690000534057617
2022-12-22,COPX,8762,32.58049774169922
2022-12-22,EFA,4921,58.68561553955078
2022-12-22,BSV,14141,66.5133285522461
2022-12-22,XLE,7575,37.370967864990234
2022-12-22,XLI,3112,92.67031860351562
2022-12-23,SLV,12742,21.850000381469727
2022-12-23,COPX,8468,33.13223648071289
2022-12-23,EFA,4737,58.891178131103516
2022-12-23,BSV,13937,66.44379425048828
2022-12-23,XLE,7329,38.562477111816406
2022-12-23,XLI,2995,93.21986389160156
2022-12-27,SLV,12712,22.110000610351562
2022-12-27,COPX,8317,33.546043395996094
2022-12-27,EFA,4737,58.980552673339844
2022-12-27,BSV,13901,66.25894165039062
2022-12-27,XLE,7208,38.97441864013672
2022-12-27,XLI,2990,93.50409698486328
2022-12-28,SLV,12744,21.600000381469727
2022-12-28,COPX,8284,33.15062713623047
2022-12-28,EFA,4729,58.35491943359375
2022-12-28,BSV,14340,66.26776885986328
2022-12-28,XLE,7181,38.1018180847168
2022-12-28,XLI,2984,92.28189086914062
2022-12-29,SLV,12628,21.969999313354492
2022-12-29,COPX,8310,33.489994049072266
2022-12-29,EFA,4720,59.2755012512207
2022-12-29,XLE,7341,38.500465393066406
2022-12-29,XLI,3004,93.4188232421875
2022-12-29,TECL,47482,20.573522567749023
2022-12-30,SLV,12755,22.020000457763672
2022-12-30,COPX,8395,32.94143295288086
2022-12-30,EFA,4743,58.6677360534668
2022-12-30,XLE,7302,38.744083404541016
2022-12-30,XLI,3011,93.04931640625
2022-12-30,BSV,16001,66.25894165039062
2023-01-03,SLV,14238,22.049999237060547
2023-01-03,COPX,9614,33.24824905395508
2023-01-03,EFA,5381,59.18613815307617
2023-01-03,XLI,3415,93.24828338623047
2023-01-03,BSV,16053,66.33818817138672
2023-01-03,GDX,11288,28.63426971435547
2023-01-04,SLV,14418,21.889999389648438
2023-01-04,COPX,9574,33.675941467285156
2023-01-04,EFA,5351,59.972652435302734
2023-01-04,XLI,3433,94.07255554199219
2023-01-04,BSV,16110,66.45258331298828
2023-01-04,GDX,10989,29.85069465637207
2023-01-05,SLV,14859,21.389999389648438
2023-01-05,COPX,9530,34.18731689453125
2023-01-05,EFA,5377,59.373817443847656
2023-01-05,XLI,3416,93.05879974365234
2023-01-05,BSV,16535,66.3469467163086
2023-01-05,GDX,10904,29.59003257751465
2023-01-06,SLV,14836,21.920000076293945
2023-01-06,COPX,9363,35.66563415527344
2023-01-06,EFA,5391,60.893253326416016
2023-01-06,XLI,3426,95.60742950439453
2023-01-06,BSV,16870,66.71665954589844
2023-01-06,GDX,10700,30.468563079833984
2023-01-09,SLV,14878,21.739999771118164
2023-01-09,COPX,8956,36.446632385253906
2023-01-09,EFA,5335,61.15245056152344
2023-01-09,XLI,3416,95.18108367919922
2023-01-09,BSV,15316,66.79586029052734
2023-01-09,GDX,10612,30.178937911987305
2023-01-10,SLV,14214,21.729999542236328
2023-01-10,COPX,8438,37.21833419799805
2023-01-10,EFA,5060,61.33120346069336
2023-01-10,BSV,15436,66.7518539428711
2023-01-10,GDX,10201,30.73887825012207
2023-01-10,ROBO,6438,48.70612335205078
2023-01-11,SLV,14240,21.549999237060547
2023-01-11,COPX,8311,37.376399993896484
2023-01-11,EFA,5052,61.795963287353516
2023-01-11,GDX,10077,30.47821617126465
2023-01-11,ROBO,6374,49.39909362792969
2023-01-11,TECL,47462,22.695743560791016
2023-01-12,SLV,14410,21.8799991607666
2023-01-12,COPX,8415,38.15739440917969
2023-01-12,EFA,5088,62.70762634277344
2023-01-12,GDX,10226,31.067121505737305
2023-01-12,ROBO,6393,49.993072509765625
2023-01-12,TQQQ,114118,9.421696662902832
2023-01-13,SLV,14410,22.329999923706055
2023-01-13,COPX,8316,38.18528366088867
2023-01-13,EFA,5054,63.0383186340332
2023-01-13,GDX,10149,31.5208683013916
2023-01-13,ROBO,6352,50.30986022949219
2023-01-13,TQQQ,116517,9.608121871948242
2023-01-17,SLV,14463,22.010000228881836
2023-01-17,COPX,8552,37.292720794677734
2023-01-17,EFA,5075,63.234954833984375
2023-01-17,GDX,10303,30.42994499206543
2023-01-17,ROBO,6374,50.76523971557617
2023-01-17,TQQQ,113897,9.660704612731934
2023-01-18,SLV,16932,21.56999969482422
2023-01-18,COPX,9953,37.49726104736328
2023-01-18,GDX,12199,30.130666732788086
2023-01-18,TQQQ,127939,9.302190780639648
2023-01-18,SMH,3340,111.33739471435547
2023-01-18,TAN,4585,81.31219482421875
2023-01-19,SLV,16757,21.959999084472656
2023-01-19,COPX,9740,37.83197784423828
2023-01-19,GDX,11945,30.91265296936035
2023-01-19,SMH,3290,108.614501953125
2023-01-19,TAN,4495,77.50456237792969
2023-01-19,TECL,52936,22.009952545166016
2023-01-20,SLV,16528,22.020000457763672
2023-01-20,COPX,9571,38.380531311035156
2023-01-20,GDX,11865,31.298818588256836
2023-01-20,SMH,3318,112.1463623046875
2023-01-20,TAN,4634,79.0057373046875
2023-01-20,TECL,53098,23.733688354492188
2023-01-23,SLV,17695,21.579999923706055
2023-01-23,COPX,9772,38.37124252319336
2023-01-23,GDX,12120,31.27951431274414
2023-01-23,SMH,3318,117.43428039550781
2023-01-23,TAN,4706,81.13323974609375
2023-01-23,TQQQ,116916,10.387287139892578
2023-01-24,SLV,17756,21.760000228881836
2023-01-24,COPX,9999,38.5850830078125
2023-01-24,GDX,12261,31.598098754882812
2023-01-24,SMH,3295,116.60064697265625
2023-01-24,TAN,4758,80.20867156982422
2023-01-24,TQQQ,116161,10.325145721435547
2023-01-25,SLV,17149,21.969999313354492
2023-01-25,COPX,9665,38.77104187011719
2023-01-25,GDX,11888,32.119422912597656
2023-01-25,SMH,3237,116.71902465820312
2023-01-25,TQQQ,125804,10.248663902282715
2023-01-25,EEM,9595,38.894466400146484
2023-01-26,SLV,17412,21.989999771118164
2023-01-26,COPX,9906,38.798927307128906
2023-01-26,GDX,12065,31.62706184387207
2023-01-26,SMH,3267,118.81051635742188
2023-01-26,TQQQ,121452,10.841403007507324
2023-01-26,EEM,9854,39.26401138305664
2023-01-27,SLV,17716,21.68000030517578
2023-01-27,COPX,9963,38.52000045776367
2023-01-27,GDX,12220,31.192625045776367
2023-01-27,SMH,3291,118.03114318847656
2023-01-27,TQQQ,119432,11.152114868164062
2023-01-27,EEM,9829,39.07924270629883
2023-01-30,SLV,17598,21.65999984741211
2023-01-30,COPX,10162,37.77619552612305
2023-01-30,GDX,12336,30.729225158691406
2023-01-30,SMH,3298,115.20467376708984
2023-01-30,TQQQ,125468,10.482891082763672
2023-01-30,EEM,9974,38.293968200683594
2023-01-31,SLV,17485,21.829999923706055
2023-01-31,COPX,10055,38.389835357666016
2023-01-31,GDX,12318,30.91265296936035
2023-01-31,SMH,3285,116.95580291748047
2023-01-31,TQQQ,126284,10.951346397399902
2023-01-31,EEM,9940,38.2108154296875
2023-02-01,COPX,10337,38.95698928833008
2023-02-01,GDX,12792,31.607755661010742
2023-02-01,SMH,3361,122.47062683105469
2023-02-01,TQQQ,120559,11.658811569213867
2023-02-01,ROBO,7498,53.9133186340332
2023-02-01,BOTZ,16783,24.31930160522461
2023-02-02,COPX,10891,37.636722564697266
2023-02-02,GDX,13313,30.623027801513672
2023-02-02,SMH,3415,125.08992004394531
2023-02-02,TQQQ,113842,12.863410949707031
2023-02-02,ROBO,7768,54.80428695678711
2023-02-02,BOTZ,17108,24.685379028320312
2023-02-03,COPX,11070,36.97659683227539
2023-02-03,GDX,13828,29.271446228027344
2023-02-03,SMH,3363,122.79125213623047
2023-02-03,TQQQ,111509,12.198967933654785
2023-02-03,ROBO,7654,54.0123176574707
2023-02-03,BOTZ,16896,24.28961944580078
2023-02-06,COPX,11067,36.130516052246094
2023-02-06,GDX,13910,29.16524887084961
2023-02-06,SMH,3364,120.74909210205078
2023-02-06,TQQQ,112316,11.88825798034668
2023-02-06,ROBO,7598,53.04216003417969
2023-02-06,BOTZ,16978,23.923545837402344
2023-02-07,COPX,11138,37.060279846191406
2023-02-07,GDX,13887,29.570724487304688
2023-02-07,SMH,3353,124.37467956542969
2023-02-07,TQQQ,120594,12.62440299987793
2023-02-07,ROBO,7652,53.784629821777344
2023-02-07,BOTZ,16869,24.398452758789062
2023-02-08,COPX,11681,36.641883850097656
2023-02-08,SMH,3485,121.93789672851562
2023-02-08,TQQQ,115537,11.945622444152832
2023-02-08,IXP,7216,59.10453796386719
2023-02-08,BITO,110830,3.8537795543670654
2023-02-08,XLC,7806,54.427406311035156
2023-02-09,COPX,11597,36.52101135253906
2023-02-09,SMH,3475,122.42130279541016
2023-02-09,TQQQ,110513,11.625349998474121
2023-02-09,IXP,7176,58.288330078125
2023-02-09,BITO,112254,3.7051405906677246
2023-02-09,XLC,7827,53.23773956298828
2023-02-10,COPX,11287,35.74930953979492
2023-02-10,SMH,3382,120.36433410644531
2023-02-10,TQQQ,114902,11.386343002319336
2023-02-10,IXP,7056,57.61285400390625
2023-02-10,BITO,111311,3.661900758743286
2023-02-10,XLC,7709,52.729244232177734
2023-02-13,COPX,11499,36.177001953125
2023-02-13,SMH,3392,122.1746597290039
2023-02-13,TQQQ,113438,11.92650032043457
2023-02-13,IXP,7071,58.36337661743164
2023-02-13,BITO,112996,3.656496524810791
2023-02-13,XLC,7739,53.47758865356445
2023-02-14,COPX,11457,36.725563049316406
2023-02-14,SMH,3409,124.80382537841797
2023-02-14,TQQQ,110075,12.184627532958984
2023-02-14,IXP,7126,58.26956558227539
2023-02-14,BITO,113738,3.7564878463745117
2023-02-14,XLC,7775,53.49677658081055
2023-02-15,COPX,10937,36.36295700073242
2023-02-15,SMH,3194,124.79889678955078
2023-02-15,TQQQ,109619,12.457098007202148
2023-02-15,IXP,6803,58.691741943359375
2023-02-15,BITO,102889,4.078086853027344
2023-02-15,BOTZ,16549,24.022485733032227
2023-02-16,COPX,10930,36.59539031982422
2023-02-16,SMH,3235,121.41007995605469
2023-02-16,TQQQ,120404,11.744853973388672
2023-02-16,IXP,6823,58.03502655029297
2023-02-16,BITO,96028,4.151055335998535
2023-02-16,BOTZ,16655,23.695985794067383
2023-02-17,COPX,10688,36.43733596801758
2023-02-17,SMH,3222,119.752685546875
2023-02-17,TQQQ,116969,11.491504669189453
2023-02-17,IXP,6737,57.73481369018555
2023-02-17,BITO,96268,4.19699764251709
2023-02-17,BOTZ,16594,23.32990837097168
2023-02-21,COPX,10433,36.57680130004883
2023-02-21,SMH,3244,116.11229705810547
2023-02-21,TQQQ,128129,10.683656692504883
2023-02-21,IXP,6700,56.665306091308594
2023-02-21,BITO,92040,4.12673282623291
2023-02-21,BOTZ,16567,22.686803817749023
2023-02-22,COPX,10366,35.72141647338867
2023-02-22,SMH,3223,115.54503631591797
2023-02-22,TQQQ,119553,10.693218231201172
2023-02-22,IXP,6622,56.580867767333984
2023-02-22,BITO,92787,4.010524749755859
2023-02-22,BOTZ,16532,22.667015075683594
2023-02-23,COPX,10965,35.20075988769531
2023-02-23,TQQQ,117632,10.960907936096191
2023-02-23,IXP,6897,56.23373794555664
2023-02-23,BITO,96629,4.040252208709717
2023-02-23,BOTZ,16860,23.211181640625
2023-02-23,XLC,7510,51.798614501953125
2023-02-24,COPX,10981,34.14082336425781
2023-02-24,TQQQ,120302,10.40640926361084
2023-02-24,IXP,6825,55.5113525390625
2023-02-24,BITO,94514,3.897019863128662
2023-02-24,BOTZ,16430,22.993515014648438
2023-02-24,XLC,7407,51.079063415527344
2023-02-27,COPX,11183,34.89392852783203
2023-02-27,TQQQ,119018,10.631078720092773
2023-02-27,IXP,6856,55.76465606689453
2023-02-27,BITO,96070,3.913234233856201
2023-02-27,BOTZ,16414,23.300228118896484
2023-02-27,XLC,7460,51.24216079711914
2023-02-28,COPX,10870,35.21004867553711
2023-02-28,TQQQ,120077,10.578493118286133
2023-02-28,IXP,6828,55.727134704589844
2023-02-28,BITO,96940,3.9051260948181152
2023-02-28,BOTZ,16332,23.290332794189453
2023-02-28,XLC,7446,51.32850646972656
2023-03-01,COPX,10589,36.79994201660156
2023-03-01,TQQQ,124851,10.320364952087402
2023-03-01,IXP,6836,55.81156921386719
2023-03-01,BITO,96372,3.927171230316162
2023-03-01,BOTZ,16319,23.34969711303711
2023-03-01,XLC,7484,50.93514633178711
2023-03-02,COPX,11156,36.48382568359375
2023-03-02,TQQQ,134580,10.568936347961426
2023-03-02,BITO,103753,3.940778970718384
2023-03-02,BOTZ,17517,23.41895294189453
2023-03-02,ROBO,7815,52.43827819824219
2023-03-02,SMH,3477,119.21499633789062
2023-03-03,COPX,11344,37.534446716308594
2023-03-03,TQQQ,129710,11.214254379272461
2023-03-03,BITO,111597,3.7257776260375977
2023-03-03,BOTZ,17780,24.151107788085938
2023-03-03,ROBO,7925,53.40843963623047
2023-03-03,SMH,3510,120.83294677734375
2023-03-06,COPX,11635,36.59539031982422
2023-03-06,TQQQ,126618,11.262057304382324
2023-03-06,BITO,115037,3.7393863201141357
2023-03-06,BOTZ,17719,24.04227066040039
2023-03-06,ROBO,8052,53.15105056762695
2023-03-06,SMH,3560,119.75760650634766
2023-03-07,COPX,11770,34.89392852783203
2023-03-07,TQQQ,126429,10.841403007507324
2023-03-07,BITO,114231,3.687675952911377
2023-03-07,BOTZ,17737,23.656410217285156
2023-03-07,ROBO,8037,52.44817352294922
2023-03-07,SMH,3565,118.42082977294922
2023-03-08,COPX,11924,35.30303192138672
2023-03-08,TQQQ,126797,10.989587783813477
2023-03-08,BITO,113412,3.693119525909424
2023-03-08,BOTZ,17501,23.94333267211914
2023-03-08,ROBO,7928,52.992652893066406
2023-03-08,SMH,3506,121.51860809326172
2023-03-09,TQQQ,127252,10.411190032958984
2023-03-09,BITO,115900,3.3610925674438477
2023-03-09,BOTZ,17498,23.547574996948242
2023-03-09,ROBO,7943,52.170989990234375
2023-03-09,SMH,3477,119.19034576416016
2023-03-09,XLC,8090,50.85839080810547
2023-03-10,TQQQ,128712,9.980975151062012
2023-03-10,BITO,121062,3.3338770866394043
2023-03-10,BOTZ,17133,23.042985916137695
2023-03-10,ROBO,7733,51.181026458740234
2023-03-10,SMH,3381,117.26162719726562
2023-03-10,XLC,7967,50.13883590698242
2023-03-13,BITO,105048,4.076855182647705
2023-03-13,BOTZ,17367,23.062772750854492
2023-03-13,ROBO,7786,51.15132522583008
2023-03-13,SMH,3407,117.18270874023438
2023-03-13,XLC,7931,50.13883590698242
2023-03-13,BSV,18986,67.09290313720703
2023-03-14,BITO,93407,4.210211277008057
2023-03-14,BOTZ,17357,23.458528518676758
2023-03-14,ROBO,7884,51.596805572509766
2023-03-14,SMH,3413,120.68990325927734
2023-03-14,XLC,7968,51.55876922607422
2023-03-14,SPXL,21458,62.023963928222656
2023-03-15,BITO,94252,4.095905303955078
2023-03-15,BOTZ,17322,22.914365768432617
2023-03-15,ROBO,7888,50.59695053100586
2023-03-15,SMH,3336,119.33338928222656
2023-03-15,XLC,7758,52.1152229309082
2023-03-15,TQQQ,116671,11.046950340270996
2023-03-16,BITO,90578,4.193881034851074
2023-03-16,BOTZ,16279,23.735559463500977
2023-03-16,SMH,3161,124.10830688476562
2023-03-16,XLC,7214,53.285709381103516
2023-03-16,IXP,6692,57.28449249267578
2023-03-16,TECL,45949,29.803794860839844
2023-03-17,BITO,88874,4.531351089477539
2023-03-17,BOTZ,16858,23.507997512817383
2023-03-17,SMH,3200,123.47692108154297
2023-03-17,XLC,7486,52.7772216796875
2023-03-17,IXP,6958,56.871700286865234
2023-03-17,TQQQ,102389,11.744853973388672
2023-03-20,BITO,83882,4.67287015914917
2023-03-20,BOTZ,16800,23.794923782348633
2023-03-20,SMH,3204,124.71996307373047
2023-03-20,XLC,7510,53.17165756225586
2023-03-20,IXP,6978,57.36892318725586
2023-03-20,TQQQ,105220,11.869139671325684
2023-03-21,BITO,85744,4.738187313079834
2023-03-21,BOTZ,16844,24.250043869018555
2023-03-21,SMH,3218,125.11459350585938
2023-03-21,XLC,7527,54.306854248046875
2023-03-21,IXP,6992,58.42905044555664
2023-03-21,TQQQ,100888,12.371053695678711
2023-03-22,BITO,85830,4.468756198883057
2023-03-22,BOTZ,16784,23.973011016845703
2023-03-22,SMH,3267,124.310546875
2023-03-22,XLC,7549,53.354434967041016
2023-03-22,IXP,7011,57.82863235473633
2023-03-22,TQQQ,103948,11.866212844848633
2023-03-23,BITO,78744,4.784455299377441
2023-03-23,BOTZ,14914,24.19068145751953
2023-03-23,SMH,2858,127.6155014038086
2023-03-23,XLC,6714,54.22026824951172
2023-03-23,TQQQ,98024,12.289319038391113
2023-03-23,XLK,5106,71.12957000732422
2023-03-24,BITO,77268,4.670148849487305
2023-03-24,BOTZ,15009,24.10163688659668
2023-03-24,SMH,2853,125.5979995727539
2023-03-24,XLC,6674,54.49925994873047
2023-03-24,TQQQ,99089,12.414324760437012
2023-03-24,XLK,5105,71.31524658203125
2023-03-27,BITO,78312,4.517743110656738
2023-03-27,BOTZ,15043,24.220361709594727
2023-03-27,SMH,2895,124.13296508789062
2023-03-27,XLC,6691,54.19141387939453
2023-03-27,TQQQ,98937,12.159501075744629
2023-03-27,XLK,5105,70.76314544677734
2023-03-28,BITO,79630,4.5939459800720215
2023-03-28,BOTZ,14788,24.10163688659668
2023-03-28,SMH,2895,123.26973724365234
2023-03-28,XLC,6620,53.74887466430664
2023-03-28,TQQQ,100570,11.957563400268555
2023-03-28,XLK,5069,70.43090057373047
2023-03-29,BITO,76712,4.759960651397705
2023-03-29,BOTZ,14935,24.566652297973633
2023-03-29,SMH,2910,127.10741424560547
2023-03-29,XLC,6711,54.46078109741211
2023-03-29,TQQQ,99999,12.611454963684082
2023-03-29,XLK,5105,71.90641784667969
2023-03-30,BITO,76621,4.689199447631836
2023-03-30,BOTZ,14802,24.7645320892334
2023-03-30,SMH,2858,128.92759704589844
2023-03-30,XLC,6723,54.72053146362305
2023-03-30,TQQQ,94869,12.952825546264648
2023-03-30,XLK,5058,72.74193572998047
2023-03-31,BITO,77589,4.768126010894775
2023-03-31,BOTZ,14769,25.22954559326172
2023-03-31,SMH,2873,129.82537841796875
2023-03-31,XLC,6705,55.76914596557617
2023-03-31,TQQQ,94795,13.587486267089844
2023-03-31,XLK,5060,73.78264617919922
2023-04-03,BITO,78894,4.6856513023376465
2023-04-03,BOTZ,14792,25.189970016479492
2023-04-03,SMH,2879,129.08547973632812
2023-04-03,XLC,6716,56.00003433227539
2023-04-03,TQQQ,94520,13.491324424743652
2023-04-03,XLK,5071,73.6653823852539
2023-04-04,BITO,79476,4.705220699310303
2023-04-04,BOTZ,14874,24.804105758666992
2023-04-04,SMH,2897,127.10249328613281
2023-04-04,XLC,6690,56.1732063293457
2023-04-04,TQQQ,93505,13.35669994354248
2023-04-04,XLK,5081,73.25985717773438
2023-04-05,BITO,77752,4.708016395568848
2023-04-05,BOTZ,15053,24.32919692993164
2023-04-05,SMH,2940,124.87782287597656
2023-04-05,XLC,6581,55.99041748046875
2023-04-05,TQQQ,99059,12.92878532409668
2023-04-05,XLK,5073,72.42435455322266
2023-04-06,BITO,82292,4.666080474853516
2023-04-06,SMH,3100,124.50292205810547
2023-04-06,XLC,6856,56.69270706176758
2023-04-06,TQQQ,100427,13.1884183883667
2023-04-06,XLK,5331,72.83478546142578
2023-04-06,QQQ,1244,311.8387451171875
2023-04-10,BITO,81690,4.884148120880127
2023-04-10,SMH,3121,126.38724517822266
2023-04-10,XLC,6843,56.5676383972168
2023-04-10,TQQQ,110112,13.159570693969727
2023-04-10,XLK,5339,72.79568481445312
2023-04-10,QQQ,1246,311.6622619628906
2023-04-11,BITO,78174,5.035118103027344
2023-04-11,SMH,3105,125.71639251708984
2023-04-11,XLC,6949,56.4233283996582
2023-04-11,TQQQ,115282,12.904746055603027
2023-04-11,XLK,5419,72.11164093017578
2023-04-11,QQQ,1263,309.6620788574219
2023-04-12,BITO,78116,4.973611354827881
2023-04-12,SMH,3105,123.48184967041016
2023-04-12,XLC,6934,55.836490631103516
2023-04-12,TQQQ,115346,12.563375473022461
2023-04-12,XLK,5423,71.70123291015625
2023-04-12,QQQ,1263,306.9266357421875
2023-04-13,BITO,76447,5.077052593231201
2023-04-13,SMH,3127,124.478271484375
2023-04-13,XLC,6876,57.00054931640625
2023-04-13,TQQQ,116907,13.28458023071289
2023-04-13,XLK,5381,73.03510284423828
2023-04-13,QQQ,1255,312.93695068359375
2023-04-14,BITO,88686,5.063075065612793
2023-04-14,XLC,8006,56.98131561279297
2023-04-14,TQQQ,115608,13.207651138305664
2023-04-14,XLK,6247,72.62955474853516
2023-04-14,QQQ,1457,312.3485412597656
2023-04-14,GDX,13287,33.87648391723633
2023-04-17,BITO,92240,4.9065141677856445
2023-04-17,XLC,8004,56.65422058105469
2023-04-17,TQQQ,114331,13.222073554992676
2023-04-17,XLK,6203,72.8934097290039
2023-04-17,QQQ,1446,312.6133117675781
2023-04-17,GDX,13470,33.11380386352539
2023-04-18,BITO,90842,5.037912845611572
2023-04-18,XLC,8063,56.3656120300293
2023-04-18,TQQQ,113285,13.231691360473633
2023-04-18,XLK,6244,73.11814880371094
2023-04-18,QQQ,1457,312.6328430175781
2023-04-18,GDX,13807,33.355159759521484
2023-04-19,BITO,91515,4.864577293395996
2023-04-19,XLC,7992,55.94230651855469
2023-04-19,TQQQ,114916,13.20284366607666
2023-04-19,XLK,6148,72.90807342529297
2023-04-19,QQQ,1436,312.48583984375
2023-04-19,GDX,13599,32.90141296386719
2023-04-20,BITO,92685,4.666080474853516
2023-04-20,XLC,8001,55.36509323120117
2023-04-20,TQQQ,115184,12.895129203796387
2023-04-20,XLK,6134,72.42925262451172
2023-04-20,QQQ,1432,310.1033935546875
2023-04-20,GDX,13378,32.882102966308594
2023-04-21,BITO,94204,4.5346808433532715
2023-04-21,TQQQ,114547,12.919168472290039
2023-04-21,XLK,6118,72.19471740722656
2023-04-21,QQQ,1425,310.4268798828125
2023-04-21,IGV,7353,60.158203125
2023-04-21,BOTZ,17723,24.932727813720703
2023-04-24,BITO,96725,4.551455974578857
2023-04-24,TQQQ,113843,12.842241287231445
2023-04-24,XLK,6122,71.87712860107422
2023-04-24,QQQ,1420,309.7798156738281
2023-04-24,IGV,7331,59.742313385009766
2023-04-24,BOTZ,17730,24.84368133544922
2023-04-25,BITO,95631,4.590595722198486
2023-04-25,TQQQ,114809,12.116229057312012
2023-04-25,XLK,6086,70.34294128417969
2023-04-25,QQQ,1413,303.9361267089844
2023-04-25,IGV,7344,57.952781677246094
2023-04-25,BOTZ,17597,24.3588809967041
2023-04-26,BITO,88140,4.640918731689453
2023-04-26,TQQQ,116406,12.318166732788086
2023-04-26,XLK,6103,71.3885269165039
2023-04-26,QQQ,1421,305.7794189453125
2023-04-26,IGV,7483,58.106746673583984
2023-04-26,BOTZ,17805,24.269834518432617
2023-04-27,BITO,91340,4.94844913482666
2023-04-27,TQQQ,114650,13.313426971435547
2023-04-27,XLK,6123,72.90318298339844
2023-04-27,QQQ,1419,314.0938415527344
2023-04-27,IGV,7528,59.06249237060547
2023-04-27,BOTZ,17958,24.73484992980957
2023-04-28,BITO,92211,4.867373466491699
2023-04-28,TQQQ,112643,13.582676887512207
2023-04-28,XLK,6160,73.6947021484375
2023-04-28,QQQ,1430,316.2606201171875
2023-04-28,IGV,1,59.2844352722168
2023-04-28,GDX,13766,32.418704986572266
2023-04-28,XLC,7892,57.62587356567383
2023-05-01,BITO,95632,4.605859279632568
2023-05-01,TQQQ,111572,13.544212341308594
2023-05-01,XLK,6150,73.73866271972656
2023-05-01,QQQ,1434,315.8979187011719
2023-05-01,GDX,13736,32.254581451416016
2023-05-01,XLC,7871,57.616249084472656
2023-05-02,BITO,97066,4.766263008117676
2023-05-02,TQQQ,111037,13.183611869812012
2023-05-02,XLK,6105,73.04975128173828
2023-05-02,QQQ,1428,313.1427917480469
2023-05-02,GDX,13956,33.53858947753906
2023-05-02,XLC,7848,56.54839324951172
2023-05-03,BITO,95640,4.691788196563721
2023-05-03,TQQQ,112778,12.923977851867676
2023-05-03,XLK,6116,72.43413543701172
2023-05-03,QQQ,1427,311.0936584472656
2023-05-03,GDX,13377,33.654441833496094
2023-05-03,XLC,7892,56.32713317871094
2023-05-04,BITO,92524,4.794905662536621
2023-05-04,TQQQ,114644,12.779736518859863
2023-05-04,XLK,6138,72.08721923828125
2023-05-04,QQQ,1425,309.9954528808594
2023-05-04,GDX,13058,34.45573425292969
2023-05-04,XLC,7904,55.422813415527344
2023-05-05,BITO,92454,4.923800945281982
2023-05-05,TQQQ,113731,13.563445091247559
2023-05-05,XLK,6113,73.89502716064453
2023-05-05,GDX,13311,34.17576599121094
2023-05-05,SLV,19028,23.56999969482422
2023-05-05,XLP,6382,70.17674255371094
2023-05-08,BITO,97659,4.528522968292236
2023-05-08,TQQQ,111460,13.674030303955078
2023-05-08,XLK,6125,73.8559341430664
2023-05-08,GDX,13186,34.137149810791016
2023-05-08,SLV,19223,23.489999771118164
2023-05-08,XLP,6459,69.96762084960938
2023-05-09,BITO,97986,4.585808753967285
2023-05-09,TQQQ,111438,13.409586906433105
2023-05-09,XLK,6125,73.28916931152344
2023-05-09,GDX,13209,34.030948638916016
2023-05-09,SLV,19226,23.479999542236328
2023-05-09,XLP,6430,69.74940490722656
2023-05-10,BITO,97751,4.585808753967285
2023-05-10,TQQQ,110533,13.842309951782227
2023-05-10,XLK,6150,74.18330383300781
2023-05-10,GDX,13342,33.78959655761719
2023-05-10,SLV,19267,23.309999465942383
2023-05-10,XLP,6517,69.6402816772461
2023-05-11,BITO,99928,4.442592620849609
2023-05-11,TQQQ,108520,13.957703590393066
2023-05-11,XLK,6111,73.85104370117188
2023-05-11,GDX,13513,32.36077880859375
2023-05-11,SLV,19996,22.200000762939453
2023-05-11,XLP,6500,69.84941101074219
2023-05-12,BITO,102728,4.379575252532959
2023-05-12,TQQQ,106753,13.813462257385254
2023-05-12,GDX,13892,32.43801498413086
2023-05-12,SLV,20367,22.020000457763672
2023-05-12,QQQ,1402,318.6824645996094
2023-05-12,XLC,7812,57.443092346191406
2023-05-15,BITO,99215,4.542842864990234
2023-05-15,TQQQ,108036,14.025015830993652
2023-05-15,GDX,13786,32.73729705810547
2023-05-15,SLV,20307,22.100000381469727
2023-05-15,QQQ,1408,320.40814208984375
2023-05-15,XLC,7826,57.71246337890625
2023-05-16,BITO,100255,4.459778308868408
2023-05-16,TQQQ,107539,14.07790470123291
2023-05-16,GDX,13786,31.8684139251709
2023-05-16,SLV,20432,21.809999465942383
2023-05-16,QQQ,1407,320.7708435058594
2023-05-16,XLC,7826,57.64510726928711
2023-05-17,BITO,102047,4.539979457855225
2023-05-17,TQQQ,105952,14.582746505737305
2023-05-17,GDX,14164,31.598098754882812
2023-05-17,SLV,20602,21.81999969482422
2023-05-17,QQQ,1404,324.6534729003906
2023-05-17,XLC,7822,58.34739685058594
2023-05-18,BITO,101497,4.428269386291504
2023-05-18,TQQQ,104158,15.366455078125
2023-05-18,GDX,14705,30.777494430541992
2023-05-18,SLV,21134,21.559999465942383
2023-05-18,QQQ,1405,330.6834411621094
2023-05-18,XLC,7822,59.396018981933594
2023-05-19,TQQQ,101299,15.2606782913208
2023-05-19,GDX,15120,31.047813415527344
2023-05-19,QQQ,1414,329.938232421875
2023-05-19,XLK,6078,76.94385528564453
2023-05-19,SMH,3546,131.50746154785156
2023-05-19,BOTZ,17701,26.2980899810791
2023-05-22,TQQQ,101653,15.419343948364258
2023-05-22,GDX,15001,30.767841339111328
2023-05-22,QQQ,1410,331.046142578125
2023-05-22,XLK,6056,77.09043884277344
2023-05-22,SMH,3563,131.39894104003906
2023-05-22,BOTZ,17666,26.555334091186523
2023-05-23,TQQQ,101749,14.823147773742676
2023-05-23,GDX,15137,30.555448532104492
2023-05-23,QQQ,1407,326.8497619628906
2023-05-23,XLK,6040,75.95201110839844
2023-05-23,SMH,3547,129.50474548339844
2023-05-23,BOTZ,17616,25.94190788269043
2023-05-24,TQQQ,103430,14.582746505737305
2023-05-24,GDX,14706,29.85069465637207
2023-05-24,QQQ,1390,325.1731262207031
2023-05-24,XLK,5994,75.39501190185547
2023-05-24,SMH,3555,127.6007080078125
2023-05-24,BOTZ,17489,25.862756729125977
2023-05-25,TQQQ,100849,15.635704040527344
2023-05-25,GDX,15908,29.213520050048828
2023-05-25,QQQ,1415,333.08563232421875
2023-05-25,XLK,6081,78.28746795654297
2023-05-25,SMH,3460,138.5711669921875
2023-05-25,BOTZ,17575,26.644378662109375
2023-05-26,TQQQ,100575,16.8184814453125
2023-05-26,QQQ,1424,341.59600830078125
2023-05-26,XLK,6065,80.51058959960938
2023-05-26,SMH,3403,145.3783721923828
2023-05-26,IGV,7481,64.66302490234375
2023-05-26,XLC,8102,59.800071716308594
2023-05-30,TQQQ,96917,17.054073333740234
2023-05-30,QQQ,1467,343.1451721191406
2023-05-30,XLK,6213,80.94055938720703
2023-05-30,SMH,3415,146.07884216308594
2023-05-30,IGV,7718,65.14889526367188
2023-05-30,XLC,8420,59.896278381347656
2023-05-31,TQQQ,98092,16.7078914642334
2023-05-31,QQQ,1449,341.1940612792969
2023-05-31,XLK,6149,80.26629638671875
2023-05-31,SMH,3441,142.3891143798828
2023-05-31,IGV,7648,65.58277893066406
2023-05-31,XLC,8297,59.87703323364258
2023-06-01,TQQQ,98395,17.313705444335938
2023-06-01,QQQ,1447,345.135498046875
2023-06-01,XLK,6162,81.08223724365234
2023-06-01,SMH,3450,144.52993774414062
2023-06-01,IGV,7623,65.59477996826172
2023-06-01,XLC,8212,60.685150146484375
2023-06-02,TQQQ,96415,17.703155517578125
2023-06-02,QQQ,1465,347.7239685058594
2023-06-02,XLK,6233,81.54640197753906
2023-06-02,SMH,3484,144.17478942871094
2023-06-02,IGV,7702,66.01866912841797
2023-06-02,XLC,8412,60.76210403442383
2023-06-05,TQQQ,95911,17.741621017456055
2023-06-05,QQQ,1464,347.9691467285156
2023-06-05,XLK,6239,81.0773696899414
2023-06-05,SMH,3540,142.369384765625
2023-06-05,SLV,23631,21.639999389648438
2023-06-05,BITO,115328,4.218057632446289
2023-06-06,TQQQ,95293,17.722389221191406
2023-06-06,QQQ,1452,347.9102478027344
2023-06-06,XLK,6236,81.05780029296875
2023-06-06,SMH,3560,143.3756866455078
2023-06-06,SLV,23316,21.649999618530273
2023-06-06,BITO,119893,4.477267742156982
2023-06-07,TQQQ,95776,16.8184814453125
2023-06-07,QQQ,1465,342.0078125
2023-06-07,XLK,6307,79.84610748291016
2023-06-07,SMH,3533,142.55685424804688
2023-06-07,SLV,23517,21.510000228881836
2023-06-07,BITO,115501,4.371226787567139
2023-06-08,TQQQ,98431,17.395442962646484
2023-06-08,QQQ,1453,346.2532958984375
2023-06-08,XLK,6219,80.71092987060547
2023-06-08,SMH,3485,144.20437622070312
2023-06-08,SLV,22593,22.299999237060547
2023-06-08,BITO,114067,4.385956764221191
2023-06-09,TQQQ,96638,17.60699462890625
2023-06-09,QQQ,1470,347.5769348144531
2023-06-09,XLK,6304,81.11156463623047
2023-06-09,SMH,3503,144.86537170410156
2023-06-09,SLV,22968,22.270000457763672
2023-06-09,BITO,115795,4.353553771972656
2023-06-12,TQQQ,95602,18.506099700927734
2023-06-12,QQQ,1467,353.44989013671875
2023-06-12,XLK,6273,82.87540435791016
2023-06-12,SMH,3497,149.14700317382812
2023-06-12,IGV,7677,67.60733032226562
2023-06-12,BOTZ,18049,28.504438400268555
2023-06-13,TQQQ,93769,18.919586181640625
2023-06-13,QQQ,1494,356.16583251953125
2023-06-13,XLK,6368,83.3786392211914
2023-06-13,SMH,3510,151.2089080810547
2023-06-13,IGV,7724,68.05723571777344
2023-06-13,BOTZ,18443,28.989240646362305
2023-06-14,TQQQ,93582,19.32345962524414
2023-06-14,QQQ,1492,358.7542724609375
2023-06-14,XLK,6377,84.23857879638672
2023-06-14,SMH,3523,153.50758361816406
2023-06-14,IGV,7816,68.47315979003906
2023-06-14,BOTZ,18298,29.107967376708984
2023-06-15,TQQQ,93248,20.001394271850586
2023-06-15,QQQ,1495,363.0291748046875
2023-06-15,XLK,6372,85.32324981689453
2023-06-15,SMH,3518,152.4026336669922
2023-06-15,IGV,7861,69.86689758300781
2023-06-15,BOTZ,18416,29.404787063598633
2023-06-16,QQQ,1523,360.74456787109375
2023-06-16,XLK,6462,84.61968231201172
2023-06-16,SMH,3621,151.31744384765625
2023-06-16,IGV,7886,69.44497680664062
2023-06-16,BOTZ,18759,29.276166915893555
2023-06-16,UVXY,3297,530.0
2023-06-20,QQQ,1508,360.228271484375
2023-06-20,XLK,6440,84.04780578613281
2023-06-20,SMH,3596,150.78468322753906
2023-06-20,IGV,7871,68.79509735107422
2023-06-20,BOTZ,18594,28.96945571899414
2023-06-20,TQQQ,93170,19.520591735839844
2023-06-21,QQQ,1504,355.3191833496094
2023-06-21,XLK,6448,82.80416107177734
2023-06-21,SMH,3599,147.33175659179688
2023-06-21,IGV,7876,67.52334594726562
2023-06-21,BOTZ,18637,28.6330623626709
2023-06-21,TQQQ,93100,18.738262176513672
2023-06-22,QQQ,1481,359.5115051269531
2023-06-22,XLK,6361,83.47984313964844
2023-06-22,SMH,3588,148.06179809570312
2023-06-22,IGV,7809,67.89327239990234
2023-06-22,BOTZ,18541,28.395606994628906
2023-06-22,TQQQ,94408,19.36046028137207
2023-06-23,QQQ,1479,355.9475402832031
2023-06-23,XLK,6377,82.57405853271484
2023-06-23,SMH,3607,145.5460968017578
2023-06-23,IGV,7837,67.32937622070312
2023-06-23,BOTZ,18904,27.643667221069336
2023-06-23,TQQQ,93587,18.786495208740234
2023-06-26,QQQ,1479,351.1758728027344
2023-06-26,XLK,6360,81.98161315917969
2023-06-26,SMH,3593,144.875244140625
2023-06-26,IGV,7829,66.75547790527344
2023-06-26,BOTZ,18961,27.465576171875
2023-06-26,TQQQ,93715,18.043720245361328
2023-06-27,QQQ,1473,357.2140197753906
2023-06-27,XLK,6310,83.59736633300781
2023-06-27,SMH,3571,149.4725799560547
2023-06-27,IGV,7733,68.0472412109375
2023-06-27,TQQQ,94805,18.936016082763672
2023-06-27,XLY,6493,81.22573852539062
2023-06-28,QQQ,1482,357.9111633300781
2023-06-28,XLK,6337,83.64631652832031
2023-06-28,SMH,3586,148.12098693847656
2023-06-28,IGV,7781,68.39717864990234
2023-06-28,TQQQ,94160,19.051773071289062
2023-06-28,XLY,6503,81.54705047607422
2023-06-29,QQQ,1491,357.1944274902344
2023-06-29,XLK,6371,83.79320526123047
2023-06-29,SMH,3586,147.90394592285156
2023-06-29,IGV,7794,68.38717651367188
2023-06-29,TQQQ,93675,18.921545028686523
2023-06-29,XLY,6530,81.63467407226562
2023-06-30,QQQ,1501,362.702392578125
2023-06-30,XLK,6401,85.12496948242188
2023-06-30,SMH,3618,150.20262145996094
2023-06-30,IGV,7859,69.16902923583984
2023-06-30,TQQQ,92674,19.775257110595703
2023-06-30,XLY,6580,82.67167663574219
2023-07-03,QQQ,1509,363.5566101074219
2023-07-03,XLK,6443,84.94381713867188
2023-07-03,SMH,3629,151.5344696044922
2023-07-03,IGV,7955,68.80709838867188
2023-07-03,TQQQ,91990,19.910308837890625
2023-07-03,XLY,6568,83.66971588134766
2023-07-05,QQQ,1504,363.5467529296875
2023-07-05,XLK,6451,84.419921875
2023-07-05,SMH,3624,148.6734619140625
2023-07-05,IGV,1,68.79309844970703
2023-07-05,TQQQ,92365,19.89583969116211
2023-07-05,XLY,6515,83.70380401611328
2023-07-05,BOTZ,19182,28.280170440673828
2023-07-06,QQQ,1490,360.7780456542969
2023-07-06,XLK,6412,84.19469451904297
2023-07-06,SMH,3661,146.90753173828125
2023-07-06,TQQQ,92646,19.42798614501953
2023-07-06,XLY,6485,82.355224609375
2023-07-06,BOTZ,19182,27.705245971679688
2023-07-07,QQQ,1490,359.5802001953125
2023-07-07,XLK,6391,83.8274917602539
2023-07-07,SMH,3654,147.04566955566406
2023-07-07,TQQQ,92366,19.23023223876953
2023-07-07,XLY,6518,82.45745086669922
2023-07-07,BOTZ,19380,27.962968826293945
2023-07-10,QQQ,1489,359.6980285644531
2023-07-10,XLK,6403,84.04780578613281
2023-07-10,SMH,3625,149.12728881835938
2023-07-10,TQQQ,92949,19.244699478149414
2023-07-10,XLY,6482,82.71063232421875
2023-07-10,BOTZ,19216,28.3198184967041
2023-07-11,QQQ,1499,361.47509765625
2023-07-11,XLK,6410,84.22895050048828
2023-07-11,SMH,3597,149.28512573242188
2023-07-11,TQQQ,93233,19.51962661743164
2023-07-11,XLY,6509,83.40193939208984
2023-07-11,BOTZ,18945,28.637012481689453
2023-07-12,QQQ,1515,366.0406494140625
2023-07-12,SMH,3656,152.42236328125
2023-07-12,TQQQ,91514,20.243114471435547
2023-07-12,XLY,6552,84.1517105102539
2023-07-12,BOTZ,19202,28.99386215209961
2023-07-12,IGV,7828,70.51078033447266
2023-07-13,QQQ,1527,372.2554016113281
2023-07-13,SMH,3656,156.08248901367188
2023-07-13,TQQQ,90597,21.25116729736328
2023-07-13,XLY,6639,84.94038391113281
2023-07-13,BOTZ,19189,29.608434677124023
2023-07-13,IGV,7934,71.67656707763672
2023-07-14,QQQ,1537,372.1768798828125
2023-07-14,SMH,3659,154.7900848388672
2023-07-14,TQQQ,89535,21.231876373291016
2023-07-14,XLY,6744,85.15945434570312
2023-07-14,BOTZ,19387,29.1524600982666
2023-07-14,IGV,7984,71.72454833984375
2023-07-17,QQQ,1535,375.6524963378906
2023-07-17,SMH,3689,157.6708221435547
2023-07-17,TQQQ,89319,21.820308685302734
2023-07-17,XLY,6717,85.505126953125
2023-07-17,BOTZ,19564,29.519222259521484
2023-07-17,IGV,7956,72.62238311767578
2023-07-18,QQQ,1543,378.7255859375
2023-07-18,SMH,3687,158.10488891601562
2023-07-18,TQQQ,88839,22.341218948364258
2023-07-18,XLY,6792,85.85567474365234
2023-07-18,BOTZ,19488,29.86615562438965
2023-07-18,IGV,8005,73.30026245117188
2023-07-19,QQQ,1558,378.63726806640625
2023-07-19,SMH,3738,156.44749450683594
2023-07-19,TQQQ,87520,22.341218948364258
2023-07-19,XLY,6875,86.15751647949219
2023-07-19,IGV,8024,73.38823699951172
2023-07-19,XLK,6688,88.03819274902344
2023-07-20,QQQ,1540,369.9089050292969
2023-07-20,SMH,3766,150.91293334960938
2023-07-20,TQQQ,88478,20.77366828918457
2023-07-20,XLY,6790,83.2218017578125
2023-07-20,IGV,7963,71.59258270263672
2023-07-20,XLK,6611,86.28045654296875
2023-07-21,QQQ,1528,368.7994689941406
2023-07-21,SMH,3731,151.72189331054688
2023-07-21,TQQQ,89542,20.590383529663086
2023-07-21,XLY,6773,83.24129486083984
2023-07-21,IGV,7881,71.7785415649414
2023-07-21,XLK,6549,86.23638916015625
2023-07-24,QQQ,1521,369.3885803222656
2023-07-24,SMH,3701,151.85015869140625
2023-07-24,TQQQ,90373,20.672378540039062
2023-07-24,XLY,6763,83.78656005859375
2023-07-24,IGV,7822,71.55658721923828
2023-07-24,XLK,6491,86.38818359375
2023-07-25,QQQ,1521,371.89215087890625
2023-07-25,SMH,3696,154.2869415283203
2023-07-25,TQQQ,90331,21.087177276611328
2023-07-25,XLY,6724,83.59181213378906
2023-07-25,IGV,7883,72.10047912597656
2023-07-25,XLK,6497,87.377197265625
2023-07-26,QQQ,1521,370.6551208496094
2023-07-26,SMH,3690,152.5999298095703
2023-07-26,TQQQ,90020,20.870132446289062
2023-07-26,XLY,6792,83.57234191894531
2023-07-26,IGV,7870,71.4026107788086
2023-07-26,XLK,6526,86.20211791992188
2023-07-27,QQQ,1538,369.7714538574219
2023-07-27,SMH,3696,155.3425750732422
2023-07-27,TQQQ,88647,20.69167137145996
2023-07-27,XLY,6854,82.70576477050781
2023-07-27,IGV,7990,70.84871673583984
2023-07-27,XLK,6622,85.95240783691406
2023-07-28,QQQ,1532,376.50677490234375
2023-07-28,SMH,3625,158.34169006347656
2023-07-28,TQQQ,89316,21.8106632232666
2023-07-28,XLY,6850,84.10787200927734
2023-07-28,IGV,8014,71.87852478027344
2023-07-28,XLK,6601,87.12259674072266
2023-07-31,QQQ,1539,376.70306396484375
2023-07-31,SMH,3659,158.46006774902344
2023-07-31,TQQQ,88456,21.85407066345215
2023-07-31,XLY,6881,84.58499145507812
2023-07-31,IGV,8058,72.85433959960938
2023-07-31,XLK,6653,87.32334899902344
2023-08-01,QQQ,1537,375.8292541503906
2023-08-01,SMH,3661,158.37127685546875
2023-08-01,TQQQ,88988,21.685256958007812
2023-08-01,XLY,6854,83.62591552734375
2023-08-01,IGV,7974,72.89033508300781
2023-08-01,XLK,6627,87.47022247314453
2023-08-02,QQQ,1526,367.58209228515625
2023-08-02,SMH,3628,152.5604705810547
2023-08-02,TQQQ,89846,20.267227172851562
2023-08-02,XLY,1,82.12640380859375
2023-08-02,IGV,7913,70.57877349853516
2023-08-02,XLK,6554,85.30612182617188
2023-08-02,USO,7818,71.4800033569336
2023-08-03,QQQ,1497,366.9929504394531
2023-08-03,SMH,3631,152.11654663085938
2023-08-03,TQQQ,91832,20.12253189086914
2023-08-03,IGV,7815,70.11885833740234
2023-08-03,XLK,6458,84.95849609375
2023-08-03,USO,7620,73.13999938964844
2023-08-04,QQQ,1508,365.2747497558594
2023-08-04,SMH,3656,152.1757354736328
2023-08-04,TQQQ,90701,19.84278106689453
2023-08-04,IGV,7918,69.33499908447266
2023-08-04,XLK,6570,83.80299377441406
2023-08-04,USO,7599,73.79000091552734
2023-08-07,QQQ,1506,368.367431640625
2023-08-07,SMH,3602,153.8134002685547
2023-08-07,TQQQ,91468,20.334753036499023
2023-08-07,IGV,7947,69.77691650390625
2023-08-07,XLK,6565,84.03800201416016
2023-08-07,USO,7491,73.81999969482422
2023-08-08,QQQ,1495,365.2355041503906
2023-08-08,SMH,3601,151.2779541015625
2023-08-08,TQQQ,91481,19.813846588134766
2023-08-08,IGV,7966,68.63912963867188
2023-08-08,XLK,6551,83.39171600341797
2023-08-08,USO,7543,74.05999755859375
2023-08-09,QQQ,1498,361.2198486328125
2023-08-09,SMH,3624,148.2788543701172
2023-08-09,TQQQ,91957,19.153059005737305
2023-08-09,IGV,7988,67.84928131103516
2023-08-09,USO,7324,75.0999984741211
2023-08-09,XLY,6533,82.71063232421875
2023-08-10,QQQ,1492,361.8874816894531
2023-08-10,SMH,3644,147.95327758789062
2023-08-10,TQQQ,92350,19.239879608154297
2023-08-10,IGV,7930,68.28720092773438
2023-08-10,USO,7278,74.19999694824219
2023-08-10,XLY,6521,82.91023254394531
2023-08-11,QQQ,1476,359.5802001953125
2023-08-11,SMH,3632,144.2438507080078
2023-08-11,TQQQ,93896,18.854021072387695
2023-08-11,IGV,7845,68.18321228027344
2023-08-11,USO,7154,74.25
2023-08-11,XLY,6440,82.62786102294922
2023-08-14,QQQ,1471,363.6155090332031
2023-08-14,SMH,3677,148.6339874267578
2023-08-14,TQQQ,93915,19.48103904724121
2023-08-14,IGV,7780,69.07105255126953
2023-08-14,USO,7161,73.80999755859375
2023-08-14,XLY,6426,82.88101196289062
2023-08-15,QQQ,1484,359.7569580078125
2023-08-15,SMH,3625,146.8483428955078
2023-08-15,TQQQ,92844,18.882959365844727
2023-08-15,IGV,7812,68.47915649414062
2023-08-15,USO,7348,72.62000274658203
2023-08-15,XLY,6519,81.75152587890625
2023-08-16,SMH,3600,144.52993774414062
2023-08-16,TQQQ,93908,18.255937576293945
2023-08-16,IGV,7755,67.88927459716797
2023-08-16,USO,7256,71.37000274658203
2023-08-16,XLY,6499,80.73889923095703
2023-08-16,XLE,13350,39.235904693603516
2023-08-17,SMH,3597,143.55323791503906
2023-08-17,TQQQ,94705,17.638566970825195
2023-08-17,IGV,7708,66.85746765136719
2023-08-17,USO,7225,71.9800033569336
2023-08-17,XLY,6475,79.370849609375
2023-08-17,XLE,13177,39.70546340942383
2023-08-18,SMH,3547,144.16493225097656
2023-08-18,TQQQ,97830,17.556570053100586
2023-08-18,IGV,7623,67.13140869140625
2023-08-18,USO,6970,72.79000091552734
2023-08-18,XLY,6407,79.19071197509766
2023-08-18,XLE,12743,40.098270416259766
2023-08-21,SMH,3557,149.00889587402344
2023-08-21,TQQQ,96834,18.405460357666016
2023-08-21,IGV,7644,68.32318878173828
2023-08-21,USO,7036,72.58000183105469
2023-08-21,XLY,6485,80.10111236572266
2023-08-21,XLE,12831,39.84543991088867
2023-08-22,SMH,3522,147.51919555664062
2023-08-22,TQQQ,94286,18.323467254638672
2023-08-22,IGV,7727,68.26719665527344
2023-08-22,USO,7307,72.27999877929688
2023-08-22,XLY,6586,80.21795654296875
2023-08-22,XLE,13326,39.538414001464844
2023-08-23,TQQQ,94238,19.186824798583984
2023-08-23,IGV,7619,69.38899230957031
2023-08-23,USO,7386,71.36000061035156
2023-08-23,XLY,6550,80.860595703125
2023-08-23,XLE,13371,39.4390754699707
2023-08-23,XLI,5169,102.15264892578125
2023-08-24,TQQQ,91225,17.923137664794922
2023-08-24,IGV,7670,67.8152847290039
2023-08-24,USO,7613,71.41000366210938
2023-08-24,XLY,6661,79.27835083007812
2023-08-24,XLE,13807,39.16817855834961
2023-08-24,XLI,5302,100.91098022460938
2023-08-25,TQQQ,96033,18.347579956054688
2023-08-25,IGV,7637,69.15902709960938
2023-08-25,USO,7163,72.44999694824219
2023-08-25,XLY,6532,80.16441345214844
2023-08-25,XLE,13201,39.54743576049805
2023-08-25,XLI,5128,101.76103973388672
2023-08-28,TQQQ,94302,18.757556915283203
2023-08-28,IGV,7637,69.490966796875
2023-08-28,USO,7340,72.41000366210938
2023-08-28,XLY,6587,80.48572540283203
2023-08-28,XLE,13403,39.813819885253906
2023-08-28,XLI,5197,102.59202575683594
2023-08-29,TQQQ,94590,19.953718185424805
2023-08-29,IGV,7666,70.83871459960938
2023-08-29,USO,7310,73.31999969482422
2023-08-29,XLY,6600,82.49639892578125
2023-08-29,XLE,13292,39.922183990478516
2023-08-29,XLI,5181,103.37525177001953
2023-08-30,TQQQ,91765,20.286521911621094
2023-08-30,IGV,7775,71.47260284423828
2023-08-30,USO,7461,73.66000366210938
2023-08-30,XLY,6680,82.851806640625
2023-08-30,XLE,13717,40.120849609375
2023-08-30,XLI,5315,103.84326171875
2023-08-31,TQQQ,91431,20.469804763793945
2023-08-31,IGV,7732,71.99250030517578
2023-08-31,USO,7467,75.05999755859375
2023-08-31,XLY,6708,83.1098403930664
2023-08-31,XLE,13811,40.1479377746582
2023-08-31,XLI,5347,103.37525177001953
2023-09-01,TQQQ,90409,20.3974552154541
2023-09-01,IGV,7809,72.32844543457031
2023-09-01,USO,7438,76.91999816894531
2023-09-01,XLY,6763,82.60350799560547
2023-09-01,XLE,13926,40.96968078613281
2023-09-01,XLI,5430,103.91966247558594
2023-09-05,TQQQ,92232,20.450510025024414
2023-09-05,IGV,7778,72.68037414550781
2023-09-05,USO,7176,77.76000213623047
2023-09-05,XLY,6793,82.66193389892578
2023-09-05,XLE,13597,41.186405181884766
2023-09-05,XLI,5400,102.17176055908203
2023-09-06,TQQQ,91754,19.910308837890625
2023-09-06,IGV,7728,72.78434753417969
2023-09-06,USO,7209,78.5199966430664
2023-09-06,XLY,6803,81.9267807006836
2023-09-06,XLE,13610,41.2044677734375
2023-09-06,XLI,5491,101.73238372802734
2023-09-07,TQQQ,94941,19.476215362548828
2023-09-07,IGV,7570,72.61238861083984
2023-09-07,USO,6986,77.94999694824219
2023-09-07,XLE,13224,41.16382598876953
2023-09-07,QQQ,1501,365.2944030761719
2023-09-07,XLC,8506,64.3297348022461
2023-09-08,TQQQ,94351,19.534095764160156
2023-09-08,IGV,7552,72.7443618774414
2023-09-08,USO,7042,78.30000305175781
2023-09-08,XLE,13306,41.56116485595703
2023-09-08,QQQ,1506,365.8049621582031
2023-09-08,XLC,8552,64.5224609375
2023-09-11,TQQQ,93246,20.19969940185547
2023-09-11,IGV,7632,73.3342514038086
2023-09-11,USO,7092,78.37000274658203
2023-09-11,XLE,13371,41.014827728271484
2023-09-11,QQQ,1517,370.1151428222656
2023-09-11,XLC,8635,65.49569702148438
2023-09-12,TQQQ,93251,19.553390502929688
2023-09-12,IGV,7752,71.22264862060547
2023-09-12,USO,7031,79.69999694824219
2023-09-12,XLE,13457,41.98106002807617
2023-09-12,QQQ,1515,366.01116943359375
2023-09-12,XLC,8538,64.81153106689453
2023-09-13,TQQQ,94248,19.746318817138672
2023-09-13,IGV,7779,71.37261962890625
2023-09-13,USO,6932,79.68000030517578
2023-09-13,XLE,13173,41.665000915527344
2023-09-13,QQQ,1512,367.4052734375
2023-09-13,XLC,8530,65.0235366821289
2023-09-14,TQQQ,93433,20.2093505859375
2023-09-14,USO,6955,81.12000274658203
2023-09-14,XLE,13327,42.15262985229492
2023-09-14,XLC,8570,65.92929077148438
2023-09-14,XLY,6636,85.09130859375
2023-09-14,XLF,16901,33.270477294921875
2023-09-15,TQQQ,93407,19.172353744506836
2023-09-15,USO,6977,81.29000091552734
2023-09-15,XLE,13413,41.54309844970703
2023-09-15,XLC,8500,65.05242919921875
2023-09-15,XLY,6615,83.63562774658203
2023-09-15,XLF,16949,33.09941101074219
2023-09-18,TQQQ,96195,19.21576499938965
2023-09-18,USO,6712,81.44999694824219
2023-09-18,XLE,13078,41.89514923095703
2023-09-18,XLC,8451,65.09880065917969
2023-09-18,XLY,6582,82.72603607177734
2023-09-18,XLF,16605,33.190101623535156
2023-09-19,TQQQ,96257,19.100006103515625
2023-09-19,USO,6680,81.5
2023-09-19,XLE,13005,41.50397872924805
2023-09-19,XLC,8451,65.14710235595703
2023-09-19,XLY,6669,82.31148529052734
2023-09-19,XLF,16525,33.151920318603516
2023-09-20,TQQQ,95178,18.271841049194336
2023-09-20,USO,6822,80.13999938964844
2023-09-20,XLE,13307,41.11737060546875
2023-09-20,XLC,8420,64.25837707519531
2023-09-20,XLY,6656,81.49213409423828
2023-09-20,XLF,16523,32.922821044921875
2023-09-21,TQQQ,99541,17.23119354248047
2023-09-21,USO,6504,80.41000366210938
2023-09-21,XLE,12764,40.55337142944336
2023-09-21,XLC,8291,63.46625518798828
2023-09-21,XLF,16106,32.378719329833984
2023-09-21,IGV,7672,67.9852523803711
2023-09-22,TQQQ,99895,17.245712280273438
2023-09-22,USO,6427,80.62999725341797
2023-09-22,XLE,12827,40.62158966064453
2023-09-22,XLC,8217,63.38899230957031
2023-09-22,XLF,16162,32.13053512573242
2023-09-22,IGV,7678,68.10122680664062
2023-09-25,TQQQ,100676,17.473203659057617
2023-09-25,USO,6407,80.38999938964844
2023-09-25,XLE,12744,41.131011962890625
2023-09-25,XLC,8176,63.54353713989258
2023-09-25,XLF,16102,32.206905364990234
2023-09-25,IGV,7621,68.08723449707031
2023-09-26,TQQQ,100555,16.69392967224121
2023-09-26,USO,6446,80.87999725341797
2023-09-26,XLE,12644,40.89449691772461
2023-09-26,XLC,8193,62.838356018066406
2023-09-26,XLF,16127,31.77735137939453
2023-09-26,IGV,7636,67.00543212890625
2023-09-27,TQQQ,101883,16.795574188232422
2023-09-27,USO,6263,82.9000015258789
2023-09-27,XLE,12439,41.913333892822266
2023-09-27,XLC,8169,63.00257873535156
2023-09-27,XLF,16162,31.729623794555664
2023-09-27,IGV,7661,67.45735168457031
2023-09-28,TQQQ,102628,17.20215606689453
2023-09-28,USO,6226,81.56999969482422
2023-09-28,XLE,12281,41.958824157714844
2023-09-28,XLC,8137,63.69808578491211
2023-09-28,SHY,7110,72.13529968261719
2023-09-28,BIL,6388,80.17005157470703
2023-09-29,TQQQ,99150,17.240877151489258
2023-09-29,USO,6430,80.86000061035156
2023-09-29,XLE,12570,41.112815856933594
2023-09-29,XLC,8213,63.34067153930664
2023-09-29,SHY,7295,72.14423370361328
2023-09-29,BIL,6568,80.17879486083984
2023-10-02,TQQQ,100176,17.652294158935547
2023-10-02,USO,6393,79.38999938964844
2023-10-02,XLE,12638,40.29411315917969
2023-10-02,XLC,8169,63.81401824951172
2023-10-02,SHY,7200,72.07183837890625
2023-10-02,BIL,6471,80.1910629272461
2023-10-03,TQQQ,99659,16.71813201904297
2023-10-03,USO,6474,79.93000030517578
2023-10-03,XLE,12853,40.26681900024414
2023-10-03,XLC,8142,62.95428466796875
2023-10-03,SHY,7169,72.0182876586914
2023-10-03,BIL,6443,80.20862579345703
2023-10-04,TQQQ,100701,17.395761489868164
2023-10-04,USO,6522,75.58999633789062
2023-10-04,XLE,12822,39.002376556396484
2023-10-04,XLC,8085,63.553199768066406
2023-10-04,SHY,7054,72.1790542602539
2023-10-04,BIL,6341,80.2173843383789
2023-10-05,TQQQ,98034,17.211833953857422
2023-10-05,USO,8617,73.98999786376953
2023-10-05,XLE,16612,38.761314392089844
2023-10-05,SHY,8838,72.2505111694336
2023-10-05,BIL,7955,80.2699966430664
2023-10-06,TQQQ,100299,18.078231811523438
2023-10-06,USO,8476,74.16000366210938
2023-10-06,XLE,16276,38.9932746887207
2023-10-06,SHY,8744,72.18799591064453
2023-10-06,BIL,7859,80.2699966430664
2023-10-09,TQQQ,98033,18.344446182250977
2023-10-09,USO,8486,77.12999725341797
2023-10-09,XLE,16270,40.29411315917969
2023-10-09,SHY,9008,72.4023666381836
2023-10-09,BIL,8114,80.27876281738281
2023-10-10,TQQQ,96051,18.644542694091797
2023-10-10,USO,8584,76.70999908447266
2023-10-10,XLE,16430,40.344146728515625
2023-10-10,SHY,9162,72.35770416259766
2023-10-10,BIL,8253,80.27876281738281
2023-10-11,TQQQ,94351,19.041440963745117
2023-10-11,USO,8752,75.66999816894531
2023-10-11,XLE,16700,39.825626373291016
2023-10-11,SHY,9221,72.33988189697266
2023-10-11,BIL,8305,80.2962875366211
2023-10-12,TQQQ,93774,18.81878662109375
2023-10-12,USO,7019,75.41999816894531
2023-10-12,XLE,13354,39.8711051940918
2023-10-12,SHY,7436,72.2505111694336
2023-10-12,IXP,8005,66.25523376464844
2023-10-12,XLC,8086,65.52384948730469
2023-10-13,TQQQ,94250,18.10727882385254
2023-10-13,USO,6885,78.98999786376953
2023-10-13,XLE,13203,40.74894714355469
2023-10-13,SHY,7398,72.295166015625
2023-10-13,IXP,8083,65.46186065673828
2023-10-13,XLC,8164,64.78968048095703
2023-10-16,TQQQ,96293,18.71714210510254
2023-10-16,USO,6727,78.38999938964844
2023-10-16,XLE,12896,41.0218505859375
2023-10-16,SHY,7319,72.2505111694336
2023-10-16,IXP,8042,66.37801361083984
2023-10-16,XLC,8103,65.83296203613281
2023-10-17,TQQQ,96671,18.538053512573242
2023-10-17,USO,6754,78.80000305175781
2023-10-17,XLE,12869,41.449398040771484
2023-10-17,SHY,7301,72.08972930908203
2023-10-17,IXP,7999,66.42523193359375
2023-10-17,XLC,8046,66.0647964477539
2023-10-18,TQQQ,97266,17.75394058227539
2023-10-18,USO,6639,79.83999633789062
2023-10-18,XLE,12717,41.82692337036133
2023-10-18,SHY,7339,72.08972930908203
2023-10-18,IXP,8026,65.32964324951172
2023-10-18,XLC,8048,64.9249038696289
2023-10-19,TQQQ,97766,17.279598236083984
2023-10-19,USO,6645,81.68000030517578
2023-10-19,XLE,12654,41.75414276123047
2023-10-19,SHY,7315,72.18799591064453
2023-10-19,IXP,7995,65.43354034423828
2023-10-19,XLC,8002,64.8572998046875
2023-10-20,TQQQ,100491,16.500320434570312
2023-10-20,USO,6354,80.69999694824219
2023-10-20,XLE,12437,41.053688049316406
2023-10-20,SHY,7174,72.30413818359375
2023-10-20,IXP,7953,64.68739318847656
2023-10-20,XLC,7984,64.25837707519531
2023-10-23,TQQQ,103044,16.645526885986328
2023-10-23,USO,6282,78.88999938964844
2023-10-23,XLE,12345,40.389625549316406
2023-10-23,SHY,6971,72.34880065917969
2023-10-23,IXP,7817,65.09352111816406
2023-10-23,XLC,7849,64.59648132324219
2023-10-24,TQQQ,100857,17.115032196044922
2023-10-24,USO,6549,76.93000030517578
2023-10-24,XLE,12623,39.82107925415039
2023-10-24,SHY,7066,72.3309326171875
2023-10-24,IXP,7800,65.80187225341797
2023-10-24,XLC,7834,65.359619140625
2023-10-25,TQQQ,100405,15.861413955688477
2023-10-25,USO,6548,78.45999908447266
2023-10-25,XLE,12670,39.748294830322266
2023-10-25,SHY,6984,72.2505111694336
2023-10-25,IXP,7918,63.4123420715332
2023-10-25,XLC,7900,62.52922821044922
2023-10-26,TQQQ,1,14.936929702758789
2023-10-26,USO,6346,76.88999938964844
2023-10-26,XLE,12379,39.43901443481445
2023-10-26,SHY,6742,72.39344787597656
2023-10-26,BSV,24236,67.23086547851562
2023-10-26,BITO,88211,5.463490009307861
2023-10-26,BIL,6033,80.48922729492188
2023-10-27,USO,6290,78.36000061035156
2023-10-27,XLE,12390,38.49295425415039
2023-10-27,SHY,6741,72.43812561035156
2023-10-27,BITO,88890,5.409739971160889
2023-10-27,BIL,6055,80.51555633544922
2023-10-27,TECL,43487,37.35386276245117
2023-10-30,USO,6350,76.05000305175781
2023-10-30,XLE,12698,38.620304107666016
2023-10-30,SHY,6776,72.41131591796875
2023-10-30,BITO,88204,5.542532920837402
2023-10-30,BIL,6086,80.52433013916016
2023-10-30,SPXL,24058,68.97777557373047
2023-10-31,USO,6467,75.0199966430664
2023-10-31,XLE,12746,38.74766159057617
2023-10-31,SHY,6810,72.38455200195312
2023-10-31,BITO,89330,5.561502456665039
2023-10-31,BIL,6114,80.52433013916016
2023-10-31,BSV,24455,67.19507598876953
2023-11-01,USO,6450,74.75
2023-11-01,XLE,12680,38.65669250488281
2023-11-01,SHY,6830,72.5457763671875
2023-11-01,BITO,88190,5.587000370025635
2023-11-01,BIL,6137,80.54898834228516
2023-11-01,BSV,24559,67.47879028320312
2023-11-02,USO,8254,76.18000030517578
2023-11-02,SHY,8515,72.55473327636719
2023-11-02,BITO,109302,5.637994766235352
2023-11-02,BIL,7659,80.57542419433594
2023-11-02,TQQQ,95264,17.57001304626465
2023-11-03,USO,8277,74.8499984741211
2023-11-03,SHY,8569,72.75181579589844
2023-11-03,BITO,112643,5.555128574371338
2023-11-03,BIL,7733,80.58423614501953
2023-11-03,TQQQ,91057,18.189559936523438
2023-11-06,USO,8344,74.91000366210938
2023-11-06,SHY,8713,72.617431640625
2023-11-06,BITO,112069,5.644368648529053
2023-11-06,BIL,7856,80.593017578125
2023-11-06,TQQQ,91115,18.397687911987305
2023-11-07,USO,8661,71.80000305175781
2023-11-07,SHY,8704,72.67118072509766
2023-11-07,BITO,113025,5.781414031982422
2023-11-07,BIL,7843,80.61064910888672
2023-11-07,TQQQ,90457,18.915592193603516
2023-11-08,USO,8940,70.19000244140625
2023-11-08,SHY,8768,72.65328979492188
2023-11-08,BITO,112063,5.739980697631836
2023-11-08,BIL,7902,80.61946105957031
2023-11-08,TQQQ,89551,18.949474334716797
2023-11-09,BITO,85220,5.880215167999268
2023-11-09,BIL,1,80.66350555419922
2023-11-09,TQQQ,90083,18.49933433532715
2023-11-09,QQQ,1400,363.86651611328125
2023-11-09,XLK,5959,85.84161376953125
2023-11-09,SMH,3410,149.12728881835938
2023-11-09,IGV,7149,71.07067108154297
2023-11-10,BITO,85639,6.007699012756348
2023-11-10,TQQQ,90445,19.733592987060547
2023-11-10,QQQ,1395,372.0470275878906
2023-11-10,XLK,5904,88.08394622802734
2023-11-10,SMH,3373,155.16497802734375
2023-11-10,IGV,7150,72.84033966064453
2023-11-13,BITO,88021,5.90889835357666
2023-11-13,TQQQ,84588,19.55450439453125
2023-11-13,QQQ,1407,370.8868103027344
2023-11-13,XLK,5945,87.5687484741211
2023-11-13,SMH,3382,154.2178955078125
2023-11-13,IGV,7187,72.9143295288086
2023-11-14,BITO,91412,5.653929710388184
2023-11-14,TQQQ,84546,20.783916473388672
2023-11-14,QQQ,1423,378.8707275390625
2023-11-14,XLK,6042,89.32041931152344
2023-11-14,SMH,3405,158.9237518310547
2023-11-14,IGV,7187,74.91395568847656
2023-11-15,BITO,93789,6.055506706237793
2023-11-15,TQQQ,76892,20.842002868652344
2023-11-15,QQQ,1430,379.1558837890625
2023-11-15,XLK,6070,89.43327331542969
2023-11-15,SMH,3403,159.04214477539062
2023-11-15,IGV,7241,74.49603271484375
2023-11-16,BITO,86685,5.771852016448975
2023-11-16,TQQQ,82005,20.875885009765625
2023-11-16,XLK,5705,89.8797836303711
2023-11-16,SMH,3213,159.63406372070312
2023-11-16,IGV,6879,74.52802276611328
2023-11-16,XLC,7552,67.69734191894531
2023-11-17,BITO,87532,5.857901573181152
2023-11-17,TQQQ,84656,20.890405654907227
2023-11-17,XLK,5690,89.6933364868164
2023-11-17,SMH,3209,160.3838348388672
2023-11-17,IGV,6842,74.76798248291016
2023-11-17,XLC,7555,67.68767547607422
2023-11-20,BITO,86228,6.039571285247803
2023-11-20,TQQQ,86797,21.63579750061035
2023-11-20,XLK,5719,90.99359130859375
2023-11-20,SMH,3199,162.68251037597656
2023-11-20,IGV,6859,75.91576385498047
2023-11-20,XLC,7607,68.45082092285156
2023-11-21,BITO,87572,5.918459415435791
2023-11-21,TQQQ,85996,21.243738174438477
2023-11-21,XLK,5740,90.25758361816406
2023-11-21,SMH,3219,160.28518676757812
2023-11-21,IGV,6879,75.88777160644531
2023-11-21,XLC,7612,68.21897888183594
2023-11-22,BITO,89117,6.052317142486572
2023-11-22,TQQQ,85455,21.49059295654297
2023-11-22,XLK,5750,90.6599349975586
2023-11-22,SMH,3242,159.93988037109375
2023-11-22,IGV,6839,75.87177276611328
2023-11-22,XLC,7617,68.77925872802734
2023-11-24,BITO,91473,6.090563774108887
2023-11-24,TQQQ,85980,21.38410758972168
2023-11-24,XLK,6104,90.4832992553711
2023-11-24,SMH,3451,159.58473205566406
2023-11-24,IGV,7280,76.1197280883789
2023-11-24,XLC,8042,68.54742431640625
2023-11-27,BITO,93523,5.864278316497803
2023-11-27,TQQQ,85810,21.321186065673828
2023-11-27,XLK,6070,90.4783935546875
2023-11-27,SMH,3448,159.48606872558594
2023-11-27,IGV,7220,76.08573150634766
2023-11-27,XLC,8040,68.12238311767578
2023-11-28,BITO,91611,6.131995677947998
2023-11-28,TQQQ,86167,21.49059295654297
2023-11-28,XLK,6077,90.6501235961914
2023-11-28,SMH,3453,158.56858825683594
2023-11-28,IGV,7231,76.52565002441406
2023-11-28,XLC,8061,68.2865982055664
2023-11-29,BITO,92038,6.001324653625488
2023-11-29,TQQQ,85244,21.413150787353516
2023-11-29,XLK,6132,90.71880340576172
2023-11-29,SMH,3486,160.0286865234375
2023-11-29,IGV,7223,77.75341796875
2023-11-29,XLC,8177,67.7939453125
2023-11-30,BITO,92262,6.014072895050049
2023-11-30,TQQQ,86212,21.234060287475586
2023-11-30,XLK,6088,90.85131072998047
2023-11-30,SMH,3453,158.32192993164062
2023-11-30,IGV,7061,78.37930297851562
2023-11-30,XLC,8177,67.39786529541016
2023-12-01,BITO,89828,6.183170318603516
2023-12-01,TQQQ,86964,21.413150787353516
2023-12-01,XLK,6063,91.057373046875
2023-12-01,IGV,7027,79.46910095214844
2023-12-01,SLV,23792,23.329999923706055
2023-12-01,GDX,18215,30.709917068481445
2023-12-04,BITO,82992,6.658059597015381
2023-12-04,TQQQ,88381,20.803279876708984
2023-12-04,XLK,6108,89.94847106933594
2023-12-04,IGV,7014,78.48528289794922
2023-12-04,SLV,24206,22.459999084472656
2023-12-04,GDX,18329,29.947237014770508
2023-12-05,BITO,81122,6.9885573387146
2023-12-05,TQQQ,88712,20.95332908630371
2023-12-05,XLK,6093,90.48820495605469
2023-12-05,IGV,7006,78.4732894897461
2023-12-05,SLV,24464,22.1200008392334
2023-12-05,GDX,18396,29.42591094970703
2023-12-06,BITO,79553,6.972512722015381
2023-12-06,TQQQ,87182,20.580631256103516
2023-12-06,XLK,6156,89.72276306152344
2023-12-06,IGV,7095,77.66543579101562
2023-12-06,SLV,25284,21.93000030517578
2023-12-06,GDX,18827,29.367984771728516
2023-12-07,BITO,79795,6.892294883728027
2023-12-07,TQQQ,87471,21.442190170288086
2023-12-07,XLK,6127,90.81204223632812
2023-12-07,IGV,7099,78.07535552978516
2023-12-07,SLV,25230,21.790000915527344
2023-12-07,GDX,18683,29.271446228027344
2023-12-08,BITO,79222,7.088026523590088
2023-12-08,TQQQ,86748,21.698720932006836
2023-12-08,XLK,6068,91.58728790283203
2023-12-08,IGV,7087,78.72323608398438
2023-12-08,GDX,19188,28.65357780456543
2023-12-08,SMH,3462,160.2950439453125
2023-12-11,BITO,83338,6.4815802574157715
2023-12-11,TQQQ,85421,22.250507354736328
2023-12-11,XLK,6068,92.38706970214844
2023-12-11,IGV,7029,79.52709197998047
2023-12-11,GDX,19553,28.528072357177734
2023-12-11,SMH,3435,164.1426239013672
2023-12-12,BITO,84793,6.542548179626465
2023-12-12,TQQQ,84273,22.78777503967285
2023-12-12,XLK,6112,93.00039672851562
2023-12-12,IGV,7121,79.66905975341797
2023-12-12,GDX,19656,27.861936569213867
2023-12-12,SMH,3444,165.87893676757812
2023-12-13,BITO,86588,6.821702003479004
2023-12-13,TQQQ,82828,23.591249465942383
2023-12-13,XLK,6112,93.81980895996094
2023-12-13,IGV,7138,80.59488677978516
2023-12-13,GDX,20445,29.638303756713867
2023-12-13,SMH,3432,167.83230590820312
2023-12-14,BITO,87090,6.815285682678223
2023-12-14,XLK,6267,93.58918762207031
2023-12-14,IGV,7315,79.51509094238281
2023-12-14,GDX,19551,30.22720718383789
2023-12-14,SMH,3475,170.93008422851562
2023-12-14,UVXY,9283,214.25
2023-12-15,BITO,88406,6.702981948852539
2023-12-15,XLK,6332,94.06023406982422
2023-12-15,IGV,7460,80.28694915771484
2023-12-15,SMH,3451,171.7390594482422
2023-12-15,UVXY,9158,224.5
2023-12-15,XBI,6934,85.18180084228516
2023-12-18,BITO,91224,6.658059597015381
2023-12-18,XLK,6390,94.34150695800781
2023-12-18,IGV,7491,80.90083312988281
2023-12-18,SMH,3488,172.039794921875
2023-12-18,UVXY,8953,225.25
2023-12-18,XBI,7087,83.84403228759766
2023-12-19,BITO,89710,6.696565628051758
2023-12-19,XLK,6439,94.70050048828125
2023-12-19,IGV,7496,81.40473175048828
2023-12-19,SMH,3533,172.61544799804688
2023-12-19,UVXY,8909,230.5
2023-12-19,XBI,7175,85.970947265625
2023-12-20,BITO,87421,6.9056396484375
2023-12-20,XLK,6471,93.26951599121094
2023-12-20,IGV,7543,80.23895263671875
2023-12-20,SMH,3568,167.81175231933594
2023-12-20,UVXY,8930,250.75
2023-12-20,XBI,7154,82.15443420410156
2023-12-21,BITO,90089,6.941186428070068
2023-12-21,XLK,6658,94.31693267822266
2023-12-21,IGV,7746,81.33274841308594
2023-12-21,SMH,3667,171.96038818359375
2023-12-21,XBI,7496,84.15214538574219
2023-12-21,TQQQ,86221,24.38028335571289
2023-12-22,BITO,92142,6.928258895874023
2023-12-22,XLK,6697,94.43986511230469
2023-12-22,IGV,7746,81.48272705078125
2023-12-22,SMH,3667,171.98023986816406
2023-12-22,XBI,1,87.0841064453125
2023-12-22,TQQQ,85840,24.477510452270508
2023-12-22,XLRE,17502,36.22926330566406
2023-12-26,BITO,93587,6.672974586486816
2023-12-26,XLK,6691,94.83325958251953
2023-12-26,IGV,7740,81.74267578125
2023-12-26,SMH,3666,174.35231018066406
2023-12-26,TQQQ,85604,24.924766540527344
2023-12-26,XLRE,17429,36.493709564208984
2023-12-27,BITO,93921,6.886250019073486
2023-12-27,XLK,6726,94.82833862304688
2023-12-27,IGV,7815,81.6806869506836
2023-12-27,SMH,3647,174.5408935546875
2023-12-27,TQQQ,85227,25.056028366088867
2023-12-27,XLRE,17455,36.70344543457031
2023-12-28,BITO,94679,6.727909088134766
2023-12-28,XLK,6741,94.9414291381836
2023-12-28,IGV,7849,81.6526870727539
2023-12-28,SMH,3660,174.50120544433594
2023-12-28,TQQQ,84729,24.992830276489258
2023-12-28,XLRE,17480,36.93141174316406
2023-12-29,BITO,94254,6.62127161026001
2023-12-29,XLK,6721,94.65130615234375
2023-12-29,IGV,7815,81.11279296875
2023-12-29,SMH,3655,173.55831909179688
2023-12-29,TQQQ,85183,24.647663116455078
2023-12-29,XLRE,17402,36.530189514160156
2024-01-02,BITO,86699,7.07367467880249
2024-01-02,SMH,3676,167.70257568359375
2024-01-02,TQQQ,87387,23.398265838623047
2024-01-02,XLRE,17257,36.867584228515625
2024-01-02,GDX,20649,29.98759651184082
2024-01-02,XBI,7152,89.67813873291016
2024-01-03,BITO,91808,6.721445083618164
2024-01-03,SMH,3676,164.72506713867188
2024-01-03,TQQQ,88232,22.649600982666016
2024-01-03,XLRE,16588,35.99217224121094
2024-01-03,GDX,20681,29.20258140563965
2024-01-03,XBI,6819,87.66053771972656
2024-01-04,BITO,87978,6.954109191894531
2024-01-04,SMH,3676,163.75242614746094
2024-01-04,TQQQ,89574,22.270402908325195
2024-01-04,XLRE,16684,35.900978088378906
2024-01-04,GDX,20461,29.21239471435547
2024-01-04,XBI,6809,88.90291595458984
2024-01-05,BITO,87159,6.9185662269592285
2024-01-05,SMH,3653,164.83425903320312
2024-01-05,TQQQ,89694,22.35304832458496
2024-01-05,XLRE,16804,35.82803726196289
2024-01-05,GDX,20508,29.21239471435547
2024-01-05,XBI,6821,88.75382995605469
2024-01-08,BITO,85381,7.383896827697754
2024-01-08,SMH,3639,170.67015075683594
2024-01-08,TQQQ,89348,23.699674606323242
2024-01-08,XLRE,16885,36.32044982910156
2024-01-08,GDX,21032,29.143707275390625
2024-01-08,XBI,6875,92.84862518310547
2024-01-09,BITO,84400,7.341888904571533
2024-01-09,SMH,3662,171.12669372558594
2024-01-09,TQQQ,89226,23.855243682861328
2024-01-09,XLRE,17209,36.06512451171875
2024-01-09,XBI,6748,93.02753448486328
2024-01-09,XLF,17108,36.21308898925781
2024-01-10,BITO,88309,7.225556373596191
2024-01-10,SMH,3655,171.28549194335938
2024-01-10,TQQQ,87525,24.326807022094727
2024-01-10,XLRE,17376,36.11982727050781
2024-01-10,XBI,6737,91.96406555175781
2024-01-10,XLF,17359,36.27064895629883
2024-01-11,BITO,85046,7.215859413146973
2024-01-11,SMH,3699,172.2581329345703
2024-01-11,TQQQ,86467,24.4434814453125
2024-01-11,XLRE,17703,35.782440185546875
2024-01-11,XBI,6995,89.91667175292969
2024-01-11,XLF,17563,36.13634490966797
2024-01-12,BITO,88796,6.805464744567871
2024-01-12,SMH,3680,171.6527099609375
2024-01-12,TQQQ,85852,24.472654342651367
2024-01-12,XLRE,17547,36.056007385253906
2024-01-12,XBI,7001,89.86698150634766
2024-01-12,XLF,17474,36.0692024230957
2024-01-16,BITO,93133,6.756992340087891
2024-01-16,SMH,3619,174.382080078125
2024-01-16,TQQQ,85544,24.458065032958984
2024-01-16,XLRE,17343,35.837154388427734
2024-01-16,XBI,6989,88.51529693603516
2024-01-16,XLF,17402,35.81977844238281
2024-01-17,BITO,92766,6.682669639587402
2024-01-17,SMH,3554,173.33004760742188
2024-01-17,TQQQ,85993,24.035114288330078
2024-01-17,XLRE,17385,35.18058776855469
2024-01-17,XBI,7031,87.79969787597656
2024-01-17,BOTZ,22005,27.897470474243164
2024-01-18,BITO,94307,6.3724470138549805
2024-01-18,SMH,3512,178.95750427246094
2024-01-18,TQQQ,84860,25.06574821472168
2024-01-18,XLRE,17787,34.9526252746582
2024-01-18,XBI,7094,86.52751159667969
2024-01-18,BOTZ,22198,28.20479965209961
2024-01-19,BITO,98637,6.492011547088623
2024-01-19,SMH,3490,185.77597045898438
2024-01-19,TQQQ,82793,26.514469146728516
2024-01-19,XLRE,18013,35.290016174316406
2024-01-19,XBI,7279,86.51759338378906
2024-01-19,BOTZ,22367,28.46255874633789
2024-01-22,BITO,102892,6.265808582305908
2024-01-22,SMH,3473,186.6394500732422
2024-01-22,TQQQ,80519,26.621417999267578
2024-01-22,XLRE,18376,35.45416259765625
2024-01-22,XBI,7464,88.4655990600586
2024-01-22,BOTZ,22663,28.8194580078125
2024-01-23,BITO,107067,6.113933086395264
2024-01-23,SMH,3473,187.5922393798828
2024-01-23,TQQQ,80766,26.937414169311523
2024-01-23,XLRE,18204,35.26266098022461
2024-01-23,XBI,7253,88.68426513671875
2024-01-23,BOTZ,22425,28.79962730407715
2024-01-24,SMH,3486,190.9270477294922
2024-01-24,TQQQ,79651,27.379810333251953
2024-01-24,XBI,7364,87.1834945678711
2024-01-24,BOTZ,22798,28.61126708984375
2024-01-24,XLK,6619,99.94742584228516
2024-01-24,IGV,7731,84.55614471435547
2024-01-25,SMH,3415,190.9270477294922
2024-01-25,TQQQ,79452,27.457592010498047
2024-01-25,XBI,7529,87.9587173461914
2024-01-25,BOTZ,23006,28.750059127807617
2024-01-25,XLK,6579,100.36540222167969
2024-01-25,IGV,7764,84.79409790039062
2024-01-26,SMH,3472,186.85781860351562
2024-01-26,TQQQ,80287,26.951997756958008
2024-01-26,XBI,7376,87.70030975341797
2024-01-26,BOTZ,22639,28.94833755493164
2024-01-26,XLK,6542,99.20980072021484
2024-01-26,IGV,7698,84.64613342285156
2024-01-29,SMH,3472,189.0512237548828
2024-01-29,TQQQ,80205,27.744422912597656
2024-01-29,XBI,7423,90.2446517944336
2024-01-29,BOTZ,22572,29.305233001708984
2024-01-29,XLK,6548,100.11954498291016
2024-01-29,IGV,7691,86.32781982421875
2024-01-30,SMH,3504,187.17539978027344
2024-01-30,TQQQ,79986,27.190214157104492
2024-01-30,XBI,7363,88.22705841064453
2024-01-30,BOTZ,22642,28.978078842163086
2024-01-30,XLK,6607,99.29338836669922
2024-01-30,IGV,7662,85.93988800048828
2024-01-31,SMH,3487,184.47579956054688
2024-01-31,TQQQ,81297,25.590789794921875
2024-01-31,XBI,7301,86.895263671875
2024-01-31,BOTZ,22349,28.333677291870117
2024-01-31,IGV,7532,84.06023406982422
2024-01-31,BITO,96554,6.630965709686279
2024-02-01,SMH,3437,186.16305541992188
2024-02-01,TQQQ,81940,26.495019912719727
2024-02-01,XBI,7276,88.42584991455078
2024-02-01,BOTZ,22284,28.878938674926758
2024-02-01,IGV,7508,85.23201751708984
2024-02-01,BITO,96355,6.705286026000977
2024-02-02,SMH,3469,189.78567504882812
2024-02-02,TQQQ,80540,27.82706642150879
2024-02-02,XBI,7401,87.43195343017578
2024-02-02,BOTZ,22521,29.136699676513672
2024-02-02,IGV,7588,85.85990142822266
2024-02-02,BITO,97379,6.692131996154785
2024-02-05,SMH,3443,193.48770141601562
2024-02-05,TQQQ,79285,27.686079025268555
2024-02-05,XBI,7631,87.8692626953125
2024-02-05,BOTZ,22758,29.047473907470703
2024-02-05,IGV,7700,85.31600189208984
2024-02-05,BITO,97903,6.593477725982666
2024-02-06,SMH,3409,191.29428100585938
2024-02-06,TQQQ,79168,27.52565574645996
2024-02-06,XBI,7583,89.21101379394531
2024-02-06,BOTZ,22880,28.8194580078125
2024-02-06,IGV,7730,85.17002868652344
2024-02-06,BITO,99096,6.715150833129883
2024-02-07,SMH,3458,195.15509033203125
2024-02-07,TQQQ,79033,28.347240447998047
2024-02-07,XBI,7472,87.53135681152344
2024-02-07,BOTZ,23041,29.067302703857422
2024-02-07,IGV,7733,86.53176879882812
2024-02-07,BITO,98976,6.8894429206848145
2024-02-08,SMH,3433,197.93408203125
2024-02-08,TQQQ,79157,28.463918685913086
2024-02-08,XBI,7667,88.67431640625
2024-02-08,BOTZ,23158,29.116870880126953
2024-02-08,IGV,7763,87.42161560058594
2024-02-08,BITO,95880,7.096618175506592
2024-02-09,SMH,3433,202.32095336914062
2024-02-09,TQQQ,79597,29.300094604492188
2024-02-09,XBI,7665,90.4831771850586
2024-02-09,BOTZ,23353,29.652217864990234
2024-02-09,IGV,7757,88.38542938232422
2024-02-09,BITO,93488,7.412317276000977
2024-02-12,SMH,3437,201.536865234375
2024-02-12,TQQQ,79331,28.95492935180664
2024-02-12,XBI,7687,92.53057861328125
2024-02-12,BOTZ,23422,29.73152732849121
2024-02-12,IGV,7859,87.46560668945312
2024-02-12,BITO,92667,7.833247661590576
2024-02-13,SMH,3424,197.80506896972656
2024-02-13,TQQQ,81686,27.5839900970459
2024-02-13,XBI,7478,88.17738342285156
2024-02-13,BOTZ,23122,29.027645111083984
2024-02-13,IGV,7903,85.51795959472656
2024-02-13,BITO,87670,7.704996109008789
2024-02-14,SMH,3426,201.7750701904297
2024-02-14,TQQQ,81485,28.459056854248047
2024-02-14,XBI,7671,90.58258056640625
2024-02-14,BOTZ,23328,29.632387161254883
2024-02-14,IGV,7927,87.2116470336914
2024-02-14,BITO,85152,8.076595306396484
2024-02-15,SMH,3437,201.1001739501953
2024-02-15,TQQQ,81383,28.697267532348633
2024-02-15,XBI,7628,92.69953918457031
2024-02-15,BOTZ,23368,29.880233764648438
2024-02-15,IGV,7955,87.08367156982422
2024-02-15,BITO,85279,8.076595306396484
2024-02-16,SMH,3449,200.23667907714844
2024-02-16,TQQQ,81072,27.909711837768555
2024-02-16,XBI,7606,92.58028411865234
2024-02-16,BOTZ,23287,29.711698532104492
2024-02-16,IGV,8039,85.5379638671875
2024-02-16,BITO,85734,8.093042373657227
2024-02-20,SMH,3436,196.2964630126953
2024-02-20,TQQQ,82760,27.26313591003418
2024-02-20,XBI,7409,91.81498718261719
2024-02-20,BOTZ,22909,29.5629940032959
2024-02-20,IGV,8060,84.48016357421875
2024-02-20,BITO,83738,8.109481811523438
2024-02-21,SMH,3434,195.03599548339844
2024-02-21,TQQQ,83147,26.922832489013672
2024-02-21,XBI,7294,91.9044418334961
2024-02-21,BOTZ,22663,29.206092834472656
2024-02-21,IGV,8129,82.11260223388672
2024-02-21,BITO,84011,7.925325393676758
2024-02-22,SMH,3383,208.35533142089844
2024-02-22,TQQQ,81133,29.251476287841797
2024-02-22,XBI,7539,93.57416534423828
2024-02-22,BOTZ,22942,30.494892120361328
2024-02-22,BITO,87505,8.089750289916992
2024-02-22,XLF,18189,38.4674186706543
2024-02-23,SMH,3377,207.05516052246094
2024-02-23,TQQQ,80095,28.98409652709961
2024-02-23,XBI,7571,94.17049407958984
2024-02-23,BOTZ,23143,30.465150833129883
2024-02-23,BITO,89325,7.941768169403076
2024-02-23,XLF,18403,38.659271240234375
2024-02-26,SMH,3382,208.77218627929688
2024-02-26,TQQQ,80874,28.94520378112793
2024-02-26,XBI,7516,96.7446517944336
2024-02-26,BOTZ,22872,30.742738723754883
2024-02-26,BITO,88511,8.484373092651367
2024-02-26,XLF,18307,38.4674186706543
2024-02-27,SMH,3443,208.16676330566406
2024-02-27,TQQQ,82457,29.125078201293945
2024-02-27,XBI,7267,102.26070404052734
2024-02-27,BOTZ,23214,30.871614456176758
2024-02-27,BITO,81605,8.855978012084961
2024-02-27,XLF,18726,38.57293701171875
2024-02-28,SMH,3500,205.854248046875
2024-02-28,TQQQ,83789,28.65351676940918
2024-02-28,XBI,7098,100.90901947021484
2024-02-28,BOTZ,23471,30.54446029663086
2024-02-28,BITO,77184,9.355834007263184
2024-02-28,XLF,18738,38.71683883666992
2024-02-29,SMH,3521,210.3601837158203
2024-02-29,TQQQ,83680,29.34384536743164
2024-02-29,XBI,7182,97.81804656982422
2024-02-29,BOTZ,23781,30.911270141601562
2024-02-29,BITO,74596,9.61233901977539
2024-02-29,XLI,6284,116.67814636230469
2024-03-01,SMH,3459,218.8857421875
2024-03-01,TQQQ,82953,30.690473556518555
2024-03-01,XBI,7435,100.90901947021484
2024-03-01,BOTZ,23626,31.466442108154297
2024-03-01,BITO,75885,9.779596328735352
2024-03-01,XLI,6301,117.1795654296875
2024-03-04,SMH,3420,222.40911865234375
2024-03-04,TQQQ,82619,30.32586097717285
2024-03-04,XBI,7394,100.1139144897461
2024-03-04,BOTZ,23936,31.694461822509766
2024-03-04,BITO,75043,10.501267433166504
2024-03-04,XLI,6487,117.6038589477539
2024-03-05,SMH,3400,219.00485229492188
2024-03-05,TQQQ,84192,28.70213508605957
2024-03-05,XBI,7531,98.85169219970703
2024-03-05,BOTZ,23672,31.42679214477539
2024-03-05,BITO,71536,9.597496032714844
2024-03-05,XLI,6394,116.63957214355469
2024-03-06,SMH,3354,224.6521759033203
2024-03-06,TQQQ,84588,29.232027053833008
2024-03-06,XBI,7493,99.50765228271484
2024-03-06,BOTZ,23430,32.07118225097656
2024-03-06,BITO,72473,10.396723747253418
2024-03-06,XLI,6398,117.24706268310547
2024-03-07,SMH,3324,232.41351318359375
2024-03-07,TQQQ,84418,30.5349063873291
2024-03-07,XBI,7598,98.18579864501953
2024-03-07,BOTZ,23383,32.60653305053711
2024-03-07,BITO,72465,10.491150856018066
2024-03-07,USO,10301,74.2300033569336
2024-03-08,SMH,3277,223.30238342285156
2024-03-08,TQQQ,83956,29.197999954223633
2024-03-08,XBI,7744,98.34481048583984
2024-03-08,BOTZ,23366,32.10093307495117
2024-03-08,BITO,72780,10.723835945129395
2024-03-08,USO,10408,73.36000061035156
2024-03-11,SMH,3390,219.32244873046875
2024-03-11,TQQQ,86263,28.857698440551758
2024-03-11,XBI,7621,96.2377700805664
2024-03-11,BOTZ,23438,31.565582275390625
2024-03-11,BITO,66560,11.185836791992188
2024-03-11,USO,10244,73.62000274658203
2024-03-12,SMH,3369,226.260009765625
2024-03-12,TQQQ,85389,30.082786560058594
2024-03-12,XBI,7815,95.61161041259766
2024-03-12,BOTZ,23681,32.07118225097656
2024-03-12,BITO,67020,11.05769157409668
2024-03-12,USO,10227,73.3499984741211
2024-03-13,SMH,3387,221.7838592529297
2024-03-13,TQQQ,84749,29.382736206054688
2024-03-13,XBI,7937,96.50611877441406
2024-03-13,BOTZ,23807,31.80351448059082
2024-03-13,BITO,67402,11.347709655761719
2024-03-13,USO,10160,75.08999633789062
2024-03-14,SMH,3421,217.81385803222656
2024-03-14,TQQQ,85221,29.1445255279541
2024-03-14,XBI,7885,93.87232208251953
2024-03-14,BOTZ,23767,31.287994384765625
2024-03-14,BITO,67351,10.713724136352539
2024-03-14,XLC,9697,77.55701446533203
2024-03-15,SMH,3402,216.2060089111328
2024-03-15,TQQQ,85559,28.07986068725586
2024-03-15,XBI,7839,94.13072204589844
2024-03-15,BOTZ,23437,31.377220153808594
2024-03-15,BITO,69784,10.683369636535645
2024-03-15,XLC,9484,76.7823257446289
2024-03-18,SMH,3374,216.6427001953125
2024-03-18,TQQQ,85171,28.87228012084961
2024-03-18,XBI,7913,92.38150787353516
2024-03-18,BOTZ,23381,31.595325469970703
2024-03-18,BITO,70784,10.325907707214355
2024-03-18,XLC,9506,78.35922241210938
2024-03-19,SMH,3388,216.1663055419922
2024-03-19,TQQQ,84981,29.07159996032715
2024-03-19,XBI,7881,93.27600860595703
2024-03-19,BOTZ,23153,31.61515235900879
2024-03-19,BITO,73731,9.92123794555664
2024-03-19,XLC,9295,78.33008575439453
2024-03-20,SMH,3394,219.63011169433594
2024-03-20,TQQQ,83856,30.103513717651367
2024-03-20,XBI,7934,94.57798767089844
2024-03-20,BOTZ,23255,31.991878509521484
2024-03-20,BITO,75313,10.153923034667969
2024-03-20,XLC,9396,79.25251770019531
2024-03-21,SMH,3398,224.6124725341797
2024-03-21,TQQQ,82621,30.493831634521484
2024-03-21,XBI,1,94.61774444580078
2024-03-21,BOTZ,23942,31.96213722229004
2024-03-21,BITO,73865,10.049381256103516
2024-03-21,XLC,9649,79.28166198730469
2024-03-21,IXP,9581,79.94200897216797
2024-03-22,SMH,3377,225.9324951171875
2024-03-22,TQQQ,82945,30.55725860595703
2024-03-22,BOTZ,23690,31.862995147705078
2024-03-22,BITO,76461,9.83355712890625
2024-03-22,XLC,9512,79.44673156738281
2024-03-22,IXP,9434,80.2936782836914
2024-03-25,SMH,3376,225.37669372558594
2024-03-25,TQQQ,83846,30.24500274658203
2024-03-25,BOTZ,23880,31.664722442626953
2024-03-25,BITO,73119,10.953152656555176
2024-03-25,XLC,9522,79.17483520507812
2024-03-25,IXP,9444,79.9515151977539
2024-03-26,SMH,3381,223.2825164794922
2024-03-26,TQQQ,83792,29.96202278137207
2024-03-26,BOTZ,24062,31.644893646240234
2024-03-26,BITO,70607,10.693487167358398
2024-03-26,XLC,9680,79.00980377197266
2024-03-26,IXP,9561,79.865966796875
2024-03-27,SMH,3413,223.20310974121094
2024-03-27,TQQQ,83830,30.225486755371094
2024-03-27,BOTZ,24185,31.54575538635254
2024-03-27,BITO,69580,10.541733741760254
2024-03-27,XLC,9672,79.41759490966797
2024-03-27,IXP,9557,80.17011260986328
2024-03-28,SMH,3421,223.30238342285156
2024-03-28,TQQQ,84124,30.035205841064453
2024-03-28,BITO,69534,10.892452239990234
2024-03-28,XLC,9599,79.29137420654297
2024-03-28,IXP,9507,79.97052001953125
2024-03-28,USO,9736,78.7300033569336
2024-04-01,SMH,3402,226.23023986816406
2024-04-01,TQQQ,84006,30.220609664916992
2024-04-01,BITO,70819,10.712393760681152
2024-04-01,XLC,9614,79.9030990600586
2024-04-01,IXP,9525,80.69287109375
2024-04-01,USO,9628,79.66999816894531
2024-04-02,SMH,3351,223.3222198486328
2024-04-02,TQQQ,85083,29.41069221496582
2024-04-02,BITO,75021,10.107552528381348
2024-04-02,XLC,9414,79.77686309814453
2024-04-02,IXP,9331,80.51228332519531
2024-04-02,USO,9249,80.79000091552734
2024-04-03,SMH,3374,224.21546936035156
2024-04-03,TQQQ,85782,29.605854034423828
2024-04-03,BITO,73974,10.100558280944824
2024-04-03,XLC,9357,80.40801239013672
2024-04-03,IXP,9279,81.1110610961914
2024-04-03,USO,9174,81.25
2024-04-04,SMH,3375,218.24063110351562
2024-04-04,TQQQ,84095,28.210458755493164
2024-04-04,BITO,74335,10.499127388000488
2024-04-04,XLC,9500,79.32050323486328
2024-04-04,IXP,9426,80.24615478515625
2024-04-04,USO,9466,82.2699966430664
2024-04-05,SMH,3384,220.97000122070312
2024-04-05,TQQQ,86905,29.20577621459961
2024-04-05,BITO,72512,10.317323684692383
2024-04-05,USO,8999,82.4000015258789
2024-04-05,COPX,17650,42.499080657958984
2024-04-05,XLE,16473,45.402984619140625
2024-04-08,SMH,3422,221.3868408203125
2024-04-08,TQQQ,86692,29.22528839111328
2024-04-08,BITO,68931,11.00957202911377
2024-04-08,USO,9274,82.19999694824219
2024-04-08,COPX,17626,43.317832946777344
2024-04-08,XLE,16818,45.11597442626953
2024-04-09,SMH,3424,222.41905212402344
2024-04-09,TQQQ,86052,29.52779197692871
2024-04-09,BITO,70760,10.565555572509766
2024-04-09,USO,9325,81.1500015258789
2024-04-09,COPX,17414,44.48884201049805
2024-04-09,XLE,16904,45.12986373901367
2024-04-10,SMH,3402,220.48365783691406
2024-04-10,TQQQ,87341,28.752025604248047
2024-04-10,BITO,72050,10.73337459564209
2024-04-10,USO,9168,82.08999633789062
2024-04-10,COPX,17008,44.098506927490234
2024-04-10,XLE,16580,45.268741607666016
2024-04-11,SMH,3425,225.60496520996094
2024-04-11,TQQQ,87091,30.103513717651367
2024-04-11,BITO,69976,10.803297996520996
2024-04-11,USO,9304,81.55000305175781
2024-04-11,COPX,17153,44.041385650634766
2024-04-11,XLE,16732,45.236331939697266
2024-04-12,SMH,3441,219.02468872070312
2024-04-12,TQQQ,87091,28.64957046508789
2024-04-12,BITO,71024,10.23691177368164
2024-04-12,COPX,16991,43.298789978027344
2024-04-12,XLE,16760,44.50029373168945
2024-04-12,SLV,28482,25.6299991607666
2024-04-15,SMH,3401,215.72959899902344
2024-04-15,TQQQ,85710,27.21026039123535
2024-04-15,BITO,74405,9.677515029907227
2024-04-15,COPX,17004,43.61296463012695
2024-04-15,XLE,16890,44.083675384521484
2024-04-15,SLV,28814,26.40999984741211
2024-04-16,SMH,3337,217.51609802246094
2024-04-16,TQQQ,88279,27.215137481689453
2024-04-16,BITO,74366,9.600600242614746
2024-04-16,COPX,16988,42.984622955322266
2024-04-16,XLE,16356,43.69945526123047
2024-04-16,SLV,27606,25.799999237060547
2024-04-17,SMH,3329,210.80679321289062
2024-04-17,TQQQ,87633,26.205181121826172
2024-04-17,BITO,76065,9.313910484313965
2024-04-17,COPX,16702,43.203590393066406
2024-04-17,XLE,16629,43.574459075927734
2024-04-17,SLV,27754,25.850000381469727
2024-04-18,SMH,3391,207.06509399414062
2024-04-18,TQQQ,90035,25.73679542541504
2024-04-18,BITO,74299,9.708982467651367
2024-04-18,COPX,16067,43.993778228759766
2024-04-18,XLE,16244,43.44021224975586
2024-04-18,SLV,27201,25.860000610351562
2024-04-19,TQQQ,91744,24.141359329223633
2024-04-19,BITO,70967,9.824357032775879
2024-04-19,COPX,15855,43.774810791015625
2024-04-19,XLE,16134,43.96331787109375
2024-04-19,SLV,27080,26.200000762939453
2024-04-19,GDX,21233,33.431854248046875
2024-04-22,TQQQ,93052,24.843935012817383
2024-04-22,BITO,68054,10.149503707885742
2024-04-22,COPX,15834,43.0607795715332
2024-04-22,XLE,15691,44.25031661987305
2024-04-22,SLV,27502,24.93000030517578
2024-04-22,GDX,21450,31.92069435119629
2024-04-23,TQQQ,91360,25.951473236083984
2024-04-23,BITO,68316,10.142516136169434
2024-04-23,COPX,16271,42.27058792114258
2024-04-23,XLE,15672,44.495670318603516
2024-04-23,SLV,27991,24.989999771118164
2024-04-23,GDX,21771,32.43095779418945
2024-04-24,TQQQ,88985,26.205181121826172
2024-04-24,BITO,70313,9.73695182800293
2024-04-24,COPX,16551,42.460994720458984
2024-04-24,XLE,15999,44.52806854248047
2024-04-24,SLV,28436,24.899999618530273
2024-04-24,GDX,21935,32.4996452331543
2024-04-25,TQQQ,92191,25.785585403442383
2024-04-25,BITO,71390,9.866312980651855
2024-04-25,COPX,16112,43.774810791015625
2024-04-25,XLE,15444,44.73175811767578
2024-04-25,SLV,27631,25.059999465942383
2024-04-25,GDX,21117,33.68698501586914
2024-04-26,TQQQ,90115,26.9711856842041
2024-04-26,BITO,73402,9.684510231018066
2024-04-26,COPX,16043,45.24095153808594
2024-04-26,XLE,16075,44.31975555419922
2024-04-26,SLV,28291,24.889999389648438
2024-04-26,GDX,20930,33.93230056762695
2024-04-29,TQQQ,88019,27.293203353881836
2024-04-29,BITO,76002,9.583118438720703
2024-04-29,COPX,15837,45.71697235107422
2024-04-29,XLE,16348,44.62065505981445
2024-04-29,SLV,29050,24.829999923706055
2024-04-29,GDX,21255,34.118743896484375
2024-04-30,TQQQ,87791,25.73192024230957
2024-04-30,BITO,76581,8.953803062438965
2024-04-30,COPX,15955,43.574886322021484
2024-04-30,XLE,15991,43.292076110839844
2024-04-30,SLV,29315,24.049999237060547
2024-04-30,GDX,21404,32.50946044921875
2024-05-01,TQQQ,89487,25.175704956054688
2024-05-01,BITO,77983,8.628634452819824
2024-05-01,COPX,15882,43.38447189331055
2024-05-01,XLE,15801,42.602333068847656
2024-05-01,SLV,28251,24.270000457763672
2024-05-01,GDX,20843,32.695899963378906
2024-05-02,TQQQ,88783,26.10759925842285
2024-05-02,BITO,77060,9.029010772705078
2024-05-02,COPX,15783,43.508243560791016
2024-05-02,XLE,16032,42.84768295288086
2024-05-02,SLV,28714,24.360000610351562
2024-05-02,GDX,21141,32.95103073120117
2024-05-03,TQQQ,86394,27.664005279541016
2024-05-03,BITO,76515,9.436868667602539
2024-05-03,COPX,16146,44.403160095214844
2024-05-03,SLV,29422,24.219999313354492
2024-05-03,GDX,21527,32.81365203857422
2024-05-03,XLU,22369,31.83335304260254
2024-05-06,TQQQ,86422,28.571504592895508
2024-05-06,BITO,75210,9.601510047912598
2024-05-06,COPX,16232,45.079105377197266
2024-05-06,SLV,29066,25.06999969482422
2024-05-06,GDX,21669,33.56922912597656
2024-05-06,XLU,22747,31.9962215423584
2024-05-07,TQQQ,85454,28.571504592895508
2024-05-07,BITO,75902,9.582803726196289
2024-05-07,COPX,16258,45.13623046875
2024-05-07,SLV,29343,24.920000076293945
2024-05-07,GDX,21949,33.52997970581055
2024-05-07,XLU,22858,32.35917663574219
2024-05-08,TQQQ,86014,28.517833709716797
2024-05-08,BITO,76896,9.436868667602539
2024-05-08,COPX,16265,44.555484771728516
2024-05-08,SLV,29086,24.950000762939453
2024-05-08,GDX,21802,33.520164489746094
2024-05-08,XLU,22421,32.69887161254883
2024-05-09,TQQQ,85583,28.673961639404297
2024-05-09,BITO,78742,9.489255905151367
2024-05-09,COPX,16321,45.612247467041016
2024-05-09,SLV,28943,25.860000610351562
2024-05-09,GDX,21685,34.69769287109375
2024-05-09,XLU,22426,33.19677734375
2024-05-10,TQQQ,86207,28.869121551513672
2024-05-10,BITO,78502,9.219844818115234
2024-05-10,COPX,16286,45.67889404296875
2024-05-10,SLV,28832,25.770000457763672
2024-05-10,GDX,21352,34.58974838256836
2024-05-10,XLU,22437,33.164207458496094
2024-05-13,TQQQ,85503,29.059404373168945
2024-05-13,BITO,78469,9.608993530273438
2024-05-13,COPX,16248,45.974021911621094
2024-05-13,SLV,29032,25.799999237060547
2024-05-13,GDX,21764,34.295372009277344
2024-05-13,XLU,22535,33.164207458496094
2024-05-14,TQQQ,85998,29.600975036621094
2024-05-14,BITO,79368,9.347066879272461
2024-05-14,COPX,16083,47.325923919677734
2024-05-14,SLV,28739,26.1299991607666
2024-05-14,GDX,21645,34.736942291259766
2024-05-14,XLU,22433,33.25261688232422
2024-05-15,TQQQ,85256,30.967098236083984
2024-05-15,BITO,78796,10.043045997619629
2024-05-15,COPX,16009,47.297359466552734
2024-05-15,SLV,28962,27.1200008392334
2024-05-15,GDX,21912,35.237388610839844
2024-05-15,XLU,22913,33.750526428222656
2024-05-16,TQQQ,84161,30.776817321777344
2024-05-16,BITO,77717,9.912079811096191
2024-05-16,COPX,16545,46.99271011352539
2024-05-16,SLV,28930,27.059999465942383
2024-05-16,GDX,22298,34.992069244384766
2024-05-16,XLU,23113,33.634193420410156
2024-05-17,TQQQ,84930,30.708511352539062
2024-05-17,BITO,77811,10.18523120880127
2024-05-17,COPX,16475,49.19192123413086
2024-05-17,SLV,28155,28.790000915527344
2024-05-17,GDX,22076,36.17940902709961
2024-05-17,SMH,3383,228.52291870117188
2024-05-20,TQQQ,86024,31.34278106689453
2024-05-20,BITO,77966,10.652963638305664
2024-05-20,COPX,15998,50.191566467285156
2024-05-20,SLV,27429,28.979999542236328
2024-05-20,GDX,21886,36.542476654052734
2024-05-20,SMH,3454,233.23728942871094
2024-05-21,TQQQ,86529,31.503787994384766
2024-05-21,BITO,74457,10.518256187438965
2024-05-21,COPX,16069,49.22999954223633
2024-05-21,SLV,27611,29.270000457763672
2024-05-21,GDX,22118,36.238285064697266
2024-05-21,SMH,3475,232.90975952148438
2024-05-22,TQQQ,84895,31.484272003173828
2024-05-22,BITO,75856,10.578124046325684
2024-05-22,COPX,16819,45.95498275756836
2024-05-22,SLV,27661,28.219999313354492
2024-05-22,GDX,22472,34.78600311279297
2024-05-22,SMH,3419,234.8153533935547
2024-05-23,TQQQ,82888,31.015888214111328
2024-05-23,BITO,76703,10.177749633789062
2024-05-23,COPX,17301,45.46944046020508
2024-05-23,SLV,28701,27.549999237060547
2024-05-23,GDX,23221,34.09911346435547
2024-05-23,SMH,3330,238.02113342285156
2024-05-24,TQQQ,83958,31.884353637695312
2024-05-24,COPX,17205,46.32627868652344
2024-05-24,SLV,28279,27.739999771118164
2024-05-24,GDX,22828,34.59955978393555
2024-05-24,SMH,3295,242.42782592773438
2024-05-24,XLU,23915,33.27123260498047
2024-05-28,TQQQ,84137,32.23076629638672
2024-05-28,COPX,17039,47.66865539550781
2024-05-28,SLV,27682,29.239999771118164
2024-05-28,GDX,22940,35.423828125
2024-05-28,SMH,3299,247.95603942871094
2024-05-28,XLU,24353,33.23866271972656
2024-05-29,TQQQ,84891,31.557458877563477
2024-05-29,COPX,17016,46.392921447753906
2024-05-29,SLV,27462,29.170000076293945
2024-05-29,GDX,22808,34.5308723449707
2024-05-29,SMH,3269,243.80738830566406
2024-05-29,XLU,24228,32.81055450439453
2024-05-30,TQQQ,84439,30.54262351989746
2024-05-30,COPX,17319,46.05971145629883
2024-05-30,SLV,27543,28.420000076293945
2024-05-30,GDX,22910,34.893943786621094
2024-05-30,SMH,3260,240.4527587890625
2024-05-30,XLU,24124,33.25261688232422
2024-05-31,TQQQ,86011,30.508466720581055
2024-05-31,COPX,17083,45.878822326660156
2024-05-31,SLV,27394,27.760000228881836
2024-05-31,GDX,22435,34.63881301879883
2024-05-31,SMH,3262,238.67617797851562
2024-05-31,XLU,23622,33.83893966674805
2024-06-03,TQQQ,84862,30.806093215942383
2024-06-03,COPX,17144,45.459922790527344
2024-06-03,SLV,28454,27.889999389648438
2024-06-03,GDX,22775,34.844879150390625
2024-06-03,XLU,23433,33.45270919799805
2024-06-03,TAN,16098,47.89322280883789
2024-06-04,TQQQ,84288,31.0354061126709
2024-06-04,COPX,17537,43.27975082397461
2024-06-04,SLV,28459,27.020000457763672
2024-06-04,GDX,22657,33.539791107177734
2024-06-04,XLU,23293,33.43875503540039
2024-06-04,TAN,16282,47.17676544189453
2024-06-05,TQQQ,82148,32.9089469909668
2024-06-05,COPX,18055,44.28891372680664
2024-06-05,SLV,28871,27.399999618530273
2024-06-05,GDX,23176,34.138370513916016
2024-06-05,XLU,23442,33.24796676635742
2024-06-05,TAN,16531,48.291255950927734
2024-06-06,TQQQ,80877,32.869911193847656
2024-06-06,COPX,18113,45.107669830322266
2024-06-06,SLV,28825,28.530000686645508
2024-06-06,GDX,23375,35.335514068603516
2024-06-06,XLU,24172,32.903621673583984
2024-06-06,TAN,16733,47.27627182006836
2024-06-07,TQQQ,80456,32.7479362487793
2024-06-07,COPX,18010,43.27975082397461
2024-06-07,SLV,28964,26.670000076293945
2024-06-07,GDX,23188,32.911781311035156
2024-06-07,XLU,24231,32.54531478881836
2024-06-07,TAN,17144,45.71399688720703
2024-06-10,TQQQ,80252,33.09435272216797
2024-06-10,COPX,17865,43.9461784362793
2024-06-10,SLV,28896,27.1200008392334
2024-06-10,GDX,23646,33.392601013183594
2024-06-10,XLU,24038,32.964107513427734
2024-06-10,SMH,3137,253.94081115722656
2024-06-11,TQQQ,79703,33.77741622924805
2024-06-11,COPX,18166,42.8989372253418
2024-06-11,SLV,29381,26.709999084472656
2024-06-11,GDX,23670,33.11784362792969
2024-06-11,XLU,24029,32.76402282714844
2024-06-11,SMH,3104,253.5636749267578
2024-06-12,TQQQ,78193,35.109378814697266
2024-06-12,COPX,18409,43.022701263427734
2024-06-12,SLV,29553,27.030000686645508
2024-06-12,GDX,24006,33.363162994384766
2024-06-12,XLU,24495,32.54996109008789
2024-06-12,SMH,3142,261.1165771484375
2024-06-13,TQQQ,75920,35.670467376708984
2024-06-13,COPX,19129,42.28010940551758
2024-06-13,SLV,30516,26.43000030517578
2024-06-13,GDX,24623,32.529083251953125
2024-06-13,XLU,25076,32.62441635131836
2024-06-13,SMH,3088,265.2056884765625
2024-06-14,COPX,19310,42.19442367553711
2024-06-14,SLV,30438,27.010000228881836
2024-06-14,GDX,24635,32.78421401977539
2024-06-14,XLU,24992,32.54531478881836
2024-06-14,SMH,3078,265.8805847167969
2024-06-14,UVXY,22136,123.1500015258789
2024-06-17,SLV,30273,26.920000076293945
2024-06-17,GDX,24976,32.578147888183594
2024-06-17,XLU,25154,32.18700408935547
2024-06-17,SMH,3031,270.4361572265625
2024-06-17,UVXY,22060,122.05000305175781
2024-06-17,XLK,7243,113.84005737304688
2024-06-18,SLV,30281,26.959999084472656
2024-06-18,GDX,24787,33.068782806396484
2024-06-18,XLU,25277,32.20096206665039
2024-06-18,SMH,2973,274.6840515136719
2024-06-18,UVXY,22360,121.3499984741211
2024-06-18,XLK,7082,113.98289489746094
2024-06-20,SLV,29763,28.0
2024-06-20,GDX,24491,33.902862548828125
2024-06-20,XLU,25346,32.480167388916016
2024-06-20,SMH,2955,266.9028625488281
2024-06-20,UVXY,22516,127.25
2024-06-20,XLK,7151,112.70225524902344
2024-06-21,SLV,30269,26.979999542236328
2024-06-21,GDX,24697,33.35335159301758
2024-06-21,XLU,25579,32.28938293457031
2024-06-21,SMH,3163,262.903076171875
2024-06-21,XLK,7397,112.50523376464844
2024-06-21,TQQQ,76046,36.299861907958984
2024-06-24,SLV,30416,27.0
2024-06-24,GDX,24469,33.60847854614258
2024-06-24,XLU,25497,32.713897705078125
2024-06-24,SMH,3171,253.86141967773438
2024-06-24,XLK,7393,109.74699401855469
2024-06-24,TQQQ,76175,35.07034683227539
2024-06-25,SLV,30476,26.399999618530273
2024-06-25,GDX,24413,33.20615768432617
2024-06-25,XLU,24999,32.404300689697266
2024-06-25,SMH,3180,259.8064880371094
2024-06-25,XLK,1,111.76016235351562
2024-06-25,TQQQ,76598,36.24130630493164
2024-06-25,COPX,18648,43.28927230834961
2024-06-26,SLV,31175,26.309999465942383
2024-06-26,GDX,24914,33.1865348815918
2024-06-26,XLU,25263,32.26827621459961
2024-06-26,SMH,3142,258.95294189453125
2024-06-26,TQQQ,75417,36.468082427978516
2024-06-26,COPX,18864,43.60344696044922
2024-06-27,SLV,31002,26.450000762939453
2024-06-27,GDX,24536,33.5888557434082
2024-06-27,XLU,25495,32.32456970214844
2024-06-27,SMH,3185,256.9183044433594
2024-06-27,TQQQ,75405,36.73255157470703
2024-06-27,COPX,18839,43.05793380737305
2024-06-28,SLV,30872,26.56999969482422
2024-06-28,GDX,24513,33.29447555541992
2024-06-28,XLU,25671,31.96337127685547
2024-06-28,SMH,3209,258.7445068359375
2024-06-28,TQQQ,75014,36.15462112426758
2024-06-28,COPX,18994,43.096153259277344
2024-07-01,SLV,30812,26.850000381469727
2024-07-01,GDX,24611,33.25522232055664
2024-07-01,XLU,25492,31.742897033691406
2024-07-01,SMH,3179,259.0522155761719
2024-07-01,TQQQ,75549,36.74724197387695
2024-07-01,COPX,18825,43.44007873535156
2024-07-02,SLV,30568,26.969999313354492
2024-07-02,SMH,3192,261.65252685546875
2024-07-02,TQQQ,75190,37.87370300292969
2024-07-02,QQQ,1728,481.42425537109375
2024-07-02,XLK,7361,113.03318786621094
2024-07-02,SPY,1547,534.985107421875
2024-07-03,SLV,30342,27.84000015258789
2024-07-03,SMH,3207,267.5976257324219
2024-07-03,TQQQ,74364,38.80426788330078
2024-07-03,QQQ,1749,485.4379577636719
2024-07-03,XLK,7449,114.55786895751953
2024-07-03,SPY,1572,537.37255859375
2024-07-05,SLV,30538,28.479999542236328
2024-07-05,SMH,3195,267.69683837890625
2024-07-05,TQQQ,73556,39.979705810546875
2024-07-05,QQQ,1768,490.4995422363281
2024-07-05,XLK,7498,114.90819549560547
2024-07-05,SPY,1599,540.4713134765625
2024-07-08,SLV,30798,28.1299991607666
2024-07-08,SMH,3224,272.1531677246094
2024-07-08,QQQ,1778,491.666015625
2024-07-08,XLK,7574,115.6927490234375
2024-07-08,SPY,1613,541.0950317382812
2024-07-08,UVXY,26844,107.8499984741211
2024-07-09,SLV,30783,28.1200008392334
2024-07-09,SMH,3180,272.7486572265625
2024-07-09,QQQ,1768,492.0910949707031
2024-07-09,XLK,7497,115.59898376464844
2024-07-09,SPY,1609,541.6212158203125
2024-07-09,UVXY,27111,107.8499984741211
2024-07-10,SLV,30913,28.15999984741211
2024-07-10,SMH,3169,279.1601867675781
2024-07-10,QQQ,1770,497.221923828125
2024-07-10,XLK,7513,117.27662658691406
2024-07-10,SPY,1611,546.9806518554688
2024-07-10,UVXY,27068,107.44999694824219
2024-07-11,SLV,30375,28.68000030517578
2024-07-11,SMH,3110,268.9870910644531
2024-07-11,QQQ,1756,486.3177490234375
2024-07-11,XLK,7436,114.34076690673828
2024-07-11,SPY,1597,542.2642822265625
2024-07-11,UVXY,27596,107.94999694824219
2024-07-12,SLV,30743,28.1200008392334
2024-07-12,SMH,3191,272.3913879394531
2024-07-12,QQQ,1767,489.17474365234375
2024-07-12,XLK,7507,115.36214447021484
2024-07-12,SPY,1585,545.6846313476562
2024-07-12,TQQQ,73660,39.49483871459961
2024-07-15,SLV,31117,28.030000686645508
2024-07-15,SMH,3187,271.7760314941406
2024-07-15,QQQ,1780,490.48956298828125
2024-07-15,XLK,7538,115.56938171386719
2024-07-15,SPY,1596,547.185302734375
2024-07-15,TQQQ,73022,39.7886962890625
2024-07-16,SLV,31243,28.610000610351562
2024-07-16,SMH,3204,271.65692138671875
2024-07-16,QQQ,1780,490.6773986816406
2024-07-16,XLK,7559,115.18451690673828
2024-07-16,SPY,1596,550.43017578125
2024-07-16,TQQQ,72740,39.818084716796875
2024-07-17,SMH,3234,252.31312561035156
2024-07-17,QQQ,1755,476.2736511230469
2024-07-17,XLK,7524,110.70423889160156
2024-07-17,TQQQ,74523,36.316246032714844
2024-07-17,GDX,22035,37.71999740600586
2024-07-17,XBI,8458,99.313232421875
2024-07-18,SMH,3247,253.6232147216797
2024-07-18,QQQ,1740,474.01971435546875
2024-07-18,XLK,7462,110.714111328125
2024-07-18,TQQQ,74965,35.77260208129883
2024-07-18,GDX,21997,37.160675048828125
2024-07-18,XBI,8416,97.06424713134766
2024-07-19,SMH,3205,246.2787322998047
2024-07-19,QQQ,1712,469.8181457519531
2024-07-19,XLK,7360,108.982177734375
2024-07-19,TQQQ,75753,34.80286407470703
2024-07-19,GDX,22408,36.689666748046875
2024-07-19,XBI,8335,97.0344009399414
2024-07-22,SMH,3249,255.786865234375
2024-07-22,QQQ,1715,476.8173522949219
2024-07-22,XLK,7389,111.56279754638672
2024-07-22,TQQQ,75399,36.321144104003906
2024-07-22,GDX,22287,36.74854278564453
2024-07-22,XBI,8348,98.40766906738281
2024-07-23,SMH,3234,252.9483184814453
2024-07-23,QQQ,1719,475.13671875
2024-07-23,XLK,7366,111.11871337890625
2024-07-23,TQQQ,75539,35.9293327331543
2024-07-23,GDX,22287,36.74854278564453
2024-07-23,XBI,8344,99.2734375
2024-07-24,SMH,3216,239.17242431640625
2024-07-24,QQQ,1708,458.09344482421875
2024-07-24,XLK,7293,106.52003479003906
2024-07-24,TQQQ,77478,32.055267333984375
2024-07-24,XBI,8120,98.55694580078125
2024-07-24,XLRE,21120,37.35657501220703
2024-07-25,SMH,3242,234.78558349609375
2024-07-25,QQQ,1678,453.0417785644531
2024-07-25,XLK,7228,105.38021850585938
2024-07-25,TQQQ,79823,30.98758316040039
2024-07-25,XBI,7751,100.48747253417969
2024-07-25,XLRE,20475,37.15254211425781
2024-07-26,SMH,3200,238.50746154785156
2024-07-26,QQQ,1681,457.6881408691406
2024-07-26,XLK,7203,106.71737670898438
2024-07-26,TQQQ,80548,31.874059677124023
2024-07-26,XBI,7579,101.04474639892578
2024-07-26,XLRE,20618,37.7739143371582
2024-07-29,SMH,3230,236.81028747558594
2024-07-29,QQQ,1688,458.6075439453125
2024-07-29,XLK,7226,106.24370574951172
2024-07-29,TQQQ,79834,32.06017303466797
2024-07-29,XBI,7696,99.78094482421875
2024-07-29,XLRE,20579,38.015045166015625
2024-07-30,SMH,3254,227.74876403808594
2024-07-30,QQQ,1685,452.3101806640625
2024-07-30,XLK,7275,103.57428741455078
2024-07-30,TQQQ,79666,30.752490997314453
2024-07-30,XBI,7755,98.50717163085938
2024-07-30,XLRE,20324,38.29327392578125
2024-07-31,TQQQ,79218,33.44130325317383
2024-07-31,XBI,7873,98.57685089111328
2024-07-31,XLRE,20388,38.20052719116211
2024-07-31,BITO,78717,9.728116035461426
2024-07-31,GDX,21107,37.21955108642578
2024-07-31,DHS,9173,84.75371551513672
2024-08-01,TQQQ,78015,31.031658172607422
2024-08-01,XBI,7936,98.18875122070312
2024-08-01,XLRE,20366,38.79408264160156
2024-08-01,BITO,81587,9.438236236572266
2024-08-01,GDX,21109,36.57191467285156
2024-08-01,DHS,9258,84.09384155273438
2024-08-02,TQQQ,83146,28.768936157226562
2024-08-02,XBI,7748,95.99947357177734
2024-08-02,XLRE,19086,38.8219108581543
2024-08-02,BITO,76591,9.319170951843262
2024-08-02,GDX,19993,35.79671096801758
2024-08-02,DHS,8869,82.92277526855469
2024-08-05,TQQQ,83217,26.26132583618164
2024-08-05,XBI,7212,92.97431182861328
2024-08-05,XLRE,17064,37.6997184753418
2024-08-05,BITO,88140,7.972812175750732
2024-08-05,GDX,19404,34.67806625366211
2024-08-05,DHS,8034,80.69216918945312
2024-08-06,TQQQ,69397,26.917612075805664
2024-08-06,XBI,7341,93.97938537597656
2024-08-06,XLRE,18242,38.53439712524414
2024-08-06,BITO,83729,8.471972465515137
2024-08-06,GDX,19954,34.9626350402832
2024-08-06,DHS,8514,81.30558776855469
2024-08-07,TQQQ,65935,26.05072593688965
2024-08-07,XBI,5834,91.90951538085938
2024-08-07,XLRE,14436,38.25617599487305
2024-08-07,TLT,6392,87.21617889404297
2024-08-07,XLV,3930,140.56582641601562
2024-08-07,XLU,16182,34.374454498291016
2024-08-08,TQQQ,69336,28.43589210510254
2024-08-08,XBI,5928,94.5366439819336
2024-08-08,XLRE,14366,38.580772399902344
2024-08-08,TLT,6340,86.67964172363281
2024-08-08,XLV,3842,143.6753692626953
2024-08-08,XLU,16015,34.411983489990234
2024-08-09,TQQQ,61239,28.822803497314453
2024-08-09,XBI,5883,95.07402038574219
2024-08-09,XLRE,14411,38.775535583496094
2024-08-09,TLT,6362,87.53446960449219
2024-08-09,XLV,3879,144.3877716064453
2024-08-09,XLU,16187,34.52925109863281
2024-08-12,TQQQ,60188,29.018712997436523
2024-08-12,XBI,5920,95.34269714355469
2024-08-12,XLRE,14594,38.543678283691406
2024-08-12,TLT,6452,87.85272979736328
2024-08-12,XLV,3893,143.83905029296875
2024-08-12,XLU,16314,34.59023666381836
2024-08-13,TQQQ,59285,31.12961196899414
2024-08-13,XBI,5955,96.47713470458984
2024-08-13,XLRE,14678,38.81262969970703
2024-08-13,TLT,6439,88.46199035644531
2024-08-13,XLV,3945,145.58155822753906
2024-08-13,XLU,16401,34.79193878173828
2024-08-14,TQQQ,55139,31.18348503112793
2024-08-14,XBI,5360,95.62132263183594
2024-08-14,XLRE,13335,38.951744079589844
2024-08-14,TLT,5845,89.01670837402344
2024-08-14,GDX,14240,36.414913177490234
2024-08-14,XLC,6229,82.97664642333984
2024-08-15,TQQQ,54851,33.52947235107422
2024-08-15,XBI,5401,97.23342895507812
2024-08-15,XLRE,13418,38.8404541015625
2024-08-15,TLT,5966,88.29830932617188
2024-08-15,GDX,14348,36.5915412902832
2024-08-15,XLC,6269,83.72628784179688
2024-08-16,TQQQ,52240,33.61762619018555
2024-08-16,XBI,5429,97.29312896728516
2024-08-16,XLRE,13604,38.8219108581543
2024-08-16,TLT,5958,88.60750579833984
2024-08-16,GDX,14202,37.769065856933594
2024-08-16,XLC,6305,83.97941589355469
2024-08-19,TQQQ,52035,34.920413970947266
2024-08-19,XBI,5460,100.35811614990234
2024-08-19,XLRE,13673,39.05376052856445
2024-08-19,TLT,5991,89.01670837402344
2024-08-19,GDX,14154,38.485389709472656
2024-08-19,XLC,6305,84.9334945678711
2024-08-20,TQQQ,51334,34.70490646362305
2024-08-20,XBI,5390,100.33821105957031
2024-08-20,XLRE,13822,39.09085464477539
2024-08-20,TLT,6035,89.72598266601562
2024-08-20,GDX,13865,38.76014709472656
2024-08-20,XLC,6362,84.87507629394531
2024-08-21,TQQQ,51210,35.17998504638672
2024-08-21,XBI,5324,101.3233871459961
2024-08-21,XLRE,13691,39.22069549560547
2024-08-21,TLT,5969,89.78057098388672
2024-08-21,GDX,13853,39.025089263916016
2024-08-21,DHS,6345,84.45630645751953
2024-08-22,TQQQ,54717,33.490291595458984
2024-08-22,XBI,5310,99.65157318115234
2024-08-22,XLRE,13731,39.461822509765625
2024-08-22,TLT,6037,88.88939666748047
2024-08-22,GDX,14014,38.05363082885742
2024-08-22,DHS,6381,84.54927062988281
2024-08-23,TQQQ,55766,34.54328918457031
2024-08-23,XBI,5325,101.014892578125
2024-08-23,XLRE,13464,40.222312927246094
2024-08-23,TLT,5973,89.47138214111328
2024-08-23,GDX,13847,38.60314178466797
2024-08-23,DHS,6291,85.78539276123047
2024-08-26,TQQQ,56114,33.52947235107422
2024-08-26,XBI,5282,101.20396423339844
2024-08-26,XLRE,13269,40.19449234008789
2024-08-26,TLT,5975,89.24402618408203
2024-08-26,GDX,13808,38.49520492553711
2024-08-26,DHS,6231,86.20361328125
2024-08-27,TQQQ,57226,33.813533782958984
2024-08-27,XBI,5236,100.57704162597656
2024-08-27,XLRE,13225,40.29650115966797
2024-08-27,TLT,5960,89.08944702148438
2024-08-27,GDX,13834,38.485389709472656
2024-08-27,DHS,6141,85.8444595336914
2024-08-28,TQQQ,57002,32.667476654052734
2024-08-28,XBI,5754,100.04962921142578
2024-08-28,XLRE,14299,40.15739059448242
2024-08-28,TLT,6465,88.98033142089844
2024-08-28,GDX,15161,37.64149856567383
2024-08-28,IGV,6704,85.23401641845703
2024-08-29,TQQQ,59413,32.49605941772461
2024-08-29,XBI,5695,100.4178237915039
2024-08-29,XLRE,14277,39.99972915649414
2024-08-29,TLT,6465,88.68933868408203
2024-08-29,GDX,15135,38.15176010131836
2024-08-29,IGV,6629,86.2738265991211
2024-08-30,TQQQ,61578,33.602935791015625
2024-08-30,XBI,5707,100.76610565185547
2024-08-30,XLRE,14310,40.389244079589844
2024-08-30,TLT,6475,87.74360656738281
2024-08-30,GDX,15113,37.89662551879883
2024-08-30,IGV,6622,86.78372955322266
2024-09-03,TQQQ,66743,30.536991119384766
2024-09-03,XBI,5682,98.17880249023438
2024-09-03,XLRE,14243,40.48198699951172
2024-09-03,TLT,6422,89.17867279052734
2024-09-03,GDX,15324,36.57191467285156
2024-09-03,IGV,6605,84.88408660888672
2024-09-04,TQQQ,79149,30.277414321899414
2024-09-04,XBI,5617,98.03948211669922
2024-09-04,XLRE,13540,40.57473373413086
2024-09-04,TLT,6153,90.32818603515625
2024-09-04,GDX,15177,36.218658447265625
2024-09-04,IGV,6548,84.69412231445312
2024-09-05,TQQQ,79703,30.375368118286133
2024-09-05,XLRE,17514,40.46343994140625
2024-09-05,GDX,19375,36.63079071044922
2024-09-05,XLF,16228,43.45368576049805
2024-09-05,XLU,19718,35.95057678222656
2024-09-05,DHS,8264,85.61121368408203
2024-09-06,TQQQ,80174,27.911840438842773
2024-09-06,XLRE,17619,40.46343994140625
2024-09-06,GDX,19560,35.63970947265625
2024-09-06,XLF,16418,42.81565856933594
2024-09-06,XLU,19801,35.608154296875
2024-09-06,DHS,8314,84.71564483642578
2024-09-09,TQQQ,82765,28.95014762878418
2024-09-09,XLRE,17207,40.94569778442383
2024-09-09,GDX,19381,36.07146453857422
2024-09-09,XLF,16109,43.45368576049805
2024-09-09,XLU,19468,35.96934127807617
2024-09-09,DHS,8196,85.39665985107422
2024-09-10,TQQQ,81825,29.7288761138916
2024-09-10,XLRE,17158,41.66909408569336
2024-09-10,GDX,19560,36.52285385131836
2024-09-10,XLF,16183,43.00899887084961
2024-09-10,XLU,19580,36.138214111328125
2024-09-10,DHS,8245,85.07949829101562
2024-09-11,TQQQ,80375,31.62427520751953
2024-09-11,XLRE,17213,41.55780029296875
2024-09-11,GDX,19632,36.689666748046875
2024-09-11,XLF,16592,42.80598831176758
2024-09-11,XLU,19668,36.250789642333984
2024-09-11,DHS,8383,84.60369873046875
2024-09-12,TQQQ,78703,32.559730529785156
2024-09-12,XLRE,17955,41.63199234008789
2024-09-12,GDX,20011,38.47557830810547
2024-09-12,XLF,17427,42.90266036987305
2024-09-12,XLU,20571,36.33053970336914
2024-09-12,DHS,8819,84.9022445678711
2024-09-13,TQQQ,78207,32.9858283996582
2024-09-13,XLRE,18165,41.92876434326172
2024-09-13,GDX,19464,39.33909606933594
2024-09-13,XLF,17665,43.02832794189453
2024-09-13,XLU,20852,36.84183883666992
2024-09-13,DHS,8914,85.9004135131836
2024-09-16,TQQQ,78404,32.545040130615234
2024-09-16,XLRE,18165,42.06787872314453
2024-09-16,GDX,19494,39.14284133911133
2024-09-16,XLF,17707,43.58902359008789
2024-09-16,XLU,20704,37.123291015625
2024-09-16,DHS,8869,86.6654052734375
2024-09-17,TQQQ,77641,32.56462860107422
2024-09-17,XLRE,18350,41.734012603759766
2024-09-17,GDX,19824,38.750335693359375
2024-09-17,XLF,17679,43.821044921875
2024-09-17,XLU,20793,37.095149993896484
2024-09-17,DHS,8898,86.62808990478516
2024-09-18,TQQQ,78054,32.13853073120117
2024-09-18,XLRE,18393,41.61344528198242
2024-09-18,GDX,19702,38.32838821411133
2024-09-18,XLF,17533,43.68569564819336
2024-09-18,XLU,20758,36.813697814941406
2024-09-18,DHS,8865,86.60942840576172
2024-09-19,TQQQ,76036,34.56777572631836
2024-09-19,XLRE,18718,41.51142883300781
2024-09-19,GDX,19959,38.97602462768555
2024-09-19,XLF,17796,44.16905212402344
2024-09-19,XLU,21410,36.5979118347168
2024-09-19,DHS,8981,87.17845916748047
2024-09-20,TQQQ,76092,34.34737777709961
2024-09-20,XLRE,19003,41.43723678588867
2024-09-20,GDX,19784,39.751224517822266
2024-09-20,XLF,17796,44.14005661010742
2024-09-20,XLU,21165,37.56422805786133
2024-09-20,DHS,9008,86.98257446289062
2024-09-23,TQQQ,76130,34.60205841064453
2024-09-23,XLRE,18927,41.89578628540039
2024-09-23,GDX,19857,39.57460403442383
2024-09-23,XLF,17898,44.08668899536133
2024-09-23,XLU,20901,37.93684768676758
2024-09-23,DHS,9058,87.53298950195312
2024-09-24,TQQQ,75736,35.09182357788086
2024-09-24,XLRE,19021,41.89578628540039
2024-09-24,GDX,19842,40.63437271118164
2024-09-24,XLF,18047,43.7180061340332
2024-09-24,XLU,21022,37.66765594482422
2024-09-24,DHS,9051,87.42103576660156
2024-09-25,TQQQ,75841,35.214664459228516
2024-09-25,XLRE,18945,41.718345642089844
2024-09-25,GDX,19625,40.53624725341797
2024-09-25,XLF,18183,43.45604705810547
2024-09-25,XLU,20998,37.86600875854492
2024-09-25,DHS,9088,86.62529754638672
2024-09-26,TQQQ,73423,35.961509704589844
2024-09-26,XLRE,19427,41.30742645263672
2024-09-26,GDX,19853,40.86006164550781
2024-09-26,XLU,21453,37.606266021728516
2024-09-26,DHS,9362,86.73762512207031
2024-09-26,XLI,6165,131.10386657714844
2024-09-27,TQQQ,74171,35.34241485595703
2024-09-27,XLRE,19352,41.363460540771484
2024-09-27,GDX,19820,39.604042053222656
2024-09-27,XLU,21317,37.97935104370117
2024-09-27,DHS,9227,87.37425231933594
2024-09-27,XLI,6122,131.28887939453125
2024-09-30,TQQQ,75215,35.61756896972656
2024-09-30,XLRE,19224,41.718345642089844
2024-09-30,GDX,20135,39.07415008544922
2024-09-30,XLU,20820,38.14936447143555
2024-09-30,DHS,9073,87.81423950195312
2024-09-30,XLI,6035,131.8828582763672
2024-10-01,TQQQ,74966,34.1091423034668
2024-10-01,XLRE,19090,41.466190338134766
2024-10-01,GDX,20192,39.692352294921875
2024-10-01,XLU,20959,38.45633316040039
2024-10-01,DHS,9114,87.58953857421875
2024-10-01,XLI,6059,131.95098876953125
2024-10-02,TQQQ,76964,34.23689651489258
2024-10-02,XLRE,19076,41.3167610168457
2024-10-02,GDX,19702,39.61384963989258
2024-10-02,XLU,20491,38.475223541259766
2024-10-02,DHS,8946,87.56146240234375
2024-10-02,XLI,5945,131.70758056640625
2024-10-03,TQQQ,77119,34.15827178955078
2024-10-03,XLRE,18973,40.9151725769043
2024-10-03,XLU,20198,38.46105194091797
2024-10-03,DHS,8929,87.44912719726562
2024-10-03,XLI,5949,131.03570556640625
2024-10-03,LIT,17776,43.88705062866211
2024-10-04,TQQQ,75004,35.3620719909668
2024-10-04,XLRE,19566,40.64433670043945
2024-10-04,XLU,20876,38.399662017822266
2024-10-04,DHS,9060,88.15125274658203
2024-10-04,XLI,6027,131.95098876953125
2024-10-04,LIT,17841,45.44563293457031
2024-10-07,TQQQ,75966,34.19758987426758
2024-10-07,XLRE,19701,40.345481872558594
2024-10-07,XLU,20789,37.51652908325195
2024-10-07,DHS,9032,87.71125030517578
2024-10-07,XLI,6059,131.62966918945312
2024-10-07,LIT,17041,48.30632781982422
2024-10-08,TQQQ,75998,35.68144607543945
2024-10-08,XLRE,19539,40.466888427734375
2024-10-08,XLU,21007,37.535423278808594
2024-10-08,DHS,9028,87.29933166503906
2024-10-08,XLI,5991,131.9217987060547
2024-10-08,LIT,17183,46.27424621582031
2024-10-09,TQQQ,74436,36.541297912597656
2024-10-09,XLRE,19703,40.485565185546875
2024-10-09,XLU,21257,37.21428298950195
2024-10-09,DHS,9116,87.97339630126953
2024-10-09,XLI,6031,133.1000213623047
2024-10-09,LIT,17778,45.11023712158203
2024-10-10,TQQQ,74002,36.41354751586914
2024-10-10,XLRE,19864,40.149356842041016
2024-10-10,XLU,21469,37.1009407043457
2024-10-10,DHS,9092,87.66443634033203
2024-10-10,XLI,6032,132.4184112548828
2024-10-10,LIT,17850,45.1201057434082
2024-10-11,TQQQ,73854,36.50690841674805
2024-10-11,XLRE,19735,40.56028366088867
2024-10-11,XLU,21536,37.42679977416992
2024-10-11,DHS,9050,88.72233581542969
2024-10-11,XLI,5994,134.7845916748047
2024-10-11,LIT,18236,44.29148864746094
2024-10-14,TQQQ,72806,37.44045639038086
2024-10-14,XLRE,20011,40.84046173095703
2024-10-14,XLU,21599,37.89906692504883
2024-10-14,DHS,9136,89.24661254882812
2024-10-14,XLI,6007,135.5927734375
2024-10-14,LIT,18598,43.43327713012695
2024-10-15,TQQQ,72508,35.946773529052734
2024-10-15,XLRE,19895,41.3541145324707
2024-10-15,XLU,21438,38.06907272338867
2024-10-15,DHS,9152,88.96575164794922
2024-10-15,XLI,6011,134.55088806152344
2024-10-15,LIT,19069,41.924015045166016
2024-10-16,TQQQ,74302,35.9271125793457
2024-10-16,XLRE,19355,41.765045166015625
2024-10-16,XLU,20969,38.82469940185547
2024-10-16,DHS,8972,90.01428985595703
2024-10-16,XLI,5953,135.5927734375
2024-10-16,LIT,19063,42.22981643676758
2024-10-17,TQQQ,73158,36.03520202636719
2024-10-17,XLRE,19571,41.49420928955078
2024-10-17,XLU,20924,38.479949951171875
2024-10-17,XLI,6005,135.20330810546875
2024-10-17,XLF,17618,46.192054748535156
2024-10-17,GDX,20081,40.71287155151367
2024-10-18,TQQQ,73799,36.673954010009766
2024-10-18,XLRE,19482,41.78372573852539
2024-10-18,XLU,21068,38.701908111572266
2024-10-18,XLI,5976,135.61227416992188
2024-10-18,XLF,17537,46.20176315307617
2024-10-18,GDX,19655,42.34178161621094
2024-10-21,TQQQ,74473,36.87541198730469
2024-10-21,XLRE,19571,40.92451477050781
2024-10-21,XLU,20959,38.550785064697266
2024-10-21,XLI,5995,135.13514709472656
2024-10-21,XLF,17626,45.83308029174805
2024-10-21,GDX,18938,42.41046905517578
2024-10-22,TQQQ,74140,36.98350143432617
2024-10-22,XLRE,19750,40.98988723754883
2024-10-22,XLU,21065,38.41382598876953
2024-10-22,XLI,5995,133.49928283691406
2024-10-22,XLF,17688,45.745758056640625
2024-10-22,GDX,18889,43.2641716003418
2024-10-23,TQQQ,73906,35.27362060546875
2024-10-23,XLRE,19761,41.391475677490234
2024-10-23,XLU,21019,38.782196044921875
2024-10-23,XLI,6058,133.10977172851562
2024-10-23,XLF,17682,45.70695114135742
2024-10-23,GDX,18929,42.4497184753418
2024-10-24,TQQQ,74500,36.113826751708984
2024-10-24,XLU,20794,38.53189468383789
2024-10-24,GDX,18908,41.340885162353516
2024-10-24,XLK,7113,113.2461166381836
2024-10-24,LIT,19107,42.298866271972656
2024-10-24,SLV,25858,30.690000534057617
2024-10-25,TQQQ,73506,36.72309494018555
2024-10-25,XLU,20900,37.96045684814453
2024-10-25,GDX,19678,40.78156280517578
2024-10-25,XLK,7107,113.8343505859375
2024-10-25,LIT,18708,43.117610931396484
2024-10-25,SLV,26467,30.6299991607666
2024-10-28,TQQQ,72516,36.75748825073242
2024-10-28,XLU,21339,38.25798416137695
2024-10-28,GDX,20080,40.58530807495117
2024-10-28,XLK,7104,113.79975128173828
2024-10-28,LIT,18771,43.89691162109375
2024-10-28,SLV,26519,30.729999542236328
2024-10-29,TQQQ,73388,37.774566650390625
2024-10-29,XLU,21425,37.44097137451172
2024-10-29,GDX,19762,41.23294448852539
2024-10-29,XLK,7109,115.33210754394531
2024-10-29,LIT,18612,43.147212982177734
2024-10-29,SLV,26006,31.389999389648438
2024-10-30,TQQQ,72181,36.93437576293945
2024-10-30,XLU,21668,37.351234436035156
2024-10-30,GDX,19785,40.73249435424805
2024-10-30,XLK,7126,113.49819946289062
2024-10-30,LIT,19037,42.74277114868164
2024-10-30,SLV,26495,30.809999465942383
2024-10-31,TQQQ,73505,34.12388229370117
2024-10-31,GDX,19831,39.58441162109375
2024-10-31,LIT,18598,42.772361755371094
2024-10-31,SLV,26189,29.809999465942383
2024-10-31,BITO,74818,10.308674812316895
2024-10-31,IGV,8584,91.2428970336914
2024-11-01,TQQQ,75107,34.85106658935547
2024-11-01,GDX,19529,39.10358810424805
2024-11-01,LIT,18000,43.08802032470703
2024-11-01,SLV,25812,29.540000915527344
2024-11-01,BITO,75171,10.196234703063965
2024-11-01,IGV,8478,92.24270629882812
2024-11-04,TQQQ,74491,34.52678298950195
2024-11-04,GDX,19626,39.15265655517578
2024-11-04,LIT,17903,43.482601165771484
2024-11-04,SLV,26028,29.6299991607666
2024-11-04,BITO,76978,9.890564918518066
2024-11-04,IGV,8446,92.23270416259766
2024-11-05,TQQQ,74792,35.83867263793945
2024-11-05,GDX,19746,39.35872268676758
2024-11-05,LIT,17626,44.60715103149414
2024-11-05,SLV,26117,29.75
2024-11-05,BITO,76717,10.223525047302246
2024-11-05,IGV,8414,93.8424072265625
2024-11-06,TQQQ,71174,38.747432708740234
2024-11-06,GDX,21446,37.916255950927734
2024-11-06,LIT,18721,43.26558303833008
2024-11-06,SLV,28529,28.43000030517578
2024-11-06,BITO,73489,11.2114896774292
2024-11-06,IGV,8339,97.69168090820312
2024-11-07,TQQQ,70143,40.56049346923828
2024-11-07,LIT,18838,44.72552490234375
2024-11-07,BITO,75019,11.282448768615723
2024-11-07,IGV,8407,100.14122772216797
2024-11-07,XLY,8032,104.29800415039062
2024-11-07,REMX,17631,47.43159866333008
2024-11-08,TQQQ,69295,40.65876770019531
2024-11-08,LIT,19235,43.77853775024414
2024-11-08,BITO,74798,11.298822402954102
2024-11-08,IGV,8394,101.22102355957031
2024-11-08,XLY,8053,105.77806854248047
2024-11-08,REMX,18028,45.86076354980469
2024-11-11,TQQQ,70098,40.58506393432617
2024-11-11,LIT,18833,46.36302947998047
2024-11-11,BITO,71412,12.832625389099121
2024-11-11,IGV,8412,103.5705795288086
2024-11-11,XLY,8015,107.91211700439453
2024-11-11,REMX,18646,46.971839904785156
2024-11-12,TQQQ,71119,40.36396026611328
2024-11-12,LIT,18835,45.24834442138672
2024-11-12,BITO,68154,13.2037935256958
2024-11-12,IGV,8414,104.07048034667969
2024-11-12,XLY,8039,106.47138214111328
2024-11-12,REMX,18581,45.71708679199219
2024-11-13,TQQQ,71879,40.18707275390625
2024-11-13,LIT,18832,45.751426696777344
2024-11-13,BITO,65526,13.2037935256958
2024-11-13,IGV,8315,104.40042114257812
2024-11-13,XLY,8091,107.38107299804688
2024-11-13,REMX,18778,46.004432678222656
2024-11-14,TQQQ,71753,39.33704376220703
2024-11-14,LIT,19179,44.12379455566406
2024-11-14,BITO,64293,12.870834350585938
2024-11-14,IGV,8289,103.03068542480469
2024-11-14,XLY,8050,105.85675811767578
2024-11-14,REMX,19068,44.22287368774414
2024-11-15,TQQQ,73020,36.49216079711914
2024-11-15,LIT,19312,43.26558303833008
2024-11-15,BITO,63360,13.460335731506348
2024-11-15,IGV,8152,101.11103820800781
2024-11-15,XLY,7902,104.95198059082031
2024-11-15,REMX,18796,43.65776062011719
2024-11-18,TQQQ,74420,37.22917175292969
2024-11-18,LIT,18953,43.7094841003418
2024-11-18,BITO,61874,13.465794563293457
2024-11-18,IGV,8108,101.10104370117188
2024-11-18,XLY,7740,105.92066955566406
2024-11-18,REMX,18920,43.93552780151367
2024-11-19,TQQQ,74842,37.97602462768555
2024-11-19,LIT,18565,44.597286224365234
2024-11-19,BITO,61027,13.618630409240723
2024-11-19,IGV,8211,102.50077819824219
2024-11-19,XLY,7837,105.99934387207031
2024-11-19,REMX,18752,44.36655044555664
2024-11-20,TQQQ,74001,37.93179702758789
2024-11-20,LIT,18932,44.66633987426758
2024-11-20,BITO,60485,13.875175476074219
2024-11-20,IGV,8153,103.29063415527344
2024-11-20,XLY,7962,105.53221130371094
2024-11-20,REMX,19112,44.35697555541992
2024-11-21,TQQQ,73638,38.30522155761719
2024-11-21,LIT,19080,44.95240783691406
2024-11-21,BITO,59620,14.426467895507812
2024-11-21,IGV,8153,104.52040100097656
2024-11-21,XLY,8054,105.71907043457031
2024-11-21,XLC,8971,94.80996704101562
2024-11-22,TQQQ,74014,38.447715759277344
2024-11-22,LIT,19262,44.36054611206055
2024-11-22,BITO,59054,14.568385124206543
2024-11-22,IGV,8086,106.02012634277344
2024-11-22,XLY,7990,107.24337768554688
2024-11-22,XLC,8967,94.60488891601562
2024-11-25,TQQQ,73257,38.62459945678711
2024-11-25,LIT,19248,44.87349319458008
2024-11-25,BITO,60573,13.907920837402344
2024-11-25,IGV,8062,105.77017211914062
2024-11-25,XLY,7977,108.33992767333984
2024-11-25,XLC,9100,95.09314727783203
2024-11-26,TQQQ,72914,39.22403335571289
2024-11-26,LIT,19374,43.334632873535156
2024-11-26,BITO,63019,13.318421363830566
2024-11-26,IGV,8061,106.17009735107422
2024-11-26,XLY,7870,108.73329162597656
2024-11-26,XLC,8958,95.44469451904297
2024-11-27,TQQQ,73218,38.27574157714844
2024-11-27,LIT,19494,44.04487991333008
2024-11-27,BITO,61628,14.186300277709961
2024-11-27,IGV,8106,104.28044891357422
2024-11-27,XLY,7856,108.19731903076172
2024-11-27,XLC,8947,95.5716552734375
2024-11-29,TQQQ,73987,39.25351333618164
2024-11-29,LIT,19452,44.09420394897461
2024-11-29,BITO,59585,14.268173217773438
2024-11-29,IGV,8144,104.74036407470703
2024-11-29,XLY,7858,109.30859375
2024-11-29,XLC,8919,96.08920288085938
2024-12-02,TQQQ,72794,40.52610397338867
2024-12-02,LIT,19645,44.5479621887207
2024-12-02,BITO,61411,14.016226768493652
2024-12-02,IGV,8225,104.84034729003906
2024-12-02,XLY,7845,110.26252746582031
2024-12-02,XLC,8980,96.88017272949219
2024-12-03,TQQQ,71954,40.88478469848633
2024-12-03,LIT,19684,43.76866912841797
2024-12-03,BITO,62943,13.999200820922852
2024-12-03,IGV,8318,105.75016784667969
2024-12-03,XLY,7883,110.17893981933594
2024-12-03,XLC,8949,97.6613998413086
2024-12-04,TQQQ,70789,42.37846755981445
2024-12-04,LIT,20458,42.76249694824219
2024-12-04,BITO,63079,14.49855899810791
2024-12-04,IGV,8191,109.8593978881836
2024-12-04,XLY,8020,111.20169830322266
2024-12-04,XLC,9070,97.88599395751953
2024-12-05,TQQQ,70786,42.02961349487305
2024-12-05,LIT,21127,42.75263214111328
2024-12-05,BITO,59733,14.464515686035156
2024-12-05,IGV,8238,108.52965545654297
2024-12-05,XLY,8084,112.11137390136719
2024-12-05,XLC,9168,97.6613998413086
2024-12-06,TQQQ,70926,43.110572814941406
2024-12-06,LIT,20762,43.58124923706055
2024-12-06,BITO,61758,14.822016716003418
2024-12-06,IGV,8202,110.02937316894531
2024-12-06,XLY,7935,114.47160339355469
2024-12-06,XLC,9182,98.5597915649414
2024-12-09,TQQQ,70753,42.10331344604492
2024-12-09,LIT,20454,45.21875
2024-12-09,BITO,62859,14.02189826965332
2024-12-09,IGV,8229,107.74979400634766
2024-12-09,XLY,7904,114.10774993896484
2024-12-09,XLC,9240,96.46027374267578
2024-12-10,TQQQ,70594,41.646366119384766
2024-12-10,LIT,20477,43.443145751953125
2024-12-10,BITO,62663,14.078642845153809
2024-12-10,IGV,8375,106.15009307861328
2024-12-10,XLY,7865,114.29460906982422
2024-12-10,XLC,9213,97.973876953125
2024-12-11,TQQQ,70405,43.87215805053711
2024-12-11,LIT,20749,43.67988967895508
2024-12-11,BITO,62580,14.804990768432617
2024-12-11,IGV,8423,107.79978942871094
2024-12-11,XLY,7824,116.30081176757812
2024-12-11,XLC,9182,99.57536315917969
2024-12-12,TQQQ,70282,43.002471923828125
2024-12-12,LIT,20892,43.808128356933594
2024-12-12,BITO,61646,14.572330474853516
2024-12-12,IGV,8538,106.82997131347656
2024-12-12,XLY,7854,115.33704376220703
2024-12-12,XLC,9153,99.76090240478516
2024-12-13,TQQQ,69396,43.92619705200195
2024-12-13,LIT,21145,43.166934967041016
2024-12-13,BITO,62379,14.804990768432617
2024-12-13,IGV,8554,105.75016784667969
2024-12-13,XLY,7932,115.79434204101562
2024-12-13,XLC,9217,98.5695571899414
2024-12-16,TQQQ,68994,45.8375358581543
2024-12-16,LIT,21635,42.94005584716797
2024-12-16,BITO,60622,15.42919635772705
2024-12-16,IGV,8710,106.88996124267578
2024-12-16,XLY,7927,117.36292266845703
2024-12-16,XLC,9298,98.95040130615234
2024-12-17,TQQQ,68650,45.22335433959961
2024-12-17,LIT,21944,42.86113739013672
2024-12-17,BITO,59375,15.559711456298828
2024-12-17,IGV,8772,105.9201431274414
2024-12-17,XLY,7925,117.73170471191406
2024-12-17,XLC,9456,98.208251953125
2024-12-18,TQQQ,68516,40.33447265625
2024-12-18,LIT,21746,41.40119934082031
2024-12-18,BITO,60716,14.640427589416504
2024-12-18,IGV,8742,101.1610336303711
2024-12-18,XLY,7925,112.42607116699219
2024-12-18,XLC,9428,95.40563201904297
2024-12-19,TQQQ,71082,39.76450729370117
2024-12-19,LIT,21285,41.332149505615234
2024-12-19,BITO,59194,14.027573585510254
2024-12-19,IGV,8572,101.55095672607422
2024-12-19,XLY,7750,112.27365112304688
2024-12-19,XLC,9148,95.14198303222656
2024-12-20,TQQQ,72501,40.79634094238281
2024-12-20,BITO,61008,14.027573585510254
2024-12-20,IGV,8417,103.60057830810547
2024-12-20,XLY,7604,112.55885314941406
2024-12-20,XLC,8947,95.65953063964844
2024-12-20,XLF,18260,47.06525421142578
2024-12-23,TQQQ,70686,41.93265151977539
2024-12-23,BITO,62847,13.512391090393066
2024-12-23,IGV,8440,102.90070343017578
2024-12-23,XLY,7736,112.90025329589844
2024-12-23,XLC,9098,96.18234252929688
2024-12-23,XLF,18629,47.178279876708984
2024-12-24,TQQQ,69715,43.59892272949219
2024-12-24,BITO,62899,14.409649848937988
2024-12-24,IGV,8594,104.08048248291016
2024-12-24,XLY,7816,115.51127624511719
2024-12-24,XLC,9202,97.0928726196289
2024-12-24,XLF,18744,47.73366165161133
2024-12-26,TQQQ,69067,43.505245208740234
2024-12-26,BITO,64449,13.862977981567383
2024-12-26,IGV,8623,103.85053253173828
2024-12-26,XLY,7765,115.08267974853516
2024-12-26,XLC,9255,96.9655990600586
2024-12-26,XLF,18834,47.850589752197266
2024-12-27,TQQQ,69603,41.73546600341797
2024-12-27,BITO,63564,13.702537536621094
2024-12-27,IGV,8613,102.26082611083984
2024-12-27,XLY,7777,113.18106079101562
2024-12-27,XLC,9219,96.10404205322266
2024-12-27,XLF,18680,47.499813079833984
2024-12-30,TQQQ,71221,40.0593376159668
2024-12-30,BITO,63639,13.660943031311035
2024-12-30,IGV,8499,100.92108154296875
2024-12-30,XLY,7675,111.3631820678711
2024-12-30,XLC,9006,95.09559631347656
2024-12-30,QQQ,1673,511.2669372558594
2024-12-31,TQQQ,71316,39.00929260253906
2024-12-31,BITO,62183,13.536160469055176
2024-12-31,IGV,8521,100.10123443603516
2024-12-31,XLY,7705,110.52569580078125
2024-12-31,XLC,9062,94.78231048583984
2024-12-31,QQQ,1683,506.92388916015625
2025-01-02,TQQQ,71915,38.76280975341797
2025-01-02,BITO,61192,14.106606483459473
2025-01-02,IGV,8462,99.89127349853516
2025-01-02,XLY,7747,109.0723648071289
2025-01-02,XLC,8991,95.24246215820312
2025-01-02,QQQ,1680,505.93231201171875
2025-01-03,TQQQ,72136,40.621334075927734
2025-01-03,BITO,60677,14.261100769042969
2025-01-03,IGV,8503,101.45098114013672
2025-01-03,XLY,7780,111.2794189453125
2025-01-03,XLC,8911,95.82989501953125
2025-01-03,QQQ,1677,514.2119750976562
2025-01-06,TQQQ,70349,42.00659942626953
2025-01-06,BITO,61629,14.813716888427734
2025-01-06,IGV,8637,101.66094207763672
2025-01-06,XLY,7859,111.71788787841797
2025-01-06,XLC,9179,96.86769104003906
2025-01-06,QQQ,1701,520.1217651367188
2025-01-07,TQQQ,69942,39.743831634521484
2025-01-07,BITO,60708,13.928339958190918
2025-01-07,IGV,8726,99.1714096069336
2025-01-07,XLY,7943,109.55516815185547
2025-01-07,XLC,9159,95.79072570800781
2025-01-07,QQQ,1701,510.84051513671875
2025-01-08,TQQQ,69555,39.77341079711914
2025-01-08,BITO,61679,13.57181453704834
2025-01-08,IGV,8618,99.18140411376953
2025-01-08,XLY,7768,109.86552429199219
2025-01-08,XLC,8924,95.22288513183594
2025-01-08,QQQ,1666,510.92987060546875
2025-01-10,TQQQ,70384,37.875450134277344
2025-01-10,BITO,61502,13.696598052978516
2025-01-10,IGV,8585,97.19178009033203
2025-01-10,XLY,7677,108.78663635253906
2025-01-10,XLC,8871,93.80325317382812
2025-01-10,QQQ,1657,502.9179382324219
2025-01-13,TQQQ,68781,37.48106384277344
2025-01-13,BITO,61625,13.512391090393066
2025-01-13,IGV,8433,96.34193420410156
2025-01-13,XLY,7500,109.40243530273438
2025-01-13,XLC,8690,93.84241485595703
2025-01-13,QQQ,1630,501.3016052246094
2025-01-14,TQQQ,69196,37.347965240478516
2025-01-14,BITO,59769,13.928339958190918
2025-01-14,IGV,8584,97.3917465209961
2025-01-14,XLY,7562,109.19059753417969
2025-01-14,XLC,8896,93.52910614013672
2025-01-14,QQQ,1656,500.8256530761719
2025-01-15,TQQQ,68805,39.87200927734375
2025-01-15,BITO,56590,14.391824722290039
2025-01-15,IGV,8109,99.15140533447266
2025-01-15,XLY,7225,111.96914672851562
2025-01-15,XLC,8505,95.06623077392578
2025-01-15,USO,9808,84.33999633789062
2025-01-16,TQQQ,62008,39.058597564697266
2025-01-16,BITO,57032,14.504728317260742
2025-01-16,IGV,8216,99.33137512207031
2025-01-16,XLY,7334,111.3631820678711
2025-01-16,XLC,8637,94.52774047851562
2025-01-16,USO,9818,82.94000244140625
2025-01-17,TQQQ,61929,40.98612976074219
2025-01-17,BITO,55873,15.146471977233887
2025-01-17,IGV,8195,100.30119323730469
2025-01-17,XLY,7365,112.92487335205078
2025-01-17,XLC,8678,95.35015869140625
2025-01-17,USO,10070,82.5199966430664
2025-01-21,TQQQ,60329,41.66644287109375
2025-01-21,BITO,54958,15.33662223815918
2025-01-21,IGV,8226,101.9308853149414
2025-01-21,XLY,7326,113.75252532958984
2025-01-21,XLC,8693,96.21172332763672
2025-01-21,USO,10353,81.11000061035156
2025-01-22,TQQQ,69497,43.283409118652344
2025-01-22,BITO,55995,15.045459747314453
2025-01-22,IGV,8153,104.09048461914062
2025-01-22,XLY,7448,113.32392120361328
2025-01-22,XLC,8679,97.17120361328125
2025-01-22,USO,10474,80.43000030517578
2025-01-23,TQQQ,69331,43.54961395263672
2025-01-23,BITO,60068,14.873137474060059
2025-01-23,IGV,8587,104.27045440673828
2025-01-23,XLY,7841,114.00869750976562
2025-01-23,XLC,9186,97.42575073242188
2025-01-23,BOTZ,26196,34.28025817871094
2025-01-24,TQQQ,69075,42.765785217285156
2025-01-24,BITO,59387,15.116762161254883
2025-01-24,IGV,8623,103.83052825927734
2025-01-24,XLY,7922,113.31407165527344
2025-01-24,XLC,9255,98.3069076538086
2025-01-24,BOTZ,26246,34.24055099487305
2025-01-27,TQQQ,73449,39.014225006103516
2025-01-27,BITO,58059,14.587915420532227
2025-01-27,IGV,8359,102.11085510253906
2025-01-27,XLY,7552,113.95944213867188
2025-01-27,XLC,8698,98.8160171508789
2025-01-27,BOTZ,25457,32.7712516784668
2025-01-28,TQQQ,72985,40.74457931518555
2025-01-28,BITO,58056,14.581972122192383
2025-01-28,IGV,8371,104.9703140258789
2025-01-28,XLY,7559,114.0973892211914
2025-01-28,XLC,8686,99.29574584960938
2025-01-28,BOTZ,25983,33.53568649291992
2025-01-29,TQQQ,71590,40.493160247802734
2025-01-29,BITO,59591,15.039518356323242
2025-01-29,IGV,8383,103.46060180664062
2025-01-29,XLY,7687,113.7722396850586
2025-01-29,XLC,8785,99.736328125
2025-01-29,BOTZ,26237,33.08893585205078
2025-01-30,TQQQ,71392,41.00092697143555
2025-01-30,BITO,58232,15.128645896911621
2025-01-30,IGV,8600,102.74073791503906
2025-01-30,XLY,7645,114.88561248779297
2025-01-30,XLC,8787,99.83423614501953
2025-01-30,XLF,17478,50.4423713684082
2025-01-31,TQQQ,70763,40.779083251953125
2025-01-31,BITO,58905,14.611682891845703
2025-01-31,IGV,8561,102.87071228027344
2025-01-31,XLY,7726,114.37818908691406
2025-01-31,XLC,8836,100.23563385009766
2025-01-31,XLF,17597,50.150062561035156
2025-02-03,TQQQ,72470,39.79313659667969
2025-02-03,BITO,61711,14.57276725769043
2025-02-03,IGV,8359,102.47078704833984
2025-02-03,XLY,7523,112.86576843261719
2025-02-03,XLC,8503,100.45103454589844
2025-02-03,XLF,17023,49.9454460144043
2025-02-04,TQQQ,72211,41.237552642822266
2025-02-04,BITO,60525,14.208292961120605
2025-02-04,IGV,8302,104.29044342041016
2025-02-04,XLY,7651,114.19591522216797
2025-02-04,XLC,8561,101.35176086425781
2025-02-04,XLF,17280,49.828521728515625
2025-02-05,TQQQ,71415,41.77489471435547
2025-02-05,BITO,61214,14.022968292236328
2025-02-05,IGV,8334,104.95032501220703
2025-02-05,XLY,7665,112.90025329589844
2025-02-05,XLC,8686,100.37269592285156
2025-02-05,XLF,17380,50.35467529296875
2025-02-06,TQQQ,70224,42.40098571777344
2025-02-06,BITO,62399,13.930304527282715
2025-02-06,XLY,7793,113.34856414794922
2025-02-06,XLC,8776,100.80349731445312
2025-02-06,IXP,8811,100.7551040649414
2025-02-06,GDX,21640,40.833438873291016
2025-02-07,TQQQ,69906,40.78402328491211
2025-02-07,BITO,62119,13.763509750366211
2025-02-07,XLY,7921,111.13163757324219
2025-02-07,XLC,8800,100.58809661865234
2025-02-07,IXP,8817,99.9843521118164
2025-02-07,GDX,21640,40.56538391113281
2025-02-10,TQQQ,70477,42.21857833862305
2025-02-10,BITO,62846,13.99825668334961
2025-02-10,XLY,7917,111.51097869873047
2025-02-10,XLC,8707,101.03846740722656
2025-02-10,IXP,8757,100.62985229492188
2025-02-10,GDX,21208,41.65745162963867
2025-02-11,TQQQ,70482,41.9178581237793
2025-02-11,BITO,62936,13.67702579498291
2025-02-11,XLY,7910,110.24486541748047
2025-02-11,XLC,8718,101.20490264892578
2025-02-11,IXP,8759,100.7551040649414
2025-02-11,GDX,21158,41.14120101928711
2025-02-12,TQQQ,71026,42.001670837402344
2025-02-12,BITO,63542,13.936480522155762
2025-02-12,XLY,7900,110.22516632080078
2025-02-12,XLC,8602,101.31259155273438
2025-02-12,IXP,8628,101.14047241210938
2025-02-12,GDX,21051,41.826229095458984
2025-02-13,TQQQ,69717,43.77145767211914
2025-02-13,XLC,8743,102.47766876220703
2025-02-13,IXP,8785,102.11353302001953
2025-02-13,GDX,21129,42.20348358154297
2025-02-13,USO,11713,76.38999938964844
2025-02-13,SLV,30370,29.459999084472656
2025-02-14,TQQQ,69035,44.28416061401367
2025-02-14,XLC,8847,103.1042709350586
2025-02-14,IXP,8862,103.01914978027344
2025-02-14,GDX,21439,40.78379821777344
2025-02-14,USO,11840,75.81999969482422
2025-02-14,SLV,29985,29.309999465942383
2025-02-18,TQQQ,67986,44.560218811035156
2025-02-18,XLC,8843,102.6245346069336
2025-02-18,IXP,8825,102.3929214477539
2025-02-18,GDX,22041,41.240482330322266
2025-02-18,USO,11882,76.95999908447266
2025-02-18,SLV,30764,29.90999984741211
2025-02-19,TQQQ,68238,44.565155029296875
2025-02-19,XLC,8871,102.74202728271484
2025-02-19,IXP,8909,102.17134094238281
2025-02-19,GDX,22125,41.240482330322266
2025-02-19,USO,11636,77.44999694824219
2025-02-19,SLV,30531,29.809999465942383
2025-02-20,TQQQ,68338,44.02287673950195
2025-02-20,XLC,8879,102.26227569580078
2025-02-20,IXP,8933,101.92085266113281
2025-02-20,GDX,21979,41.9354362487793
2025-02-20,USO,11680,77.76000213623047
2025-02-20,SLV,30358,29.950000762939453
2025-02-21,TQQQ,68436,41.267127990722656
2025-02-21,XLC,8862,100.86224365234375
2025-02-21,IXP,8886,100.91887664794922
2025-02-21,GDX,21783,40.50581741333008
2025-02-21,USO,11847,75.3499984741211
2025-02-21,EFA,11642,77.49899291992188
2025-02-24,TQQQ,70502,39.78327178955078
2025-02-24,XLC,8683,101.05804443359375
2025-02-24,IXP,8706,100.01326751708984
2025-02-24,GDX,21558,40.674591064453125
2025-02-24,USO,11639,75.97000122070312
2025-02-24,EFA,11324,77.45146179199219
2025-02-25,TQQQ,72519,38.2649040222168
2025-02-25,XLC,8525,99.56009674072266
2025-02-25,IXP,8600,99.39666748046875
2025-02-25,GDX,21345,40.088844299316406
2025-02-25,USO,11397,74.12999725341797
2025-02-25,EFA,10987,78.15479278564453
2025-02-26,TQQQ,72870,38.511390686035156
2025-02-26,XLC,8518,99.38385772705078
2025-02-26,IXP,8535,99.3099594116211
2025-02-26,GDX,21428,40.56538391113281
2025-02-26,USO,11458,73.8499984741211
2025-02-26,EFA,10805,78.25933837890625
2025-02-27,TQQQ,72519,35.316898345947266
2025-02-27,XLC,8546,98.42438507080078
2025-02-27,IXP,8575,98.1731185913086
2025-02-27,GDX,21423,39.17547607421875
2025-02-27,USO,11397,75.27999877929688
2025-02-27,EFA,10955,77.37542724609375
2025-02-28,TQQQ,76763,36.93385696411133
2025-02-28,IXP,8285,98.87641143798828
2025-02-28,GDX,21033,39.4336051940918
2025-02-28,USO,10880,75.22000122070312
2025-02-28,EFA,10497,77.5370101928711
2025-02-28,SLV,28793,28.309999465942383
2025-03-03,TQQQ,74767,34.5478515625
2025-03-03,IXP,8496,98.19239044189453
2025-03-03,GDX,21059,39.423675537109375
2025-03-03,USO,11210,73.31999969482422
2025-03-03,EFA,10682,78.39240264892578
2025-03-03,SLV,29260,28.75
2025-03-04,TQQQ,79153,34.16825485229492
2025-03-04,IXP,8225,97.60469818115234
2025-03-04,GDX,20047,39.989566802978516
2025-03-04,USO,11066,73.30999755859375
2025-03-04,EFA,10344,78.3733901977539
2025-03-04,SLV,27722,29.0
2025-03-05,TQQQ,78656,35.49930191040039
2025-03-05,IXP,8256,99.01129913330078
2025-03-05,GDX,20271,41.39932632446289
2025-03-05,USO,11331,71.41999816894531
2025-03-05,EFA,10185,80.24576568603516
2025-03-05,SLV,27679,29.770000457763672
2025-03-06,TQQQ,79891,32.55622482299805
2025-03-06,IXP,8203,97.86482238769531
2025-03-06,GDX,19676,41.0617790222168
2025-03-06,USO,11324,71.12999725341797
2025-03-06,EFA,10146,79.41887664794922
2025-03-06,SLV,27395,29.690000534057617
2025-03-07,TQQQ,80098,33.231605529785156
2025-03-07,IXP,7971,98.36579895019531
2025-03-07,GDX,18887,41.339759826660156
2025-03-07,EFA,9762,80.24576568603516
2025-03-07,SLV,26425,29.59000015258789
2025-03-07,XLV,5381,144.9030303955078
2025-03-10,TQQQ,80491,29.484973907470703
2025-03-10,IXP,7948,95.78382110595703
2025-03-10,GDX,18695,40.2179069519043
2025-03-10,EFA,9731,78.35438537597656
2025-03-10,SLV,25982,29.110000610351562
2025-03-10,XLV,5342,143.3402099609375
2025-03-11,IXP,7818,95.13833618164062
2025-03-11,GDX,18309,41.5383186340332
2025-03-11,EFA,9478,78.08826446533203
2025-03-11,SLV,25124,29.959999084472656
2025-03-11,XLV,5186,141.77745056152344
2025-03-11,TECL,38226,56.95174026489258
2025-03-12,IXP,7910,95.85126495361328
2025-03-12,GDX,18439,41.59788513183594
2025-03-12,EFA,9654,78.6490249633789
2025-03-12,SLV,25282,30.219999313354492
2025-03-12,XLV,5365,140.3602294921875
2025-03-12,TECL,37794,59.64950942993164
2025-03-13,IXP,7945,94.13636016845703
2025-03-13,GDX,18044,42.8984375
2025-03-13,EFA,9663,78.12627410888672
2025-03-13,SLV,25020,30.739999771118164
2025-03-13,XLV,5381,139.61282348632812
2025-03-13,TECL,37621,56.307640075683594
2025-03-14,IXP,1,95.75491333007812
2025-03-14,GDX,15149,43.325340270996094
2025-03-14,EFA,8347,79.56143951416016
2025-03-14,SLV,21301,30.709999084472656
2025-03-14,TECL,37558,61.12440872192383
2025-03-14,SHY,8460,77.7552261352539
2025-03-14,EEM,15296,43.304256439208984
2025-03-17,GDX,15343,44.248634338378906
2025-03-17,EFA,8375,80.45486450195312
2025-03-17,SLV,21963,30.809999465942383
2025-03-17,SHY,8594,77.72691345214844
2025-03-17,EEM,15373,44.04250717163086
2025-03-17,BSV,28254,73.11335754394531
2025-03-18,GDX,14924,44.526611328125
2025-03-18,EFA,8375,80.44535827636719
2025-03-18,SLV,21648,30.850000381469727
2025-03-18,SHY,8662,77.72691345214844
2025-03-18,EEM,15317,43.819091796875
2025-03-18,BSV,27919,73.1791000366211
2025-03-19,GDX,15069,44.903873443603516
2025-03-19,EFA,8375,80.68296813964844
2025-03-19,SLV,21880,30.75
2025-03-19,SHY,8639,77.8401107788086
2025-03-19,EEM,15259,43.925941467285156
2025-03-19,BSV,27831,73.29179382324219
2025-03-20,GDX,15103,44.834381103515625
2025-03-20,EFA,8418,80.00814819335938
2025-03-20,SLV,22117,30.5
2025-03-20,SHY,8592,77.85900115966797
2025-03-20,EEM,15453,43.51796340942383
2025-03-20,BSV,26843,73.33875274658203
2025-03-21,GDX,13357,44.17913818359375
2025-03-21,EFA,7438,79.51392364501953
2025-03-21,SLV,19551,30.020000457763672
2025-03-21,EEM,1,43.304256439208984
2025-03-21,BSV,26820,73.38571166992188
2025-03-21,COPX,14628,40.42271041870117
2025-03-21,XLE,13405,43.89481735229492
2025-03-24,GDX,13373,43.93094253540039
2025-03-24,EFA,7446,79.5044174194336
2025-03-24,SLV,19636,29.959999084472656
2025-03-24,BSV,27684,73.21666717529297
2025-03-24,COPX,14291,41.14904022216797
2025-03-24,XLE,13417,44.39495086669922
2025-03-25,GDX,13338,44.69538879394531
2025-03-25,EFA,7423,79.94161987304688
2025-03-25,SLV,19448,30.579999923706055
2025-03-25,COPX,14218,41.95284652709961
2025-03-25,XLE,13324,44.57664489746094
2025-03-25,TQQQ,58391,33.18230438232422
2025-03-26,GDX,13276,44.3479118347168
2025-03-26,EFA,7505,78.9056396484375
2025-03-26,SLV,19407,30.530000686645508
2025-03-26,COPX,14196,40.75197982788086
2025-03-26,XLE,13247,44.839622497558594
2025-03-26,TQQQ,58227,31.33708381652832
2025-03-27,GDX,12971,45.430049896240234
2025-03-27,EFA,7392,79.07672119140625
2025-03-27,SLV,18925,31.31999969482422
2025-03-27,COPX,14562,39.928802490234375
2025-03-27,XLE,13026,44.404518127441406
2025-03-27,BSV,25220,73.29179382324219
2025-03-28,GDX,12508,45.241424560546875
2025-03-28,EFA,7275,78.3733901977539
2025-03-28,SLV,18237,31.0
2025-03-28,COPX,1,38.74730682373047
2025-03-28,XLE,12899,44.19413375854492
2025-03-28,BSV,26014,73.4796371459961
2025-03-28,EEM,13341,42.51743698120117
2025-03-31,GDX,12471,45.63854217529297
2025-03-31,EFA,7372,77.67957305908203
2025-03-31,SLV,18508,30.989999771118164
2025-03-31,XLE,12914,44.68183517456055
2025-03-31,BSV,25803,73.5171890258789
2025-03-31,EEM,13536,42.449440002441406
2025-04-01,GDX,12522,45.469764709472656
2025-04-01,EFA,7347,77.79362487792969
2025-04-01,SLV,18498,30.6299991607666
2025-04-01,XLE,12773,44.9448127746582
2025-04-01,BSV,26433,73.59257507324219
2025-04-01,EEM,13467,42.58543395996094
2025-04-02,GDX,12554,45.430049896240234
2025-04-02,EFA,7387,77.97420501708984
2025-04-02,SLV,18558,30.760000228881836
2025-04-02,XLE,12801,45.00696563720703
2025-04-02,BSV,26738,73.54546356201172
2025-04-02,EEM,13433,42.643714904785156
2025-04-03,GDX,12932,45.390342712402344
2025-04-03,EFA,7294,76.33944702148438
2025-04-03,SLV,19451,28.889999389648438
2025-04-03,XLE,13137,41.473541259765625
2025-04-03,BSV,26705,73.90349578857422
2025-04-03,EEM,13487,41.740333557128906
2025-04-04,GDX,10252,41.37947082519531
2025-04-04,EFA,6166,71.30210876464844
2025-04-04,SLV,16192,27.079999923706055
2025-04-04,TLT,5171,86.78608703613281
2025-04-04,XLP,5780,75.3271255493164
2025-04-04,TECL,36711,36.56314468383789
2025-04-07,GDX,10401,41.15113067626953
2025-04-07,EFA,6086,69.5818099975586
2025-04-07,SLV,15400,27.139999389648438
2025-04-07,TLT,4896,84.16895294189453
2025-04-07,XLP,5717,74.4534683227539
2025-04-07,TECL,35065,37.04066467285156
2025-04-08,GDX,10416,41.20077133178711
2025-04-08,EFA,6208,69.34420013427734
2025-04-08,SLV,16194,27.139999389648438
2025-04-08,TLT,5362,82.5799789428711
2025-04-08,XLP,5921,73.3013687133789
2025-04-08,TECL,29722,34.95267868041992
2025-04-09,GDX,10032,44.66560745239258
2025-04-09,EFA,6198,74.69517517089844
2025-04-09,SLV,15609,28.059999465942383
2025-04-09,TLT,5284,83.06599426269531
2025-04-09,XLP,5909,76.1431884765625
2025-04-09,TECL,33570,48.52926254272461
2025-04-10,GDX,10174,46.82988357543945
2025-04-10,EFA,6232,73.22200775146484
2025-04-10,SLV,16267,28.280000686645508
2025-04-10,TLT,5576,80.7760009765625
2025-04-10,XLP,6006,76.18158721923828
2025-04-10,BSV,10610,73.42298126220703
2025-04-11,GDX,5812,49.341644287109375
2025-04-11,SLV,9794,29.190000534057617
2025-04-11,BSV,10250,73.24394226074219
2025-04-11,SHY,3609,78.02873229980469
2025-04-11,BIL,3261,86.46720123291016
2025-04-14,GDX,5805,49.65933609008789
2025-04-14,SLV,9694,29.3799991607666
2025-04-14,BSV,10286,73.47008514404297
2025-04-14,SHY,3612,78.1991195678711
2025-04-14,BIL,3262,86.46720123291016
2025-04-15,GDX,5642,50.16565704345703
2025-04-15,SLV,9629,29.40999984741211
2025-04-15,BSV,10271,73.57372283935547
2025-04-15,SHY,3614,78.1991195678711
2025-04-15,BIL,3268,86.48607635498047
2025-04-16,GDX,5458,51.535709381103516
2025-04-16,SLV,9495,29.760000228881836
2025-04-16,BSV,10302,73.7150650024414
2025-04-16,SHY,3620,78.30326843261719
2025-04-16,BIL,3276,86.49551391601562
2025-04-17,GDX,5536,50.5528450012207
2025-04-17,SLV,9584,29.549999237060547
2025-04-17,BSV,10226,73.72447967529297
2025-04-17,SHY,3615,78.33164978027344
2025-04-17,BIL,3273,86.53329467773438
2025-04-21,GDX,4331,51.287513732910156
2025-04-21,SLV,7560,29.790000915527344
2025-04-21,BSV,10235,73.69622039794922
2025-04-21,SHY,2890,78.28433990478516
2025-04-21,BIL,1,86.54273986816406
2025-04-21,XLP,2878,77.85211181640625
2025-04-21,EFA,2924,76.66261291503906
2025-04-22,GDX,4390,49.867820739746094
2025-04-22,SLV,7594,29.5
2025-04-22,BSV,10133,73.65853118896484
2025-04-22,SHY,2888,78.31272888183594
2025-04-22,XLP,2894,78.95619201660156
2025-04-22,EFA,2911,78.24983978271484
2025-04-23,GDX,4746,48.378639221191406
2025-04-23,SLV,7578,30.559999465942383
2025-04-23,BSV,10010,73.6114273071289
2025-04-23,SHY,2884,78.25592041015625
2025-04-23,XLP,2856,78.50496673583984
2025-04-23,EFA,2860,78.56349182128906
2025-04-24,GDX,4592,49.40121078491211
2025-04-24,SLV,7462,30.559999465942383
2025-04-24,BSV,9955,73.79041290283203
2025-04-24,SHY,2887,78.3505859375
2025-04-24,XLP,2900,77.81371307373047
2025-04-24,EFA,2865,79.60896301269531
2025-04-25,GDX,4719,48.45806121826172
2025-04-25,SLV,7540,30.049999237060547
2025-04-25,SHY,2883,78.41685485839844
2025-04-25,XLP,2898,77.6120834350586
2025-04-25,EFA,2844,79.95113372802734
2025-04-25,TECL,15119,50.50489044189453
2025-04-28,GDX,4539,49.07359313964844
2025-04-28,SLV,7271,30.190000534057617
2025-04-28,XLP,2816,77.35286712646484
2025-04-28,EFA,2732,80.4833755493164
2025-04-28,TECL,14499,50.308265686035156
2025-04-28,XLU,5827,37.736167907714844
2025-04-29,GDX,4512,48.13043975830078
2025-04-29,SLV,7175,29.829999923706055
2025-04-29,XLP,2836,77.99612426757812
2025-04-29,EFA,2718,80.64494323730469
2025-04-29,TECL,14817,50.99177169799805
2025-04-29,XLU,5798,38.0286979675293
2025-04-30,GDX,4565,48.6566162109375
2025-04-30,SLV,7330,29.600000381469727
2025-04-30,XLP,2774,78.56256866455078
2025-04-30,EFA,2716,80.5499038696289
2025-04-30,TECL,15217,51.665924072265625
2025-04-30,XLU,5744,37.83687210083008
2025-05-01,GDX,4681,46.85967254638672
2025-05-01,SLV,7514,29.389999389648438
2025-05-01,XLP,2831,77.88092041015625
2025-05-01,EFA,2736,80.29328918457031
2025-05-01,TECL,13539,53.86626434326172
2025-05-01,XLU,5804,37.94716262817383
2025-05-02,GDX,4665,46.740535736083984
2025-05-02,SLV,7481,29.1200008392334
2025-05-02,XLP,2830,78.3033447265625
2025-05-02,EFA,2713,81.83300018310547
2025-05-02,TECL,13378,56.42240524291992
2025-05-02,XLU,5817,38.24449157714844
2025-05-05,GDX,4879,48.36871337890625
2025-05-05,XLP,3022,78.23613739013672
2025-05-05,EFA,2884,81.9755630493164
2025-05-05,XLU,6210,38.148582458496094
2025-05-05,EEM,5361,44.04250717163086
2025-05-05,TECS,1858,421.61517333984375
2025-05-06,GDX,4803,50.42378616333008
2025-05-06,XLP,3047,78.10173034667969
2025-05-06,EFA,2904,81.87101745605469
2025-05-06,XLU,6237,38.61374282836914
2025-05-06,EEM,5444,43.86766052246094
2025-05-06,TECL,16686,54.137794494628906
2025-05-07,GDX,4851,49.460777282714844
2025-05-07,XLP,3052,78.2265396118164
2025-05-07,EFA,2921,81.59538269042969
2025-05-07,XLU,6191,38.72404861450195
2025-05-07,EEM,5480,43.36254119873047
2025-05-07,TECL,16312,55.813804626464844
2025-05-08,GDX,4862,48.527557373046875
2025-05-08,XLP,3073,78.13053131103516
2025-05-08,EFA,2941,81.31026458740234
2025-05-08,XLU,6211,38.41233444213867
2025-05-08,EEM,5531,43.33340072631836
2025-05-08,TECL,15756,57.283817291259766
2025-05-09,GDX,4891,50.006813049316406
2025-05-09,XLP,3097,77.67930603027344
2025-05-09,EFA,2941,81.70944213867188
2025-05-09,XLU,6256,38.479469299316406
2025-05-09,EEM,5501,43.62481689453125
2025-05-09,TECL,26739,57.246368408203125
2025-05-12,GDX,13026,46.283851623535156
2025-05-12,EFA,7596,82.12763977050781
2025-05-12,XLU,16078,38.24928665161133
2025-05-12,EEM,13904,44.56705856323242
2025-05-12,TECL,32195,65.05525207519531
2025-05-12,BITO,42125,14.425628662109375
2025-05-13,GDX,13428,46.204429626464844
2025-05-13,EFA,7594,82.232177734375
2025-05-13,XLU,16308,38.1965446472168
2025-05-13,EEM,14070,44.6447639465332
2025-05-13,BITO,42289,14.876011848449707
2025-05-13,TQQQ,57270,34.18501281738281
2025-05-14,GDX,13950,45.22156524658203
2025-05-14,EFA,7639,81.83300018310547
2025-05-14,XLU,16536,38.0286979675293
2025-05-14,EEM,13982,44.9847526550293
2025-05-14,BITO,42678,14.640739440917969
2025-05-14,TQQQ,55682,34.7882194519043
2025-05-15,GDX,13773,46.15479278564453
2025-05-15,EFA,7639,82.7264175415039
2025-05-15,XLU,16491,38.839141845703125
2025-05-15,EEM,14020,44.96532440185547
2025-05-15,BITO,43264,14.634014129638672
2025-05-15,TQQQ,56047,34.896995544433594
2025-05-16,GDX,14077,45.99594497680664
2025-05-16,EFA,7680,82.91650390625
2025-05-16,XLU,16317,39.40980911254883
2025-05-16,EEM,14138,44.936180114746094
2025-05-16,BITO,43230,14.768457412719727
2025-05-16,TQQQ,61897,35.327144622802734
2025-05-19,GDX,13888,46.998661041259766
2025-05-19,EFA,7831,83.70537567138672
2025-05-19,XLU,16616,39.5776481628418
2025-05-19,BITO,44702,14.956673622131348
2025-05-19,TQQQ,63938,35.42109298706055
2025-05-19,XLI,4645,141.6215362548828
2025-05-20,GDX,14000,48.45806121826172
2025-05-20,EFA,7858,84.10455322265625
2025-05-20,XLU,16683,39.692745208740234
2025-05-20,BITO,44477,15.178506851196289
2025-05-20,TQQQ,75840,35.050262451171875
2025-05-20,XLI,4673,141.111083984375
2025-05-21,GDX,13500,49.083518981933594
2025-05-21,EFA,7812,83.6103286743164
2025-05-21,XLU,16626,38.96862030029297
2025-05-21,BITO,43606,15.393611907958984
2025-05-21,TQQQ,81695,33.591697692871094
2025-05-21,XLI,4686,138.72569274902344
2025-05-22,GDX,13365,48.82539367675781
2025-05-22,EFA,7850,83.56280517578125
2025-05-22,XLU,16923,38.41233444213867
2025-05-22,BITO,41393,15.749886512756348
2025-05-22,TQQQ,76014,33.76474380493164
2025-05-22,XLI,4722,138.69625854492188
2025-05-23,GDX,12843,50.16565704345703
2025-05-23,EFA,7746,83.67686462402344
2025-05-23,XLU,16600,38.87270736694336
2025-05-23,BITO,41701,15.386889457702637
2025-05-23,TQQQ,84077,32.79071044921875
2025-05-23,XLI,4682,138.24468994140625
2025-05-27,GDX,16679,49.41114044189453
2025-05-27,EFA,9639,84.89341735839844
2025-05-27,BITO,52283,15.57510757446289
2025-05-27,TQQQ,79954,35.07498550415039
2025-05-27,COPX,20372,40.12249755859375
2025-05-27,SLV,27236,30.229999542236328
2025-05-28,GDX,16686,49.98695755004883
2025-05-28,EFA,9837,83.91445922851562
2025-05-28,BITO,53651,15.138169288635254
2025-05-28,TQQQ,72505,34.62505340576172
2025-05-28,COPX,20796,39.68669509887695
2025-05-28,SLV,27428,29.979999542236328
2025-05-29,GDX,16653,49.91746139526367
2025-05-29,EFA,9916,84.28514099121094
2025-05-29,BITO,54497,14.949953079223633
2025-05-29,TQQQ,70496,34.79316329956055
2025-05-29,COPX,20855,39.93849182128906
2025-05-29,SLV,27611,30.299999237060547
2025-05-30,GDX,16555,50.28479766845703
2025-05-30,EFA,9713,84.40869140625
2025-05-30,BITO,54802,14.795344352722168
2025-05-30,TQQQ,71985,34.610225677490234
2025-05-30,COPX,20624,39.80290603637695
2025-05-30,SLV,27201,30.0
2025-06-02,GDX,16004,53.38229751586914
2025-06-02,EFA,9717,85.3116226196289
2025-06-02,BITO,56002,14.75098705291748
2025-06-02,TQQQ,73178,35.4062614440918
2025-06-02,COPX,20271,40.59702682495117
2025-06-02,SLV,26638,31.59000015258789
2025-06-03,GDX,15065,52.70720291137695
2025-06-03,BITO,53064,15.004462242126465
2025-06-03,TQQQ,74274,36.231956481933594
2025-06-03,XLU,19821,39.515316009521484
2025-06-03,SMH,3257,248.0182647705078
2025-06-03,IGV,7611,104.9703140258789
2025-06-04,GDX,15138,52.82633590698242
2025-06-04,BITO,53982,14.828439712524414
2025-06-04,TQQQ,74390,36.52367401123047
2025-06-04,XLU,20291,38.82475280761719
2025-06-04,SMH,3205,250.96908569335938
2025-06-04,IGV,7635,104.78035736083984
2025-06-05,GDX,15096,52.76676940917969
2025-06-05,BITO,53890,14.38485050201416
2025-06-05,TQQQ,76223,35.673255920410156
2025-06-05,XLU,20689,38.762413024902344
2025-06-05,SMH,3185,250.52047729492188
2025-06-05,IGV,7679,104.640380859375
2025-06-06,GDX,15229,51.247798919677734
2025-06-06,BITO,54650,14.729863166809082
2025-06-06,TQQQ,74977,36.69178009033203
2025-06-06,XLU,20604,38.93505096435547
2025-06-06,SMH,3176,251.946044921875
2025-06-06,IGV,7606,105.96013641357422
2025-06-09,GDX,15678,51.75412368774414
2025-06-09,BITO,52906,15.342435836791992
2025-06-09,TQQQ,74386,36.854942321777344
2025-06-09,XLU,20691,38.6856803894043
2025-06-09,SMH,3164,256.16290283203125
2025-06-09,IGV,7589,106.11009979248047
2025-06-10,GDX,15916,51.05916976928711
2025-06-10,BITO,53509,15.469171524047852
2025-06-10,TQQQ,74762,37.56692886352539
2025-06-10,SMH,3216,261.257080078125
2025-06-10,IGV,7808,105.86014556884766
2025-06-10,XLK,6974,119.4686050415039
2025-06-11,GDX,16368,51.56549072265625
2025-06-11,BITO,54038,15.34947395324707
2025-06-11,TQQQ,78558,37.18126678466797
2025-06-11,SMH,3186,261.0676574707031
2025-06-11,IGV,7911,105.77017211914062
2025-06-11,XLK,6989,119.20573425292969
2025-06-12,GDX,15774,53.14402770996094
2025-06-12,BITO,54874,15.067831039428711
2025-06-12,TQQQ,79667,37.42354202270508
2025-06-12,SMH,3189,262.3337097167969
2025-06-12,IGV,7783,107.01993560791016
2025-06-12,XLK,6938,120.31179809570312
2025-06-13,GDX,15193,54.06732177734375
2025-06-13,BITO,55376,14.828439712524414
2025-06-13,TQQQ,80589,36.009464263916016
2025-06-13,SMH,3192,256.19281005859375
2025-06-13,IGV,7761,106.25007629394531
2025-06-13,XLK,6893,118.62543487548828
2025-06-16,GDX,15513,53.163883209228516
2025-06-16,BITO,54994,15.328349113464355
2025-06-16,TQQQ,80100,37.477928161621094
2025-06-16,SMH,3192,262.5630187988281
2025-06-16,IGV,7758,107.37986755371094
2025-06-16,XLK,6930,120.54489135742188
2025-06-17,GDX,16571,53.12417221069336
2025-06-17,BITO,59424,14.765067100524902
2025-06-17,TQQQ,79888,36.370399475097656
2025-06-17,SMH,3382,260.778564453125
2025-06-17,IGV,8282,106.63001251220703
2025-06-17,XLK,7372,119.69181060791016
2025-06-18,GDX,16591,52.61785125732422
2025-06-18,BITO,59946,14.631291389465332
2025-06-18,TQQQ,80141,36.320953369140625
2025-06-18,SMH,3355,261.77545166015625
2025-06-18,IGV,8233,106.07010650634766
2025-06-18,XLK,7325,119.83563995361328
2025-06-20,GDX,16907,51.91297149658203
2025-06-20,BITO,59194,14.553839683532715
2025-06-20,TQQQ,79755,35.82158279418945
2025-06-20,SMH,3350,259.462646484375
2025-06-20,IGV,8297,105.09029388427734
2025-06-20,XLK,7354,119.304931640625
2025-06-23,GDX,16596,52.72705841064453
2025-06-23,BITO,60690,14.546794891357422
2025-06-23,TQQQ,80205,36.934051513671875
2025-06-23,SMH,3341,261.1075439453125
2025-06-23,IGV,8239,106.35005950927734
2025-06-23,XLK,7246,120.66520690917969
2025-06-24,GDX,17476,51.48606872558594
2025-06-24,BITO,60363,14.891804695129395
2025-06-24,TQQQ,78387,38.61511993408203
2025-06-24,SMH,3373,270.69769287109375
2025-06-24,IGV,8326,108.02974700927734
2025-06-24,XLK,7336,122.831298828125
2025-06-25,GDX,17820,51.54563522338867
2025-06-25,BITO,60041,15.180488586425781
2025-06-25,TQQQ,77791,38.911617279052734
2025-06-25,SMH,3351,274.3463439941406
2025-06-25,IGV,8416,107.74979400634766
2025-06-25,XLK,7392,123.87956237792969
2025-06-26,GDX,17847,52.2405891418457
2025-06-26,BITO,60754,15.16640567779541
2025-06-26,TQQQ,77637,39.97761917114258
2025-06-26,SMH,3321,276.34014892578125
2025-06-26,IGV,8460,108.68962097167969
2025-06-26,XLK,7371,124.73407745361328
2025-06-27,GDX,18278,50.36421585083008
2025-06-27,BITO,61469,15.046711921691895
2025-06-27,TQQQ,76667,40.36931228637695
2025-06-27,SMH,3332,277.5563659667969
2025-06-27,IGV,8471,107.75979614257812
2025-06-27,XLK,7388,124.58502960205078
2025-06-30,GDX,18482,51.684627532958984
2025-06-30,BITO,61619,15.145284652709961
2025-06-30,TQQQ,75881,41.15270233154297
2025-06-30,SMH,3351,278.0149230957031
2025-06-30,IGV,8546,109.47947692871094
2025-06-30,XLK,7436,125.80717468261719
2025-07-01,GDX,17731,51.664772033691406
2025-07-01,BITO,62281,14.807066917419434
2025-07-01,TQQQ,76391,40.106529235839844
2025-07-01,SMH,3381,274.9843444824219
2025-07-01,IGV,8546,108.21971130371094
2025-07-01,XLK,7440,124.68438720703125
2025-07-02,BITO,61009,15.43529224395752
2025-07-02,TQQQ,77031,40.90480041503906
2025-07-02,SMH,3366,280.3775634765625
2025-07-02,IGV,8546,108.78960418701172
2025-07-02,XLK,7414,126.00093841552734
2025-07-02,COPX,20656,45.39764404296875
2025-07-03,BITO,61541,15.391459465026855
2025-07-03,TQQQ,76273,42.05012893676758
2025-07-03,SMH,3360,282.740234375
2025-07-03,IGV,8624,111.24913787841797
2025-07-03,XLK,7476,127.66028594970703
2025-07-03,COPX,20842,45.24184036254883
2025-07-07,BITO,61974,15.186923027038574
2025-07-07,SMH,3363,278.8922119140625
2025-07-07,IGV,8525,110.68924713134766
2025-07-07,XLK,7430,126.64678955078125
2025-07-07,COPX,21324,44.14147186279297
2025-07-07,UVXY,33600,93.3499984741211
2025-07-08,BITO,61115,15.289189338684082
2025-07-08,SMH,3332,282.6006774902344
2025-07-08,IGV,8412,111.0591812133789
2025-07-08,XLK,7347,127.32742309570312
2025-07-08,COPX,20958,44.45308303833008
2025-07-08,TQQQ,75285,41.167579650878906
2025-07-09,BITO,60981,15.712879180908203
2025-07-09,SMH,3310,284.53466796875
2025-07-09,IGV,8426,111.39910888671875
2025-07-09,XLK,7352,128.09249877929688
2025-07-09,COPX,21157,43.73248291015625
2025-07-09,TQQQ,75218,42.02037811279297
2025-07-10,BITO,60589,15.939329147338867
2025-07-10,SMH,3299,286.62811279296875
2025-07-10,XLK,7372,127.67022705078125
2025-07-10,COPX,21480,44.28753662109375
2025-07-10,TQQQ,74852,41.8270149230957
2025-07-10,TAN,24338,38.91999816894531
2025-07-11,BITO,56987,16.596773147583008
2025-07-11,SMH,3300,286.59820556640625
2025-07-11,XLK,7417,127.10883331298828
2025-07-11,COPX,21479,43.975929260253906
2025-07-11,TQQQ,76045,41.50968933105469
2025-07-11,TAN,24447,38.099998474121094
2025-07-14,BITO,55319,16.83783531188965
2025-07-14,SMH,3313,284.4349670410156
2025-07-14,XLK,7457,127.00450134277344
2025-07-14,COPX,21641,43.742218017578125
2025-07-14,TQQQ,76015,41.95096969604492
2025-07-14,TAN,24812,38.29999923706055
2025-07-15,BITO,57963,16.3557071685791
2025-07-15,SMH,3297,289.89794921875
2025-07-15,XLK,7460,128.13226318359375
2025-07-15,COPX,21876,43.177425384521484
2025-07-15,TQQQ,74566,42.0600471496582
2025-07-15,TAN,25134,38.31999969482422
2025-07-16,BITO,56951,16.750179290771484
2025-07-16,SMH,3306,288.3826599121094
2025-07-16,XLK,7420,128.52967834472656
2025-07-16,COPX,22055,43.13847732543945
2025-07-16,TQQQ,75165,42.17904281616211
2025-07-16,TAN,24779,37.869998931884766
2025-07-17,BITO,57363,16.70634651184082
2025-07-17,SMH,3284,290.80511474609375
2025-07-17,XLK,7379,129.69720458984375
2025-07-17,TQQQ,74776,43.16075897216797
2025-07-17,TAN,25100,37.970001220703125
2025-07-17,REMX,20244,48.35737228393555
2025-07-18,BITO,58145,16.465282440185547
2025-07-18,SMH,3322,289.40948486328125
2025-07-18,XLK,7451,129.61276245117188
2025-07-18,TQQQ,74419,43.01201629638672
2025-07-18,TAN,25536,37.9900016784668
2025-07-18,REMX,19546,49.89923095703125
2025-07-21,BITO,58543,16.392236709594727
2025-07-21,SMH,3350,289.6088562011719
2025-07-21,XLK,7481,129.7816619873047
2025-07-21,TQQQ,74887,43.66649627685547
2025-07-21,TAN,25487,38.36000061035156
2025-07-21,REMX,18829,50.59650421142578
2025-07-22,BITO,58395,16.750179290771484
2025-07-22,SMH,3386,284.48480224609375
2025-07-22,XLK,7542,128.57936096191406
2025-07-22,TQQQ,74616,42.98722457885742
2025-07-22,TAN,25016,40.119998931884766
2025-07-22,REMX,19109,52.226749420166016
2025-07-23,BITO,58770,16.625991821289062
2025-07-23,SMH,3426,285.720947265625
2025-07-23,XLK,7559,129.31466674804688
2025-07-23,TQQQ,75152,43.552452087402344
2025-07-23,TAN,24444,39.27000045776367
2025-07-23,REMX,18720,51.627681732177734
2025-07-24,SMH,3441,286.9072570800781
2025-07-24,XLK,7600,129.8611602783203
2025-07-24,TQQQ,74890,43.840023040771484
2025-07-24,TAN,24845,39.130001068115234
2025-07-24,REMX,18348,53.89627456665039
2025-07-24,ROBO,15537,62.945831298828125
2025-07-25,SMH,3445,286.59820556640625
2025-07-25,XLK,7573,130.1592254638672
2025-07-25,TQQQ,74843,44.08793640136719
2025-07-25,TAN,25143,39.11000061035156
2025-07-25,REMX,18109,53.93555450439453
2025-07-25,ROBO,15628,63.17487335205078
2025-07-28,SMH,3425,290.5060729980469
2025-07-28,XLK,7573,131.19757080078125
2025-07-28,TAN,25395,38.68000030517578
2025-07-28,REMX,18523,52.42316436767578
2025-07-28,ROBO,15634,62.86616897583008
2025-07-28,UVXY,44163,73.94999694824219
2025-07-29,SMH,3341,291.9914245605469
2025-07-29,XLK,7405,131.20252990722656
2025-07-29,TAN,25090,38.41999816894531
2025-07-29,REMX,18784,51.15628433227539
2025-07-29,ROBO,15514,62.776546478271484
2025-07-29,TQQQ,72208,44.31600570678711
2025-07-30,SMH,3288,295.3410339355469
2025-07-30,XLK,7356,131.49563598632812
2025-07-30,TAN,25343,37.560001373291016
2025-07-30,REMX,19026,49.643890380859375
2025-07-30,ROBO,15399,62.3184700012207
2025-07-30,TQQQ,72372,44.4697151184082
2025-07-31,SMH,3310,287.88421630859375
2025-07-31,XLK,7305,130.53184509277344
2025-07-31,TAN,26218,36.79999923706055
2025-07-31,REMX,19883,48.337730407714844
2025-07-31,TQQQ,70531,43.735904693603516
2025-07-31,USO,12179,79.58999633789062
2025-08-01,SMH,3299,283.0692138671875
2025-08-01,XLK,7206,127.71495056152344
2025-08-01,TAN,25048,36.459999084472656
2025-08-01,REMX,19475,48.4752197265625
2025-08-01,TQQQ,73352,41.113037109375
2025-08-01,USO,11671,77.45999908447266
2025-08-04,SMH,3254,289.28985595703125
2025-08-04,XLK,7202,130.3082733154297
2025-08-04,TAN,25344,36.689998626708984
2025-08-04,REMX,18699,50.0170783996582
2025-08-04,TQQQ,73244,43.36404037475586
2025-08-04,USO,12274,76.11000061035156
2025-08-05,SMH,3263,286.2094421386719
2025-08-05,XLK,7231,129.23019409179688
2025-08-05,TAN,25772,36.459999084472656
2025-08-05,REMX,18766,50.66524887084961
2025-08-05,TQQQ,72219,42.4616584777832
2025-08-05,USO,12526,75.0199966430664
2025-08-06,SMH,3292,285.7309265136719
2025-08-06,XLK,7229,130.68585205078125
2025-08-06,TAN,25653,36.06999969482422
2025-08-06,REMX,18391,50.17420959472656
2025-08-06,TQQQ,73069,44.04827117919922
2025-08-06,USO,12254,73.79000091552734
2025-08-07,SMH,3293,290.2169494628906
2025-08-07,XLK,7274,130.80508422851562
2025-08-07,REMX,18617,51.657142639160156
2025-08-07,TQQQ,71106,44.494503021240234
2025-08-07,ROBO,15252,62.527591705322266
2025-08-07,QQQ,1691,565.9218139648438
2025-08-08,SMH,3297,292.6194763183594
2025-08-08,XLK,7308,132.11170959472656
2025-08-08,REMX,18119,53.80788803100586
2025-08-08,TQQQ,71491,45.69437789916992
2025-08-08,ROBO,15295,62.85620880126953
2025-08-08,QQQ,1692,571.2008666992188
2025-08-11,SMH,3333,292.4898681640625
2025-08-11,XLK,7412,131.21743774414062
2025-08-11,REMX,17336,56.45949172973633
2025-08-11,TQQQ,71334,45.292762756347656
2025-08-11,ROBO,15539,62.338382720947266
2025-08-11,QQQ,1712,569.5107421875
2025-08-12,SMH,3322,299.1690979003906
2025-08-12,XLK,7414,133.24937438964844
2025-08-12,REMX,17478,56.11576461791992
2025-08-12,TQQQ,71128,46.96366500854492
2025-08-12,ROBO,15637,63.67278289794922
2025-08-12,QQQ,1710,576.6688232421875
2025-08-13,SMH,3332,300.345458984375
2025-08-13,XLK,7481,133.29905700683594
2025-08-13,REMX,17740,56.51841354370117
2025-08-13,TQQQ,70182,47.0330810546875
2025-08-13,ROBO,15732,63.96157455444336
2025-08-13,QQQ,1730,576.9571533203125
2025-08-14,SMH,3326,300.98345947265625
2025-08-14,REMX,17745,55.772037506103516
2025-08-14,TQQQ,70760,46.904170989990234
2025-08-14,COPX,21720,45.28079605102539
2025-08-14,LIT,21775,45.02367401123047
2025-08-14,GDX,17262,57.28396224975586
2025-08-15,SMH,3339,294.73291015625
2025-08-15,REMX,17499,57.25497055053711
2025-08-15,TQQQ,70930,46.239776611328125
2025-08-15,COPX,21571,45.913753509521484
2025-08-15,LIT,21834,45.67906951904297
2025-08-15,GDX,17369,57.859779357910156
2025-08-18,SMH,3369,295.93914794921875
2025-08-18,REMX,17012,58.50220489501953
2025-08-18,TQQQ,71771,46.180274963378906
2025-08-18,COPX,21664,45.44633483886719
2025-08-18,LIT,21604,45.937252044677734
2025-08-18,GDX,17147,57.68107604980469
2025-08-19,SMH,3349,289.9677429199219
2025-08-19,REMX,16961,57.038917541503906
2025-08-19,TQQQ,71820,44.296173095703125
2025-08-19,COPX,21696,44.87180709838867
2025-08-19,LIT,21580,45.07332229614258
2025-08-19,GDX,17259,56.191890716552734
2025-08-20,SMH,3319,288.06365966796875
2025-08-20,REMX,17249,55.58544158935547
2025-08-20,TQQQ,72597,43.48799514770508
2025-08-20,COPX,21361,45.05682373046875
2025-08-20,LIT,21469,44.646324157714844
2025-08-20,GDX,16879,57.89949035644531
2025-08-21,SMH,3319,286.56829833984375
2025-08-21,REMX,17002,56.33182144165039
2025-08-21,TQQQ,73624,42.88310241699219
2025-08-21,LIT,21452,44.73569869995117
2025-08-21,GDX,16489,58.86249923706055
2025-08-21,TAN,23523,39.619998931884766
2025-08-22,SMH,3328,292.7291564941406
2025-08-22,REMX,16788,57.82457733154297
2025-08-22,TQQQ,73732,44.81182098388672
2025-08-22,LIT,21334,46.18551254272461
2025-08-22,GDX,16352,59.74607849121094
2025-08-22,TAN,23979,41.88999938964844
2025-08-25,SMH,3358,293.00830078125
2025-08-25,REMX,16621,60.132450103759766
2025-08-25,TQQQ,73787,44.420127868652344
2025-08-25,LIT,21491,46.07627868652344
2025-08-25,GDX,16406,59.82550048828125
2025-08-25,TAN,23691,41.66999816894531
2025-08-26,SMH,3351,295.8294982910156
2025-08-26,REMX,16552,58.53166580200195
2025-08-26,TQQQ,74123,44.93577575683594
2025-08-26,LIT,21405,46.03656005859375
2025-08-26,GDX,16379,61.15583801269531
2025-08-26,TAN,23621,41.810001373291016
2025-08-27,SMH,3356,296.7366638183594
2025-08-27,REMX,16617,60.81990432739258
2025-08-27,TQQQ,73824,45.139060974121094
2025-08-27,LIT,21537,46.45362854003906
2025-08-27,GDX,16331,61.036705017089844
2025-08-27,TAN,23736,40.959999084472656
2025-08-28,SMH,3364,297.952880859375
2025-08-28,REMX,16450,60.59402847290039
2025-08-28,TQQQ,73649,45.96211624145508
2025-08-28,LIT,21471,46.413909912109375
2025-08-28,TAN,24073,41.459999084472656
2025-08-28,COPX,21055,47.65681838989258
2025-08-29,SMH,3411,289.3895568847656
2025-08-29,REMX,16181,61.93946838378906
2025-08-29,TQQQ,73911,44.306095123291016
2025-08-29,LIT,21308,47.128883361816406
2025-08-29,TAN,24154,41.54999923706055
2025-08-29,COPX,20957,48.504005432128906
2025-09-02,SMH,3410,285.59136962890625
2025-09-02,REMX,16000,59.81818771362305
2025-09-02,TQQQ,76006,43.175636291503906
2025-09-02,LIT,20800,46.483421325683594
2025-09-02,TAN,23961,40.97999954223633
2025-09-02,COPX,20000,48.83509063720703
2025-09-03,SMH,3441,285.54150390625
2025-09-03,REMX,16447,59.494102478027344
2025-09-03,TQQQ,74693,44.1821403503418
2025-09-03,LIT,21135,46.58272171020508
2025-09-03,TAN,24043,41.56999969482422
2025-09-03,COPX,20062,49.6920166015625
2025-09-04,SMH,3474,288.9608459472656
2025-09-04,REMX,16821,58.364715576171875
2025-09-04,TQQQ,74292,45.37705612182617
2025-09-04,LIT,21153,46.691951751708984
2025-09-04,TAN,23623,42.02000045776367
2025-09-04,COPX,20125,48.825355529785156
2025-09-05,REMX,17194,59.828006744384766
2025-09-05,TQQQ,73478,45.52579879760742
2025-09-05,LIT,20791,50.20725631713867
2025-09-05,TAN,23631,44.040000915527344
2025-09-05,COPX,20693,49.72123336791992
2025-09-05,GDX,15666,65.86166381835938
2025-09-08,REMX,17017,60.810081481933594
2025-09-08,TQQQ,74802,46.175315856933594
2025-09-08,LIT,20262,51.190345764160156
2025-09-08,TAN,23432,43.33000183105469
2025-09-08,COPX,20639,50.07179260253906
2025-09-08,GDX,15489,66.75517272949219
2025-09-09,REMX,17401,58.787010192871094
2025-09-09,TQQQ,74036,46.5521354675293
2025-09-09,LIT,20663,49.34332275390625
2025-09-09,TAN,23933,41.970001220703125
2025-09-09,COPX,20280,50.0815315246582
2025-09-09,GDX,15332,66.36798858642578
2025-09-10,REMX,18017,56.321998596191406
2025-09-10,TQQQ,72284,46.60171890258789
2025-09-10,LIT,21117,48.45953369140625
2025-09-10,TAN,24432,41.90999984741211
2025-09-10,COPX,20388,50.43209457397461
2025-09-10,GDX,15322,68.00608825683594
2025-09-11,REMX,18062,57.82457733154297
2025-09-11,TQQQ,72702,47.385108947753906
2025-09-11,LIT,21006,50.02851104736328
2025-09-11,TAN,24462,41.86000061035156
2025-09-11,COPX,20201,51.61036682128906
2025-09-11,GDX,15195,69.25700378417969
2025-09-12,REMX,17858,58.119197845458984
2025-09-12,TQQQ,72971,47.975128173828125
2025-09-12,LIT,20991,49.66109085083008
2025-09-12,TAN,25036,41.779998779296875
2025-09-12,COPX,20004,51.999881744384766
2025-09-12,GDX,14997,69.24707794189453
2025-09-15,REMX,17866,59.85747146606445
2025-09-15,TQQQ,72513,49.19979476928711
2025-09-15,LIT,20673,51.49818801879883
2025-09-15,TAN,25212,42.349998474121094
2025-09-15,COPX,20180,52.81785583496094
2025-09-15,GDX,15306,69.97181701660156
2025-09-16,REMX,18035,59.50392150878906
2025-09-16,TQQQ,72186,49.0659294128418
2025-09-16,LIT,20780,51.48825454711914
2025-09-16,TAN,25163,42.66999816894531
2025-09-16,COPX,20272,52.32122802734375
2025-09-16,GDX,15275,68.5223388671875
2025-09-17,REMX,17742,59.98514175415039
2025-09-17,TQQQ,72252,48.75355529785156
2025-09-17,LIT,20484,52.20323181152344
2025-09-17,TAN,24879,42.86000061035156
2025-09-17,COPX,20542,51.63957977294922
2025-09-17,GDX,15687,68.1649398803711
2025-09-18,REMX,17953,60.18155288696289
2025-09-18,TQQQ,71469,50.067474365234375
2025-09-18,LIT,20498,52.15357971191406
2025-09-18,TAN,24876,42.810001373291016
2025-09-18,COPX,20856,51.29875946044922
2025-09-18,GDX,15831,68.29399871826172
2025-09-19,REMX,17821,60.93775177001953
2025-09-19,TQQQ,71244,51.059104919433594
2025-09-19,LIT,20591,52.48127746582031
2025-09-19,TAN,25271,43.16999816894531
2025-09-19,COPX,20879,52.13621139526367
2025-09-19,GDX,15779,71.8382568359375
2025-09-22,REMX,18090,60.67259216308594
2025-09-22,TQQQ,71649,51.92182159423828
2025-09-22,LIT,20854,52.729530334472656
2025-09-22,TAN,25615,43.88999938964844
2025-09-22,COPX,20855,52.7691650390625
2025-09-22,GDX,14905,73.79405212402344
2025-09-23,REMX,18331,60.06370544433594
2025-09-23,TQQQ,71325,50.87565231323242
2025-09-23,LIT,21040,52.7196044921875
2025-09-23,TAN,25279,42.369998931884766
2025-09-23,COPX,20921,52.70099639892578
2025-09-23,GDX,14954,73.69477844238281
2025-09-24,REMX,17693,63.942901611328125
2025-09-24,TQQQ,72195,50.328739166259766
2025-09-24,LIT,20541,54.75529861450195
2025-09-24,TAN,25828,43.349998474121094
2025-09-24,COPX,20688,54.47328186035156
2025-09-24,GDX,15108,71.79854583740234
2025-09-25,REMX,17169,65.76956176757812
2025-09-25,TQQQ,74163,49.65378952026367
2025-09-25,LIT,20090,55.55965042114258
2025-09-25,TAN,25622,43.709999084472656
2025-09-25,COPX,19905,54.745941162109375
2025-09-25,GDX,15289,72.60269927978516
2025-09-26,REMX,16826,64.66963195800781
2025-09-26,TQQQ,74271,50.249332427978516
2025-09-26,LIT,20194,55.16244125366211
2025-09-26,TAN,25568,43.41999816894531
2025-09-26,GDX,15180,74.14153289794922
2025-09-26,SLV,26931,41.86000061035156
2025-09-29,REMX,17306,64.36519622802734
2025-09-29,TQQQ,74065,50.9193229675293
2025-09-29,LIT,20171,56.105812072753906
2025-09-29,TAN,25817,43.81999969482422
2025-09-29,GDX,14909,75.17403411865234
2025-09-29,SLV,26696,42.5
2025-09-30,REMX,17412,64.64017486572266
2025-09-30,TQQQ,73976,51.31636047363281
2025-09-30,LIT,19841,56.453372955322266
2025-09-30,TAN,25497,43.630001068115234
2025-09-30,GDX,15154,75.84912872314453
2025-09-30,SLV,26990,42.369998931884766
2025-10-01,REMX,17306,66.75164031982422
2025-10-01,TQQQ,74787,52.04093933105469
2025-10-01,LIT,20065,57.16835021972656
2025-10-01,TAN,25708,45.08000183105469
2025-10-01,GDX,14797,76.57386016845703
2025-10-01,SLV,26325,42.90999984741211
2025-10-02,REMX,17198,68.10689544677734
2025-10-02,TQQQ,73918,52.67618942260742
2025-10-02,LIT,20221,58.0223503112793
2025-10-02,TAN,25505,46.18000030517578
2025-10-02,GDX,15121,76.54407501220703
2025-10-02,SLV,26979,42.529998779296875
2025-10-03,REMX,16836,72.03519439697266
2025-10-03,TQQQ,74266,51.96152877807617
2025-10-03,LIT,20077,58.46921157836914
2025-10-03,GDX,15333,76.52422332763672
2025-10-03,SLV,27165,43.52000045776367
2025-10-03,COPX,19680,60.34518051147461
2025-10-06,REMX,16172,72.73246765136719
2025-10-06,TQQQ,74779,53.12284851074219
2025-10-06,LIT,20234,59.17425537109375
2025-10-06,GDX,15429,78.0431900024414
2025-10-06,SLV,27170,44.060001373291016
2025-10-06,COPX,19757,60.053043365478516
2025-10-07,REMX,16175,72.42803192138672
2025-10-07,TQQQ,74901,52.26426696777344
2025-10-07,LIT,20159,58.35004425048828
2025-10-07,GDX,15381,76.4150161743164
2025-10-07,SLV,27315,43.38999938964844
2025-10-07,COPX,19679,60.09199142456055
2025-10-08,REMX,16085,73.21369171142578
2025-10-08,TQQQ,75735,54.03601837158203
2025-10-08,LIT,20282,59.273555755615234
2025-10-08,GDX,15262,78.57929992675781
2025-10-08,SLV,26832,44.560001373291016
2025-10-08,COPX,19457,62.44853973388672
2025-10-09,REMX,16423,73.43956756591797
2025-10-09,TQQQ,75462,53.82261276245117
2025-10-09,LIT,20531,58.70753479003906
2025-10-09,GDX,15559,75.06482696533203
2025-10-09,SLV,26438,44.709999084472656
2025-10-09,COPX,18985,62.30247497558594
2025-10-10,REMX,16501,68.22474670410156
2025-10-10,TQQQ,73878,48.174842834472656
2025-10-10,LIT,21203,53.5438117980957
2025-10-10,GDX,15879,75.23359680175781
2025-10-10,SLV,26297,45.43000030517578
2025-10-10,COPX,19377,58.87477111816406
2025-10-13,REMX,16006,77.79998016357422
2025-10-13,TQQQ,77576,51.23198699951172
2025-10-13,LIT,20763,57.813812255859375
2025-10-13,GDX,15209,78.79771423339844
2025-10-13,SLV,25115,47.2599983215332
2025-10-13,COPX,19078,62.45827865600586
2025-10-14,REMX,15196,78.291015625
2025-10-14,TQQQ,78493,50.18977737426758
2025-10-14,LIT,20958,56.87044143676758
2025-10-14,GDX,15046,77.88434600830078
2025-10-14,SLV,25342,46.79999923706055
2025-10-14,COPX,19211,60.510719299316406
2025-10-15,REMX,15056,76.49382019042969
2025-10-15,TQQQ,77920,51.21709442138672
2025-10-15,LIT,20998,56.9399528503418
2025-10-15,GDX,15304,80.882568359375
2025-10-15,SLV,25302,48.33000183105469
2025-10-15,COPX,19535,61.81558609008789
2025-10-16,REMX,15980,71.54415893554688
2025-10-16,TQQQ,77581,50.646366119384766
2025-10-16,LIT,20943,57.01939392089844
2025-10-16,GDX,14770,83.83116149902344
2025-10-16,SLV,25138,49.16999816894531
2025-10-16,COPX,19575,60.97813415527344
2025-10-17,REMX,16767,70.18889617919922
2025-10-17,TQQQ,78091,51.609161376953125
2025-10-17,LIT,20897,56.443443298339844
2025-10-17,GDX,14385,78.1623306274414
2025-10-17,SLV,24215,46.9900016784668
2025-10-17,COPX,19543,59.507728576660156
2025-10-20,REMX,16678,71.200439453125
2025-10-20,TQQQ,75967,53.54469680786133
2025-10-20,LIT,21047,57.2477912902832
2025-10-20,GDX,15005,79.78057861328125
2025-10-20,SLV,25010,47.720001220703125
2025-10-20,COPX,19906,60.676265716552734
2025-10-21,REMX,16798,68.36223602294922
2025-10-21,TQQQ,73753,53.48514175415039
2025-10-21,LIT,20633,56.850582122802734
2025-10-21,GDX,16002,72.2651596069336
2025-10-21,SLV,26218,43.790000915527344
2025-10-21,COPX,19998,57.745182037353516
2025-10-22,REMX,17098,67.48819732666016
2025-10-22,TQQQ,72416,51.911903381347656
2025-10-22,LIT,20576,55.99658203125
2025-10-22,GDX,16556,72.42400360107422
2025-10-22,SLV,26485,43.880001068115234
2025-10-22,COPX,20062,57.492000579833984
2025-10-23,REMX,16858,69.02022552490234
2025-10-23,TQQQ,74836,53.21218490600586
2025-10-23,LIT,20509,57.833675384521484
2025-10-23,GDX,15705,73.25794982910156
2025-10-23,SLV,25981,44.18000030517578
2025-10-23,COPX,19732,58.63132095336914
2025-10-24,REMX,16817,72.16287231445312
2025-10-24,TQQQ,72893,54.869789123535156
2025-10-24,LIT,20035,60.60420608520508
2025-10-24,GDX,16582,72.27508544921875
2025-10-24,SLV,27080,43.9900016784668
2025-10-24,COPX,20164,59.2642822265625
2025-10-27,REMX,16899,68.40151977539062
2025-10-27,TQQQ,71060,57.78301239013672
2025-10-27,LIT,20041,58.965721130371094
2025-10-27,GDX,17396,69.40592956542969
2025-10-27,SLV,28196,42.400001525878906
2025-10-27,COPX,20052,59.4298210144043
2025-10-28,REMX,17889,67.1739273071289
2025-10-28,TQQQ,68785,59.10314178466797
2025-10-28,LIT,20094,59.94881057739258
2025-10-28,GDX,17680,70.50791931152344
2025-10-28,SLV,28443,42.70000076293945
2025-10-28,COPX,20618,60.218589782714844
2025-10-29,REMX,18084,68.1952896118164
2025-10-29,TQQQ,69236,59.85749816894531
2025-10-29,LIT,20334,61.61709213256836
2025-10-29,GDX,17174,70.55755615234375
2025-10-29,SLV,28351,43.22999954223633
2025-10-29,COPX,20383,61.19236755371094
2025-10-30,REMX,17720,70.27728271484375
2025-10-30,TQQQ,69859,57.11798095703125
2025-10-30,LIT,19805,62.70941925048828
2025-10-30,GDX,17518,72.3743667602539
2025-10-30,SLV,28239,44.34000015258789
2025-10-30,COPX,20420,60.48150634765625
2025-10-31,REMX,17920,69.23628234863281
2025-10-31,TQQQ,69754,57.92693328857422
2025-10-31,LIT,20100,61.88520812988281
2025-10-31,COPX,20691,60.140682220458984
2025-10-31,TAN,25842,49.119998931884766
2025-10-31,XBI,11134,112.22817993164062
2025-11-03,REMX,18433,65.01335906982422
2025-11-03,TQQQ,69501,58.72099685668945
2025-11-03,LIT,20194,61.05107116699219
2025-11-03,COPX,20900,58.63132095336914
2025-11-03,TAN,24860,49.13999938964844
2025-11-03,XBI,11236,109.39037322998047
2025-11-04,REMX,18715,62.882259368896484
2025-11-04,TQQQ,69986,55.12786102294922
2025-11-04,LIT,20040,58.83662796020508
2025-11-04,COPX,20869,56.411102294921875
2025-11-04,TAN,24786,47.93000030517578
2025-11-04,XBI,10952,107.5781478881836
2025-11-05,REMX,18702,62.636741638183594
2025-11-05,TQQQ,71156,56.19984436035156
2025-11-05,LIT,19861,60.355953216552734
2025-11-05,COPX,20498,57.745182037353516
2025-11-05,TAN,24144,51.279998779296875
2025-11-05,XBI,10947,108.7431411743164
2025-11-06,REMX,18901,62.42068862915039
2025-11-06,TQQQ,71719,53.048404693603516
2025-11-06,LIT,19809,59.7899284362793
2025-11-06,COPX,20435,58.465782165527344
2025-11-06,TAN,23254,50.2400016784668
2025-11-06,XBI,11027,108.82280731201172
2025-11-07,TQQQ,72547,52.49752426147461
2025-11-07,LIT,18986,60.465187072753906
2025-11-07,COPX,19412,59.274017333984375
2025-11-07,TAN,22829,50.38999938964844
2025-11-07,XBI,10516,108.49420928955078
2025-11-07,SLV,25769,43.91999816894531
2025-11-10,TQQQ,72948,55.93681335449219
2025-11-10,LIT,19230,61.90507125854492
2025-11-10,COPX,19415,60.89049530029297
2025-11-10,TAN,22665,52.86000061035156
2025-11-10,XBI,10724,109.61937713623047
2025-11-10,SLV,26071,45.790000915527344
2025-11-11,TQQQ,72886,55.47526168823242
2025-11-11,LIT,19266,61.348976135253906
2025-11-11,COPX,19523,60.374393463134766
2025-11-11,TAN,22716,51.849998474121094
2025-11-11,XBI,10836,113.52262878417969
2025-11-11,SLV,25618,46.45000076293945
2025-11-12,TQQQ,72450,55.36111831665039
2025-11-12,LIT,19517,61.87527847290039
2025-11-12,COPX,19756,61.65978240966797
2025-11-12,TAN,23141,50.56999969482422
2025-11-12,XBI,10620,113.62220001220703
2025-11-12,SLV,25530,48.31999969482422
2025-11-13,TQQQ,74439,51.94168472290039
2025-11-13,LIT,18741,63.24565124511719
2025-11-13,COPX,19190,60.12120819091797
2025-11-13,TAN,23592,48.47999954223633
2025-11-13,XBI,10576,111.43160247802734
2025-11-13,SLV,24692,47.41999816894531
2025-11-14,TQQQ,76583,51.98138427734375
2025-11-14,LIT,18430,63.32509231567383
2025-11-14,COPX,19426,59.54668045043945
2025-11-14,XBI,10299,113.52262878417969
2025-11-14,SLV,24909,45.959999084472656
2025-11-14,GDX,15616,75.6108627319336
2025-11-17,TQQQ,75769,50.646366119384766
2025-11-17,LIT,18411,63.285369873046875
2025-11-17,COPX,19788,58.387874603271484
2025-11-17,XBI,10320,114.33912658691406
2025-11-17,SLV,25465,45.470001220703125
2025-11-17,GDX,15533,74.40957641601562
2025-11-18,TQQQ,76946,48.81505584716797
2025-11-18,LIT,18540,62.08381652832031
2025-11-18,COPX,19827,57.19987106323242
2025-11-18,XBI,10097,114.68762969970703
2025-11-18,SLV,24970,46.099998474121094
2025-11-18,GDX,15258,75.08467864990234
2025-11-19,TQQQ,78156,49.65378952026367
2025-11-19,LIT,18356,62.70941925048828
2025-11-19,COPX,19771,58.28076171875
2025-11-19,XBI,10042,114.01052856445312
2025-11-19,SLV,24530,46.45000076293945
2025-11-19,GDX,15027,75.83919525146484
2025-11-20,TQQQ,75091,46.105308532714844
2025-11-20,LIT,18817,60.89218521118164
2025-11-20,COPX,20133,55.92421340942383
2025-11-20,XBI,10236,113.34339141845703
2025-11-20,SLV,25593,45.779998779296875
2025-11-20,GDX,15540,72.44386291503906
2025-11-21,TQQQ,78850,47.12766647338867
2025-11-21,LIT,18569,59.8693733215332
2025-11-21,COPX,19689,56.85904312133789
2025-11-21,XBI,9707,116.1513442993164
2025-11-21,SLV,24502,45.29999923706055
2025-11-21,GDX,15176,73.11895751953125
2025-11-24,TQQQ,77750,50.700958251953125
2025-11-24,LIT,19018,59.88923263549805
2025-11-24,COPX,19809,58.43656539916992
2025-11-24,XBI,9661,119.06881713867188
2025-11-24,SLV,24829,46.630001068115234
2025-11-24,GDX,15315,77.39788055419922
2025-11-25,TQQQ,77289,51.624053955078125
2025-11-25,LIT,19255,60.941837310791016
2025-11-25,COPX,19750,59.040313720703125
2025-11-25,XBI,9766,120.85116577148438
2025-11-25,SLV,25036,46.66999816894531
2025-11-25,GDX,15185,77.2390365600586
2025-11-26,TQQQ,75997,52.97396469116211
2025-11-26,LIT,19444,62.37179183959961
2025-11-26,COPX,20025,60.62757110595703
2025-11-26,XBI,9892,122.32483673095703
2025-11-26,SLV,25308,48.400001525878906
2025-11-26,GDX,15334,80.96199798583984
2025-11-28,TQQQ,76621,54.13528060913086
2025-11-28,LIT,19722,63.01725387573242
2025-11-28,COPX,19812,62.61408996582031
2025-11-28,XBI,10022,122.63351440429688
2025-11-28,SLV,24723,51.209999084472656
2025-11-28,GDX,15037,82.6298828125
2025-12-01,TQQQ,78134,53.648921966552734
2025-12-01,LIT,19671,62.580326080322266
2025-12-01,COPX,19359,63.15940475463867
2025-12-01,XBI,10182,119.33766174316406
2025-12-01,SLV,23768,52.52000045776367
2025-12-01,GDX,14827,82.22283935546875
2025-12-02,TQQQ,76587,54.889644622802734
2025-12-02,LIT,19879,62.37179183959961
2025-12-02,COPX,19634,62.95491027832031
2025-12-02,XBI,10444,117.95359802246094
2025-12-02,SLV,23583,53.130001068115234
2025-12-02,GDX,15216,81.02156066894531
2025-12-03,TQQQ,76512,55.2767448425293
2025-12-03,LIT,20129,62.63990783691406
2025-12-03,COPX,19295,65.70097351074219
2025-12-03,XBI,10530,121.30919647216797
2025-12-03,SLV,23502,53.06999969482422
2025-12-03,GDX,15273,80.47552490234375
2025-12-04,TQQQ,75393,55.09808349609375
2025-12-04,LIT,20309,61.79583740234375
2025-12-04,COPX,19215,65.43804931640625
2025-12-04,XBI,10424,122.72312927246094
2025-12-04,SLV,24064,51.7599983215332
2025-12-04,GDX,15772,80.80314636230469
2025-12-05,TQQQ,76222,55.733333587646484
2025-12-05,LIT,20327,62.41150665283203
2025-12-05,COPX,19008,66.22681427001953
2025-12-05,XBI,10288,122.8824462890625
2025-12-05,SLV,24054,52.95000076293945
2025-12-05,GDX,15575,80.44573974609375
2025-12-08,TQQQ,75758,55.385929107666016
2025-12-08,LIT,20156,63.36481475830078
2025-12-08,COPX,19243,65.67176055908203
2025-12-08,XBI,10241,123.13137817382812
2025-12-08,SLV,24128,52.709999084472656
2025-12-08,REMX,17691,72.09412384033203
2025-12-09,TQQQ,76137,55.59436798095703
2025-12-09,LIT,19997,63.77195358276367
2025-12-09,COPX,19519,65.14591979980469
2025-12-09,XBI,10257,120.67193603515625
2025-12-09,SLV,23547,55.16999816894531
2025-12-09,REMX,17695,72.79139709472656
2025-12-10,TQQQ,76653,56.2296257019043
2025-12-10,LIT,19913,64.76497650146484
2025-12-10,COPX,19348,66.66500854492188
2025-12-10,XBI,10521,121.52825927734375
2025-12-10,SLV,23041,56.06999969482422
2025-12-10,REMX,17477,73.09584045410156
2025-12-11,TQQQ,77127,55.69363021850586
2025-12-11,LIT,19844,64.67560577392578
2025-12-11,COPX,19225,67.33692169189453
2025-12-11,XBI,10517,122.49410247802734
2025-12-11,SLV,22507,57.619998931884766
2025-12-11,REMX,17717,73.64579772949219
2025-12-12,TQQQ,78359,52.428043365478516
2025-12-12,LIT,19925,63.42439270019531
2025-12-12,COPX,18879,66.35340118408203
2025-12-12,XBI,10499,122.6036376953125
2025-12-12,SLV,21971,56.099998474121094
2025-12-12,REMX,17506,71.16114807128906
2025-12-15,TQQQ,78696,51.63398361206055
2025-12-15,LIT,19960,63.16621017456055
2025-12-15,COPX,18673,66.95714569091797
2025-12-15,XBI,10311,122.31487274169922
2025-12-15,SLV,21905,58.11000061035156
2025-12-15,GDX,14751,84.23819732666016
2025-12-16,TQQQ,80480,51.94168472290039
2025-12-16,LIT,19703,62.550533294677734
2025-12-16,COPX,18533,66.53842163085938
2025-12-16,XBI,10131,121.48843383789062
2025-12-16,SLV,21396,57.72999954223633
2025-12-16,GDX,14580,84.21834564208984
2025-12-17,TQQQ,80092,49.033424377441406
2025-12-17,LIT,19678,63.1761360168457
2025-12-17,COPX,18564,66.9474105834961
2025-12-17,XBI,10320,120.42300415039062
2025-12-17,SLV,21186,60.2599983215332
2025-12-17,GDX,14687,85.21113586425781
2025-12-18,TQQQ,80736,51.12776184082031
2025-12-18,LIT,19732,63.3747444152832
2025-12-18,COPX,18455,67.33692169189453
2025-12-18,XBI,10302,119.49697875976562
2025-12-18,SLV,20768,59.31999969482422
2025-12-18,GDX,14665,85.05228424072266
2025-12-19,TQQQ,80437,53.12284851074219
2025-12-19,LIT,19683,63.64285659790039
2025-12-19,COPX,18369,68.45677185058594
2025-12-19,XBI,10398,122.90235137939453
2025-12-19,SLV,20911,60.93000030517578
2025-12-19,GDX,14715,87.1570053100586
2025-12-22,TQQQ,79803,53.84743118286133
2025-12-22,COPX,18440,70.64777374267578
2025-12-22,XBI,10568,125.78652954101562
2025-12-22,SLV,20806,62.470001220703125
2025-12-22,GDX,14527,90.18000030517578
2025-12-22,XLV,8554,153.3979949951172
2025-12-23,TQQQ,81080,54.60179138183594
2025-12-23,COPX,18272,72.00133514404297
2025-12-23,XBI,10397,124.76752471923828
2025-12-23,SLV,20464,64.83999633789062
2025-12-23,GDX,14423,90.2699966430664
2025-12-23,XLV,8529,153.091796875
2025-12-24,TQQQ,80501,55.035240173339844
2025-12-24,COPX,18265,71.81631469726562
2025-12-24,XBI,10512,126.1761474609375
2025-12-24,SLV,20242,65.22000122070312
2025-12-24,GDX,14669,89.69999694824219
2025-12-24,XLV,8594,153.89187622070312
2025-12-26,TQQQ,80635,54.985530853271484
2025-12-26,COPX,18298,73.72492218017578
2025-12-26,XBI,10616,124.85743713378906
2025-12-26,SLV,19685,71.12000274658203
2025-12-26,GDX,14683,91.29000091552734
2025-12-26,XLV,8682,154.13880920410156
2025-12-29,TQQQ,80749,54.17034149169922
2025-12-29,COPX,18113,71.0665054321289
2025-12-29,XBI,10553,123.26899719238281
2025-12-29,SLV,19913,66.01000213623047
2025-12-29,GDX,15040,85.8499984741211
2025-12-29,XLV,8482,153.9017333984375
2025-12-30,TQQQ,81456,53.782630920410156
2025-12-30,COPX,18084,72.25446319580078
2025-12-30,XBI,10699,121.5506820678711
2025-12-30,SLV,19053,68.9800033569336
2025-12-30,GDX,14955,86.83999633789062
2025-12-30,LIT,20130,65.23955535888672
2025-12-31,TQQQ,80588,52.41072463989258
2025-12-31,COPX,17989,71.54686737060547
2025-12-31,XBI,10716,121.8104248046875
2025-12-31,SLV,19850,64.41999816894531
2025-12-31,GDX,15048,85.7699966430664
2025-12-31,LIT,19994,64.58238220214844
2026-01-02,TQQQ,81153,52.04289245605469
2026-01-02,COPX,17889,72.81256103515625
2026-01-02,XBI,10733,121.40082550048828
2026-01-02,SLV,19482,65.75
2026-01-02,GDX,15049,85.7300033569336
2026-01-02,LIT,19987,65.98634338378906
2026-01-05,TQQQ,82005,53.285560607910156
2026-01-05,COPX,17641,76.39041137695312
2026-01-05,XBI,10884,120.03217315673828
2026-01-05,SLV,18999,69.08000183105469
2026-01-05,GDX,15032,88.44999694824219
2026-01-05,LIT,19829,67.12146759033203
2026-01-06,TQQQ,82921,54.68729019165039
2026-01-06,COPX,17229,77.80559539794922
2026-01-06,XBI,11123,121.97026824951172
2026-01-06,SLV,18669,73.70999908447266
2026-01-06,GDX,14938,92.13999938964844
2026-01-06,LIT,19625,69.27222442626953
2026-01-07,TQQQ,82033,54.846351623535156
2026-01-07,COPX,17613,75.64295196533203
2026-01-07,XBI,10934,126.30601501464844
2026-01-07,SLV,19233,70.95999908447266
2026-01-07,GDX,15010,91.05999755859375
2026-01-07,LIT,19575,68.6947021484375
2026-01-08,TQQQ,81491,53.87209701538086
2026-01-08,COPX,17900,75.36389923095703
2026-01-08,XBI,10690,123.58867645263672
2026-01-08,SLV,19832,69.70999908447266
2026-01-08,GDX,14966,91.54000091552734
2026-01-08,LIT,19608,67.78860473632812
2026-01-09,TQQQ,83064,55.43288803100586
2026-01-09,COPX,17561,77.27739715576172
2026-01-09,XBI,10771,124.3779067993164
2026-01-09,SLV,18896,72.37999725341797
2026-01-09,GDX,14677,92.55999755859375
2026-01-09,LIT,19964,67.91804504394531
2026-01-12,TQQQ,84324,55.562129974365234
2026-01-12,COPX,17382,79.79882049560547
2026-01-12,XBI,11084,123.80846405029297
2026-01-12,SLV,18042,77.2300033569336
2026-01-12,GDX,14426,95.72000122070312
2026-01-12,LIT,19903,69.70037841796875
2026-01-13,TQQQ,84216,55.273826599121094
2026-01-13,COPX,17336,79.5696029663086
2026-01-13,XBI,11394,123.7285385131836
2026-01-13,SLV,17547,78.5999984741211
2026-01-13,GDX,14472,96.47000122070312
2026-01-13,LIT,19998,70.20819854736328
2026-01-14,TQQQ,86040,53.51421356201172
2026-01-14,COPX,17217,82.11096954345703
2026-01-14,XBI,11321,126.69563293457031
2026-01-14,SLV,16798,84.55999755859375
2026-01-14,LIT,20085,70.31773376464844
2026-01-14,REMX,15640,91.31999969482422
2026-01-15,TQQQ,85353,54.06098937988281
2026-01-15,COPX,17361,81.76215362548828
2026-01-15,XBI,11210,124.2280502319336
2026-01-15,SLV,17544,83.31999969482422
2026-01-15,LIT,20013,70.55670166015625
2026-01-15,REMX,15477,90.54000091552734
2026-01-16,TQQQ,84907,53.82239532470703
2026-01-16,COPX,17341,80.49645233154297
2026-01-16,XBI,11253,124.05821990966797
2026-01-16,SLV,17439,81.0199966430664
2026-01-16,LIT,20098,69.3618392944336
2026-01-16,REMX,15739,89.18000030517578
2026-01-20,TQQQ,89298,50.432395935058594
2026-01-20,COPX,16841,81.97144317626953
2026-01-20,XBI,11192,125.16712951660156
2026-01-20,SLV,15881,85.38999938964844
2026-01-20,LIT,19771,69.70037841796875
2026-01-20,REMX,15519,89.51000213623047
2026-01-21,TQQQ,91080,52.4206657409668
2026-01-21,COPX,16459,83.68561553955078
2026-01-21,XBI,11090,128.05429077148438
2026-01-21,SLV,16206,83.95999908447266
2026-01-21,LIT,19373,72.21955108642578
2026-01-21,REMX,15033,92.83999633789062
2026-01-22,TQQQ,88066,53.583805084228516
2026-01-22,COPX,17144,81.9515151977539
2026-01-22,SLV,16826,87.12999725341797
2026-01-22,LIT,19668,73.06591033935547
2026-01-22,REMX,15310,95.58000183105469
2026-01-22,GDX,14106,105.16999816894531
2026-01-23,TQQQ,90759,54.06098937988281
2026-01-23,COPX,17228,85.71871185302734
2026-01-23,SLV,16085,92.91000366210938
2026-01-23,LIT,19622,74.43004608154297
2026-01-23,REMX,14875,98.45999908447266
2026-01-23,GDX,13747,107.0199966430664
2026-01-26,TQQQ,92964,54.75688171386719
2026-01-26,COPX,16690,87.78170013427734
2026-01-26,SLV,15199,98.33999633789062
2026-01-26,LIT,20103,74.16120910644531
2026-01-26,REMX,14801,96.91000366210938
2026-01-26,GDX,13645,107.4800033569336
2026-01-27,TQQQ,90006,56.20831298828125
2026-01-27,COPX,16998,90.11376953125
2026-01-27,SLV,15336,101.58999633789062
2026-01-27,LIT,20286,74.87812042236328
2026-01-27,REMX,15635,97.61000061035156
2026-01-27,GDX,13924,109.29000091552734
2026-01-28,TQQQ,89881,56.72526550292969
2026-01-28,COPX,16842,91.66849517822266
2026-01-28,SLV,15049,105.5999984741211
2026-01-28,LIT,20648,74.41014099121094
2026-01-28,REMX,15780,97.5199966430664
2026-01-28,GDX,14012,112.16000366210938
2026-01-29,TQQQ,92167,55.711246490478516
2026-01-29,COPX,15749,93.91087341308594
2026-01-29,SLV,14293,105.56999969482422
2026-01-29,REMX,16306,93.52999877929688
2026-01-29,GDX,13819,107.9800033569336
2026-01-29,TAN,27359,55.75
2026-01-30,TQQQ,87663,53.6832160949707
2026-01-30,COPX,16448,84.52276611328125
2026-01-30,SLV,16102,75.44000244140625
2026-01-30,REMX,16458,85.62999725341797
2026-01-30,GDX,14543,94.19999694824219
2026-01-30,TAN,26240,53.849998474121094
2026-02-02,TQQQ,86239,54.77676010131836
2026-02-02,COPX,16186,84.91144561767578
2026-02-02,SLV,18526,72.44000244140625
2026-02-02,REMX,15936,84.80999755859375
2026-02-02,GDX,14548,94.19000244140625
2026-02-02,TAN,25543,53.689998626708984
2026-02-03,TQQQ,86328,52.21189880371094
2026-02-03,COPX,16129,90.45262145996094
2026-02-03,SLV,18122,76.95999908447266
2026-02-03,REMX,16104,90.19999694824219
2026-02-03,GDX,14356,98.22000122070312
2026-02-03,TAN,26208,55.59000015258789
2026-02-04,TQQQ,91563,49.46808624267578
2026-02-04,COPX,15582,86.3166732788086
2026-02-04,SLV,17240,79.18000030517578
2026-02-04,REMX,15813,87.05999755859375
2026-02-04,GDX,14098,98.69999694824219
2026-02-04,TAN,24547,58.099998474121094
2026-02-05,TQQQ,90861,47.36052322387695
2026-02-05,COPX,15641,81.03462219238281
2026-02-05,SLV,19218,66.69000244140625
2026-02-05,REMX,15712,81.66000366210938
2026-02-05,GDX,13871,92.44000244140625
2026-02-05,XLB,25835,49.85966873168945
2026-02-06,TQQQ,90898,50.29322052001953
2026-02-06,COPX,15691,84.3932113647461
2026-02-06,SLV,19351,70.19000244140625
2026-02-06,REMX,15487,86.62999725341797
2026-02-06,GDX,13776,97.38999938964844
2026-02-06,XLB,26096,50.85686492919922
2026-02-09,TQQQ,91012,51.43647384643555
2026-02-09,COPX,15763,88.72847747802734
2026-02-09,SLV,18645,76.04000091552734
2026-02-09,REMX,15552,88.73999786376953
2026-02-09,GDX,13787,102.88999938964844
2026-02-09,XLB,26738,51.518375396728516
2026-02-10,TQQQ,90276,50.72069549560547
2026-02-10,COPX,15849,87.93119049072266
2026-02-10,SLV,18726,73.41000366210938
2026-02-10,REMX,15695,88.73999786376953
2026-02-10,GDX,13682,103.01000213623047
2026-02-10,XLB,27175,52.239112854003906
2026-02-11,TQQQ,91397,51.09846878051758
2026-02-11,COPX,15700,89.81478881835938
2026-02-11,SLV,18503,76.55999755859375
2026-02-11,REMX,15632,91.91999816894531
2026-02-11,GDX,13492,105.97000122070312
2026-02-11,XLB,27142,52.94010925292969
2026-02-12,TQQQ,91855,47.97688674926758
2026-02-12,COPX,15551,86.85485076904297
2026-02-12,SLV,18873,67.7300033569336
2026-02-12,REMX,15377,87.19999694824219
2026-02-12,GDX,13538,98.27999877929688
2026-02-12,XLB,26781,52.16012954711914
2026-02-13,TQQQ,93456,48.1856575012207
2026-02-13,COPX,15531,87.64217376708984
2026-02-13,SLV,18848,69.72000122070312
2026-02-13,REMX,15355,89.69999694824219
2026-02-13,GDX,13299,103.94000244140625
2026-02-13,XLB,25873,52.6340446472168
2026-02-17,TQQQ,93151,48.06635665893555
2026-02-17,COPX,15734,84.49287414550781
2026-02-17,SLV,19673,66.37000274658203
2026-02-17,REMX,15004,88.98999786376953
2026-02-17,GDX,13254,100.25
2026-02-17,XLB,25437,52.031776428222656
2026-02-18,TQQQ,93313,49.100257873535156
2026-02-18,COPX,15696,86.36650848388672
2026-02-18,SLV,19389,70.08999633789062
2026-02-18,REMX,14946,91.44999694824219
2026-02-18,GDX,13264,102.55999755859375
2026-02-18,XLB,25808,52.347721099853516
2026-02-19,TQQQ,92942,48.543548583984375
2026-02-19,COPX,16029,85.82833862304688
2026-02-19,SLV,19088,71.01000213623047
2026-02-19,REMX,15033,90.08999633789062
2026-02-19,GDX,13225,104.23999786376953
2026-02-19,XLB,25950,52.16012954711914
2026-02-20,TQQQ,94436,49.76633071899414
2026-02-20,COPX,15786,88.78826904296875
2026-02-20,SLV,18477,76.62000274658203
2026-02-20,REMX,15266,89.0
2026-02-20,GDX,12948,106.26000213623047
2026-02-20,TAN,23134,59.77000045776367
2026-02-23,TQQQ,94615,47.95700454711914
2026-02-23,COPX,15682,90.54231262207031
2026-02-23,SLV,17828,80.56999969482422
2026-02-23,REMX,15651,91.31999969482422
2026-02-23,GDX,12967,110.29000091552734
2026-02-23,TAN,23383,60.09000015258789
2026-02-24,TQQQ,96042,49.487972259521484
2026-02-24,COPX,15488,93.05377960205078
2026-02-24,SLV,17740,79.08000183105469
2026-02-24,REMX,15222,94.69000244140625
2026-02-24,GDX,12969,110.69999694824219
2026-02-24,TAN,23289,60.529998779296875
2026-02-25,TQQQ,96456,51.565711975097656
2026-02-25,COPX,15204,94.73805236816406
2026-02-25,SLV,17764,80.04000091552734
2026-02-25,REMX,14598,98.19999694824219
2026-02-25,GDX,12963,111.16000366210938
2026-02-25,TAN,24418,59.310001373291016
2026-02-26,TQQQ,93854,49.75638961791992
2026-02-26,COPX,15597,94.13011932373047
2026-02-26,SLV,18348,80.44999694824219
2026-02-26,REMX,14751,97.55999755859375
2026-02-26,GDX,13090,113.88999938964844
2026-02-26,TAN,24796,57.58000183105469
2026-02-27,TQQQ,98942,49.22949981689453
2026-02-27,COPX,15049,95.37588500976562
2026-02-27,SLV,17176,84.98999786376953
2026-02-27,REMX,14315,99.86000061035156
2026-02-27,GDX,12414,115.83999633789062
2026-02-27,XLE,26208,54.83327865600586
2026-03-02,TQQQ,100271,49.40843963623047
2026-03-02,COPX,15184,93.28299713134766
2026-03-02,SLV,17485,81.56999969482422
2026-03-02,REMX,14226,103.19999694824219
2026-03-02,GDX,12188,115.33999633789062
2026-03-02,XLE,25056,55.9315185546875
2026-03-03,TQQQ,97289,47.81782531738281
2026-03-03,COPX,15874,86.72528076171875
2026-03-03,SLV,18302,74.68000030517578
2026-03-03,REMX,14468,94.93000030517578
2026-03-03,GDX,12635,105.23999786376953
2026-03-03,XLE,24136,55.4216194152832
2026-03-04,TQQQ,95905,49.965152740478516
2026-03-04,COPX,15785,87.8614273071289
2026-03-04,SLV,18243,75.33999633789062
2026-03-04,REMX,14340,97.86000061035156
2026-03-04,GDX,12875,105.87999725341797
2026-03-04,XLE,25334,55.0980339050293
2026-03-05,TQQQ,93913,49.50785446166992
2026-03-05,COPX,16319,82.02127838134766
2026-03-05,SLV,18477,74.2699966430664
2026-03-05,REMX,14458,93.4000015258789
2026-03-05,GDX,13289,101.81999969482422
2026-03-05,XLE,24982,55.38239669799805
2026-03-06,TQQQ,94473,47.26111602783203
2026-03-06,COPX,1,79.67922973632812
2026-03-06,SLV,17885,75.94000244140625
2026-03-06,REMX,14635,92.52999877929688
2026-03-06,GDX,13531,101.37999725341797
2026-03-06,XLE,23965,55.470645904541016
2026-03-06,USO,12744,108.7699966430664
2026-03-09,TQQQ,97810,49.100257873535156
2026-03-09,SLV,17630,78.26000213623047
2026-03-09,REMX,14814,94.69999694824219
2026-03-09,GDX,13659,102.44000244140625
2026-03-09,XLE,24175,55.22550582885742
2026-03-09,USO,11284,104.33000183105469
2026-03-10,TQQQ,94493,49.11020278930664
2026-03-10,SLV,17214,80.08999633789062
2026-03-10,REMX,14589,96.48999786376953
2026-03-10,GDX,13382,103.37000274658203
2026-03-10,XLE,25326,54.51949691772461
2026-03-10,USO,12997,105.86000061035156
2026-03-11,TQQQ,93325,49.060489654541016
2026-03-11,SLV,17720,77.91000366210938
2026-03-11,REMX,14404,96.91999816894531
2026-03-11,GDX,13549,101.36000061035156
2026-03-11,XLE,25348,55.8726806640625
2026-03-11,USO,13165,108.05000305175781
2026-03-12,TQQQ,96512,46.55527877807617
2026-03-12,SLV,17650,76.4800033569336
2026-03-12,REMX,14476,93.80999755859375
2026-03-12,GDX,13717,99.30000305175781
2026-03-12,XLE,24742,56.39238357543945
2026-03-12,USO,11981,118.38999938964844
2026-03-13,TQQQ,96513,45.660560607910156
2026-03-13,SLV,17918,72.69000244140625
2026-03-13,REMX,14622,89.51000213623047
2026-03-13,XLE,24175,56.57868957519531
2026-03-13,USO,11845,119.88999938964844
2026-03-13,COPX,17149,76.13128662109375
2026-03-16,TQQQ,95684,47.18157958984375
2026-03-16,SLV,18451,73.22000122070312
2026-03-16,REMX,14942,90.0999984741211
2026-03-16,XLE,23868,56.77480697631836
2026-03-16,USO,11561,115.02999877929688
2026-03-16,COPX,17427,78.39360046386719
2026-03-17,TQQQ,94814,47.87747573852539
2026-03-17,SLV,18598,71.66000366210938
2026-03-17,REMX,15206,90.12000274658203
2026-03-17,XLE,23831,57.372947692871094
2026-03-17,USO,11588,118.83999633789062
2026-03-17,COPX,17506,77.6461410522461
2026-03-18,TQQQ,94762,45.82955551147461
2026-03-18,SLV,19402,68.69999694824219
2026-03-18,REMX,15334,86.66999816894531
2026-03-18,XLE,23415,57.29450225830078
2026-03-18,USO,11144,121.66999816894531
2026-03-18,COPX,17677,74.67623138427734
2026-03-19,TQQQ,95092,45.42196273803711
2026-03-19,SLV,20558,65.68000030517578
2026-03-19,REMX,15528,82.94999694824219
2026-03-19,XLE,22045,58.2064323425293
2026-03-19,USO,10570,117.36000061035156
2026-03-19,COPX,18340,72.1348648071289
2026-03-20,TQQQ,95574,42.82727813720703
2026-03-20,REMX,15566,79.0999984741211
2026-03-20,XLE,22050,58.15740203857422
2026-03-20,USO,10825,121.43000030517578
2026-03-20,VOLT,37306,33.59000015258789
2026-03-20,TAN,22751,55.150001525878906
2026-03-23,REMX,15591,83.62999725341797
2026-03-23,XLE,22213,58.853214263916016
2026-03-23,USO,11202,110.55999755859375
2026-03-23,VOLT,37165,34.36000061035156
2026-03-23,TAN,22837,54.9900016784668
2026-03-23,SPXL,22008,189.99078369140625
2026-03-24,REMX,15180,84.62000274658203
2026-03-24,XLE,21354,60.047454833984375
2026-03-24,USO,10938,114.54000091552734
2026-03-24,VOLT,36971,35.06999969482422
2026-03-24,TAN,23250,55.43000030517578
2026-03-24,BSV,55064,76.28369140625
2026-03-25,REMX,14508,89.1500015258789
2026-03-25,XLE,21424,59.78097152709961
2026-03-25,USO,11671,113.38999938964844
2026-03-25,VOLT,35941,35.349998474121094
2026-03-25,TAN,22656,56.9900016784668
2026-03-25,BSV,55650,76.40086364746094
2026-03-26,REMX,14894,84.5999984741211
2026-03-26,XLE,21382,60.718597412109375
2026-03-26,USO,10969,117.26000213623047
2026-03-26,VOLT,36632,33.90999984741211
2026-03-26,TAN,22758,55.22999954223633
2026-03-26,BSV,55930,76.1665267944336
2026-03-27,REMX,14815,86.0999984741211
2026-03-27,XLE,21020,61.74504852294922
2026-03-27,USO,10568,124.19999694824219
2026-03-27,VOLT,37888,33.97999954223633
2026-03-27,TAN,23504,54.52000045776367
2026-03-27,BSV,55856,76.29345703125
2026-03-30,REMX,14647,85.4800033569336
2026-03-30,XLE,20851,61.152862548828125
2026-03-30,USO,10243,129.8300018310547
2026-03-30,VOLT,37844,33.150001525878906
2026-03-30,TAN,23610,52.88999938964844
2026-03-30,TECL,51899,76.56348419189453
2026-03-31,REMX,14704,88.0
2026-03-31,XLE,20590,60.46198272705078
2026-03-31,USO,9747,127.25
2026-03-31,VOLT,37612,34.2400016784668
2026-03-31,TAN,23723,55.709999084472656
2026-03-31,TECL,52868,86.39595794677734
2026-04-01,REMX,14811,88.52999877929688
2026-04-01,XLE,22517,58.201812744140625
2026-04-01,USO,10629,124.08999633789062
2026-04-01,VOLT,38381,34.810001373291016
2026-04-01,TAN,23667,56.27000045776367
2026-04-01,BSV,47463,76.57372283935547
2026-04-02,REMX,15633,88.9000015258789
2026-04-02,XLE,22343,58.47816848754883
2026-04-02,USO,9584,137.9199981689453
2026-04-02,VOLT,39085,34.75
2026-04-02,TAN,24312,54.849998474121094
2026-04-02,BSV,47652,76.63251495361328
2026-04-06,XLE,18860,58.90256881713867
2026-04-06,USO,7944,138.94000244140625
2026-04-06,VOLT,31491,34.84000015258789
2026-04-06,BSV,47913,76.5345458984375
2026-04-06,LIT,14989,72.8070297241211
2026-04-06,XLU,24169,45.54218292236328
2026-04-07,XLE,18673,59.376312255859375
2026-04-07,USO,7800,138.0800018310547
2026-04-07,VOLT,31775,35.16999816894531
2026-04-07,BSV,48972,76.62271881103516
2026-04-07,LIT,15075,73.42436981201172
2026-04-07,XLU,24261,45.64082717895508
2026-04-08,XLE,19538,57.29379653930664
2026-04-08,USO,9180,124.58000183105469
2026-04-08,VOLT,29719,36.709999084472656
2026-04-08,BSV,49326,76.69129180908203
2026-04-08,LIT,14251,76.38166046142578
2026-04-08,XLU,23939,46.143890380859375
2026-04-09,XLE,19188,56.58317947387695
2026-04-09,USO,8666,126.95999908447266
2026-04-09,VOLT,30047,37.470001220703125
2026-04-09,LIT,14539,76.41152954101562
2026-04-09,XLU,23946,46.50886154174805
2026-04-09,TQQQ,70720,48.75325393676758
2026-04-10,XLE,19740,56.19825744628906
2026-04-10,USO,8867,124.81999969482422
2026-04-10,VOLT,29664,37.595001220703125
2026-04-10,LIT,14388,77.56656646728516
2026-04-10,XLU,23995,46.321441650390625
2026-04-10,TQQQ,69229,48.962364196777344
2026-04-13,XLE,18777,56.36604309082031
2026-04-13,USO,8007,128.47000122070312
2026-04-13,VOLT,28467,37.66999816894531
2026-04-13,LIT,13768,79.677490234375
2026-04-13,TQQQ,73275,50.446075439453125
2026-04-13,SMH,2456,443.3399963378906
2026-04-14,XLE,19485,55.22115707397461
2026-04-14,USO,8549,123.8499984741211
2026-04-14,VOLT,28557,38.11000061035156
2026-04-14,LIT,13591,80.20523071289062
2026-04-14,TQQQ,70606,53.18446350097656
2026-04-14,SMH,2426,452.0
2026-04-15,XLE,19968,55.033626556396484
2026-04-15,USO,8890,122.58999633789062
2026-04-15,VOLT,28805,37.599998474121094
2026-04-15,LIT,13858,79.29911804199219
2026-04-15,TQQQ,67877,55.41500473022461
2026-04-15,SMH,2431,453.0
2026-04-16,XLE,20220,55.84294891357422
2026-04-16,USO,8982,125.83999633789062
2026-04-16,VOLT,29551,37.63999938964844
2026-04-16,LIT,13813,81.95768737792969
2026-04-16,TQQQ,65527,56.191715240478516
2026-04-16,SMH,2472,454.79998779296875
2026-04-17,XLE,20874,54.30326843261719
2026-04-17,USO,9770,116.04000091552734
2026-04-17,VOLT,29431,38.400001525878906
2026-04-17,LIT,13485,82.8737564086914
2026-04-17,TQQQ,67253,58.34259033203125
2026-04-17,SMH,2423,464.1600036621094
2026-04-20,XLE,21386,54.35261535644531
2026-04-20,USO,9705,121.31999969482422
2026-04-20,VOLT,30318,38.439998626708984
2026-04-20,LIT,14158,82.51529693603516
2026-04-20,SMH,2503,463.9599914550781
2026-04-20,UVXY,99968,38.79999923706055
2026-04-21,XLE,21386,55.14219665527344
2026-04-21,USO,9610,128.25
2026-04-21,VOLT,30244,38.189998626708984
2026-04-21,LIT,13948,82.67460632324219
2026-04-21,SMH,2504,464.6600036621094
2026-04-21,TQQQ,70900,57.157615661621094
2026-04-22,XLE,21217,55.803470611572266
2026-04-22,USO,9267,129.39999389648438
2026-04-22,VOLT,30440,38.5099983215332
2026-04-22,LIT,14050,84.40715789794922
2026-04-22,SMH,2505,476.8299865722656
2026-04-22,TQQQ,70089,59.955745697021484
2026-04-23,XLE,21200,56.237735748291016
2026-04-23,USO,9069,134.72000122070312
2026-04-23,VOLT,30836,39.459999084472656
2026-04-23,LIT,14435,81.79837799072266
2026-04-23,SMH,2478,481.8500061035156
2026-04-23,TQQQ,69889,58.96992874145508
2026-04-24,XLE,21577,56.12916946411133
2026-04-24,USO,9115,132.39999389648438
2026-04-24,VOLT,30370,39.439998626708984
2026-04-24,LIT,14546,83.43135833740234
2026-04-24,SMH,2421,506.44000244140625
2026-04-24,TQQQ,68659,62.29582595825195
2026-04-27,XLE,25005,56.03047561645508
2026-04-27,USO,10519,134.72000122070312
2026-04-27,VOLT,35416,39.15999984741211
2026-04-27,LIT,16816,84.58638763427734
2026-04-27,SMH,2767,506.260009765625
2026-04-27,TQQQ,75585,62.37548828125
2026-04-28,XLE,24443,56.95822525024414
2026-04-28,USO,10029,139.60000610351562
2026-04-28,VOLT,35888,38.66999816894531
2026-04-28,LIT,16574,83.41143798828125
2026-04-28,SMH,2852,491.2099914550781
2026-04-28,TQQQ,82550,60.48351287841797
2026-04-29,XLE,24526,58.26103210449219
2026-04-29,USO,9654,150.6300048828125
2026-04-29,VOLT,35962,38.88999938964844
2026-04-29,LIT,16598,84.70587921142578
2026-04-29,SMH,2843,499.5799865722656
2026-04-29,TQQQ,83255,61.598785400390625
2026-04-30,XLE,24940,58.87295913696289
2026-04-30,USO,9791,147.08999633789062
2026-04-30,VOLT,36398,40.52000045776367
2026-04-30,LIT,16728,87.8623046875
2026-04-30,SMH,2839,506.7200012207031
2026-04-30,TQQQ,82003,63.271690368652344
2026-05-01,XLE,24888,58.0833740234375
2026-05-01,USO,10107,142.8000030517578
2026-05-01,VOLT,35523,40.70000076293945
2026-05-01,LIT,16546,88.34025573730469
2026-05-01,SMH,2877,509.82000732421875
2026-05-01,TQQQ,81738,65.02426147460938
2026-05-04,USO,10966,147.61000061035156
2026-05-04,VOLT,38635,40.61000061035156
2026-05-04,LIT,17984,86.74710845947266
2026-05-04,SMH,3078,506.7900085449219
2026-05-04,TQQQ,80693,64.63591003417969
2026-05-04,REMX,15037,102.12000274658203
2026-05-05,USO,11013,144.1699981689453
2026-05-05,VOLT,38817,41.13999938964844
2026-05-05,LIT,18090,88.07140350341797
2026-05-05,SMH,3076,522.6900024414062
2026-05-05,TQQQ,79939,67.10543060302734
2026-05-05,REMX,15302,103.83000183105469
2026-05-06,USO,12002,133.9499969482422
2026-05-06,VOLT,38998,41.400001525878906
2026-05-06,LIT,18113,91.12826538085938
2026-05-06,SMH,3021,549.760009765625
2026-05-06,TQQQ,78506,71.26778411865234
2026-05-06,REMX,15161,109.04000091552734
2026-05-07,USO,12792,134.97000122070312
2026-05-07,VOLT,39695,40.31999969482422
2026-05-07,LIT,18278,88.96755981445312
2026-05-07,SMH,3019,540.0999755859375
2026-05-07,REMX,15006,106.55999755859375
2026-05-07,UVXY,153017,35.84000015258789
2026-05-08,USO,12414,133.58999633789062
2026-05-08,VOLT,40136,40.34000015258789
2026-05-08,LIT,18536,89.78404998779297
2026-05-08,SMH,2980,566.5399780273438
2026-05-08,REMX,15326,106.37999725341797
2026-05-08,UVXY,152914,36.099998474121094
2026-05-11,USO,12191,138.66000366210938
2026-05-11,LIT,18509,91.22784423828125
2026-05-11,SMH,2923,576.3099975585938
2026-05-11,UVXY,153624,36.97999954223633
2026-05-11,QQQ,2350,711.7652587890625
2026-05-11,XLK,9482,177.46107482910156
2026-05-12,USO,11763,144.3000030517578
2026-05-12,LIT,19120,89.08704376220703
2026-05-12,SMH,2994,561.25
2026-05-12,UVXY,151230,35.7400016784668
2026-05-12,QQQ,2393,705.7282104492188
2026-05-12,XLK,9627,174.787353515625
2026-05-13,USO,11610,142.0399932861328
2026-05-13,LIT,18893,89.19657897949219
2026-05-13,SMH,2923,572.4600219726562
2026-05-13,QQQ,2359,713.1823120117188
2026-05-13,XLK,9448,176.43348693847656
2026-05-13,TQQQ,73733,76.9138412475586
2026-05-14,USO,11913,143.0
2026-05-14,LIT,19119,86.57782745361328
2026-05-14,SMH,2941,578.3400268554688
2026-05-14,QQQ,2355,718.2514038085938
2026-05-14,XLK,9489,179.07723999023438
2026-05-14,UVXY,154267,35.43000030517578
2026-05-15,USO,11581,148.22999572753906
2026-05-15,LIT,20049,83.7201156616211
2026-05-15,SMH,3008,556.3400268554688
2026-05-15,QQQ,2378,707.4146728515625
2026-05-15,XLK,9588,175.84486389160156
2026-05-15,UVXY,151524,35.7599983215332
2026-05-18,USO,11312,149.2899932861328
2026-05-18,LIT,19651,82.67460632324219
2026-05-18,SMH,2919,546.1599731445312
2026-05-18,QQQ,2325,704.3711547851562
2026-05-18,XLK,9315,173.94935607910156
2026-05-18,TQQQ,72532,74.00617218017578
2026-05-19,USO,10477,152.9600067138672
2026-05-19,LIT,19695,81.42996215820312
2026-05-19,SMH,2994,543.9600219726562
2026-05-19,QQQ,2294,700.030517578125
2026-05-19,XLK,9298,172.8319854736328
2026-05-19,TQQQ,74036,72.62203216552734
2026-05-20,USO,10868,144.27000427246094
2026-05-20,LIT,19772,83.13263702392578
2026-05-20,SMH,2939,564.6599731445312
2026-05-20,QQQ,2307,711.6256713867188
2026-05-20,XLK,9321,176.72279357910156
2026-05-20,TQQQ,73386,76.18692016601562
2026-05-21,USO,10990,142.5399932861328
2026-05-21,LIT,19791,84.01882934570312
2026-05-21,SMH,2925,567.8800048828125
2026-05-21,QQQ,2318,712.9827270507812
2026-05-21,XLK,9352,178.1793670654297
2026-05-21,TQQQ,73050,76.62506103515625
2026-05-22,USO,11817,140.9199981689453
2026-05-22,LIT,19732,84.91497802734375
2026-05-22,SMH,2911,576.3200073242188
2026-05-22,QQQ,2332,716.0062255859375
2026-05-22,XLK,9306,179.96514892578125
2026-05-22,TQQQ,71694,77.51129913330078
2026-05-26,USO,12465,137.0
2026-05-26,SMH,2873,602.1400146484375
2026-05-26,QQQ,2346,728.7190551757812
2026-05-26,XLK,9299,184.70396423339844
2026-05-26,TQQQ,70594,81.60394287109375
2026-05-26,TAN,24982,68.95999908447266
2026-05-27,USO,13151,131.02999877929688
2026-05-27,SMH,2824,595.5
2026-05-27,QQQ,2362,727.8908081054688
2026-05-27,XLK,9302,183.99562072753906
2026-05-27,TQQQ,69799,81.32513427734375
2026-05-27,TAN,24881,70.51000213623047
2026-05-28,USO,12877,130.77999877929688
2026-05-28,SMH,2881,599.8300170898438
2026-05-28,QQQ,2358,734.027587890625
2026-05-28,XLK,9310,186.40992736816406
2026-05-28,TQQQ,70311,83.3266372680664
2026-05-28,TAN,24347,71.93000030517578
2026-05-29,USO,13663,129.08999633789062
2026-05-29,SMH,2892,598.9299926757812
2026-05-29,QQQ,2381,736.7318115234375
2026-05-29,XLK,9283,190.5701141357422
2026-05-29,TQQQ,69529,84.20292663574219
2026-05-29,TAN,23619,73.93000030517578
2026-06-01,USO,12951,135.5
2026-06-01,SMH,2947,607.8099975585938
2026-06-01,QQQ,2388,741.1524047851562
2026-06-01,XLK,9156,195.2989501953125
2026-06-01,TQQQ,69882,85.67668151855469
2026-06-01,TAN,24361,71.12999725341797
2026-06-02,USO,13179,137.27000427246094
2026-06-02,SMH,2874,632.2100219726562
2026-06-02,XLK,9084,197.74319458007812
2026-06-02,TQQQ,69342,86.85169982910156
2026-06-02,TAN,25264,72.2699966430664
2026-06-02,LIT,20864,86.03018951416016
2026-06-03,USO,13000,140.86000061035156
2026-06-03,SMH,2830,637.9000244140625
2026-06-03,XLK,9160,195.76783752441406
2026-06-03,TAN,25445,70.29000091552734
2026-06-03,LIT,21292,84.49678039550781
2026-06-03,UVXY,205456,29.079999923706055
2026-06-04,USO,13013,136.74000549316406
2026-06-04,SMH,2901,627.530029296875
2026-06-04,XLK,9308,192.71505737304688
2026-06-04,TAN,25626,70.44000244140625
2026-06-04,LIT,21475,82.92353820800781
2026-06-04,TQQQ,71324,84.86014556884766
2026-06-05,USO,12937,133.02000427246094
2026-06-05,SMH,2890,569.6900024414062
2026-06-05,XLK,9277,179.8753662109375
2026-06-05,TAN,25410,64.05000305175781
2026-06-05,LIT,21529,77.96485900878906
2026-06-05,TQQQ,71733,72.74153137207031
2026-06-08,USO,12469,135.14999389648438
2026-06-08,SMH,2818,598.1599731445312
2026-06-08,XLK,9107,183.74620056152344
2026-06-08,TAN,25658,63.58000183105469
2026-06-08,LIT,21562,76.7600326538086
2026-06-08,TQQQ,73284,75.94792938232422
2026-06-09,SMH,2789,591.010009765625
2026-06-09,XLK,9161,180.34425354003906
2026-06-09,TAN,26203,61.83000183105469
2026-06-09,TQQQ,72481,73.40869903564453
2026-06-09,ROBO,20007,82.98999786376953
2026-06-09,QQQ,2355,706.3169555664062
2026-06-10,SMH,2748,570.9099731445312
2026-06-10,XLK,8977,176.21400451660156
2026-06-10,TAN,26185,59.15999984741211
2026-06-10,TQQQ,74491,68.97748565673828
2026-06-10,ROBO,19605,79.5
2026-06-10,QQQ,2279,692.2072143554688
2026-06-11,SMH,2716,609.4500122070312
2026-06-11,XLK,8919,182.77850341796875
2026-06-11,TAN,26459,62.29999923706055
2026-06-11,TQQQ,74695,75.68903350830078
2026-06-11,ROBO,19686,82.43000030517578
2026-06-11,QQQ,2267,715.5870971679688
2026-06-12,SMH,2736,619.9600219726562
2026-06-12,XLK,9100,184.36476135253906
2026-06-12,TAN,26575,63.029998779296875
2026-06-12,TQQQ,72949,77.1926498413086
2026-06-12,ROBO,20167,83.0
2026-06-12,QQQ,2323,719.798095703125
2026-06-15,SMH,2731,647.0999755859375
2026-06-15,XLK,9252,191.33828735351562
2026-06-15,TAN,27439,62.70000076293945
2026-06-15,TQQQ,70973,84.23279571533203
2026-06-15,ROBO,20593,85.20999908447266
2026-06-15,QQQ,2385,742.40966796875
2026-06-16,SMH,2688,616.0
2026-06-16,XLK,9067,186.0009002685547
2026-06-16,TQQQ,68776,79.59248352050781
2026-06-16,QQQ,2336,728.2998657226562
2026-06-16,COPX,19420,89.48590850830078
2026-06-16,LIT,20680,83.2421646118164
2026-06-17,SMH,2686,623.969970703125
2026-06-17,XLK,9021,185.36241149902344
2026-06-17,TQQQ,68884,77.21257019042969
2026-06-17,QQQ,2319,720.965576171875
2026-06-17,COPX,19106,86.46617126464844
2026-06-17,LIT,20412,82.71443939208984
2026-06-18,SMH,2628,659.8800048828125
2026-06-18,XLK,8969,190.98912048339844
2026-06-18,TQQQ,66577,82.52006530761719
2026-06-18,QQQ,2317,739.0369262695312
2026-06-18,COPX,19582,85.19050598144531
2026-06-18,LIT,20745,81.79837799072266
2026-06-22,SMH,2572,668.9099731445312
2026-06-22,XLK,8944,191.926025390625
2026-06-22,TQQQ,65825,82.23129272460938
2026-06-22,QQQ,2325,737.1818237304688
2026-06-22,COPX,20386,84.60250091552734
2026-06-22,LIT,20991,82.2165756225586
2026-06-23,SMH,2565,622.0499877929688
2026-06-23,XLK,8702,183.97531127929688
2026-06-23,TQQQ,68328,74.12566375732422
2026-06-23,QQQ,2246,712.9071655273438
2026-06-23,COPX,20148,79.21082305908203
2026-06-23,LIT,20497,78.09429931640625
2026-06-24,SMH,2344,618.9199829101562
2026-06-24,XLK,7934,182.83663940429688
2026-06-24,TQQQ,65135,73.15853118896484
2026-06-24,QQQ,2042,709.8803100585938
2026-06-24,ROBO,17688,82.3499984741211
2026-06-24,EEM,21647,67.25
2026-06-25,SMH,2310,636.8800048828125
2026-06-25,XLK,7978,184.35487365722656
2026-06-25,TQQQ,65051,74.80534362792969
2026-06-25,QQQ,2067,715.63427734375
2026-06-25,ROBO,17884,83.44000244140625
2026-06-25,EEM,21759,67.95999908447266
2026-06-26,SMH,2318,611.6099853515625
2026-06-26,XLK,7910,180.89889526367188
2026-06-26,TQQQ,67011,71.69136810302734
2026-06-26,QQQ,2025,705.7846069335938
2026-06-26,ROBO,17493,82.0
2026-06-26,EEM,21557,67.19000244140625
2026-06-29,SMH,2357,631.97998046875
2026-06-29,XLK,7928,185.19387817382812
2026-06-29,TQQQ,66234,77.04102325439453
2026-06-29,QQQ,2033,723.3262939453125
2026-06-29,ROBO,17611,83.4000015258789
2026-06-29,EEM,21646,67.43000030517578
2026-06-30,SMH,2337,655.8900146484375
2026-06-30,XLK,8008,190.2979278564453
2026-06-30,TQQQ,61053,80.84367370605469
2026-06-30,QQQ,2054,735.6334838867188
2026-06-30,ROBO,17767,85.66000366210938
2026-06-30,EEM,21984,68.41000366210938
2026-07-01,SMH,2219,620.4600219726562
2026-07-01,XLK,7542,185.40362548828125
2026-07-01,TQQQ,59711,77.31050109863281
2026-07-01,QQQ,1933,724.4151000976562
2026-07-01,ROBO,16459,85.38999938964844
2026-07-01,XBI,8911,156.5500030517578
2026-07-02,SMH,2239,592.2899780273438
2026-07-02,XLK,7527,180.37950134277344
2026-07-02,TQQQ,60174,73.20843505859375
2026-07-02,QQQ,1924,711.8582153320312
2026-07-02,ROBO,16366,83.38999938964844
2026-07-02,XBI,8854,160.4600067138672
2026-07-06,SMH,2271,604.2999877929688
2026-07-06,XLK,7556,183.3560333251953
2026-07-06,TQQQ,61497,76.27250671386719
2026-07-06,QQQ,1917,722.067626953125
2026-07-06,ROBO,16169,86.19000244140625
2026-07-06,XBI,8605,160.80999755859375
2026-07-07,SMH,2338,581.4500122070312
2026-07-07,XLK,7552,178.97113037109375
2026-07-07,TQQQ,61222,72.0905990600586
2026-07-07,QQQ,1902,708.6915283203125
2026-07-07,ROBO,16245,81.91999816894531
2026-07-07,XBI,8372,163.8699951171875
2026-07-08,SMH,2311,593.0
2026-07-08,XLK,7498,181.1885528564453
2026-07-08,TQQQ,72518,72.57965087890625
2026-07-08,QQQ,1888,710.699462890625
2026-07-08,ROBO,16513,81.01000213623047
2026-07-08,XBI,8193,162.97000122070312
2026-07-09,SMH,2582,607.72998046875
2026-07-09,XLK,8613,185.1339569091797
2026-07-09,TQQQ,70927,76.19265747070312
2026-07-09,QQQ,2215,722.5271606445312
2026-07-09,XBI,9764,164.27999877929688
2026-07-09,XLV,9861,161.5517120361328
2026-07-10,SMH,2650,611.030029296875
2026-07-10,XLK,8665,185.56344604492188
2026-07-10,TQQQ,69637,76.88133239746094
2026-07-10,QQQ,2213,724.7548217773438
2026-07-10,XBI,9718,159.02999877929688
2026-07-10,XLV,9840,160.22679138183594
2026-07-13,SMH,2631,585.6199951171875
2026-07-13,XLK,8600,181.06869506835938
2026-07-13,TQQQ,72652,72.49980163574219
2026-07-13,QQQ,2194,710.9990844726562
2026-07-13,XBI,10002,155.33999633789062
2026-07-13,XLV,9808,160.79461669921875
2026-07-14,SMH,2595,600.3099975585938
2026-07-14,XLK,8609,183.4059600830078
2026-07-14,TQQQ,72337,74.87520599365234
2026-07-14,QQQ,2195,718.9408569335938
2026-07-14,XBI,10145,155.4499969482422
2026-07-14,XLV,9925,157.68650817871094
2026-07-15,SMH,2613,590.77001953125
2026-07-15,XLK,8579,181.36834716796875
2026-07-15,TQQQ,71592,74.29633331298828
2026-07-15,QQQ,2194,716.9928588867188
2026-07-15,XBI,10283,156.22000122070312
2026-07-15,XLV,10117,157.68650817871094
2026-07-16,SMH,2760,568.9199829101562
2026-07-16,XLK,8888,177.31307983398438
2026-07-16,TQQQ,73092,70.60346984863281
2026-07-16,QQQ,2234,705.2051391601562
2026-07-16,XBI,10252,152.0
2026-07-16,XLF,28097,56.549861907958984
2026-07-17,SMH,2748,556.530029296875
2026-07-17,XLK,8721,175.3853302001953
2026-07-17,TQQQ,75731,67.39966583251953
2026-07-17,QQQ,2180,694.606201171875
2026-07-17,XBI,10066,154.25999450683594
2026-07-17,XLF,26775,56.061588287353516
2026-07-20,SMH,2732,558.8300170898438
2026-07-20,XLK,8777,175.50518798828125
2026-07-20,TQQQ,74682,67.51943969726562
2026-07-20,QQQ,2214,695.33544921875
2026-07-20,XBI,10046,150.94000244140625
2026-07-20,XLF,27686,55.84236526489258
2026-07-21,SMH,2697,584.0800170898438
2026-07-21,XLK,8736,180.56927490234375
2026-07-21,TQQQ,74003,71.23226165771484
2026-07-21,QQQ,2219,708.2319946289062
2026-07-21,XBI,10374,154.5
2026-07-21,XLF,28082,55.91211700439453
2026-07-22,SMH,2724,586.9099731445312
2026-07-22,XLK,8748,180.05987548828125
2026-07-22,TQQQ,74523,70.14435577392578
2026-07-22,QQQ,2215,704.61572265625
2026-07-22,XBI,10134,152.11000061035156
2026-07-22,XLF,27830,55.85232925415039
2026-07-23,SMH,2647,580.1699829101562
2026-07-23,XLK,8553,178.2419891357422
2026-07-23,TQQQ,76009,66.17204284667969
2026-07-23,XBI,10176,152.22999572753906
2026-07-23,XLF,27528,55.63310623168945
2026-07-23,XLV,9588,160.8245086669922
2026-07-24,SMH,2647,561.1900024414062
2026-07-24,XLK,8558,175.67498779296875
2026-07-24,TQQQ,77174,63.87648010253906
2026-07-24,XBI,9950,150.47999572753906
2026-07-24,XLF,27325,56.111412048339844
2026-07-24,XLV,9393,161.9501953125
2026-07-27,SMH,2690,548.5499877929688
2026-07-27,XLK,8571,174.09683227539062
2026-07-27,TQQQ,76972,63.27764129638672
2026-07-27,XBI,10032,150.58999633789062
2026-07-27,XLF,26918,56.67940139770508
2026-07-27,XLV,9376,162.7770233154297
2026-07-28,SMH,2761,529.5999755859375
2026-07-28,XLK,8584,170.89056396484375
2026-07-28,TQQQ,79375,61.44118881225586
2026-07-28,XBI,9755,149.77999877929688
2026-07-28,XLF,25788,57.3968620300293
2026-07-28,XLV,8879,166.622314453125
2026-07-29,SMH,2783,504.2200012207031
2026-07-29,XLK,8565,166.3758544921875
2026-07-29,TQQQ,79482,57.63854217529297
2026-07-29,XBI,9808,147.91000366210938
2026-07-29,XLF,25643,56.480106353759766
2026-07-29,XLV,8792,165.606201171875
2026-07-30,TQQQ,79562,63.17782974243164
2026-07-30,XBI,9835,151.4600067138672
2026-07-30,XLF,25720,56.798980712890625
2026-07-30,XLV,8954,162.89657592773438
2026-07-30,XLRE,31966,44.921878814697266
2026-07-30,DHS,12427,116.71173858642578
2026-07-31,TQQQ,76157,64.49528503417969
2026-07-31,XBI,9913,147.00999450683594
2026-07-31,XLF,26480,56.73918914794922
2026-07-31,XLV,9271,161.93026733398438
2026-07-31,XLRE,33385,44.69379806518555
2026-07-31,DHS,12887,116.28287506103516
2026-08-03,TQQQ,76764,67.8288345336914
2026-08-03,XBI,10117,147.30999755859375
2026-08-03,XLF,26054,57.17763900756836
2026-08-03,XLV,9125,161.6214599609375
2026-08-03,XLRE,33272,44.80288314819336
2026-08-03,DHS,12750,116.6917953491211
2026-08-04,TQQQ,73004,74.67559814453125
2026-08-04,XBI,10330,151.8800048828125
2026-08-04,XLF,26954,57.67587661743164
2026-08-04,XLV,9523,161.48199462890625
2026-08-04,XLRE,34710,44.79296112060547
2026-08-04,DHS,13204,117.58942413330078
2026-08-05,TQQQ,70579,72.69941711425781
2026-08-05,XBI,10434,153.00999450683594
2026-08-05,XLF,27561,57.79545211791992
2026-08-05,XLV,9801,163.5341339111328
2026-08-05,XLRE,35585,44.822715759277344
2026-08-05,DHS,13605,116.66187286376953
2026-08-06,TQQQ,73686,71.89098358154297
2026-08-06,XBI,10156,154.5
2026-08-06,XLF,26875,57.60612487792969
2026-08-06,XLV,9447,163.82302856445312
2026-08-06,DIA,2883,536.507568359375
2026-08-06,IGV,16016,99.41999816894531
2026-08-07,TQQQ,72213,74.3262710571289
2026-08-07,XBI,10153,157.3699951171875
2026-08-07,XLF,27743,57.3968620300293
2026-08-07,XLV,9753,165.04832458496094
2026-08-07,DIA,2965,537.9330444335938
2026-08-07,IGV,15667,102.69000244140625
2026-08-10,TQQQ,71936,73.6575698852539
2026-08-10,XBI,10255,158.02999877929688
2026-08-10,XLF,27900,57.60612487792969
2026-08-10,XLV,9693,167.79782104492188
2026-08-10,DIA,2978,537.3050537109375
2026-08-10,IGV,15652,105.01000213623047
2026-08-11,TQQQ,72292,72.91899108886719
2026-08-11,XBI,10180,158.07000732421875
2026-08-11,XLF,28023,57.59615707397461
2026-08-11,XLV,9625,167.36944580078125
2026-08-11,DIA,2997,535.6004028320312
2026-08-11,IGV,15455,103.91999816894531
2026-08-12,TQQQ,71444,74.45602416992188
2026-08-12,XBI,10229,159.38999938964844
2026-08-12,XLF,28071,57.71573257446289
2026-08-12,XLV,9757,167.79782104492188
2026-08-12,DIA,3010,535.4708251953125
2026-08-12,IGV,15694,103.08000183105469
2026-08-13,TQQQ,72153,77.0010986328125
2026-08-13,XBI,10117,156.86000061035156
2026-08-13,XLF,27959,58.054534912109375
2026-08-13,XLV,9602,167.73805236816406
2026-08-13,DIA,3018,536.2283935546875
2026-08-13,IGV,15629,106.27999877929688
2026-08-14,TQQQ,70663,76.64179992675781
2026-08-14,XBI,10484,157.41000366210938
2026-08-14,XLF,28289,57.95488739013672
2026-08-14,XLV,9826,166.7318878173828
2026-08-14,DIA,3063,535.1218872070312
2026-08-14,IGV,15415,104.08000183105469
2026-08-17,TQQQ,70380,76.25254821777344
2026-08-17,XBI,10398,159.52999877929688
2026-08-17,XLF,28234,57.37693405151367
2026-08-17,XLV,9834,166.41311645507812
2026-08-17,DIA,3061,532.52001953125
2026-08-17,IGV,15788,101.98999786376953
2026-08-18,TQQQ,72731,72.3900146484375
2026-08-18,XBI,10091,160.11000061035156
2026-08-18,XLF,27774,57.636016845703125
2026-08-18,XLV,9509,169.0828857421875
2026-08-18,DIA,3005,531.2440185546875
2026-08-18,IGV,15664,101.95999908447266
2026-08-19,TQQQ,73397,71.9209213256836
2026-08-19,XBI,9732,169.5500030517578
2026-08-19,XLF,27956,57.277286529541016
2026-08-19,XLV,9385,175.0102081298828
2026-08-19,DIA,3021,532.5997924804688
2026-08-19,IGV,15789,102.80999755859375
2026-08-20,TQQQ,74997,70.34397888183594
2026-08-20,XBI,9545,163.3800048828125
2026-08-20,XLF,27777,56.7491569519043
2026-08-20,XLV,9167,171.73275756835938
2026-08-20,IGV,15520,101.91000366210938
2026-08-20,GDX,16514,99.8499984741211
2026-08-21,TQQQ,74792,71.03263854980469
2026-08-21,XBI,9754,165.72999572753906
2026-08-21,XLF,28111,57.277286529541016
2026-08-21,XLV,9375,173.95425415039062
2026-08-21,IGV,15664,103.37000274658203
2026-08-21,GDX,15643,102.83000183105469
2026-08-24,TQQQ,76238,68.87681579589844
2026-08-24,XBI,9686,164.1699981689453
2026-08-24,XLF,27794,58.014678955078125
2026-08-24,XLV,9198,174.03395080566406
2026-08-24,IGV,15545,102.44999694824219
2026-08-24,GDX,15369,103.54000091552734
2026-08-25,TQQQ,75885,70.1343765258789
2026-08-25,XBI,9629,169.10000610351562
2026-08-25,XLF,27595,58.1043586730957
2026-08-25,XLV,9207,174.62168884277344
2026-08-25,IGV,15653,101.8499984741211
2026-08-25,GDX,15695,105.5199966430664
2026-08-26,TQQQ,76466,70.33399200439453
2026-08-26,XBI,9476,168.38999938964844
2026-08-26,XLF,27439,58.054534912109375
2026-08-26,XLV,9171,172.87835693359375
2026-08-26,IGV,15957,102.38999938964844
2026-08-26,GDX,15408,102.41999816894531
2026-08-27,TQQQ,75086,73.15853118896484
2026-08-27,XBI,9658,168.22999572753906
2026-08-27,XLF,28086,57.67587661743164
2026-08-27,XLV,9461,170.92584228515625
2026-08-27,GDX,15867,103.69000244140625
2026-08-27,XLE,26199,61.92193603515625
2026-08-28,TQQQ,74742,71.7113265991211
2026-08-28,XBI,9778,162.3800048828125
2026-08-28,XLF,28218,57.89509963989258
2026-08-28,XLV,9546,170.5074462890625
2026-08-28,GDX,15640,99.6500015258789
2026-08-28,XLE,26303,62.30963134765625
2026-08-31,TQQQ,75007,71.78118896484375
2026-08-31,XBI,9964,162.5
2026-08-31,XLF,27829,57.506473541259766
2026-08-31,XLV,9461,169.88980102539062
2026-08-31,GDX,16161,98.51000213623047
2026-08-31,XLE,25298,63.58206558227539
2026-09-01,TQQQ,76451,69.01654052734375
2026-09-01,XBI,9776,163.39999389648438
2026-09-01,XLF,27543,56.99827575683594
2026-09-01,XLV,9195,171.0155029296875
2026-09-01,GDX,16615,94.66999816894531
2026-09-01,XLE,24520,64.38727569580078
2026-09-02,TQQQ,76697,69.46566772460938
2026-09-02,XBI,9632,165.3699951171875
2026-09-02,XLF,27701,57.45664978027344
2026-09-02,XLV,9239,172.29061889648438
2026-09-02,GDX,16336,97.62999725341797
2026-09-02,XLE,24790,64.71533203125
2026-09-03,TQQQ,76694,71.89098358154297
2026-09-03,XBI,9730,164.3800048828125
2026-09-03,XLF,1,58.353477478027344
2026-09-03,XLV,9277,172.59942626953125
2026-09-03,GDX,15980,101.48999786376953
2026-09-03,XLE,24852,64.23816680908203
2026-09-03,BITO,152656,10.99328899383545
2026-09-04,TQQQ,74648,72.23033142089844
2026-09-04,XBI,9955,163.80999755859375
2026-09-04,XLV,9489,170.7963409423828
2026-09-04,GDX,16407,99.26000213623047
2026-09-04,XLE,25450,63.68147277832031
2026-09-04,BITO,152179,10.723698616027832
2026-09-08,TQQQ,74099,72.02073669433594
2026-09-08,XBI,10066,161.92999267578125
2026-09-08,XLV,9654,166.49281311035156
2026-09-08,GDX,16367,98.41000366210938
2026-09-08,XLE,25115,64.38727569580078
2026-09-08,BITO,154085,10.524002075195312
2026-09-09,TQQQ,75301,71.41191101074219
2026-09-09,XBI,10052,159.3800048828125
2026-09-09,XLV,9679,165.9449005126953
2026-09-09,GDX,16060,99.47000122070312
2026-09-09,XLE,24755,64.92408752441406
2026-09-09,BITO,150962,10.494048118591309
2026-09-10,TQQQ,76202,69.07642364501953
2026-09-10,XBI,9977,156.82000732421875
2026-09-10,XLV,9479,165.02841186523438
2026-09-10,GDX,16286,96.02999877929688
2026-09-10,XLE,23912,64.54633331298828
2026-09-10,BITO,152571,10.354259490966797
2026-09-11,TQQQ,74847,70.84300994873047
2026-09-11,XBI,10078,156.1999969482422
2026-09-11,GDX,16245,97.0999984741211
2026-09-11,XLE,24732,64.75509643554688
2026-09-11,BITO,153637,10.354259490966797
2026-09-11,USO,10461,154.89999389648438
2026-09-14,TQQQ,77418,69.13630676269531
2026-09-14,XBI,9980,157.60000610351562
2026-09-14,GDX,16666,94.13999938964844
2026-09-14,XLE,23875,64.14869689941406
2026-09-14,BITO,149889,10.59389591217041
2026-09-14,USO,9820,156.66000366210938
2026-09-15,TQQQ,76103,67.76895141601562
2026-09-15,XBI,10028,154.02999877929688
2026-09-15,GDX,16649,94.12999725341797
2026-09-15,XLE,24423,65.5404281616211
2026-09-15,BITO,152723,10.214471817016602
2026-09-15,USO,9947,161.86000061035156
2026-09-16,TQQQ,76214,67.79889678955078
2026-09-16,XBI,10176,154.17999267578125
2026-09-16,GDX,16370,92.80000305175781
2026-09-16,XLE,24234,63.65165328979492
2026-09-16,BITO,154877,10.204487800598145
2026-09-16,USO,9863,156.1699981689453
2026-09-17,TQQQ,74461,71.24223327636719
2026-09-17,XBI,10082,158.25
2026-09-17,GDX,16545,95.91999816894531
2026-09-17,XLE,25120,64.0989990234375
2026-09-17,BITO,154951,10.264396667480469
2026-09-17,USO,10290,155.30999755859375
2026-09-18,TQQQ,74503,72.49980163574219
2026-09-18,GDX,16687,95.4800033569336
2026-09-18,XLE,25141,63.929996490478516
2026-09-18,BITO,153190,10.903425216674805
2026-09-18,USO,10230,153.82000732421875
2026-09-18,IGV,15080,104.3499984741211
2026-09-21,TQQQ,72844,78.75770568847656
2026-09-21,GDX,17034,94.43000030517578
2026-09-21,XLE,25836,62.459999084472656
2026-09-21,BITO,143449,11.602362632751465
2026-09-21,USO,10962,148.16000366210938
2026-09-21,IGV,15540,107.12999725341797
2026-09-22,TQQQ,70484,80.67400360107422
2026-09-22,GDX,17589,97.83000183105469
2026-09-22,XLE,26971,61.779998779296875
2026-09-22,BITO,144774,11.562423706054688
2026-09-22,USO,11432,144.0800018310547
2026-09-22,IGV,15352,106.75
2026-09-23,TQQQ,69594,78.66000366210938
2026-09-23,GDX,17664,93.55999755859375
2026-09-23,XLE,27039,62.369998931884766
2026-09-23,BITO,146435,11.332773208618164
2026-09-23,USO,11456,148.8300018310547
2026-09-23,IGV,15704,108.0999984741211
2026-09-24,TQQQ,71632,78.58000183105469
2026-09-24,GDX,17827,92.3499984741211
2026-09-24,XLE,26152,62.599998474121094
2026-09-24,BITO,146834,11.32278823852539
2026-09-24,USO,10916,153.08999633789062
2026-09-24,IGV,15346,107.1500015258789
2026-09-25,TQQQ,70156,79.5999984741211
2026-09-25,GDX,18007,92.87000274658203
2026-09-25,XLE,26882,62.040000915527344
2026-09-25,BITO,147793,11.252894401550293
2026-09-25,USO,11111,148.3300018310547
2026-09-25,IGV,15484,106.01000213623047
2026-09-28,TQQQ,70068,77.04000091552734
2026-09-28,GDX,18666,87.88999938964844
2026-09-28,XLE,26218,62.099998474121094
2026-09-28,BITO,147160,11.153045654296875
2026-09-28,USO,10835,150.00999450683594
2026-09-28,IGV,15864,105.43000030517578
2026-09-29,TQQQ,69798,77.45999908447266
2026-09-29,GDX,18434,89.06999969482422
2026-09-29,XLE,26752,61.540000915527344
2026-09-29,BITO,144999,11.192985534667969
2026-09-29,USO,11249,143.35000610351562
2026-09-29,IGV,15608,105.22000122070312
2026-09-30,TQQQ,70230,78.02999877929688
2026-09-30,GDX,18349,87.80000305175781
2026-09-30,XLE,26629,61.5
2026-09-30,BITO,144370,11.183000564575195
2026-09-30,USO,11186,145.66000366210938
2026-09-30,IGV,15588,106.4800033569336
2026-10-01,TQQQ,69496,78.7300033569336
2026-10-01,GDX,18754,86.73999786376953
2026-10-01,XLE,26887,62.70000076293945
2026-10-01,BITO,147492,11.329999923706055
2026-10-01,USO,11275,150.02000427246094
2026-10-01,IGV,15207,108.2300033569336
2026-10-02,TQQQ,68541,81.01000213623047
2026-10-02,XLE,27120,62.81999969482422
2026-10-02,BITO,144752,11.279999732971191
2026-10-02,USO,11686,147.3699951171875
2026-10-02,IGV,15309,108.43000030517578
2026-10-02,COPX,19870,85.91000366210938
2026-10-05,TQQQ,69129,83.12000274658203
2026-10-05,XLE,26755,63.45000076293945
2026-10-05,BITO,145858,11.4399995803833
2026-10-05,USO,11607,143.99000549316406
2026-10-05,IGV,15345,109.72000122070312
2026-10-05,COPX,19522,86.33000183105469
