date,symbol,shares,price,commission,reason
2020-01-03,BSV,5902,67.77686553671768,29.51,rebalance
2020-01-03,BIL,7877,76.15090961761474,39.385,rebalance
2020-01-06,BSV,-4,67.83887210376878,1.0,rebalance
2020-01-06,BIL,4,76.15093593153141,1.0,rebalance
2020-01-09,BIL,-5,76.15238003311157,1.0,rebalance
2020-01-09,BSV,6,67.73485350949922,1.0,rebalance
2020-01-10,BSV,-2,67.77170307119852,1.0,rebalance
2020-01-10,BIL,1,76.15928410485921,1.0,rebalance
2020-01-15,BSV,-2,67.82208984994132,1.0,rebalance
2020-01-15,BIL,2,76.17595179443359,1.0,rebalance
2020-01-21,BSV,-2,67.86401714862238,1.0,rebalance
2020-01-21,BIL,2,76.19257027740478,1.0,rebalance
2020-01-22,BSV,-2,67.91448777923584,1.0,rebalance
2020-01-22,BIL,2,76.19257027740478,1.0,rebalance
2020-01-23,BSV,-3,67.97319855715915,1.0,rebalance
2020-01-23,BIL,2,76.20091766967774,1.0,rebalance
2020-01-27,BSV,-6,68.09077058924005,1.0,rebalance
2020-01-27,BIL,6,76.20092187299264,1.0,rebalance
2020-01-30,BSV,-4,68.17473096086779,1.0,rebalance
2020-01-30,BIL,3,76.21757430343628,1.0,rebalance
2020-01-31,BSV,-5883,68.24189453036023,29.415,rebalance
2020-01-31,BIL,3,76.22590223170495,1.0,rebalance
2020-01-31,TECL,15240,26.323572454842104,76.2,rebalance
2020-02-03,BIL,-196,76.21732184647723,1.0,rebalance
2020-02-03,TECL,-15240,24.69399570683388,76.2,rebalance
2020-02-03,BSV,5729,68.27482417938641,28.645,rebalance
2020-02-04,BSV,-5729,68.19389580382854,28.645,rebalance
2020-02-04,BIL,-4,76.21732184647723,1.0,rebalance
2020-02-04,TECL,14601,26.77272752662654,73.005,rebalance
2020-02-05,TECL,-14601,28.928558075200215,73.005,rebalance
2020-02-05,BIL,246,76.23250852581147,1.23,rebalance
2020-02-05,TECS,8,45746.522512139425,1.0,rebalance
2020-02-06,BIL,42,76.24093221026214,1.0,rebalance
2020-02-07,BIL,10,76.24926997756958,1.0,rebalance
2020-02-10,BIL,87,76.24918404163236,1.0,rebalance
2020-02-11,BIL,-254,76.22568554848627,1.27,rebalance
2020-02-11,TECS,1,43937.331367606814,1.0,rebalance
2020-02-12,BIL,31,76.2492643428363,1.0,rebalance
2020-02-14,BIL,-8,76.25899579079064,1.0,rebalance
2020-02-18,BIL,8,76.26588283134862,1.0,rebalance
2020-02-19,BIL,-44,76.25896727371216,1.0,rebalance
2020-02-20,BIL,-31,76.26730336747681,1.0,rebalance
2020-02-21,BIL,75,76.282591602269,1.0,rebalance
2020-02-24,TECS,-9,54264.68238938412,1.0,rebalance
2020-02-24,BIL,698,76.29092991108872,3.49,rebalance
2020-02-24,TECL,18520,23.492343494505274,92.60000000000001,rebalance
2020-02-25,BIL,-1175,76.27567325077253,5.875,rebalance
2020-02-25,TECL,-18520,24.80283283903973,92.60000000000001,rebalance
2020-02-25,UVXY,10,37328.7325,1.0,rebalance
2020-02-26,UVXY,-10,42920.707500000004,1.0,rebalance
2020-02-26,TECL,15988,22.06346446444628,79.94,rebalance
2020-02-26,BIL,369,76.29923987884521,1.845,rebalance
2020-02-27,BIL,-242,76.28399318122162,1.21,rebalance
2020-02-27,TECL,1716,19.789333879988163,8.58,rebalance
2020-02-28,BIL,-410,76.29235016555786,2.05,rebalance
2020-02-28,TECL,-1512,16.298949495984246,7.5600000000000005,rebalance
2020-03-02,TECL,-2157,19.991160398770585,10.785,rebalance
2020-03-02,BIL,395,76.32177251806313,1.975,rebalance
2020-03-03,BIL,-2718,76.31484730651478,13.59,rebalance
2020-03-03,TECL,-14035,22.656282930423433,70.175,rebalance
2020-03-03,UVXY,4,54330.4325,1.0,rebalance
2020-03-04,BIL,78,76.36348611245955,1.0,rebalance
2020-03-05,UVXY,-4,65968.4025,1.0,rebalance
2020-03-05,BSV,3137,69.51858050208955,15.685,rebalance
2020-03-05,BIL,109,76.38852876619862,1.0,rebalance
2020-03-06,BSV,-3137,69.61422455340254,15.685,rebalance
2020-03-06,BIL,1,76.38852876619862,1.0,rebalance
2020-03-06,UVXY,2,91709.17,1.0,rebalance
2020-03-09,BIL,312,76.42192470015466,1.56,rebalance
2020-03-10,BIL,-1908,76.39831185836792,9.540000000000001,rebalance
2020-03-10,UVXY,-2,97290.27,1.0,rebalance
2020-03-10,TECL,10341,16.58945186132999,51.705,rebalance
2020-03-11,BIL,-17,76.39829690328027,1.0,rebalance
2020-03-11,TECL,-10341,16.00536937499216,51.705,rebalance
2020-03-11,UVXY,1,113911.39,1.0,rebalance
2020-03-12,BIL,107,76.41357124576261,1.0,rebalance
2020-03-13,BIL,-43,76.42329719846364,1.0,rebalance
2020-03-13,UVXY,-1,137486.25,1.0,rebalance
2020-03-13,TECL,10241,12.695253296103049,51.205,rebalance
2020-03-16,BIL,-93,76.45667010417675,1.0,rebalance
2020-03-16,TECL,-10241,9.424875099810166,51.205,rebalance
2020-03-17,BIL,-1424,76.45667010417675,7.12,rebalance
2020-03-17,TECL,10554,9.16696381224837,52.77,rebalance
2020-03-18,BIL,-16,76.46503949890136,1.0,rebalance
2020-03-18,TECL,-10554,8.192004478049569,52.77,rebalance
2020-03-20,BSV,1356,66.61073533526987,6.78,rebalance
2020-03-23,BSV,-26,67.54123939964266,1.0,rebalance
2020-03-23,BIL,1,76.45528453593097,1.0,rebalance
2020-03-24,BSV,-1330,68.17323356980684,6.65,rebalance
2020-03-24,BIL,-115,76.43999500797658,1.0,rebalance
2020-03-24,SPXL,4587,19.63522617638646,22.935,rebalance
2020-03-25,SPXL,-4587,21.864747413292275,22.935,rebalance
2020-03-25,BSV,1204,68.58303309512998,6.0200000000000005,rebalance
2020-03-25,BIL,14,76.46362477650105,1.0,rebalance
2020-03-26,BSV,-7,68.69569002232052,1.0,rebalance
2020-03-27,BSV,-29,68.88953741310372,1.0,rebalance
2020-03-30,BSV,-6,68.92323149310933,1.0,rebalance
2020-03-31,BIL,-199,76.44832516708374,1.0,rebalance
2020-03-31,BSV,1,69.34157632368881,1.0,rebalance
2020-04-01,BSV,9,69.03352253895432,1.0,rebalance
2020-04-02,BSV,5,69.35439099213062,1.0,rebalance
2020-04-03,BSV,-3,69.31520060213506,1.0,rebalance
2020-04-07,BSV,-1174,69.30673979980624,5.87,rebalance
2020-04-07,BIL,21,76.45696836349607,1.0,rebalance
2020-04-07,TECL,6281,13.020352300004104,31.405,rebalance
2020-04-08,BIL,-9,76.42496629714965,1.0,rebalance
2020-04-08,TECL,739,11.843019800619832,3.6950000000000003,rebalance
2020-04-09,TECL,-414,12.7821450092156,2.07,rebalance
2020-04-09,BIL,8,76.44024546613176,1.0,rebalance
2020-04-13,BIL,-4,76.40826694381636,1.0,rebalance
2020-04-13,TECL,982,12.163944115587658,4.91,rebalance
2020-04-14,TECL,-89,13.279021296256326,1.0,rebalance
2020-04-14,BIL,10,76.42356016810439,1.0,rebalance
2020-04-15,TECL,-7499,13.072752868472062,37.495,rebalance
2020-04-15,BIL,724,76.44025281906129,3.62,rebalance
2020-04-15,TECS,3,34766.73519934413,1.0,rebalance
2020-04-16,BIL,-6,76.42498551021716,1.0,rebalance
2020-04-17,BIL,-10,76.42497633991687,1.0,rebalance
2020-04-17,TECS,1,31833.56122531875,1.0,rebalance
2020-04-20,BIL,12,76.44859779561916,1.0,rebalance
2020-04-21,BIL,13,76.45694914238815,1.0,rebalance
2020-04-22,TECS,-4,35363.55033055889,1.0,rebalance
2020-04-22,BIL,284,76.44859779561916,1.42,rebalance
2020-04-22,TECL,10674,12.538049519155033,53.370000000000005,rebalance
2020-04-23,BIL,13,76.4486078414917,1.0,rebalance
2020-04-23,TECL,1357,13.11296285753861,6.785,rebalance
2020-04-24,BIL,-5,76.43330960487911,1.0,rebalance
2020-04-24,TECL,178,12.900235369704786,1.0,rebalance
2020-04-27,BIL,26,76.44025281906129,1.0,rebalance
2020-04-27,TECL,259,13.907936028889344,1.295,rebalance
2020-04-28,BIL,12,76.44859779561916,1.0,rebalance
2020-04-28,TECL,173,14.37006641449446,1.0,rebalance
2020-04-29,BIL,967,76.44861701462757,4.835,rebalance
2020-04-29,TECL,511,14.102326029928642,2.555,rebalance
2020-04-30,TECL,-13152,15.112505787156426,65.76,rebalance
2020-04-30,BIL,40,76.43191151597081,1.0,rebalance
2020-04-30,TECS,6,28486.294613283582,1.0,rebalance
2020-05-01,BIL,39,76.45195268579563,1.0,rebalance
2020-05-04,TECS,-6,32025.57949144245,1.0,rebalance
2020-05-04,BIL,22,76.45195268579563,1.0,rebalance
2020-05-04,TECL,15289,13.337608693732316,76.44500000000001,rebalance
2020-05-05,TECL,-808,14.568878248123795,4.04,rebalance
2020-05-05,BIL,56,76.4352474357605,1.0,rebalance
2020-05-06,BIL,1383,76.45195508347045,6.915,rebalance
2020-05-06,TECL,3074,15.037589732191348,15.370000000000001,rebalance
2020-05-07,TECL,-641,15.607547548810699,3.205,rebalance
2020-05-07,BIL,40,76.45195268579563,1.0,rebalance
2020-05-08,TECL,-16914,16.159427765268678,84.57000000000001,rebalance
2020-05-08,BIL,38,76.4352474357605,1.0,rebalance
2020-05-08,TECS,10,26139.7527716963,1.0,rebalance
2020-05-11,BIL,10,76.43524983291138,1.0,rebalance
2020-05-12,BIL,-59,76.41996431149695,1.0,rebalance
2020-05-12,TECS,1,24906.09757012209,1.0,rebalance
2020-05-13,TECS,-11,26591.665107431385,1.0,rebalance
2020-05-13,BIL,567,76.44360245819092,2.835,rebalance
2020-05-13,TECL,18727,15.716113701923408,93.635,rebalance
2020-05-14,BIL,-97,76.42830240723185,1.0,rebalance
2020-05-14,TECL,1436,14.533277767803284,7.18,rebalance
2020-05-15,TECL,-292,14.630300507641023,1.46,rebalance
2020-05-15,BIL,8,76.44360006077807,1.0,rebalance
2020-05-18,TECL,-569,16.50136979694574,2.845,rebalance
2020-05-18,BIL,163,76.4352474357605,1.0,rebalance
2020-05-19,TECL,-19302,16.803899506327205,96.51,rebalance
2020-05-19,BIL,25,76.44360006077807,1.0,rebalance
2020-05-19,TECS,12,24621.40567752552,1.0,rebalance
2020-05-20,TECS,-12,23857.458484441693,1.0,rebalance
2020-05-20,BIL,651,76.44360006077807,3.255,rebalance
2020-05-20,TECL,19285,17.244631864124166,96.425,rebalance
2020-05-21,TECL,-19285,17.62529541123982,96.425,rebalance
2020-05-21,BIL,36,76.43524983291138,1.0,rebalance
2020-05-21,TECS,14,23387.743778229145,1.0,rebalance
2020-05-22,TECS,-14,24426.726899433048,1.0,rebalance
2020-05-22,BIL,70,76.44360006077807,1.0,rebalance
2020-05-22,TECL,20252,16.83476814455785,101.26,rebalance
2020-05-26,TECL,-20252,18.15150642102164,101.26,rebalance
2020-05-26,BIL,130,76.44360245819092,1.0,rebalance
2020-05-26,TECS,15,22628.57242331722,1.0,rebalance
2020-05-27,TECS,-15,24090.336611655217,1.0,rebalance
2020-05-27,BIL,107,76.4352474357605,1.0,rebalance
2020-05-27,TECL,21089,17.075920115832126,105.44500000000001,rebalance
2020-05-28,TECL,-21089,17.078917290664197,105.44500000000001,rebalance
2020-05-28,BIL,121,76.4352474357605,1.0,rebalance
2020-05-28,TECS,14,24017.517647648336,1.0,rebalance
2020-05-29,BIL,-29,76.41996191482544,1.0,rebalance
2020-05-29,TECS,2,23603.418554266485,1.0,rebalance
2020-06-01,BIL,-28,76.41996431149695,1.0,rebalance
2020-06-02,BIL,-41,76.42831526641845,1.0,rebalance
2020-06-02,TECS,3,22732.096239653736,1.0,rebalance
2020-06-03,BIL,-68,76.41996431149695,1.0,rebalance
2020-06-04,BIL,1513,76.44360245819092,7.565,rebalance
2020-06-05,BIL,-24,76.4199289997688,1.0,rebalance
2020-06-08,BIL,-135,76.42831286948504,1.0,rebalance
2020-06-10,BIL,-125,76.41161335657546,1.0,rebalance
2020-06-11,BIL,293,76.43521451412018,1.465,rebalance
2020-06-11,TECS,2,20031.85182198685,1.0,rebalance
2020-06-12,TECS,-21,20260.727010191436,1.0,rebalance
2020-06-12,BIL,30,76.44360245819092,1.0,rebalance
2020-06-12,TECL,14946,19.276541559025212,74.73,rebalance
2020-06-15,BIL,-178,76.42831526641845,1.0,rebalance
2020-06-15,TECL,1290,17.364746895626617,6.45,rebalance
2020-06-16,TECL,-1856,20.249932765172048,9.28,rebalance
2020-06-16,BIL,292,76.43524983291138,1.46,rebalance
2020-06-17,BIL,12,76.43524983291138,1.0,rebalance
2020-06-17,TECL,513,20.388773949619807,2.565,rebalance
2020-06-18,BIL,-2501,76.42831286948504,12.505,rebalance
2020-06-18,TECL,-14893,19.975826738251403,74.465,rebalance
2020-06-18,TECS,15,19514.229209916815,1.0,rebalance
2020-06-19,BIL,-73,76.41996191482544,1.0,rebalance
2020-06-19,TECS,1,18418.603979618645,1.0,rebalance
2020-06-22,BIL,69,76.4352474357605,1.0,rebalance
2020-06-23,BIL,-106,76.41996191482544,1.0,rebalance
2020-06-23,TECS,1,17900.985766032485,1.0,rebalance
2020-06-24,BIL,27,76.4352474357605,1.0,rebalance
2020-06-25,BIL,-65,76.41996431149695,1.0,rebalance
2020-06-25,TECS,-17,19182.57180540966,1.0,rebalance
2020-06-25,TECL,14816,20.12561259948452,74.08,rebalance
2020-06-26,TECL,-442,20.711053057324904,2.21,rebalance
2020-06-26,BIL,36,76.4352474357605,1.0,rebalance
2020-06-29,BIL,-65,76.41996191482544,1.0,rebalance
2020-06-29,TECL,-14373,19.640302246446065,71.865,rebalance
2020-06-29,BSV,3994,70.42637801463536,19.97,rebalance
2020-06-30,BSV,-3994,70.36994411792534,19.97,rebalance
2020-06-30,BIL,-2,76.41996191482544,1.0,rebalance
2020-06-30,TECL,13696,20.22463946427902,68.48,rebalance
2020-07-01,TECL,-670,21.36011009209968,3.35,rebalance
2020-07-01,BIL,66,76.4352474357605,1.0,rebalance
2020-07-02,BIL,-340,76.42831526641845,1.7,rebalance
2020-07-02,TECL,-13027,22.011913299631484,65.135,rebalance
2020-07-02,TECS,16,17262.59122462834,1.0,rebalance
2020-07-06,BIL,-29,76.41996191482544,1.0,rebalance
2020-07-07,BIL,-9,76.41996191482544,1.0,rebalance
2020-07-07,TECS,1,16684.58140188434,1.0,rebalance
2020-07-09,BIL,-52,76.41996191482544,1.0,rebalance
2020-07-09,TECS,1,15925.406803065147,1.0,rebalance
2020-07-10,BIL,200,76.44360245819092,1.0,rebalance
2020-07-13,BIL,-36,76.41996431149695,1.0,rebalance
2020-07-13,TECS,9,15649.344436311774,1.0,rebalance
2020-07-14,TECS,-27,17552.39553677263,1.0,rebalance
2020-07-14,BIL,215,76.44360245819092,1.075,rebalance
2020-07-14,TECL,20347,21.49917094006028,101.735,rebalance
2020-07-15,TECL,-20347,23.362272395234285,101.735,rebalance
2020-07-15,BIL,159,76.43524983291138,1.0,rebalance
2020-07-15,TECS,27,16149.710891326176,1.0,rebalance
2020-07-16,BIL,66,76.44360006077807,1.0,rebalance
2020-07-16,TECS,1,16744.970901171575,1.0,rebalance
2020-07-17,TECS,-28,16551.870870115356,1.0,rebalance
2020-07-17,BIL,3130,76.43524983291138,15.65,rebalance
2020-07-17,TECL,20627,22.705844244360158,103.135,rebalance
2020-07-20,TECL,-91,22.853485412583513,1.0,rebalance
2020-07-20,BIL,18,76.44360245819092,1.0,rebalance
2020-07-21,TECL,-20536,24.926237833508043,102.68,rebalance
2020-07-21,BIL,271,76.44360245819092,1.355,rebalance
2020-07-21,TECS,32,14950.561605460782,1.0,rebalance
2020-07-22,BIL,148,76.4352474357605,1.0,rebalance
2020-07-23,BIL,-12,76.41996431149695,1.0,rebalance
2020-07-24,TECS,-32,17388.51578221154,1.0,rebalance
2020-07-24,BIL,1753,76.44360006077807,8.765,rebalance
2020-07-24,TECL,27274,21.243339640154613,136.37,rebalance
2020-07-27,TECL,-27274,21.929405269832795,136.37,rebalance
2020-07-27,BSV,8275,70.55531477324394,41.375,rebalance
2020-07-27,BIL,135,76.4352474357605,1.0,rebalance
2020-07-28,BSV,-8275,70.54124143539448,41.375,rebalance
2020-07-28,BIL,-1,76.41996431149695,1.0,rebalance
2020-07-28,TECL,28276,22.37941640010447,141.38,rebalance
2020-07-29,BIL,-70,76.41996431149695,1.0,rebalance
2020-07-29,TECL,-28276,22.04308016280044,141.38,rebalance
2020-07-29,BSV,8914,70.55538483754817,44.57,rebalance
2020-07-30,BSV,-6,70.60908100354266,1.0,rebalance
2020-07-31,BSV,-8908,70.62602282168336,44.54,rebalance
2020-07-31,BIL,912,76.43524983291138,4.5600000000000005,rebalance
2020-07-31,TECL,26001,24.185765014096393,130.005,rebalance
2020-08-03,TECL,-945,25.750386537850936,4.7250000000000005,rebalance
2020-08-03,BIL,318,76.4352474357605,1.59,rebalance
2020-08-04,TECL,-25056,26.42603166143649,125.28,rebalance
2020-08-04,BIL,133,76.44360245819092,1.0,rebalance
2020-08-04,TECS,47,13751.409977887584,1.0,rebalance
2020-08-05,BIL,-99,76.41996191482544,1.0,rebalance
2020-08-06,BIL,-20,76.41996191482544,1.0,rebalance
2020-08-06,TECS,1,13432.211807279236,1.0,rebalance
2020-08-07,BIL,-169,76.42831526641845,1.0,rebalance
2020-08-07,TECS,1,12983.607923981343,1.0,rebalance
2020-08-10,BIL,15,76.43524983291138,1.0,rebalance
2020-08-11,TECS,-49,13645.154049597657,1.0,rebalance
2020-08-11,BIL,240,76.4352474357605,1.2,rebalance
2020-08-11,TECL,24556,26.475328930125563,122.78,rebalance
2020-08-12,BIL,-104,76.41996191482544,1.0,rebalance
2020-08-12,TECL,306,25.941673818449537,1.53,rebalance
2020-08-13,TECL,-664,27.153922778492802,3.3200000000000003,rebalance
2020-08-13,BIL,236,76.44360245819092,1.18,rebalance
2020-08-14,BIL,-7,76.41996191482544,1.0,rebalance
2020-08-14,TECL,20,27.11259389234585,1.0,rebalance
2020-08-17,TECL,-190,27.47477865190299,1.0,rebalance
2020-08-17,BIL,68,76.44360006077807,1.0,rebalance
2020-08-18,TECL,-24028,27.759892096925896,120.14,rebalance
2020-08-18,BIL,54,76.44360245819092,1.0,rebalance
2020-08-18,TECS,51,12897.34027547818,1.0,rebalance
2020-08-19,BIL,-53,76.42831526641845,1.0,rebalance
2020-08-20,TECS,-50,13050.013481855116,1.0,rebalance
2020-08-20,BIL,113,76.43524983291138,1.0,rebalance
2020-08-20,TECL,23792,27.43809588500105,118.96000000000001,rebalance
2020-08-21,TECL,-23792,29.01949506558178,118.96000000000001,rebalance
2020-08-21,TECS,54,12319.331627557898,1.0,rebalance
2020-08-21,BIL,288,76.44360245819092,1.44,rebalance
2020-08-24,BIL,-376,76.41996431149695,1.8800000000000001,rebalance
2020-08-24,TECS,2,11448.005533921232,1.0,rebalance
2020-08-25,BIL,111,76.4352474357605,1.0,rebalance
2020-08-26,BIL,-266,76.41996191482544,1.33,rebalance
2020-08-26,TECS,1,11102.926191564764,1.0,rebalance
2020-08-27,BIL,-231,76.41996191482544,1.155,rebalance
2020-08-27,TECS,2,10593.932726735584,1.0,rebalance
2020-08-28,BIL,-13,76.41996431149695,1.0,rebalance
2020-08-31,BIL,-122,76.41996431149695,1.0,rebalance
2020-08-31,TECS,1,10309.24175859375,1.0,rebalance
2020-09-01,BIL,-112,76.42831526641845,1.0,rebalance
2020-09-01,TECS,1,10076.31356652441,1.0,rebalance
2020-09-02,BIL,-361,76.42831526641845,1.805,rebalance
2020-09-02,TECS,3,9334.396169189453,1.0,rebalance
2020-09-03,TECS,-1,9919.04447495136,1.0,rebalance
2020-09-03,BIL,184,76.44360006077807,1.0,rebalance
2020-09-04,BIL,-6,76.41996431149695,1.0,rebalance
2020-09-04,TECS,-64,11281.834530017893,1.0,rebalance
2020-09-04,UVXY,8,69806.98,1.0,rebalance
2020-09-08,UVXY,-8,70492.95,1.0,rebalance
2020-09-08,BSV,8615,70.61118482570357,43.075,rebalance
2020-09-08,BIL,39,76.43524983291138,1.0,rebalance
2020-09-09,BSV,-1233,70.63965015530302,6.165,rebalance
2020-09-09,BIL,1,76.44360006077807,1.0,rebalance
2020-09-10,BSV,-354,70.6225985939026,1.77,rebalance
2020-09-11,BSV,-137,70.63110024943997,1.0,rebalance
2020-09-14,BSV,-2,70.66512371576381,1.0,rebalance
2020-09-14,BIL,-2650,76.41996431149695,13.25,rebalance
2020-09-15,BSV,-172,70.6480842903105,1.0,rebalance
2020-09-15,BIL,-1,76.4199289997688,1.0,rebalance
2020-09-16,BSV,-16,70.67360025889548,1.0,rebalance
2020-09-17,BSV,-13,70.67366715274035,1.0,rebalance
2020-09-18,BSV,-56,70.66516614803932,1.0,rebalance
2020-09-21,BSV,-99,70.66511092114806,1.0,rebalance
2020-09-21,BIL,-492,76.41157804870606,2.46,rebalance
2020-09-22,BSV,-62,70.61412767325017,1.0,rebalance
2020-09-22,BIL,-3,76.42827995083154,1.0,rebalance
2020-09-23,BSV,-2,70.6311211220679,1.0,rebalance
2020-09-24,BSV,-320,70.58860362868073,1.6,rebalance
2020-09-24,BIL,-1,76.41996191482544,1.0,rebalance
2020-09-25,BSV,103,70.61974115075168,1.0,rebalance
2020-09-28,BSV,-247,70.61412767325017,1.235,rebalance
2020-09-28,BIL,-736,76.41996191482544,3.68,rebalance
2020-09-29,BSV,-187,70.6481343309231,1.0,rebalance
2020-09-30,BSV,-5,70.63963332824707,1.0,rebalance
2020-10-01,BSV,-5813,70.62174295522321,29.065,rebalance
2020-10-01,TECL,14136,29.172009209121235,70.68,rebalance
2020-10-02,BIL,-166,76.4199289997688,1.0,rebalance
2020-10-02,TECL,1270,26.843932570128644,6.3500000000000005,rebalance
2020-10-05,BIL,1102,76.43521451412018,5.51,rebalance
2020-10-05,TECL,1876,27.301478498153436,9.38,rebalance
2020-10-06,TECL,-1085,28.256760235326816,5.425,rebalance
2020-10-06,BIL,95,76.42689481074292,1.0,rebalance
2020-10-07,BIL,-24,76.41157804870606,1.0,rebalance
2020-10-07,TECL,1476,27.992838515021816,7.38,rebalance
2020-10-08,TECL,-331,29.329353523517184,1.655,rebalance
2020-10-08,BIL,134,76.42686189270019,1.0,rebalance
2020-10-09,BIL,18,76.42686189270019,1.0,rebalance
2020-10-09,TECL,765,29.525937895715483,3.825,rebalance
2020-10-12,TECL,-1043,31.851321985078293,5.215,rebalance
2020-10-12,BIL,1187,76.42689481074292,5.9350000000000005,rebalance
2020-10-13,TECL,-17064,33.262182240449654,85.32000000000001,rebalance
2020-10-13,BIL,149,76.43521451412018,1.0,rebalance
2020-10-13,TECS,58,9368.902383021652,1.0,rebalance
2020-10-14,TECS,-1,9530.908344019395,1.0,rebalance
2020-10-14,BIL,58,76.42686189270019,1.0,rebalance
2020-10-15,TECS,-57,10298.556991157762,1.0,rebalance
2020-10-15,BIL,272,76.43521451412018,1.36,rebalance
2020-10-15,TECL,18335,30.109108745752177,91.675,rebalance
2020-10-16,TECL,-18335,31.82197819164104,91.675,rebalance
2020-10-16,TQQQ,32033,17.843148290528333,160.165,rebalance
2020-10-16,BIL,195,76.4352474357605,1.0,rebalance
2020-10-19,BIL,-11343,76.41996191482544,56.715,rebalance
2020-10-19,XLK,3029,58.1944175026252,15.145,rebalance
2020-10-19,LIT,4386,40.196305034351546,21.93,rebalance
2020-10-19,SMH,1947,90.51093851699173,9.735,rebalance
2020-10-19,IGV,2636,66.87194336748753,13.18,rebalance
2020-10-19,TQQQ,1355,17.601785897043143,6.775,rebalance
2020-10-19,TAN,2397,73.5542109107521,11.985,rebalance
2020-10-20,LIT,-146,40.743379147253684,1.0,rebalance
2020-10-20,SMH,-27,90.01111855550356,1.0,rebalance
2020-10-20,IGV,-17,65.96696484080306,1.0,rebalance
2020-10-20,TAN,-102,75.26750269155926,1.0,rebalance
2020-10-20,TQQQ,676,16.524565297042567,3.38,rebalance
2020-10-21,TAN,-49,76.99550679755242,1.0,rebalance
2020-10-21,XLK,10,56.89887397267175,1.0,rebalance
2020-10-21,LIT,14,40.64621978199634,1.0,rebalance
2020-10-21,SMH,9,89.6195580082512,1.0,rebalance
2020-10-21,IGV,19,65.54026006696178,1.0,rebalance
2020-10-21,TQQQ,373,16.53763888967474,1.865,rebalance
2020-10-22,XLK,-25,56.96397318004165,1.0,rebalance
2020-10-22,LIT,-58,40.925222830659045,1.0,rebalance
2020-10-22,IGV,-3,65.17531004007475,1.0,rebalance
2020-10-22,SMH,1,88.94018084544946,1.0,rebalance
2020-10-22,TQQQ,4380,16.610171820155934,21.900000000000002,rebalance
2020-10-22,TAN,180,70.77295794847808,1.0,rebalance
2020-10-23,IGV,-6,65.26527356000987,1.0,rebalance
2020-10-23,TAN,-34,71.75190789277032,1.0,rebalance
2020-10-23,XLK,9,56.765014115905515,1.0,rebalance
2020-10-23,LIT,32,40.58878709303711,1.0,rebalance
2020-10-23,SMH,3,88.76673148857806,1.0,rebalance
2020-10-23,TQQQ,8,16.5756919989981,1.0,rebalance
2020-10-26,XLK,-3023,55.9841391484297,15.115,rebalance
2020-10-26,SMH,-1933,87.94930280520715,9.665000000000001,rebalance
2020-10-26,IGV,-2629,64.99539423680113,13.145,rebalance
2020-10-26,COPX,10132,19.56899613555,50.660000000000004,rebalance
2020-10-26,LIT,693,40.29203438516028,3.465,rebalance
2020-10-26,XLI,2704,73.31826760169591,13.52,rebalance
2020-10-26,TQQQ,2117,16.14289890600028,10.585,rebalance
2020-10-26,TAN,460,69.5015264443081,2.3000000000000003,rebalance
2020-10-26,BOTZ,6997,28.336899696725194,34.985,rebalance
2020-10-27,LIT,-97,40.7720928207366,1.0,rebalance
2020-10-27,TQQQ,-1673,15.961357377681042,8.365,rebalance
2020-10-27,TAN,-4,69.06059003844703,1.0,rebalance
2020-10-27,BOTZ,-11,28.15385157082002,1.0,rebalance
2020-10-27,COPX,88,19.244601248929307,1.0,rebalance
2020-10-27,XLI,19,72.22902416479599,1.0,rebalance
2020-10-28,COPX,-42,18.846293250240805,1.0,rebalance
2020-10-28,LIT,-126,40.82952178097535,1.0,rebalance
2020-10-28,TAN,-4,67.46169311198572,1.0,rebalance
2020-10-28,BOTZ,-37,27.602014675750414,1.0,rebalance
2020-10-28,XLI,40,69.40978803752907,1.0,rebalance
2020-10-28,TQQQ,663,15.387889458518416,3.315,rebalance
2020-10-29,COPX,-39,18.530731369319295,1.0,rebalance
2020-10-29,LIT,-90,40.77208720960085,1.0,rebalance
2020-10-29,XLI,-19,68.47160383760507,1.0,rebalance
2020-10-29,TQQQ,-6204,14.495628036694995,31.02,rebalance
2020-10-29,TAN,-160,70.01396628870911,1.0,rebalance
2020-10-29,BOTZ,-135,27.572446108008577,1.0,rebalance
2020-10-30,COPX,-33,18.72357831588384,1.0,rebalance
2020-10-30,LIT,-43,41.45162233395958,1.0,rebalance
2020-10-30,XLI,-7,69.14883041306767,1.0,rebalance
2020-10-30,TQQQ,-560,14.687017385698308,2.8000000000000003,rebalance
2020-10-30,TAN,33,69.6306462355787,1.0,rebalance
2020-10-30,BOTZ,70,27.489257401625967,1.0,rebalance
2020-11-02,COPX,-10106,19.047904141970744,50.53,rebalance
2020-11-02,LIT,-1130,42.34172040889191,5.65,rebalance
2020-11-02,XLI,-2737,70.46664296879605,13.685,rebalance
2020-11-02,TAN,-618,69.30887650876812,3.09,rebalance
2020-11-02,BOTZ,-1613,27.592157339047418,8.065,rebalance
2020-11-02,XLU,5515,26.373275365275532,27.575,rebalance
2020-11-02,CWB,2390,60.84799300872688,11.950000000000001,rebalance
2020-11-02,TQQQ,872,14.242894519180997,4.36,rebalance
2020-11-03,LIT,-58,43.308389980316164,1.0,rebalance
2020-11-03,XLU,-81,26.918467598155967,1.0,rebalance
2020-11-03,CWB,-2,61.251401545028955,1.0,rebalance
2020-11-03,BOTZ,-41,27.966620555060242,1.0,rebalance
2020-11-03,TQQQ,1241,14.265486500015873,6.205,rebalance
2020-11-03,TAN,18,69.09427118311937,1.0,rebalance
2020-11-04,TQQQ,-3530,16.11826770916121,17.650000000000002,rebalance
2020-11-04,LIT,87,43.920134811755176,1.0,rebalance
2020-11-04,XLU,241,26.815404160406132,1.205,rebalance
2020-11-04,CWB,36,62.7671637566049,1.0,rebalance
2020-11-04,TAN,186,66.07462675070177,1.0,rebalance
2020-11-04,BOTZ,101,28.543882339548468,1.0,rebalance
2020-11-05,TQQQ,-2523,17.790844494992122,12.615,rebalance
2020-11-05,TAN,-62,71.01702005169406,1.0,rebalance
2020-11-05,LIT,1,45.92085336835573,1.0,rebalance
2020-11-05,XLU,251,26.848771560598934,1.2550000000000001,rebalance
2020-11-05,CWB,54,64.20879331855669,1.0,rebalance
2020-11-05,BOTZ,106,29.263392442710348,1.0,rebalance
2020-11-06,LIT,-30,46.76348269826756,1.0,rebalance
2020-11-06,TQQQ,-906,17.815806353408888,4.53,rebalance
2020-11-06,TAN,-143,76.56848078091429,1.0,rebalance
2020-11-06,XLU,63,26.823735950054058,1.0,rebalance
2020-11-06,CWB,7,64.64216542320284,1.0,rebalance
2020-11-06,BOTZ,39,29.33238452375778,1.0,rebalance
2020-11-09,LIT,-255,49.32848763281347,1.2750000000000001,rebalance
2020-11-09,XLU,-5989,27.518970911288942,29.945,rebalance
2020-11-09,CWB,-2485,65.76990144301384,12.425,rebalance
2020-11-09,TQQQ,-68,18.506472088535162,1.0,rebalance
2020-11-09,TAN,-144,80.30255445141155,1.0,rebalance
2020-11-09,BOTZ,-5476,30.51397038635808,27.38,rebalance
2020-11-09,COPX,7303,21.480305110337156,36.515,rebalance
2020-11-09,SMH,1613,97.2420408854968,8.065,rebalance
2020-11-09,IGV,2403,65.28432654577657,12.015,rebalance
2020-11-10,COPX,-182,20.91500445462867,1.0,rebalance
2020-11-10,LIT,-83,48.093840549587625,1.0,rebalance
2020-11-10,SMH,-16,93.310952160347,1.0,rebalance
2020-11-10,IGV,-59,63.552028874348856,1.0,rebalance
2020-11-10,TQQQ,2608,16.30579114106243,13.040000000000001,rebalance
2020-11-10,TAN,81,73.17675379477001,1.0,rebalance
2020-11-11,TQQQ,-110,16.413081443426233,1.0,rebalance
2020-11-11,COPX,39,20.735072749478665,1.0,rebalance
2020-11-11,LIT,87,46.61966878144643,1.0,rebalance
2020-11-11,SMH,7,92.5105174898926,1.0,rebalance
2020-11-11,TAN,14,72.4516430781039,1.0,rebalance
2020-11-12,TQQQ,-800,17.21905325973075,4.0,rebalance
2020-11-12,TAN,-40,75.38667880454983,1.0,rebalance
2020-11-12,COPX,178,20.6386329723586,1.0,rebalance
2020-11-12,LIT,55,46.7536903815124,1.0,rebalance
2020-11-12,SMH,2,94.28845772847028,1.0,rebalance
2020-11-12,IGV,8,64.37853585227215,1.0,rebalance
2020-11-13,COPX,-48,20.739688961188772,1.0,rebalance
2020-11-13,LIT,-48,47.38558869053547,1.0,rebalance
2020-11-13,SMH,-3,94.3418439618076,1.0,rebalance
2020-11-13,IGV,-7,64.47361329809279,1.0,rebalance
2020-11-13,TQQQ,-293,17.091860926241147,1.465,rebalance
2020-11-13,TAN,28,74.21972562695004,1.0,rebalance
2020-11-16,COPX,-7290,21.546138270802746,36.45,rebalance
2020-11-16,LIT,-77,48.10340681025641,1.0,rebalance
2020-11-16,SMH,-30,95.25713682200524,1.0,rebalance
2020-11-16,IGV,-2345,63.699961502036636,11.725,rebalance
2020-11-16,TQQQ,-644,17.207167358629082,3.22,rebalance
2020-11-16,TAN,-3,73.64874749714207,1.0,rebalance
2020-11-16,REMX,3421,43.787078985274654,17.105,rebalance
2020-11-16,BOTZ,4925,30.41658256851427,24.625,rebalance
2020-11-17,SMH,-9,96.9480015702626,1.0,rebalance
2020-11-17,REMX,-55,45.05548424833247,1.0,rebalance
2020-11-17,LIT,19,48.39063998993545,1.0,rebalance
2020-11-17,TQQQ,358,17.692152132128452,1.79,rebalance
2020-11-17,TAN,10,74.17005950045225,1.0,rebalance
2020-11-17,BOTZ,70,30.357446385321467,1.0,rebalance
2020-11-18,REMX,-45,45.5344155896992,1.0,rebalance
2020-11-18,TAN,-40,75.45620609302685,1.0,rebalance
2020-11-18,BOTZ,-61,30.647006453004053,1.0,rebalance
2020-11-18,LIT,24,47.8928480437122,1.0,rebalance
2020-11-18,SMH,1,96.58676519929598,1.0,rebalance
2020-11-18,TQQQ,158,17.390146041290688,1.0,rebalance
2020-11-19,LIT,-7,47.47172786036671,1.0,rebalance
2020-11-19,TQQQ,-385,16.988431929049433,1.925,rebalance
2020-11-19,TAN,-7,74.890119796064,1.0,rebalance
2020-11-19,SMH,7,95.09791940375753,1.0,rebalance
2020-11-19,REMX,7,44.92256092099937,1.0,rebalance
2020-11-19,BOTZ,9,30.249026979439744,1.0,rebalance
2020-11-20,LIT,-6,48.25653994214782,1.0,rebalance
2020-11-20,SMH,-8,97.02508246633468,1.0,rebalance
2020-11-20,REMX,-7,45.68519084226264,1.0,rebalance
2020-11-20,TQQQ,-378,17.480580430368246,1.8900000000000001,rebalance
2020-11-20,TAN,-8,76.30033581779998,1.0,rebalance
2020-11-20,BOTZ,25,30.53485783587283,1.0,rebalance
2020-11-23,LIT,-129,50.02717200755188,1.0,rebalance
2020-11-23,SMH,-1564,97.07325479256278,7.82,rebalance
2020-11-23,REMX,-167,47.83153962097387,1.0,rebalance
2020-11-23,TAN,-90,79.44847985751906,1.0,rebalance
2020-11-23,BOTZ,-4968,30.853943736910324,24.84,rebalance
2020-11-23,COPX,6689,22.54993863774541,33.445,rebalance
2020-11-23,TQQQ,235,17.33783209428877,1.175,rebalance
2020-11-23,XBI,1193,126.36303937040154,5.965,rebalance
2020-11-24,COPX,-14,22.790869914780874,1.0,rebalance
2020-11-24,LIT,-93,52.075334651415666,1.0,rebalance
2020-11-24,REMX,-50,49.02001021162926,1.0,rebalance
2020-11-24,TAN,-44,82.02062751655501,1.0,rebalance
2020-11-24,TQQQ,1903,17.337832869699454,9.515,rebalance
2020-11-24,XBI,14,125.97600904939168,1.0,rebalance
2020-11-25,COPX,-38,23.15902845805099,1.0,rebalance
2020-11-25,TQQQ,-1410,18.035730035766615,7.05,rebalance
2020-11-25,LIT,118,50.55409992361455,1.0,rebalance
2020-11-25,REMX,2,49.48223560422863,1.0,rebalance
2020-11-25,TAN,25,81.72910759873251,1.0,rebalance
2020-11-25,XBI,21,125.09283908054645,1.0,rebalance
2020-11-27,TAN,-32,84.21538718390693,1.0,rebalance
2020-11-27,COPX,22,23.36531082221071,1.0,rebalance
2020-11-27,LIT,14,50.946585134920824,1.0,rebalance
2020-11-27,REMX,65,49.05643094637804,1.0,rebalance
2020-11-27,TQQQ,8068,18.55297943756783,40.34,rebalance
2020-11-30,COPX,-6,23.667438692895566,1.0,rebalance
2020-11-30,TAN,-42,87.19471214474055,1.0,rebalance
2020-11-30,XBI,-30,131.49684558400597,1.0,rebalance
2020-11-30,LIT,16,51.291209848497225,1.0,rebalance
2020-11-30,REMX,13,49.446756182674015,1.0,rebalance
2020-11-30,TQQQ,225,18.75272863486974,1.125,rebalance
2020-12-01,COPX,2648,23.9176660551884,13.24,rebalance
2020-12-01,LIT,1299,50.90830057890826,6.495,rebalance
2020-12-01,REMX,1317,49.42013923992504,6.585,rebalance
2020-12-01,TQQQ,759,19.236644066355577,3.795,rebalance
2020-12-01,TAN,807,85.12619994949308,4.035,rebalance
2020-12-01,XBI,464,133.84513829320733,2.32,rebalance
2020-12-02,COPX,-208,24.263511758378925,1.04,rebalance
2020-12-02,TQQQ,-382,19.282726825056482,1.9100000000000001,rebalance
2020-12-02,LIT,42,50.018029378805046,1.0,rebalance
2020-12-02,REMX,17,48.83465269605576,1.0,rebalance
2020-12-02,TAN,104,81.20265012407752,1.0,rebalance
2020-12-02,XBI,18,131.26512455118677,1.0,rebalance
2020-12-03,TAN,-3,82.36821455347139,1.0,rebalance
2020-12-03,COPX,14,24.548923659336737,1.0,rebalance
2020-12-03,LIT,12,50.54452472861793,1.0,rebalance
2020-12-03,REMX,13,49.340302607589955,1.0,rebalance
2020-12-03,TQQQ,1381,19.652791271222185,6.905,rebalance
2020-12-03,XBI,12,132.10858453351733,1.0,rebalance
2020-12-04,COPX,-160,25.087488305644797,1.0,rebalance
2020-12-04,REMX,-43,50.02223395118261,1.0,rebalance
2020-12-04,XBI,-10,133.45131013360972,1.0,rebalance
2020-12-04,LIT,11,50.62111309546229,1.0,rebalance
2020-12-04,TQQQ,590,19.6896516747961,2.95,rebalance
2020-12-04,TAN,61,80.88479735860128,1.0,rebalance
2020-12-07,LIT,-23,51.692492952744125,1.0,rebalance
2020-12-07,REMX,-44,51.30826293462659,1.0,rebalance
2020-12-07,XBI,-11,136.50706761114816,1.0,rebalance
2020-12-07,COPX,3,25.478275268237585,1.0,rebalance
2020-12-07,TQQQ,75,19.963116010527674,1.0,rebalance
2020-12-07,TAN,31,81.26225246895596,1.0,rebalance
2020-12-08,COPX,-8950,24.999829261119853,44.75,rebalance
2020-12-08,TQQQ,-203,20.16715484338797,1.0150000000000001,rebalance
2020-12-08,LIT,194,52.57396391477266,1.0,rebalance
2020-12-08,SMH,2278,106.25699589901446,11.39,rebalance
2020-12-08,REMX,257,51.49594328789119,1.285,rebalance
2020-12-08,TAN,141,82.13636758633588,1.0,rebalance
2020-12-08,XBI,106,136.18707616143533,1.0,rebalance
2020-12-09,LIT,-69,54.257507871581275,1.0,rebalance
2020-12-09,REMX,-17,52.54108362068568,1.0,rebalance
2020-12-09,TAN,-5,83.65925053712577,1.0,rebalance
2020-12-09,XBI,-18,139.91009827576548,1.0,rebalance
2020-12-09,SMH,46,105.9004412486404,1.0,rebalance
2020-12-09,TQQQ,136,20.43158040727148,1.0,rebalance
2020-12-10,LIT,-50,51.68293526280325,1.0,rebalance
2020-12-10,SMH,-55,102.20849017187261,1.0,rebalance
2020-12-10,REMX,-84,50.403610329549984,1.0,rebalance
2020-12-10,TAN,-45,80.03441242993802,1.0,rebalance
2020-12-10,XBI,-52,135.81260126316997,1.0,rebalance
2020-12-10,TQQQ,1237,18.671872841713252,6.1850000000000005,rebalance
2020-12-11,TQQQ,-9,18.978405283683863,1.0,rebalance
2020-12-11,TAN,-24,82.00075934598016,1.0,rebalance
2020-12-11,XBI,-33,140.75337518912988,1.0,rebalance
2020-12-11,LIT,25,52.219776099782166,1.0,rebalance
2020-12-11,SMH,28,102.54211767205614,1.0,rebalance
2020-12-11,REMX,51,50.653200481329854,1.0,rebalance
2020-12-14,TQQQ,-102,19.403978608128874,1.0,rebalance
2020-12-14,TAN,-51,85.1588437275697,1.0,rebalance
2020-12-14,XBI,-3,143.78929142508338,1.0,rebalance
2020-12-14,LIT,52,52.65055376704471,1.0,rebalance
2020-12-14,SMH,29,103.30341072707631,1.0,rebalance
2020-12-14,REMX,20,51.42497704124309,1.0,rebalance
2020-12-15,TQQQ,-559,20.03996579596217,2.795,rebalance
2020-12-15,XBI,-5,146.9343471430957,1.0,rebalance
2020-12-15,LIT,31,53.282362607427594,1.0,rebalance
2020-12-15,SMH,11,104.74406557782999,1.0,rebalance
2020-12-15,REMX,175,50.51126211434807,1.0,rebalance
2020-12-15,TAN,3,86.64596909488546,1.0,rebalance
2020-12-16,LIT,-10,54.19051316634199,1.0,rebalance
2020-12-16,TAN,-100,91.17705455750166,1.0,rebalance
2020-12-16,SMH,17,105.50053564502723,1.0,rebalance
2020-12-16,REMX,3,51.22981322337324,1.0,rebalance
2020-12-16,TQQQ,70,20.304355865431113,1.0,rebalance
2020-12-16,XBI,43,145.2767867969279,1.0,rebalance
2020-12-17,REMX,-31,52.35482404140829,1.0,rebalance
2020-12-17,TQQQ,-514,20.880403851907396,2.57,rebalance
2020-12-17,TAN,-19,93.22286354156101,1.0,rebalance
2020-12-17,LIT,80,54.0864727839623,1.0,rebalance
2020-12-17,SMH,33,105.67881313409178,1.0,rebalance
2020-12-17,XBI,44,143.89741880546944,1.0,rebalance
2020-12-18,LIT,-12,54.78391040776666,1.0,rebalance
2020-12-18,REMX,-19,53.099832678500555,1.0,rebalance
2020-12-18,TQQQ,-26,21.107460333652543,1.0,rebalance
2020-12-18,XBI,-12,146.36883315580621,1.0,rebalance
2020-12-18,SMH,37,105.12952953745837,1.0,rebalance
2020-12-18,TAN,1,94.12554880814301,1.0,rebalance
2020-12-21,LIT,-123,55.23373621934738,1.0,rebalance
2020-12-21,REMX,-162,53.949497551908586,1.0,rebalance
2020-12-21,TAN,-60,94.5051541055815,1.0,rebalance
2020-12-21,XBI,-11,144.6066501219321,1.0,rebalance
2020-12-21,SMH,4,103.03311845960299,1.0,rebalance
2020-12-21,TQQQ,1110,20.161680972782193,5.55,rebalance
2020-12-22,SMH,-2428,104.24947663841388,12.14,rebalance
2020-12-22,TQQQ,-49,20.838798690597482,1.0,rebalance
2020-12-22,TAN,-69,100.17128743901154,1.0,rebalance
2020-12-22,XBI,-10,150.14939779317027,1.0,rebalance
2020-12-22,COPX,10022,25.76760018660356,50.11,rebalance
2020-12-22,LIT,20,56.766867535485986,1.0,rebalance
2020-12-22,REMX,56,54.98060371290739,1.0,rebalance
2020-12-23,LIT,-6,57.32019545006741,1.0,rebalance
2020-12-23,TAN,-117,105.8175422566729,1.0,rebalance
2020-12-23,COPX,144,25.618553004365136,1.0,rebalance
2020-12-23,TQQQ,412,20.812057441811714,2.06,rebalance
2020-12-23,XBI,3,151.10336461143663,1.0,rebalance
2020-12-24,COPX,-251,26.174436880290195,1.2550000000000001,rebalance
2020-12-24,LIT,-9,57.24363729221942,1.0,rebalance
2020-12-24,REMX,-99,56.49082487698944,1.0,rebalance
2020-12-24,TQQQ,370,20.55880243691363,1.85,rebalance
2020-12-24,TAN,49,103.38289937363884,1.0,rebalance
2020-12-28,REMX,-31,58.26259492808808,1.0,rebalance
2020-12-28,TQQQ,-483,21.297660644359464,2.415,rebalance
2020-12-28,COPX,102,26.539138077133995,1.0,rebalance
2020-12-28,LIT,24,58.31765962442286,1.0,rebalance
2020-12-28,TAN,8,105.58020348693144,1.0,rebalance
2020-12-28,XBI,47,150.11981026783354,1.0,rebalance
2020-12-29,COPX,-70,26.67408672513139,1.0,rebalance
2020-12-29,TQQQ,-803,21.676871759293693,4.015,rebalance
2020-12-29,LIT,30,57.829457053416434,1.0,rebalance
2020-12-29,REMX,55,57.45978382854073,1.0,rebalance
2020-12-29,TAN,74,102.37869746755705,1.0,rebalance
2020-12-29,XBI,47,146.04638904937966,1.0,rebalance
2020-12-30,COPX,-59,26.643573869845262,1.0,rebalance
2020-12-30,LIT,-67,58.277689618989456,1.0,rebalance
2020-12-30,TQQQ,-311,21.688759826881977,1.555,rebalance
2020-12-30,XBI,-1817,141.75587849264488,9.085,rebalance
2020-12-30,XLE,17237,15.28626850813398,86.185,rebalance
2020-12-30,REMX,43,56.52002359131236,1.0,rebalance
2020-12-30,TAN,38,100.12172406238466,1.0,rebalance
2020-12-31,COPX,-76,27.130906382163072,1.0,rebalance
2020-12-31,LIT,-112,60.386418587912345,1.0,rebalance
2020-12-31,REMX,-124,58.67421752294654,1.0,rebalance
2020-12-31,TAN,-34,102.56697006493572,1.0,rebalance
2020-12-31,XLE,2,15.444568458010796,1.0,rebalance
2020-12-31,TQQQ,912,21.433893751087062,4.5600000000000005,rebalance
2021-01-04,COPX,-11,27.89290600169744,1.0,rebalance
2021-01-04,LIT,-96,63.396160053825426,1.0,rebalance
2021-01-04,REMX,-72,61.23343714385883,1.0,rebalance
2021-01-04,XLE,330,15.562279862590346,1.6500000000000001,rebalance
2021-01-04,TQQQ,241,21.886902592740267,1.205,rebalance
2021-01-04,TAN,3,105.13277891303554,1.0,rebalance
2021-01-05,COPX,-371,28.371374170907234,1.855,rebalance
2021-01-05,LIT,-147,64.22048657210452,1.0,rebalance
2021-01-05,XLE,-388,15.57134525365527,1.94,rebalance
2021-01-05,REMX,-194,62.63832959345651,1.0,rebalance
2021-01-05,TAN,-6,103.18328555541756,1.0,rebalance
2021-01-05,TQQQ,1896,20.483895197220562,9.48,rebalance
2021-01-06,COPX,-35,29.284008480952952,1.0,rebalance
2021-01-06,LIT,-78,67.29730087126411,1.0,rebalance
2021-01-06,XLE,-418,16.411394989989354,2.09,rebalance
2021-01-06,REMX,-127,66.39661671250143,1.0,rebalance
2021-01-06,TAN,-142,112.27892036296981,1.0,rebalance
2021-01-06,TQQQ,1856,20.200913820374925,9.28,rebalance
2021-01-07,TAN,-98,120.90735498275644,1.0,rebalance
2021-01-07,COPX,45,30.131782191330565,1.0,rebalance
2021-01-07,LIT,10,69.41035960944062,1.0,rebalance
2021-01-07,XLE,233,16.73533780806443,1.165,rebalance
2021-01-07,REMX,64,67.5913230100661,1.0,rebalance
2021-01-07,TQQQ,75,20.851289946755458,1.0,rebalance
2021-01-08,REMX,-28,70.69182656929124,1.0,rebalance
2021-01-08,TQQQ,-1235,22.26648774289172,6.175,rebalance
2021-01-08,COPX,265,30.450825820165257,1.325,rebalance
2021-01-08,LIT,129,69.90887462569414,1.0,rebalance
2021-01-08,XLE,339,17.047886494709342,1.695,rebalance
2021-01-08,TAN,53,122.7709211734383,1.0,rebalance
2021-01-11,XLE,-36,16.443863045987477,1.0,rebalance
2021-01-11,TQQQ,-1074,21.96930387588125,5.37,rebalance
2021-01-11,COPX,8,29.28986673902693,1.0,rebalance
2021-01-11,LIT,52,66.48627766537975,1.0,rebalance
2021-01-11,REMX,182,65.21954290429342,1.0,rebalance
2021-01-11,TAN,76,114.61799514836078,1.0,rebalance
2021-01-12,LIT,-70,67.958695740352,1.0,rebalance
2021-01-12,XLE,-746,17.279848929767127,3.73,rebalance
2021-01-12,REMX,-37,66.13713671847019,1.0,rebalance
2021-01-12,TAN,-27,116.52355235811171,1.0,rebalance
2021-01-12,COPX,149,29.006271990036964,1.0,rebalance
2021-01-12,TQQQ,873,21.653860106886018,4.365,rebalance
2021-01-13,COPX,-133,29.49665843155064,1.0,rebalance
2021-01-13,XLE,-367,17.73030874210107,1.835,rebalance
2021-01-13,REMX,-13,66.56664724610752,1.0,rebalance
2021-01-13,LIT,25,67.7805411930804,1.0,rebalance
2021-01-13,TQQQ,285,21.588464495593332,1.425,rebalance
2021-01-13,TAN,29,115.49294979045239,1.0,rebalance
2021-01-14,REMX,-12,67.11249294819578,1.0,rebalance
2021-01-14,TQQQ,-697,22.051325239726946,3.485,rebalance
2021-01-14,COPX,169,29.156930826681418,1.0,rebalance
2021-01-14,LIT,84,66.84102080515441,1.0,rebalance
2021-01-14,XLE,171,17.644560238904305,1.0,rebalance
2021-01-14,TAN,23,115.095249932672,1.0,rebalance
2021-01-15,COPX,-93,29.018188255207594,1.0,rebalance
2021-01-15,LIT,-1,65.90746528264023,1.0,rebalance
2021-01-15,XLE,-309,17.730308486744125,1.545,rebalance
2021-01-15,REMX,-11,66.35187902482032,1.0,rebalance
2021-01-15,TQQQ,358,21.569441912224786,1.79,rebalance
2021-01-15,TAN,11,112.95759446220967,1.0,rebalance
2021-01-19,LIT,-43,66.2717078090439,1.0,rebalance
2021-01-19,REMX,-10,66.19976172270019,1.0,rebalance
2021-01-19,TQQQ,-208,21.56988336761771,1.04,rebalance
2021-01-19,COPX,109,28.572019337241198,1.0,rebalance
2021-01-19,XLE,81,17.563378706139925,1.0,rebalance
2021-01-19,TAN,31,111.09833183193932,1.0,rebalance
2021-01-20,REMX,-61,69.9759621582572,1.0,rebalance
2021-01-20,TQQQ,-604,22.789541711181112,3.02,rebalance
2021-01-20,COPX,136,29.36962385974937,1.0,rebalance
2021-01-20,LIT,61,68.07773944613102,1.0,rebalance
2021-01-20,XLE,405,17.85156665131024,2.025,rebalance
2021-01-20,TAN,23,114.72736752574407,1.0,rebalance
2021-01-21,REMX,-62,72.74995005110905,1.0,rebalance
2021-01-21,TQQQ,-882,23.834453869862493,4.41,rebalance
2021-01-21,COPX,200,29.502560923585897,1.0,rebalance
2021-01-21,LIT,79,68.50917520444852,1.0,rebalance
2021-01-21,XLE,581,17.668915353881875,2.9050000000000002,rebalance
2021-01-21,TAN,34,116.00001600134154,1.0,rebalance
2021-01-22,LIT,-20,68.46670919376852,1.0,rebalance
2021-01-22,REMX,-65,73.53739367132566,1.0,rebalance
2021-01-22,TQQQ,-279,23.872494356572897,1.395,rebalance
2021-01-22,TAN,-56,117.97487806586098,1.0,rebalance
2021-01-22,COPX,209,28.766987791506565,1.045,rebalance
2021-01-22,XLE,803,16.788109950010874,4.015,rebalance
2021-01-25,TQQQ,-498,24.668960561941894,2.49,rebalance
2021-01-25,TAN,-37,122.2692136805943,1.0,rebalance
2021-01-25,COPX,240,28.713815601724786,1.2,rebalance
2021-01-25,LIT,29,69.44869748815157,1.0,rebalance
2021-01-25,XLE,272,16.88958172593001,1.36,rebalance
2021-01-25,REMX,44,74.28601141155588,1.0,rebalance
2021-01-26,LIT,-11,69.31020704023022,1.0,rebalance
2021-01-26,XLE,-257,17.048532370526043,1.285,rebalance
2021-01-26,REMX,-17,74.25327026881651,1.0,rebalance
2021-01-26,TQQQ,-179,24.659448614288042,1.0,rebalance
2021-01-26,COPX,178,28.11117704524116,1.0,rebalance
2021-01-26,TAN,49,119.31089752159504,1.0,rebalance
2021-01-27,LIT,-34,67.50818289429841,1.0,rebalance
2021-01-27,REMX,-52,72.696241953829,1.0,rebalance
2021-01-27,TQQQ,-407,24.07458112367887,2.035,rebalance
2021-01-27,COPX,91,26.950219931171716,1.0,rebalance
2021-01-27,XLE,236,16.268553713227345,1.18,rebalance
2021-01-27,TAN,85,111.61534233438961,1.0,rebalance
2021-01-28,COPX,-292,26.811923571122243,1.46,rebalance
2021-01-28,LIT,-8,65.51448213277949,1.0,rebalance
2021-01-28,XLE,-765,16.44791288429237,3.825,rebalance
2021-01-28,TAN,-46,110.09199395559044,1.0,rebalance
2021-01-28,REMX,72,69.17549972964197,1.0,rebalance
2021-01-28,TQQQ,925,22.802420243069673,4.625,rebalance
2021-01-29,COPX,-210,27.22836730246654,1.05,rebalance
2021-01-29,TAN,-41,111.33456452660832,1.0,rebalance
2021-01-29,LIT,43,64.57846739742416,1.0,rebalance
2021-01-29,XLE,106,16.276671195033504,1.0,rebalance
2021-01-29,REMX,1,68.85328856573827,1.0,rebalance
2021-01-29,TQQQ,253,22.5669989130123,1.2650000000000001,rebalance
2021-02-01,COPX,-151,27.299250311507233,1.0,rebalance
2021-02-01,LIT,-21,64.12463893370796,1.0,rebalance
2021-02-01,XLE,-77,16.15166455901712,1.0,rebalance
2021-02-01,TQQQ,-2436,22.24152465243517,12.18,rebalance
2021-02-01,REMX,50,67.22437510536915,1.0,rebalance
2021-02-01,TAN,10,109.54728503872349,1.0,rebalance
2021-02-02,REMX,-27,70.74550882940513,1.0,rebalance
2021-02-02,TQQQ,-3016,23.748865112901786,15.08,rebalance
2021-02-02,COPX,227,27.933937271017935,1.135,rebalance
2021-02-02,LIT,70,65.99734111065764,1.0,rebalance
2021-02-02,XLE,458,16.459323575340285,2.29,rebalance
2021-02-02,TAN,2,114.45892094314948,1.0,rebalance
2021-02-03,REMX,-30,72.62466932631602,1.0,rebalance
2021-02-03,TQQQ,-396,24.709376735057454,1.98,rebalance
2021-02-03,COPX,287,27.71237961009168,1.435,rebalance
2021-02-03,XLE,482,16.33349219033454,2.41,rebalance
2021-02-03,TAN,25,115.55260284952286,1.0,rebalance
2021-02-04,COPX,-106,27.875187642453767,1.0,rebalance
2021-02-04,XLE,-857,17.06476718343521,4.285,rebalance
2021-02-04,TAN,-32,116.55338245913741,1.0,rebalance
2021-02-04,LIT,96,65.58510032336177,1.0,rebalance
2021-02-04,REMX,36,71.71733281853994,1.0,rebalance
2021-02-04,TQQQ,756,24.264878646699206,3.7800000000000002,rebalance
2021-02-05,COPX,-10723,27.751138375254637,53.615,rebalance
2021-02-05,LIT,-452,64.82434671363386,2.2600000000000002,rebalance
2021-02-05,XLE,-2214,17.39347704654746,11.07,rebalance
2021-02-05,REMX,-303,68.87532599954307,1.5150000000000001,rebalance
2021-02-05,TQQQ,-1536,25.01131742811614,7.68,rebalance
2021-02-05,TAN,-248,114.91317969559171,1.24,rebalance
2021-02-05,USO,6944,38.333834831237795,34.72,rebalance
2021-02-08,LIT,-2,65.63908998910097,1.0,rebalance
2021-02-08,REMX,-26,70.15492334485322,1.0,rebalance
2021-02-08,TAN,-7,116.60308498778686,1.0,rebalance
2021-02-08,USO,57,38.4738482208252,1.0,rebalance
2021-02-08,XLE,67,17.526846853476517,1.0,rebalance
2021-02-08,TQQQ,1260,25.43484379783486,6.3,rebalance
2021-02-09,LIT,-46,67.0960121010912,1.0,rebalance
2021-02-09,XLE,-117,17.852060553306746,1.0,rebalance
2021-02-09,REMX,-163,74.07429886045017,1.0,rebalance
2021-02-09,TAN,-11,118.44208345400475,1.0,rebalance
2021-02-09,USO,35,38.70387076301574,1.0,rebalance
2021-02-09,TQQQ,428,25.320700927611934,2.14,rebalance
2021-02-10,LIT,-17,68.6104762344964,1.0,rebalance
2021-02-10,REMX,-18,75.78343200255604,1.0,rebalance
2021-02-10,TAN,-38,122.60718728014578,1.0,rebalance
2021-02-10,USO,28,39.243925678634646,1.0,rebalance
2021-02-10,XLE,264,17.867805643781864,1.32,rebalance
2021-02-10,TQQQ,427,25.867633500224024,2.1350000000000002,rebalance
2021-02-11,USO,-39,39.31606769485474,1.0,rebalance
2021-02-11,XLE,-248,18.08743475347509,1.24,rebalance
2021-02-11,REMX,-22,75.97134676127932,1.0,rebalance
2021-02-11,LIT,41,67.65591384839595,1.0,rebalance
2021-02-11,TQQQ,55,25.720200343528884,1.0,rebalance
2021-02-11,TAN,32,120.44435370589594,1.0,rebalance
2021-02-12,XLE,-15268,17.738426917520894,76.34,rebalance
2021-02-12,TQQQ,-22,25.577163899869113,1.0,rebalance
2021-02-12,USO,375,39.01389932136536,1.875,rebalance
2021-02-12,COPX,9581,30.13178035095885,47.905,rebalance
2021-02-12,LIT,148,68.24071595845798,1.0,rebalance
2021-02-12,REMX,200,75.24367772755011,1.0,rebalance
2021-02-12,TAN,133,118.96291236831003,1.0,rebalance
2021-02-16,COPX,-153,31.59659706424382,1.0,rebalance
2021-02-16,REMX,-53,78.7453293358406,1.0,rebalance
2021-02-16,USO,12,40.19401762657166,1.0,rebalance
2021-02-16,LIT,5,70.349885770743,1.0,rebalance
2021-02-16,TQQQ,170,26.386035191761422,1.0,rebalance
2021-02-16,TAN,16,121.98545143021589,1.0,rebalance
2021-02-17,USO,-93,40.2659734577179,1.0,rebalance
2021-02-17,COPX,-293,32.26114172259288,1.465,rebalance
2021-02-17,LIT,-97,71.22721338953818,1.0,rebalance
2021-02-17,REMX,-226,82.86155750648562,1.1300000000000001,rebalance
2021-02-17,TQQQ,2036,25.261252623605422,10.18,rebalance
2021-02-17,TAN,77,116.97438730267307,1.0,rebalance
2021-02-18,USO,-283,41.085891152572636,1.415,rebalance
2021-02-18,COPX,-353,32.916822224346035,1.7650000000000001,rebalance
2021-02-18,REMX,-2,81.33139538304658,1.0,rebalance
2021-02-18,LIT,186,66.86017038654975,1.0,rebalance
2021-02-18,TQQQ,369,24.745231230350928,1.845,rebalance
2021-02-18,TAN,116,109.70636819876206,1.0,rebalance
2021-02-19,COPX,-146,33.89147718074334,1.0,rebalance
2021-02-19,USO,234,40.264024321365355,1.17,rebalance
2021-02-19,LIT,149,65.43170950115419,1.0,rebalance
2021-02-19,REMX,55,81.08809776438744,1.0,rebalance
2021-02-19,TQQQ,472,25.596541727189884,2.36,rebalance
2021-02-19,TAN,9,110.7006212622365,1.0,rebalance
2021-02-22,COPX,-219,36.18634978954322,1.095,rebalance
2021-02-22,USO,241,40.55405423698425,1.205,rebalance
2021-02-22,LIT,271,64.2045627202922,1.355,rebalance
2021-02-22,REMX,87,82.385877716685,1.0,rebalance
2021-02-22,TQQQ,1803,23.908180170754875,9.015,rebalance
2021-02-22,TAN,223,106.21653524944614,1.115,rebalance
2021-02-23,USO,-535,41.14588652572632,2.6750000000000003,rebalance
2021-02-23,COPX,-257,35.17624842106644,1.285,rebalance
2021-02-23,LIT,-49,61.143649874198715,1.0,rebalance
2021-02-23,REMX,-94,79.67595602489808,1.0,rebalance
2021-02-23,TQQQ,756,21.825074447105365,3.7800000000000002,rebalance
2021-02-23,TAN,135,95.61774162977349,1.0,rebalance
2021-02-24,USO,-46,41.875813068008426,1.0,rebalance
2021-02-24,TQQQ,-78,22.1678250297952,1.0,rebalance
2021-02-24,TAN,-83,99.4158068374729,1.0,rebalance
2021-02-24,COPX,58,35.316224797705964,1.0,rebalance
2021-02-24,LIT,56,61.079172590918134,1.0,rebalance
2021-02-24,REMX,113,78.08981896037925,1.0,rebalance
2021-02-25,REMX,-13,79.99809905547075,1.0,rebalance
2021-02-25,TQQQ,-1316,22.733673168392055,6.58,rebalance
2021-02-25,TAN,-16,102.04012172384941,1.0,rebalance
2021-02-25,USO,68,42.3242316947937,1.0,rebalance
2021-02-25,COPX,75,35.71501925303174,1.0,rebalance
2021-02-25,LIT,20,62.07624122186208,1.0,rebalance
2021-02-26,USO,-311,42.11578693199158,1.555,rebalance
2021-02-26,TAN,-42,98.43168524546506,1.0,rebalance
2021-02-26,COPX,70,33.676701124035944,1.0,rebalance
2021-02-26,LIT,70,58.17430812562008,1.0,rebalance
2021-02-26,REMX,111,73.83850406145254,1.0,rebalance
2021-02-26,TQQQ,433,21.494535752723174,2.165,rebalance
2021-03-01,LIT,-4841,60.83693138773858,24.205000000000002,rebalance
2021-03-01,REMX,-178,77.59994042069837,1.0,rebalance
2021-03-01,TAN,-155,104.2866965938853,1.0,rebalance
2021-03-01,USO,144,41.30412923698425,1.0,rebalance
2021-03-01,COPX,73,33.44628258463915,1.0,rebalance
2021-03-01,XLE,14065,20.05967454956011,70.325,rebalance
2021-03-01,TQQQ,100,22.200792700000257,1.0,rebalance
2021-03-02,TQQQ,-1737,23.19015173125582,8.685,rebalance
2021-03-02,USO,166,40.954095763015744,1.0,rebalance
2021-03-02,COPX,168,33.304482428914376,1.0,rebalance
2021-03-02,XLE,174,20.12462405779391,1.0,rebalance
2021-03-02,REMX,86,76.98895913559657,1.0,rebalance
2021-03-02,TAN,30,104.70524591136625,1.0,rebalance
2021-03-03,USO,-170,40.87591306800842,1.0,rebalance
2021-03-03,COPX,-307,33.63451981592492,1.5350000000000001,rebalance
2021-03-03,XLE,-344,20.084073667499524,1.72,rebalance
2021-03-03,REMX,-166,78.47687267177295,1.0,rebalance
2021-03-03,TQQQ,2941,21.727578914636542,14.705,rebalance
2021-03-03,TAN,48,100.24103877194639,1.0,rebalance
2021-03-04,USO,-438,41.86581193199158,2.19,rebalance
2021-03-04,COPX,-228,33.14719129611561,1.1400000000000001,rebalance
2021-03-04,XLE,-792,20.412784614356198,3.96,rebalance
2021-03-04,REMX,-14,75.52393087113285,1.0,rebalance
2021-03-04,TQQQ,1691,19.96786824217724,8.455,rebalance
2021-03-04,TAN,91,93.032670211681,1.0,rebalance
2021-03-05,USO,-388,44.07559383087158,1.94,rebalance
2021-03-05,XLE,-686,21.301532140805598,3.43,rebalance
2021-03-05,TQQQ,-1267,19.56445669371222,6.335,rebalance
2021-03-05,COPX,238,31.842207032621975,1.19,rebalance
2021-03-05,REMX,174,71.18032008627121,1.0,rebalance
2021-03-05,TAN,47,90.50725466317581,1.0,rebalance
2021-03-08,USO,-463,44.11558693199158,2.315,rebalance
2021-03-08,COPX,-715,32.18139664100712,3.575,rebalance
2021-03-08,XLE,-1158,21.69924110416479,5.79,rebalance
2021-03-08,REMX,-144,68.40999448777465,1.0,rebalance
2021-03-08,TQQQ,-2863,19.799827432582088,14.315,rebalance
2021-03-08,TAN,-2922,84.37569302535441,14.61,rebalance
2021-03-08,XLF,7939,30.774847314529545,39.695,rebalance
2021-03-09,COPX,-72,32.23456413909403,1.0,rebalance
2021-03-09,XLF,-40,30.687155243183362,1.0,rebalance
2021-03-09,USO,5,43.73437254219055,1.0,rebalance
2021-03-09,XLE,63,21.411329823625138,1.0,rebalance
2021-03-09,REMX,30,67.28702327832916,1.0,rebalance
2021-03-09,TQQQ,73,19.611176591169514,1.0,rebalance
2021-03-10,TQQQ,-3305,21.221581836962255,16.525,rebalance
2021-03-10,USO,229,43.284326779174805,1.145,rebalance
2021-03-10,COPX,227,32.249873605353336,1.135,rebalance
2021-03-10,XLF,212,30.80203985094059,1.06,rebalance
2021-03-10,XLE,469,21.188085081551687,2.345,rebalance
2021-03-10,REMX,14,69.08600349309006,1.0,rebalance
2021-03-11,USO,-28,43.90560884742737,1.0,rebalance
2021-03-11,COPX,-128,33.102887221798966,1.0,rebalance
2021-03-11,XLF,-5,31.11297840561709,1.0,rebalance
2021-03-11,XLE,-186,21.731701837304936,1.0,rebalance
2021-03-11,REMX,-37,70.4770686799959,1.0,rebalance
2021-03-11,TQQQ,138,21.168751373682472,1.0,rebalance
2021-03-12,USO,-65,44.35556461029053,1.0,rebalance
2021-03-12,COPX,-91,33.45731599734935,1.0,rebalance
2021-03-12,XLF,-122,31.54787787979401,1.0,rebalance
2021-03-12,XLE,-17,21.73576313136084,1.0,rebalance
2021-03-12,REMX,-72,71.83721408589153,1.0,rebalance
2021-03-15,USO,-251,43.895611525726316,1.2550000000000001,rebalance
2021-03-15,COPX,-465,33.73198931219099,2.325,rebalance
2021-03-15,XLF,-449,31.62035545346521,2.245,rebalance
2021-03-15,XLE,-604,21.69112060859556,3.02,rebalance
2021-03-15,REMX,-228,72.67835436707267,1.1400000000000001,rebalance
2021-03-15,TQQQ,-423,21.114588296887757,2.115,rebalance
2021-03-16,TQQQ,-1544,22.191596071564955,7.72,rebalance
2021-03-16,USO,94,43.5743566947937,1.0,rebalance
2021-03-16,COPX,118,33.50831568341165,1.0,rebalance
2021-03-16,XLF,186,31.164523986044856,1.0,rebalance
2021-03-16,XLE,400,21.139375745123015,2.0,rebalance
2021-03-16,REMX,90,71.42198188123713,1.0,rebalance
2021-03-17,USO,-109,43.685629626846314,1.0,rebalance
2021-03-17,XLF,-148,31.221705386788802,1.0,rebalance
2021-03-17,XLE,-26,20.81860924608763,1.0,rebalance
2021-03-17,COPX,19,32.843647609913546,1.0,rebalance
2021-03-17,REMX,32,69.53350930116196,1.0,rebalance
2021-03-17,TQQQ,632,21.430334552631017,3.16,rebalance
2021-03-18,COPX,-91,33.27124049552237,1.0,rebalance
2021-03-18,XLF,-69,31.52069577257122,1.0,rebalance
2021-03-18,XLE,-17,20.855129761645188,1.0,rebalance
2021-03-18,REMX,-42,70.42337102082749,1.0,rebalance
2021-03-18,USO,88,42.994300678634644,1.0,rebalance
2021-03-18,TQQQ,163,21.30905338720158,1.0,rebalance
2021-03-19,COPX,-21,32.332027183719916,1.0,rebalance
2021-03-19,XLF,-141,31.122038885201235,1.0,rebalance
2021-03-19,REMX,-44,69.12586681297996,1.0,rebalance
2021-03-19,TQQQ,-732,20.268199093251283,3.66,rebalance
2021-03-19,USO,111,40.834084831237796,1.0,rebalance
2021-03-19,XLE,65,20.092147663056938,1.0,rebalance
2021-03-22,USO,-313,41.965804220581056,1.565,rebalance
2021-03-22,COPX,-156,32.083922498021245,1.0,rebalance
2021-03-22,XLF,-137,30.777657130958904,1.0,rebalance
2021-03-22,XLE,-317,20.055189312102385,1.585,rebalance
2021-03-22,REMX,-98,69.13481115603686,1.0,rebalance
2021-03-22,TQQQ,-818,20.990961593597287,4.09,rebalance
2021-03-23,TQQQ,-1270,21.884901047739167,6.3500000000000005,rebalance
2021-03-23,USO,236,40.29402991561889,1.18,rebalance
2021-03-23,COPX,91,31.753577312700685,1.0,rebalance
2021-03-23,XLF,103,30.42882912522094,1.0,rebalance
2021-03-23,XLE,342,19.509521970058913,1.71,rebalance
2021-03-23,REMX,87,67.4839263179319,1.0,rebalance
2021-03-24,USO,-111,40.68592962684632,1.0,rebalance
2021-03-24,XLF,-69,30.39544151895835,1.0,rebalance
2021-03-24,XLE,-351,19.915749903193284,1.7550000000000001,rebalance
2021-03-24,TQQQ,-452,21.65666266592054,2.2600000000000002,rebalance
2021-03-24,COPX,167,30.690107196361996,1.0,rebalance
2021-03-24,REMX,212,62.76720893049309,1.06,rebalance
2021-03-25,USO,-158,40.465954220581054,1.0,rebalance
2021-03-25,COPX,-7,29.665009241760696,1.0,rebalance
2021-03-25,XLF,-220,30.26803218933074,1.1,rebalance
2021-03-25,XLE,-303,19.77220400453412,1.5150000000000001,rebalance
2021-03-25,REMX,24,60.19852262144876,1.0,rebalance
2021-03-25,TQQQ,2259,19.932204634188686,11.295,rebalance
2021-03-26,USO,-5,41.37586306800842,1.0,rebalance
2021-03-26,COPX,-42,30.480178548523437,1.0,rebalance
2021-03-26,XLF,-45,31.114378649424182,1.0,rebalance
2021-03-26,XLE,-184,20.547344305857496,1.0,rebalance
2021-03-26,REMX,-154,64.28482631066908,1.0,rebalance
2021-03-26,TQQQ,4966,20.14622004677713,24.830000000000002,rebalance
2021-03-29,TQQQ,-2360,20.97907177415637,11.8,rebalance
2021-03-29,USO,609,41.234122542190555,3.045,rebalance
2021-03-29,COPX,621,31.18639092717175,3.105,rebalance
2021-03-29,XLF,852,30.84752648831308,4.26,rebalance
2021-03-29,XLE,1209,20.510434444854777,6.045,rebalance
2021-03-29,REMX,319,65.33588740773706,1.595,rebalance
2021-03-30,USO,-26,41.15588384742737,1.0,rebalance
2021-03-30,XLF,-131,31.16898475128753,1.0,rebalance
2021-03-30,REMX,-34,65.51969381582116,1.0,rebalance
2021-03-30,COPX,23,30.893940495622846,1.0,rebalance
2021-03-30,XLE,87,20.23149020334354,1.0,rebalance
2021-03-30,TQQQ,5483,20.6765095255471,27.415,rebalance
2021-03-31,COPX,-52,31.481411584918416,1.0,rebalance
2021-03-31,REMX,-34,66.94247110221423,1.0,rebalance
2021-03-31,TQQQ,-366,21.109834322444243,1.83,rebalance
2021-03-31,USO,95,40.994100678634645,1.0,rebalance
2021-03-31,XLF,96,31.166110534987816,1.0,rebalance
2021-03-31,XLE,151,20.2232813589667,1.0,rebalance
2021-04-01,TQQQ,-1438,22.500672911006887,7.19,rebalance
2021-04-01,USO,112,41.47414822082519,1.0,rebalance
2021-04-01,COPX,133,31.904235117824488,1.0,rebalance
2021-04-01,XLF,297,30.947646775568323,1.485,rebalance
2021-04-01,XLE,374,20.215081864402013,1.87,rebalance
2021-04-01,REMX,24,68.54003595563402,1.0,rebalance
2021-04-05,COPX,-17,32.72188540654706,1.0,rebalance
2021-04-05,XLF,-8,31.705892618974637,1.0,rebalance
2021-04-05,TQQQ,-575,23.349441849899062,2.875,rebalance
2021-04-05,USO,181,41.2141200843811,1.0,rebalance
2021-04-05,XLE,57,20.5965766735227,1.0,rebalance
2021-04-05,REMX,24,69.70354782145421,1.0,rebalance
2021-04-06,COPX,-7849,33.22694342556485,39.245,rebalance
2021-04-06,XLF,-8101,31.54209174702882,40.505,rebalance
2021-04-06,REMX,-3685,68.58896817769578,18.425,rebalance
2021-04-06,TQQQ,-877,24.098356263728633,4.385,rebalance
2021-04-06,USO,914,41.16411584739685,4.57,rebalance
2021-04-06,XLRE,8769,33.54523418440961,43.845,rebalance
2021-04-06,SMH,2373,123.9395811690164,11.865,rebalance
2021-04-06,XLE,2060,20.24379544661476,10.3,rebalance
2021-04-06,XLC,4084,71.9534884902006,20.42,rebalance
2021-04-07,XLRE,-79,33.713547244411274,1.0,rebalance
2021-04-07,TQQQ,-28,24.019901074216847,1.0,rebalance
2021-04-07,XLC,-24,72.15642452777794,1.0,rebalance
2021-04-07,USO,80,40.544054915618894,1.0,rebalance
2021-04-07,SMH,7,123.08080630431465,1.0,rebalance
2021-04-07,XLE,46,20.10022449663461,1.0,rebalance
2021-04-08,TQQQ,-793,24.944746877354675,3.9650000000000003,rebalance
2021-04-08,USO,114,40.6440633895874,1.0,rebalance
2021-04-08,XLRE,140,33.786979137595225,1.0,rebalance
2021-04-08,SMH,18,124.41021056834069,1.0,rebalance
2021-04-08,XLE,327,20.018182668043526,1.635,rebalance
2021-04-08,XLC,22,73.08765947126535,1.0,rebalance
2021-04-09,USO,-43,40.61593693199158,1.0,rebalance
2021-04-09,XLRE,-17,33.63019195175538,1.0,rebalance
2021-04-09,SMH,-2,123.69165495589567,1.0,rebalance
2021-04-09,XLE,-4,19.89114299660667,1.0,rebalance
2021-04-09,TQQQ,83,24.735718065625935,1.0,rebalance
2021-04-09,XLC,9,72.43550243174447,1.0,rebalance
2021-04-12,USO,-36,41.275870779418945,1.0,rebalance
2021-04-12,TQQQ,-416,25.272841083031377,2.08,rebalance
2021-04-12,XLRE,80,33.70362376063909,1.0,rebalance
2021-04-12,SMH,28,123.64361781859292,1.0,rebalance
2021-04-12,XLE,132,19.9402446083135,1.0,rebalance
2021-04-12,XLC,44,72.4922014332569,1.0,rebalance
2021-04-13,SMH,-2424,123.76441578215456,12.120000000000001,rebalance
2021-04-13,XLE,-15031,19.575341002152488,75.155,rebalance
2021-04-13,TQQQ,-504,25.7673648164463,2.52,rebalance
2021-04-13,USO,38,41.33413483123779,1.0,rebalance
2021-04-13,XLRE,26,33.82866296363285,1.0,rebalance
2021-04-13,IXP,3971,75.98025380243834,19.855,rebalance
2021-04-13,XLF,9444,31.94890400414742,47.22,rebalance
2021-04-13,XLC,16,72.61506879920071,1.0,rebalance
2021-04-14,USO,-61,42.14578652572632,1.0,rebalance
2021-04-14,XLE,-1,19.8009146480975,1.0,rebalance
2021-04-14,TQQQ,-426,26.340338318088243,2.13,rebalance
2021-04-14,XLRE,50,34.012056254474594,1.0,rebalance
2021-04-14,XLF,165,31.748659129424425,1.0,rebalance
2021-04-14,IXP,33,76.1805665930622,1.0,rebalance
2021-04-14,XLC,60,72.43549440346118,1.0,rebalance
2021-04-15,USO,-165,43.05569537315369,1.0,rebalance
2021-04-15,XLRE,-14,34.005254557786714,1.0,rebalance
2021-04-15,XLF,-119,32.088113627115014,1.0,rebalance
2021-04-15,IXP,-1,76.08340472321281,1.0,rebalance
2021-04-15,TQQQ,435,26.007934690529236,2.1750000000000003,rebalance
2021-04-15,XLC,3,72.24647675985275,1.0,rebalance
2021-04-16,XLRE,-21,34.605371889528115,1.0,rebalance
2021-04-16,TQQQ,-303,26.60662244956748,1.5150000000000001,rebalance
2021-04-16,USO,60,43.344334152603146,1.0,rebalance
2021-04-16,XLF,90,32.27659080515852,1.0,rebalance
2021-04-16,IXP,14,76.9635901116261,1.0,rebalance
2021-04-16,XLC,29,72.87023321862377,1.0,rebalance
2021-04-19,USO,-40,43.21567922058105,1.0,rebalance
2021-04-19,XLRE,-53,34.513665447653935,1.0,rebalance
2021-04-19,XLF,-62,32.2064302104805,1.0,rebalance
2021-04-19,IXP,-12,76.53856071761237,1.0,rebalance
2021-04-19,TQQQ,-38731,26.188180895047644,193.655,rebalance
2021-04-19,XLC,-10,72.4210128621918,1.0,rebalance
2021-04-19,UVXY,89,11376.1375,1.0,rebalance
2021-04-20,IXP,-4005,76.17444331235997,20.025000000000002,rebalance
2021-04-20,UVXY,-89,12073.7925,1.0,rebalance
2021-04-20,XLC,-4233,72.07138408662321,21.165,rebalance
2021-04-20,USO,137,43.3543334739685,1.0,rebalance
2021-04-20,COPX,8955,35.006043734086155,44.775,rebalance
2021-04-20,XLRE,191,34.55391574411624,1.0,rebalance
2021-04-20,XLF,296,31.93980285597894,1.48,rebalance
2021-04-20,XLE,15861,19.763851608015955,79.305,rebalance
2021-04-20,TQQQ,40643,25.694042709241163,203.215,rebalance
2021-04-21,XLRE,-347,35.055420339490745,1.735,rebalance
2021-04-21,XLF,-78,31.41469203502592,1.0,rebalance
2021-04-21,USO,88,41.7941799156189,1.0,rebalance
2021-04-21,COPX,78,33.86280022557589,1.0,rebalance
2021-04-21,XLE,185,19.062396642342083,1.0,rebalance
2021-04-21,TQQQ,191,24.968758746803218,1.0,rebalance
2021-04-22,XLE,-111,19.64506228125977,1.0,rebalance
2021-04-22,TQQQ,-446,25.836306826702177,2.23,rebalance
2021-04-22,USO,93,42.24422567863464,1.0,rebalance
2021-04-22,COPX,25,34.56292951912403,1.0,rebalance
2021-04-22,XLRE,189,35.12078466584009,1.0,rebalance
2021-04-22,XLF,69,31.930704843876892,1.0,rebalance
2021-04-23,USO,-58,41.905808847427366,1.0,rebalance
2021-04-23,COPX,-85,34.34336324553093,1.0,rebalance
2021-04-23,XLRE,-134,35.09710483747041,1.0,rebalance
2021-04-23,XLF,-55,31.605804288270985,1.0,rebalance
2021-04-23,TQQQ,471,25.13997317283144,2.355,rebalance
2021-04-26,COPX,-83,35.38889398538447,1.0,rebalance
2021-04-26,XLF,-15,32.31562961098959,1.0,rebalance
2021-04-26,TQQQ,-509,25.988467068331964,2.545,rebalance
2021-04-26,USO,177,41.78417677917481,1.0,rebalance
2021-04-26,XLRE,119,35.35420984068085,1.0,rebalance
2021-04-26,XLE,260,19.427479716718118,1.3,rebalance
2021-04-27,USO,-44,42.65573384742737,1.0,rebalance
2021-04-27,COPX,-46,36.10660134092594,1.0,rebalance
2021-04-27,XLRE,-8899,35.397148593532954,44.495,rebalance
2021-04-27,TQQQ,-190,26.50200905516789,1.0,rebalance
2021-04-27,XLF,128,32.376701147339894,1.0,rebalance
2021-04-27,XLE,10,19.70642316640935,1.0,rebalance
2021-04-27,XLI,3405,93.72540977637566,17.025,rebalance
2021-04-28,USO,-155,43.435654626846315,1.0,rebalance
2021-04-28,XLF,-128,32.70695694351196,1.0,rebalance
2021-04-28,XLE,-296,20.014177470615277,1.48,rebalance
2021-04-28,XLI,-20,94.07535276950307,1.0,rebalance
2021-04-28,COPX,57,35.77706394131524,1.0,rebalance
2021-04-28,TQQQ,642,26.012687808840354,3.21,rebalance
2021-04-29,USO,-19,44.465554220581055,1.0,rebalance
2021-04-29,COPX,-15,36.58507349619223,1.0,rebalance
2021-04-29,XLE,-314,20.846735117428796,1.57,rebalance
2021-04-29,TQQQ,-55,26.594732623309103,1.0,rebalance
2021-04-29,XLF,127,32.96835322490582,1.0,rebalance
2021-04-29,XLI,55,94.49983340645363,1.0,rebalance
2021-04-30,COPX,-18,35.77876699721016,1.0,rebalance
2021-04-30,XLF,-278,33.1073685531487,1.3900000000000001,rebalance
2021-04-30,XLE,-107,20.485828214041696,1.0,rebalance
2021-04-30,XLI,-65,94.02928172218321,1.0,rebalance
2021-04-30,USO,2,43.38433906822205,1.0,rebalance
2021-04-30,TQQQ,708,25.513315602869575,3.54,rebalance
2021-05-03,XLI,-4,94.6652679204161,1.0,rebalance
2021-05-03,TQQQ,-317,25.857709223029907,1.585,rebalance
2021-05-03,USO,12,43.564357373428344,1.0,rebalance
2021-05-03,COPX,174,35.29849352417864,1.0,rebalance
2021-05-03,XLF,4,33.28692996073939,1.0,rebalance
2021-05-03,XLE,86,20.49402212445452,1.0,rebalance
2021-05-04,USO,-7326,44.73552767829895,36.63,rebalance
2021-05-04,COPX,-218,35.663575557601696,1.09,rebalance
2021-05-04,XLF,-56,33.016362905410716,1.0,rebalance
2021-05-04,XLE,-484,20.854934007399663,2.42,rebalance
2021-05-04,XLI,-45,94.61920672534457,1.0,rebalance
2021-05-04,TQQQ,1510,24.600172833945212,7.55,rebalance
2021-05-04,XLB,8368,37.583646695114034,41.84,rebalance
2021-05-05,COPX,-129,36.32811957609233,1.0,rebalance
2021-05-05,XLF,-111,33.52600090330513,1.0,rebalance
2021-05-05,XLE,-109,21.084610686115134,1.0,rebalance
2021-05-05,XLI,-21,95.5778298099908,1.0,rebalance
2021-05-05,XLB,-140,38.38841000311167,1.0,rebalance
2021-05-05,TQQQ,745,24.26487966229348,3.725,rebalance
2021-05-06,COPX,-315,37.559733635746376,1.575,rebalance
2021-05-06,XLF,-118,33.83541133562497,1.0,rebalance
2021-05-06,XLE,-338,21.49473445827292,1.69,rebalance
2021-05-06,XLI,-15,95.67923578196508,1.0,rebalance
2021-05-06,XLB,-115,38.79679440566485,1.0,rebalance
2021-05-06,TQQQ,1232,23.511060639821128,6.16,rebalance
2021-05-07,COPX,-8,38.49894198840194,1.0,rebalance
2021-05-07,TQQQ,-1165,24.71887817268436,5.825,rebalance
2021-05-07,XLF,229,33.814867729965044,1.145,rebalance
2021-05-07,XLE,425,21.39238265348192,2.125,rebalance
2021-05-07,XLI,71,95.88277207837095,1.0,rebalance
2021-05-07,XLB,138,39.06490480989109,1.0,rebalance
2021-05-10,COPX,-363,40.80268209318791,1.815,rebalance
2021-05-10,XLF,-78,34.563436760359274,1.0,rebalance
2021-05-10,XLE,-395,22.26987203455233,1.975,rebalance
2021-05-10,XLI,-14,97.63334856494852,1.0,rebalance
2021-05-10,XLB,-59,39.89182182595159,1.0,rebalance
2021-05-10,TQQQ,1234,24.371887035229523,6.17,rebalance
2021-05-11,COPX,-150,38.995135726084264,1.0,rebalance
2021-05-11,XLF,-443,34.00831112577993,2.215,rebalance
2021-05-11,XLE,-448,21.543945198859053,2.24,rebalance
2021-05-11,XLI,-162,96.23226872558291,1.0,rebalance
2021-05-11,XLB,-323,38.94490703510197,1.615,rebalance
2021-05-11,TQQQ,2725,21.542099663136717,13.625,rebalance
2021-05-12,COPX,-106,39.68625757947934,1.0,rebalance
2021-05-12,TQQQ,-26,21.640015914303312,1.0,rebalance
2021-05-12,XLB,-28,39.24108946339135,1.0,rebalance
2021-05-12,XLF,35,34.015125175156626,1.0,rebalance
2021-05-12,XLE,53,21.552362192484587,1.0,rebalance
2021-05-12,XLI,37,95.49553145459397,1.0,rebalance
2021-05-13,XLE,-55,21.281469774652603,1.0,rebalance
2021-05-13,TQQQ,-554,21.54016435093179,2.77,rebalance
2021-05-13,COPX,235,37.89514704807548,1.175,rebalance
2021-05-13,XLF,51,33.27782999573926,1.0,rebalance
2021-05-13,XLI,14,93.54100660299929,1.0,rebalance
2021-05-13,XLB,29,38.46342848991241,1.0,rebalance
2021-05-14,XLF,-78,34.126614746427876,1.0,rebalance
2021-05-14,XLI,-28,95.95574854575477,1.0,rebalance
2021-05-14,TQQQ,-381,22.08223344737128,1.905,rebalance
2021-05-14,XLB,-10,39.16031536926155,1.0,rebalance
2021-05-14,COPX,339,36.964604676473776,1.695,rebalance
2021-05-14,XLE,78,21.515439901102347,1.0,rebalance
2021-05-17,XLE,-53,21.859746979313115,1.0,rebalance
2021-05-17,TQQQ,-256,22.46976699507745,1.28,rebalance
2021-05-17,COPX,41,37.22161306108888,1.0,rebalance
2021-05-17,XLF,44,34.3701016936282,1.0,rebalance
2021-05-17,XLI,28,96.26074663314819,1.0,rebalance
2021-05-17,XLB,29,39.48235091923602,1.0,rebalance
2021-05-18,COPX,-8368,38.100215513503024,41.84,rebalance
2021-05-18,XLE,-206,22.413415814932247,1.03,rebalance
2021-05-18,XLF,57,34.515742658626124,1.0,rebalance
2021-05-18,GDX,8480,37.11979215617368,42.4,rebalance
2021-05-18,XLI,34,96.24230080203814,1.0,rebalance
2021-05-18,TQQQ,142,22.6407195727368,1.0,rebalance
2021-05-18,XLB,4,39.87285621948105,1.0,rebalance
2021-05-19,XLF,-217,33.66250588893355,1.085,rebalance
2021-05-19,GDX,-304,36.65523266442453,1.52,rebalance
2021-05-19,XLE,-46,21.412707316732774,1.0,rebalance
2021-05-19,XLI,-74,93.78959834046682,1.0,rebalance
2021-05-19,XLB,-171,38.81027054390719,1.0,rebalance
2021-05-19,TQQQ,1583,20.842970147519065,7.915,rebalance
2021-05-20,TQQQ,-1914,22.365156622216194,9.57,rebalance
2021-05-20,XLF,204,33.90588913295394,1.02,rebalance
2021-05-20,GDX,289,36.47593720166937,1.445,rebalance
2021-05-20,XLE,449,21.375972094276044,2.245,rebalance
2021-05-20,XLI,72,94.48139020196453,1.0,rebalance
2021-05-20,XLB,229,38.831494401350845,1.145,rebalance
2021-05-21,TQQQ,-1314,23.665651833002105,6.57,rebalance
2021-05-21,XLF,226,34.00601993691795,1.1300000000000001,rebalance
2021-05-21,GDX,94,37.08247118140151,1.0,rebalance
2021-05-21,XLE,274,21.56466733069381,1.37,rebalance
2021-05-21,XLI,70,95.07143853698344,1.0,rebalance
2021-05-21,XLB,187,39.002062517125104,1.0,rebalance
2021-05-24,XLF,-120,34.34503041172672,1.0,rebalance
2021-05-24,XLE,-30,21.539852623549976,1.0,rebalance
2021-05-24,XLI,-27,95.5594009663966,1.0,rebalance
2021-05-24,XLB,-44,39.09299572750596,1.0,rebalance
2021-05-24,GDX,52,36.74654357594264,1.0,rebalance
2021-05-24,TQQQ,309,23.4349628360474,1.545,rebalance
2021-05-25,XLE,-14689,21.552154267101415,73.44500000000001,rebalance
2021-05-25,TQQQ,-1050,24.428831694570427,5.25,rebalance
2021-05-25,XLRE,9009,35.762676079625884,45.045,rebalance
2021-05-25,XLF,149,34.415623715637146,1.0,rebalance
2021-05-25,GDX,161,36.727884161557206,1.0,rebalance
2021-05-25,XLI,50,95.84587263340674,1.0,rebalance
2021-05-25,XLB,104,39.293836312104496,1.0,rebalance
2021-05-26,XLRE,-46,35.83887532042526,1.0,rebalance
2021-05-26,GDX,-95,37.019078806928405,1.0,rebalance
2021-05-26,XLF,44,34.15164363577087,1.0,rebalance
2021-05-26,XLI,5,95.44020424090726,1.0,rebalance
2021-05-26,TQQQ,35,24.340973753826198,1.0,rebalance
2021-05-26,XLB,60,38.89882128639221,1.0,rebalance
2021-05-27,XLRE,-11,35.97223022756875,1.0,rebalance
2021-05-27,XLF,-53,34.42693535720077,1.0,rebalance
2021-05-27,XLI,-27,96.45351393323008,1.0,rebalance
2021-05-27,XLB,-46,39.2096811786501,1.0,rebalance
2021-05-27,GDX,113,36.634569288265226,1.0,rebalance
2021-05-27,TQQQ,102,24.34335222783228,1.0,rebalance
2021-05-28,XLF,-36,34.66353789605853,1.0,rebalance
2021-05-28,XLI,-16,97.19092893656945,1.0,rebalance
2021-05-28,TQQQ,-43,24.43596041034171,1.0,rebalance
2021-05-28,XLRE,11,36.03612056296588,1.0,rebalance
2021-05-28,GDX,87,36.38262616628865,1.0,rebalance
2021-05-28,XLB,7,39.29383284565227,1.0,rebalance
2021-06-01,GDX,-61,36.98175914347509,1.0,rebalance
2021-06-01,TQQQ,-38,24.690353036899044,1.0,rebalance
2021-06-01,XLRE,33,36.246190250764904,1.0,rebalance
2021-06-01,XLF,19,34.92533813372072,1.0,rebalance
2021-06-01,XLI,9,97.8557179631445,1.0,rebalance
2021-06-01,XLB,10,39.62149806519426,1.0,rebalance
2021-06-02,XLRE,-181,36.76401023009316,1.0,rebalance
2021-06-02,XLF,-9336,34.891066609841815,46.68,rebalance
2021-06-02,GDX,-40,36.92578394948869,1.0,rebalance
2021-06-02,XLI,-3332,97.35683669788314,16.66,rebalance
2021-06-02,XLB,-78,39.761683942585194,1.0,rebalance
2021-06-02,COPX,8710,37.212750021866675,43.550000000000004,rebalance
2021-06-02,LIT,4966,65.25913632248817,24.830000000000002,rebalance
2021-06-02,TQQQ,540,24.243470511329093,2.7,rebalance
2021-06-03,XLRE,-225,37.04072722225859,1.125,rebalance
2021-06-03,LIT,-54,64.77643489047452,1.0,rebalance
2021-06-03,XLB,-13,39.097486579918765,1.0,rebalance
2021-06-03,COPX,105,36.09610055047203,1.0,rebalance
2021-06-03,GDX,54,36.03736467861899,1.0,rebalance
2021-06-03,TQQQ,279,23.65849209991384,1.395,rebalance
2021-06-04,TQQQ,-171,23.92479891638877,1.0,rebalance
2021-06-04,XLB,-29,39.53279799470232,1.0,rebalance
2021-06-04,COPX,41,36.202448080861835,1.0,rebalance
2021-06-04,XLRE,19,37.23820636219421,1.0,rebalance
2021-06-04,LIT,1,65.24954755101301,1.0,rebalance
2021-06-04,GDX,80,35.9813792962305,1.0,rebalance
2021-06-07,TQQQ,-684,24.590500423967374,3.42,rebalance
2021-06-07,COPX,94,36.255623880375346,1.0,rebalance
2021-06-07,XLRE,114,37.196520337534594,1.0,rebalance
2021-06-07,LIT,13,65.86313210961387,1.0,rebalance
2021-06-07,GDX,110,35.97204746784477,1.0,rebalance
2021-06-07,XLB,110,39.47786363887183,1.0,rebalance
2021-06-08,XLRE,-12,37.56414223016838,1.0,rebalance
2021-06-08,TQQQ,-933,25.33941221478472,4.665,rebalance
2021-06-08,COPX,268,35.50232830709032,1.34,rebalance
2021-06-08,LIT,62,65.60428454854069,1.0,rebalance
2021-06-08,GDX,106,35.86007632307207,1.0,rebalance
2021-06-08,XLB,173,38.99757059870114,1.0,rebalance
2021-06-09,COPX,-9218,35.39776611449191,46.09,rebalance
2021-06-09,XLRE,-72,37.822519410198986,1.0,rebalance
2021-06-09,XLB,-6,38.96733561773171,1.0,rebalance
2021-06-09,XLF,9455,34.56125148123989,47.275,rebalance
2021-06-09,GDX,54,35.59880013529947,1.0,rebalance
2021-06-09,TQQQ,20,25.29216137285425,1.0,rebalance
2021-06-10,XLF,-43,34.65443979995311,1.0,rebalance
2021-06-10,LIT,-78,66.43465538205437,1.0,rebalance
2021-06-10,XLB,-30,39.03465580011211,1.0,rebalance
2021-06-10,XLRE,1,37.75505818112504,1.0,rebalance
2021-06-10,GDX,3,35.52414849540075,1.0,rebalance
2021-06-10,TQQQ,307,25.071015389115598,1.5350000000000001,rebalance
2021-06-11,GDX,-35,36.10479502082455,1.0,rebalance
2021-06-11,TQQQ,-664,25.776873417598395,3.3200000000000003,rebalance
2021-06-11,XLRE,15,38.163530025214044,1.0,rebalance
2021-06-11,XLF,293,34.033324957514736,1.465,rebalance
2021-06-11,LIT,24,66.9464637211531,1.0,rebalance
2021-06-11,XLB,160,38.78660210994704,1.0,rebalance
2021-06-14,XLF,-18,34.11751539752486,1.0,rebalance
2021-06-14,LIT,-34,67.45068598293666,1.0,rebalance
2021-06-14,TQQQ,-448,26.066926116206123,2.24,rebalance
2021-06-14,XLRE,68,37.88843870517108,1.0,rebalance
2021-06-14,GDX,280,35.0575832873316,1.4000000000000001,rebalance
2021-06-14,XLB,57,38.54870743479647,1.0,rebalance
2021-06-15,GDX,-42,35.50771452038532,1.0,rebalance
2021-06-15,TQQQ,-548,26.632771245537732,2.74,rebalance
2021-06-15,XLRE,26,38.0968429101527,1.0,rebalance
2021-06-15,XLF,162,33.84217286330211,1.0,rebalance
2021-06-15,LIT,60,67.19573164867683,1.0,rebalance
2021-06-15,XLB,144,38.23899193121267,1.0,rebalance
2021-06-16,XLRE,-46,37.82252299295234,1.0,rebalance
2021-06-16,XLF,-9849,33.78079999842147,49.245000000000005,rebalance
2021-06-16,GDX,-9386,35.01325393032232,46.93,rebalance
2021-06-16,XLB,-8717,38.09222191543657,43.585,rebalance
2021-06-16,USO,6737,48.8648866104126,33.685,rebalance
2021-06-16,LIT,116,64.85651414089364,1.0,rebalance
2021-06-16,XLE,14306,23.012706504872817,71.53,rebalance
2021-06-16,IGV,4392,74.89402123349922,21.96,rebalance
2021-06-16,TQQQ,2,26.30518728962552,1.0,rebalance
2021-06-17,USO,-100,48.91510616912842,1.0,rebalance
2021-06-17,XLRE,-2,37.314106783235594,1.0,rebalance
2021-06-17,LIT,-68,64.82434665521882,1.0,rebalance
2021-06-17,XLE,-107,22.864558517132753,1.0,rebalance
2021-06-17,IGV,6,73.82827752261004,1.0,rebalance
2021-06-17,TQQQ,442,25.672641760109727,2.21,rebalance
2021-06-18,LIT,-16,65.57199792614816,1.0,rebalance
2021-06-18,IGV,-66,75.56673921438936,1.0,rebalance
2021-06-18,TQQQ,-966,26.48774515257716,4.83,rebalance
2021-06-18,USO,203,47.8547834739685,1.0150000000000001,rebalance
2021-06-18,XLRE,66,37.338232446552276,1.0,rebalance
2021-06-18,XLE,897,21.683627300634818,4.485,rebalance
2021-06-21,USO,-93,48.395161525726316,1.0,rebalance
2021-06-21,LIT,-2,65.43779725042371,1.0,rebalance
2021-06-21,XLE,-26,21.664687292199105,1.0,rebalance
2021-06-21,IGV,-9,75.53275767743912,1.0,rebalance
2021-06-21,XLRE,30,37.118374587551656,1.0,rebalance
2021-06-21,TQQQ,180,26.307559858961792,1.0,rebalance
2021-06-22,USO,-23,49.29506923713684,1.0,rebalance
2021-06-22,XLRE,-5,37.69815493584508,1.0,rebalance
2021-06-22,XLE,-240,22.34831317111607,1.2,rebalance
2021-06-22,LIT,73,65.4604715044316,1.0,rebalance
2021-06-22,IGV,24,76.24969434312084,1.0,rebalance
2021-06-22,TQQQ,3,26.70705885246687,1.0,rebalance
2021-06-23,LIT,-3,66.73179609973543,1.0,rebalance
2021-06-23,XLE,-14829,22.758485084162675,74.145,rebalance
2021-06-23,TQQQ,-414,27.476787714831833,2.07,rebalance
2021-06-23,USO,17,50.09500915260315,1.0,rebalance
2021-06-23,XLRE,212,37.50433948697643,1.06,rebalance
2021-06-23,IGV,35,77.05950513964422,1.0,rebalance
2021-06-23,XLC,4465,75.56716620739218,22.325,rebalance
2021-06-24,XLE,-1,22.717059708238448,1.0,rebalance
2021-06-24,TQQQ,-454,27.99270367077613,2.27,rebalance
2021-06-24,USO,143,49.41494084739685,1.0,rebalance
2021-06-24,XLRE,59,37.53788368123926,1.0,rebalance
2021-06-24,LIT,9,67.10944578224704,1.0,rebalance
2021-06-24,IGV,20,77.2754458043285,1.0,rebalance
2021-06-24,XLC,16,75.91750894577359,1.0,rebalance
2021-06-25,USO,-41,50.024995779418944,1.0,rebalance
2021-06-25,LIT,-46,68.1503938295094,1.0,rebalance
2021-06-25,TQQQ,-5,28.171015023783678,1.0,rebalance
2021-06-25,XLRE,114,37.30296560826347,1.0,rebalance
2021-06-25,IGV,8,77.62335883153219,1.0,rebalance
2021-06-25,XLC,7,76.24890118741,1.0,rebalance
2021-06-28,XLRE,-19,37.563933247645416,1.0,rebalance
2021-06-28,LIT,-2,68.5242137100811,1.0,rebalance
2021-06-28,IGV,-51,78.92925318807441,1.0,rebalance
2021-06-28,USO,28,50.0750066947937,1.0,rebalance
2021-06-28,TQQQ,108,28.243235650564976,1.0,rebalance
2021-06-28,XLC,6,76.54240468502216,1.0,rebalance
2021-06-29,TQQQ,-523,28.90090262886366,2.615,rebalance
2021-06-29,USO,88,49.944992626571654,1.0,rebalance
2021-06-29,XLRE,118,37.47076651677639,1.0,rebalance
2021-06-29,LIT,25,68.87909264986497,1.0,rebalance
2021-06-29,IGV,50,78.83506675342544,1.0,rebalance
2021-06-29,XLC,6,77.23361249434876,1.0,rebalance
2021-06-30,LIT,-1,69.20097749283121,1.0,rebalance
2021-06-30,TQQQ,-260,29.217115666901897,1.3,rebalance
2021-06-30,XLC,-4500,76.72592005651468,22.5,rebalance
2021-06-30,USO,34,49.92499016876221,1.0,rebalance
2021-06-30,XLRE,41,37.470769060714545,1.0,rebalance
2021-06-30,XLE,15786,22.116578234449687,78.93,rebalance
2021-06-30,IGV,8,79.00102441227126,1.0,rebalance
2021-07-01,USO,-158,51.20487808456421,1.0,rebalance
2021-07-01,LIT,-8,69.47909074923567,1.0,rebalance
2021-07-01,XLE,-456,22.828922324845752,2.2800000000000002,rebalance
2021-07-01,XLRE,95,37.18550359000228,1.0,rebalance
2021-07-01,IGV,63,78.11324513876843,1.0,rebalance
2021-07-01,TQQQ,364,29.03034522336652,1.82,rebalance
2021-07-02,XLRE,-5,37.46327648265555,1.0,rebalance
2021-07-02,IGV,-13,78.89326800512717,1.0,rebalance
2021-07-02,TQQQ,-547,29.633180564131578,2.735,rebalance
2021-07-02,USO,144,50.50505,1.0,rebalance
2021-07-02,LIT,64,69.09971496386798,1.0,rebalance
2021-07-02,XLE,254,22.617999283678333,1.27,rebalance
2021-07-06,LIT,-9,70.00652680793918,1.0,rebalance
2021-07-06,TQQQ,-432,30.301259724849075,2.16,rebalance
2021-07-06,USO,62,50.62506093177795,1.0,rebalance
2021-07-06,XLRE,98,37.504332921602824,1.0,rebalance
2021-07-06,XLE,198,22.588992652555856,1.0,rebalance
2021-07-06,IGV,30,79.26096580467548,1.0,rebalance
2021-07-07,LIT,-84,71.99164460606941,1.0,rebalance
2021-07-07,IGV,-10,80.34463582181272,1.0,rebalance
2021-07-07,TQQQ,-39210,31.121487887637578,196.05,rebalance
2021-07-07,USO,191,49.8549834739685,1.0,rebalance
2021-07-07,XLRE,25,37.83154701145559,1.0,rebalance
2021-07-07,XLE,687,21.892801965327312,3.435,rebalance
2021-07-07,UVXY,173,6910.691,1.0,rebalance
2021-07-08,IGV,-4487,78.39349539035608,22.435,rebalance
2021-07-08,UVXY,-14,7959.204,1.0,rebalance
2021-07-08,USO,543,48.714870084381104,2.715,rebalance
2021-07-08,XLRE,486,37.81477101155572,2.43,rebalance
2021-07-08,LIT,264,71.8429866239363,1.32,rebalance
2021-07-08,XLE,1407,21.188316197640123,7.035,rebalance
2021-07-08,REMX,4739,79.20858848441117,23.695,rebalance
2021-07-09,USO,-303,49.995,1.5150000000000001,rebalance
2021-07-09,XLRE,-235,38.19307622326328,1.175,rebalance
2021-07-09,LIT,-200,73.65071129966519,1.0,rebalance
2021-07-09,XLE,-673,21.714407916849503,3.365,rebalance
2021-07-09,REMX,-234,82.92420272248418,1.17,rebalance
2021-07-09,UVXY,-159,7371.76275,1.0,rebalance
2021-07-09,TQQQ,41454,30.029092537118775,207.27,rebalance
2021-07-12,LIT,-98,77.13185008120213,1.0,rebalance
2021-07-12,REMX,-124,87.57733099066544,1.0,rebalance
2021-07-12,TQQQ,-333,31.097725161434713,1.665,rebalance
2021-07-12,USO,210,49.944992626571654,1.05,rebalance
2021-07-12,XLRE,184,38.502758812036085,1.0,rebalance
2021-07-12,XLE,517,21.65244727389208,2.585,rebalance
2021-07-13,USO,-52,50.50494732170105,1.0,rebalance
2021-07-13,XLRE,-11,38.71317544323894,1.0,rebalance
2021-07-13,LIT,-12,77.66888624431779,1.0,rebalance
2021-07-13,XLE,-7,21.75584076019047,1.0,rebalance
2021-07-13,REMX,-62,89.24171978397254,1.0,rebalance
2021-07-13,TQQQ,311,31.0040711987677,1.555,rebalance
2021-07-14,USO,-62,51.124888068008424,1.0,rebalance
2021-07-14,TQQQ,-759,31.706358039244478,3.795,rebalance
2021-07-14,XLRE,126,38.38530267663554,1.0,rebalance
2021-07-14,LIT,93,76.53339846628326,1.0,rebalance
2021-07-14,XLE,62,21.76847595984568,1.0,rebalance
2021-07-14,REMX,160,86.37763035017075,1.0,rebalance
2021-07-15,XLRE,-206,38.64606538176791,1.03,rebalance
2021-07-15,LIT,-41,76.11531831527745,1.0,rebalance
2021-07-15,XLE,-17775,20.82362574582227,88.875,rebalance
2021-07-15,REMX,-127,87.69366300277494,1.0,rebalance
2021-07-15,USO,199,49.134914068222045,1.0,rebalance
2021-07-15,XLK,5189,73.54545506856904,25.945,rebalance
2021-07-15,TQQQ,30,31.248996765609483,1.0,rebalance
2021-07-16,USO,-88,49.39506152572632,1.0,rebalance
2021-07-16,XLRE,-114,38.86416582983542,1.0,rebalance
2021-07-16,XLK,-4,73.15559173776968,1.0,rebalance
2021-07-16,REMX,-14,87.44310334558469,1.0,rebalance
2021-07-16,LIT,12,75.46870398532668,1.0,rebalance
2021-07-16,TQQQ,304,30.83285359362263,1.52,rebalance
2021-07-19,USO,-52,47.615236931991575,1.0,rebalance
2021-07-19,XLRE,-310,38.42797119919554,1.55,rebalance
2021-07-19,XLK,-101,71.42890969805988,1.0,rebalance
2021-07-19,REMX,-21,84.1143273143647,1.0,rebalance
2021-07-19,LIT,9,72.12116009832181,1.0,rebalance
2021-07-19,TQQQ,785,28.966138056784427,3.9250000000000003,rebalance
2021-07-20,XLK,-3,71.65016285845613,1.0,rebalance
2021-07-20,LIT,-99,73.75619319562759,1.0,rebalance
2021-07-20,TQQQ,-449,29.347881798230457,2.245,rebalance
2021-07-20,USO,349,45.644563389587404,1.745,rebalance
2021-07-20,XLRE,36,38.376924036914794,1.0,rebalance
2021-07-20,REMX,40,83.52254558400708,1.0,rebalance
2021-07-21,USO,-46,47.355264610290526,1.0,rebalance
2021-07-21,LIT,-85,77.40996184876755,1.0,rebalance
2021-07-21,REMX,-173,89.75178035821091,1.0,rebalance
2021-07-21,XLRE,159,38.93904856490618,1.0,rebalance
2021-07-21,XLK,111,72.3379812152603,1.0,rebalance
2021-07-21,TQQQ,336,30.03623365283566,1.68,rebalance
2021-07-22,USO,-53,48.67513230514526,1.0,rebalance
2021-07-22,XLK,-5192,73.20368785420206,25.96,rebalance
2021-07-22,REMX,-44,92.61524280318528,1.0,rebalance
2021-07-22,TQQQ,-282,30.871863041380333,1.41,rebalance
2021-07-22,XLRE,284,38.62023465782676,1.42,rebalance
2021-07-22,LIT,14,78.81625720065692,1.0,rebalance
2021-07-22,IGV,4801,79.83883251000788,24.005,rebalance
2021-07-23,IGV,-9,81.07231954139242,1.0,rebalance
2021-07-23,TQQQ,-665,31.787185523678367,3.325,rebalance
2021-07-23,USO,10,49.254925,1.0,rebalance
2021-07-23,XLRE,134,38.6034530054866,1.0,rebalance
2021-07-23,LIT,129,77.7899492205137,1.0,rebalance
2021-07-23,REMX,66,92.33841512137712,1.0,rebalance
2021-07-26,REMX,-3,93.08950742774107,1.0,rebalance
2021-07-26,TQQQ,-404,32.33877835090526,2.02,rebalance
2021-07-26,USO,56,49.264924321365356,1.0,rebalance
2021-07-26,XLRE,38,38.73769657896588,1.0,rebalance
2021-07-26,LIT,90,76.96502984816192,1.0,rebalance
2021-07-26,IGV,27,81.19250286172854,1.0,rebalance
2021-07-27,USO,-55,49.575043830871586,1.0,rebalance
2021-07-27,XLRE,-24,38.80545421342264,1.0,rebalance
2021-07-27,IGV,-8,81.28422550623937,1.0,rebalance
2021-07-27,TQQQ,-260,32.531361774247,1.3,rebalance
2021-07-27,LIT,143,74.81645451141092,1.0,rebalance
2021-07-27,REMX,22,92.5442695338571,1.0,rebalance
2021-07-28,USO,-83,49.62503806800842,1.0,rebalance
2021-07-28,XLRE,-186,39.157763634215634,1.0,rebalance
2021-07-28,LIT,-107,75.64541001441553,1.0,rebalance
2021-07-28,IGV,-11,80.69647899113846,1.0,rebalance
2021-07-28,REMX,52,90.55734209583179,1.0,rebalance
2021-07-28,TQQQ,494,31.83160239336946,2.47,rebalance
2021-07-29,USO,-10,50.174982305145264,1.0,rebalance
2021-07-29,XLRE,-9891,38.99838254377487,49.455,rebalance
2021-07-29,LIT,-146,78.63748257735685,1.0,rebalance
2021-07-29,REMX,-124,94.1812041655663,1.0,rebalance
2021-07-29,XLK,5327,73.42519229858435,26.635,rebalance
2021-07-29,IGV,25,81.06853038021032,1.0,rebalance
2021-07-29,TQQQ,509,31.74123906515404,2.545,rebalance
2021-07-30,USO,-132,50.69493076286316,1.0,rebalance
2021-07-30,XLK,-31,73.35760313640668,1.0,rebalance
2021-07-30,LIT,-58,79.0210640289099,1.0,rebalance
2021-07-30,REMX,-101,95.88139072936035,1.0,rebalance
2021-07-30,IGV,17,80.23074107955466,1.0,rebalance
2021-07-30,TQQQ,705,30.99693638975672,3.525,rebalance
2021-08-02,REMX,-12,98.0737239037548,1.0,rebalance
2021-08-02,TQQQ,-488,31.98690309194462,2.44,rebalance
2021-08-02,USO,206,50.355033473968504,1.03,rebalance
2021-08-02,XLK,49,74.12755959717263,1.0,rebalance
2021-08-02,LIT,2,80.57156648750369,1.0,rebalance
2021-08-02,IGV,31,81.31447272066553,1.0,rebalance
2021-08-03,XLK,-56,73.65100930515463,1.0,rebalance
2021-08-03,IGV,-51,80.77844468180959,1.0,rebalance
2021-08-03,TQQQ,-365,31.72538774157691,1.825,rebalance
2021-08-03,USO,227,48.114811610412595,1.135,rebalance
2021-08-03,LIT,50,78.41340381876454,1.0,rebalance
2021-08-03,REMX,53,95.13979945577184,1.0,rebalance
2021-08-04,LIT,-136,81.70625305790898,1.0,rebalance
2021-08-04,REMX,-87,98.55692738151636,1.0,rebalance
2021-08-04,USO,209,47.544754915618896,1.045,rebalance
2021-08-04,XLK,51,73.94475484895219,1.0,rebalance
2021-08-04,IGV,54,80.98055346238642,1.0,rebalance
2021-08-04,TQQQ,51,32.124091956598,1.0,rebalance
2021-08-05,USO,-8305,47.33526615257263,41.525,rebalance
2021-08-05,IGV,-28,81.85597155111076,1.0,rebalance
2021-08-05,TQQQ,-238,32.46715979831835,1.19,rebalance
2021-08-05,XLK,2,74.28631385168553,1.0,rebalance
2021-08-05,LIT,25,81.70341526062762,1.0,rebalance
2021-08-05,SMH,3016,131.5714713758958,15.08,rebalance
2021-08-05,REMX,41,98.00384276024278,1.0,rebalance
2021-08-06,LIT,-37,82.5118018133657,1.0,rebalance
2021-08-06,REMX,-58,99.69338217935338,1.0,rebalance
2021-08-06,XLK,10,74.30073427835815,1.0,rebalance
2021-08-06,SMH,42,130.03347358656004,1.0,rebalance
2021-08-06,IGV,24,81.6243950339476,1.0,rebalance
2021-08-06,TQQQ,20,32.52834635481457,1.0,rebalance
2021-08-09,XLK,-19,74.56963893997478,1.0,rebalance
2021-08-09,SMH,-11,130.526495377906,1.0,rebalance
2021-08-09,IGV,-28,82.10585277442058,1.0,rebalance
2021-08-09,TQQQ,-34,32.55037640675773,1.0,rebalance
2021-08-09,LIT,18,82.20220641900616,1.0,rebalance
2021-08-09,REMX,49,98.46030416028344,1.0,rebalance
2021-08-10,REMX,-10,98.89697117218181,1.0,rebalance
2021-08-10,TQQQ,-189,32.75484468090518,1.0,rebalance
2021-08-10,XLK,22,74.39213355373462,1.0,rebalance
2021-08-10,LIT,35,81.74177221122707,1.0,rebalance
2021-08-10,SMH,9,130.324567757856,1.0,rebalance
2021-08-10,IGV,17,81.94032612468081,1.0,rebalance
2021-08-11,LIT,-99,83.5283363812702,1.0,rebalance
2021-08-11,REMX,-150,102.81634051010775,1.0,rebalance
2021-08-11,XLK,35,73.9783989378633,1.0,rebalance
2021-08-11,SMH,40,128.77686019060417,1.0,rebalance
2021-08-11,IGV,29,81.54842053621584,1.0,rebalance
2021-08-11,TQQQ,419,32.45939167844531,2.095,rebalance
2021-08-12,XLK,-46,73.6413811682526,1.0,rebalance
2021-08-12,LIT,-40,83.13516074049677,1.0,rebalance
2021-08-12,SMH,-2,127.22305554558095,1.0,rebalance
2021-08-12,REMX,-24,102.11837414871282,1.0,rebalance
2021-08-12,IGV,9,80.33671021150566,1.0,rebalance
2021-08-12,TQQQ,276,31.81971312593494,1.3800000000000001,rebalance
2021-08-13,IGV,-28,81.53011658937501,1.0,rebalance
2021-08-13,TQQQ,-347,32.37681195468841,1.735,rebalance
2021-08-13,XLK,8,74.20453339913905,1.0,rebalance
2021-08-13,LIT,52,82.96953581107664,1.0,rebalance
2021-08-13,SMH,43,126.59837488002259,1.0,rebalance
2021-08-13,REMX,30,102.23726066784796,1.0,rebalance
2021-08-16,XLK,-73,74.36763211220794,1.0,rebalance
2021-08-16,SMH,-41,126.79135161654595,1.0,rebalance
2021-08-16,IGV,-40,81.25823085151328,1.0,rebalance
2021-08-16,TQQQ,-396,32.31975506022318,1.98,rebalance
2021-08-16,LIT,141,79.67952977583955,1.0,rebalance
2021-08-16,REMX,160,97.06407480287487,1.0,rebalance
2021-08-17,XLK,-95,74.42537283148627,1.0,rebalance
2021-08-17,SMH,-23,125.58349697748062,1.0,rebalance
2021-08-17,IGV,-35,80.45058666568309,1.0,rebalance
2021-08-17,TQQQ,-182,31.908452048208648,1.0,rebalance
2021-08-17,LIT,84,76.99381336275472,1.0,rebalance
2021-08-17,REMX,131,92.39211459317308,1.0,rebalance
2021-08-18,LIT,-48,77.39078630269009,1.0,rebalance
2021-08-18,IGV,-39,80.73846792825455,1.0,rebalance
2021-08-18,SMH,17,124.27920855564173,1.0,rebalance
2021-08-18,REMX,2,91.94460643826254,1.0,rebalance
2021-08-18,TQQQ,144,31.650875261422804,1.0,rebalance
2021-08-19,XLK,-25,72.83333731659442,1.0,rebalance
2021-08-19,LIT,-124,77.64012295688941,1.0,rebalance
2021-08-19,SMH,-3090,121.77557411626715,15.450000000000001,rebalance
2021-08-19,IGV,-29,79.46102308049092,1.0,rebalance
2021-08-19,REMX,-102,92.19467588012073,1.0,rebalance
2021-08-19,XLRE,9683,38.80481829082966,48.415,rebalance
2021-08-19,TQQQ,778,30.376276550760416,3.89,rebalance
2021-08-20,TQQQ,-737,31.608881216601837,3.685,rebalance
2021-08-20,XLRE,104,39.232717517163124,1.0,rebalance
2021-08-20,XLK,12,74.24782726666189,1.0,rebalance
2021-08-20,LIT,89,77.91463130428176,1.0,rebalance
2021-08-20,IGV,13,80.98055805465266,1.0,rebalance
2021-08-20,REMX,110,91.7387453512565,1.0,rebalance
2021-08-23,LIT,-17,80.16226681478904,1.0,rebalance
2021-08-23,REMX,-87,96.06035466091436,1.0,rebalance
2021-08-23,TQQQ,-214,32.57890304003479,1.07,rebalance
2021-08-23,XLRE,166,39.55154788863237,1.0,rebalance
2021-08-23,XLK,69,75.11856231068836,1.0,rebalance
2021-08-23,IGV,63,81.94032807068639,1.0,rebalance
2021-08-24,REMX,-28,99.19227222252925,1.0,rebalance
2021-08-24,TQQQ,-586,33.90554920173622,2.93,rebalance
2021-08-24,XLRE,299,39.38374907070663,1.495,rebalance
2021-08-24,XLK,73,75.98446235273944,1.0,rebalance
2021-08-24,LIT,34,81.63627127320488,1.0,rebalance
2021-08-24,IGV,29,83.5399381079984,1.0,rebalance
2021-08-25,IGV,-12,83.96703957415951,1.0,rebalance
2021-08-25,REMX,-13,99.77390716131657,1.0,rebalance
2021-08-25,TQQQ,-142,34.11476977182119,1.0,rebalance
2021-08-25,XLRE,130,38.98940963114726,1.0,rebalance
2021-08-25,XLK,14,75.97964710438293,1.0,rebalance
2021-08-25,LIT,14,81.60749725315762,1.0,rebalance
2021-08-26,XLRE,-10382,38.98160009757998,51.910000000000004,rebalance
2021-08-26,IGV,-18,83.92506147559949,1.0,rebalance
2021-08-26,REMX,-11,99.63073576837792,1.0,rebalance
2021-08-26,QQQ,1112,362.54393640617894,5.5600000000000005,rebalance
2021-08-26,XLK,1,75.66694907764877,1.0,rebalance
2021-08-26,LIT,25,80.8880937470576,1.0,rebalance
2021-08-26,TQQQ,59,33.926593083063025,1.0,rebalance
2021-08-27,QQQ,-4,361.6474350660848,1.0,rebalance
2021-08-27,XLK,-13,75.33438840360164,1.0,rebalance
2021-08-27,LIT,-9,80.48833452406248,1.0,rebalance
2021-08-27,IGV,-21,83.7451330772953,1.0,rebalance
2021-08-27,REMX,49,97.78904436118434,1.0,rebalance
2021-08-27,TQQQ,3,33.69355102895802,1.0,rebalance
2021-08-30,REMX,-92,102.56579145403268,1.0,rebalance
2021-08-30,TQQQ,-190,34.71152301121217,1.0,rebalance
2021-08-30,QQQ,15,365.38469122370736,1.0,rebalance
2021-08-30,XLK,70,76.23462889179814,1.0,rebalance
2021-08-30,LIT,17,82.23096360421445,1.0,rebalance
2021-08-30,IGV,42,85.0895784298789,1.0,rebalance
2021-08-31,REMX,-41,105.33976862037343,1.0,rebalance
2021-08-31,TQQQ,-472,35.714832455465604,2.36,rebalance
2021-08-31,QQQ,8,368.93343334042,1.0,rebalance
2021-08-31,XLK,44,76.8744417818327,1.0,rebalance
2021-08-31,LIT,90,82.11586538557381,1.0,rebalance
2021-08-31,IGV,90,84.92761277273449,1.0,rebalance
2021-09-01,QQQ,-7,369.3733961383044,1.0,rebalance
2021-09-01,XLK,-15,76.67149411064483,1.0,rebalance
2021-09-01,IGV,-26,84.9206184535905,1.0,rebalance
2021-09-01,TQQQ,-362,35.85985661698465,1.81,rebalance
2021-09-01,LIT,96,80.16872684698593,1.0,rebalance
2021-09-01,REMX,110,101.90609926965854,1.0,rebalance
2021-09-02,REMX,-23,103.01320641648144,1.0,rebalance
2021-09-02,TQQQ,-105,36.126139414273645,1.0,rebalance
2021-09-02,QQQ,2,370.34900713632794,1.0,rebalance
2021-09-02,XLK,22,76.72532423627088,1.0,rebalance
2021-09-02,LIT,41,79.90973361742176,1.0,rebalance
2021-09-02,IGV,5,85.23353279697069,1.0,rebalance
2021-09-03,QQQ,-6,367.6090869995342,1.0,rebalance
2021-09-03,XLK,-38,76.25302566702013,1.0,rebalance
2021-09-03,LIT,-9,79.00188261076279,1.0,rebalance
2021-09-03,IGV,-45,84.91062559281988,1.0,rebalance
2021-09-03,REMX,-14,102.01098660232834,1.0,rebalance
2021-09-03,TQQQ,315,35.36051784344897,1.575,rebalance
2021-09-07,LIT,-81,81.51445740103746,1.0,rebalance
2021-09-07,REMX,-11,103.9080441339418,1.0,rebalance
2021-09-07,TQQQ,-116,36.03103631033225,1.0,rebalance
2021-09-07,QQQ,9,370.06770504181463,1.0,rebalance
2021-09-07,XLK,50,76.75417111665946,1.0,rebalance
2021-09-07,IGV,52,85.32750864434966,1.0,rebalance
2021-09-08,QQQ,-1,370.2361013265283,1.0,rebalance
2021-09-08,XLK,-1,76.65705275893667,1.0,rebalance
2021-09-08,LIT,-5,81.48568152553959,1.0,rebalance
2021-09-08,TQQQ,-120,36.09284301502853,1.0,rebalance
2021-09-08,IGV,30,84.69767048127453,1.0,rebalance
2021-09-08,REMX,28,102.98010349667676,1.0,rebalance
2021-09-09,QQQ,-5,369.34431263997305,1.0,rebalance
2021-09-09,XLK,-22,76.42618364317696,1.0,rebalance
2021-09-09,LIT,23,80.55240001722754,1.0,rebalance
2021-09-09,IGV,4,84.0418195611911,1.0,rebalance
2021-09-09,REMX,12,102.01350147292392,1.0,rebalance
2021-09-09,TQQQ,5,35.8432479004383,1.0,rebalance
2021-09-10,LIT,-67,82.31041293663328,1.0,rebalance
2021-09-10,REMX,-98,105.41136074278047,1.0,rebalance
2021-09-10,QQQ,8,369.63148704492454,1.0,rebalance
2021-09-10,XLK,39,76.52325664791346,1.0,rebalance
2021-09-10,IGV,9,84.58969221958084,1.0,rebalance
2021-09-10,TQQQ,253,35.90745553572449,1.2650000000000001,rebalance
2021-09-13,QQQ,-4,367.38613083413935,1.0,rebalance
2021-09-13,XLK,-12,75.9067588077326,1.0,rebalance
2021-09-13,LIT,-11,81.63911028781848,1.0,rebalance
2021-09-13,IGV,-18,84.02901682651112,1.0,rebalance
2021-09-13,REMX,-51,105.70666123758639,1.0,rebalance
2021-09-13,TQQQ,290,35.26302737320706,1.45,rebalance
2021-09-14,QQQ,-4,366.2907521291631,1.0,rebalance
2021-09-14,XLK,-18,75.6806976642779,1.0,rebalance
2021-09-14,LIT,-84,82.50220729602229,1.0,rebalance
2021-09-14,IGV,38,82.86410268297504,1.0,rebalance
2021-09-14,REMX,21,104.48372998414942,1.0,rebalance
2021-09-14,TQQQ,126,34.94437448990657,1.0,rebalance
2021-09-15,XLK,-19,75.51715838967607,1.0,rebalance
2021-09-15,LIT,-45,82.78032995479572,1.0,rebalance
2021-09-15,IGV,-6,82.50368190071757,1.0,rebalance
2021-09-15,REMX,-87,106.25250715815041,1.0,rebalance
2021-09-15,TQQQ,433,34.3593900685755,2.165,rebalance
2021-09-16,QQQ,-3,365.1468369457395,1.0,rebalance
2021-09-16,XLK,-12,75.65183639398157,1.0,rebalance
2021-09-16,IGV,-42,83.16339372540739,1.0,rebalance
2021-09-16,TQQQ,-293,34.60453881693391,1.465,rebalance
2021-09-16,LIT,108,80.97442880234074,1.0,rebalance
2021-09-16,REMX,66,104.35842400247945,1.0,rebalance
2021-09-17,QQQ,-1120,366.2519618848559,5.6000000000000005,rebalance
2021-09-17,IGV,-4915,84.08698347610522,24.575,rebalance
2021-09-17,TQQQ,-285,34.925495661087695,1.425,rebalance
2021-09-17,XLK,2,75.78242424139282,1.0,rebalance
2021-09-17,LIT,35,80.58117274769766,1.0,rebalance
2021-09-17,SMH,3070,133.42488094259454,15.35,rebalance
2021-09-17,REMX,112,101.71814286506321,1.0,rebalance
2021-09-17,BOTZ,10624,38.53343659687392,53.120000000000005,rebalance
2021-09-20,XLK,-138,73.68416410711532,1.0,rebalance
2021-09-20,LIT,-54,77.17981087759475,1.0,rebalance
2021-09-20,SMH,-53,128.649224773066,1.0,rebalance
2021-09-20,REMX,-34,97.19678915874749,1.0,rebalance
2021-09-20,BOTZ,-278,37.509030058294655,1.3900000000000001,rebalance
2021-09-20,TQQQ,1083,32.20256994549396,5.415,rebalance
2021-09-21,XLK,-20,73.8672690666709,1.0,rebalance
2021-09-21,SMH,-14,129.080951198058,1.0,rebalance
2021-09-21,TQQQ,-31,32.186611391355974,1.0,rebalance
2021-09-21,BOTZ,-155,38.03218338380124,1.0,rebalance
2021-09-21,LIT,23,76.72523390200166,1.0,rebalance
2021-09-21,REMX,88,94.95183897138769,1.0,rebalance
2021-09-22,LIT,-72,78.20594131031655,1.0,rebalance
2021-09-22,REMX,-89,97.5726203322376,1.0,rebalance
2021-09-22,XLK,26,73.86277086561752,1.0,rebalance
2021-09-22,SMH,10,129.237768222526,1.0,rebalance
2021-09-22,TQQQ,345,32.06939380595318,1.725,rebalance
2021-09-22,BOTZ,2,38.2076358417511,1.0,rebalance
2021-09-23,REMX,-3,99.78285786308749,1.0,rebalance
2021-09-23,TQQQ,-316,33.02587329727556,1.58,rebalance
2021-09-23,XLK,44,74.85550622010211,1.0,rebalance
2021-09-23,LIT,4,79.86177008104582,1.0,rebalance
2021-09-23,SMH,8,131.71705283479565,1.0,rebalance
2021-09-23,BOTZ,155,38.4643229427301,1.0,rebalance
2021-09-24,XLK,-19,74.99472521977872,1.0,rebalance
2021-09-24,LIT,-8,79.84580024411036,1.0,rebalance
2021-09-24,SMH,-3021,131.45299553888225,15.105,rebalance
2021-09-24,TQQQ,-17,32.98070383829703,1.0,rebalance
2021-09-24,IGV,4735,83.90585459539221,23.675,rebalance
2021-09-24,REMX,25,98.91674774101641,1.0,rebalance
2021-09-27,XLK,-32,74.86944710391116,1.0,rebalance
2021-09-27,LIT,-32,79.74031144015203,1.0,rebalance
2021-09-27,IGV,-38,83.94504799905343,1.0,rebalance
2021-09-27,TQQQ,-159,32.85944856640529,1.0,rebalance
2021-09-27,REMX,112,95.56045351586569,1.0,rebalance
2021-09-27,BOTZ,71,37.83246481399536,1.0,rebalance
2021-09-28,XLK,-65,73.81428797757667,1.0,rebalance
2021-09-28,LIT,-30,78.12921744292854,1.0,rebalance
2021-09-28,REMX,-52,94.25278744770064,1.0,rebalance
2021-09-28,BOTZ,-50,37.025362859601415,1.0,rebalance
2021-09-28,IGV,2,81.70038657033298,1.0,rebalance
2021-09-28,TQQQ,434,31.66038662102725,2.17,rebalance
2021-09-29,XLK,-64,72.85544222680127,1.0,rebalance
2021-09-29,LIT,-54,77.01676452487503,1.0,rebalance
2021-09-29,IGV,-49,80.49457539046091,1.0,rebalance
2021-09-29,BOTZ,-160,36.66013801536822,1.0,rebalance
2021-09-29,REMX,12,91.60450327775267,1.0,rebalance
2021-09-29,TQQQ,576,30.428595566825507,2.88,rebalance
2021-09-30,LIT,-109,78.9731179454069,1.0,rebalance
2021-09-30,REMX,-23,92.33784295843812,1.0,rebalance
2021-09-30,XLK,9,72.90376652343308,1.0,rebalance
2021-09-30,IGV,23,80.28472895142605,1.0,rebalance
2021-09-30,TQQQ,157,30.385791600591624,1.0,rebalance
2021-09-30,BOTZ,94,36.41078357468027,1.0,rebalance
2021-10-01,XLK,-5146,72.20499631714947,25.73,rebalance
2021-10-01,LIT,-10,78.25387134370688,1.0,rebalance
2021-10-01,IGV,-4673,80.40461082561897,23.365000000000002,rebalance
2021-10-01,REMX,-68,92.87474211043809,1.0,rebalance
2021-10-01,USO,7050,52.62526093177795,35.25,rebalance
2021-10-01,XLF,10743,34.53632596045916,53.715,rebalance
2021-10-01,TQQQ,367,29.784161092675085,1.835,rebalance
2021-10-01,BOTZ,36,35.85791277996953,1.0,rebalance
2021-10-04,USO,-191,54.06459269485474,1.0,rebalance
2021-10-04,XLF,-133,34.95151990232122,1.0,rebalance
2021-10-04,LIT,49,77.41586277541896,1.0,rebalance
2021-10-04,REMX,32,92.09675837559311,1.0,rebalance
2021-10-04,TQQQ,33,29.748495313628528,1.0,rebalance
2021-10-04,BOTZ,204,35.176687265735616,1.02,rebalance
2021-10-05,USO,-279,55.2644734577179,1.395,rebalance
2021-10-05,LIT,-65,76.95923860079901,1.0,rebalance
2021-10-05,XLF,-210,34.960694530780096,1.05,rebalance
2021-10-05,BOTZ,-45,34.63662987782369,1.0,rebalance
2021-10-05,REMX,32,89.5728286428789,1.0,rebalance
2021-10-05,TQQQ,930,28.528591183754614,4.65,rebalance
2021-10-06,XLF,-53,35.06162379727707,1.0,rebalance
2021-10-06,REMX,-13,89.66228688033708,1.0,rebalance
2021-10-06,TQQQ,-196,28.591834385426935,1.0,rebalance
2021-10-06,USO,44,54.775477457809444,1.0,rebalance
2021-10-06,LIT,21,76.44706032478068,1.0,rebalance
2021-10-06,BOTZ,135,34.120302816728824,1.0,rebalance
2021-10-07,TQQQ,-1361,30.74585595298157,6.805,rebalance
2021-10-07,USO,365,54.02540245780945,1.825,rebalance
2021-10-07,LIT,86,78.14483220693519,1.0,rebalance
2021-10-07,XLF,202,35.79369885811567,1.01,rebalance
2021-10-07,REMX,45,92.29366195196418,1.0,rebalance
2021-10-07,BOTZ,111,35.147066930947176,1.0,rebalance
2021-10-08,USO,-265,55.71442922058105,1.325,rebalance
2021-10-08,LIT,-4832,77.75519451156731,24.16,rebalance
2021-10-08,XLF,-47,35.66724890028483,1.0,rebalance
2021-10-08,REMX,-66,93.06266263307336,1.0,rebalance
2021-10-08,TQQQ,-741,31.066812983014774,3.705,rebalance
2021-10-08,BOTZ,-138,35.317713556335974,1.0,rebalance
2021-10-08,XLE,16105,23.26189081503712,80.525,rebalance
2021-10-11,USO,-141,56.40435884742737,1.0,rebalance
2021-10-11,XLF,-155,35.88747335476297,1.0,rebalance
2021-10-11,XLE,-684,24.079164194780954,3.42,rebalance
2021-10-11,REMX,-46,93.32216921498318,1.0,rebalance
2021-10-11,BOTZ,-12,35.051201383445346,1.0,rebalance
2021-10-11,TQQQ,1731,29.929221985306878,8.655,rebalance
2021-10-12,USO,-14,56.31436769485474,1.0,rebalance
2021-10-12,REMX,-18,93.40269279127592,1.0,rebalance
2021-10-12,TQQQ,-585,29.996937363308437,2.9250000000000003,rebalance
2021-10-12,XLF,101,35.40823648035652,1.0,rebalance
2021-10-12,XLE,259,23.593247590408527,1.295,rebalance
2021-10-12,BOTZ,21,34.850879890272594,1.0,rebalance
2021-10-13,REMX,-94,95.72926699019858,1.0,rebalance
2021-10-13,BOTZ,-104,35.21900598764178,1.0,rebalance
2021-10-13,USO,85,55.635564068222045,1.0,rebalance
2021-10-13,XLF,30,35.33480958967945,1.0,rebalance
2021-10-13,XLE,82,23.488382994193483,1.0,rebalance
2021-10-13,TQQQ,351,29.910196065521912,1.7550000000000001,rebalance
2021-10-14,REMX,-44,99.32649285994836,1.0,rebalance
2021-10-14,TQQQ,-94,30.933668792234354,1.0,rebalance
2021-10-14,USO,48,56.655666526031496,1.0,rebalance
2021-10-14,XLF,208,35.536721599975735,1.04,rebalance
2021-10-14,XLE,122,23.90782232445455,1.0,rebalance
2021-10-14,BOTZ,33,36.015871366928884,1.0,rebalance
2021-10-15,USO,-260,57.244275,1.3,rebalance
2021-10-15,XLF,-10686,36.07100443007851,53.43,rebalance
2021-10-15,XLE,-641,24.192391711282085,3.205,rebalance
2021-10-15,REMX,-166,100.84771005768371,1.0,rebalance
2021-10-15,TQQQ,-3184,32.00116191285579,15.92,rebalance
2021-10-15,BOTZ,-584,37.02536297205034,2.92,rebalance
2021-10-15,COPX,10519,35.06017660618977,52.595,rebalance
2021-10-18,USO,-44,57.7242265422821,1.0,rebalance
2021-10-18,COPX,-79,35.373527961594085,1.0,rebalance
2021-10-18,XLE,-31,24.27626295799667,1.0,rebalance
2021-10-18,REMX,-40,102.10047807119469,1.0,rebalance
2021-10-18,TQQQ,548,31.924344501233783,2.74,rebalance
2021-10-18,BOTZ,124,36.6279798492267,1.0,rebalance
2021-10-19,USO,226,56.9056915260315,1.1300000000000001,rebalance
2021-10-19,COPX,92,35.79003309471759,1.0,rebalance
2021-10-19,XLE,387,24.163674853887162,1.935,rebalance
2021-10-19,REMX,51,102.76530975460015,1.0,rebalance
2021-10-19,TQQQ,1175,33.53897940309496,5.875,rebalance
2021-10-19,BOTZ,62,37.151243504167795,1.0,rebalance
2021-10-20,REMX,-20,104.06016300911669,1.0,rebalance
2021-10-20,TQQQ,-398,34.11477333160117,1.99,rebalance
2021-10-20,USO,36,57.0057,1.0,rebalance
2021-10-20,COPX,159,35.51411710425657,1.0,rebalance
2021-10-20,XLE,122,24.151097440814844,1.0,rebalance
2021-10-20,BOTZ,109,37.02289643028215,1.0,rebalance
2021-10-21,USO,-114,57.57424383087158,1.0,rebalance
2021-10-21,XLE,-237,24.339165331028454,1.185,rebalance
2021-10-21,REMX,-28,104.12280079915999,1.0,rebalance
2021-10-21,COPX,165,34.72194831132893,1.0,rebalance
2021-10-21,TQQQ,284,33.63410615623968,1.42,rebalance
2021-10-21,BOTZ,27,36.65760514501661,1.0,rebalance
2021-10-22,COPX,-10856,34.074268714718016,54.28,rebalance
2021-10-22,TQQQ,-473,34.11001898273268,2.365,rebalance
2021-10-22,BOTZ,-10282,36.887176760498434,51.410000000000004,rebalance
2021-10-22,USO,463,57.745775678634644,2.315,rebalance
2021-10-22,LIT,4794,84.41789545560255,23.97,rebalance
2021-10-22,XLF,10956,36.94093420465485,54.78,rebalance
2021-10-22,XLE,1263,24.16787370244771,6.315,rebalance
2021-10-22,REMX,318,102.69370356094322,1.59,rebalance
2021-10-25,USO,-45,58.41415616912842,1.0,rebalance
2021-10-25,LIT,-61,85.9545952172226,1.0,rebalance
2021-10-25,XLF,-69,37.36481865707541,1.0,rebalance
2021-10-25,XLE,-211,24.599168159763344,1.055,rebalance
2021-10-25,REMX,43,102.19249463145843,1.0,rebalance
2021-10-25,TQQQ,332,34.00269656827512,1.6600000000000001,rebalance
2021-10-26,REMX,-102,107.22787171086003,1.0,rebalance
2021-10-26,TQQQ,-560,35.26310467709971,2.8000000000000003,rebalance
2021-10-26,USO,198,58.08580983123779,1.0,rebalance
2021-10-26,LIT,32,87.3050544825935,1.0,rebalance
2021-10-26,XLF,258,37.326397321787184,1.29,rebalance
2021-10-26,XLE,274,24.74669422672267,1.37,rebalance
2021-10-27,LIT,-48,87.68079007059495,1.0,rebalance
2021-10-27,XLF,-17,37.162950875646416,1.0,rebalance
2021-10-27,TQQQ,-26,35.08240749164387,1.0,rebalance
2021-10-27,USO,13,57.6457633895874,1.0,rebalance
2021-10-27,XLE,46,24.536977027937674,1.0,rebalance
2021-10-27,REMX,36,105.6114515885776,1.0,rebalance
2021-10-28,TQQQ,-864,35.73622893812864,4.32,rebalance
2021-10-28,USO,72,56.855683473968504,1.0,rebalance
2021-10-28,LIT,61,86.23076354335308,1.0,rebalance
2021-10-28,XLF,70,36.79408783863002,1.0,rebalance
2021-10-28,XLE,339,23.96235271440816,1.695,rebalance
2021-10-28,REMX,105,102.4878555149267,1.0,rebalance
2021-10-29,LIT,-4778,87.17252460036717,23.89,rebalance
2021-10-29,XLF,-68,37.13541205862762,1.0,rebalance
2021-10-29,XLE,-243,24.381103164621468,1.215,rebalance
2021-10-29,REMX,-4020,103.97067238482335,20.1,rebalance
2021-10-29,USO,31,56.7956799156189,1.0,rebalance
2021-10-29,XLY,4346,95.11182482347989,21.73,rebalance
2021-10-29,TQQQ,413,35.477045677953164,2.065,rebalance
2021-10-29,TAN,4250,97.20854503971204,21.25,rebalance
2021-11-01,TQQQ,-705,37.04147461936722,3.525,rebalance
2021-11-01,USO,40,57.91579084739685,1.0,rebalance
2021-11-01,XLY,16,97.16906106212785,1.0,rebalance
2021-11-01,XLF,262,37.207082864289355,1.31,rebalance
2021-11-01,XLE,459,24.34403561290541,2.295,rebalance
2021-11-01,TAN,13,99.42574988684544,1.0,rebalance
2021-11-02,XLY,-14,97.36537306392782,1.0,rebalance
2021-11-02,XLE,-41,24.372715512264403,1.0,rebalance
2021-11-02,TQQQ,-96,37.09616520520484,1.0,rebalance
2021-11-02,TAN,-3,99.38598696332106,1.0,rebalance
2021-11-02,USO,69,57.31573237342835,1.0,rebalance
2021-11-02,XLF,62,36.95928233824732,1.0,rebalance
2021-11-03,XLY,-14,97.52357855409616,1.0,rebalance
2021-11-03,XLF,-10,36.93355125644066,1.0,rebalance
2021-11-03,TQQQ,-852,37.883103369489035,4.26,rebalance
2021-11-03,USO,139,56.16561584739685,1.0,rebalance
2021-11-03,XLE,246,23.995901918479674,1.23,rebalance
2021-11-03,TAN,215,94.43457980759,1.075,rebalance
2021-11-04,TQQQ,-37188,39.331013724990015,185.94,rebalance
2021-11-04,USO,41,57.31573237342835,1.0,rebalance
2021-11-04,XLY,11,99.80172516006996,1.0,rebalance
2021-11-04,XLF,259,37.06024027166657,1.295,rebalance
2021-11-04,XLE,126,24.444699266965152,1.0,rebalance
2021-11-04,TAN,10,96.70148414059011,1.0,rebalance
2021-11-04,UVXY,401,3602.86025,2.005,rebalance
2021-11-05,XLY,-34,101.27764231411159,1.0,rebalance
2021-11-05,XLF,-11703,36.99777350981527,58.515,rebalance
2021-11-05,UVXY,-5,3679.632,1.0,rebalance
2021-11-05,USO,278,55.65556652603149,1.3900000000000001,rebalance
2021-11-05,XLE,115,24.453091508082416,1.0,rebalance
2021-11-05,TAN,24,96.83073377479043,1.0,rebalance
2021-11-05,BOTZ,11016,39.461475062945034,55.08,rebalance
2021-11-08,UVXY,-10,3849.6150000000002,1.0,rebalance
2021-11-08,USO,19,56.58565983123779,1.0,rebalance
2021-11-08,XLY,129,100.22851113169916,1.0,rebalance
2021-11-08,XLE,203,24.641831001938428,1.0150000000000001,rebalance
2021-11-08,TAN,98,96.59211563404016,1.0,rebalance
2021-11-08,BOTZ,255,39.244268627166846,1.2750000000000001,rebalance
2021-11-09,UVXY,-8,3994.6005,1.0,rebalance
2021-11-09,USO,48,57.215720084381104,1.0,rebalance
2021-11-09,XLY,76,100.23332503816013,1.0,rebalance
2021-11-09,XLE,278,24.687970213633374,1.3900000000000001,rebalance
2021-11-09,TAN,77,96.65177177125098,1.0,rebalance
2021-11-09,BOTZ,185,39.431855971711,1.0,rebalance
2021-11-10,USO,-26,57.78422191543579,1.0,rebalance
2021-11-10,UVXY,-378,4177.08225,1.8900000000000001,rebalance
2021-11-10,XLY,163,97.38964550884282,1.0,rebalance
2021-11-10,XLE,147,24.654418338671576,1.0,rebalance
2021-11-10,TQQQ,39261,38.694442944554844,196.305,rebalance
2021-11-10,TAN,177,93.74853799771009,1.0,rebalance
2021-11-10,BOTZ,664,37.56786860117835,3.3200000000000003,rebalance
2021-11-11,XLY,-71,98.68383590471467,1.0,rebalance
2021-11-11,TQQQ,-88,38.693842530849665,1.0,rebalance
2021-11-11,TAN,-41,94.35605049973451,1.0,rebalance
2021-11-11,BOTZ,-110,37.86437831353609,1.0,rebalance
2021-11-11,USO,171,56.445642626571654,1.0,rebalance
2021-11-11,XLE,365,24.121731839975407,1.825,rebalance
2021-11-12,XLY,-4608,97.40854432824501,23.04,rebalance
2021-11-12,XLE,-6,24.091750729964676,1.0,rebalance
2021-11-12,TAN,-194,98.15334725232603,1.0,rebalance
2021-11-12,BOTZ,-12010,37.499165310102434,60.050000000000004,rebalance
2021-11-12,USO,78,55.81558237342834,1.0,rebalance
2021-11-12,LIT,4942,91.86118944807454,24.71,rebalance
2021-11-12,SMH,3129,145.08865168630876,15.645,rebalance
2021-11-12,TQQQ,155,38.47804919003499,1.0,rebalance
2021-11-15,SMH,-3,147.0339078583832,1.0,rebalance
2021-11-15,TQQQ,-727,39.682884517159735,3.6350000000000002,rebalance
2021-11-15,USO,162,55.3955383895874,1.0,rebalance
2021-11-15,LIT,156,90.15383259368643,1.0,rebalance
2021-11-15,XLE,213,24.117537721057538,1.065,rebalance
2021-11-15,TAN,11,99.09764115349408,1.0,rebalance
2021-11-16,USO,-157,55.9944,1.0,rebalance
2021-11-16,XLE,-382,24.40626778878127,1.9100000000000001,rebalance
2021-11-16,LIT,31,88.8781258575513,1.0,rebalance
2021-11-16,SMH,7,145.50104618718814,1.0,rebalance
2021-11-16,TQQQ,295,39.067789640196864,1.475,rebalance
2021-11-16,TAN,28,97.70568532946604,1.0,rebalance
2021-11-17,SMH,-10,147.80521040612234,1.0,rebalance
2021-11-17,TQQQ,-654,40.22970329445991,3.27,rebalance
2021-11-17,USO,123,55.8655866104126,1.0,rebalance
2021-11-17,LIT,24,89.56872794638514,1.0,rebalance
2021-11-17,XLE,449,24.138513422580587,2.245,rebalance
2021-11-17,TAN,82,97.23838056741417,1.0,rebalance
2021-11-18,SMH,-34,150.28883623820062,1.0,rebalance
2021-11-18,TQQQ,-333,40.81694209610062,1.665,rebalance
2021-11-18,USO,121,55.375535931777954,1.0,rebalance
2021-11-18,LIT,28,89.60709585457376,1.0,rebalance
2021-11-18,XLE,261,23.949765704325362,1.305,rebalance
2021-11-18,TAN,33,97.11906709601257,1.0,rebalance
2021-11-19,LIT,-5181,88.84115966169661,25.905,rebalance
2021-11-19,TQQQ,-933,41.946250408061836,4.665,rebalance
2021-11-19,USO,101,54.84548415260315,1.0,rebalance
2021-11-19,XLY,4610,100.94782406424704,23.05,rebalance
2021-11-19,SMH,8,150.22672216757675,1.0,rebalance
2021-11-19,XLE,549,23.34577828228841,2.745,rebalance
2021-11-19,TAN,153,94.32520897599699,1.0,rebalance
2021-11-22,XLY,-3,102.01599294664716,1.0,rebalance
2021-11-22,SMH,-7,152.1176079999435,1.0,rebalance
2021-11-22,TQQQ,-227,42.626233034360396,1.135,rebalance
2021-11-22,TAN,-144,98.1434100424841,1.0,rebalance
2021-11-22,USO,220,53.995400678634645,1.1,rebalance
2021-11-22,XLE,584,22.896984748874456,2.92,rebalance
2021-11-23,USO,-422,55.44445576286316,2.11,rebalance
2021-11-23,XLY,-69,101.20094211090534,1.0,rebalance
2021-11-23,XLE,-1090,23.6388479089476,5.45,rebalance
2021-11-23,SMH,5,148.4024375291498,1.0,rebalance
2021-11-23,TQQQ,1247,40.29482005706473,6.235,rebalance
2021-11-23,TAN,54,94.83228076815391,1.0,rebalance
2021-11-24,USO,-167,55.80442037315369,1.0,rebalance
2021-11-24,SMH,-7,146.66041155974975,1.0,rebalance
2021-11-24,XLE,-499,23.924009410415977,2.495,rebalance
2021-11-24,XLY,21,99.3365668909849,1.0,rebalance
2021-11-24,TQQQ,411,39.31034060036101,2.055,rebalance
2021-11-24,TAN,43,92.68467908995919,1.0,rebalance
2021-11-26,XLY,-33,98.91877817204234,1.0,rebalance
2021-11-26,SMH,-38,146.8010976528573,1.0,rebalance
2021-11-26,TQQQ,-773,39.65196906862479,3.865,rebalance
2021-11-26,USO,439,52.33523483123779,2.195,rebalance
2021-11-26,XLE,466,23.085728111193525,2.33,rebalance
2021-11-26,TAN,64,90.42771711396118,1.0,rebalance
2021-11-29,USO,-8555,51.96480422058106,42.775,rebalance
2021-11-29,SMH,-7,147.71305050467654,1.0,rebalance
2021-11-29,XLE,-523,23.8149718707963,2.615,rebalance
2021-11-29,TAN,-32,91.39375755573975,1.0,rebalance
2021-11-29,XLY,7,99.14477205012399,1.0,rebalance
2021-11-29,LIT,5001,89.8660852850024,25.005,rebalance
2021-11-29,TQQQ,273,39.521973047794546,1.365,rebalance
2021-11-30,SMH,-38,150.4392277510258,1.0,rebalance
2021-11-30,TQQQ,-557,40.341448028139745,2.785,rebalance
2021-11-30,XLY,26,99.15435966563604,1.0,rebalance
2021-11-30,LIT,28,89.89485711740215,1.0,rebalance
2021-11-30,XLE,779,23.006035364413954,3.895,rebalance
2021-11-30,TAN,56,90.88507804088124,1.0,rebalance
2021-12-01,LIT,-4,90.03030982592823,1.0,rebalance
2021-12-01,SMH,-3,150.69147781452114,1.0,rebalance
2021-12-01,XLE,-343,23.429170566077794,1.715,rebalance
2021-12-01,XLY,4,99.14475824425436,1.0,rebalance
2021-12-01,TQQQ,209,40.15451730738022,1.045,rebalance
2021-12-01,TAN,1,90.94473055793004,1.0,rebalance
2021-12-02,XLY,-155,96.76607784396683,1.0,rebalance
2021-12-02,LIT,-157,87.62324220714153,1.0,rebalance
2021-12-02,SMH,-75,145.76786916275273,1.0,rebalance
2021-12-02,XLE,-486,22.661759845784164,2.43,rebalance
2021-12-02,TAN,-8,85.8866695708271,1.0,rebalance
2021-12-02,TQQQ,1409,36.48292633219671,7.045,rebalance
2021-12-03,XLE,-273,23.622073505269295,1.365,rebalance
2021-12-03,TQQQ,-574,38.04002457673586,2.87,rebalance
2021-12-03,XLY,63,98.00345281223034,1.0,rebalance
2021-12-03,LIT,130,87.66955035224608,1.0,rebalance
2021-12-03,SMH,17,148.8293915868728,1.0,rebalance
2021-12-03,TAN,92,86.60977035543644,1.0,rebalance
2021-12-06,XLY,-91,96.10445085793665,1.0,rebalance
2021-12-06,LIT,-8,84.36266388181328,1.0,rebalance
2021-12-06,SMH,-47,145.31671925814032,1.0,rebalance
2021-12-06,XLE,-621,23.47949969498584,3.105,rebalance
2021-12-06,TAN,-5059,82.67585593595638,25.295,rebalance
2021-12-06,XLK,5275,79.80956992876631,26.375,rebalance
2021-12-06,TQQQ,789,35.809961644754694,3.9450000000000003,rebalance
2021-12-07,TQQQ,-1154,38.460834664992134,5.7700000000000005,rebalance
2021-12-07,XLY,78,98.44464225451262,1.0,rebalance
2021-12-07,XLK,81,81.93480268978743,1.0,rebalance
2021-12-07,LIT,122,85.84709973122226,1.0,rebalance
2021-12-07,SMH,49,148.95067262849645,1.0,rebalance
2021-12-07,XLE,512,23.798770694943734,2.56,rebalance
2021-12-08,TQQQ,-4351,39.915885491003046,21.755,rebalance
2021-12-08,XLY,71,99.163927156628,1.0,rebalance
2021-12-08,XLK,44,83.16849697455547,1.0,rebalance
2021-12-08,LIT,53,86.95016036260405,1.0,rebalance
2021-12-08,SMH,13,151.7792721139721,1.0,rebalance
2021-12-08,XLE,154,24.155294638009384,1.0,rebalance
2021-12-09,XLK,-17,83.29639533341604,1.0,rebalance
2021-12-09,LIT,-11,86.99991714941618,1.0,rebalance
2021-12-09,TQQQ,-62,39.9776816899999,1.0,rebalance
2021-12-09,XLY,3,98.93854804529285,1.0,rebalance
2021-12-09,SMH,12,150.93994153989922,1.0,rebalance
2021-12-09,XLE,197,23.865883216759332,1.0,rebalance
2021-12-10,XLK,-39,83.46986541332416,1.0,rebalance
2021-12-10,LIT,-3,86.59711286570716,1.0,rebalance
2021-12-10,SMH,-15,150.91945605750976,1.0,rebalance
2021-12-10,XLE,-271,24.083360053656456,1.355,rebalance
2021-12-10,XLY,15,98.08979279352293,1.0,rebalance
2021-12-10,TQQQ,455,39.419726324551114,2.275,rebalance
2021-12-13,XLY,-488,97.7105854048234,2.44,rebalance
2021-12-13,XLK,-646,84.43350312415014,3.23,rebalance
2021-12-13,LIT,-557,86.34778725077851,2.785,rebalance
2021-12-13,SMH,-306,149.71159860060783,1.53,rebalance
2021-12-13,XLE,-1849,23.789817469358336,9.245000000000001,rebalance
2021-12-13,TQQQ,-868,39.816013980166964,4.34,rebalance
2021-12-14,XLY,-62,94.69009598062523,1.0,rebalance
2021-12-14,XLK,-83,82.0051517640261,1.0,rebalance
2021-12-14,LIT,-37,83.0584302535914,1.0,rebalance
2021-12-14,SMH,-12,143.45403407927398,1.0,rebalance
2021-12-14,XLE,-356,23.19433480208586,1.78,rebalance
2021-12-14,TQQQ,963,36.64938560124278,4.815,rebalance
2021-12-15,SMH,-16,144.63273727232382,1.0,rebalance
2021-12-15,TQQQ,-437,36.84176673733051,2.185,rebalance
2021-12-15,XLK,25,81.7275794414944,1.0,rebalance
2021-12-15,LIT,32,82.63382931911248,1.0,rebalance
2021-12-15,XLE,25,23.21156178449235,1.0,rebalance
2021-12-16,SMH,-11,151.19108681372356,1.0,rebalance
2021-12-16,TQQQ,-2644,39.70664462408907,13.22,rebalance
2021-12-16,XLY,77,96.89091714965203,1.0,rebalance
2021-12-16,XLK,52,84.13714413149049,1.0,rebalance
2021-12-16,LIT,57,84.97422956126292,1.0,rebalance
2021-12-16,XLE,580,23.333195176680697,2.9,rebalance
2021-12-17,XLY,-87,93.48667090737106,1.0,rebalance
2021-12-17,XLK,-64,80.53560310415449,1.0,rebalance
2021-12-17,LIT,-70,81.43774020590187,1.0,rebalance
2021-12-17,XLE,-792,23.10627547143579,3.96,rebalance
2021-12-17,SMH,1,142.6724450928669,1.0,rebalance
2021-12-17,TQQQ,1390,35.39143562370304,6.95,rebalance
2021-12-20,XLY,-3987,92.13336526558975,19.935,rebalance
2021-12-20,XLK,-4628,79.6500986802489,23.14,rebalance
2021-12-20,LIT,-4576,78.92517913090457,22.88,rebalance
2021-12-20,SMH,-260,141.37908800859404,1.3,rebalance
2021-12-20,XLE,-1142,22.186339279793902,5.71,rebalance
2021-12-20,TQQQ,-332,34.47852473006411,1.6600000000000001,rebalance
2021-12-20,XLRE,7966,41.73906636403473,39.83,rebalance
2021-12-20,XLU,11145,29.836736227680362,55.725,rebalance
2021-12-20,XLB,8498,39.12787524404521,42.49,rebalance
2021-12-21,SMH,-18,145.1878662928747,1.0,rebalance
2021-12-21,XLE,-89,22.747048943154468,1.0,rebalance
2021-12-21,TQQQ,-1020,35.70057095088249,5.1000000000000005,rebalance
2021-12-21,XLRE,57,42.2411140607559,1.0,rebalance
2021-12-21,XLU,59,30.24872155906053,1.0,rebalance
2021-12-21,XLB,133,39.26439768209898,1.0,rebalance
2021-12-22,XLE,-75,23.184574608423144,1.0,rebalance
2021-12-22,TQQQ,-2333,36.98917184390299,11.665000000000001,rebalance
2021-12-22,XLRE,98,42.31770156028236,1.0,rebalance
2021-12-22,XLU,228,30.06224222165901,1.1400000000000001,rebalance
2021-12-22,SMH,14,146.35831831410053,1.0,rebalance
2021-12-22,XLB,86,39.428231542848245,1.0,rebalance
2021-12-23,SMH,-6,149.4599712843937,1.0,rebalance
2021-12-23,TQQQ,-1093,38.555945100379866,5.465,rebalance
2021-12-23,XLRE,76,42.69212445504887,1.0,rebalance
2021-12-23,XLU,134,30.2574014947029,1.0,rebalance
2021-12-23,XLE,124,23.414393598934346,1.0,rebalance
2021-12-23,XLB,64,39.8514558159368,1.0,rebalance
2021-12-27,TQQQ,-666,39.72567348539806,3.33,rebalance
2021-12-27,XLB,-12,40.30757817840925,1.0,rebalance
2021-12-27,XLRE,101,42.59852265642869,1.0,rebalance
2021-12-27,XLU,120,30.248723438676098,1.0,rebalance
2021-12-27,XLE,259,23.248693151470853,1.295,rebalance
2021-12-28,XLRE,-203,43.338690735221704,1.0150000000000001,rebalance
2021-12-28,XLU,-11686,30.420446911596887,58.43,rebalance
2021-12-28,SMH,-78,155.00005016174927,1.0,rebalance
2021-12-28,XLE,-15204,23.889713012426,76.02,rebalance
2021-12-28,XLB,-164,40.76711299835007,1.0,rebalance
2021-12-28,XLY,3552,98.75534419309406,17.76,rebalance
2021-12-28,XLK,4106,85.4502789236757,20.53,rebalance
2021-12-28,TQQQ,1112,41.55752685197887,5.5600000000000005,rebalance
2021-12-29,XLY,-26,98.79803052231901,1.0,rebalance
2021-12-29,XLRE,-108,43.6109341736183,1.0,rebalance
2021-12-29,XLK,-1,84.8587328730131,1.0,rebalance
2021-12-29,XLE,-1,23.775021771511675,1.0,rebalance
2021-12-29,XLB,-107,40.98551427873492,1.0,rebalance
2021-12-29,SMH,17,152.71897875040963,1.0,rebalance
2021-12-29,TQQQ,868,40.73712791257599,4.34,rebalance
2021-12-30,XLRE,-43,43.8321379695904,1.0,rebalance
2021-12-30,XLK,-5,84.93597279298005,1.0,rebalance
2021-12-30,XLB,-47,41.203911905138305,1.0,rebalance
2021-12-30,XLY,11,98.4383647188553,1.0,rebalance
2021-12-30,TQQQ,2830,40.60871490409397,14.15,rebalance
2021-12-31,XLY,-23,98.4763034489721,1.0,rebalance
2021-12-31,XLRE,-80,44.00230768777244,1.0,rebalance
2021-12-31,XLB,-5,40.97187268094585,1.0,rebalance
2021-12-31,XLK,6,84.2769955309908,1.0,rebalance
2021-12-31,SMH,7,151.22148081495018,1.0,rebalance
2021-12-31,TQQQ,1379,40.09982910525397,6.8950000000000005,rebalance
2022-01-03,XLY,-50,100.01281624986319,1.0,rebalance
2022-01-03,XLRE,-31,44.22348732267136,1.0,rebalance
2022-01-03,SMH,-6,151.8154820347769,1.0,rebalance
2022-01-03,XLB,-53,41.27670837295184,1.0,rebalance
2022-01-03,XLK,15,84.05974884969307,1.0,rebalance
2022-01-03,TQQQ,1297,39.9095900688512,6.485,rebalance
2022-01-04,XLB,-8393,40.808068394762664,41.965,rebalance
2022-01-04,XLY,784,101.17101823488046,3.92,rebalance
2022-01-04,XLRE,1981,43.798357783919464,9.905,rebalance
2022-01-04,XLK,942,84.89019172393928,4.71,rebalance
2022-01-04,SMH,497,154.6261733188188,2.485,rebalance
2022-01-04,REMX,3933,109.26652693584121,19.665,rebalance
2022-01-04,TQQQ,548,40.86078403818975,2.74,rebalance
2022-01-05,XLY,-77,100.23370620882166,1.0,rebalance
2022-01-05,XLRE,-171,43.35570452395148,1.0,rebalance
2022-01-05,XLK,-47,83.34296631529251,1.0,rebalance
2022-01-05,SMH,-27,151.9179001603658,1.0,rebalance
2022-01-05,REMX,-114,109.48066675637571,1.0,rebalance
2022-01-05,TQQQ,1788,38.613590438631654,8.94,rebalance
2022-01-06,XLY,-120,97.52558966256372,1.0,rebalance
2022-01-06,XLRE,-265,42.12206880263325,1.325,rebalance
2022-01-06,XLK,-115,80.60590053344778,1.0,rebalance
2022-01-06,SMH,-78,147.73844812985038,1.0,rebalance
2022-01-06,REMX,-63,105.16677372797206,1.0,rebalance
2022-01-06,TQQQ,1205,34.96339795185064,6.025,rebalance
2022-01-07,SMH,-10,149.045435668491,1.0,rebalance
2022-01-07,TQQQ,-240,35.401004399230665,1.2,rebalance
2022-01-07,XLY,18,97.56911351610353,1.0,rebalance
2022-01-07,XLRE,72,42.011366834932275,1.0,rebalance
2022-01-07,XLK,12,80.80550154506997,1.0,rebalance
2022-01-07,REMX,50,104.30030085690889,1.0,rebalance
2022-01-10,XLY,-43,94.52457802262552,1.0,rebalance
2022-01-10,XLRE,-293,41.560565185374436,1.465,rebalance
2022-01-10,XLK,-90,78.9066968589891,1.0,rebalance
2022-01-10,REMX,-108,102.92957504146875,1.0,rebalance
2022-01-10,TQQQ,1521,32.89931318455658,7.605,rebalance
2022-01-11,XLY,-4026,95.05756146475136,20.13,rebalance
2022-01-11,XLRE,-9157,41.58609258493259,45.785000000000004,rebalance
2022-01-11,REMX,-3698,102.75966430453377,18.490000000000002,rebalance
2022-01-11,TQQQ,-13,34.10049701852613,1.0,rebalance
2022-01-11,DHS,5604,71.79705220117282,28.02,rebalance
2022-01-11,XLK,211,79.9219189827325,1.055,rebalance
2022-01-11,XLP,5945,67.68318450771415,29.725,rebalance
2022-01-11,SMH,118,144.61206435353932,1.0,rebalance
2022-01-11,XLE,15342,26.205763421502,76.71000000000001,rebalance
2022-01-12,TQQQ,-1234,36.60638354108427,6.17,rebalance
2022-01-12,XLK,87,81.6938950499799,1.0,rebalance
2022-01-12,XLP,241,67.63025380695032,1.205,rebalance
2022-01-12,SMH,22,149.1776836235376,1.0,rebalance
2022-01-12,XLE,149,27.00876388182914,1.0,rebalance
2022-01-12,DHS,197,72.11676707499261,1.0,rebalance
2022-01-13,SMH,-45,152.15684774616818,1.0,rebalance
2022-01-13,XLK,5,81.89184249034093,1.0,rebalance
2022-01-13,XLP,8,67.77139358162184,1.0,rebalance
2022-01-13,XLE,106,26.915291919497005,1.0,rebalance
2022-01-13,DHS,17,72.15042532383538,1.0,rebalance
2022-01-13,TQQQ,55,36.68268022703975,1.0,rebalance
2022-01-14,XLK,-79,78.80532421780869,1.0,rebalance
2022-01-14,XLP,-314,67.64320334098895,1.57,rebalance
2022-01-14,SMH,-26,145.56340268872776,1.0,rebalance
2022-01-14,XLE,-757,26.79946440674489,3.785,rebalance
2022-01-14,DHS,-287,71.90887095267921,1.435,rebalance
2022-01-14,TQQQ,2197,32.858886964868184,10.985,rebalance
2022-01-18,SMH,-24,147.1386107485202,1.0,rebalance
2022-01-18,XLE,-453,27.695754671059127,2.265,rebalance
2022-01-18,DHS,-6,72.12756340637424,1.0,rebalance
2022-01-18,XLK,6,78.86937147785598,1.0,rebalance
2022-01-18,XLP,29,67.44503428634908,1.0,rebalance
2022-01-18,TQQQ,432,32.57353168966316,2.16,rebalance
2022-01-19,XLK,-5053,78.3419240725474,25.265,rebalance
2022-01-19,XLP,-49,67.07875858709261,1.0,rebalance
2022-01-19,XLE,-210,27.72548873639571,1.05,rebalance
2022-01-19,DHS,-51,71.80792447932139,1.0,rebalance
2022-01-19,USO,6417,61.256125,32.085,rebalance
2022-01-19,SMH,14,144.33402794760235,1.0,rebalance
2022-01-19,TQQQ,129,32.03610960729853,1.0,rebalance
2022-01-20,USO,-91,61.23387767829895,1.0,rebalance
2022-01-20,XLP,-105,67.31686687539208,1.0,rebalance
2022-01-20,DHS,-36,71.23595824232967,1.0,rebalance
2022-01-20,SMH,40,140.20254157919658,1.0,rebalance
2022-01-20,XLE,98,27.140471197058847,1.0,rebalance
2022-01-20,TQQQ,283,31.398804349550627,1.415,rebalance
2022-01-21,USO,-225,60.86391193199158,1.125,rebalance
2022-01-21,XLP,-235,67.27279043212361,1.175,rebalance
2022-01-21,XLE,-397,26.756987553122134,1.985,rebalance
2022-01-21,DHS,-178,70.59667033549947,1.0,rebalance
2022-01-21,SMH,5,134.13944728131895,1.0,rebalance
2022-01-21,TQQQ,1875,28.830590092783535,9.375,rebalance
2022-01-24,USO,-257,59.90400884742737,1.285,rebalance
2022-01-24,XLP,-274,66.72598670342734,1.37,rebalance
2022-01-24,SMH,-71,129.82101133784724,1.0,rebalance
2022-01-24,XLE,-362,25.898933825664706,1.81,rebalance
2022-01-24,DHS,-211,69.33499628488946,1.055,rebalance
2022-01-24,TQQQ,-43063,25.60568843705379,215.315,rebalance
2022-01-24,TECL,22437,52.161381351428155,112.185,rebalance
2022-01-25,TECL,-22437,52.62252261268158,112.185,rebalance
2022-01-25,XLE,-273,26.604067010093697,1.365,rebalance
2022-01-25,USO,37,59.91599084739685,1.0,rebalance
2022-01-25,XLP,76,66.2012773678442,1.0,rebalance
2022-01-25,SMH,4,130.45183115028317,1.0,rebalance
2022-01-25,DHS,23,69.46602041965087,1.0,rebalance
2022-01-25,TQQQ,45738,25.753492553601323,228.69,rebalance
2022-01-26,SMH,-2701,132.86901282316566,13.505,rebalance
2022-01-26,XLE,-207,28.035581144980267,1.035,rebalance
2022-01-26,TQQQ,-45738,27.098763363303078,228.69,rebalance
2022-01-26,USO,45,61.6761651687622,1.0,rebalance
2022-01-26,COPX,10404,35.13121550898842,52.02,rebalance
2022-01-26,XLP,229,65.83959696520574,1.145,rebalance
2022-01-26,TECL,21519,56.619154184816246,107.595,rebalance
2022-01-26,DHS,92,70.65369791908292,1.0,rebalance
2022-01-27,USO,-135,62.65373384742737,1.0,rebalance
2022-01-27,XLP,-57,66.04690841326132,1.0,rebalance
2022-01-27,XLE,-162,28.18425232468236,1.0,rebalance
2022-01-27,DHS,-44,70.86693478035292,1.0,rebalance
2022-01-27,COPX,152,34.37570817605078,1.0,rebalance
2022-01-27,TECL,264,55.527827772335705,1.32,rebalance
2022-01-28,USO,-102,62.63373538970947,1.0,rebalance
2022-01-28,XLP,-64,65.62359597654348,1.0,rebalance
2022-01-28,XLE,-62,27.810447403315088,1.0,rebalance
2022-01-28,DHS,-54,70.34480942787464,1.0,rebalance
2022-01-28,COPX,43,33.62019352200957,1.0,rebalance
2022-01-28,TECL,273,53.85385174551464,1.365,rebalance
2022-01-31,TECL,-22056,58.73454629832533,110.28,rebalance
2022-01-31,USO,250,62.19621762657165,1.25,rebalance
2022-01-31,COPX,499,33.28741041743408,2.495,rebalance
2022-01-31,XLP,137,66.35122486801494,1.0,rebalance
2022-01-31,XLE,467,27.820255941145998,2.335,rebalance
2022-01-31,DHS,138,70.98220638436794,1.0,rebalance
2022-01-31,TQQQ,41058,27.132722224516677,205.29,rebalance
2022-02-01,TQQQ,-5554,29.680729849847673,27.77,rebalance
2022-02-01,USO,258,61.91619084739685,1.29,rebalance
2022-02-01,COPX,146,34.12387000105186,1.0,rebalance
2022-02-01,XLP,158,67.01277676898475,1.0,rebalance
2022-02-01,XLE,502,27.841496580696635,2.5100000000000002,rebalance
2022-02-01,DHS,158,71.55498196752485,1.0,rebalance
2022-02-02,USO,-1057,62.773720779418944,5.285,rebalance
2022-02-02,COPX,-1968,34.7824831155016,9.84,rebalance
2022-02-02,XLP,-910,67.00820122860402,4.55,rebalance
2022-02-02,XLE,-2599,28.85115837167416,12.995000000000001,rebalance
2022-02-02,DHS,-876,71.91964253657878,4.38,rebalance
2022-02-02,TQQQ,-828,31.01213174128958,4.14,rebalance
2022-02-03,USO,-104,62.09378847427368,1.0,rebalance
2022-02-03,COPX,-125,34.17099368632493,1.0,rebalance
2022-02-03,XLP,-177,67.43152899106647,1.0,rebalance
2022-02-03,XLE,-389,28.974350981269076,1.945,rebalance
2022-02-03,DHS,-171,72.48386269506257,1.0,rebalance
2022-02-03,TQQQ,1328,28.212319371045137,6.640000000000001,rebalance
2022-02-04,USO,-249,64.67353230514526,1.245,rebalance
2022-02-04,COPX,-25,33.919211264371384,1.0,rebalance
2022-02-04,XLP,-38,67.29923478885419,1.0,rebalance
2022-02-04,XLE,-185,29.182487110883933,1.0,rebalance
2022-02-04,DHS,-11,71.93646381600553,1.0,rebalance
2022-02-04,TQQQ,120,27.047112341872527,1.0,rebalance
2022-02-07,COPX,-42,34.53968689756562,1.0,rebalance
2022-02-07,TQQQ,-1144,28.087805430133564,5.72,rebalance
2022-02-07,USO,69,64.6164616104126,1.0,rebalance
2022-02-07,XLP,69,67.20686542348635,1.0,rebalance
2022-02-07,XLE,162,29.133087309871392,1.0,rebalance
2022-02-07,DHS,51,72.05192670330554,1.0,rebalance
2022-02-08,COPX,-198,34.94434367249861,1.0,rebalance
2022-02-08,XLP,-49,67.21106094714908,1.0,rebalance
2022-02-08,XLE,-262,29.55205066303847,1.31,rebalance
2022-02-08,DHS,-59,72.29016276855107,1.0,rebalance
2022-02-08,USO,18,63.716370084381104,1.0,rebalance
2022-02-08,TQQQ,1038,27.013821453521565,5.19,rebalance
2022-02-09,USO,-244,63.783621915435795,1.22,rebalance
2022-02-09,COPX,-672,35.951482194361226,3.36,rebalance
2022-02-09,XLP,-254,67.6343641118186,1.27,rebalance
2022-02-09,XLE,-351,29.07205039956164,1.7550000000000001,rebalance
2022-02-09,DHS,-234,72.69437471268198,1.17,rebalance
2022-02-09,TQQQ,-2393,29.271800756362275,11.965,rebalance
2022-02-10,USO,-54,63.89361152572632,1.0,rebalance
2022-02-10,COPX,-282,36.85971343047386,1.41,rebalance
2022-02-10,XLE,-111,29.10178503470537,1.0,rebalance
2022-02-10,DHS,-19,72.30701449334431,1.0,rebalance
2022-02-10,TQQQ,138,28.20756519196048,1.0,rebalance
2022-02-11,USO,-47,64.42355730514527,1.0,rebalance
2022-02-11,COPX,-36,36.949638650090655,1.0,rebalance
2022-02-11,XLE,-75,29.25895174533868,1.0,rebalance
2022-02-11,TQQQ,-971,27.949906610361772,4.855,rebalance
2022-02-11,XLP,1,66.80990230078615,1.0,rebalance
2022-02-11,DHS,20,71.81609630750299,1.0,rebalance
2022-02-14,USO,-159,64.96350422058106,1.0,rebalance
2022-02-14,COPX,-196,36.8687093223397,1.0,rebalance
2022-02-14,XLP,-89,66.36440513470242,1.0,rebalance
2022-02-14,XLE,-422,29.726211803976028,2.11,rebalance
2022-02-14,DHS,-118,71.95330017669542,1.0,rebalance
2022-02-14,TQQQ,-32792,25.153968113451445,163.96,rebalance
2022-02-14,BSV,12665,68.76268892343408,63.325,rebalance
2022-02-15,COPX,-105,37.20142356446235,1.0,rebalance
2022-02-15,BSV,-36,68.71421337854578,1.0,rebalance
2022-02-15,XLP,-34,66.57604449998095,1.0,rebalance
2022-02-15,USO,31,64.20641694793702,1.0,rebalance
2022-02-15,XLE,369,28.491541223933005,1.845,rebalance
2022-02-15,DHS,8,71.4791651115518,1.0,rebalance
2022-02-16,USO,-429,65.07349383087158,2.145,rebalance
2022-02-16,COPX,-620,37.04855712337257,3.1,rebalance
2022-02-16,BSV,-12629,68.74894779542738,63.145,rebalance
2022-02-16,XLP,-343,66.25855452450412,1.715,rebalance
2022-02-16,XLE,-1046,29.12726585927224,5.23,rebalance
2022-02-16,DHS,-345,71.63329559139684,1.725,rebalance
2022-02-16,TQQQ,32193,26.761757439684956,160.965,rebalance
2022-02-17,COPX,-75,37.28235743292421,1.0,rebalance
2022-02-17,XLP,-18,66.24975578461752,1.0,rebalance
2022-02-17,XLE,-33,29.106026343048608,1.0,rebalance
2022-02-17,DHS,-22,71.73433683372296,1.0,rebalance
2022-02-17,USO,71,63.62636093177795,1.0,rebalance
2022-02-17,TQQQ,610,26.46212713813679,3.0500000000000003,rebalance
2022-02-18,USO,-39,63.13368538970947,1.0,rebalance
2022-02-18,COPX,-77,37.04854878351319,1.0,rebalance
2022-02-18,XLP,-103,66.87593394699057,1.0,rebalance
2022-02-18,XLE,-23,28.672747316671714,1.0,rebalance
2022-02-18,DHS,-45,71.38905862842536,1.0,rebalance
2022-02-18,TQQQ,-32803,25.006561014761033,164.01500000000001,rebalance
2022-02-18,BSV,11867,68.91897006530762,59.335,rebalance
2022-02-22,USO,-194,66.85331461029052,1.0,rebalance
2022-02-22,XLE,-263,29.781428044605704,1.315,rebalance
2022-02-22,COPX,95,36.8221146680598,1.0,rebalance
2022-02-22,BSV,630,68.84082962265015,3.15,rebalance
2022-02-22,XLP,15,67.11863813370532,1.0,rebalance
2022-02-22,DHS,17,71.59291303962625,1.0,rebalance
2022-02-23,COPX,-48,36.87769846517744,1.0,rebalance
2022-02-23,BSV,-181,68.75764114938201,1.0,rebalance
2022-02-23,DHS,-5,71.31738926956153,1.0,rebalance
2022-02-23,USO,34,65.90659152603149,1.0,rebalance
2022-02-23,XLE,303,28.61050444402315,1.5150000000000001,rebalance
2022-02-24,USO,-289,70.18298344116211,1.445,rebalance
2022-02-24,BSV,-12316,68.8617947360261,61.58,rebalance
2022-02-24,XLP,-3795,65.12088594120897,18.975,rebalance
2022-02-24,XLE,-354,29.34391027979467,1.77,rebalance
2022-02-24,COPX,96,35.81476597202266,1.0,rebalance
2022-02-24,TECL,20006,41.57188506316846,100.03,rebalance
2022-02-24,GDX,7289,34.22746338686082,36.445,rebalance
2022-02-24,DHS,11,70.00853284233915,1.0,rebalance
2022-02-25,TECL,-20006,51.81806920723713,100.03,rebalance
2022-02-25,USO,461,65.56655355834961,2.305,rebalance
2022-02-25,COPX,273,36.381399241325234,1.365,rebalance
2022-02-25,BSV,12366,68.77136098676296,61.83,rebalance
2022-02-25,GDX,947,31.97727743831755,4.735,rebalance
2022-02-25,XLE,714,28.576517869313975,3.5700000000000003,rebalance
2022-02-25,DHS,193,70.08440412399112,1.0,rebalance
2022-02-28,USO,-62,67.37325925369262,1.0,rebalance
2022-02-28,COPX,-159,37.624067853366924,1.0,rebalance
2022-02-28,BSV,-530,68.97462650555019,2.65,rebalance
2022-02-28,GDX,-236,33.299840937427305,1.18,rebalance
2022-02-28,XLE,-47,29.050802827900895,1.0,rebalance
2022-02-28,DHS,-2,70.95512390777638,1.0,rebalance
2022-03-01,USO,-131,70.33296233825683,1.0,rebalance
2022-03-01,COPX,-83,38.42438792390072,1.0,rebalance
2022-03-01,XLE,-281,30.248693694155218,1.405,rebalance
2022-03-01,BSV,945,69.19344391053376,4.7250000000000005,rebalance
2022-03-01,GDX,149,32.993187514805086,1.0,rebalance
2022-03-01,DHS,6,71.47492504704799,1.0,rebalance
2022-03-02,USO,-166,74.14258652572632,1.0,rebalance
2022-03-02,COPX,-82,39.206721525418786,1.0,rebalance
2022-03-02,GDX,-60,33.51817282013524,1.0,rebalance
2022-03-02,XLE,-70,30.74569581084864,1.0,rebalance
2022-03-02,BSV,430,69.10660611826411,2.15,rebalance
2022-03-02,DHS,30,71.51708807654572,1.0,rebalance
2022-03-03,USO,-134,74.75252613601684,1.0,rebalance
2022-03-03,COPX,-335,40.01603875572534,1.675,rebalance
2022-03-03,BSV,-478,68.92766922683715,2.39,rebalance
2022-03-03,GDX,-304,33.82193229538936,1.52,rebalance
2022-03-03,XLE,-234,30.673468524696798,1.17,rebalance
2022-03-03,DHS,-3791,72.46332253469733,18.955000000000002,rebalance
2022-03-03,SLV,11300,23.302329236984253,56.5,rebalance
2022-03-04,USO,-84,76.9923,1.0,rebalance
2022-03-04,GDX,-97,34.43894307605309,1.0,rebalance
2022-03-04,XLE,-59,31.055782432400086,1.0,rebalance
2022-03-04,COPX,19,40.122976988275035,1.0,rebalance
2022-03-04,BSV,258,69.01101169184079,1.29,rebalance
2022-03-04,SLV,19,23.3923383895874,1.0,rebalance
2022-03-07,USO,-95,79.92200730514527,1.0,rebalance
2022-03-07,GDX,-220,35.77739398329224,1.1,rebalance
2022-03-07,XLE,-249,32.28764605282107,1.245,rebalance
2022-03-07,COPX,88,39.96108380684942,1.0,rebalance
2022-03-07,BSV,893,68.96755956389785,4.465,rebalance
2022-03-07,SLV,32,23.542354915618898,1.0,rebalance
2022-03-08,USO,-187,85.42145730514527,1.0,rebalance
2022-03-08,BSV,-1014,68.7713262637848,5.07,rebalance
2022-03-08,SLV,-240,24.267573457717894,1.2,rebalance
2022-03-08,GDX,-153,36.85954819130783,1.0,rebalance
2022-03-08,XLE,-146,33.166941440385806,1.0,rebalance
2022-03-08,COPX,285,38.67491648060208,1.425,rebalance
2022-03-09,COPX,-87,38.604234395994,1.0,rebalance
2022-03-09,BSV,-182,68.61491674094817,1.0,rebalance
2022-03-09,SLV,-12,23.94760576286316,1.0,rebalance
2022-03-09,USO,165,80.008,1.0,rebalance
2022-03-09,GDX,285,34.97752817416193,1.425,rebalance
2022-03-09,XLE,245,31.737528517849352,1.225,rebalance
2022-03-10,USO,-192,77.0522915588379,1.0,rebalance
2022-03-10,COPX,-685,38.8919955844837,3.4250000000000003,rebalance
2022-03-10,BSV,-965,68.55409851519549,4.825,rebalance
2022-03-10,SLV,-1052,23.9976,5.26,rebalance
2022-03-10,GDX,-987,36.460857400482006,4.9350000000000005,rebalance
2022-03-10,XLE,-912,32.308875424816335,4.5600000000000005,rebalance
2022-03-11,COPX,-57,39.10781024594485,1.0,rebalance
2022-03-11,XLE,-44,32.381096909187235,1.0,rebalance
2022-03-11,USO,81,74.8174785583496,1.0,rebalance
2022-03-11,BSV,345,68.50699172983757,1.725,rebalance
2022-03-11,SLV,68,23.752375,1.0,rebalance
2022-03-11,GDX,81,35.888991722614804,1.0,rebalance
2022-03-14,USO,34,73.5373517791748,1.0,rebalance
2022-03-14,COPX,129,38.04532532938735,1.0,rebalance
2022-03-14,BSV,117,68.30716131920153,1.0,rebalance
2022-03-14,SLV,95,23.37233783931732,1.0,rebalance
2022-03-14,GDX,29,35.49022553285982,1.0,rebalance
2022-03-14,XLE,48,31.95419712616501,1.0,rebalance
2022-03-15,USO,130,69.5769566947937,1.0,rebalance
2022-03-15,COPX,271,35.88672689168901,1.355,rebalance
2022-03-15,BSV,164,68.30716131920153,1.0,rebalance
2022-03-15,SLV,56,22.872287839317323,1.0,rebalance
2022-03-15,GDX,195,33.94262768512032,1.0,rebalance
2022-03-15,XLE,245,30.44593647884287,1.225,rebalance
2022-03-16,USO,-32,70.63293538970947,1.0,rebalance
2022-03-16,COPX,-180,37.111500966064426,1.0,rebalance
2022-03-16,BSV,-656,68.16317354049683,3.2800000000000002,rebalance
2022-03-16,GDX,-140,34.837637844545554,1.0,rebalance
2022-03-16,XLE,-1,30.622499619889734,1.0,rebalance
2022-03-16,SLV,14,22.972296313285828,1.0,rebalance
2022-03-17,USO,-108,72.64273652572632,1.0,rebalance
2022-03-17,COPX,-208,38.18158800814492,1.04,rebalance
2022-03-17,BSV,-11693,68.1284060088134,58.465,rebalance
2022-03-17,SLV,-211,23.33766615257263,1.055,rebalance
2022-03-17,GDX,-160,35.51160643527145,1.0,rebalance
2022-03-17,XLE,-108,30.90710396455934,1.0,rebalance
2022-03-17,TECL,16403,47.75910425925006,82.015,rebalance
2022-03-18,USO,-36,74.242575,1.0,rebalance
2022-03-18,COPX,-59,38.95493830485599,1.0,rebalance
2022-03-18,TECL,-605,49.284487507163796,3.025,rebalance
2022-03-18,XLE,-30,31.357365694534327,1.0,rebalance
2022-03-18,SLV,198,23.132312160682677,1.0,rebalance
2022-03-18,GDX,99,35.35730826109545,1.0,rebalance
2022-03-21,USO,-75,77.40226266174317,1.0,rebalance
2022-03-21,COPX,-7,39.70130418222259,1.0,rebalance
2022-03-21,TECL,-15798,51.82731465994748,78.99,rebalance
2022-03-21,XLE,-22,32.01755418776655,1.0,rebalance
2022-03-21,SLV,216,23.062305465888976,1.08,rebalance
2022-03-21,GDX,82,35.55668438881245,1.0,rebalance
2022-03-21,TQQQ,32647,25.13997561378763,163.235,rebalance
2022-03-22,USO,-32,78.68213344116211,1.0,rebalance
2022-03-22,COPX,-123,40.771394939501896,1.0,rebalance
2022-03-22,GDX,-93,36.27100780670655,1.0,rebalance
2022-03-22,XLE,-70,32.51071816113072,1.0,rebalance
2022-03-22,SLV,115,22.952295763015748,1.0,rebalance
2022-03-22,TQQQ,261,25.239848810145453,1.305,rebalance
2022-03-23,USO,-72,81.37185925369263,1.0,rebalance
2022-03-23,XLE,-38,33.01675601350269,1.0,rebalance
2022-03-23,TQQQ,-339,25.94329932580738,1.695,rebalance
2022-03-23,COPX,67,40.73457794430591,1.0,rebalance
2022-03-23,SLV,31,23.12231283931732,1.0,rebalance
2022-03-23,GDX,101,36.107361392536504,1.0,rebalance
2022-03-24,USO,154,81.6781651687622,1.0,rebalance
2022-03-24,COPX,259,41.202276579339966,1.295,rebalance
2022-03-24,SLV,365,23.582357923698424,1.825,rebalance
2022-03-24,GDX,180,37.10428283873321,1.0,rebalance
2022-03-24,XLE,390,33.09627238295174,1.95,rebalance
2022-03-24,TQQQ,816,25.886662812786266,4.08,rebalance
2022-03-25,COPX,-1,41.51776076317457,1.0,rebalance
2022-03-25,TQQQ,-1288,27.12253694724056,6.44,rebalance
2022-03-25,USO,137,78.88788525314331,1.0,rebalance
2022-03-25,SLV,130,23.482347542190553,1.0,rebalance
2022-03-25,GDX,198,36.35421891020794,1.0,rebalance
2022-03-25,XLE,117,32.856078523703346,1.0,rebalance
2022-03-28,XLE,-83,33.076794353496396,1.0,rebalance
2022-03-28,USO,75,76.8576834739685,1.0,rebalance
2022-03-28,COPX,9,41.31021116920302,1.0,rebalance
2022-03-28,SLV,126,23.132312160682677,1.0,rebalance
2022-03-28,GDX,4,36.20231049007069,1.0,rebalance
2022-03-28,TQQQ,1345,27.070892397027432,6.7250000000000005,rebalance
2022-03-29,TQQQ,-2220,29.252779213933763,11.1,rebalance
2022-03-29,USO,246,72.30723305206298,1.23,rebalance
2022-03-29,COPX,90,41.10333639787562,1.0,rebalance
2022-03-29,SLV,501,22.352235381507874,2.505,rebalance
2022-03-29,GDX,308,35.03449245427887,1.54,rebalance
2022-03-29,XLE,289,32.20410318224505,1.445,rebalance
2022-03-30,USO,-222,78.06219269485474,1.11,rebalance
2022-03-30,SLV,-169,22.977701542282105,1.0,rebalance
2022-03-30,GDX,-169,36.318467035699754,1.0,rebalance
2022-03-30,XLE,-132,33.166850070623816,1.0,rebalance
2022-03-30,COPX,110,40.95043497639796,1.0,rebalance
2022-03-30,TQQQ,1302,29.334730315056238,6.51,rebalance
2022-03-31,USO,416,75.76757813644409,2.08,rebalance
2022-03-31,COPX,526,41.25623569427949,2.63,rebalance
2022-03-31,SLV,961,23.112311610412597,4.805,rebalance
2022-03-31,GDX,555,36.771977602814054,2.775,rebalance
2022-03-31,XLE,781,32.924708112818635,3.9050000000000002,rebalance
2022-03-31,TQQQ,982,28.840106626185058,4.91,rebalance
2022-04-01,COPX,-110,41.23899541272963,1.0,rebalance
2022-04-01,GDX,-1,36.18557332063064,1.0,rebalance
2022-04-01,XLE,-93,32.737998046734944,1.0,rebalance
2022-04-01,TQQQ,-380,27.78348392881851,1.9000000000000001,rebalance
2022-04-01,USO,61,73.37733974685669,1.0,rebalance
2022-04-01,SLV,83,22.592259152603148,1.0,rebalance
2022-04-04,USO,-117,76.45235308456421,1.0,rebalance
2022-04-04,COPX,-114,42.372030519675114,1.0,rebalance
2022-04-04,GDX,-239,37.70438913642839,1.195,rebalance
2022-04-04,XLE,-48,33.26119395315291,1.0,rebalance
2022-04-04,SLV,86,22.672267076301573,1.0,rebalance
2022-04-04,TQQQ,822,27.76526036787299,4.11,rebalance
2022-04-05,COPX,108,42.19162971853,1.0,rebalance
2022-04-05,SLV,18,22.902289618492127,1.0,rebalance
2022-04-05,GDX,154,37.38911220386728,1.0,rebalance
2022-04-05,XLE,129,33.156325067566755,1.0,rebalance
2022-04-05,TQQQ,4476,28.925709955578572,22.38,rebalance
2022-04-06,USO,-96,76.242375,1.0,rebalance
2022-04-06,COPX,-4,40.564571120039254,1.0,rebalance
2022-04-06,SLV,-295,22.527747686576845,1.475,rebalance
2022-04-06,GDX,-82,36.30898150359169,1.0,rebalance
2022-04-06,XLE,-285,32.92669666213378,1.425,rebalance
2022-04-06,TQQQ,1567,26.072138650927158,7.835,rebalance
2022-04-07,SLV,-12435,22.43775653400421,62.175000000000004,rebalance
2022-04-07,USO,816,73.26732813644409,4.08,rebalance
2022-04-07,COPX,1299,40.09599535898266,6.495,rebalance
2022-04-07,XLU,9805,33.55485626373766,49.025,rebalance
2022-04-07,GDX,1332,36.363714609175226,6.66,rebalance
2022-04-07,XLE,1484,32.924704310066616,7.42,rebalance
2022-04-07,TQQQ,3329,25.315947508974187,16.645,rebalance
2022-04-08,COPX,-156,41.041163713103316,1.0,rebalance
2022-04-08,GDX,-107,36.95447045079851,1.0,rebalance
2022-04-08,XLE,-66,33.2826401706431,1.0,rebalance
2022-04-08,USO,54,72.69727144165039,1.0,rebalance
2022-04-08,XLU,26,33.60725042776343,1.0,rebalance
2022-04-08,TQQQ,558,25.31119230320945,2.79,rebalance
2022-04-11,USO,-24,71.742825,1.0,rebalance
2022-04-11,COPX,-56,40.56457106096791,1.0,rebalance
2022-04-11,XLU,-185,33.61362053801249,1.0,rebalance
2022-04-11,GDX,-446,38.16951838188244,2.23,rebalance
2022-04-11,XLE,-317,33.741497642133425,1.585,rebalance
2022-04-11,TQQQ,4091,23.6989212657059,20.455000000000002,rebalance
2022-04-12,USO,-174,74.94250194854736,1.0,rebalance
2022-04-12,TQQQ,-47969,23.85109539827225,239.845,rebalance
2022-04-12,COPX,31,40.59067561333422,1.0,rebalance
2022-04-12,BSV,15996,67.41963003460641,79.98,rebalance
2022-04-12,XLU,209,33.04844175018058,1.045,rebalance
2022-04-12,GDX,82,37.97777138518848,1.0,rebalance
2022-04-12,XLE,40,33.75682132646556,1.0,rebalance
2022-04-13,USO,-103,77.14228652572632,1.0,rebalance
2022-04-13,XLU,-16,33.26444147550968,1.0,rebalance
2022-04-13,GDX,-6,38.188505432736555,1.0,rebalance
2022-04-13,XLE,-35,34.04168803670898,1.0,rebalance
2022-04-13,COPX,69,40.44676534900996,1.0,rebalance
2022-04-13,BSV,1180,67.54141380538941,5.9,rebalance
2022-04-14,USO,615,77.34773033752441,3.075,rebalance
2022-04-14,COPX,900,41.78689395771701,4.5,rebalance
2022-04-14,BSV,1398,67.44573163994366,6.99,rebalance
2022-04-14,XLU,1458,33.26671862086046,7.29,rebalance
2022-04-14,GDX,1198,38.47148075999328,5.99,rebalance
2022-04-14,XLE,1447,33.97557543631568,7.235,rebalance
2022-04-18,USO,-172,80.80191655883789,1.0,rebalance
2022-04-18,GDX,-105,39.18521801397133,1.0,rebalance
2022-04-18,XLE,-94,34.52629460306697,1.0,rebalance
2022-04-18,COPX,116,41.57103640904862,1.0,rebalance
2022-04-18,BSV,76,67.341328373771,1.0,rebalance
2022-04-18,XLU,90,33.257996728378174,1.0,rebalance
2022-04-19,COPX,-69,41.57171679599898,1.0,rebalance
2022-04-19,XLU,-44,33.12912714862868,1.0,rebalance
2022-04-19,XLE,-95,34.56488360052426,1.0,rebalance
2022-04-19,USO,128,78.06780355834961,1.0,rebalance
2022-04-19,BSV,486,67.21082745777557,2.43,rebalance
2022-04-19,GDX,176,38.19614021275966,1.0,rebalance
2022-04-20,BSV,-1196,67.10167353191238,5.98,rebalance
2022-04-20,XLU,-186,33.60052740310839,1.0,rebalance
2022-04-20,XLE,-22,34.55202212554868,1.0,rebalance
2022-04-20,USO,22,77.51775313644409,1.0,rebalance
2022-04-20,COPX,49,41.24725378136161,1.0,rebalance
2022-04-20,GDX,135,37.58849442952567,1.0,rebalance
2022-04-21,USO,-55,78.33216233825684,1.0,rebalance
2022-04-21,GDX,-9,37.580978601757515,1.0,rebalance
2022-04-21,XLE,-88,34.80074634831054,1.0,rebalance
2022-04-21,COPX,92,40.79754160293897,1.0,rebalance
2022-04-21,BSV,626,66.90629966005696,3.13,rebalance
2022-04-21,XLU,52,33.415157662170095,1.0,rebalance
2022-04-22,USO,-107,76.9723053565979,1.0,rebalance
2022-04-22,BSV,-622,66.8233426798103,3.11,rebalance
2022-04-22,XLU,-281,32.919618425291844,1.405,rebalance
2022-04-22,COPX,176,38.450060902495494,1.0,rebalance
2022-04-22,GDX,263,35.17690843948579,1.315,rebalance
2022-04-22,XLE,19,33.37079584229037,1.0,rebalance
2022-04-25,BSV,-1874,67.1538647068798,9.370000000000001,rebalance
2022-04-25,XLU,-128,32.52241637738952,1.0,rebalance
2022-04-25,USO,161,72.64726338958741,1.0,rebalance
2022-04-25,COPX,478,35.71583349978325,2.39,rebalance
2022-04-25,GDX,203,33.67678545898862,1.0150000000000001,rebalance
2022-04-25,XLE,316,31.65507386388555,1.58,rebalance
2022-04-26,USO,-148,75.32246883087159,1.0,rebalance
2022-04-26,GDX,-60,34.04025992024225,1.0,rebalance
2022-04-26,XLE,-7,31.833151226525953,1.0,rebalance
2022-04-26,COPX,16,35.84175049328911,1.0,rebalance
2022-04-26,BSV,16,67.24562311437869,1.0,rebalance
2022-04-26,XLU,206,32.079252680147746,1.03,rebalance
2022-04-27,USO,-5,75.11249074630737,1.0,rebalance
2022-04-27,BSV,-16085,67.39746022097866,80.425,rebalance
2022-04-27,XLE,-47,31.841719237696253,1.0,rebalance
2022-04-27,COPX,60,35.48198974083695,1.0,rebalance
2022-04-27,XLU,21,31.891524639298666,1.0,rebalance
2022-04-27,GDX,227,33.18307625687984,1.135,rebalance
2022-04-27,TECL,25163,38.99155651410359,125.815,rebalance
2022-04-28,COPX,-42,36.464052188273,1.0,rebalance
2022-04-28,BSV,-1,67.22347380628203,1.0,rebalance
2022-04-28,USO,35,76.2876267791748,1.0,rebalance
2022-04-28,XLU,266,31.869702312440843,1.33,rebalance
2022-04-28,TECL,153,41.257429250241536,1.0,rebalance
2022-04-28,GDX,288,33.05964828981879,1.44,rebalance
2022-04-28,XLE,91,32.324207188806994,1.0,rebalance
2022-04-29,USO,-1154,78.79212305145263,5.7700000000000005,rebalance
2022-04-29,COPX,-2237,36.77878407445061,11.185,rebalance
2022-04-29,XLU,-2501,31.92443241842774,12.505,rebalance
2022-04-29,TECL,-25316,42.71939284204234,126.58,rebalance
2022-04-29,GDX,-2620,33.954830800666606,13.1,rebalance
2022-04-29,XLE,-2667,33.149705160706645,13.335,rebalance
2022-04-29,BSV,13967,66.99328110542727,69.83500000000001,rebalance
2022-05-02,BSV,-1691,66.9581062509423,8.455,rebalance
2022-05-02,USO,105,75.38753525314331,1.0,rebalance
2022-05-02,COPX,124,35.6528765926041,1.0,rebalance
2022-05-02,XLU,55,31.258498007295426,1.0,rebalance
2022-05-02,GDX,280,32.35706197502032,1.4000000000000001,rebalance
2022-05-02,XLE,165,32.036822707159864,1.0,rebalance
2022-05-03,USO,-57,76.91230616912841,1.0,rebalance
2022-05-03,BSV,-14,66.9319953345646,1.0,rebalance
2022-05-03,GDX,-109,32.9201407740545,1.0,rebalance
2022-05-03,XLE,-165,32.80232780774627,1.0,rebalance
2022-05-03,COPX,3,35.796783468155894,1.0,rebalance
2022-05-03,XLU,141,30.904874788457587,1.0,rebalance
2022-05-04,USO,-85,79.39206152572632,1.0,rebalance
2022-05-04,GDX,-29,33.29034598813145,1.0,rebalance
2022-05-04,XLE,-309,34.30757717755519,1.545,rebalance
2022-05-04,COPX,63,35.78778775677016,1.0,rebalance
2022-05-04,BSV,218,66.90184066247137,1.09,rebalance
2022-05-04,XLU,12,31.101326384016193,1.0,rebalance
2022-05-05,USO,-85,82.20177808456421,1.0,rebalance
2022-05-05,COPX,-57,36.4280837090004,1.0,rebalance
2022-05-05,BSV,-1124,67.03647805881472,5.62,rebalance
2022-05-05,GDX,-154,34.26807888473798,1.0,rebalance
2022-05-05,XLE,-146,35.30678872638189,1.0,rebalance
2022-05-05,XLU,12,31.389469597124993,1.0,rebalance
2022-05-06,USO,-890,81.62183425369263,4.45,rebalance
2022-05-06,COPX,-7765,34.48572645573199,38.825,rebalance
2022-05-06,BSV,-961,66.75785087165868,4.805,rebalance
2022-05-06,XLU,-2315,31.086383835810253,11.575000000000001,rebalance
2022-05-06,GDX,-1893,32.730290496431294,9.465,rebalance
2022-05-06,XLE,-2060,34.97658041700981,10.3,rebalance
2022-05-06,XLB,5357,38.864104421827975,26.785,rebalance
2022-05-09,BSV,-24,67.01907524116064,1.0,rebalance
2022-05-09,XLU,-78,31.326445947231434,1.0,rebalance
2022-05-09,USO,47,79.81797855834961,1.0,rebalance
2022-05-09,GDX,186,31.673459269079114,1.0,rebalance
2022-05-09,XLE,6,34.803418858451245,1.0,rebalance
2022-05-09,XLB,113,37.90939636590529,1.0,rebalance
2022-05-10,BSV,-10371,67.13225649910483,51.855000000000004,rebalance
2022-05-10,XLU,-39,31.32644677138332,1.0,rebalance
2022-05-10,XLB,-46,38.006876560821404,1.0,rebalance
2022-05-10,USO,76,77.0777066947937,1.0,rebalance
2022-05-10,GDX,99,31.018340486177983,1.0,rebalance
2022-05-10,TECL,18516,35.43089802508365,92.58,rebalance
2022-05-10,XLE,265,33.12630166505507,1.325,rebalance
2022-05-11,USO,-53,77.75222613601684,1.0,rebalance
2022-05-11,TECL,-18516,33.65771065390242,92.58,rebalance
2022-05-11,XLE,-135,33.46275055938139,1.0,rebalance
2022-05-11,BSV,9744,66.93667423162303,48.72,rebalance
2022-05-11,XLU,16,30.887406850640982,1.0,rebalance
2022-05-11,GDX,16,30.581596540804455,1.0,rebalance
2022-05-11,XLB,43,37.26532957636406,1.0,rebalance
2022-05-12,USO,-29,78.48214886398316,1.0,rebalance
2022-05-12,BSV,-9744,67.26285007094803,48.72,rebalance
2022-05-12,XLU,-53,31.090753077440993,1.0,rebalance
2022-05-12,GDX,255,29.413781246665025,1.2750000000000001,rebalance
2022-05-12,TECL,21589,29.92805026625618,107.94500000000001,rebalance
2022-05-12,XLE,12,33.34934298731207,1.0,rebalance
2022-05-12,XLB,63,36.79025977952578,1.0,rebalance
2022-05-13,USO,-110,80.59193847427369,1.0,rebalance
2022-05-13,XLU,-109,31.082014876349227,1.0,rebalance
2022-05-13,TECL,-478,31.57721471001766,2.39,rebalance
2022-05-13,GDX,-6917,28.5915431867765,34.585,rebalance
2022-05-13,XLE,-217,33.99451737371902,1.085,rebalance
2022-05-13,XLB,-5530,37.39944555080301,27.650000000000002,rebalance
2022-05-13,XLP,2962,67.51169592350506,14.81,rebalance
2022-05-13,DHS,2719,73.55693288333164,13.595,rebalance
2022-05-16,TECL,-21111,32.65906422791095,105.555,rebalance
2022-05-16,XLE,-75,34.76643502255356,1.0,rebalance
2022-05-16,USO,11,80.98810135726929,1.0,rebalance
2022-05-16,BSV,9504,67.25021168192448,47.52,rebalance
2022-05-16,XLP,1,68.14083503230353,1.0,rebalance
2022-05-16,XLU,39,31.197375016737766,1.0,rebalance
2022-05-16,DHS,8,74.04787550473034,1.0,rebalance
2022-05-17,USO,-49,83.04169805145264,1.0,rebalance
2022-05-17,XLU,-15,31.42247691105591,1.0,rebalance
2022-05-17,XLE,-176,36.03582249734809,1.0,rebalance
2022-05-17,DHS,-33,75.33633507785906,1.0,rebalance
2022-05-17,BSV,70,67.18053978227579,1.0,rebalance
2022-05-17,XLP,10,68.25601823151989,1.0,rebalance
2022-05-18,BSV,-114,67.07130562181715,1.0,rebalance
2022-05-18,XLU,-53,31.649445829374404,1.0,rebalance
2022-05-18,XLE,-36,36.22451662003543,1.0,rebalance
2022-05-18,DHS,-7,75.45479599802,1.0,rebalance
2022-05-18,USO,27,82.02819864273071,1.0,rebalance
2022-05-18,XLP,40,67.2813192728485,1.0,rebalance
2022-05-19,BSV,-775,67.32381810661668,3.875,rebalance
2022-05-19,USO,82,78.50785,1.0,rebalance
2022-05-19,XLP,153,63.29387925237319,1.0,rebalance
2022-05-19,XLU,28,31.153721258168016,1.0,rebalance
2022-05-19,XLE,255,34.254393895410665,1.2750000000000001,rebalance
2022-05-19,DHS,49,73.24374508732679,1.0,rebalance
2022-05-20,USO,-374,81.20187808456421,1.87,rebalance
2022-05-20,XLP,-3166,62.85596278944993,15.83,rebalance
2022-05-20,XLU,-782,31.308990361700733,3.91,rebalance
2022-05-20,XLE,-845,35.34538356685461,4.225,rebalance
2022-05-20,DHS,-330,73.55066601837342,1.6500000000000001,rebalance
2022-05-20,BSV,75,67.3285839309802,1.0,rebalance
2022-05-20,BIL,2316,76.38929111409404,11.58,rebalance
2022-05-23,XLU,-56,31.671275119547133,1.0,rebalance
2022-05-23,XLE,-12,35.48262163064254,1.0,rebalance
2022-05-23,DHS,-21,74.31229368886788,1.0,rebalance
2022-05-23,BSV,244,67.37210248892994,1.22,rebalance
2022-05-23,BIL,4,76.38929111409404,1.0,rebalance
2022-05-24,USO,-17,82.02179577941895,1.0,rebalance
2022-05-24,BSV,-192,67.2889971708206,1.0,rebalance
2022-05-24,XLU,-11,31.749827336595118,1.0,rebalance
2022-05-24,XLE,-13,35.59411214910218,1.0,rebalance
2022-05-24,DHS,2,74.27990789206416,1.0,rebalance
2022-05-24,BIL,1,76.39767642692053,1.0,rebalance
2022-05-25,XLU,-85,32.35654331409067,1.0,rebalance
2022-05-25,XLE,-73,36.25453151603221,1.0,rebalance
2022-05-25,DHS,-24,75.30074583300735,1.0,rebalance
2022-05-25,USO,2,82.2182200843811,1.0,rebalance
2022-05-25,BSV,326,67.5549831077607,1.6300000000000001,rebalance
2022-05-25,BIL,8,76.38929111409404,1.0,rebalance
2022-05-26,USO,-18,83.14168652572631,1.0,rebalance
2022-05-26,BSV,-32,67.58503768433148,1.0,rebalance
2022-05-26,XLU,-9,32.50058822176401,1.0,rebalance
2022-05-26,XLE,-99,37.099358729768795,1.0,rebalance
2022-05-26,DHS,-21,76.19213244657368,1.0,rebalance
2022-05-26,BIL,6,76.38934474115946,1.0,rebalance
2022-05-27,BIL,-2335,76.39072125317787,11.675,rebalance
2022-05-27,USO,79,84.33843483123779,1.0,rebalance
2022-05-27,BSV,140,67.67692539952608,1.0,rebalance
2022-05-27,XLU,309,32.3717575715629,1.545,rebalance
2022-05-27,XLE,247,37.12393400395235,1.235,rebalance
2022-05-27,DHS,110,76.53004708630317,1.0,rebalance
2022-05-27,XLB,4774,39.320897074875354,23.87,rebalance
2022-05-31,USO,-80,87.98119886398315,1.0,rebalance
2022-05-31,BSV,-9246,67.5327844425018,46.230000000000004,rebalance
2022-05-31,XLU,-10,32.59225218254336,1.0,rebalance
2022-05-31,XLE,-167,38.59173946117999,1.0,rebalance
2022-05-31,TECL,17927,36.522210111036294,89.635,rebalance
2022-05-31,DHS,3,76.85271104191041,1.0,rebalance
2022-06-01,TECL,-333,37.26388799850193,1.665,rebalance
2022-06-01,USO,34,86.7186700843811,1.0,rebalance
2022-06-01,XLU,14,32.568208686956694,1.0,rebalance
2022-06-01,XLE,101,37.87456167648473,1.0,rebalance
2022-06-01,DHS,8,76.73384516560294,1.0,rebalance
2022-06-01,XLB,27,39.36199861488389,1.0,rebalance
2022-06-02,USO,-6,85.87140925369263,1.0,rebalance
2022-06-02,XLU,-71,32.548607291384705,1.0,rebalance
2022-06-02,XLE,-46,37.7383373883875,1.0,rebalance
2022-06-02,DHS,-15,76.2260710845323,1.0,rebalance
2022-06-02,XLB,-55,39.31303378784305,1.0,rebalance
2022-06-02,TECL,850,35.01471321743962,4.25,rebalance
2022-06-03,USO,-17,87.20127808456421,1.0,rebalance
2022-06-03,XLU,57,32.48088982986316,1.0,rebalance
2022-06-03,TECL,256,36.198521807001796,1.28,rebalance
2022-06-03,XLE,12,37.93889522285226,1.0,rebalance
2022-06-03,DHS,22,76.11395793596012,1.0,rebalance
2022-06-06,USO,312,89.0789066947937,1.56,rebalance
2022-06-06,XLU,924,32.75156899631698,4.62,rebalance
2022-06-06,TECL,1155,36.91065261341276,5.775,rebalance
2022-06-06,XLE,743,38.578011050166104,3.715,rebalance
2022-06-06,DHS,404,76.47909008158159,2.02,rebalance
2022-06-06,XLB,766,39.882752357276146,3.83,rebalance
2022-06-07,USO,-28,88.67113230514526,1.0,rebalance
2022-06-07,XLU,-60,32.5136813932566,1.0,rebalance
2022-06-07,XLE,-54,38.3172733915627,1.0,rebalance
2022-06-07,DHS,-22,75.85258999140831,1.0,rebalance
2022-06-07,XLB,-52,39.61902743095494,1.0,rebalance
2022-06-07,TECL,1086,34.5060516093089,5.43,rebalance
2022-06-08,USO,-1,90.25097613601685,1.0,rebalance
2022-06-08,XLE,-98,39.68100457307618,1.0,rebalance
2022-06-08,XLU,87,32.655527494040726,1.0,rebalance
2022-06-08,TECL,1122,36.53145851025827,5.61,rebalance
2022-06-08,DHS,9,76.92913351050369,1.0,rebalance
2022-06-08,XLB,65,39.837075440756145,1.0,rebalance
2022-06-09,USO,-54,91.02089577941895,1.0,rebalance
2022-06-09,XLE,-15,39.23500934991238,1.0,rebalance
2022-06-09,DHS,-7,76.064805185163,1.0,rebalance
2022-06-09,XLU,14,32.14037348811924,1.0,rebalance
2022-06-09,TECL,378,34.86672367411437,1.8900000000000001,rebalance
2022-06-09,XLB,25,39.11534098631395,1.0,rebalance
2022-06-10,USO,-61,90.23097386398315,1.0,rebalance
2022-06-10,XLU,-6,31.068928238671415,1.0,rebalance
2022-06-10,TECL,-22441,30.994675111512688,112.205,rebalance
2022-06-10,XLE,-51,38.252947750222525,1.0,rebalance
2022-06-10,DHS,-18,73.93396717719288,1.0,rebalance
2022-06-10,BSV,10965,66.84186883503506,54.825,rebalance
2022-06-10,XLB,6,37.74038746182863,1.0,rebalance
2022-06-13,USO,-53,89.27107077941895,1.0,rebalance
2022-06-13,BSV,-770,66.27937097811076,3.85,rebalance
2022-06-13,XLU,-154,30.741566882107488,1.0,rebalance
2022-06-13,DHS,-27,72.1681596890947,1.0,rebalance
2022-06-13,XLB,-5556,36.344468870354156,27.78,rebalance
2022-06-13,XLE,13,36.89660796197985,1.0,rebalance
2022-06-13,BIL,2653,76.398523487854,13.265,rebalance
2022-06-14,USO,-49,90.9709053565979,1.0,rebalance
2022-06-14,BSV,-10195,65.96557838058472,50.975,rebalance
2022-06-14,BIL,-6,76.37488433074951,1.0,rebalance
2022-06-14,XLU,202,29.74795764938879,1.01,rebalance
2022-06-14,TECL,24889,25.80323735573636,124.44500000000001,rebalance
2022-06-14,XLE,1,36.789381498291995,1.0,rebalance
2022-06-14,DHS,27,71.27408035634117,1.0,rebalance
2022-06-15,TECL,-669,26.528559975912653,3.345,rebalance
2022-06-15,USO,75,88.05880805206299,1.0,rebalance
2022-06-15,XLU,126,29.21970599769754,1.0,rebalance
2022-06-15,XLE,116,36.05160611566062,1.0,rebalance
2022-06-15,DHS,28,70.6287508124287,1.0,rebalance
2022-06-15,BIL,1,76.39016574491207,1.0,rebalance
2022-06-16,XLU,-14,28.781749879971635,1.0,rebalance
2022-06-16,TECL,-24220,25.0953309466899,121.10000000000001,rebalance
2022-06-16,BIL,-45,76.38323861768656,1.0,rebalance
2022-06-16,USO,3,86.4486464416504,1.0,rebalance
2022-06-16,BSV,9733,66.11828455512577,48.665,rebalance
2022-06-16,XLE,169,34.39593246214826,1.0,rebalance
2022-06-16,DHS,10,69.16827148375546,1.0,rebalance
2022-06-17,USO,-6,86.49135,1.0,rebalance
2022-06-17,BSV,-9733,66.47116052780929,48.665,rebalance
2022-06-17,BIL,-6,76.39159103393554,1.0,rebalance
2022-06-17,SPXL,11475,58.018677710293204,57.375,rebalance
2022-06-17,XLU,22,28.630339934655122,1.0,rebalance
2022-06-17,XLE,212,33.113427148092136,1.06,rebalance
2022-06-17,DHS,17,68.61635808821663,1.0,rebalance
2022-06-21,SPXL,-496,61.0291904473556,2.48,rebalance
2022-06-21,XLU,-6930,28.413706767913265,34.65,rebalance
2022-06-21,XLE,-5992,32.3549185046522,29.96,rebalance
2022-06-21,DHS,-2891,68.81487673655747,14.455,rebalance
2022-06-21,USO,3654,84.49844686355591,18.27,rebalance
2022-06-21,BIL,3980,76.41519266578354,19.900000000000002,rebalance
2022-06-22,SPXL,-10979,60.3028057947573,54.895,rebalance
2022-06-22,BIL,-86,76.40830264627843,1.0,rebalance
2022-06-22,USO,343,78.83788483123779,1.715,rebalance
2022-06-22,BSV,9405,66.59776805945266,47.025,rebalance
2022-06-23,USO,-179,81.62183425369263,1.0,rebalance
2022-06-23,BSV,338,66.6936632620177,1.69,rebalance
2022-06-23,BIL,36,76.43194357757568,1.0,rebalance
2022-06-24,BSV,-101,66.64545953523347,1.0,rebalance
2022-06-24,BIL,-18,76.4166565271851,1.0,rebalance
2022-06-24,USO,90,80.19802144165038,1.0,rebalance
2022-06-27,USO,-70,81.28187191543579,1.0,rebalance
2022-06-27,BSV,-604,66.63674380440105,3.02,rebalance
2022-06-27,BIL,13,76.42358364476695,1.0,rebalance
2022-06-28,USO,-569,83.98159886398315,2.845,rebalance
2022-06-28,BIL,-408,76.40830264627843,2.04,rebalance
2022-06-28,BSV,321,66.56289541503128,1.605,rebalance
2022-06-29,USO,-103,85.86141574630737,1.0,rebalance
2022-06-29,BSV,318,66.59778142408854,1.59,rebalance
2022-06-29,BIL,21,76.41524825651507,1.0,rebalance
2022-06-30,BSV,-98,66.86337743230419,1.0,rebalance
2022-06-30,BIL,-36,76.42504623436994,1.0,rebalance
2022-06-30,USO,218,82.09820533752442,1.09,rebalance
2022-07-01,BSV,-32,67.14429192327874,1.0,rebalance
2022-07-01,USO,4,82.1082084739685,1.0,rebalance
2022-07-01,BIL,4,76.4428012916565,1.0,rebalance
2022-07-05,BIL,-32,76.42751426010132,1.0,rebalance
2022-07-05,USO,231,78.4778482208252,1.155,rebalance
2022-07-05,BSV,120,67.51561493565409,1.0,rebalance
2022-07-06,USO,747,73.4973468635559,3.735,rebalance
2022-07-06,BSV,22,67.36722534519338,1.0,rebalance
2022-07-06,BIL,333,76.4428012916565,1.665,rebalance
2022-07-07,USO,-222,76.45235308456421,1.11,rebalance
2022-07-07,BSV,-9689,67.09191689130996,48.445,rebalance
2022-07-07,BIL,34,76.45116387844207,1.0,rebalance
2022-07-07,TECL,23230,28.244831990620483,116.15,rebalance
2022-07-08,USO,-134,78.58213733825684,1.0,rebalance
2022-07-08,TECL,-379,28.53507891068337,1.895,rebalance
2022-07-08,BIL,43,76.44282411882382,1.0,rebalance
2022-07-11,TECL,-44,28.72000693248187,1.0,rebalance
2022-07-11,USO,61,77.8177785583496,1.0,rebalance
2022-07-12,BIL,-46,76.42753708270367,1.0,rebalance
2022-07-12,USO,208,74.8274816947937,1.04,rebalance
2022-07-12,TECL,634,28.58702419312382,3.17,rebalance
2022-07-13,USO,-6573,73.06269269485473,32.865,rebalance
2022-07-13,BIL,7166,76.43446152954101,35.83,rebalance
2022-07-13,TECL,3661,25.572021413894436,18.305,rebalance
2022-07-14,TECL,-27102,26.186435199807892,135.51,rebalance
2022-07-14,BSV,12099,66.73003078397565,60.495000000000005,rebalance
2022-07-14,BIL,74,76.42608249687005,1.0,rebalance
2022-07-15,BSV,-12099,66.80394254549019,60.495000000000005,rebalance
2022-07-15,BIL,2,76.44282411882382,1.0,rebalance
2022-07-15,TECL,28338,28.513039329858646,141.69,rebalance
2022-07-18,TECL,-1493,29.940563543459035,7.465,rebalance
2022-07-18,BIL,180,76.43446152954101,1.0,rebalance
2022-07-19,BIL,-83,76.42753708270367,1.0,rebalance
2022-07-19,TECL,4912,29.25291881054975,24.560000000000002,rebalance
2022-07-20,TECL,-3602,30.828240072777824,18.01,rebalance
2022-07-20,BIL,3260,76.44282411882382,16.3,rebalance
2022-07-21,TECL,-28155,32.43714520327188,140.775,rebalance
2022-07-21,BIL,245,76.44282305760036,1.225,rebalance
2022-07-21,TECS,279,3372.287289984886,1.395,rebalance
2022-07-22,BIL,-204,76.44422103002603,1.02,rebalance
2022-07-22,TECS,7,3239.4316886183115,1.0,rebalance
2022-07-25,TECS,-286,3387.1384918953404,1.43,rebalance
2022-07-25,BIL,229,76.45954185714722,1.145,rebalance
2022-07-25,TECL,28755,32.221675840413646,143.775,rebalance
2022-07-26,BIL,-104,76.44425147781372,1.0,rebalance
2022-07-26,TECL,5402,31.555787066307207,27.01,rebalance
2022-07-27,TECL,-871,31.521734809230434,4.355,rebalance
2022-07-27,BIL,3387,76.45954185714722,16.935,rebalance
2022-07-28,TECL,-2329,34.04606290089691,11.645,rebalance
2022-07-28,BIL,544,76.46787398910523,2.72,rebalance
2022-07-29,TECL,-1507,35.932373268644916,7.535,rebalance
2022-07-29,BIL,379,76.46785879720369,1.895,rebalance
2022-08-01,TECL,-29449,36.14504902647076,147.245,rebalance
2022-08-01,BIL,40,76.47377730021086,1.0,rebalance
2022-08-01,TECS,363,2934.0365443751725,1.815,rebalance
2022-08-02,TECS,-2,2956.7379027038182,1.0,rebalance
2022-08-02,TECL,-1,35.95087050350807,1.0,rebalance
2022-08-02,BIL,51,76.48211068023666,1.0,rebalance
2022-08-03,TECS,-1,2896.3614403532247,1.0,rebalance
2022-08-03,BIL,-14792,76.48358707418467,73.96000000000001,rebalance
2022-08-03,XLU,16043,32.46358538571509,80.215,rebalance
2022-08-03,TAN,6306,82.58302733661819,31.53,rebalance
2022-08-04,XLU,-459,32.72547477892868,2.295,rebalance
2022-08-04,TAN,-51,81.53269080671235,1.0,rebalance
2022-08-04,BIL,-142,76.49192397897384,1.0,rebalance
2022-08-04,TECS,6,2714.0479615443505,1.0,rebalance
2022-08-05,TAN,-115,84.39557764008597,1.0,rebalance
2022-08-05,XLU,265,32.69682092552441,1.325,rebalance
2022-08-05,TECS,1,2808.0825732939666,1.0,rebalance
2022-08-05,BIL,105,76.51558536376953,1.0,rebalance
2022-08-08,XLU,-230,32.94107057657708,1.1500000000000001,rebalance
2022-08-08,TAN,-191,86.49304530796122,1.0,rebalance
2022-08-08,BIL,-45,76.49190393471505,1.0,rebalance
2022-08-08,TECS,11,2699.382495693587,1.0,rebalance
2022-08-09,XLU,204,32.815635821950465,1.02,rebalance
2022-08-09,TAN,275,83.418200836155,1.375,rebalance
2022-08-09,BIL,60,76.50722028439641,1.0,rebalance
2022-08-10,TECS,-378,2643.6409547185235,1.8900000000000001,rebalance
2022-08-10,TAN,-79,87.53680080581658,1.0,rebalance
2022-08-10,XLU,365,33.229296621692846,1.825,rebalance
2022-08-10,TECL,27180,39.583465069054185,135.9,rebalance
2022-08-10,BIL,243,76.51556892306881,1.215,rebalance
2022-08-11,TECL,-27179,40.93479305274094,135.895,rebalance
2022-08-11,TAN,-105,90.57862875334622,1.0,rebalance
2022-08-11,XLU,257,33.273305240797015,1.285,rebalance
2022-08-11,TECS,415,2552.7242509117264,2.075,rebalance
2022-08-11,BIL,119,76.5323118493311,1.0,rebalance
2022-08-12,XLU,-98,33.438244036065,1.0,rebalance
2022-08-12,TECL,-1,40.30601916138637,1.0,rebalance
2022-08-12,TECS,-4,2591.0274556574527,1.0,rebalance
2022-08-12,BIL,-5,76.51703382438718,1.0,rebalance
2022-08-12,TAN,242,87.02735468539701,1.21,rebalance
2022-08-15,XLU,-204,33.68902625455147,1.02,rebalance
2022-08-15,TAN,-123,88.31216924155937,1.0,rebalance
2022-08-15,BIL,-36,76.51702099456787,1.0,rebalance
2022-08-15,TECS,13,2520.8041950845436,1.0,rebalance
2022-08-16,XLU,-212,33.96181355028333,1.06,rebalance
2022-08-16,TAN,-5,87.92449097264513,1.0,rebalance
2022-08-16,BIL,-38,76.5337670240048,1.0,rebalance
2022-08-16,TECS,21,2475.9439642762877,1.0,rebalance
2022-08-17,XLU,-15930,33.99261525896869,79.65,rebalance
2022-08-17,TECS,-445,2530.650215724283,2.225,rebalance
2022-08-17,TAN,-1860,85.68785109033249,9.3,rebalance
2022-08-17,BIL,-7069,76.5337670240048,35.345,rebalance
2022-08-17,XLK,5065,72.63450403712137,25.325,rebalance
2022-08-17,LIT,4761,77.26944097892375,23.805,rebalance
2022-08-17,XLI,3946,93.24527945369033,19.73,rebalance
2022-08-17,TQQQ,68751,17.839588258524753,343.755,rebalance
2022-08-17,XBI,4073,90.3352162797852,20.365000000000002,rebalance
2022-08-18,XLK,-29,72.83816547061393,1.0,rebalance
2022-08-18,XLU,-1,34.10700200973186,1.0,rebalance
2022-08-18,XLI,-33,93.75213290837155,1.0,rebalance
2022-08-18,TQQQ,-68751,17.717141752217948,343.755,rebalance
2022-08-18,TAN,-60,86.64215667297006,1.0,rebalance
2022-08-18,BIL,-1,76.55050825963154,1.0,rebalance
2022-08-18,LIT,13,76.8367017808844,1.0,rebalance
2022-08-18,TECL,28680,41.39616071531187,143.4,rebalance
2022-08-18,XBI,52,88.93397960832695,1.0,rebalance
2022-08-19,XLK,-25,72.54239839846275,1.0,rebalance
2022-08-19,TECL,-28680,41.0734874264476,143.4,rebalance
2022-08-19,XLI,-20,93.37678957367785,1.0,rebalance
2022-08-19,TAN,-10,86.04571323595967,1.0,rebalance
2022-08-19,LIT,53,75.29803815214262,1.0,rebalance
2022-08-19,TECS,468,2537.1954141326105,2.34,rebalance
2022-08-19,XBI,46,87.14516909096389,1.0,rebalance
2022-08-22,TECS,-468,2727.3061669530293,2.34,rebalance
2022-08-22,XLK,191,70.84980338950837,1.0,rebalance
2022-08-22,LIT,141,74.19213809583792,1.0,rebalance
2022-08-22,TECL,30872,37.92797850385745,154.36,rebalance
2022-08-22,XLI,129,91.63099343552835,1.0,rebalance
2022-08-22,TAN,266,82.0958395670712,1.33,rebalance
2022-08-22,XBI,125,85.79362829164042,1.0,rebalance
2022-08-23,LIT,-147,75.23490030532248,1.0,rebalance
2022-08-23,TECL,-30872,36.16354323657899,154.36,rebalance
2022-08-23,XLI,-37,91.02150044094036,1.0,rebalance
2022-08-23,TAN,-123,83.05360109447942,1.0,rebalance
2022-08-23,XBI,-74,85.90563244036572,1.0,rebalance
2022-08-23,BSV,15431,66.8897585404108,77.155,rebalance
2022-08-23,XLK,2,69.69071799088297,1.0,rebalance
2022-08-24,XLK,-5204,69.57979840743228,26.02,rebalance
2022-08-24,LIT,-536,74.7637769572347,2.68,rebalance
2022-08-24,XLI,-3985,91.24670002624339,19.925,rebalance
2022-08-24,TAN,-505,82.96413703061303,2.525,rebalance
2022-08-24,XBI,-4222,87.28671688111052,21.11,rebalance
2022-08-24,BSV,538,66.88101007733981,2.69,rebalance
2022-08-24,XLP,4726,67.78652585469999,23.63,rebalance
2022-08-24,XLU,9570,33.480130768321004,47.85,rebalance
2022-08-24,BIL,4184,76.5825540726384,20.92,rebalance
2022-08-25,LIT,-10,75.37911517038515,1.0,rebalance
2022-08-25,XLU,-9,33.70222155517176,1.0,rebalance
2022-08-25,TAN,-143,86.65209310292819,1.0,rebalance
2022-08-25,BSV,2154,66.86354061768974,10.77,rebalance
2022-08-25,XLP,22,67.86686386038136,1.0,rebalance
2022-08-25,BIL,23,76.59090022307637,1.0,rebalance
2022-08-26,BSV,-106,66.85015924955322,1.0,rebalance
2022-08-26,LIT,-18,75.9175370459248,1.0,rebalance
2022-08-26,XLU,-12,33.84302031888716,1.0,rebalance
2022-08-26,XLP,-8,68.17463626571178,1.0,rebalance
2022-08-26,TAN,-37,87.77538186708989,1.0,rebalance
2022-08-26,BIL,12,76.59090022307637,1.0,rebalance
2022-08-29,BSV,-3314,66.7977469412093,16.57,rebalance
2022-08-29,BIL,-56,76.58394697952271,1.0,rebalance
2022-08-29,LIT,105,73.08620495549553,1.0,rebalance
2022-08-29,XLU,70,33.14568790964692,1.0,rebalance
2022-08-29,XLP,85,66.07246436643851,1.0,rebalance
2022-08-29,TAN,118,83.89544837209723,1.0,rebalance
2022-08-30,BSV,-12,66.70160784694004,1.0,rebalance
2022-08-30,LIT,-23,73.6484792989788,1.0,rebalance
2022-08-30,XLU,-52,33.40303824311416,1.0,rebalance
2022-08-30,XLP,-17,66.46980817655674,1.0,rebalance
2022-08-30,TAN,-16,84.46516206555451,1.0,rebalance
2022-08-30,BIL,9,76.60765084381103,1.0,rebalance
2022-08-31,BSV,-236,66.7191148177857,1.18,rebalance
2022-08-31,LIT,-4339,71.78323627581683,21.695,rebalance
2022-08-31,XLP,-4808,65.86287402393017,24.04,rebalance
2022-08-31,XLU,5070,32.947659449579696,25.35,rebalance
2022-08-31,TAN,1953,84.06447052582007,9.765,rebalance
2022-08-31,BIL,2122,76.61602757411545,10.61,rebalance
2022-09-01,BIL,-40,76.62498138885498,1.0,rebalance
2022-09-01,BSV,602,66.51201172386496,3.0100000000000002,rebalance
2022-09-01,XLU,71,32.586802258846376,1.0,rebalance
2022-09-01,TAN,103,82.06600935489888,1.0,rebalance
2022-09-02,BSV,-14,66.65618632543105,1.0,rebalance
2022-09-02,XLU,-217,33.26225590614088,1.085,rebalance
2022-09-02,TAN,-41,83.12318954346057,1.0,rebalance
2022-09-02,BIL,36,76.64030926734841,1.0,rebalance
2022-09-06,BSV,-15043,66.6299496114688,75.215,rebalance
2022-09-06,BIL,-32,76.62498273814788,1.0,rebalance
2022-09-06,XLU,34,33.01366456847714,1.0,rebalance
2022-09-06,TECL,34743,28.392807455588397,173.715,rebalance
2022-09-06,TAN,126,80.93255710094672,1.0,rebalance
2022-09-07,XLU,-59,33.06426224300453,1.0,rebalance
2022-09-07,TAN,-112,82.2881717845796,1.0,rebalance
2022-09-07,BIL,-16,76.62500573366151,1.0,rebalance
2022-09-07,TECL,504,27.92113765915288,2.52,rebalance
2022-09-08,XLU,-575,33.80782333119746,2.875,rebalance
2022-09-08,TECL,-35247,28.368640219082813,176.235,rebalance
2022-09-08,TAN,-382,86.48309803748498,1.9100000000000001,rebalance
2022-09-08,BIL,-115,76.65850159606934,1.0,rebalance
2022-09-08,BSV,14094,66.65201409891023,70.47,rebalance
2022-09-09,XLU,-76,34.1114051848232,1.0,rebalance
2022-09-09,TAN,-70,87.9046069736619,1.0,rebalance
2022-09-09,BSV,1100,66.64328921913955,5.5,rebalance
2022-09-09,BIL,21,76.66545063674106,1.0,rebalance
2022-09-12,BSV,-716,66.59495409075133,3.58,rebalance
2022-09-12,XLU,-16,34.13781118389952,1.0,rebalance
2022-09-12,BIL,-3,76.65849261663641,1.0,rebalance
2022-09-12,TAN,10,87.71339603050625,1.0,rebalance
2022-09-13,XLU,-54,34.02340730506038,1.0,rebalance
2022-09-13,BIL,-43,76.65011280233027,1.0,rebalance
2022-09-13,BSV,407,66.29325490772172,2.035,rebalance
2022-09-13,TAN,166,84.47211306634081,1.0,rebalance
2022-09-14,BSV,-2776,66.19251097410601,13.88,rebalance
2022-09-14,TAN,-118,86.34393367528851,1.0,rebalance
2022-09-14,XLU,234,33.47572407518943,1.17,rebalance
2022-09-15,BSV,-36,66.15751278260548,1.0,rebalance
2022-09-15,XLU,-6817,33.46023782770129,34.085,rebalance
2022-09-15,TAN,-2633,86.02583142280106,13.165000000000001,rebalance
2022-09-15,BIL,-2977,76.67529490626085,14.885,rebalance
2022-09-15,LIT,3320,72.17264046600857,16.6,rebalance
2022-09-15,XLE,6837,35.050580745920804,34.185,rebalance
2022-09-16,BSV,-138,66.10503039350257,1.0,rebalance
2022-09-16,BIL,-24,76.69205994644165,1.0,rebalance
2022-09-16,LIT,94,69.64347541878061,1.0,rebalance
2022-09-16,XLU,93,32.77603093229877,1.0,rebalance
2022-09-16,XLE,24,34.655877483138134,1.0,rebalance
2022-09-16,TAN,76,83.07021845996465,1.0,rebalance
2022-09-19,LIT,-18,69.74491459924887,1.0,rebalance
2022-09-19,XLU,-4,32.663638290454095,1.0,rebalance
2022-09-19,TAN,-2,82.8150239582652,1.0,rebalance
2022-09-19,BIL,-13,76.69205994644165,1.0,rebalance
2022-09-19,BSV,23,66.05699318474464,1.0,rebalance
2022-09-19,XLE,297,33.08692280337265,1.485,rebalance
2022-09-20,BSV,-20,66.00879406925452,1.0,rebalance
2022-09-20,LIT,-58,71.27364617944153,1.0,rebalance
2022-09-20,XLU,-39,32.98699590860597,1.0,rebalance
2022-09-20,XLE,-120,33.79924730072022,1.0,rebalance
2022-09-20,TAN,-11,83.50092038444075,1.0,rebalance
2022-09-20,BIL,13,76.71576871550188,1.0,rebalance
2022-09-21,XLE,-134,34.434920337654674,1.0,rebalance
2022-09-21,BIL,-1,76.69203717442076,1.0,rebalance
2022-09-21,BSV,292,66.05698223284205,1.46,rebalance
2022-09-21,LIT,12,70.96095090034689,1.0,rebalance
2022-09-21,XLU,6,32.94042588965873,1.0,rebalance
2022-09-21,TAN,64,81.6086555310656,1.0,rebalance
2022-09-22,BSV,-266,65.80758314435205,1.33,rebalance
2022-09-22,LIT,-3350,70.20642334950115,16.75,rebalance
2022-09-22,XLU,1937,32.253719269709634,9.685,rebalance
2022-09-22,XLE,1802,33.91562578322717,9.01,rebalance
2022-09-22,TAN,756,80.46525497269259,3.7800000000000002,rebalance
2022-09-22,BIL,748,76.73255797671655,3.74,rebalance
2022-09-23,BSV,-11964,65.76382408358005,59.82,rebalance
2022-09-23,BIL,-46,76.72559552100813,1.0,rebalance
2022-09-23,XLU,3,31.850534252093677,1.0,rebalance
2022-09-23,TECL,34203,22.843723174718658,171.01500000000001,rebalance
2022-09-23,XLE,437,31.903059525403915,2.185,rebalance
2022-09-23,TAN,176,75.861845400207,1.0,rebalance
2022-09-26,XLU,-53,31.70685484079,1.0,rebalance
2022-09-26,BIL,-40,76.73394730237594,1.0,rebalance
2022-09-26,TECL,1340,22.381303308104833,6.7,rebalance
2022-09-26,XLE,258,30.710421405012585,1.29,rebalance
2022-09-26,TAN,11,74.87752723479016,1.0,rebalance
2022-09-27,TAN,-27,75.87649861587529,1.0,rebalance
2022-09-27,XLU,198,31.230271824789927,1.0,rebalance
2022-09-27,TECL,2891,22.96395426419082,14.455,rebalance
2022-09-27,XLE,73,30.66657214954519,1.0,rebalance
2022-09-27,BIL,23,76.7492984344497,1.0,rebalance
2022-09-28,XLU,-28,30.85194420531521,1.0,rebalance
2022-09-28,XLE,-178,30.783192172374033,1.0,rebalance
2022-09-28,TAN,-29,75.31981806883,1.0,rebalance
2022-09-28,BIL,-56,76.74231109217232,1.0,rebalance
2022-09-28,TECL,1331,21.8541364543981,6.655,rebalance
2022-09-29,XLU,-9275,30.66590777056797,46.375,rebalance
2022-09-29,TECL,-39765,21.88675445319567,198.82500000000002,rebalance
2022-09-29,BSV,12443,65.49696004454873,62.215,rebalance
2022-09-29,XLE,3599,31.600517875239035,17.995,rebalance
2022-09-29,TAN,1607,75.36471905203457,8.035,rebalance
2022-09-29,BIL,1578,76.78281636886597,7.890000000000001,rebalance
2022-09-30,BSV,-12443,65.57134874552418,62.215,rebalance
2022-09-30,XLE,-52,31.572274280548097,1.0,rebalance
2022-09-30,BIL,-25,76.76746134109497,1.0,rebalance
2022-09-30,TECL,37677,20.827561707760502,188.385,rebalance
2022-09-30,TAN,180,72.58079016403043,1.0,rebalance
2022-10-03,XLE,-435,32.70768931972047,2.1750000000000003,rebalance
2022-10-03,TAN,-83,73.73927746378371,1.0,rebalance
2022-10-03,TECL,643,20.346634919797662,3.215,rebalance
2022-10-03,BIL,4,76.78698408618611,1.0,rebalance
2022-10-04,TECL,-38320,22.931619414337195,191.6,rebalance
2022-10-04,TAN,-38,77.53656975959618,1.0,rebalance
2022-10-04,BSV,11320,65.75988148458124,56.6,rebalance
2022-10-04,XLE,44,34.038405135863755,1.0,rebalance
2022-10-04,BIL,233,76.78699769515991,1.165,rebalance
2022-10-05,BSV,-982,65.69416942865622,4.91,rebalance
2022-10-05,XLE,-248,34.77684848499486,1.24,rebalance
2022-10-05,TAN,52,76.91575653874486,1.0,rebalance
2022-10-05,BIL,9,76.78699769515991,1.0,rebalance
2022-10-06,XLE,-2277,35.21961375808027,11.385,rebalance
2022-10-06,TAN,-838,74.71344645451133,4.19,rebalance
2022-10-06,BIL,-975,76.79684443235712,4.875,rebalance
2022-10-06,BSV,305,65.70730081914614,1.5250000000000001,rebalance
2022-10-07,XLE,-298,36.21473750191863,1.49,rebalance
2022-10-07,BIL,-11,76.788447706604,1.0,rebalance
2022-10-07,BSV,50,65.38310681117005,1.0,rebalance
2022-10-07,TAN,194,71.55671202578655,1.0,rebalance
2022-10-10,BSV,-177,65.37878242597249,1.0,rebalance
2022-10-10,BIL,-15,76.8052676690367,1.0,rebalance
2022-10-10,XLE,29,36.0071265635806,1.0,rebalance
2022-10-10,TAN,90,70.04543571219884,1.0,rebalance
2022-10-11,BIL,-32,76.79687734451294,1.0,rebalance
2022-10-11,BSV,165,65.33925116729736,1.0,rebalance
2022-10-11,XLE,356,34.47248503711428,1.78,rebalance
2022-10-11,TAN,81,68.42480074875559,1.0,rebalance
2022-10-12,BSV,-10681,65.28237351560807,53.405,rebalance
2022-10-12,XLE,-39,34.614637332483476,1.0,rebalance
2022-10-12,TECL,43125,18.635671536564242,215.625,rebalance
2022-10-12,TAN,3,68.40491469984528,1.0,rebalance
2022-10-13,TAN,-5048,64.38517026564323,25.240000000000002,rebalance
2022-10-13,XLE,7026,34.66980386674129,35.13,rebalance
2022-10-13,BIL,3176,76.82900410923048,15.88,rebalance
2022-10-13,TECL,3335,16.91545333197793,16.675,rebalance
2022-10-14,TECL,-46460,20.72168176019532,232.3,rebalance
2022-10-14,XLE,365,36.16498195470836,1.825,rebalance
2022-10-14,BSV,11728,65.34804502038641,58.64,rebalance
2022-10-14,BIL,502,76.83740251541137,2.5100000000000002,rebalance
2022-10-17,BSV,-397,65.238611441844,1.985,rebalance
2022-10-17,BIL,-21,76.83042689334447,1.0,rebalance
2022-10-17,XLE,154,35.75282049271491,1.0,rebalance
2022-10-18,XLE,-71,35.9254066812473,1.0,rebalance
2022-10-18,BSV,-647,65.23860543734415,3.235,rebalance
2022-10-18,BIL,7,76.83740251541137,1.0,rebalance
2022-10-19,XLE,-56,36.048163913687816,1.0,rebalance
2022-10-19,BSV,-60,65.08092763008463,1.0,rebalance
2022-10-19,BIL,1,76.84579451548534,1.0,rebalance
2022-10-20,XLE,-3145,37.284398339472794,15.725,rebalance
2022-10-20,BIL,-1246,76.83880147338002,6.23,rebalance
2022-10-20,BSV,276,64.98880865369674,1.3800000000000001,rebalance
2022-10-21,BSV,-1,64.97578540143945,1.0,rebalance
2022-10-21,BIL,-3,76.85562660826965,1.0,rebalance
2022-10-21,XLE,12,37.25238725482618,1.0,rebalance
2022-10-24,XLE,-261,38.08662591891237,1.305,rebalance
2022-10-24,BSV,-10899,65.04585998870675,54.495000000000005,rebalance
2022-10-24,BIL,26,76.870967578125,1.0,rebalance
2022-10-24,TECL,30966,22.409046993643877,154.83,rebalance
2022-10-25,TECL,-851,23.255254594927905,4.255,rebalance
2022-10-25,XLE,93,38.146860739409014,1.0,rebalance
2022-10-25,BIL,56,76.870967578125,1.0,rebalance
2022-10-26,XLE,-188,38.472404081385335,1.0,rebalance
2022-10-26,BIL,-33,76.86399644316893,1.0,rebalance
2022-10-26,TECL,409,22.57551962944563,2.045,rebalance
2022-10-27,XLE,-7194,39.38424073710965,35.97,rebalance
2022-10-27,BIL,-3523,76.88920906742895,17.615000000000002,rebalance
2022-10-27,XLV,2144,123.2777353000386,10.72,rebalance
2022-10-27,TECL,194,22.945458711776894,1.0,rebalance
2022-10-27,DHS,3640,72.60169472072096,18.2,rebalance
2022-10-28,XLV,-1,122.51376348997832,1.0,rebalance
2022-10-28,TECL,-30718,22.27511063660637,153.59,rebalance
2022-10-28,XLE,-48,39.410541166455644,1.0,rebalance
2022-10-28,DHS,-23,72.58719614631434,1.0,rebalance
2022-10-28,BIL,-23,76.89757288317028,1.0,rebalance
2022-10-28,BSV,11114,65.43569385208622,55.57,rebalance
2022-10-31,XLV,-20,123.69294217680272,1.0,rebalance
2022-10-31,BSV,-11114,65.34373756648158,55.57,rebalance
2022-10-31,DHS,-43,73.46007058803806,1.0,rebalance
2022-10-31,TECL,30058,24.083021911498967,150.29,rebalance
2022-10-31,XLE,114,38.74756590764641,1.0,rebalance
2022-11-01,XLE,-172,40.116340079355965,1.0,rebalance
2022-11-01,DHS,-3,74.1860033611697,1.0,rebalance
2022-11-01,XLV,6,124.41036944797676,1.0,rebalance
2022-11-01,TECL,619,24.647178246255738,3.095,rebalance
2022-11-01,BIL,30,76.92812037032867,1.0,rebalance
2022-11-02,XLV,-26,124.02050242797162,1.0,rebalance
2022-11-02,XLE,-35,39.708646754521894,1.0,rebalance
2022-11-02,DHS,-35,73.77120735811847,1.0,rebalance
2022-11-02,BIL,-53,76.92114775314332,1.0,rebalance
2022-11-02,TECL,4113,23.121175555208353,20.565,rebalance
2022-11-03,XLV,-2103,121.30650839134265,10.515,rebalance
2022-11-03,TECL,-34790,19.944966346691814,173.95000000000002,rebalance
2022-11-03,BSV,11162,65.04268988024603,55.81,rebalance
2022-11-03,XLE,2824,38.64670975155788,14.120000000000001,rebalance
2022-11-03,DHS,1511,71.92745674319282,7.555,rebalance
2022-11-03,BIL,1326,76.95336298319162,6.63,rebalance
2022-11-04,XLE,-351,40.47581565338761,1.7550000000000001,rebalance
2022-11-04,DHS,-68,73.51191798877669,1.0,rebalance
2022-11-04,BSV,73,65.15678948955899,1.0,rebalance
2022-11-04,BIL,38,76.97019631952728,1.0,rebalance
2022-11-07,DHS,-26,73.86624770293838,1.0,rebalance
2022-11-07,BIL,-1,76.96322874221013,1.0,rebalance
2022-11-07,BSV,724,65.16554385416532,3.62,rebalance
2022-11-07,XLE,67,40.168204642819035,1.0,rebalance
2022-11-08,XLE,-100,40.68623559746997,1.0,rebalance
2022-11-08,DHS,-8,74.13414057451087,1.0,rebalance
2022-11-08,BSV,85,65.15678108595765,1.0,rebalance
2022-11-08,BIL,8,76.97861383972167,1.0,rebalance
2022-11-09,BIL,-7,76.99690502493334,1.0,rebalance
2022-11-09,BSV,80,65.22696412498928,1.0,rebalance
2022-11-09,XLE,85,40.26028203840442,1.0,rebalance
2022-11-09,DHS,6,73.95019323987303,1.0,rebalance
2022-11-10,DHS,-4951,74.51441835712083,24.755,rebalance
2022-11-10,BSV,-681,65.6262899878173,3.4050000000000002,rebalance
2022-11-10,XLE,5124,39.62012208946123,25.62,rebalance
2022-11-10,BIL,2559,77.0206927012201,12.795,rebalance
2022-11-11,XLE,-228,40.431972745526316,1.1400000000000001,rebalance
2022-11-11,BSV,-11443,65.81930285719766,57.215,rebalance
2022-11-11,BIL,30,77.02913457194862,1.0,rebalance
2022-11-11,TECL,25821,24.60093315372359,129.105,rebalance
2022-11-14,XLE,9,40.716301418442356,1.0,rebalance
2022-11-14,BIL,54,77.03755209525222,1.0,rebalance
2022-11-14,TECL,744,25.396303952433687,3.72,rebalance
2022-11-15,TECL,-807,27.138837360541217,4.035,rebalance
2022-11-15,XLE,126,40.97499130878991,1.0,rebalance
2022-11-15,BIL,114,77.03753391571045,1.0,rebalance
2022-11-16,XLE,-135,40.87473632382836,1.0,rebalance
2022-11-16,BIL,-87,77.02211123675134,1.0,rebalance
2022-11-16,TECL,1229,25.683006735866506,6.1450000000000005,rebalance
2022-11-17,XLE,-8869,39.78317062699336,44.345,rebalance
2022-11-17,BIL,-7424,77.04739251745644,37.12,rebalance
2022-11-17,XLV,1649,123.53046762729697,8.245000000000001,rebalance
2022-11-17,XLF,6247,32.6158258519539,31.235,rebalance
2022-11-17,TECL,1391,23.935042610135913,6.955,rebalance
2022-11-17,DIA,655,311.0969635578573,3.275,rebalance
2022-11-17,XLB,5576,36.54208142126232,27.88,rebalance
2022-11-18,TECL,-1490,26.047737333955713,7.45,rebalance
2022-11-18,BIL,-1,77.04739251745644,1.0,rebalance
2022-11-18,XLV,11,125.51491062687006,1.0,rebalance
2022-11-18,XLF,20,33.26141647074317,1.0,rebalance
2022-11-18,XLE,123,39.74727348150539,1.0,rebalance
2022-11-18,DIA,4,316.16004874171716,1.0,rebalance
2022-11-18,XLB,38,37.12953414193654,1.0,rebalance
2022-11-21,XLV,-20,125.67698468983149,1.0,rebalance
2022-11-21,XLF,-29,33.039611318216124,1.0,rebalance
2022-11-21,DIA,-7,316.2841475895567,1.0,rebalance
2022-11-21,XLB,-2,36.7290117451108,1.0,rebalance
2022-11-21,TECL,1947,24.90613367607104,9.735,rebalance
2022-11-22,XLV,-4,126.29463751340423,1.0,rebalance
2022-11-22,XLF,-45,33.36701326635029,1.0,rebalance
2022-11-22,XLE,-94,40.12072151078017,1.0,rebalance
2022-11-22,DIA,-1,317.436289673115,1.0,rebalance
2022-11-22,XLB,-86,37.39496212489802,1.0,rebalance
2022-11-22,TECL,362,24.776656307685613,1.81,rebalance
2022-11-23,TECL,-660,25.761090937705948,3.3000000000000003,rebalance
2022-11-23,XLB,-19,37.92217912981016,1.0,rebalance
2022-11-23,XLV,6,127.134278737868,1.0,rebalance
2022-11-23,XLF,46,33.47660304771745,1.0,rebalance
2022-11-23,XLE,54,40.13312930195001,1.0,rebalance
2022-11-23,DIA,3,319.11115146233016,1.0,rebalance
2022-11-25,TECL,-100,26.186432628421763,1.0,rebalance
2022-11-25,DIA,-654,320.4336213551268,3.27,rebalance
2022-11-25,XLV,106,127.77077361960521,1.0,rebalance
2022-11-25,XLF,389,33.71050523036237,1.945,rebalance
2022-11-25,SLV,11404,19.59195915260315,57.02,rebalance
2022-11-25,XLE,318,40.45759982959661,1.59,rebalance
2022-11-25,XLB,363,38.05928076416687,1.815,rebalance
2022-11-28,XLV,-20,127.96048789519642,1.0,rebalance
2022-11-28,SLV,-160,19.65803384742737,1.0,rebalance
2022-11-28,XLF,-48,33.59151905955523,1.0,rebalance
2022-11-28,XLB,-25,37.81581023449974,1.0,rebalance
2022-11-28,TECL,923,25.22982963615896,4.615,rebalance
2022-11-28,XLE,103,39.29565732014124,1.0,rebalance
2022-11-29,XLV,-6,127.11817874873398,1.0,rebalance
2022-11-29,SLV,-22,19.49805,1.0,rebalance
2022-11-29,XLE,-100,39.60343393851962,1.0,rebalance
2022-11-29,XLF,17,33.16784861476601,1.0,rebalance
2022-11-29,TECL,1186,24.34197707623333,5.93,rebalance
2022-11-29,XLB,8,37.38856969401261,1.0,rebalance
2022-11-30,XLV,-7,127.25855136341146,1.0,rebalance
2022-11-30,SLV,-374,20.117988839149476,1.87,rebalance
2022-11-30,XLF,-53,33.34830854224975,1.0,rebalance
2022-11-30,XLE,-96,40.204013386186425,1.0,rebalance
2022-11-30,XLB,-14,37.38109722910231,1.0,rebalance
2022-11-30,TECL,948,23.685337772303548,4.74,rebalance
2022-12-01,TECL,-31494,27.277536788389508,157.47,rebalance
2022-12-01,XLV,23,130.87845955687663,1.0,rebalance
2022-12-01,SLV,182,20.63206216068268,1.0,rebalance
2022-12-01,XLF,121,34.14089834436848,1.0,rebalance
2022-12-01,XLE,225,40.24714324829637,1.125,rebalance
2022-12-01,TQQQ,64239,11.271610632181137,321.195,rebalance
2022-12-01,XLB,65,38.540330334019124,1.0,rebalance
2022-12-02,XLV,-1738,129.16774624127933,8.69,rebalance
2022-12-02,XLF,-6665,33.41378430919072,33.325,rebalance
2022-12-02,XLB,-5904,37.815803508241,29.52,rebalance
2022-12-02,COPX,6897,33.26430155045873,34.485,rebalance
2022-12-02,SLV,36,20.73207254219055,1.0,rebalance
2022-12-02,GDX,8227,27.885178320743915,41.135,rebalance
2022-12-02,XLE,145,39.55873322635724,1.0,rebalance
2022-12-02,EFA,3838,59.774748037328386,19.19,rebalance
2022-12-02,TQQQ,7387,10.677118056578404,36.935,rebalance
2022-12-05,COPX,-124,34.158747785890434,1.0,rebalance
2022-12-05,GDX,-1,28.12640640722909,1.0,rebalance
2022-12-05,XLE,-12,39.98043593983122,1.0,rebalance
2022-12-05,EFA,13,60.08634156472002,1.0,rebalance
2022-12-05,TQQQ,538,10.881624231257623,2.69,rebalance
2022-12-06,SLV,-8,20.617938839149474,1.0,rebalance
2022-12-06,EFA,-26,59.61147564673032,1.0,rebalance
2022-12-06,TQQQ,-72164,10.546598210491114,360.82,rebalance
2022-12-06,COPX,63,33.35627616979941,1.0,rebalance
2022-12-06,TECL,29381,25.433297114856106,146.905,rebalance
2022-12-06,XLE,185,38.181942401183676,1.0,rebalance
2022-12-07,COPX,-92,33.13812577711088,1.0,rebalance
2022-12-07,SLV,-246,20.667933076286317,1.23,rebalance
2022-12-07,TECL,-29381,23.504914322461083,146.905,rebalance
2022-12-07,GDX,-128,27.59482381073548,1.0,rebalance
2022-12-07,EFA,-53,59.246522341169566,1.0,rebalance
2022-12-07,BSV,10798,66.4057232431748,53.99,rebalance
2022-12-07,XLE,3,37.40146606860472,1.0,rebalance
2022-12-08,COPX,-46,33.55188993510394,1.0,rebalance
2022-12-08,SLV,-270,21.317867694854737,1.35,rebalance
2022-12-08,GDX,-110,28.135898503407315,1.0,rebalance
2022-12-08,XLE,-84,38.152390338367105,1.0,rebalance
2022-12-08,BSV,63,66.40574075302032,1.0,rebalance
2022-12-08,EFA,23,59.22275426585997,1.0,rebalance
2022-12-09,COPX,-33,33.94726646989282,1.0,rebalance
2022-12-09,GDX,-7988,28.183362513433636,39.94,rebalance
2022-12-09,XLE,-5891,37.03012944576246,29.455000000000002,rebalance
2022-12-09,EFA,-3,59.66487595459592,1.0,rebalance
2022-12-09,BSV,497,66.40568949672267,2.485,rebalance
2022-12-09,XLV,1731,130.65380310859035,8.655,rebalance
2022-12-09,SLV,6,21.452145763015746,1.0,rebalance
2022-12-09,XLB,5995,37.7401109688383,29.975,rebalance
2022-12-12,SLV,-81,21.577841923713684,1.0,rebalance
2022-12-12,XLV,16,129.2403865440025,1.0,rebalance
2022-12-12,COPX,54,33.613776426494006,1.0,rebalance
2022-12-12,BSV,5193,66.38814312344303,25.965,rebalance
2022-12-12,XLB,31,37.481079890555506,1.0,rebalance
2022-12-13,XLV,-21,132.28416612895714,1.0,rebalance
2022-12-13,COPX,-55,34.25988911423606,1.0,rebalance
2022-12-13,BSV,-258,66.63847553503577,1.29,rebalance
2022-12-13,SLV,-131,22.08779115257263,1.0,rebalance
2022-12-13,EFA,-71,61.351878846192896,1.0,rebalance
2022-12-13,XLB,-163,38.93960262358217,1.0,rebalance
2022-12-14,BSV,-16292,66.61210665569651,81.46000000000001,rebalance
2022-12-14,XLV,11,130.8784766358904,1.0,rebalance
2022-12-14,COPX,20,34.0184344520373,1.0,rebalance
2022-12-14,SLV,32,21.932193305206297,1.0,rebalance
2022-12-14,EFA,26,60.68480142007465,1.0,rebalance
2022-12-14,TQQQ,103017,10.562974108241301,515.085,rebalance
2022-12-14,XLB,97,38.14715900096225,1.0,rebalance
2022-12-15,XLV,-33,129.94447288722148,1.0,rebalance
2022-12-15,COPX,-87,33.56108098001189,1.0,rebalance
2022-12-15,SLV,-46,21.44785576286316,1.0,rebalance
2022-12-15,EFA,-43,59.77898354129774,1.0,rebalance
2022-12-15,TQQQ,-103017,9.918937825396947,515.085,rebalance
2022-12-15,XLB,-15,37.24236044788757,1.0,rebalance
2022-12-15,BSV,15951,66.62544175762729,79.755,rebalance
2022-12-16,XLV,-1704,127.73585439398579,8.52,rebalance
2022-12-16,BSV,-1537,66.48908801317478,7.6850000000000005,rebalance
2022-12-16,XLB,-5945,36.437666456593,29.725,rebalance
2022-12-16,COPX,2194,32.712505256714216,10.97,rebalance
2022-12-16,SLV,3267,21.16211584739685,16.335,rebalance
2022-12-16,EFA,1210,58.51271020029965,6.05,rebalance
2022-12-16,XLE,7826,36.74375994638268,39.13,rebalance
2022-12-16,XLI,3124,92.0318577979407,15.620000000000001,rebalance
2022-12-19,COPX,-67,33.101345285735476,1.0,rebalance
2022-12-19,BSV,-220,66.57696412454342,1.1,rebalance
2022-12-19,SLV,-62,21.34786538143158,1.0,rebalance
2022-12-19,XLE,-99,37.37166604829615,1.0,rebalance
2022-12-19,EFA,9,58.66466232596528,1.0,rebalance
2022-12-19,XLI,6,92.26268241547547,1.0,rebalance
2022-12-20,BSV,-4,66.40121686129882,1.0,rebalance
2022-12-20,SLV,-379,21.947805762863158,1.895,rebalance
2022-12-20,COPX,96,32.72171125882029,1.0,rebalance
2022-12-20,EFA,13,58.45907807700561,1.0,rebalance
2022-12-20,XLE,52,37.10005575553084,1.0,rebalance
2022-12-20,XLI,12,91.82680747066,1.0,rebalance
2022-12-21,COPX,-38,33.10134067232323,1.0,rebalance
2022-12-21,EFA,-1,58.912094257767244,1.0,rebalance
2022-12-21,XLE,-189,38.30174214390341,1.0,rebalance
2022-12-21,XLI,-23,93.20105489656206,1.0,rebalance
2022-12-21,BSV,63,66.55513284490128,1.0,rebalance
2022-12-21,SLV,12,22.09220915260315,1.0,rebalance
2022-12-22,COPX,-20,33.10134402505147,1.0,rebalance
2022-12-22,BSV,-113,66.43638185959043,1.0,rebalance
2022-12-22,EFA,-14,58.938911335391026,1.0,rebalance
2022-12-22,XLE,-15,38.28845419832991,1.0,rebalance
2022-12-22,XLI,-7,93.21052075599727,1.0,rebalance
2022-12-22,SLV,237,21.652164618492126,1.185,rebalance
2022-12-23,COPX,-294,32.77032596903523,1.47,rebalance
2022-12-23,BSV,-204,66.36674866673279,1.02,rebalance
2022-12-23,SLV,-655,21.777822686576844,3.275,rebalance
2022-12-23,EFA,-184,58.581437399910435,1.0,rebalance
2022-12-23,XLE,-246,37.86327254470348,1.23,rebalance
2022-12-23,XLI,-117,92.6516042213215,1.0,rebalance
2022-12-27,COPX,-151,33.56107884480551,1.0,rebalance
2022-12-27,BSV,-36,66.33152632153617,1.0,rebalance
2022-12-27,SLV,-30,21.95780308456421,1.0,rebalance
2022-12-27,XLE,-121,38.726929781219305,1.0,rebalance
2022-12-27,XLI,-5,93.35264145508171,1.0,rebalance
2022-12-28,COPX,-33,33.73577975574992,1.0,rebalance
2022-12-28,EFA,-8,59.09978107969566,1.0,rebalance
2022-12-28,XLE,-27,38.91737025936859,1.0,rebalance
2022-12-28,XLI,-6,93.66527997627796,1.0,rebalance
2022-12-28,BSV,439,66.31840435452638,2.195,rebalance
2022-12-28,SLV,32,21.932193305206297,1.0,rebalance
2022-12-29,BSV,-14340,66.31394901307547,71.7,rebalance
2022-12-29,SLV,-116,22.05779346599579,1.0,rebalance
2022-12-29,EFA,-9,59.019341367529265,1.0,rebalance
2022-12-29,COPX,26,33.52123753468641,1.0,rebalance
2022-12-29,TECL,47482,19.620946554356788,237.41,rebalance
2022-12-29,XLE,160,37.946155902498006,1.0,rebalance
2022-12-29,XLI,20,92.71750462828692,1.0,rebalance
2022-12-30,TECL,-47482,19.895012592204864,237.41,rebalance
2022-12-30,XLE,-39,38.292881989248194,1.0,rebalance
2022-12-30,COPX,85,33.30736958415168,1.0,rebalance
2022-12-30,BSV,16001,66.25676311781925,80.005,rebalance
2022-12-30,SLV,127,21.922192076301574,1.0,rebalance
2022-12-30,EFA,23,58.95070023413215,1.0,rebalance
2022-12-30,XLI,7,92.8691147657625,1.0,rebalance
2023-01-03,XLE,-7302,38.49661916696064,36.51,rebalance
2023-01-03,COPX,1219,33.251573878860476,6.095,rebalance
2023-01-03,BSV,52,66.38003299621948,1.0,rebalance
2023-01-03,SLV,1483,22.452245763015746,7.415,rebalance
2023-01-03,GDX,11288,28.318513727961584,56.44,rebalance
2023-01-03,EFA,638,59.4065836003905,3.19,rebalance
2023-01-03,XLI,404,93.59872583803767,2.02,rebalance
2023-01-04,COPX,-40,33.55171604812005,1.0,rebalance
2023-01-04,GDX,-299,29.22990506326836,1.495,rebalance
2023-01-04,EFA,-30,60.03815207505065,1.0,rebalance
2023-01-04,BSV,57,66.49443956453936,1.0,rebalance
2023-01-04,SLV,180,22.282228686714173,1.0,rebalance
2023-01-04,XLI,18,93.56080894341319,1.0,rebalance
2023-01-05,COPX,-44,33.523834630147455,1.0,rebalance
2023-01-05,GDX,-85,29.297478154693987,1.0,rebalance
2023-01-05,XLI,-17,93.53264841525454,1.0,rebalance
2023-01-05,BSV,425,66.29196386496669,2.125,rebalance
2023-01-05,SLV,441,21.50215,2.205,rebalance
2023-01-05,EFA,26,59.415510426162584,1.0,rebalance
2023-01-06,COPX,-167,34.397718454224226,1.0,rebalance
2023-01-06,SLV,-23,21.70782808456421,1.0,rebalance
2023-01-06,GDX,-204,30.098695222475154,1.02,rebalance
2023-01-06,BSV,335,66.43284545212364,1.675,rebalance
2023-01-06,EFA,14,59.737316086890196,1.0,rebalance
2023-01-06,XLI,10,94.0061556896076,1.0,rebalance
2023-01-09,COPX,-407,36.545251773404026,2.035,rebalance
2023-01-09,BSV,-1554,66.7187727878561,7.7700000000000005,rebalance
2023-01-09,GDX,-88,30.841991700082975,1.0,rebalance
2023-01-09,EFA,-56,61.35188724226898,1.0,rebalance
2023-01-09,XLI,-10,95.83472038038308,1.0,rebalance
2023-01-09,SLV,42,22.0022,1.0,rebalance
2023-01-10,COPX,-518,36.61962535669326,2.59,rebalance
2023-01-10,SLV,-664,21.737825771141054,3.3200000000000003,rebalance
2023-01-10,GDX,-411,30.291755982167494,2.055,rebalance
2023-01-10,EFA,-275,61.06589916821607,1.375,rebalance
2023-01-10,XLI,-3416,94.85895197456186,17.080000000000002,rebalance
2023-01-10,ROBO,6438,47.99814895275666,32.19,rebalance
2023-01-10,BSV,120,66.73212255550422,1.0,rebalance
2023-01-11,ROBO,-64,48.839829208163835,1.0,rebalance
2023-01-11,COPX,-127,37.45633263376354,1.0,rebalance
2023-01-11,BSV,-15436,66.78915859417715,77.18,rebalance
2023-01-11,GDX,-124,30.890256465495053,1.0,rebalance
2023-01-11,EFA,-8,61.61998025077459,1.0,rebalance
2023-01-11,SLV,26,21.862186610412596,1.0,rebalance
2023-01-11,TECL,47462,21.845331468702845,237.31,rebalance
2023-01-12,TECL,-47462,22.851000609735152,237.31,rebalance
2023-01-12,ROBO,19,49.592147028583405,1.0,rebalance
2023-01-12,COPX,104,37.6776856285568,1.0,rebalance
2023-01-12,SLV,170,22.0022,1.0,rebalance
2023-01-12,GDX,149,31.002642559940533,1.0,rebalance
2023-01-12,EFA,36,62.311651676305594,1.0,rebalance
2023-01-12,TQQQ,114118,9.331807350005876,570.59,rebalance
2023-01-13,ROBO,-41,49.63172220996293,1.0,rebalance
2023-01-13,COPX,-99,37.911860556752345,1.0,rebalance
2023-01-13,GDX,-77,31.064014395194707,1.0,rebalance
2023-01-13,EFA,-34,62.38855629676202,1.0,rebalance
2023-01-13,TQQQ,2399,9.164483198607872,11.995000000000001,rebalance
2023-01-17,TQQQ,-2620,9.588043482296314,13.1,rebalance
2023-01-17,ROBO,22,50.374294188549044,1.0,rebalance
2023-01-17,COPX,236,37.54751110983246,1.18,rebalance
2023-01-17,SLV,53,22.202220763015745,1.0,rebalance
2023-01-17,GDX,154,31.166776674798374,1.0,rebalance
2023-01-17,EFA,21,63.2680933280693,1.0,rebalance
2023-01-18,ROBO,-6374,51.18580579986005,31.87,rebalance
2023-01-18,EFA,-5075,63.94358982439078,25.375,rebalance
2023-01-18,COPX,1401,37.938039709394225,7.005,rebalance
2023-01-18,SLV,2469,22.302229236984253,12.345,rebalance
2023-01-18,GDX,1896,30.954368602775197,9.48,rebalance
2023-01-18,SMH,3340,113.05050032893278,16.7,rebalance
2023-01-18,TQQQ,14042,9.838552850559243,70.21000000000001,rebalance
2023-01-18,TAN,4585,82.35435480748342,22.925,rebalance
2023-01-19,COPX,-213,37.242506282400115,1.065,rebalance
2023-01-19,SLV,-175,21.64783461856842,1.0,rebalance
2023-01-19,GDX,-254,30.36898091847189,1.27,rebalance
2023-01-19,SMH,-50,110.27567951894497,1.0,rebalance
2023-01-19,TQQQ,-127939,9.11485457984659,639.695,rebalance
2023-01-19,TAN,-90,80.69768200787625,1.0,rebalance
2023-01-19,TECL,52936,22.225323445175583,264.68,rebalance
2023-01-20,COPX,-169,38.00482819201698,1.0,rebalance
2023-01-20,SLV,-229,22.007799228858946,1.145,rebalance
2023-01-20,GDX,-80,30.658579167666584,1.0,rebalance
2023-01-20,TECL,162,22.327282971858896,1.0,rebalance
2023-01-20,SMH,28,109.64161339749161,1.0,rebalance
2023-01-20,TAN,139,78.5065644734809,1.0,rebalance
2023-01-23,TECL,-53098,24.037106296035716,265.49,rebalance
2023-01-23,COPX,201,38.35648213954278,1.0050000000000001,rebalance
2023-01-23,SLV,1167,21.1821183052063,5.835,rebalance
2023-01-23,GDX,255,30.925399578589648,1.2750000000000001,rebalance
2023-01-23,TQQQ,116916,9.82421045427372,584.58,rebalance
2023-01-23,TAN,72,79.6400221601787,1.0,rebalance
2023-01-24,SMH,-23,115.85900561536113,1.0,rebalance
2023-01-24,TQQQ,-755,10.209400949322385,3.775,rebalance
2023-01-24,COPX,227,38.1798070276014,1.135,rebalance
2023-01-24,SLV,61,21.50215,1.0,rebalance
2023-01-24,GDX,141,31.13781249517918,1.0,rebalance
2023-01-24,TAN,52,80.22663713557661,1.0,rebalance
2023-01-25,COPX,-334,38.376702276625856,1.67,rebalance
2023-01-25,SLV,-607,21.627836160850524,3.035,rebalance
2023-01-25,GDX,-373,31.199155830398944,1.865,rebalance
2023-01-25,SMH,-58,114.58648299597407,1.0,rebalance
2023-01-25,TAN,-4758,78.41134013500813,23.79,rebalance
2023-01-25,EEM,9595,38.658130013125664,47.975,rebalance
2023-01-25,TQQQ,9643,9.828992087721234,48.215,rebalance
2023-01-26,TQQQ,-4352,10.620453022256118,21.76,rebalance
2023-01-26,COPX,241,39.00737621601877,1.205,rebalance
2023-01-26,SLV,263,22.19221953411102,1.315,rebalance
2023-01-26,GDX,177,32.026084986673446,1.0,rebalance
2023-01-26,SMH,30,118.25013793971507,1.0,rebalance
2023-01-26,EEM,259,39.21249942670417,1.295,rebalance
2023-01-27,EEM,-25,39.13076205841155,1.0,rebalance
2023-01-27,TQQQ,-2020,10.687370764882768,10.1,rebalance
2023-01-27,COPX,57,38.60753946176641,1.0,rebalance
2023-01-27,SLV,304,21.712170084381103,1.52,rebalance
2023-01-27,GDX,155,31.475740440225287,1.0,rebalance
2023-01-27,SMH,24,116.86389844649631,1.0,rebalance
2023-01-30,SLV,-118,21.797819237136842,1.0,rebalance
2023-01-30,COPX,199,37.75207511058826,1.0,rebalance
2023-01-30,GDX,116,31.099192442102016,1.0,rebalance
2023-01-30,SMH,7,116.31630820376174,1.0,rebalance
2023-01-30,EEM,145,38.46410918081429,1.0,rebalance
2023-01-30,TQQQ,6036,10.78033841984511,30.18,rebalance
2023-01-31,COPX,-107,37.52140476476091,1.0,rebalance
2023-01-31,SLV,-113,21.577841923713684,1.0,rebalance
2023-01-31,GDX,-18,30.629617885681807,1.0,rebalance
2023-01-31,SMH,-13,114.87254822410237,1.0,rebalance
2023-01-31,EEM,-34,37.9575768962214,1.0,rebalance
2023-01-31,TQQQ,816,10.488719976544576,4.08,rebalance
2023-02-01,SLV,-17485,21.797819237136842,87.425,rebalance
2023-02-01,EEM,-9940,38.382510649003,49.7,rebalance
2023-02-01,TQQQ,-5725,10.926354826287897,28.625,rebalance
2023-02-01,ROBO,7498,52.71083836473216,37.49,rebalance
2023-02-01,COPX,282,38.23559643719526,1.41,rebalance
2023-02-01,GDX,474,30.896434762120315,2.37,rebalance
2023-02-01,SMH,76,117.58415451781813,1.0,rebalance
2023-02-01,BOTZ,16783,23.549928453330878,83.915,rebalance
2023-02-02,TQQQ,-6717,12.408054439140141,33.585,rebalance
2023-02-02,ROBO,270,54.45334488738926,1.35,rebalance
2023-02-02,COPX,554,38.83999864445517,2.77,rebalance
2023-02-02,GDX,521,31.775051780496085,2.605,rebalance
2023-02-02,SMH,54,123.8592540238952,1.0,rebalance
2023-02-02,BOTZ,325,24.727426299149798,1.625,rebalance
2023-02-03,ROBO,-114,53.789145398560464,1.0,rebalance
2023-02-03,SMH,-52,122.44358231948144,1.0,rebalance
2023-02-03,TQQQ,-2333,12.049577246318409,11.665000000000001,rebalance
2023-02-03,BOTZ,-212,24.366334005083274,1.06,rebalance
2023-02-03,COPX,179,37.19416048911766,1.0,rebalance
2023-02-03,GDX,515,29.77644090918516,2.575,rebalance
2023-02-06,ROBO,-56,53.50208881193108,1.0,rebalance
2023-02-06,COPX,-3,36.73118513892376,1.0,rebalance
2023-02-06,GDX,82,29.226097538509357,1.0,rebalance
2023-02-06,SMH,1,120.8401009117159,1.0,rebalance
2023-02-06,TQQQ,807,11.87988531154659,4.035,rebalance
2023-02-06,BOTZ,82,23.94572850258267,1.0,rebalance
2023-02-07,GDX,-23,29.239560124221416,1.0,rebalance
2023-02-07,SMH,-11,121.11187832346633,1.0,rebalance
2023-02-07,BOTZ,-109,24.069545660877083,1.0,rebalance
2023-02-07,ROBO,54,53.06726053408826,1.0,rebalance
2023-02-07,COPX,71,36.459579275970604,1.0,rebalance
2023-02-07,TQQQ,8278,11.870324639440502,41.39,rebalance
2023-02-08,ROBO,-7652,53.81884165992476,38.26,rebalance
2023-02-08,GDX,-13887,29.712564774329767,69.435,rebalance
2023-02-08,TQQQ,-5057,12.451074032039362,25.285,rebalance
2023-02-08,BOTZ,-16869,24.376228404388165,84.345,rebalance
2023-02-08,COPX,543,36.952401578181316,2.715,rebalance
2023-02-08,IXP,7216,59.81414423215957,36.08,rebalance
2023-02-08,BITO,110830,3.89470653543063,554.15,rebalance
2023-02-08,SMH,132,123.82965990686394,1.0,rebalance
2023-02-08,XLC,7806,55.296407091499525,39.03,rebalance
2023-02-09,COPX,-84,37.196016490855015,1.0,rebalance
2023-02-09,IXP,-40,60.1117450877078,1.0,rebalance
2023-02-09,SMH,-10,124.13535498768567,1.0,rebalance
2023-02-09,TQQQ,-5024,12.45107230076971,25.12,rebalance
2023-02-09,BITO,1424,3.8433529359650556,7.12,rebalance
2023-02-09,XLC,21,55.114099701724456,1.0,rebalance
2023-02-10,COPX,-310,36.25705128954127,1.55,rebalance
2023-02-10,IXP,-120,58.001085444019175,1.0,rebalance
2023-02-10,BITO,-943,3.6763967106557645,4.715,rebalance
2023-02-10,SMH,-93,121.02308658323217,1.0,rebalance
2023-02-10,XLC,-118,53.08851216921687,1.0,rebalance
2023-02-10,TQQQ,4389,11.358798058727906,21.945,rebalance
2023-02-13,TQQQ,-1464,11.538152748776547,7.32,rebalance
2023-02-13,COPX,212,35.66920065348119,1.06,rebalance
2023-02-13,IXP,15,58.003291756544,1.0,rebalance
2023-02-13,BITO,1685,3.629834522416696,8.425,rebalance
2023-02-13,SMH,10,120.89436657198803,1.0,rebalance
2023-02-13,XLC,30,52.993585658916025,1.0,rebalance
2023-02-14,COPX,-42,36.108309679794466,1.0,rebalance
2023-02-14,TQQQ,-3363,11.729339836081781,16.815,rebalance
2023-02-14,IXP,55,58.05959293368371,1.0,rebalance
2023-02-14,BITO,742,3.6379413076201144,3.71,rebalance
2023-02-14,SMH,17,121.35809605879238,1.0,rebalance
2023-02-14,XLC,36,53.214274796097634,1.0,rebalance
2023-02-15,COPX,-520,35.959563130111476,2.6,rebalance
2023-02-15,IXP,-323,57.8134642271772,1.615,rebalance
2023-02-15,BITO,-10849,3.8223175192572647,54.245000000000005,rebalance
2023-02-15,SMH,-215,123.14889983239914,1.075,rebalance
2023-02-15,TQQQ,-456,11.958765793150054,2.2800000000000002,rebalance
2023-02-15,XLC,-7775,53.107704636395155,38.875,rebalance
2023-02-15,BOTZ,16549,23.767619604446313,82.745,rebalance
2023-02-16,COPX,-7,36.18267461643348,1.0,rebalance
2023-02-16,BITO,-6861,4.118213383864311,34.305,rebalance
2023-02-16,IXP,20,57.96576744974148,1.0,rebalance
2023-02-16,SMH,41,122.2362051167896,1.0,rebalance
2023-02-16,TQQQ,10785,11.870325167197459,53.925000000000004,rebalance
2023-02-16,BOTZ,106,23.747829282061254,1.0,rebalance
2023-02-17,COPX,-242,36.3407268412667,1.21,rebalance
2023-02-17,IXP,-86,57.653992616144656,1.0,rebalance
2023-02-17,SMH,-13,120.54466509931135,1.0,rebalance
2023-02-17,TQQQ,-3435,11.485575727510186,17.175,rebalance
2023-02-17,BOTZ,-61,23.406718902471148,1.0,rebalance
2023-02-17,BITO,240,4.035250694059158,1.2,rebalance
2023-02-21,COPX,-255,36.666109012435804,1.2750000000000001,rebalance
2023-02-21,IXP,-37,57.10053166245456,1.0,rebalance
2023-02-21,BITO,-4228,4.156044696929207,21.14,rebalance
2023-02-21,BOTZ,-27,23.09014594509305,1.0,rebalance
2023-02-21,SMH,22,117.9097444834041,1.0,rebalance
2023-02-21,TQQQ,11160,11.04327287279854,55.800000000000004,rebalance
2023-02-22,COPX,-67,36.16408811099079,1.0,rebalance
2023-02-22,IXP,-78,56.61272989800958,1.0,rebalance
2023-02-22,SMH,-21,116.31771084523288,1.0,rebalance
2023-02-22,TQQQ,-8576,10.730386328462266,42.88,rebalance
2023-02-22,BOTZ,-35,22.674641550640477,1.0,rebalance
2023-02-22,BITO,747,4.040656291224554,3.735,rebalance
2023-02-23,SMH,-3223,119.48915432984107,16.115000000000002,rebalance
2023-02-23,TQQQ,-1921,11.084083696604623,9.605,rebalance
2023-02-23,COPX,599,35.67850403665874,2.995,rebalance
2023-02-23,IXP,275,56.717876418954916,1.375,rebalance
2023-02-23,BITO,3842,4.048764502130777,19.21,rebalance
2023-02-23,BOTZ,328,23.20360949052172,1.6400000000000001,rebalance
2023-02-23,XLC,7510,52.09164578593922,37.550000000000004,rebalance
2023-02-24,IXP,-72,55.34633064334739,1.0,rebalance
2023-02-24,BITO,-2115,3.996613011770689,10.575000000000001,rebalance
2023-02-24,BOTZ,-430,22.991215663146974,2.15,rebalance
2023-02-24,XLC,-103,50.99720851761699,1.0,rebalance
2023-02-24,COPX,16,34.40459541193327,1.0,rebalance
2023-02-24,TQQQ,2670,10.397888408999014,13.35,rebalance
2023-02-27,TQQQ,-1284,10.74472790269608,6.42,rebalance
2023-02-27,BOTZ,-16,23.38693480315697,1.0,rebalance
2023-02-27,COPX,202,34.33020643857162,1.01,rebalance
2023-02-27,IXP,31,55.99541674726447,1.0,rebalance
2023-02-27,BITO,1556,3.9963308221439657,7.78,rebalance
2023-02-27,XLC,53,51.45837779157059,1.0,rebalance
2023-02-28,COPX,-313,35.06707959255495,1.565,rebalance
2023-02-28,IXP,-28,55.8247470603185,1.0,rebalance
2023-02-28,BOTZ,-82,23.337467753069042,1.0,rebalance
2023-02-28,XLC,-14,51.18907004933436,1.0,rebalance
2023-02-28,BITO,870,3.9325445074784113,4.3500000000000005,rebalance
2023-02-28,TQQQ,1059,10.55564814351829,5.295,rebalance
2023-03-01,COPX,-281,36.21057017539823,1.405,rebalance
2023-03-01,BITO,-568,3.978482342298197,2.84,rebalance
2023-03-01,BOTZ,-13,23.495756014452045,1.0,rebalance
2023-03-01,IXP,8,56.098627964563654,1.0,rebalance
2023-03-01,TQQQ,4774,10.546086634863668,23.87,rebalance
2023-03-01,XLC,38,51.23768841042061,1.0,rebalance
2023-03-02,IXP,-6836,55.65589633791651,34.18,rebalance
2023-03-02,XLC,-7484,50.613480901295695,37.42,rebalance
2023-03-02,ROBO,7815,51.88908661586735,39.075,rebalance
2023-03-02,COPX,567,36.347994541409825,2.835,rebalance
2023-03-02,BITO,7381,3.908511423632465,36.905,rebalance
2023-03-02,SMH,3477,116.6024297702305,17.385,rebalance
2023-03-02,TQQQ,9729,10.044122763218907,48.645,rebalance
2023-03-02,BOTZ,1198,23.134341017005884,5.99,rebalance
2023-03-03,TQQQ,-4870,10.75428394318491,24.35,rebalance
2023-03-03,ROBO,110,52.809842792829215,1.0,rebalance
2023-03-03,COPX,188,36.89660226042279,1.0,rebalance
2023-03-03,BITO,7844,3.750646485552317,39.22,rebalance
2023-03-03,SMH,33,119.23678396096464,1.0,rebalance
2023-03-03,BOTZ,263,23.540038323192455,1.315,rebalance
2023-03-06,TQQQ,-3092,11.356525108082772,15.46,rebalance
2023-03-06,BOTZ,-61,24.346549225188124,1.0,rebalance
2023-03-06,ROBO,127,53.58209214029287,1.0,rebalance
2023-03-06,COPX,291,37.082574309699716,1.455,rebalance
2023-03-06,BITO,3440,3.7506474690941234,17.2,rebalance
2023-03-06,SMH,50,121.18049370989914,1.0,rebalance
2023-03-07,ROBO,-15,53.145730360745205,1.0,rebalance
2023-03-07,BITO,-806,3.7390110087915587,4.03,rebalance
2023-03-07,TQQQ,-189,11.26093047995894,1.0,rebalance
2023-03-07,COPX,135,36.29219885816525,1.0,rebalance
2023-03-07,SMH,5,119.82384603317516,1.0,rebalance
2023-03-07,BOTZ,18,24.084258121129167,1.0,rebalance
2023-03-08,ROBO,-109,52.63100242131506,1.0,rebalance
2023-03-08,BITO,-819,3.679144119814956,4.095,rebalance
2023-03-08,SMH,-59,119.02552539671656,1.0,rebalance
2023-03-08,BOTZ,-236,23.842008467316766,1.18,rebalance
2023-03-08,COPX,154,34.999708661034475,1.0,rebalance
2023-03-08,TQQQ,368,10.875951539072314,1.84,rebalance
2023-03-09,COPX,-11924,35.299497868707704,59.620000000000005,rebalance
2023-03-09,SMH,-29,121.29436696957897,1.0,rebalance
2023-03-09,BOTZ,-3,24.0992267979025,1.0,rebalance
2023-03-09,ROBO,15,53.09696397373852,1.0,rebalance
2023-03-09,BITO,2488,3.6390526019929985,12.44,rebalance
2023-03-09,TQQQ,455,11.048056046412846,2.275,rebalance
2023-03-09,XLC,8090,52.10124185222914,40.45,rebalance
2023-03-10,ROBO,-210,52.27465668631258,1.05,rebalance
2023-03-10,SMH,-96,119.5927288448025,1.0,rebalance
2023-03-10,BOTZ,-365,23.59468629309644,1.825,rebalance
2023-03-10,XLC,-123,50.738191760051706,1.0,rebalance
2023-03-10,BITO,5162,3.3396542078801,25.810000000000002,rebalance
2023-03-10,TQQQ,1460,10.43135354367991,7.3,rebalance
2023-03-13,BITO,-16014,3.7553389824409007,80.07000000000001,rebalance
2023-03-13,TQQQ,-128712,9.784007699205548,643.5600000000001,rebalance
2023-03-13,XLC,-36,49.740502849263336,1.0,rebalance
2023-03-13,ROBO,53,50.67131267532689,1.0,rebalance
2023-03-13,BSV,18986,67.09077932098141,94.93,rebalance
2023-03-13,SMH,26,115.7933841295069,1.0,rebalance
2023-03-13,BOTZ,234,22.71875613480349,1.17,rebalance
2023-03-14,BSV,-18986,66.95375692858057,94.93,rebalance
2023-03-14,BITO,-11641,4.351295673307114,58.205,rebalance
2023-03-14,BOTZ,-10,23.416611848510684,1.0,rebalance
2023-03-14,ROBO,98,51.562365693405575,1.0,rebalance
2023-03-14,SPXL,21458,61.547287324652515,107.29,rebalance
2023-03-14,SMH,6,119.0887954485877,1.0,rebalance
2023-03-14,XLC,37,51.01700256195812,1.0,rebalance
2023-03-15,SPXL,-21458,59.22729007713226,107.29,rebalance
2023-03-15,SMH,-77,118.86768807865468,1.0,rebalance
2023-03-15,BOTZ,-35,22.892287977021077,1.0,rebalance
2023-03-15,XLC,-210,51.112322530162054,1.05,rebalance
2023-03-15,ROBO,4,50.27528833542636,1.0,rebalance
2023-03-15,TQQQ,116671,10.598674794750945,583.355,rebalance
2023-03-15,BITO,845,4.207908812120434,4.225,rebalance
2023-03-16,ROBO,-7888,50.423608507798576,39.44,rebalance
2023-03-16,BITO,-3674,4.139036498284591,18.37,rebalance
2023-03-16,SMH,-175,118.64079999824474,1.0,rebalance
2023-03-16,TQQQ,-116671,10.935912212911493,583.355,rebalance
2023-03-16,BOTZ,-1043,23.030787390391254,5.215,rebalance
2023-03-16,XLC,-544,51.9757112165909,2.72,rebalance
2023-03-16,IXP,6692,56.032950993065306,33.46,rebalance
2023-03-16,TECL,45949,27.202390199773124,229.745,rebalance
2023-03-17,TECL,-45949,30.051012943568843,229.745,rebalance
2023-03-17,BITO,-1704,4.473751741512376,8.52,rebalance
2023-03-17,TQQQ,102389,11.918131733791771,511.945,rebalance
2023-03-17,IXP,266,57.14948403765824,1.33,rebalance
2023-03-17,SMH,39,124.26378605739838,1.0,rebalance
2023-03-17,BOTZ,579,23.58950765824165,2.895,rebalance
2023-03-17,XLC,272,53.11832918123889,1.36,rebalance
2023-03-20,BITO,-4992,4.729549076039807,24.96,rebalance
2023-03-20,BOTZ,-58,23.614472772786034,1.0,rebalance
2023-03-20,IXP,20,56.85861367973961,1.0,rebalance
2023-03-20,SMH,4,123.82471782961224,1.0,rebalance
2023-03-20,TQQQ,2831,11.67910120790513,14.155000000000001,rebalance
2023-03-20,XLC,24,52.83060702039169,1.0,rebalance
2023-03-21,TQQQ,-4332,12.097374862714476,21.66,rebalance
2023-03-21,IXP,14,57.87193818790064,1.0,rebalance
2023-03-21,BITO,1862,4.719608585228181,9.31,rebalance
2023-03-21,SMH,14,125.73883141953083,1.0,rebalance
2023-03-21,BOTZ,44,24.0248859812433,1.0,rebalance
2023-03-21,XLC,17,53.7638706656439,1.0,rebalance
2023-03-22,BOTZ,-60,24.39601080232066,1.0,rebalance
2023-03-22,IXP,19,58.406755077342616,1.0,rebalance
2023-03-22,BITO,86,4.771323544504979,1.0,rebalance
2023-03-22,SMH,49,125.31456717288108,1.0,rebalance
2023-03-22,TQQQ,3060,12.362675268904564,15.3,rebalance
2023-03-22,XLC,22,54.24493260734258,1.0,rebalance
2023-03-23,IXP,-7011,58.65773177674468,35.055,rebalance
2023-03-23,BITO,-7086,4.596209698079611,35.43,rebalance
2023-03-23,SMH,-409,126.67547078054157,2.045,rebalance
2023-03-23,TQQQ,-5924,12.30732073499323,29.62,rebalance
2023-03-23,BOTZ,-1870,24.267405910247,9.35,rebalance
2023-03-23,XLC,-835,53.90702624294363,4.175,rebalance
2023-03-23,XLK,5106,70.89236134710558,25.53,rebalance
2023-03-24,XLK,-1,70.89773111087881,1.0,rebalance
2023-03-24,BITO,-1476,4.683287926159567,7.38,rebalance
2023-03-24,SMH,-5,126.85303660816211,1.0,rebalance
2023-03-24,XLC,-40,54.224464784394875,1.0,rebalance
2023-03-24,TQQQ,1065,12.232843311832044,5.325,rebalance
2023-03-24,BOTZ,95,24.113942205516945,1.0,rebalance
2023-03-27,TQQQ,-152,12.49481281902545,1.0,rebalance
2023-03-27,BITO,1044,4.65700695560116,5.22,rebalance
2023-03-27,SMH,42,125.93615263690882,1.0,rebalance
2023-03-27,BOTZ,34,24.242574055091055,1.0,rebalance
2023-03-27,XLC,17,54.504714601882085,1.0,rebalance
2023-03-28,XLK,-36,70.63393600454195,1.0,rebalance
2023-03-28,BOTZ,-255,24.208047889429952,1.2750000000000001,rebalance
2023-03-28,XLC,-71,54.080180433554304,1.0,rebalance
2023-03-28,BITO,1318,4.496420774066779,6.59,rebalance
2023-03-28,TQQQ,1633,12.08858816859451,8.165000000000001,rebalance
2023-03-29,BITO,-2918,4.74587856015348,14.59,rebalance
2023-03-29,TQQQ,-571,12.384239470522864,2.855,rebalance
2023-03-29,XLK,36,71.32235447706601,1.0,rebalance
2023-03-29,SMH,15,125.12709306341404,1.0,rebalance
2023-03-29,BOTZ,147,24.381104781219054,1.0,rebalance
2023-03-29,XLC,91,54.25455721727215,1.0,rebalance
2023-03-30,XLK,-47,72.56366761754694,1.0,rebalance
2023-03-30,BITO,-91,4.789417369026263,1.0,rebalance
2023-03-30,SMH,-52,128.40174412807164,1.0,rebalance
2023-03-30,TQQQ,-5130,12.8938393034208,25.650000000000002,rebalance
2023-03-30,BOTZ,-133,24.791733279715405,1.0,rebalance
2023-03-30,XLC,12,54.5913057856447,1.0,rebalance
2023-03-31,TQQQ,-74,12.980376504866674,1.0,rebalance
2023-03-31,BOTZ,-33,24.890662185898588,1.0,rebalance
2023-03-31,XLC,-18,54.830487648336906,1.0,rebalance
2023-03-31,XLK,2,72.66125957715744,1.0,rebalance
2023-03-31,BITO,968,4.7386628002422535,4.84,rebalance
2023-03-31,SMH,15,127.95879169533463,1.0,rebalance
2023-04-03,TQQQ,-275,13.307288927817867,1.375,rebalance
2023-04-03,XLK,11,73.34046761812715,1.0,rebalance
2023-04-03,BITO,1305,4.714080116152847,6.525,rebalance
2023-04-03,SMH,6,129.17732219352715,1.0,rebalance
2023-04-03,BOTZ,23,25.143015122058323,1.0,rebalance
2023-04-03,XLC,11,55.37062813922775,1.0,rebalance
2023-04-04,TQQQ,-1015,13.53805063388793,5.075,rebalance
2023-04-04,XLC,-26,56.03291820444079,1.0,rebalance
2023-04-04,XLK,10,73.78026015866818,1.0,rebalance
2023-04-04,BITO,582,4.71687553260409,2.91,rebalance
2023-04-04,SMH,18,129.359828809055,1.0,rebalance
2023-04-04,BOTZ,82,25.20238294329643,1.0,rebalance
2023-04-05,XLK,-8,72.9056577172078,1.0,rebalance
2023-04-05,BITO,-1724,4.756465836203682,8.620000000000001,rebalance
2023-04-05,XLC,-109,56.19644240213602,1.0,rebalance
2023-04-05,SMH,43,125.81282712112016,1.0,rebalance
2023-04-05,TQQQ,5554,13.208971640385178,27.77,rebalance
2023-04-05,BOTZ,179,24.57207664748197,1.0,rebalance
2023-04-06,BOTZ,-15053,24.148691639718873,75.265,rebalance
2023-04-06,QQQ,1244,308.1339638489159,6.22,rebalance
2023-04-06,XLK,258,71.90386713144504,1.29,rebalance
2023-04-06,BITO,4540,4.658158849691246,22.7,rebalance
2023-04-06,SMH,160,123.64712204661652,1.0,rebalance
2023-04-06,TQQQ,1368,12.723311379979107,6.84,rebalance
2023-04-06,XLC,275,55.9094292588459,1.375,rebalance
2023-04-10,BITO,-602,4.71313731318323,3.0100000000000002,rebalance
2023-04-10,XLC,-13,56.263783054413146,1.0,rebalance
2023-04-10,QQQ,2,308.9478472676908,1.0,rebalance
2023-04-10,XLK,8,72.11885932280133,1.0,rebalance
2023-04-10,SMH,21,123.38073368569125,1.0,rebalance
2023-04-10,TQQQ,9685,12.809864873965951,48.425000000000004,rebalance
2023-04-11,BITO,-3516,5.037410110240036,17.580000000000002,rebalance
2023-04-11,SMH,-16,126.83330728277461,1.0,rebalance
2023-04-11,QQQ,17,311.6541827547743,1.0,rebalance
2023-04-11,XLK,80,72.67590507488808,1.0,rebalance
2023-04-11,TQQQ,5170,13.156079185404925,25.85,rebalance
2023-04-11,XLC,106,56.6791231160377,1.0,rebalance
2023-04-12,BITO,-58,5.040204840168352,1.0,rebalance
2023-04-12,XLC,-15,56.783223966407455,1.0,rebalance
2023-04-12,XLK,4,72.6075049004151,1.0,rebalance
2023-04-12,TQQQ,64,13.14646179300183,1.0,rebalance
2023-04-13,QQQ,-8,308.65081192969984,1.0,rebalance
2023-04-13,XLK,-42,71.9725464292852,1.0,rebalance
2023-04-13,BITO,-1669,5.06536334820317,8.345,rebalance
2023-04-13,XLC,-58,56.32149165866193,1.0,rebalance
2023-04-13,SMH,22,123.82472673440152,1.0,rebalance
2023-04-13,TQQQ,1561,12.75697348320495,7.805000000000001,rebalance
2023-04-14,SMH,-3127,124.39676491488837,15.635,rebalance
2023-04-14,TQQQ,-1299,13.081334049728158,6.495,rebalance
2023-04-14,QQQ,202,311.41880802066254,1.01,rebalance
2023-04-14,XLK,866,72.63193395560172,4.33,rebalance
2023-04-14,BITO,12239,5.1167052535554465,61.195,rebalance
2023-04-14,GDX,13287,34.150214188593566,66.435,rebalance
2023-04-14,XLC,1130,56.659889085931916,5.65,rebalance
2023-04-17,QQQ,-11,311.9055908315269,1.0,rebalance
2023-04-17,XLK,-44,72.71512644353123,1.0,rebalance
2023-04-17,TQQQ,-1277,13.14863834186157,6.385,rebalance
2023-04-17,XLC,-2,56.35035658573867,1.0,rebalance
2023-04-17,BITO,3554,4.890228882944424,17.77,rebalance
2023-04-17,GDX,183,33.474354239244214,1.0,rebalance
2023-04-18,BITO,-1398,5.048590594884449,6.99,rebalance
2023-04-18,TQQQ,-1046,13.49478288211616,5.23,rebalance
2023-04-18,QQQ,11,314.752722320503,1.0,rebalance
2023-04-18,XLK,41,73.45774191139341,1.0,rebalance
2023-04-18,GDX,337,33.2233239562127,1.685,rebalance
2023-04-18,XLC,59,56.890800148996554,1.0,rebalance
2023-04-19,QQQ,-21,310.1997458987102,1.0,rebalance
2023-04-19,XLK,-96,72.45132151371149,1.0,rebalance
2023-04-19,GDX,-208,32.75332328158484,1.04,rebalance
2023-04-19,XLC,-71,55.736628950105775,1.0,rebalance
2023-04-19,BITO,673,4.867859828832381,3.365,rebalance
2023-04-19,TQQQ,1631,12.92046279165415,8.155,rebalance
2023-04-20,QQQ,-4,309.4939667132322,1.0,rebalance
2023-04-20,XLK,-14,72.23147719430327,1.0,rebalance
2023-04-20,GDX,-221,33.12014486046254,1.105,rebalance
2023-04-20,BITO,1170,4.781183603614503,5.8500000000000005,rebalance
2023-04-20,TQQQ,268,12.824291277867932,1.34,rebalance
2023-04-20,XLC,9,55.36101004691906,1.0,rebalance
2023-04-21,QQQ,-7,309.70959414321106,1.0,rebalance
2023-04-21,XLK,-16,72.10444607486055,1.0,rebalance
2023-04-21,GDX,-13378,32.56991409305675,66.89,rebalance
2023-04-21,TQQQ,-637,12.836148236447949,3.185,rebalance
2023-04-21,XLC,-8001,55.2152656082895,40.005,rebalance
2023-04-21,BITO,1519,4.683323238739999,7.595,rebalance
2023-04-21,IGV,7353,59.99424840831915,36.765,rebalance
2023-04-21,BOTZ,17723,24.85606173237033,88.615,rebalance
2023-04-24,QQQ,-5,310.1703908696417,1.0,rebalance
2023-04-24,IGV,-22,60.052226505695145,1.0,rebalance
2023-04-24,TQQQ,-704,12.889032714497752,3.52,rebalance
2023-04-24,XLK,4,71.91363371901978,1.0,rebalance
2023-04-24,BITO,2521,4.551911120176316,12.605,rebalance
2023-04-24,BOTZ,7,24.816480239086665,1.0,rebalance
2023-04-25,QQQ,-7,308.12135378782773,1.0,rebalance
2023-04-25,XLK,-36,71.51818638634091,1.0,rebalance
2023-04-25,BITO,-1094,4.551000467243518,5.47,rebalance
2023-04-25,BOTZ,-133,24.73237639962935,1.0,rebalance
2023-04-25,IGV,13,59.26636683746059,1.0,rebalance
2023-04-25,TQQQ,966,12.63675951410421,4.83,rebalance
2023-04-26,BITO,-7491,4.956340768013084,37.455,rebalance
2023-04-26,QQQ,8,307.3494971355455,1.0,rebalance
2023-04-26,XLK,17,71.58623633902114,1.0,rebalance
2023-04-26,IGV,139,58.38850966307349,1.0,rebalance
2023-04-26,TQQQ,1597,12.511738696178332,7.985,rebalance
2023-04-26,BOTZ,208,24.53942315037032,1.04,rebalance
2023-04-27,QQQ,-2,309.5037046365839,1.0,rebalance
2023-04-27,TQQQ,-1756,12.768842396914712,8.78,rebalance
2023-04-27,XLK,20,71.73284110709352,1.0,rebalance
2023-04-27,BITO,3200,4.8091433083723105,16.0,rebalance
2023-04-27,IGV,45,58.34851821731861,1.0,rebalance
2023-04-27,BOTZ,153,24.460264713125884,1.0,rebalance
2023-04-28,IGV,-7527,58.71071189872605,37.635,rebalance
2023-04-28,TQQQ,-2007,13.288057995134203,10.035,rebalance
2023-04-28,BOTZ,-17958,24.504838171795093,89.79,rebalance
2023-04-28,QQQ,11,313.88984082827653,1.0,rebalance
2023-04-28,XLK,37,72.91047183943496,1.0,rebalance
2023-04-28,BITO,871,4.8706562817607955,4.355,rebalance
2023-04-28,GDX,13766,32.62470381911818,68.83,rebalance
2023-04-28,XLC,7892,56.8811716363297,39.46,rebalance
2023-05-01,XLK,-10,73.62869846901933,1.0,rebalance
2023-05-01,GDX,-30,32.96569474444867,1.0,rebalance
2023-05-01,IGV,-1,59.09457600479555,1.0,rebalance
2023-05-01,TQQQ,-1071,13.528434951113,5.355,rebalance
2023-05-01,XLC,-21,57.53353429935186,1.0,rebalance
2023-05-01,QQQ,4,315.83144561433505,1.0,rebalance
2023-05-01,BITO,3421,4.735228289918761,17.105,rebalance
2023-05-02,QQQ,-6,315.79768943398943,1.0,rebalance
2023-05-02,XLK,-45,73.81923943713258,1.0,rebalance
2023-05-02,TQQQ,-535,13.528436551959778,2.6750000000000003,rebalance
2023-05-02,XLC,-23,57.42772365309693,1.0,rebalance
2023-05-02,BITO,1434,4.643560573560555,7.17,rebalance
2023-05-02,GDX,220,32.26746202442122,1.1,rebalance
2023-05-03,QQQ,-1,313.4742582185738,1.0,rebalance
2023-05-03,BITO,-1426,4.676998969898356,7.13,rebalance
2023-05-03,GDX,-579,33.43870468093634,2.895,rebalance
2023-05-03,XLK,11,73.1450264890285,1.0,rebalance
2023-05-03,TQQQ,1741,13.223398175705771,8.705,rebalance
2023-05-03,XLC,44,56.688753312725,1.0,rebalance
2023-05-04,QQQ,-2,310.8369694910675,1.0,rebalance
2023-05-04,BITO,-3116,4.785833813595401,15.58,rebalance
2023-05-04,GDX,-319,33.911711534902004,1.595,rebalance
2023-05-04,XLK,22,72.15307022534697,1.0,rebalance
2023-05-04,TQQQ,1866,12.877185021367271,9.33,rebalance
2023-05-04,XLC,12,56.00563270587464,1.0,rebalance
2023-05-05,QQQ,-1425,312.2193093943363,7.125,rebalance
2023-05-05,XLK,-25,72.77863708219705,1.0,rebalance
2023-05-05,BITO,-70,4.8116100971079625,1.0,rebalance
2023-05-05,TQQQ,-913,13.038067002127296,4.565,rebalance
2023-05-05,XLC,-7904,55.551948503749955,39.52,rebalance
2023-05-05,SLV,19028,23.382337160682678,95.14,rebalance
2023-05-05,GDX,253,33.42608044085103,1.2650000000000001,rebalance
2023-05-05,XLP,6382,69.6472391498404,31.91,rebalance
2023-05-08,GDX,-125,34.25922880154026,1.0,rebalance
2023-05-08,TQQQ,-2271,13.509206241807176,11.355,rebalance
2023-05-08,XLK,12,73.76070136735277,1.0,rebalance
2023-05-08,SLV,195,23.50235,1.0,rebalance
2023-05-08,BITO,5205,4.626372917997654,26.025000000000002,rebalance
2023-05-08,XLP,77,69.93824964528542,1.0,rebalance
2023-05-09,XLP,-29,69.96972246705883,1.0,rebalance
2023-05-09,TQQQ,-22,13.456321592739135,1.0,rebalance
2023-05-09,SLV,3,23.402339618492125,1.0,rebalance
2023-05-09,BITO,327,4.591996719278164,1.635,rebalance
2023-05-09,GDX,23,34.063315960905406,1.0,rebalance
2023-05-10,BITO,-235,4.651223279008643,1.175,rebalance
2023-05-10,TQQQ,-905,13.711121755464145,4.525,rebalance
2023-05-10,XLK,25,73.93662552875593,1.0,rebalance
2023-05-10,SLV,41,23.60236038150787,1.0,rebalance
2023-05-10,GDX,133,34.08262885650689,1.0,rebalance
2023-05-10,XLP,87,69.77456133045641,1.0,rebalance
2023-05-11,XLK,-39,74.05373706452616,1.0,rebalance
2023-05-11,XLP,-17,69.61513361211998,1.0,rebalance
2023-05-11,TQQQ,-2013,13.898616858566909,10.065,rebalance
2023-05-11,SLV,729,22.63226216068268,3.645,rebalance
2023-05-11,BITO,2177,4.528975751279051,10.885,rebalance
2023-05-11,GDX,171,33.48401046574849,1.0,rebalance
2023-05-12,XLK,-6111,73.97069297377395,30.555,rebalance
2023-05-12,XLP,-6500,69.91516169007268,32.5,rebalance
2023-05-12,TQQQ,-1767,14.028420871021535,8.835,rebalance
2023-05-12,QQQ,1402,320.3910974149539,7.01,rebalance
2023-05-12,SLV,371,22.062205465888976,1.855,rebalance
2023-05-12,BITO,2800,4.374284100030447,14.0,rebalance
2023-05-12,GDX,379,32.344708889068144,1.895,rebalance
2023-05-12,XLC,7812,57.50656583221634,39.06,rebalance
2023-05-15,SLV,-60,22.137785389709475,1.0,rebalance
2023-05-15,BITO,-3513,4.5309323780629445,17.565,rebalance
2023-05-15,GDX,-106,32.608530611928124,1.0,rebalance
2023-05-15,QQQ,6,319.18505565955354,1.0,rebalance
2023-05-15,TQQQ,1283,13.872546218275694,6.415,rebalance
2023-05-15,XLC,14,57.448835475991714,1.0,rebalance
2023-05-16,QQQ,-1,319.66035036591376,1.0,rebalance
2023-05-16,TQQQ,-497,13.93226996119078,2.485,rebalance
2023-05-16,SLV,125,22.0022,1.0,rebalance
2023-05-16,BITO,1040,4.483141281538187,5.2,rebalance
2023-05-17,QQQ,-3,321.7975293560634,1.0,rebalance
2023-05-17,TQQQ,-1587,14.20629928083836,7.9350000000000005,rebalance
2023-05-17,XLC,-4,57.73553992589408,1.0,rebalance
2023-05-17,SLV,170,21.922192076301574,1.0,rebalance
2023-05-17,BITO,1792,4.425848223203756,8.96,rebalance
2023-05-17,GDX,378,31.861947669485673,1.8900000000000001,rebalance
2023-05-18,BITO,-550,4.499427894223952,2.75,rebalance
2023-05-18,TQQQ,-1794,14.614941422737477,8.97,rebalance
2023-05-18,QQQ,1,325.07823752352715,1.0,rebalance
2023-05-18,SLV,532,21.6121616104126,2.66,rebalance
2023-05-18,GDX,541,31.060570161112793,2.705,rebalance
2023-05-19,SLV,-21134,21.69783076286316,105.67,rebalance
2023-05-19,BITO,-101497,4.456467437261587,507.485,rebalance
2023-05-19,TQQQ,-2859,15.398570592816526,14.295,rebalance
2023-05-19,XLC,-7822,59.42855294136071,39.11,rebalance
2023-05-19,QQQ,9,330.93216454586764,1.0,rebalance
2023-05-19,XLK,6078,77.00530073582242,30.39,rebalance
2023-05-19,GDX,415,30.954368307115224,2.075,rebalance
2023-05-19,SMH,3546,131.98433957765693,17.73,rebalance
2023-05-19,BOTZ,17701,26.389774297265795,88.505,rebalance
2023-05-22,QQQ,-4,329.65030561097154,1.0,rebalance
2023-05-22,XLK,-22,76.7065475721348,1.0,rebalance
2023-05-22,GDX,-119,30.967482813514152,1.0,rebalance
2023-05-22,BOTZ,-35,26.29546162546743,1.0,rebalance
2023-05-22,SMH,17,130.38595521470253,1.0,rebalance
2023-05-22,TQQQ,354,15.233354353624566,1.77,rebalance
2023-05-23,QQQ,-3,329.29744900441983,1.0,rebalance
2023-05-23,XLK,-16,76.69678034429216,1.0,rebalance
2023-05-23,SMH,-16,130.61635174283307,1.0,rebalance
2023-05-23,BOTZ,-50,26.295460488459447,1.0,rebalance
2023-05-23,GDX,136,30.606780860328843,1.0,rebalance
2023-05-23,TQQQ,96,15.175650951485451,1.0,rebalance
2023-05-24,QQQ,-17,324.8661057412801,1.0,rebalance
2023-05-24,XLK,-46,75.3435050845728,1.0,rebalance
2023-05-24,GDX,-431,30.70684423274097,2.1550000000000002,rebalance
2023-05-24,BOTZ,-127,25.820599635028326,1.0,rebalance
2023-05-24,SMH,8,127.011610218546,1.0,rebalance
2023-05-24,TQQQ,1681,14.555353989084917,8.405,rebalance
2023-05-25,SMH,-95,136.06156786845193,1.0,rebalance
2023-05-25,TQQQ,-2581,15.55721980424298,12.905000000000001,rebalance
2023-05-25,QQQ,25,332.55022396767066,1.0,rebalance
2023-05-25,XLK,87,77.40596996951753,1.0,rebalance
2023-05-25,GDX,1202,29.592991112176602,6.01,rebalance
2023-05-25,BOTZ,86,26.785571496843637,1.0,rebalance
2023-05-26,XLK,-16,78.47996017620952,1.0,rebalance
2023-05-26,GDX,-15908,29.62568817090053,79.54,rebalance
2023-05-26,SMH,-57,139.86927939668658,1.0,rebalance
2023-05-26,TQQQ,-274,15.77356275294468,1.37,rebalance
2023-05-26,BOTZ,-17575,26.74064577261588,87.875,rebalance
2023-05-26,QQQ,9,334.13863774341445,1.0,rebalance
2023-05-26,IGV,7481,63.627660690360294,37.405,rebalance
2023-05-26,XLC,8102,58.70922317410099,40.51,rebalance
2023-05-30,TQQQ,-3658,17.45620190349187,18.29,rebalance
2023-05-30,QQQ,43,345.8564203650891,1.0,rebalance
2023-05-30,XLK,148,81.70116086840333,1.0,rebalance
2023-05-30,SMH,12,148.63899688848448,1.0,rebalance
2023-05-30,IGV,237,65.76731020806594,1.185,rebalance
2023-05-30,XLC,318,60.28712183593243,1.59,rebalance
2023-05-31,QQQ,-18,341.5324883468319,1.0,rebalance
2023-05-31,XLK,-64,80.46834823934738,1.0,rebalance
2023-05-31,IGV,-70,64.70253689963454,1.0,rebalance
2023-05-31,XLC,-123,59.64017870783631,1.0,rebalance
2023-05-31,SMH,26,143.79453493817238,1.0,rebalance
2023-05-31,TQQQ,1175,16.815349997067834,5.875,rebalance
2023-06-01,QQQ,-2,340.9049907713094,1.0,rebalance
2023-06-01,IGV,-25,64.68255061106643,1.0,rebalance
2023-06-01,XLC,-85,60.044198706173304,1.0,rebalance
2023-06-01,XLK,13,80.0202155619003,1.0,rebalance
2023-06-01,SMH,9,142.9262834847595,1.0,rebalance
2023-06-01,TQQQ,303,16.704757901991428,1.5150000000000001,rebalance
2023-06-02,TQQQ,-1980,17.576389806059904,9.9,rebalance
2023-06-02,QQQ,18,346.92525138514213,1.0,rebalance
2023-06-02,XLK,71,81.56921531895969,1.0,rebalance
2023-06-02,SMH,34,145.91584652132732,1.0,rebalance
2023-06-02,IGV,79,66.01527048463937,1.0,rebalance
2023-06-02,XLC,200,60.441055631058354,1.0,rebalance
2023-06-05,QQQ,-1,347.4735733361042,1.0,rebalance
2023-06-05,IGV,-7702,65.91010027594763,38.51,rebalance
2023-06-05,TQQQ,-504,17.672539665607726,2.52,rebalance
2023-06-05,XLC,-8412,60.525170032794676,42.06,rebalance
2023-06-05,XLK,6,81.50571099959829,1.0,rebalance
2023-06-05,SLV,23631,21.522152457809447,118.155,rebalance
2023-06-05,BITO,115328,4.409960870269938,576.64,rebalance
2023-06-05,SMH,56,143.34067450153532,1.0,rebalance
2023-06-06,QQQ,-12,347.32645044129293,1.0,rebalance
2023-06-06,XLK,-3,80.87381783682774,1.0,rebalance
2023-06-06,SLV,-315,21.627836160850524,1.575,rebalance
2023-06-06,TQQQ,-618,17.638887736787122,3.09,rebalance
2023-06-06,BITO,4565,4.20669582256724,22.825,rebalance
2023-06-06,SMH,20,141.58445066734234,1.0,rebalance
2023-06-07,BITO,-4392,4.417914036334605,21.96,rebalance
2023-06-07,SMH,-27,144.45632167138248,1.0,rebalance
2023-06-07,QQQ,13,348.22939996614025,1.0,rebalance
2023-06-07,XLK,71,80.90956347592099,1.0,rebalance
2023-06-07,SLV,201,21.702170763015747,1.0050000000000001,rebalance
2023-06-07,TQQQ,483,17.762630562961995,2.415,rebalance
2023-06-08,QQQ,-12,342.2677691278831,1.0,rebalance
2023-06-08,XLK,-88,79.95538451409982,1.0,rebalance
2023-06-08,SLV,-924,22.007799228858946,4.62,rebalance
2023-06-08,BITO,-1434,4.359010626889608,7.17,rebalance
2023-06-08,SMH,-48,142.6806826141781,1.0,rebalance
2023-06-08,TQQQ,2655,16.839395638970633,13.275,rebalance
2023-06-09,TQQQ,-1793,17.63407986728298,8.965,rebalance
2023-06-09,QQQ,17,347.73917125927096,1.0,rebalance
2023-06-09,XLK,85,81.10990829457873,1.0,rebalance
2023-06-09,SLV,375,22.262226228904723,1.875,rebalance
2023-06-09,BITO,1728,4.415852314044998,8.64,rebalance
2023-06-09,SMH,18,145.9553044334233,1.0,rebalance
2023-06-12,QQQ,-3,349.1989545039685,1.0,rebalance
2023-06-12,XLK,-31,81.66040837750596,1.0,rebalance
2023-06-12,SLV,-22968,22.05779346599579,114.84,rebalance
2023-06-12,BITO,-115795,4.270652062286079,578.975,rebalance
2023-06-12,SMH,-6,146.4982584533625,1.0,rebalance
2023-06-12,TQQQ,-1036,17.860037723742256,5.18,rebalance
2023-06-12,IGV,7677,66.73616183368834,38.385,rebalance
2023-06-12,BOTZ,18049,28.319286559069326,90.245,rebalance
2023-06-13,TQQQ,-1833,18.927309535829714,9.165000000000001,rebalance
2023-06-13,QQQ,27,356.2308649712234,1.0,rebalance
2023-06-13,XLK,95,83.62153124010415,1.0,rebalance
2023-06-13,SMH,13,151.67788007899716,1.0,rebalance
2023-06-13,IGV,47,68.94396166748655,1.0,rebalance
2023-06-13,BOTZ,394,28.87340148605509,1.97,rebalance
2023-06-14,QQQ,-2,356.1400118150784,1.0,rebalance
2023-06-14,TQQQ,-187,18.917693330104978,1.0,rebalance
2023-06-14,BOTZ,-145,29.02591306196248,1.0,rebalance
2023-06-14,XLK,9,83.28925839744724,1.0,rebalance
2023-06-14,SMH,13,150.7701690683611,1.0,rebalance
2023-06-14,IGV,92,67.94205217041217,1.0,rebalance
2023-06-15,XLK,-5,83.8881652849903,1.0,rebalance
2023-06-15,SMH,-5,151.94349216153094,1.0,rebalance
2023-06-15,TQQQ,-334,19.105191960169094,1.67,rebalance
2023-06-15,QQQ,3,357.5252390819432,1.0,rebalance
2023-06-15,IGV,45,67.99405147823892,1.0,rebalance
2023-06-15,BOTZ,118,29.0218259252988,1.0,rebalance
2023-06-16,TQQQ,-93248,20.38880827457535,466.24,rebalance
2023-06-16,QQQ,28,365.47757488025303,1.0,rebalance
2023-06-16,XLK,90,86.14293421486232,1.0,rebalance
2023-06-16,SMH,103,153.72026984276377,1.0,rebalance
2023-06-16,IGV,25,70.58381838819466,1.0,rebalance
2023-06-16,BOTZ,343,29.6748913079671,1.715,rebalance
2023-06-16,UVXY,3297,562.55625,16.485,rebalance
2023-06-20,QQQ,-15,359.259634738994,1.0,rebalance
2023-06-20,XLK,-22,84.12751982377243,1.0,rebalance
2023-06-20,SMH,-25,150.68082752407724,1.0,rebalance
2023-06-20,IGV,-15,68.82620893073965,1.0,rebalance
2023-06-20,BOTZ,-165,29.13473900176837,1.0,rebalance
2023-06-20,UVXY,-3297,542.44575,16.485,rebalance
2023-06-20,TQQQ,93170,19.37348120532266,465.85,rebalance
2023-06-21,QQQ,-4,359.053444035357,1.0,rebalance
2023-06-21,TQQQ,-70,19.329588388206627,1.0,rebalance
2023-06-21,XLK,8,83.73301740350567,1.0,rebalance
2023-06-21,SMH,3,150.01044505379613,1.0,rebalance
2023-06-21,IGV,5,68.55400319742837,1.0,rebalance
2023-06-21,BOTZ,43,28.972353413110767,1.0,rebalance
2023-06-22,QQQ,-23,354.0368299747738,1.0,rebalance
2023-06-22,XLK,-87,82.42381803694468,1.0,rebalance
2023-06-22,SMH,-11,146.14312820586647,1.0,rebalance
2023-06-22,IGV,-67,67.13270195749787,1.0,rebalance
2023-06-22,BOTZ,-96,28.274051202930945,1.0,rebalance
2023-06-22,TQQQ,1308,18.508598348226894,6.54,rebalance
2023-06-23,QQQ,-2,355.58796190878604,1.0,rebalance
2023-06-23,TQQQ,-821,18.726744059121337,4.105,rebalance
2023-06-23,XLK,16,82.45989921913844,1.0,rebalance
2023-06-23,SMH,19,145.7777158814565,1.0,rebalance
2023-06-23,IGV,28,67.10012975179893,1.0,rebalance
2023-06-23,BOTZ,363,27.81464545283597,1.815,rebalance
2023-06-26,XLK,-17,82.63922897782182,1.0,rebalance
2023-06-26,SMH,-14,146.2713784232219,1.0,rebalance
2023-06-26,IGV,-8,67.13069631794978,1.0,rebalance
2023-06-26,TQQQ,128,18.69672565447624,1.0,rebalance
2023-06-26,BOTZ,57,27.715695950881013,1.0,rebalance
2023-06-27,QQQ,-6,352.6820449835623,1.0,rebalance
2023-06-27,XLK,-50,82.30143784608117,1.0,rebalance
2023-06-27,SMH,-22,145.43289877170633,1.0,rebalance
2023-06-27,IGV,-96,67.16069215273514,1.0,rebalance
2023-06-27,BOTZ,-18961,27.611222474804887,94.805,rebalance
2023-06-27,XLY,6493,79.99227276157849,32.465,rebalance
2023-06-27,TQQQ,1090,18.257765748893906,5.45,rebalance
2023-06-28,TQQQ,-645,18.649578647567886,3.225,rebalance
2023-06-28,QQQ,9,355.43325688781806,1.0,rebalance
2023-06-28,XLY,10,81.01961578725495,1.0,rebalance
2023-06-28,XLK,27,83.14052948358191,1.0,rebalance
2023-06-28,SMH,15,146.93208346244103,1.0,rebalance
2023-06-28,IGV,48,67.7120775692345,1.0,rebalance
2023-06-29,TQQQ,-485,18.982349155364215,2.4250000000000003,rebalance
2023-06-29,QQQ,9,357.6523627813115,1.0,rebalance
2023-06-29,XLY,27,81.69639647545813,1.0,rebalance
2023-06-29,XLK,34,83.74282695058768,1.0,rebalance
2023-06-29,IGV,13,68.4540075389952,1.0,rebalance
2023-06-30,TQQQ,-1001,19.48391525368219,5.005,rebalance
2023-06-30,QQQ,10,360.90245856874157,1.0,rebalance
2023-06-30,XLY,50,82.32937751566068,1.0,rebalance
2023-06-30,XLK,30,84.63401968186876,1.0,rebalance
2023-06-30,SMH,32,149.7243161335286,1.0,rebalance
2023-06-30,IGV,65,68.93397054709436,1.0,rebalance
2023-07-03,XLY,-12,83.49096614097812,1.0,rebalance
2023-07-03,TQQQ,-684,19.86973675127356,3.42,rebalance
2023-07-03,QQQ,8,363.3769434765473,1.0,rebalance
2023-07-03,XLK,42,85.11879646993756,1.0,rebalance
2023-07-03,SMH,11,151.12535522720952,1.0,rebalance
2023-07-03,IGV,96,68.94396497934824,1.0,rebalance
2023-07-05,QQQ,-5,361.95929760079645,1.0,rebalance
2023-07-05,XLY,-53,83.52992359007366,1.0,rebalance
2023-07-05,SMH,-5,150.1876010703023,1.0,rebalance
2023-07-05,IGV,-7954,68.48430400743128,39.77,rebalance
2023-07-05,XLK,8,84.35981080178937,1.0,rebalance
2023-07-05,TQQQ,375,19.642172906004507,1.875,rebalance
2023-07-05,BOTZ,19182,28.34247847040176,95.91,rebalance
2023-07-06,QQQ,-14,359.80935403586426,1.0,rebalance
2023-07-06,XLY,-30,82.63906427297067,1.0,rebalance
2023-07-06,XLK,-39,83.57920689749326,1.0,rebalance
2023-07-06,IGV,-1,67.84249259966639,1.0,rebalance
2023-07-06,SMH,37,146.35982412431343,1.0,rebalance
2023-07-06,TQQQ,281,19.28039491387452,1.405,rebalance
2023-07-07,XLK,-21,84.04919956087377,1.0,rebalance
2023-07-07,SMH,-7,147.01123169502446,1.0,rebalance
2023-07-07,TQQQ,-280,19.382637112355294,1.4000000000000001,rebalance
2023-07-07,XLY,33,82.40727138173239,1.0,rebalance
2023-07-07,BOTZ,198,27.708017791436326,1.0,rebalance
2023-07-10,QQQ,-1,359.2693776991067,1.0,rebalance
2023-07-10,XLY,-36,82.51250976572383,1.0,rebalance
2023-07-10,SMH,-29,147.5537771112655,1.0,rebalance
2023-07-10,BOTZ,-164,27.831326134761795,1.0,rebalance
2023-07-10,XLK,12,83.53226346759863,1.0,rebalance
2023-07-10,TQQQ,583,19.17909039114178,2.915,rebalance
2023-07-11,SMH,-28,150.1185330434048,1.0,rebalance
2023-07-11,BOTZ,-271,28.495389229141306,1.355,rebalance
2023-07-11,QQQ,10,360.1561992216814,1.0,rebalance
2023-07-11,XLY,27,82.94772916755944,1.0,rebalance
2023-07-11,XLK,7,84.23247941768437,1.0,rebalance
2023-07-11,TQQQ,284,19.30451099942006,1.42,rebalance
2023-07-12,XLK,-6410,85.06259107178285,32.05,rebalance
2023-07-12,TQQQ,-1719,20.17357192825627,8.595,rebalance
2023-07-12,QQQ,16,365.6059238827842,1.0,rebalance
2023-07-12,XLY,43,84.5447709338397,1.0,rebalance
2023-07-12,SMH,59,151.48055267982338,1.0,rebalance
2023-07-12,IGV,7828,70.76581081170211,39.14,rebalance
2023-07-12,BOTZ,257,28.84806057525976,1.285,rebalance
2023-07-13,TQQQ,-917,20.74747562064396,4.585,rebalance
2023-07-13,BOTZ,-13,29.38742093108177,1.0,rebalance
2023-07-13,QQQ,12,369.24868824856907,1.0,rebalance
2023-07-13,XLY,87,84.94401165654845,1.0,rebalance
2023-07-13,IGV,106,71.07978363489347,1.0,rebalance
2023-07-14,TQQQ,-1062,21.326208587516323,5.3100000000000005,rebalance
2023-07-14,QQQ,10,372.72468199513133,1.0,rebalance
2023-07-14,XLY,105,84.94400196853097,1.0,rebalance
2023-07-14,SMH,3,156.57167788729822,1.0,rebalance
2023-07-14,IGV,50,71.75971822219157,1.0,rebalance
2023-07-14,BOTZ,198,29.551911865062696,1.0,rebalance
2023-07-17,QQQ,-2,372.8563072160661,1.0,rebalance
2023-07-17,XLY,-27,85.19962852514364,1.0,rebalance
2023-07-17,IGV,-28,71.92531679330324,1.0,rebalance
2023-07-17,TQQQ,-216,21.35514115342608,1.08,rebalance
2023-07-17,SMH,30,155.13115138307714,1.0,rebalance
2023-07-17,BOTZ,177,29.244597658860904,1.0,rebalance
2023-07-18,SMH,-2,156.9645217124455,1.0,rebalance
2023-07-18,TQQQ,-480,21.71202749869633,2.4,rebalance
2023-07-18,BOTZ,-76,29.694674446886093,1.0,rebalance
2023-07-18,QQQ,8,375.05182514978816,1.0,rebalance
2023-07-18,XLY,75,85.20694660836543,1.0,rebalance
2023-07-18,IGV,49,72.29368120173386,1.0,rebalance
2023-07-19,TQQQ,-1319,22.5367175646071,6.595,rebalance
2023-07-19,BOTZ,-19488,29.992020134447472,97.44,rebalance
2023-07-19,QQQ,15,379.8239843692772,1.0,rebalance
2023-07-19,XLY,83,86.08336066192867,1.0,rebalance
2023-07-19,XLK,6688,88.48770122366643,33.44,rebalance
2023-07-19,SMH,51,158.28843482835808,1.0,rebalance
2023-07-19,IGV,19,73.75554492404905,1.0,rebalance
2023-07-20,QQQ,-18,375.614937845004,1.0,rebalance
2023-07-20,XLY,-85,85.16067691914046,1.0,rebalance
2023-07-20,XLK,-77,87.46637775789691,1.0,rebalance
2023-07-20,IGV,-61,72.6191228586963,1.0,rebalance
2023-07-20,SMH,28,153.562381354871,1.0,rebalance
2023-07-20,TQQQ,958,21.78390242171724,4.79,rebalance
2023-07-21,QQQ,-12,372.24767456385126,1.0,rebalance
2023-07-21,XLY,-17,83.95830461076095,1.0,rebalance
2023-07-21,XLK,-62,86.8201396572689,1.0,rebalance
2023-07-21,SMH,-35,152.39725081306617,1.0,rebalance
2023-07-21,IGV,-82,72.14525675627024,1.0,rebalance
2023-07-21,TQQQ,1064,21.166465939268292,5.32,rebalance
2023-07-24,QQQ,-7,369.7344957679087,1.0,rebalance
2023-07-24,XLY,-10,83.11613390810301,1.0,rebalance
2023-07-24,XLK,-58,86.60964277429366,1.0,rebalance
2023-07-24,SMH,-30,151.90403266953595,1.0,rebalance
2023-07-24,IGV,-59,71.86534263844685,1.0,rebalance
2023-07-24,TQQQ,831,20.73232985104582,4.155,rebalance
2023-07-25,XLY,-39,83.73923232126363,1.0,rebalance
2023-07-25,SMH,-5,152.36766418007417,1.0,rebalance
2023-07-25,TQQQ,-42,20.776412780484677,1.0,rebalance
2023-07-25,XLK,6,86.67591219209481,1.0,rebalance
2023-07-25,IGV,61,71.42974708828683,1.0,rebalance
2023-07-26,SMH,-6,152.92007555533883,1.0,rebalance
2023-07-26,IGV,-13,71.69138304737628,1.0,rebalance
2023-07-26,TQQQ,-311,20.892158821987323,1.555,rebalance
2023-07-26,XLY,68,83.07432236497806,1.0,rebalance
2023-07-26,XLK,29,86.47026094555966,1.0,rebalance
2023-07-27,TQQQ,-1373,21.755429717221027,6.865,rebalance
2023-07-27,QQQ,17,376.1417880341808,1.0,rebalance
2023-07-27,XLY,62,84.42304053512589,1.0,rebalance
2023-07-27,XLK,96,87.37613974593734,1.0,rebalance
2023-07-27,SMH,6,156.53221164839505,1.0,rebalance
2023-07-27,IGV,120,72.4196678036102,1.0,rebalance
2023-07-28,QQQ,-6,373.7791972839614,1.0,rebalance
2023-07-28,XLY,-4,83.59805843698409,1.0,rebalance
2023-07-28,XLK,-21,86.74180736506155,1.0,rebalance
2023-07-28,SMH,-71,157.99046517049814,1.0,rebalance
2023-07-28,IGV,24,71.45975500527096,1.0,rebalance
2023-07-28,TQQQ,669,21.36906146177864,3.345,rebalance
2023-07-31,TQQQ,-860,21.861530979071315,4.3,rebalance
2023-07-31,QQQ,7,376.8487603870469,1.0,rebalance
2023-07-31,XLY,31,84.32565523704564,1.0,rebalance
2023-07-31,XLK,52,87.20966462752408,1.0,rebalance
2023-07-31,SMH,34,158.55484765981996,1.0,rebalance
2023-07-31,IGV,44,72.00170724573276,1.0,rebalance
2023-08-01,QQQ,-2,375.3204360131573,1.0,rebalance
2023-08-01,XLY,-27,84.15302793375348,1.0,rebalance
2023-08-01,XLK,-26,87.03065992597104,1.0,rebalance
2023-08-01,IGV,-84,72.33320107367119,1.0,rebalance
2023-08-01,SMH,2,157.53859335938847,1.0,rebalance
2023-08-01,TQQQ,532,21.605423199530062,2.66,rebalance
2023-08-02,QQQ,-11,372.3262948715184,1.0,rebalance
2023-08-02,XLY,-6853,82.64880072629056,34.265,rebalance
2023-08-02,XLK,-73,86.69286563019948,1.0,rebalance
2023-08-02,SMH,-33,156.6192735314209,1.0,rebalance
2023-08-02,IGV,-61,71.79935953662383,1.0,rebalance
2023-08-02,USO,7818,72.6772651687622,39.09,rebalance
2023-08-02,TQQQ,858,21.07481354627641,4.29,rebalance
2023-08-03,USO,-198,71.69282694854736,1.0,rebalance
2023-08-03,QQQ,-29,365.1400674882888,1.0,rebalance
2023-08-03,XLY,-1,81.65085691525131,1.0,rebalance
2023-08-03,XLK,-96,84.60240302750127,1.0,rebalance
2023-08-03,IGV,-98,69.90790270553866,1.0,rebalance
2023-08-03,SMH,3,150.4445780277783,1.0,rebalance
2023-08-03,TQQQ,1986,19.830297167746284,9.93,rebalance
2023-08-04,USO,-21,73.21267922058105,1.0,rebalance
2023-08-04,TQQQ,-1131,20.44364064765832,5.655,rebalance
2023-08-04,QQQ,11,368.95416962370086,1.0,rebalance
2023-08-04,XLK,112,84.6780789590298,1.0,rebalance
2023-08-04,SMH,25,152.161354714529,1.0,rebalance
2023-08-04,IGV,103,70.2658553479526,1.0,rebalance
2023-08-07,USO,-108,73.75262613601684,1.0,rebalance
2023-08-07,QQQ,-2,367.04454735639825,1.0,rebalance
2023-08-07,XLK,-5,84.14709742877717,1.0,rebalance
2023-08-07,SMH,-54,153.3935692491954,1.0,rebalance
2023-08-07,IGV,29,69.5179186304848,1.0,rebalance
2023-08-07,TQQQ,767,20.12936657731454,3.835,rebalance
2023-08-08,QQQ,-11,365.82729430206814,1.0,rebalance
2023-08-08,XLK,-14,83.44212270807499,1.0,rebalance
2023-08-08,SMH,-1,151.8152380412536,1.0,rebalance
2023-08-08,USO,52,72.47724822082519,1.0,rebalance
2023-08-08,IGV,19,68.6299961111616,1.0,rebalance
2023-08-08,TQQQ,13,19.917125576174126,1.0,rebalance
2023-08-09,USO,-219,74.77252077941894,1.095,rebalance
2023-08-09,XLK,-6551,83.49597716015582,32.755,rebalance
2023-08-09,QQQ,3,365.5567585807663,1.0,rebalance
2023-08-09,XLY,6533,83.82902758208141,32.665,rebalance
2023-08-09,SMH,23,151.125366456097,1.0,rebalance
2023-08-09,IGV,22,68.56400452079396,1.0,rebalance
2023-08-09,TQQQ,476,19.854413445516403,2.38,rebalance
2023-08-10,USO,-46,74.65253766174317,1.0,rebalance
2023-08-10,QQQ,-6,364.1877856638452,1.0,rebalance
2023-08-10,XLY,-12,83.32545463305678,1.0,rebalance
2023-08-10,IGV,-58,68.51830276418272,1.0,rebalance
2023-08-10,SMH,20,149.12245294475204,1.0,rebalance
2023-08-10,TQQQ,393,19.613229963723736,1.965,rebalance
2023-08-11,USO,-124,74.13258538970948,1.0,rebalance
2023-08-11,QQQ,-16,359.29881277670023,1.0,rebalance
2023-08-11,XLY,-81,82.34211900175211,1.0,rebalance
2023-08-11,SMH,-12,146.00503123947485,1.0,rebalance
2023-08-11,IGV,-85,67.59655886862345,1.0,rebalance
2023-08-11,TQQQ,1546,18.82696351520355,7.73,rebalance
2023-08-14,QQQ,-5,358.7490833316943,1.0,rebalance
2023-08-14,XLY,-14,82.11331063763367,1.0,rebalance
2023-08-14,IGV,-65,67.82450394769212,1.0,rebalance
2023-08-14,USO,7,73.69737144165039,1.0,rebalance
2023-08-14,SMH,45,143.50839223008975,1.0,rebalance
2023-08-14,TQQQ,19,18.730488689913212,1.0,rebalance
2023-08-15,SMH,-52,148.51062655546016,1.0,rebalance
2023-08-15,TQQQ,-1071,19.324763282807787,5.355,rebalance
2023-08-15,USO,187,73.257325,1.0,rebalance
2023-08-15,QQQ,13,362.6797332361639,1.0,rebalance
2023-08-15,XLY,93,82.58255772431552,1.0,rebalance
2023-08-15,IGV,32,68.90797218836411,1.0,rebalance
2023-08-16,USO,-92,72.89271152572631,1.0,rebalance
2023-08-16,QQQ,-1484,359.1810523079767,7.42,rebalance
2023-08-16,XLY,-20,81.39287294211017,1.0,rebalance
2023-08-16,SMH,-25,146.95202689196287,1.0,rebalance
2023-08-16,IGV,-57,68.20439172481849,1.0,rebalance
2023-08-16,XLE,13350,39.62364639201966,66.75,rebalance
2023-08-16,TQQQ,1064,18.773900602223073,5.32,rebalance
2023-08-17,USO,-31,72.56274269485473,1.0,rebalance
2023-08-17,XLY,-24,80.95961410173494,1.0,rebalance
2023-08-17,SMH,-3,145.76827774381132,1.0,rebalance
2023-08-17,XLE,-173,39.78275600423473,1.0,rebalance
2023-08-17,IGV,-47,68.01444116639107,1.0,rebalance
2023-08-17,TQQQ,797,18.450715334521153,3.985,rebalance
2023-08-18,USO,-255,72.17278230514526,1.2750000000000001,rebalance
2023-08-18,XLY,-68,78.50614202889024,1.0,rebalance
2023-08-18,SMH,-50,141.84220215158277,1.0,rebalance
2023-08-18,XLE,-434,39.47124548943232,2.17,rebalance
2023-08-18,IGV,-85,65.98502387238699,1.0,rebalance
2023-08-18,TQQQ,3125,17.138661123490053,15.625,rebalance
2023-08-21,TQQQ,-996,17.781484421144125,4.98,rebalance
2023-08-21,USO,66,73.4273401687622,1.0,rebalance
2023-08-21,XLY,78,79.66117835405505,1.0,rebalance
2023-08-21,SMH,10,145.21532237249568,1.0,rebalance
2023-08-21,XLE,88,40.264851055809096,1.0,rebalance
2023-08-21,IGV,21,67.58808923885698,1.0,rebalance
2023-08-22,SMH,-35,150.97676541898952,1.0,rebalance
2023-08-22,TQQQ,-2548,18.794264363809052,12.74,rebalance
2023-08-22,USO,271,72.76727813644409,1.355,rebalance
2023-08-22,XLY,101,80.72748138902074,1.0,rebalance
2023-08-22,XLE,495,39.89909396947053,2.475,rebalance
2023-08-22,IGV,83,68.78997705853733,1.0,rebalance
2023-08-23,XLY,-36,79.8399660117165,1.0,rebalance
2023-08-23,SMH,-3522,147.32689513113363,17.61,rebalance
2023-08-23,IGV,-108,68.63626562358567,1.0,rebalance
2023-08-23,TQQQ,-48,18.49525245992866,1.0,rebalance
2023-08-23,USO,79,70.80708305206299,1.0,rebalance
2023-08-23,XLE,45,39.113388740656745,1.0,rebalance
2023-08-23,XLI,5169,101.12165660756241,25.845,rebalance
2023-08-24,TQQQ,-3013,19.715409582896594,15.065,rebalance
2023-08-24,USO,227,70.88708525314331,1.135,rebalance
2023-08-24,XLY,111,81.00989761800938,1.0,rebalance
2023-08-24,XLE,436,39.08629948275902,2.18,rebalance
2023-08-24,IGV,51,70.35783977688894,1.0,rebalance
2023-08-24,XLI,133,101.77123403519751,1.0,rebalance
2023-08-25,USO,-450,72.61274074630738,2.25,rebalance
2023-08-25,XLY,-129,79.62578740763833,1.0,rebalance
2023-08-25,XLE,-606,39.399013584717885,3.0300000000000002,rebalance
2023-08-25,IGV,-33,68.1084126120332,1.0,rebalance
2023-08-25,XLI,-174,101.42614336511541,1.0,rebalance
2023-08-25,TQQQ,4808,18.05516776594899,24.04,rebalance
2023-08-28,TQQQ,-1731,18.78461833223878,8.655,rebalance
2023-08-28,USO,177,72.4072415260315,1.0,rebalance
2023-08-28,XLY,55,80.6885297028627,1.0,rebalance
2023-08-28,XLE,202,39.655242493036766,1.01,rebalance
2023-08-28,XLI,69,102.26794528204401,1.0,rebalance
2023-08-29,USO,-30,72.65273766174316,1.0,rebalance
2023-08-29,XLE,-111,39.95430948866273,1.0,rebalance
2023-08-29,XLI,-16,102.50536903873272,1.0,rebalance
2023-08-29,XLY,13,80.47429011395062,1.0,rebalance
2023-08-29,IGV,29,69.28193994508976,1.0,rebalance
2023-08-29,TQQQ,288,18.716018631542305,1.44,rebalance
2023-08-30,TQQQ,-2825,19.98065940297808,14.125,rebalance
2023-08-30,USO,151,73.73737635726928,1.0,rebalance
2023-08-30,XLY,80,82.35372243069529,1.0,rebalance
2023-08-30,XLE,425,40.10679922312102,2.125,rebalance
2023-08-30,IGV,109,70.75581437966686,1.0,rebalance
2023-08-30,XLI,134,103.5097592205692,1.0,rebalance
2023-08-31,IGV,-43,71.92931739449104,1.0,rebalance
2023-08-31,TQQQ,-334,20.274848816982328,1.67,rebalance
2023-08-31,USO,6,74.4874513572693,1.0,rebalance
2023-08-31,XLY,28,82.91364819455147,1.0,rebalance
2023-08-31,XLE,94,40.27387338449921,1.0,rebalance
2023-08-31,XLI,32,104.0255981039801,1.0,rebalance
2023-09-01,USO,-29,75.9924,1.0,rebalance
2023-09-01,TQQQ,-1022,20.839107701689578,5.11,rebalance
2023-09-01,XLY,55,83.59042811164494,1.0,rebalance
2023-09-01,XLE,115,40.59447618849225,1.0,rebalance
2023-09-01,IGV,77,72.38766805717584,1.0,rebalance
2023-09-01,XLI,83,104.10199783330167,1.0,rebalance
2023-09-05,USO,-262,78.06219269485474,1.31,rebalance
2023-09-05,XLE,-329,41.19582982472947,1.645,rebalance
2023-09-05,IGV,-31,72.01529810214157,1.0,rebalance
2023-09-05,XLI,-30,103.72782240407635,1.0,rebalance
2023-09-05,XLY,30,82.4657043385135,1.0,rebalance
2023-09-05,TQQQ,1823,20.2451351560312,9.115,rebalance
2023-09-06,IGV,-50,72.39518275802818,1.0,rebalance
2023-09-06,TQQQ,-478,20.323074734608433,2.39,rebalance
2023-09-06,USO,33,77.6077584739685,1.0,rebalance
2023-09-06,XLY,10,82.23684694537009,1.0,rebalance
2023-09-06,XLE,13,41.109246345355295,1.0,rebalance
2023-09-06,XLI,91,101.8858443430379,1.0,rebalance
2023-09-07,USO,-223,78.14218652572632,1.115,rebalance
2023-09-07,XLY,-6803,81.05209498901367,34.015,rebalance
2023-09-07,XLE,-386,41.281606037783206,1.93,rebalance
2023-09-07,IGV,-158,72.11926698312163,1.0,rebalance
2023-09-07,XLI,-5491,101.34019140221926,27.455000000000002,rebalance
2023-09-07,QQQ,1501,363.51438556331743,7.505,rebalance
2023-09-07,TQQQ,3187,19.169445497915163,15.935,rebalance
2023-09-07,XLC,8506,64.17233432433548,42.53,rebalance
2023-09-08,IGV,-18,72.87104397775435,1.0,rebalance
2023-09-08,TQQQ,-590,19.44051074411324,2.95,rebalance
2023-09-08,USO,56,78.1478133895874,1.0,rebalance
2023-09-08,QQQ,5,365.28187439059985,1.0,rebalance
2023-09-08,XLE,82,41.36212071075419,1.0,rebalance
2023-09-08,XLC,46,64.3554480667401,1.0,rebalance
2023-09-11,TQQQ,-1105,20.009592458422848,5.525,rebalance
2023-09-11,USO,50,78.9378933052063,1.0,rebalance
2023-09-11,QQQ,11,368.86584928065776,1.0,rebalance
2023-09-11,XLE,65,41.86784808283358,1.0,rebalance
2023-09-11,IGV,80,73.35158609042972,1.0,rebalance
2023-09-11,XLC,83,64.82765674808154,1.0,rebalance
2023-09-12,USO,-61,79.35206461029053,1.0,rebalance
2023-09-12,QQQ,-2,368.4092091618466,1.0,rebalance
2023-09-12,XLC,-97,65.34460787667287,1.0,rebalance
2023-09-12,XLE,86,41.461456763550125,1.0,rebalance
2023-09-12,IGV,120,71.97370912258741,1.0,rebalance
2023-09-12,TQQQ,5,19.941242768490586,1.0,rebalance
2023-09-13,USO,-99,79.85201461029052,1.0,rebalance
2023-09-13,QQQ,-3,366.2101133381376,1.0,rebalance
2023-09-13,XLE,-284,42.01748913764209,1.42,rebalance
2023-09-13,XLC,-8,64.89177452543463,1.0,rebalance
2023-09-13,IGV,27,71.15977491540629,1.0,rebalance
2023-09-13,TQQQ,997,19.574641211605556,4.985,rebalance
2023-09-14,QQQ,-1512,369.11599912958144,7.5600000000000005,rebalance
2023-09-14,IGV,-7779,71.84733576711189,38.895,rebalance
2023-09-14,TQQQ,-815,20.014418853744512,4.075,rebalance
2023-09-14,USO,23,80.66806966247559,1.0,rebalance
2023-09-14,XLY,6636,84.54962199153415,33.18,rebalance
2023-09-14,XLF,16901,33.19777353797578,84.505,rebalance
2023-09-14,XLE,154,42.102657699170535,1.0,rebalance
2023-09-14,XLC,40,65.43476649653519,1.0,rebalance
2023-09-15,XLY,-21,84.69335603949317,1.0,rebalance
2023-09-15,TQQQ,-26,19.99030460199798,1.0,rebalance
2023-09-15,XLC,-70,65.9034388546602,1.0,rebalance
2023-09-15,USO,22,80.2980299156189,1.0,rebalance
2023-09-15,XLF,48,33.055197639122575,1.0,rebalance
2023-09-15,XLE,86,41.76851202077374,1.0,rebalance
2023-09-18,USO,-265,81.78182191543578,1.325,rebalance
2023-09-18,XLY,-33,83.39074378162049,1.0,rebalance
2023-09-18,XLF,-344,33.05315795852382,1.72,rebalance
2023-09-18,XLE,-335,41.968273649373415,1.675,rebalance
2023-09-18,XLC,-49,64.94740365894383,1.0,rebalance
2023-09-18,TQQQ,2788,19.01991427334062,13.94,rebalance
2023-09-19,USO,-32,82.17178230514527,1.0,rebalance
2023-09-19,XLF,-80,33.21541745808023,1.0,rebalance
2023-09-19,XLE,-73,42.20475831012643,1.0,rebalance
2023-09-19,XLY,87,82.30508415285196,1.0,rebalance
2023-09-19,TQQQ,62,19.0102661554608,1.0,rebalance
2023-09-20,XLY,-13,82.57148374656938,1.0,rebalance
2023-09-20,XLF,-2,33.263133410319114,1.0,rebalance
2023-09-20,TQQQ,-1079,19.247641318621316,5.3950000000000005,rebalance
2023-09-20,XLC,-31,65.27581481366262,1.0,rebalance
2023-09-20,USO,142,80.5680535583496,1.0,rebalance
2023-09-20,XLE,302,41.30343649524804,1.51,rebalance
2023-09-21,USO,-318,81.24187500000001,1.59,rebalance
2023-09-21,XLY,-6656,80.45500949719236,33.28,rebalance
2023-09-21,XLF,-417,32.80499183947661,2.085,rebalance
2023-09-21,XLE,-543,41.39522726565694,2.715,rebalance
2023-09-21,XLC,-129,63.73036795239093,1.0,rebalance
2023-09-21,IGV,7672,68.87997368904281,38.36,rebalance
2023-09-21,TQQQ,4363,17.69278420897284,21.815,rebalance
2023-09-22,USO,-77,81.54184805145263,1.0,rebalance
2023-09-22,XLC,-74,63.778670407497025,1.0,rebalance
2023-09-22,XLF,56,32.429693102290486,1.0,rebalance
2023-09-22,XLE,63,40.86219322701404,1.0,rebalance
2023-09-22,IGV,6,68.25802532674375,1.0,rebalance
2023-09-22,TQQQ,354,17.489472163520244,1.77,rebalance
2023-09-25,USO,-20,80.58193733825684,1.0,rebalance
2023-09-25,XLF,-60,32.06051331702093,1.0,rebalance
2023-09-25,XLE,-83,40.5083805893841,1.0,rebalance
2023-09-25,IGV,-57,67.74252548133715,1.0,rebalance
2023-09-25,XLC,-41,63.14116586073575,1.0,rebalance
2023-09-25,TQQQ,781,17.092536541905226,3.9050000000000002,rebalance
2023-09-26,XLE,-100,40.772160411420785,1.0,rebalance
2023-09-26,TQQQ,-121,17.089118721396844,1.0,rebalance
2023-09-26,USO,39,79.9779982208252,1.0,rebalance
2023-09-26,XLF,25,31.9714612231153,1.0,rebalance
2023-09-26,IGV,15,67.51609399629156,1.0,rebalance
2023-09-26,XLC,17,62.931585083146295,1.0,rebalance
2023-09-27,USO,-183,82.23177386398315,1.0,rebalance
2023-09-27,XLE,-205,41.39977355242021,1.025,rebalance
2023-09-27,XLC,-24,63.04456927003932,1.0,rebalance
2023-09-27,XLF,35,31.866448139410434,1.0,rebalance
2023-09-27,IGV,25,67.22412055640787,1.0,rebalance
2023-09-27,TQQQ,1328,16.850501818378238,6.640000000000001,rebalance
2023-09-28,USO,-37,82.31176769485474,1.0,rebalance
2023-09-28,XLF,-16162,31.755080696454247,80.81,rebalance
2023-09-28,XLE,-158,41.72723191608336,1.0,rebalance
2023-09-28,IGV,-7661,66.87877688802165,38.305,rebalance
2023-09-28,XLC,-32,62.97694166716653,1.0,rebalance
2023-09-28,SHY,7110,72.08013729897576,35.550000000000004,rebalance
2023-09-28,TQQQ,745,16.647194136574075,3.725,rebalance
2023-09-28,BIL,6388,80.16934033374946,31.94,rebalance
2023-09-29,TQQQ,-3478,17.703769498830848,17.39,rebalance
2023-09-29,USO,204,81.90819152603149,1.02,rebalance
2023-09-29,XLE,289,41.899327463194076,1.445,rebalance
2023-09-29,SHY,185,72.19599847981615,1.0,rebalance
2023-09-29,BIL,180,80.18681274032593,1.0,rebalance
2023-09-29,XLC,76,64.12954213420602,1.0,rebalance
2023-10-02,USO,-37,81.17188230514526,1.0,rebalance
2023-10-02,SHY,-95,72.07356525872584,1.0,rebalance
2023-10-02,BIL,-97,80.19180792810776,1.0,rebalance
2023-10-02,XLC,-44,63.51786997403307,1.0,rebalance
2023-10-02,XLE,68,41.062347273227864,1.0,rebalance
2023-10-02,TQQQ,1026,17.266801343002722,5.13,rebalance
2023-10-03,SHY,-31,72.08253794013885,1.0,rebalance
2023-10-03,TQQQ,-517,17.282708825229168,2.585,rebalance
2023-10-03,BIL,-28,80.20060493087769,1.0,rebalance
2023-10-03,XLC,-27,63.469578510255296,1.0,rebalance
2023-10-03,USO,81,79.81797855834961,1.0,rebalance
2023-10-03,XLE,215,40.20261244613323,1.075,rebalance
2023-10-04,XLE,-31,39.66247328341945,1.0,rebalance
2023-10-04,SHY,-115,72.10037745828221,1.0,rebalance
2023-10-04,BIL,-102,80.20059180120256,1.0,rebalance
2023-10-04,XLC,-57,62.8996903391067,1.0,rebalance
2023-10-04,USO,48,77.97779822082519,1.0,rebalance
2023-10-04,TQQQ,1042,16.83597910293799,5.21,rebalance
2023-10-05,TQQQ,-2667,17.369823199489343,13.335,rebalance
2023-10-05,XLC,-8085,63.47923077495345,40.425000000000004,rebalance
2023-10-05,USO,2095,74.1174116104126,10.475,rebalance
2023-10-05,XLE,3790,38.44676984257701,18.95,rebalance
2023-10-05,SHY,1784,72.25773622055054,8.92,rebalance
2023-10-05,BIL,1614,80.26925109013051,8.07,rebalance
2023-10-06,USO,-141,74.42255730514526,1.0,rebalance
2023-10-06,XLE,-336,38.757430138507104,1.68,rebalance
2023-10-06,SHY,-94,72.14504765609557,1.0,rebalance
2023-10-06,BIL,-96,80.27074044166721,1.0,rebalance
2023-10-06,TQQQ,2265,16.773050241609337,11.325000000000001,rebalance
2023-10-09,XLE,-6,40.035400945436656,1.0,rebalance
2023-10-09,TQQQ,-2266,17.718284957103418,11.33,rebalance
2023-10-09,USO,10,76.76767813644409,1.0,rebalance
2023-10-09,SHY,264,72.32026199677225,1.32,rebalance
2023-10-09,BIL,255,80.28679069366456,1.2750000000000001,rebalance
2023-10-10,TQQQ,-1982,18.395850472055567,9.91,rebalance
2023-10-10,USO,98,77.19772144165039,1.0,rebalance
2023-10-10,XLE,160,40.33453518802738,1.0,rebalance
2023-10-10,SHY,154,72.32920334228056,1.0,rebalance
2023-10-10,BIL,139,80.29556324566362,1.0,rebalance
2023-10-11,TQQQ,-1700,18.845946485374526,8.5,rebalance
2023-10-11,USO,168,76.19762144165038,1.0,rebalance
2023-10-11,XLE,270,39.93423369627608,1.35,rebalance
2023-10-11,SHY,59,72.32030831493633,1.0,rebalance
2023-10-11,BIL,52,80.2955513061757,1.0,rebalance
2023-10-12,USO,-1733,76.57234383087159,8.665000000000001,rebalance
2023-10-12,XLE,-3346,40.24459327709179,16.73,rebalance
2023-10-12,SHY,-1785,72.27008831468277,8.925,rebalance
2023-10-12,TQQQ,-577,19.102449402006535,2.8850000000000002,rebalance
2023-10-12,BIL,-8305,80.32332672729493,41.525,rebalance
2023-10-12,IXP,8005,67.14031328686971,40.025,rebalance
2023-10-12,XLC,8086,66.40954685406378,40.43,rebalance
2023-10-13,USO,-134,77.70222808456421,1.0,rebalance
2023-10-13,XLE,-151,40.51747592160325,1.0,rebalance
2023-10-13,SHY,-38,72.31473187582665,1.0,rebalance
2023-10-13,IXP,78,66.18628493844338,1.0,rebalance
2023-10-13,TQQQ,476,18.922328688261537,2.38,rebalance
2023-10-13,XLC,78,65.5207325786887,1.0,rebalance
2023-10-16,USO,-158,78.62213425369262,1.0,rebalance
2023-10-16,IXP,-41,65.76696999351414,1.0,rebalance
2023-10-16,XLE,-307,41.00865060519719,1.5350000000000001,rebalance
2023-10-16,SHY,-79,72.26115424922739,1.0,rebalance
2023-10-16,XLC,-61,65.26615248393476,1.0,rebalance
2023-10-16,TQQQ,2043,18.30755444675364,10.215,rebalance
2023-10-17,IXP,-43,65.84251406525311,1.0,rebalance
2023-10-17,XLE,-27,40.92678975560441,1.0,rebalance
2023-10-17,SHY,-18,72.1450451765043,1.0,rebalance
2023-10-17,XLC,-57,65.45932669014478,1.0,rebalance
2023-10-17,USO,27,77.98780135726929,1.0,rebalance
2023-10-17,TQQQ,378,18.16233276533116,1.8900000000000001,rebalance
2023-10-18,USO,-115,79.71202922058106,1.0,rebalance
2023-10-18,XLE,-152,41.61353643037791,1.0,rebalance
2023-10-18,IXP,27,65.9407029451615,1.0,rebalance
2023-10-18,SHY,38,72.11480999021038,1.0,rebalance
2023-10-18,TQQQ,595,18.13813232749073,2.975,rebalance
2023-10-18,XLC,2,65.75257756192599,1.0,rebalance
2023-10-19,IXP,-31,65.96529619595998,1.0,rebalance
2023-10-19,XLE,-63,41.67719885625296,1.0,rebalance
2023-10-19,SHY,-24,72.10039094842075,1.0,rebalance
2023-10-19,XLC,-46,65.91330733023553,1.0,rebalance
2023-10-19,USO,6,79.37793974685668,1.0,rebalance
2023-10-19,TQQQ,500,17.9832291548197,2.5,rebalance
2023-10-20,USO,-291,81.58183733825683,1.455,rebalance
2023-10-20,IXP,-42,65.18144732944796,1.0,rebalance
2023-10-20,XLE,-217,41.67719524435299,1.085,rebalance
2023-10-20,SHY,-141,72.25224424232171,1.0,rebalance
2023-10-20,XLC,-18,64.92808867371873,1.0,rebalance
2023-10-20,TQQQ,2725,17.194191724977948,13.625,rebalance
2023-10-23,USO,-72,80.21197922058106,1.0,rebalance
2023-10-23,IXP,-136,64.45427555212375,1.0,rebalance
2023-10-23,XLE,-92,40.81308929584899,1.0,rebalance
2023-10-23,SHY,-203,72.27904092837649,1.0150000000000001,rebalance
2023-10-23,XLC,-135,64.19399738417513,1.0,rebalance
2023-10-23,TQQQ,2553,16.298659936207603,12.765,rebalance
2023-10-24,IXP,-17,65.52141958968824,1.0,rebalance
2023-10-24,TQQQ,-2187,16.890693099072333,10.935,rebalance
2023-10-24,XLC,-15,65.23717201916955,1.0,rebalance
2023-10-24,USO,267,78.0478049156189,1.335,rebalance
2023-10-24,XLE,278,40.49373735219671,1.3900000000000001,rebalance
2023-10-24,SHY,95,72.32922985547589,1.0,rebalance
2023-10-25,USO,-1,77.10228961029053,1.0,rebalance
2023-10-25,SHY,-82,72.28794963089827,1.0,rebalance
2023-10-25,TQQQ,-452,16.760019727707018,2.2600000000000002,rebalance
2023-10-25,IXP,118,63.76817820030477,1.0,rebalance
2023-10-25,XLE,47,39.852344587279354,1.0,rebalance
2023-10-25,XLC,66,63.90733752285975,1.0,rebalance
2023-10-26,USO,-202,76.82231883087158,1.01,rebalance
2023-10-26,IXP,-7918,62.48051993601576,39.59,rebalance
2023-10-26,XLE,-291,39.38049416587441,1.455,rebalance
2023-10-26,SHY,-242,72.31474963237135,1.21,rebalance
2023-10-26,TQQQ,-100404,15.67107661648907,502.02000000000004,rebalance
2023-10-26,XLC,-7900,61.65367566554858,39.5,rebalance
2023-10-26,BSV,24236,67.05843438230882,121.18,rebalance
2023-10-26,BITO,88211,5.527277155481499,441.055,rebalance
2023-10-26,BIL,6033,80.5060487686823,30.165,rebalance
2023-10-27,USO,-56,77.61224074630738,1.0,rebalance
2023-10-27,BSV,-24236,67.22413475715965,121.18,rebalance
2023-10-27,SHY,-1,72.41302047634886,1.0,rebalance
2023-10-27,TQQQ,-1,15.283896571018797,1.0,rebalance
2023-10-27,BITO,679,5.492494518149058,3.395,rebalance
2023-10-27,TECL,43487,37.42268078809813,217.435,rebalance
2023-10-27,XLE,11,39.40202454708469,1.0,rebalance
2023-10-27,BIL,22,80.51484202929295,1.0,rebalance
2023-10-30,TECL,-43487,38.01941731934312,217.435,rebalance
2023-10-30,BITO,-686,5.560947050163244,3.43,rebalance
2023-10-30,USO,60,77.24772186355591,1.0,rebalance
2023-10-30,SPXL,24058,67.97105192320046,120.29,rebalance
2023-10-30,XLE,308,38.63326228259085,1.54,rebalance
2023-10-30,SHY,35,72.39175630473746,1.0,rebalance
2023-10-30,BIL,31,80.52361001865492,1.0,rebalance
2023-10-31,SPXL,-24058,69.20474985238174,120.29,rebalance
2023-10-31,USO,117,76.2176200843811,1.0,rebalance
2023-10-31,BSV,24455,67.18388280137916,122.275,rebalance
2023-10-31,XLE,48,38.66965716703758,1.0,rebalance
2023-10-31,SHY,34,72.3739255575295,1.0,rebalance
2023-10-31,BITO,1126,5.517789999554168,5.63,rebalance
2023-10-31,BIL,28,80.53238257217407,1.0,rebalance
2023-11-01,USO,-17,76.65233766174316,1.0,rebalance
2023-11-01,XLE,-66,38.989375899094306,1.0,rebalance
2023-11-01,BITO,-1140,5.60556223493949,5.7,rebalance
2023-11-01,BSV,104,67.10837512985724,1.0,rebalance
2023-11-01,SHY,20,72.39176190098468,1.0,rebalance
2023-11-01,BIL,23,80.55704324111939,1.0,rebalance
2023-11-02,BSV,-24559,67.51693138548104,122.795,rebalance
2023-11-02,XLE,-12680,38.74833286594454,63.4,rebalance
2023-11-02,USO,1804,74.91749466247559,9.02,rebalance
2023-11-02,TQQQ,95264,17.310371366782643,476.32,rebalance
2023-11-02,SHY,1685,72.62470411211353,8.425,rebalance
2023-11-02,BITO,21112,5.6576829575951875,105.56,rebalance
2023-11-02,BIL,1522,80.58348173675537,7.61,rebalance
2023-11-03,TQQQ,-4207,17.761843409757358,21.035,rebalance
2023-11-03,USO,23,75.2975299156189,1.0,rebalance
2023-11-03,BITO,3341,5.533372200605899,16.705000000000002,rebalance
2023-11-03,SHY,54,72.7322139434098,1.0,rebalance
2023-11-03,BIL,74,80.59229456863403,1.0,rebalance
2023-11-06,BITO,-574,5.6501779368814296,2.87,rebalance
2023-11-06,USO,67,75.8975883895874,1.0,rebalance
2023-11-06,SHY,144,72.68740873694327,1.0,rebalance
2023-11-06,TQQQ,58,18.302715011803226,1.0,rebalance
2023-11-06,BIL,123,80.6098885857534,1.0,rebalance
2023-11-07,SHY,-9,72.62808245599373,1.0,rebalance
2023-11-07,TQQQ,-658,18.560398067643593,3.29,rebalance
2023-11-07,BIL,-13,80.60258804397583,1.0,rebalance
2023-11-07,USO,317,72.9972968635559,1.585,rebalance
2023-11-07,BITO,956,5.5939339385818085,4.78,rebalance
2023-11-08,BITO,-962,5.685231265669359,4.8100000000000005,rebalance
2023-11-08,TQQQ,-906,18.971777713632868,4.53,rebalance
2023-11-08,USO,279,71.27712364273071,1.395,rebalance
2023-11-08,SHY,64,72.66951641594335,1.0,rebalance
2023-11-08,BIL,59,80.63633471348449,1.0,rebalance
2023-11-09,USO,-8940,70.742925,44.7,rebalance
2023-11-09,BITO,-26843,6.038966628958071,134.215,rebalance
2023-11-09,SHY,-8768,72.66392742496149,43.84,rebalance
2023-11-09,BIL,-7901,80.64662925831965,39.505,rebalance
2023-11-09,QQQ,1400,367.41341699858714,7.0,rebalance
2023-11-09,XLK,5959,86.38016862298667,29.795,rebalance
2023-11-09,SMH,3410,150.91817674853186,17.05,rebalance
2023-11-09,IGV,7149,71.99369834375895,35.745,rebalance
2023-11-09,TQQQ,532,19.04334298037241,2.66,rebalance
2023-11-10,QQQ,-5,365.5505951930178,1.0,rebalance
2023-11-10,XLK,-55,86.35307574257024,1.0,rebalance
2023-11-10,SMH,-37,151.17405368731434,1.0,rebalance
2023-11-10,BIL,-1,80.66423501586914,1.0,rebalance
2023-11-10,BITO,419,5.954113501449227,2.095,rebalance
2023-11-10,IGV,1,71.3097638391256,1.0,rebalance
2023-11-10,TQQQ,362,18.75774312815324,1.81,rebalance
2023-11-13,TQQQ,-5857,19.479952110783337,29.285,rebalance
2023-11-13,QQQ,12,370.51091496406576,1.0,rebalance
2023-11-13,XLK,41,87.72472067193775,1.0,rebalance
2023-11-13,BITO,2382,5.925426133325581,11.91,rebalance
2023-11-13,SMH,9,154.21358005864008,1.0,rebalance
2023-11-13,IGV,37,72.56964675365755,1.0,rebalance
2023-11-14,TQQQ,-42,20.554371609854286,1.0,rebalance
2023-11-14,QQQ,16,377.3156160731047,1.0,rebalance
2023-11-14,XLK,97,88.91715441448248,1.0,rebalance
2023-11-14,BITO,3391,5.877615223847215,16.955000000000002,rebalance
2023-11-14,SMH,23,157.75566573247752,1.0,rebalance
2023-11-15,SMH,-2,160.03241270595598,1.0,rebalance
2023-11-15,TQQQ,-7654,21.110942895104493,38.27,rebalance
2023-11-15,QQQ,7,380.7966409114485,1.0,rebalance
2023-11-15,XLK,28,89.72683094138628,1.0,rebalance
2023-11-15,BITO,2377,5.807492692761531,11.885,rebalance
2023-11-15,IGV,54,75.21541800228775,1.0,rebalance
2023-11-16,QQQ,-1430,378.35106864421874,7.15,rebalance
2023-11-16,XLK,-365,89.24772038346596,1.825,rebalance
2023-11-16,BITO,-7104,5.873251977713587,35.52,rebalance
2023-11-16,SMH,-190,158.46395107809073,1.0,rebalance
2023-11-16,IGV,-362,74.0207137073176,1.81,rebalance
2023-11-16,TQQQ,5113,20.698865085790008,25.565,rebalance
2023-11-16,XLC,7552,67.42877033954072,37.76,rebalance
2023-11-17,XLK,-15,89.66964931130946,1.0,rebalance
2023-11-17,SMH,-4,158.9966112664323,1.0,rebalance
2023-11-17,IGV,-37,74.57855878383873,1.0,rebalance
2023-11-17,BITO,847,5.8298010953008585,4.235,rebalance
2023-11-17,TQQQ,2651,20.75695546859875,13.255,rebalance
2023-11-17,XLC,3,67.53987249304403,1.0,rebalance
2023-11-20,BITO,-1304,5.956110714699418,6.5200000000000005,rebalance
2023-11-20,SMH,-10,160.58482379339753,1.0,rebalance
2023-11-20,XLK,29,89.8151665458102,1.0,rebalance
2023-11-20,IGV,17,74.88944933763683,1.0,rebalance
2023-11-20,TQQQ,2141,20.887651850077102,10.705,rebalance
2023-11-20,XLC,52,67.52055029764335,1.0,rebalance
2023-11-21,TQQQ,-801,21.33840894815506,4.005,rebalance
2023-11-21,XLK,21,90.59048159040509,1.0,rebalance
2023-11-21,BITO,1344,5.938175651275263,6.72,rebalance
2023-11-21,SMH,20,161.50493090673893,1.0,rebalance
2023-11-21,IGV,20,75.59138612365581,1.0,rebalance
2023-11-21,XLC,5,68.31274600743622,1.0,rebalance
2023-11-22,IGV,-40,76.37603943441712,1.0,rebalance
2023-11-22,TQQQ,-541,21.570718581717472,2.705,rebalance
2023-11-22,XLK,10,90.83584153651671,1.0,rebalance
2023-11-22,BITO,1545,5.861676677660547,7.7250000000000005,rebalance
2023-11-22,SMH,23,161.0806560309307,1.0,rebalance
2023-11-22,XLC,5,68.57360140272962,1.0,rebalance
2023-11-24,XLK,354,90.51688472238322,1.77,rebalance
2023-11-24,BITO,2356,6.0401740501455645,11.78,rebalance
2023-11-24,SMH,209,160.07429393812404,1.045,rebalance
2023-11-24,IGV,441,75.88936192650532,2.205,rebalance
2023-11-24,TQQQ,525,21.420130805440554,2.625,rebalance
2023-11-24,XLC,425,68.69919516082533,2.125,rebalance
2023-11-27,XLK,-34,90.34669204300312,1.0,rebalance
2023-11-27,SMH,-3,159.0360780514483,1.0,rebalance
2023-11-27,IGV,-60,75.9501613752756,1.0,rebalance
2023-11-27,TQQQ,-170,21.29969454432425,1.0,rebalance
2023-11-27,XLC,-2,68.20250610206497,1.0,rebalance
2023-11-27,BITO,2050,5.861677244817483,10.25,rebalance
2023-11-28,BITO,-1912,5.981603601611279,9.56,rebalance
2023-11-28,XLK,7,90.1831965997919,1.0,rebalance
2023-11-28,SMH,5,158.7127145908758,1.0,rebalance
2023-11-28,IGV,11,75.79336948586325,1.0,rebalance
2023-11-28,TQQQ,357,21.20229845819664,1.7850000000000001,rebalance
2023-11-28,XLC,21,67.98427599538185,1.0,rebalance
2023-11-29,IGV,-8,77.5217079940621,1.0,rebalance
2023-11-29,TQQQ,-923,21.89498344740906,4.615,rebalance
2023-11-29,XLK,55,91.32164097701848,1.0,rebalance
2023-11-29,BITO,427,6.084797957861319,2.1350000000000002,rebalance
2023-11-29,SMH,33,160.62680995637007,1.0,rebalance
2023-11-29,XLC,116,68.48665306638213,1.0,rebalance
2023-11-30,XLK,-44,91.08753296497525,1.0,rebalance
2023-11-30,SMH,-33,160.63412925180802,1.0,rebalance
2023-11-30,IGV,-162,78.53741770230386,1.0,rebalance
2023-11-30,BITO,224,6.011486802763612,1.12,rebalance
2023-11-30,TQQQ,968,21.44433426773056,4.84,rebalance
2023-12-01,XLK,-25,90.60670963448743,1.0,rebalance
2023-12-01,BITO,-2434,6.115175664183264,12.17,rebalance
2023-12-01,SMH,-3453,157.83261706378215,17.265,rebalance
2023-12-01,IGV,-34,78.18152318941115,1.0,rebalance
2023-12-01,XLC,-8177,67.2752363356083,40.885,rebalance
2023-12-01,SLV,23792,23.09230915260315,118.96000000000001,rebalance
2023-12-01,GDX,18215,30.162645585640607,91.075,rebalance
2023-12-01,TQQQ,752,21.052239017724933,3.7600000000000002,rebalance
2023-12-04,BITO,-6836,6.6349352111184,34.18,rebalance
2023-12-04,IGV,-13,78.51742378651322,1.0,rebalance
2023-12-04,XLK,45,90.15865245552367,1.0,rebalance
2023-12-04,SLV,414,22.752275,2.07,rebalance
2023-12-04,GDX,114,30.04678346493092,1.0,rebalance
2023-12-04,TQQQ,1417,20.77147540058898,7.085,rebalance
2023-12-05,XLK,-15,89.45867672821281,1.0,rebalance
2023-12-05,BITO,-1870,6.718354258604578,9.35,rebalance
2023-12-05,IGV,-8,77.79763487068243,1.0,rebalance
2023-12-05,SLV,258,22.282228686714173,1.29,rebalance
2023-12-05,GDX,67,29.631612350662486,1.0,rebalance
2023-12-05,TQQQ,331,20.481035278443574,1.655,rebalance
2023-12-06,BITO,-1569,7.04560812608633,7.845,rebalance
2023-12-06,TQQQ,-1530,21.430366558200607,7.65,rebalance
2023-12-06,XLK,63,91.06157020822664,1.0,rebalance
2023-12-06,SLV,820,22.172217076301575,4.1,rebalance
2023-12-06,GDX,431,29.77643732528036,2.1550000000000002,rebalance
2023-12-06,IGV,89,79.00908395318683,1.0,rebalance
2023-12-07,XLK,-29,90.1406282549386,1.0,rebalance
2023-12-07,SLV,-54,21.887810389709472,1.0,rebalance
2023-12-07,GDX,-144,29.558116356114347,1.0,rebalance
2023-12-07,BITO,242,6.921865381149183,1.21,rebalance
2023-12-07,IGV,4,77.79719260800167,1.0,rebalance
2023-12-07,TQQQ,289,21.047396512154364,1.445,rebalance
2023-12-08,XLK,-59,90.60670681084383,1.0,rebalance
2023-12-08,SLV,-25230,21.34786538143158,126.15,rebalance
2023-12-08,BITO,-573,6.939731792532835,2.865,rebalance
2023-12-08,IGV,-12,77.58369302612466,1.0,rebalance
2023-12-08,TQQQ,-723,21.12546170398537,3.615,rebalance
2023-12-08,GDX,505,28.656443162345887,2.525,rebalance
2023-12-08,SMH,3462,158.69296617789078,17.31,rebalance
2023-12-11,SMH,-27,161.31480991851527,1.0,rebalance
2023-12-11,IGV,-58,78.81934350320648,1.0,rebalance
2023-12-11,TQQQ,-1327,21.619114713756268,6.635,rebalance
2023-12-11,BITO,4116,6.649097190301809,20.580000000000002,rebalance
2023-12-11,GDX,365,28.328168199324587,1.825,rebalance
2023-12-12,TQQQ,-1148,22.253123767150942,5.74,rebalance
2023-12-12,XLK,44,92.05772026728712,1.0,rebalance
2023-12-12,BITO,1455,6.636264462559688,7.275,rebalance
2023-12-12,GDX,103,28.627477540427755,1.0,rebalance
2023-12-12,SMH,9,163.3697001123309,1.0,rebalance
2023-12-12,IGV,92,79.01708836886601,1.0,rebalance
2023-12-13,SMH,-12,166.03004363306275,1.0,rebalance
2023-12-13,TQQQ,-1445,22.93068549576609,7.2250000000000005,rebalance
2023-12-13,BITO,1795,6.581707406267641,8.975,rebalance
2023-12-13,GDX,789,27.874377812663003,3.9450000000000003,rebalance
2023-12-13,IGV,17,79.82901192773276,1.0,rebalance
2023-12-14,GDX,-894,30.098693607735292,4.47,rebalance
2023-12-14,TQQQ,-82828,23.835713981937573,414.14,rebalance
2023-12-14,XLK,155,93.90278602997965,1.0,rebalance
2023-12-14,BITO,502,6.758204678698784,2.5100000000000002,rebalance
2023-12-14,SMH,43,169.32906991142056,1.0,rebalance
2023-12-14,IGV,177,80.45496013793819,1.0,rebalance
2023-12-14,UVXY,9283,211.27112499999998,46.415,rebalance
2023-12-15,GDX,-19551,30.03112091005784,97.755,rebalance
2023-12-15,SMH,-24,171.53445690516082,1.0,rebalance
2023-12-15,UVXY,-125,215.47845,1.0,rebalance
2023-12-15,XLK,65,93.50041146131359,1.0,rebalance
2023-12-15,IGV,145,79.36105381378925,1.0,rebalance
2023-12-15,BITO,1316,6.697234662971577,6.58,rebalance
2023-12-15,XBI,6934,85.32945332588368,34.67,rebalance
2023-12-18,UVXY,-205,223.727625,1.025,rebalance
2023-12-18,XLK,58,94.05094564436936,1.0,rebalance
2023-12-18,SMH,37,172.2753717558066,1.0,rebalance
2023-12-18,IGV,31,80.22498492978573,1.0,rebalance
2023-12-18,BITO,2818,6.588127088928304,14.09,rebalance
2023-12-18,XBI,153,84.79669762234222,1.0,rebalance
2023-12-19,BITO,-1514,6.769688637822219,7.57,rebalance
2023-12-19,UVXY,-44,227.227275,1.0,rebalance
2023-12-19,XLK,49,94.331285933149,1.0,rebalance
2023-12-19,SMH,45,171.91803749298043,1.0,rebalance
2023-12-19,IGV,5,81.0289107750745,1.0,rebalance
2023-12-19,XBI,88,84.65754492182538,1.0,rebalance
2023-12-20,BITO,-2289,7.001883074923452,11.445,rebalance
2023-12-20,XBI,-21,85.56483180016565,1.0,rebalance
2023-12-20,XLK,32,94.6017739159216,1.0,rebalance
2023-12-20,SMH,35,171.57063357419517,1.0,rebalance
2023-12-20,IGV,47,81.15490185310236,1.0,rebalance
2023-12-20,UVXY,21,228.52285,1.0,rebalance
2023-12-21,UVXY,-8930,245.225475,44.65,rebalance
2023-12-21,TQQQ,86221,24.256309430826615,431.105,rebalance
2023-12-21,XLK,187,94.22800678696017,1.0,rebalance
2023-12-21,SMH,99,171.07433123710013,1.0,rebalance
2023-12-21,IGV,203,80.99491129132223,1.0150000000000001,rebalance
2023-12-21,BITO,2668,6.964502964316777,13.34,rebalance
2023-12-21,XBI,342,83.60393240274615,1.71,rebalance
2023-12-22,TQQQ,-381,24.596587345927134,1.905,rebalance
2023-12-22,XBI,-7495,85.66421832425873,37.475,rebalance
2023-12-22,XLK,39,94.59684922126218,1.0,rebalance
2023-12-22,XLRE,17502,36.19640627633953,87.51,rebalance
2023-12-22,BITO,2053,6.8740113163533705,10.265,rebalance
2023-12-26,XLRE,-73,36.27122771965033,1.0,rebalance
2023-12-26,XLK,-6,94.48941837116008,1.0,rebalance
2023-12-26,SMH,-1,172.45923989139098,1.0,rebalance
2023-12-26,IGV,-6,81.67651190122972,1.0,rebalance
2023-12-26,TQQQ,-236,24.616031443629208,1.18,rebalance
2023-12-26,XBI,-1,88.2480567587098,1.0,rebalance
2023-12-26,BITO,1445,6.754436581369538,7.2250000000000005,rebalance
2023-12-27,SMH,-19,175.00972084669843,1.0,rebalance
2023-12-27,TQQQ,-377,24.9611628407399,1.885,rebalance
2023-12-27,XLRE,26,36.57031768277885,1.0,rebalance
2023-12-27,XLK,35,94.89191925012005,1.0,rebalance
2023-12-27,BITO,334,6.7964489931246534,1.67,rebalance
2023-12-27,IGV,75,81.67685503124399,1.0,rebalance
2023-12-28,TQQQ,-498,25.238240483814707,2.49,rebalance
2023-12-28,XLRE,25,36.7071104097437,1.0,rebalance
2023-12-28,XLK,15,95.17222966783991,1.0,rebalance
2023-12-28,BITO,758,6.777058571161743,3.79,rebalance
2023-12-28,SMH,13,175.31272215731187,1.0,rebalance
2023-12-28,IGV,34,81.74884207715708,1.0,rebalance
2023-12-29,XLRE,-78,36.6815400925436,1.0,rebalance
2023-12-29,XLK,-20,94.98111316851625,1.0,rebalance
2023-12-29,BITO,-425,6.772472926037175,2.125,rebalance
2023-12-29,SMH,-5,174.68223221474813,1.0,rebalance
2023-12-29,IGV,-34,81.68251849770826,1.0,rebalance
2023-12-29,TQQQ,454,24.980741181201942,2.27,rebalance
2024-01-02,XLRE,-145,36.44447231653506,1.0,rebalance
2024-01-02,XLK,-6721,93.35360898198145,33.605000000000004,rebalance
2024-01-02,BITO,-7555,7.253911647471179,37.775,rebalance
2024-01-02,IGV,-7815,80.21493520410486,39.075,rebalance
2024-01-02,GDX,20649,30.461653172532714,103.245,rebalance
2024-01-02,SMH,21,171.0743332414391,1.0,rebalance
2024-01-02,TQQQ,2204,23.993763312764727,11.02,rebalance
2024-01-02,XBI,7152,87.89793377185931,35.76,rebalance
2024-01-03,XLRE,-669,36.59035797381732,3.345,rebalance
2024-01-03,XBI,-333,89.01325887774674,1.665,rebalance
2024-01-03,BITO,5109,6.612236412400127,25.545,rebalance
2024-01-03,GDX,32,29.35270643780104,1.0,rebalance
2024-01-03,TQQQ,845,22.93385858647686,4.225,rebalance
2024-01-04,BITO,-3830,6.81124344119503,19.150000000000002,rebalance
2024-01-04,GDX,-220,29.28796711322979,1.1,rebalance
2024-01-04,XBI,-10,88.01949798163555,1.0,rebalance
2024-01-04,XLRE,96,35.92280816127062,1.0,rebalance
2024-01-04,TQQQ,1342,22.301800509199293,6.71,rebalance
2024-01-05,BITO,-819,6.88233161421809,4.095,rebalance
2024-01-05,SMH,-23,164.22232961595859,1.0,rebalance
2024-01-05,XLRE,120,35.70394368945035,1.0,rebalance
2024-01-05,GDX,47,29.254569687243492,1.0,rebalance
2024-01-05,TQQQ,120,22.296940650204316,1.0,rebalance
2024-01-05,XBI,12,87.94763939501435,1.0,rebalance
2024-01-08,BITO,-1778,7.079430964977643,8.89,rebalance
2024-01-08,SMH,-14,166.12772773567926,1.0,rebalance
2024-01-08,TQQQ,-346,22.550111748372302,1.73,rebalance
2024-01-08,XLRE,81,35.80425126407856,1.0,rebalance
2024-01-08,GDX,524,28.744261035999976,2.62,rebalance
2024-01-08,XBI,54,87.91781225795219,1.0,rebalance
2024-01-09,BITO,-981,7.347617147867034,4.905,rebalance
2024-01-09,GDX,-21032,29.20947328731803,105.16,rebalance
2024-01-09,TQQQ,-122,23.16745920652677,1.0,rebalance
2024-01-09,XBI,-127,91.90519789544305,1.0,rebalance
2024-01-09,XLRE,324,36.04137279604387,1.62,rebalance
2024-01-09,XLF,17108,36.2550864986684,85.54,rebalance
2024-01-09,SMH,23,169.26779611155948,1.0,rebalance
2024-01-10,SMH,-7,171.73479252273745,1.0,rebalance
2024-01-10,TQQQ,-1701,23.901467225111187,8.505,rebalance
2024-01-10,XBI,-11,93.15734735709464,1.0,rebalance
2024-01-10,XLRE,167,36.123439253234864,1.0,rebalance
2024-01-10,XLF,251,36.15914741514545,1.2550000000000001,rebalance
2024-01-10,BITO,3909,7.106702489369179,19.545,rebalance
2024-01-11,BITO,-3263,7.480091290557097,16.315,rebalance
2024-01-11,TQQQ,-1058,24.52367482369296,5.29,rebalance
2024-01-11,XLRE,327,35.941053020458625,1.635,rebalance
2024-01-11,XLF,204,36.226303166978056,1.02,rebalance
2024-01-11,SMH,44,171.987511904664,1.0,rebalance
2024-01-11,XBI,258,90.9494649266863,1.29,rebalance
2024-01-12,XLRE,-156,36.15269986517069,1.0,rebalance
2024-01-12,XLF,-89,36.30539335502402,1.0,rebalance
2024-01-12,SMH,-19,172.42946756918354,1.0,rebalance
2024-01-12,TQQQ,-615,24.63061867377769,3.075,rebalance
2024-01-12,BITO,3750,7.145483397682199,18.75,rebalance
2024-01-12,XBI,6,90.58169543778199,1.0,rebalance
2024-01-16,XLRE,-204,35.87915976280025,1.02,rebalance
2024-01-16,XLF,-72,35.758643680254934,1.0,rebalance
2024-01-16,SMH,-61,171.97295471731,1.0,rebalance
2024-01-16,TQQQ,-308,24.246596697264874,1.54,rebalance
2024-01-16,XBI,-12,89.03314997978829,1.0,rebalance
2024-01-16,BITO,4337,6.6801052084005725,21.685,rebalance
2024-01-17,XLF,-17402,35.509262863846764,87.01,rebalance
2024-01-17,BITO,-367,6.633534368652394,1.835,rebalance
2024-01-17,SMH,-65,173.1539269874329,1.0,rebalance
2024-01-17,XLRE,42,35.40297855507733,1.0,rebalance
2024-01-17,TQQQ,449,23.85762588717566,2.245,rebalance
2024-01-17,BOTZ,22005,27.96966355261138,110.025,rebalance
2024-01-17,XBI,42,87.48046913230581,1.0,rebalance
2024-01-18,SMH,-42,178.30447324507372,1.0,rebalance
2024-01-18,TQQQ,-1133,24.591725458015965,5.665,rebalance
2024-01-18,XLRE,402,35.20235155072082,2.0100000000000002,rebalance
2024-01-18,BITO,1541,6.639706954228866,7.705,rebalance
2024-01-18,BOTZ,193,28.207620132064818,1.0,rebalance
2024-01-18,XBI,63,88.24581645543417,1.0,rebalance
2024-01-19,SMH,-22,181.0038043403307,1.0,rebalance
2024-01-19,TQQQ,-2067,25.43267823027472,10.335,rebalance
2024-01-19,XLRE,226,35.07466895075868,1.1300000000000001,rebalance
2024-01-19,BITO,4330,6.405402343026042,21.650000000000002,rebalance
2024-01-19,BOTZ,169,28.247279967223193,1.0,rebalance
2024-01-19,XBI,185,86.78467532860346,1.0,rebalance
2024-01-22,SMH,-17,187.37500452768805,1.0,rebalance
2024-01-22,TQQQ,-2274,26.934720657589793,11.370000000000001,rebalance
2024-01-22,XLRE,363,35.41210980661387,1.815,rebalance
2024-01-22,BITO,4255,6.324607431201236,21.275000000000002,rebalance
2024-01-22,BOTZ,296,28.71327648543505,1.48,rebalance
2024-01-22,XBI,185,87.16238811614214,1.0,rebalance
2024-01-23,XLRE,-172,35.596501595535166,1.0,rebalance
2024-01-23,BOTZ,-238,28.895875940136794,1.19,rebalance
2024-01-23,XBI,-211,89.34123052384598,1.055,rebalance
2024-01-23,BITO,4175,6.053140319451364,20.875,rebalance
2024-01-23,TQQQ,247,26.745628858187235,1.235,rebalance
2024-01-24,XLRE,-18204,35.614737553245945,91.02,rebalance
2024-01-24,BITO,-107067,6.239334136429194,535.335,rebalance
2024-01-24,TQQQ,-1115,27.683314982140924,5.575,rebalance
2024-01-24,XLK,6619,99.95742058486938,33.095,rebalance
2024-01-24,SMH,13,189.7947378549409,1.0,rebalance
2024-01-24,IGV,7731,85.57851156416903,38.655,rebalance
2024-01-24,BOTZ,373,29.02063507568319,1.865,rebalance
2024-01-24,XBI,111,89.716931311707,1.0,rebalance
2024-01-25,XLK,-40,100.85689124440235,1.0,rebalance
2024-01-25,SMH,-71,194.311894397429,1.0,rebalance
2024-01-25,TQQQ,-199,27.83400253202219,1.0,rebalance
2024-01-25,IGV,33,85.46052450036605,1.0,rebalance
2024-01-25,BOTZ,208,28.842167528871585,1.04,rebalance
2024-01-25,XBI,165,88.10667025927519,1.0,rebalance
2024-01-26,XLK,-37,99.65224012537469,1.0,rebalance
2024-01-26,IGV,-66,84.68964818890767,1.0,rebalance
2024-01-26,BOTZ,-367,28.79674886973873,1.835,rebalance
2024-01-26,XBI,-153,88.38719340231341,1.0,rebalance
2024-01-26,SMH,57,187.75991635259473,1.0,rebalance
2024-01-26,TQQQ,835,27.071380758184272,4.175,rebalance
2024-01-29,IGV,-7,84.57968161580266,1.0,rebalance
2024-01-29,TQQQ,-82,27.03194492054305,1.0,rebalance
2024-01-29,BOTZ,-67,28.81657440780454,1.0,rebalance
2024-01-29,XLK,6,99.34268121324605,1.0,rebalance
2024-01-29,XBI,47,87.63949562881221,1.0,rebalance
2024-01-30,IGV,-29,86.3091837115539,1.0,rebalance
2024-01-30,TQQQ,-219,27.55692925972013,1.095,rebalance
2024-01-30,XBI,-60,89.81822915641936,1.0,rebalance
2024-01-30,XLK,59,100.09510853143554,1.0,rebalance
2024-01-30,SMH,32,188.70287103800723,1.0,rebalance
2024-01-30,BOTZ,70,29.20901672762038,1.0,rebalance
2024-01-31,XLK,-6607,98.3394169093757,33.035000000000004,rebalance
2024-01-31,SMH,-17,184.3184166097841,1.0,rebalance
2024-01-31,IGV,-130,85.32946055253001,1.0,rebalance
2024-01-31,BOTZ,-293,28.757095553454732,1.465,rebalance
2024-01-31,XBI,-62,88.02942777123071,1.0,rebalance
2024-01-31,BITO,96554,6.657483084362136,482.77,rebalance
2024-01-31,TQQQ,1311,26.34695205947003,6.555,rebalance
2024-02-01,SMH,-50,185.31081176774745,1.0,rebalance
2024-02-01,IGV,-24,84.82360778043363,1.0,rebalance
2024-02-01,BITO,-199,6.6092583663210585,1.0,rebalance
2024-02-01,BOTZ,-65,28.578666865741248,1.0,rebalance
2024-02-01,XBI,-25,87.53253973960567,1.0,rebalance
2024-02-01,TQQQ,643,25.90937297925303,3.215,rebalance
2024-02-02,TQQQ,-1400,26.822919966042242,7.0,rebalance
2024-02-02,SMH,32,186.82685863037966,1.0,rebalance
2024-02-02,IGV,80,85.42252728678491,1.0,rebalance
2024-02-02,BITO,1024,6.656623705462998,5.12,rebalance
2024-02-02,BOTZ,237,28.782681627236887,1.185,rebalance
2024-02-02,XBI,125,87.5798536561899,1.0,rebalance
2024-02-05,TQQQ,-1255,27.7999730209346,6.275,rebalance
2024-02-05,SMH,-26,192.06906518753476,1.0,rebalance
2024-02-05,IGV,112,85.88848712817892,1.0,rebalance
2024-02-05,BITO,524,6.755291106529876,2.62,rebalance
2024-02-05,BOTZ,237,29.060293687053164,1.185,rebalance
2024-02-05,XBI,230,86.65544707030934,1.1500000000000001,rebalance
2024-02-06,TQQQ,-117,27.89233916829855,1.0,rebalance
2024-02-06,SMH,-34,194.36151570143844,1.0,rebalance
2024-02-06,XBI,-48,87.36359301072326,1.0,rebalance
2024-02-06,IGV,30,85.71050446431715,1.0,rebalance
2024-02-06,BITO,1193,6.686222689357463,5.965,rebalance
2024-02-06,BOTZ,122,28.951233487114667,1.0,rebalance
2024-02-07,TQQQ,-135,28.043023302667006,1.0,rebalance
2024-02-07,BITO,-120,6.717768053209279,1.0,rebalance
2024-02-07,XBI,-111,88.99340812340297,1.0,rebalance
2024-02-07,SMH,49,192.26628498697215,1.0,rebalance
2024-02-07,IGV,3,85.99247341451033,1.0,rebalance
2024-02-07,BOTZ,161,28.861999426278697,1.0,rebalance
2024-02-08,SMH,-25,196.0684394969215,1.0,rebalance
2024-02-08,BITO,-3096,7.020280352629296,15.48,rebalance
2024-02-08,TQQQ,124,28.350079118838533,1.0,rebalance
2024-02-08,IGV,30,86.71841440630196,1.0,rebalance
2024-02-08,BOTZ,117,29.070207408491708,1.0,rebalance
2024-02-08,XBI,195,87.798539381402,1.0,rebalance
2024-02-09,IGV,-6,88.34059807504954,1.0,rebalance
2024-02-09,BITO,-2392,7.32937134437064,11.96,rebalance
2024-02-09,XBI,-2,89.4008399409651,1.0,rebalance
2024-02-09,TQQQ,440,28.700140933357364,2.2,rebalance
2024-02-09,BOTZ,195,29.33790961348563,1.0,rebalance
2024-02-12,TQQQ,-266,29.267996842558677,1.33,rebalance
2024-02-12,BITO,-821,7.516798564832405,4.105,rebalance
2024-02-12,SMH,4,202.68858043627213,1.0,rebalance
2024-02-12,IGV,102,88.64824657320482,1.0,rebalance
2024-02-12,BOTZ,69,29.74441551332705,1.0,rebalance
2024-02-12,XBI,22,90.6313858035254,1.0,rebalance
2024-02-13,SMH,-13,195.67147198654536,1.0,rebalance
2024-02-13,BITO,-4997,7.641749853477279,24.985,rebalance
2024-02-13,BOTZ,-300,28.975177104104418,1.5,rebalance
2024-02-13,XBI,-209,89.5896778813195,1.045,rebalance
2024-02-13,TQQQ,2355,27.343650613785666,11.775,rebalance
2024-02-13,IGV,44,84.77457829772128,1.0,rebalance
2024-02-14,TQQQ,-201,28.096497188135327,1.0050000000000001,rebalance
2024-02-14,BITO,-2518,8.065923486583483,12.59,rebalance
2024-02-14,SMH,2,200.5048668125546,1.0,rebalance
2024-02-14,IGV,24,86.65242470884718,1.0,rebalance
2024-02-14,BOTZ,206,29.446970473808012,1.03,rebalance
2024-02-14,XBI,193,89.54795330914094,1.0,rebalance
2024-02-15,TQQQ,-102,28.58745738183335,1.0,rebalance
2024-02-15,XBI,-43,91.50767093025142,1.0,rebalance
2024-02-15,SMH,11,203.0856397144353,1.0,rebalance
2024-02-15,IGV,28,87.7483207875476,1.0,rebalance
2024-02-15,BITO,127,8.185934823437762,1.0,rebalance
2024-02-15,BOTZ,40,29.873306756052155,1.0,rebalance
2024-02-16,TQQQ,-311,28.757593426179376,1.555,rebalance
2024-02-16,BOTZ,-81,30.035850418226072,1.0,rebalance
2024-02-16,XBI,-22,91.96481694916785,1.0,rebalance
2024-02-16,SMH,12,202.81760812182551,1.0,rebalance
2024-02-16,IGV,84,87.01838903353668,1.0,rebalance
2024-02-16,BITO,455,8.159628233471754,2.275,rebalance
2024-02-20,SMH,-13,198.7479143466733,1.0,rebalance
2024-02-20,BITO,-1996,8.154705290704504,9.98,rebalance
2024-02-20,BOTZ,-378,29.80785827738996,1.8900000000000001,rebalance
2024-02-20,XBI,-197,92.1735086636039,1.0,rebalance
2024-02-20,TQQQ,1688,27.508960131376377,8.44,rebalance
2024-02-20,IGV,21,84.7165884745635,1.0,rebalance
2024-02-21,SMH,-2,194.15310884760416,1.0,rebalance
2024-02-21,BOTZ,-246,29.411342466947634,1.23,rebalance
2024-02-21,XBI,-115,91.38841918536234,1.0,rebalance
2024-02-21,TQQQ,387,26.72618456216506,1.935,rebalance
2024-02-21,IGV,69,82.00882378051864,1.0,rebalance
2024-02-21,BITO,273,7.932695767888488,1.365,rebalance
2024-02-22,TQQQ,-2014,28.572874399807525,10.07,rebalance
2024-02-22,SMH,-51,205.6053962655973,1.0,rebalance
2024-02-22,IGV,-8129,84.45371088849305,40.645,rebalance
2024-02-22,XLF,18189,38.241015490654796,90.94500000000001,rebalance
2024-02-22,BITO,3494,7.949138821896313,17.47,rebalance
2024-02-22,BOTZ,279,30.319474809959953,1.395,rebalance
2024-02-22,XBI,245,92.21182104789314,1.225,rebalance
2024-02-23,TQQQ,-1038,29.569378834853364,5.19,rebalance
2024-02-23,SMH,-6,210.418542180594,1.0,rebalance
2024-02-23,XLF,214,38.61516874558837,1.07,rebalance
2024-02-23,BITO,1820,7.955718030298704,9.1,rebalance
2024-02-23,BOTZ,201,30.70615245719079,1.0050000000000001,rebalance
2024-02-23,XBI,32,93.8518948427589,1.0,rebalance
2024-02-26,XLF,-96,38.61704239945327,1.0,rebalance
2024-02-26,BITO,-814,7.987008827083822,4.07,rebalance
2024-02-26,BOTZ,-271,30.908182517059537,1.355,rebalance
2024-02-26,XBI,-55,94.06170224249033,1.0,rebalance
2024-02-26,TQQQ,779,29.142575508184148,3.895,rebalance
2024-02-26,SMH,5,209.04121307890838,1.0,rebalance
2024-02-27,BITO,-6906,8.835363457369283,34.53,rebalance
2024-02-27,XBI,-249,99.21943246810585,1.245,rebalance
2024-02-27,TQQQ,1583,29.15230012851437,7.915,rebalance
2024-02-27,XLF,419,38.50963777992478,2.095,rebalance
2024-02-27,SMH,61,209.4481689608992,1.0,rebalance
2024-02-27,BOTZ,342,31.063083438791192,1.71,rebalance
2024-02-28,BITO,-4421,9.345033630586935,22.105,rebalance
2024-02-28,XBI,-169,101.62439451381512,1.0,rebalance
2024-02-28,TQQQ,1332,28.70013982084192,6.66,rebalance
2024-02-28,XLF,12,38.500052801026484,1.0,rebalance
2024-02-28,SMH,57,206.0733501183564,1.0,rebalance
2024-02-28,BOTZ,257,30.735896573749297,1.285,rebalance
2024-02-29,TQQQ,-109,29.20480397203347,1.0,rebalance
2024-02-29,XLF,-18738,38.80887543624944,93.69,rebalance
2024-02-29,BITO,-2588,9.828398243329474,12.94,rebalance
2024-02-29,SMH,21,208.24713931486588,1.0,rebalance
2024-02-29,XLI,6284,116.68981417694091,31.42,rebalance
2024-02-29,BOTZ,310,30.8350429068869,1.55,rebalance
2024-02-29,XBI,84,102.07214104361532,1.0,rebalance
2024-03-01,TQQQ,-727,29.530489345630933,3.6350000000000002,rebalance
2024-03-01,SMH,-62,212.4926484703548,1.0,rebalance
2024-03-01,BOTZ,-155,31.10643328207926,1.0,rebalance
2024-03-01,XLI,17,116.65123372858014,1.0,rebalance
2024-03-01,BITO,1289,9.686140925729243,6.445,rebalance
2024-03-01,XBI,253,98.84168918003232,1.2650000000000001,rebalance
2024-03-04,TQQQ,-334,30.66795792021343,1.67,rebalance
2024-03-04,SMH,-39,222.29756538866167,1.0,rebalance
2024-03-04,BITO,-842,10.129304549795295,4.21,rebalance
2024-03-04,XBI,-41,102.80699022048773,1.0,rebalance
2024-03-04,XLI,186,117.19129037298289,1.0,rebalance
2024-03-04,BOTZ,310,31.75711956986835,1.55,rebalance
2024-03-05,SMH,-20,220.67002850513006,1.0,rebalance
2024-03-05,XLI,-93,117.33176702506861,1.0,rebalance
2024-03-05,BITO,-3507,10.486728449277745,17.535,rebalance
2024-03-05,BOTZ,-264,31.691294247903343,1.32,rebalance
2024-03-05,TQQQ,1573,29.70656762882924,7.865,rebalance
2024-03-05,XBI,137,99.59712288205091,1.0,rebalance
2024-03-06,SMH,-46,223.4189816649521,1.0,rebalance
2024-03-06,BOTZ,-242,31.978759590517633,1.21,rebalance
2024-03-06,XBI,-38,99.99459374075853,1.0,rebalance
2024-03-06,TQQQ,396,29.531529953583206,1.98,rebalance
2024-03-06,XLI,4,117.11413648923978,1.0,rebalance
2024-03-06,BITO,937,10.340428986316518,4.6850000000000005,rebalance
2024-03-07,TQQQ,-170,29.919367639059676,1.0,rebalance
2024-03-07,SMH,-30,227.98401406073137,1.0,rebalance
2024-03-07,XLI,-6398,117.98740135435179,31.990000000000002,rebalance
2024-03-07,BITO,-8,10.456382224533598,1.0,rebalance
2024-03-07,BOTZ,-47,32.405015192161336,1.0,rebalance
2024-03-07,USO,10301,73.56735355834961,51.505,rebalance
2024-03-07,XBI,105,99.69653422461998,1.0,rebalance
2024-03-08,TQQQ,-462,30.585320476918163,2.31,rebalance
2024-03-08,SMH,-47,235.12929496444303,1.0,rebalance
2024-03-08,BOTZ,-17,32.97004871151004,1.0,rebalance
2024-03-08,USO,107,74.02739864273072,1.0,rebalance
2024-03-08,BITO,315,10.586631256906843,1.575,rebalance
2024-03-08,XBI,146,99.4679089982116,1.0,rebalance
2024-03-11,USO,-164,72.96270422058106,1.0,rebalance
2024-03-11,BITO,-6220,11.228553764355011,31.1,rebalance
2024-03-11,XBI,-123,98.0765859139376,1.0,rebalance
2024-03-11,TQQQ,2307,28.88489363049022,11.535,rebalance
2024-03-11,SMH,113,220.49579870596853,1.0,rebalance
2024-03-11,BOTZ,72,31.88601228664364,1.0,rebalance
2024-03-12,USO,-17,73.41265616912843,1.0,rebalance
2024-03-12,TQQQ,-874,29.30688152588065,4.37,rebalance
2024-03-12,SMH,-21,222.84337826357813,1.0,rebalance
2024-03-12,BITO,460,11.203819792162426,2.3000000000000003,rebalance
2024-03-12,BOTZ,243,31.707542680879424,1.215,rebalance
2024-03-12,XBI,194,96.06846852054292,1.0,rebalance
2024-03-13,USO,-67,74.742525,1.0,rebalance
2024-03-13,TQQQ,-640,29.865896519462357,3.2,rebalance
2024-03-13,SMH,18,224.1981881912379,1.0,rebalance
2024-03-13,BITO,382,11.267901140321248,1.9100000000000001,rebalance
2024-03-13,BOTZ,126,31.900882903429157,1.0,rebalance
2024-03-13,XBI,122,95.68082711948202,1.0,rebalance
2024-03-14,USO,-10160,75.89241152572632,50.800000000000004,rebalance
2024-03-14,BITO,-51,11.231931795304511,1.0,rebalance
2024-03-14,BOTZ,-40,31.830071927715895,1.0,rebalance
2024-03-14,XBI,-52,95.9498881848631,1.0,rebalance
2024-03-14,TQQQ,472,29.59473924773371,2.36,rebalance
2024-03-14,SMH,34,221.13105804698566,1.0,rebalance
2024-03-14,XLC,9697,78.0005861642114,48.485,rebalance
2024-03-15,SMH,-19,215.2912344667545,1.0,rebalance
2024-03-15,XBI,-46,93.41572303929755,1.0,rebalance
2024-03-15,BOTZ,-330,31.245216572863868,1.6500000000000001,rebalance
2024-03-15,XLC,-213,77.22005383263048,1.065,rebalance
2024-03-15,TQQQ,338,28.534830917010208,1.69,rebalance
2024-03-15,BITO,2433,10.492199137464063,12.165000000000001,rebalance
2024-03-18,TQQQ,-388,29.107582000754462,1.94,rebalance
2024-03-18,SMH,-28,220.4814706982765,1.0,rebalance
2024-03-18,BOTZ,-56,31.810247350369842,1.0,rebalance
2024-03-18,XBI,74,94.00100172343252,1.0,rebalance
2024-03-18,BITO,1000,10.509061048004375,5.0,rebalance
2024-03-18,XLC,22,78.23110615652845,1.0,rebalance
2024-03-19,TQQQ,-190,28.45620944573464,1.0,rebalance
2024-03-19,XBI,-32,92.06420257714964,1.0,rebalance
2024-03-19,BOTZ,-228,31.33443301947661,1.1400000000000001,rebalance
2024-03-19,XLC,-211,78.05040279344047,1.055,rebalance
2024-03-19,SMH,14,214.12331580124186,1.0,rebalance
2024-03-19,BITO,2947,9.841287413353555,14.735,rebalance
2024-03-20,TQQQ,-1125,29.30530317128524,5.625,rebalance
2024-03-20,SMH,6,217.23014753673496,1.0,rebalance
2024-03-20,XBI,53,92.93742970856131,1.0,rebalance
2024-03-20,BITO,1582,9.79069623155287,7.91,rebalance
2024-03-20,BOTZ,102,31.707547431088408,1.0,rebalance
2024-03-20,XLC,101,78.4738542747672,1.0,rebalance
2024-03-21,TQQQ,-1235,31.100597896385192,6.175,rebalance
2024-03-21,XBI,-7933,95.90020557195457,39.665,rebalance
2024-03-21,BITO,-1448,10.43614975402246,7.24,rebalance
2024-03-21,IXP,9581,80.47280361788911,47.905,rebalance
2024-03-21,SMH,4,226.8881363130438,1.0,rebalance
2024-03-21,BOTZ,687,32.203286641344995,3.435,rebalance
2024-03-21,XLC,253,79.87224333435744,1.2650000000000001,rebalance
2024-03-22,IXP,-147,80.13358928836645,1.0,rebalance
2024-03-22,SMH,-21,223.88541283096595,1.0,rebalance
2024-03-22,XBI,-1,94.62815714033466,1.0,rebalance
2024-03-22,BOTZ,-252,31.909372201194522,1.26,rebalance
2024-03-22,XLC,-137,79.47762366049353,1.0,rebalance
2024-03-22,TQQQ,324,30.38465200347079,1.62,rebalance
2024-03-22,BITO,2596,9.885129556252634,12.98,rebalance
2024-03-25,SMH,-1,223.5082917597983,1.0,rebalance
2024-03-25,BITO,-3342,10.31813311405801,16.71,rebalance
2024-03-25,TQQQ,901,29.999171655713624,4.505,rebalance
2024-03-25,IXP,10,79.90247295872089,1.0,rebalance
2024-03-25,BOTZ,190,31.59848557978346,1.0,rebalance
2024-03-25,XLC,10,79.23130278818294,1.0,rebalance
2024-03-26,TQQQ,-54,30.544450041741133,1.0,rebalance
2024-03-26,BITO,-2512,10.874502825830914,12.56,rebalance
2024-03-26,IXP,117,80.3207087921351,1.0,rebalance
2024-03-26,SMH,5,227.10649810520314,1.0,rebalance
2024-03-26,BOTZ,182,31.915756437598606,1.0,rebalance
2024-03-26,XLC,158,79.32845368381065,1.0,rebalance
2024-03-27,IXP,-4,80.33315904771078,1.0,rebalance
2024-03-27,BITO,-1027,11.032982911688533,5.135,rebalance
2024-03-27,XLC,-8,79.37081638783246,1.0,rebalance
2024-03-27,TQQQ,38,30.531037847229303,1.0,rebalance
2024-03-27,SMH,32,224.91284412523714,1.0,rebalance
2024-03-27,BOTZ,123,31.747206823072872,1.0,rebalance
2024-03-28,IXP,-50,80.15259024448746,1.0,rebalance
2024-03-28,BITO,-46,10.958802033771056,1.0,rebalance
2024-03-28,BOTZ,-24185,31.532687404060365,120.925,rebalance
2024-03-28,XLC,-73,79.3902369142437,1.0,rebalance
2024-03-28,TQQQ,294,30.19923192960084,1.47,rebalance
2024-03-28,USO,9736,78.27782364273071,48.68,rebalance
2024-03-28,SMH,8,222.64973889090402,1.0,rebalance
2024-04-01,USO,-108,79.07209383087158,1.0,rebalance
2024-04-01,SMH,-19,223.78615886640802,1.0,rebalance
2024-04-01,TQQQ,-118,30.207830329200867,1.0,rebalance
2024-04-01,IXP,18,79.94050460436844,1.0,rebalance
2024-04-01,BITO,1285,10.751927392761592,6.425,rebalance
2024-04-01,XLC,15,79.1924840136957,1.0,rebalance
2024-04-02,USO,-379,80.62193425369263,1.895,rebalance
2024-04-02,IXP,-194,79.91501186842483,1.0,rebalance
2024-04-02,SMH,-51,222.54566918250597,1.0,rebalance
2024-04-02,XLC,-200,79.2057634846458,1.0,rebalance
2024-04-02,BITO,4202,9.940728424608903,21.01,rebalance
2024-04-02,TQQQ,1077,29.213573805047208,5.385,rebalance
2024-04-03,USO,-75,81.30186655883789,1.0,rebalance
2024-04-03,IXP,-52,80.38068845826022,1.0,rebalance
2024-04-03,BITO,-1047,10.08206917642928,5.235,rebalance
2024-04-03,XLC,-57,79.71063566445991,1.0,rebalance
2024-04-03,SMH,23,221.08142036257004,1.0,rebalance
2024-04-03,TQQQ,699,28.984239036781773,3.495,rebalance
2024-04-04,TQQQ,-1687,30.417609433343767,8.435,rebalance
2024-04-04,USO,292,81.0781066947937,1.46,rebalance
2024-04-04,IXP,147,81.42334805767526,1.0,rebalance
2024-04-04,BITO,361,10.325349177851354,1.805,rebalance
2024-04-04,SMH,1,227.40429282659002,1.0,rebalance
2024-04-04,XLC,143,80.78507195272917,1.0,rebalance
2024-04-05,USO,-467,82.57174383087158,2.335,rebalance
2024-04-05,IXP,-9426,80.22861985447574,47.13,rebalance
2024-04-05,BITO,-1823,10.246374424531028,9.115,rebalance
2024-04-05,XLC,-9500,79.46791486725918,47.5,rebalance
2024-04-05,COPX,17650,42.10343537660085,88.25,rebalance
2024-04-05,SMH,9,219.58261036740606,1.0,rebalance
2024-04-05,XLE,16473,45.11122814262113,82.365,rebalance
2024-04-05,TQQQ,2810,28.49629000738205,14.05,rebalance
2024-04-08,COPX,-24,43.34205835385581,1.0,rebalance
2024-04-08,BITO,-3581,11.082583320509668,17.905,rebalance
2024-04-08,TQQQ,-213,29.373598948131846,1.065,rebalance
2024-04-08,USO,275,82.3882352531433,1.375,rebalance
2024-04-08,SMH,38,223.225436252981,1.0,rebalance
2024-04-08,XLE,345,45.43067115917073,1.725,rebalance
2024-04-09,COPX,-212,43.97986339623804,1.06,rebalance
2024-04-09,TQQQ,-640,29.66631689656407,3.2,rebalance
2024-04-09,USO,51,82.13821025314331,1.0,rebalance
2024-04-09,BITO,1829,10.82535768511303,9.145,rebalance
2024-04-09,SMH,2,223.69196248500043,1.0,rebalance
2024-04-09,XLE,86,45.314932472241324,1.0,rebalance
2024-04-10,USO,-157,81.38186038970947,1.0,rebalance
2024-04-10,COPX,-406,43.86563228463428,2.0300000000000002,rebalance
2024-04-10,SMH,-22,219.32035575847416,1.0,rebalance
2024-04-10,XLE,-324,45.00037805958148,1.62,rebalance
2024-04-10,BITO,1290,10.356819181939814,6.45,rebalance
2024-04-10,TQQQ,1289,28.476769386484314,6.445,rebalance
2024-04-11,BITO,-2074,10.858151427230238,10.370000000000001,rebalance
2024-04-11,TQQQ,-250,29.08089144001389,1.25,rebalance
2024-04-11,USO,136,81.6781651687622,1.0,rebalance
2024-04-11,COPX,145,44.30286682848088,1.0,rebalance
2024-04-11,SMH,23,221.82587225580423,1.0,rebalance
2024-04-11,XLE,152,45.416780671593905,1.0,rebalance
2024-04-12,USO,-9304,82.9917,46.52,rebalance
2024-04-12,COPX,-162,44.922285250244094,1.0,rebalance
2024-04-12,SLV,28482,26.802679236984254,142.41,rebalance
2024-04-12,BITO,1048,10.748433280946893,5.24,rebalance
2024-04-12,SMH,16,221.8457257373422,1.0,rebalance
2024-04-12,XLE,28,45.52789413843498,1.0,rebalance
2024-04-15,SMH,-40,222.0494602996212,1.0,rebalance
2024-04-15,TQQQ,-1381,29.368726503471077,6.905,rebalance
2024-04-15,COPX,13,44.41711984353957,1.0,rebalance
2024-04-15,SLV,332,26.212620084381104,1.6600000000000001,rebalance
2024-04-15,BITO,3381,10.151217667073107,16.905,rebalance
2024-04-15,XLE,130,44.71771183494377,1.0,rebalance
2024-04-16,COPX,-16,42.361558699913196,1.0,rebalance
2024-04-16,SLV,-1208,26.067392694854735,6.04,rebalance
2024-04-16,BITO,-39,9.676549600976987,1.0,rebalance
2024-04-16,SMH,-64,215.6782529397235,1.0,rebalance
2024-04-16,XLE,-534,43.9959526003392,2.67,rebalance
2024-04-16,TQQQ,2569,27.17394340712079,12.845,rebalance
2024-04-17,COPX,-286,43.41821697318332,1.43,rebalance
2024-04-17,SMH,-8,217.84167575312324,1.0,rebalance
2024-04-17,TQQQ,-646,27.583184244578458,3.23,rebalance
2024-04-17,SLV,148,26.13261216068268,1.0,rebalance
2024-04-17,BITO,1699,9.535125676610646,8.495000000000001,rebalance
2024-04-17,XLE,273,43.61122387280036,1.365,rebalance
2024-04-18,COPX,-635,44.19880791903722,3.1750000000000003,rebalance
2024-04-18,SLV,-553,26.10738961029053,2.765,rebalance
2024-04-18,BITO,-1766,9.557689355912276,8.83,rebalance
2024-04-18,XLE,-385,43.71822018041236,1.925,rebalance
2024-04-18,SMH,62,209.408477028806,1.0,rebalance
2024-04-18,TQQQ,2402,26.295631949878672,12.01,rebalance
2024-04-19,COPX,-212,44.28448451254001,1.06,rebalance
2024-04-19,SLV,-121,25.927407305145262,1.0,rebalance
2024-04-19,BITO,-3332,9.893291452972363,16.66,rebalance
2024-04-19,SMH,-3391,205.14890538437993,16.955000000000002,rebalance
2024-04-19,XLE,-110,43.51919134920941,1.0,rebalance
2024-04-19,GDX,21233,33.072092430579055,106.165,rebalance
2024-04-19,TQQQ,1709,25.51003352796224,8.545,rebalance
2024-04-22,COPX,-21,43.332538425233984,1.0,rebalance
2024-04-22,BITO,-2913,10.082067185410322,14.565,rebalance
2024-04-22,XLE,-443,43.72747769101583,2.215,rebalance
2024-04-22,SLV,422,24.952495763015747,2.11,rebalance
2024-04-22,GDX,217,31.9925818522608,1.085,rebalance
2024-04-22,TQQQ,1308,24.582927754160615,6.54,rebalance
2024-04-23,XLE,-19,44.04223472154232,1.0,rebalance
2024-04-23,TQQQ,-1692,25.18294968619923,8.46,rebalance
2024-04-23,COPX,437,42.427156505018246,2.185,rebalance
2024-04-23,SLV,489,24.66246584739685,2.445,rebalance
2024-04-23,BITO,262,10.10506797740827,1.31,rebalance
2024-04-23,GDX,321,31.707990907345483,1.605,rebalance
2024-04-24,TQQQ,-2375,26.500150963674734,11.875,rebalance
2024-04-24,COPX,280,42.75088436870832,1.4000000000000001,rebalance
2024-04-24,SLV,445,24.88248716068268,2.225,rebalance
2024-04-24,BITO,1997,10.06310590323224,9.985,rebalance
2024-04-24,GDX,164,32.25755328760899,1.0,rebalance
2024-04-24,XLE,327,44.22233269395006,1.635,rebalance
2024-04-25,COPX,-439,42.62809851461174,2.195,rebalance
2024-04-25,SLV,-805,24.85751461029053,4.025,rebalance
2024-04-25,GDX,-818,32.52583375360541,4.09,rebalance
2024-04-25,XLE,-555,44.47270766077139,2.775,rebalance
2024-04-25,BITO,1077,9.62254062526674,5.385,rebalance
2024-04-25,TQQQ,3206,24.836662685189705,16.03,rebalance
2024-04-26,COPX,-69,44.417754150922725,1.0,rebalance
2024-04-26,GDX,-187,34.04664685246141,1.0,rebalance
2024-04-26,TQQQ,-2076,26.358672873677495,10.38,rebalance
2024-04-26,SLV,660,25.19251953411102,3.3000000000000003,rebalance
2024-04-26,BITO,2012,9.709954513568091,10.06,rebalance
2024-04-26,XLE,631,44.33344879091757,3.1550000000000002,rebalance
2024-04-29,COPX,-206,45.61720397226501,1.03,rebalance
2024-04-29,TQQQ,-2096,27.35877496144432,10.48,rebalance
2024-04-29,SLV,759,24.872487839317323,3.795,rebalance
2024-04-29,BITO,2600,9.507152623749594,13.0,rebalance
2024-04-29,GDX,325,33.994576920192195,1.625,rebalance
2024-04-29,XLE,273,44.19456029569242,1.365,rebalance
2024-04-30,XLE,-357,44.43566993025614,1.7850000000000001,rebalance
2024-04-30,TQQQ,-228,26.97824852045413,1.1400000000000001,rebalance
2024-04-30,COPX,118,44.54089910150437,1.0,rebalance
2024-04-30,SLV,265,24.242423771095275,1.325,rebalance
2024-04-30,BITO,579,9.279878922481082,2.895,rebalance
2024-04-30,GDX,149,33.19966950115454,1.0,rebalance
2024-05-01,COPX,-73,43.00887547640092,1.0,rebalance
2024-05-01,SLV,-1064,24.177582305145265,5.32,rebalance
2024-05-01,GDX,-561,32.77112588106023,2.805,rebalance
2024-05-01,XLE,-190,43.22757849483204,1.0,rebalance
2024-05-01,BITO,1402,8.760474220971696,7.01,rebalance
2024-05-01,TQQQ,1696,25.446596550522116,8.48,rebalance
2024-05-02,COPX,-99,43.57052860436441,1.0,rebalance
2024-05-02,BITO,-923,8.923347852094679,4.615,rebalance
2024-05-02,TQQQ,-704,25.817155426537813,3.52,rebalance
2024-05-02,SLV,463,23.952395763015748,2.315,rebalance
2024-05-02,GDX,298,32.532337466409004,1.49,rebalance
2024-05-02,XLE,231,42.893636338317584,1.155,rebalance
2024-05-03,BITO,-545,9.308715780870367,2.725,rebalance
2024-05-03,XLE,-16032,42.88042963840475,80.16,rebalance
2024-05-03,TQQQ,-2389,27.480733963631582,11.945,rebalance
2024-05-03,COPX,363,44.121960479461976,1.815,rebalance
2024-05-03,SLV,708,24.212420084381105,3.54,rebalance
2024-05-03,GDX,386,33.09171889592375,1.93,rebalance
2024-05-03,XLU,22369,31.831881599995505,111.845,rebalance
2024-05-06,SLV,-356,24.987500771141054,1.78,rebalance
2024-05-06,BITO,-1305,9.656671441365347,6.525,rebalance
2024-05-06,COPX,86,44.75036732433339,1.0,rebalance
2024-05-06,XLU,378,31.934268469734363,1.8900000000000001,rebalance
2024-05-06,GDX,142,33.52351841563816,1.0,rebalance
2024-05-06,TQQQ,28,28.018097003162783,1.0,rebalance
2024-05-07,TQQQ,-968,28.646703779942474,4.84,rebalance
2024-05-07,COPX,26,45.17883038365658,1.0,rebalance
2024-05-07,SLV,277,25.032503686714172,1.385,rebalance
2024-05-07,XLU,111,32.13437814430559,1.0,rebalance
2024-05-07,BITO,692,9.677316885309278,3.46,rebalance
2024-05-07,GDX,280,33.46463726387803,1.4000000000000001,rebalance
2024-05-08,SLV,-257,24.887510389709472,1.285,rebalance
2024-05-08,XLU,-437,32.286151873506476,2.185,rebalance
2024-05-08,GDX,-147,33.20283794721853,1.0,rebalance
2024-05-08,COPX,7,44.512334272004956,1.0,rebalance
2024-05-08,BITO,994,9.415359391886039,4.97,rebalance
2024-05-08,TQQQ,560,28.057132496948732,2.8000000000000003,rebalance
2024-05-09,SLV,-143,25.317467694854738,1.0,rebalance
2024-05-09,GDX,-117,33.79154342070799,1.0,rebalance
2024-05-09,TQQQ,-431,28.539373832997654,2.1550000000000002,rebalance
2024-05-09,COPX,56,44.9027071132487,1.0,rebalance
2024-05-09,XLU,5,32.67887542822696,1.0,rebalance
2024-05-09,BITO,1846,9.306837398446557,9.23,rebalance
2024-05-10,COPX,-35,45.98846978438289,1.0,rebalance
2024-05-10,SLV,-111,25.977401542282106,1.0,rebalance
2024-05-10,BITO,-240,9.540687422111436,1.2,rebalance
2024-05-10,GDX,-333,35.076875073087976,1.665,rebalance
2024-05-10,XLU,11,33.3862523406591,1.0,rebalance
2024-05-10,TQQQ,624,28.964720180183257,3.12,rebalance
2024-05-13,COPX,-38,46.150292750510985,1.0,rebalance
2024-05-13,BITO,-33,9.555652619702887,1.0,rebalance
2024-05-13,TQQQ,-704,29.232123786786914,3.52,rebalance
2024-05-13,SLV,200,25.832582923698425,1.0,rebalance
2024-05-13,XLU,98,33.27921727478868,1.0,rebalance
2024-05-13,GDX,412,34.45582022728111,2.06,rebalance
2024-05-14,COPX,-165,46.45492140814911,1.0,rebalance
2024-05-14,SLV,-293,25.9974,1.465,rebalance
2024-05-14,XLU,-102,33.305127142151555,1.0,rebalance
2024-05-14,GDX,-119,34.517609694171156,1.0,rebalance
2024-05-14,BITO,899,9.415361200415607,4.495,rebalance
2024-05-14,TQQQ,495,28.964721619687538,2.475,rebalance
2024-05-15,COPX,-74,48.08274222302971,1.0,rebalance
2024-05-15,BITO,-572,9.768916290734213,2.86,rebalance
2024-05-15,TQQQ,-742,30.09562273348979,3.71,rebalance
2024-05-15,SLV,223,26.582657923698424,1.115,rebalance
2024-05-15,XLU,480,33.60032572626192,2.4,rebalance
2024-05-15,GDX,267,35.132961308645925,1.335,rebalance
2024-05-16,SLV,-32,26.977301542282106,1.0,rebalance
2024-05-16,BITO,-1079,10.04203933251647,5.3950000000000005,rebalance
2024-05-16,TQQQ,-1095,30.91033775804602,5.4750000000000005,rebalance
2024-05-16,COPX,536,47.178313823992305,2.68,rebalance
2024-05-16,XLU,200,33.77251702852334,1.0,rebalance
2024-05-16,GDX,386,35.00538048011208,1.93,rebalance
2024-05-17,COPX,-70,47.606773306225044,1.0,rebalance
2024-05-17,SLV,-775,27.857214610290526,3.875,rebalance
2024-05-17,XLU,-23113,33.58894558313239,115.565,rebalance
2024-05-17,GDX,-222,35.52821806507987,1.11,rebalance
2024-05-17,BITO,94,10.081468778119847,1.0,rebalance
2024-05-17,SMH,3383,231.86104586017402,16.915,rebalance
2024-05-17,TQQQ,769,30.784775471758557,3.845,rebalance
2024-05-20,COPX,-477,49.59633872843821,2.3850000000000002,rebalance
2024-05-20,SLV,-726,28.927107305145263,3.63,rebalance
2024-05-20,GDX,-190,36.254281819047065,1.0,rebalance
2024-05-20,BITO,155,10.17877071094473,1.0,rebalance
2024-05-20,SMH,71,229.7567421801876,1.0,rebalance
2024-05-20,TQQQ,1094,30.750617451453987,5.47,rebalance
2024-05-21,BITO,-3509,10.790329733681913,17.545,rebalance
2024-05-21,COPX,71,50.006153553196825,1.0,rebalance
2024-05-21,SLV,182,29.102910381507872,1.0,rebalance
2024-05-21,GDX,232,36.33023213456606,1.16,rebalance
2024-05-21,SMH,21,231.23571581867995,1.0,rebalance
2024-05-21,TQQQ,505,30.955554229107886,2.525,rebalance
2024-05-22,SMH,-56,235.1094470719803,1.0,rebalance
2024-05-22,TQQQ,-1634,31.55918176836092,8.17,rebalance
2024-05-22,COPX,750,47.797199950858264,3.75,rebalance
2024-05-22,SLV,50,29.062905465888978,1.0,rebalance
2024-05-22,BITO,1399,10.597892541896083,6.995,rebalance
2024-05-22,GDX,354,35.77084930025178,1.77,rebalance
2024-05-23,SMH,-89,242.29440919013845,1.0,rebalance
2024-05-23,TQQQ,-2007,32.44219475353707,10.035,rebalance
2024-05-23,COPX,482,46.635593813236504,2.41,rebalance
2024-05-23,SLV,1040,28.112811610412596,5.2,rebalance
2024-05-23,BITO,847,10.51930698702439,4.235,rebalance
2024-05-23,GDX,749,34.74041379960197,3.745,rebalance
2024-05-24,COPX,-96,45.90279154331118,1.0,rebalance
2024-05-24,SLV,-422,27.927207305145263,2.11,rebalance
2024-05-24,BITO,-76703,10.244079848005477,383.515,rebalance
2024-05-24,GDX,-393,34.596099827957154,1.965,rebalance
2024-05-24,SMH,-35,239.6943357808219,1.0,rebalance
2024-05-24,XLU,23915,33.02790971372896,119.575,rebalance
2024-05-24,TQQQ,1070,31.350797643941345,5.3500000000000005,rebalance
2024-05-28,COPX,-166,47.5972526667454,1.0,rebalance
2024-05-28,SLV,-597,29.297069237136842,2.985,rebalance
2024-05-28,XLU,438,33.30713929232442,2.19,rebalance
2024-05-28,GDX,112,35.358675072111886,1.0,rebalance
2024-05-28,SMH,4,245.85667527712027,1.0,rebalance
2024-05-28,TQQQ,179,32.136400821055595,1.0,rebalance
2024-05-29,COPX,-23,46.91185121027372,1.0,rebalance
2024-05-29,SLV,-220,29.067092694854736,1.1,rebalance
2024-05-29,XLU,-125,32.94685693436064,1.0,rebalance
2024-05-29,GDX,-132,34.99838106748564,1.0,rebalance
2024-05-29,SMH,-30,244.22959959613388,1.0,rebalance
2024-05-29,TQQQ,754,31.345915374516796,3.77,rebalance
2024-05-30,XLU,-104,32.91428559123381,1.0,rebalance
2024-05-30,SMH,-9,243.62424220989288,1.0,rebalance
2024-05-30,TQQQ,-452,31.34452671925317,2.2600000000000002,rebalance
2024-05-30,COPX,303,45.85484645098404,1.5150000000000001,rebalance
2024-05-30,SLV,81,28.832882923698424,1.0,rebalance
2024-05-30,GDX,102,34.652091281159365,1.0,rebalance
2024-05-31,COPX,-236,46.131260064940555,1.18,rebalance
2024-05-31,SLV,-149,28.767123457717897,1.0,rebalance
2024-05-31,XLU,-502,33.360962664008134,2.5100000000000002,rebalance
2024-05-31,GDX,-475,35.125934829934224,2.375,rebalance
2024-05-31,SMH,2,241.56865420550517,1.0,rebalance
2024-05-31,TQQQ,1572,30.545673923562504,7.86,rebalance
2024-06-03,XLU,-189,33.779716103542974,1.0,rebalance
2024-06-03,SMH,-3262,243.23720391610627,16.31,rebalance
2024-06-03,TQQQ,-1149,31.09084571263524,5.745,rebalance
2024-06-03,COPX,61,46.17857038672482,1.0,rebalance
2024-06-03,SLV,1060,27.8227816947937,5.3,rebalance
2024-06-03,GDX,340,34.76004039997467,1.7,rebalance
2024-06-03,TAN,16098,49.16189112514583,80.49,rebalance
2024-06-04,XLU,-140,33.365617635686235,1.0,rebalance
2024-06-04,GDX,-118,34.30174958530235,1.0,rebalance
2024-06-04,TQQQ,-574,30.734712203753766,2.87,rebalance
2024-06-04,COPX,393,44.32190663552331,1.965,rebalance
2024-06-04,SLV,5,27.312730465888976,1.0,rebalance
2024-06-04,TAN,184,47.73878527885362,1.0,rebalance
2024-06-05,TQQQ,-2140,31.7689623768453,10.700000000000001,rebalance
2024-06-05,COPX,518,43.369770047545664,2.59,rebalance
2024-06-05,SLV,412,27.122712839317323,2.06,rebalance
2024-06-05,XLU,149,33.404867316279834,1.0,rebalance
2024-06-05,GDX,519,33.78849136788634,2.595,rebalance
2024-06-05,TAN,249,47.37056735573684,1.245,rebalance
2024-06-06,SLV,-46,27.817217694854737,1.0,rebalance
2024-06-06,TQQQ,-1271,33.0471272452944,6.355,rebalance
2024-06-06,COPX,58,44.274300347924054,1.0,rebalance
2024-06-06,XLU,730,33.176832407441495,3.65,rebalance
2024-06-06,GDX,199,34.30861233067384,1.0,rebalance
2024-06-06,TAN,202,47.92786795643874,1.01,rebalance
2024-06-07,COPX,-103,43.88466712447182,1.0,rebalance
2024-06-07,GDX,-187,34.085896578602394,1.0,rebalance
2024-06-07,TQQQ,-421,32.74466145515442,2.105,rebalance
2024-06-07,SLV,139,27.292729915618896,1.0,rebalance
2024-06-07,XLU,59,32.62302802461534,1.0,rebalance
2024-06-07,TAN,411,46.10669167964702,2.055,rebalance
2024-06-10,COPX,-145,43.7799549013209,1.0,rebalance
2024-06-10,SLV,-68,27.067292694854736,1.0,rebalance
2024-06-10,XLU,-193,32.53740329791828,1.0,rebalance
2024-06-10,TQQQ,-204,32.48610337324983,1.02,rebalance
2024-06-10,TAN,-17144,45.27163262386769,85.72,rebalance
2024-06-10,GDX,458,33.08190292156098,2.29,rebalance
2024-06-10,SMH,3137,249.2414427159757,15.685,rebalance
2024-06-11,XLU,-9,32.681645209690444,1.0,rebalance
2024-06-11,SMH,-33,253.0619708541177,1.0,rebalance
2024-06-11,TQQQ,-549,32.842238197756636,2.745,rebalance
2024-06-11,COPX,301,43.236473092630675,1.5050000000000001,rebalance
2024-06-11,SLV,485,26.732672542190553,2.4250000000000003,rebalance
2024-06-11,GDX,24,33.17022304195702,1.0,rebalance
2024-06-12,TQQQ,-1510,34.64240945862962,7.55,rebalance
2024-06-12,COPX,243,44.15052375580044,1.215,rebalance
2024-06-12,SLV,172,27.50275,1.0,rebalance
2024-06-12,XLU,466,33.18147973627177,2.33,rebalance
2024-06-12,GDX,336,33.85718312407661,1.68,rebalance
2024-06-12,SMH,38,258.6413519406219,1.0,rebalance
2024-06-13,SMH,-54,264.762376911075,1.0,rebalance
2024-06-13,TQQQ,-2273,35.891312056968914,11.365,rebalance
2024-06-13,COPX,720,42.74136202067796,3.6,rebalance
2024-06-13,SLV,963,26.792679915618898,4.815,rebalance
2024-06-13,XLU,581,32.60440845352662,2.9050000000000002,rebalance
2024-06-13,GDX,617,33.19966640156957,3.085,rebalance
2024-06-14,SLV,-78,26.627336160850525,1.0,rebalance
2024-06-14,XLU,-84,32.43038921147155,1.0,rebalance
2024-06-14,SMH,-10,263.3829005648868,1.0,rebalance
2024-06-14,TQQQ,-75920,35.58884167909159,379.6,rebalance
2024-06-14,COPX,181,41.97965239888519,1.0,rebalance
2024-06-14,GDX,12,32.905255508824496,1.0,rebalance
2024-06-14,UVXY,22136,122.01219999999999,110.68,rebalance
2024-06-17,COPX,-19310,41.65711461111153,96.55,rebalance
2024-06-17,SLV,-165,26.89730961856842,1.0,rebalance
2024-06-17,SMH,-47,268.65254654822616,1.0,rebalance
2024-06-17,UVXY,-76,123.03769805145264,1.0,rebalance
2024-06-17,XLK,7243,112.42780602465375,36.215,rebalance
2024-06-17,XLU,162,32.37637485822099,1.0,rebalance
2024-06-17,GDX,341,32.59121773197049,1.705,rebalance
2024-06-18,XLK,-161,113.9419472737266,1.0,rebalance
2024-06-18,GDX,-189,32.55526636640858,1.0,rebalance
2024-06-18,SMH,-58,271.4411871064545,1.0,rebalance
2024-06-18,SLV,8,26.652664618492125,1.0,rebalance
2024-06-18,XLU,123,31.929610625591533,1.0,rebalance
2024-06-18,UVXY,300,120.31203305206299,1.5,rebalance
2024-06-20,SLV,-518,27.50724922885895,2.59,rebalance
2024-06-20,GDX,-296,33.428510423864026,1.48,rebalance
2024-06-20,SMH,-18,277.0978782691342,1.0,rebalance
2024-06-20,XLK,69,114.50661654709825,1.0,rebalance
2024-06-20,XLU,69,32.3065693322325,1.0,rebalance
2024-06-20,UVXY,156,121.212116947937,1.0,rebalance
2024-06-21,UVXY,-22516,128.38715389709472,112.58,rebalance
2024-06-21,XLK,246,112.73815616642236,1.23,rebalance
2024-06-21,SLV,506,27.552754236984253,2.5300000000000002,rebalance
2024-06-21,XLU,233,32.604414596823844,1.165,rebalance
2024-06-21,GDX,206,33.768859530121524,1.03,rebalance
2024-06-21,SMH,208,263.6043260233283,1.04,rebalance
2024-06-21,TQQQ,76046,36.54746696907987,380.23,rebalance
2024-06-24,XLK,-4,111.32468094612747,1.0,rebalance
2024-06-24,XLU,-82,32.27911330646121,1.0,rebalance
2024-06-24,GDX,-228,33.634551640158804,1.1400000000000001,rebalance
2024-06-24,SLV,147,27.06270546588898,1.0,rebalance
2024-06-24,SMH,8,259.564469617262,1.0,rebalance
2024-06-24,TQQQ,129,36.02047830673891,1.0,rebalance
2024-06-25,XLK,-7392,110.54022397306176,36.96,rebalance
2024-06-25,XLU,-498,32.64495780045356,2.49,rebalance
2024-06-25,GDX,-56,33.428506019275275,1.0,rebalance
2024-06-25,COPX,18648,43.76966897335596,93.24,rebalance
2024-06-25,SLV,60,26.78267868671417,1.0,rebalance
2024-06-25,SMH,9,256.60652393032416,1.0,rebalance
2024-06-25,TQQQ,423,35.517885877013825,2.115,rebalance
2024-06-26,XLK,-1,111.58124777936945,1.0,rebalance
2024-06-26,SMH,-38,259.6217083188673,1.0,rebalance
2024-06-26,TQQQ,-1181,36.043277450588796,5.905,rebalance
2024-06-26,COPX,216,43.23647502313179,1.08,rebalance
2024-06-26,SLV,699,26.16261584739685,3.495,rebalance
2024-06-26,XLU,264,32.28557639131916,1.32,rebalance
2024-06-26,GDX,501,32.72860954285033,2.505,rebalance
2024-06-27,COPX,-25,43.70320601236539,1.0,rebalance
2024-06-27,SLV,-173,26.55734346599579,1.0,rebalance
2024-06-27,GDX,-378,33.55606291330311,1.8900000000000001,rebalance
2024-06-27,TQQQ,-12,36.395869673335454,1.0,rebalance
2024-06-27,XLU,232,32.299651879874475,1.16,rebalance
2024-06-27,SMH,43,258.47260622597776,1.0,rebalance
2024-06-28,SLV,-130,26.877311160850525,1.0,rebalance
2024-06-28,GDX,-23,33.85041350990258,1.0,rebalance
2024-06-28,TQQQ,-391,36.87089217898942,1.955,rebalance
2024-06-28,COPX,155,43.69284240429587,1.0,rebalance
2024-06-28,XLU,176,32.32780027995259,1.0,rebalance
2024-06-28,SMH,24,258.5520084554006,1.0,rebalance
2024-07-01,COPX,-169,43.731863413639424,1.0,rebalance
2024-07-01,SLV,-60,26.71732731342316,1.0,rebalance
2024-07-01,XLU,-179,32.29318636948712,1.0,rebalance
2024-07-01,SMH,-30,259.016376664103,1.0,rebalance
2024-07-01,GDX,98,33.45482211433229,1.0,rebalance
2024-07-01,TQQQ,535,36.3247789051958,2.6750000000000003,rebalance
2024-07-02,COPX,-18825,43.40708001343202,94.125,rebalance
2024-07-02,SLV,-244,26.84731538143158,1.22,rebalance
2024-07-02,XLU,-25492,31.814766801974052,127.46000000000001,rebalance
2024-07-02,GDX,-24611,33.22246405924871,123.055,rebalance
2024-07-02,TQQQ,-359,36.38117160743652,1.795,rebalance
2024-07-02,QQQ,1728,474.97669549146616,8.64,rebalance
2024-07-02,XLK,7361,111.50486198252248,36.805,rebalance
2024-07-02,SMH,13,257.07302150132966,1.0,rebalance
2024-07-02,SPY,1547,529.8637390982794,7.735,rebalance
2024-07-03,SLV,-226,27.70722808456421,1.1300000000000001,rebalance
2024-07-03,TQQQ,-826,37.68382645294895,4.13,rebalance
2024-07-03,QQQ,21,480.72100699158193,1.0,rebalance
2024-07-03,XLK,88,112.88165241838942,1.0,rebalance
2024-07-03,SMH,15,262.1353173550222,1.0,rebalance
2024-07-03,SPY,25,534.7267686367653,1.0,rebalance
2024-07-05,SMH,-12,269.1586683585174,1.0,rebalance
2024-07-05,TQQQ,-808,38.96688922763959,4.04,rebalance
2024-07-05,QQQ,19,486.3268953914032,1.0,rebalance
2024-07-05,XLK,49,114.69761803713328,1.0,rebalance
2024-07-05,SLV,196,28.16281584739685,1.0,rebalance
2024-07-05,SPY,27,537.7284020317352,1.0,rebalance
2024-07-08,TQQQ,-73556,40.06385925367248,367.78000000000003,rebalance
2024-07-08,QQQ,10,490.9143455754591,1.0,rebalance
2024-07-08,XLK,76,115.28980384812131,1.0,rebalance
2024-07-08,SLV,260,28.352835381507873,1.3,rebalance
2024-07-08,SMH,29,270.82052815869787,1.0,rebalance
2024-07-08,SPY,14,541.3050433542942,1.0,rebalance
2024-07-08,UVXY,26844,108.41084152603149,134.22,rebalance
2024-07-09,QQQ,-10,493.12923361132886,1.0,rebalance
2024-07-09,XLK,-77,116.27321202344415,1.0,rebalance
2024-07-09,SLV,-15,28.317167694854735,1.0,rebalance
2024-07-09,SMH,-44,274.1901449447578,1.0,rebalance
2024-07-09,SPY,-4,541.9957731091018,1.0,rebalance
2024-07-09,UVXY,267,107.16071652603149,1.335,rebalance
2024-07-10,SMH,-11,276.0161512381217,1.0,rebalance
2024-07-10,UVXY,-43,107.68922694854736,1.0,rebalance
2024-07-10,QQQ,2,494.0584026671128,1.0,rebalance
2024-07-10,XLK,16,116.40504318798631,1.0,rebalance
2024-07-10,SLV,130,28.292829915618896,1.0,rebalance
2024-07-10,SPY,2,542.8935053278606,1.0,rebalance
2024-07-11,QQQ,-14,497.28093838138824,1.0,rebalance
2024-07-11,XLK,-77,117.44251551823733,1.0,rebalance
2024-07-11,SLV,-538,28.747125,2.69,rebalance
2024-07-11,SMH,-59,280.8491532804371,1.0,rebalance
2024-07-11,SPY,-14,547.0428869601897,1.0,rebalance
2024-07-11,UVXY,528,105.46054194793702,2.64,rebalance
2024-07-12,SPY,-12,543.3305950757475,1.0,rebalance
2024-07-12,UVXY,-27596,105.38946152572632,137.98,rebalance
2024-07-12,QQQ,11,486.93978932265617,1.0,rebalance
2024-07-12,XLK,71,114.66801226436195,1.0,rebalance
2024-07-12,SLV,368,28.0028,1.84,rebalance
2024-07-12,SMH,81,269.7882172385923,1.0,rebalance
2024-07-12,TQQQ,73660,38.945297095849114,368.3,rebalance
2024-07-15,SMH,-4,274.30926261744446,1.0,rebalance
2024-07-15,TQQQ,-638,39.89735428306903,3.19,rebalance
2024-07-15,QQQ,13,490.9934009653524,1.0,rebalance
2024-07-15,XLK,31,115.96091395779077,1.0,rebalance
2024-07-15,SLV,374,28.09280915260315,1.87,rebalance
2024-07-15,SPY,11,547.7272970938235,1.0,rebalance
2024-07-16,TQQQ,-282,40.12752234995187,1.41,rebalance
2024-07-16,XLK,21,115.8523536258836,1.0,rebalance
2024-07-16,SLV,126,28.03280368671417,1.0,rebalance
2024-07-16,SMH,17,273.2722505041067,1.0,rebalance
2024-07-17,QQQ,-25,482.6611196252717,1.0,rebalance
2024-07-17,XLK,-35,112.5383862293399,1.0,rebalance
2024-07-17,SLV,-31243,28.247175,156.215,rebalance
2024-07-17,SPY,-1596,544.4706036848271,7.98,rebalance
2024-07-17,GDX,22035,38.43035527962806,110.175,rebalance
2024-07-17,SMH,30,261.83753052191315,1.0,rebalance
2024-07-17,TQQQ,1783,37.87749356638737,8.915000000000001,rebalance
2024-07-17,XBI,8458,99.98996069710297,42.29,rebalance
2024-07-18,QQQ,-15,479.9428162009254,1.0,rebalance
2024-07-18,XLK,-62,111.90687128249033,1.0,rebalance
2024-07-18,GDX,-38,37.96151921065105,1.0,rebalance
2024-07-18,XBI,-42,99.22369106928822,1.0,rebalance
2024-07-18,SMH,13,257.21201664943925,1.0,rebalance
2024-07-18,TQQQ,442,37.1329687094634,2.21,rebalance
2024-07-19,QQQ,-28,473.63617321499083,1.0,rebalance
2024-07-19,XLK,-102,110.11590835798795,1.0,rebalance
2024-07-19,SMH,-42,252.92303279934865,1.0,rebalance
2024-07-19,XBI,-81,97.23365142457133,1.0,rebalance
2024-07-19,GDX,411,36.173212059878374,2.055,rebalance
2024-07-19,TQQQ,788,35.65862739609999,3.94,rebalance
2024-07-22,GDX,-121,36.607504540757056,1.0,rebalance
2024-07-22,TQQQ,-354,36.06775460309635,1.77,rebalance
2024-07-22,QQQ,3,475.7181498507542,1.0,rebalance
2024-07-22,XLK,29,110.43402787980385,1.0,rebalance
2024-07-22,SMH,44,251.12737857145478,1.0,rebalance
2024-07-22,XBI,13,97.74075852338841,1.0,rebalance
2024-07-23,XLK,-23,111.087869899403,1.0,rebalance
2024-07-23,SMH,-15,253.0421067846108,1.0,rebalance
2024-07-23,XBI,-4,98.06947783839655,1.0,rebalance
2024-07-23,QQQ,4,475.9653060514353,1.0,rebalance
2024-07-23,TQQQ,140,36.114159050815424,1.0,rebalance
2024-07-24,QQQ,-11,468.36749905239554,1.0,rebalance
2024-07-24,XLK,-73,109.65709791380525,1.0,rebalance
2024-07-24,GDX,-22287,37.107903281102935,111.435,rebalance
2024-07-24,SMH,-18,248.68547005717596,1.0,rebalance
2024-07-24,XBI,-224,98.4873911486261,1.12,rebalance
2024-07-24,XLRE,21120,37.8704468540599,105.60000000000001,rebalance
2024-07-24,TQQQ,1939,34.399797732715435,9.695,rebalance
2024-07-25,QQQ,-30,458.383770902484,1.0,rebalance
2024-07-25,XLK,-65,106.39588975035929,1.0,rebalance
2024-07-25,XLRE,-645,37.55685063043917,3.225,rebalance
2024-07-25,XBI,-369,99.21374035205636,1.845,rebalance
2024-07-25,SMH,26,237.2310044394201,1.0,rebalance
2024-07-25,TQQQ,2345,32.11235998467414,11.725,rebalance
2024-07-26,XLK,-25,106.79057747252345,1.0,rebalance
2024-07-26,SMH,-42,240.37909819136829,1.0,rebalance
2024-07-26,XBI,-172,101.49235161865411,1.0,rebalance
2024-07-26,QQQ,3,457.4175215732945,1.0,rebalance
2024-07-26,XLRE,143,37.31393415244197,1.0,rebalance
2024-07-26,TQQQ,725,31.838060880512174,3.625,rebalance
2024-07-29,XLRE,-39,37.77013597308538,1.0,rebalance
2024-07-29,TQQQ,-714,32.45363773815809,3.5700000000000003,rebalance
2024-07-29,QQQ,7,460.4429316530797,1.0,rebalance
2024-07-29,XLK,23,107.57683066256108,1.0,rebalance
2024-07-29,SMH,30,240.64554247114296,1.0,rebalance
2024-07-29,XBI,117,101.0150495197864,1.0,rebalance
2024-07-30,QQQ,-3,460.48921407364344,1.0,rebalance
2024-07-30,XLRE,-255,38.16889074551972,1.2750000000000001,rebalance
2024-07-30,TQQQ,-168,32.458531749308655,1.0,rebalance
2024-07-30,XLK,49,106.64909983891788,1.0,rebalance
2024-07-30,SMH,24,238.44197091128817,1.0,rebalance
2024-07-30,XBI,59,100.01980967412487,1.0,rebalance
2024-07-31,QQQ,-1685,462.4859517918191,8.425,rebalance
2024-07-31,XLK,-7275,106.76098100680663,36.375,rebalance
2024-07-31,SMH,-3254,240.65696507835398,16.27,rebalance
2024-07-31,TQQQ,-448,32.80132768509204,2.24,rebalance
2024-07-31,XLRE,64,38.241448698550585,1.0,rebalance
2024-07-31,BITO,78717,9.904889854066631,393.58500000000004,rebalance
2024-07-31,GDX,21107,36.9386755415577,105.535,rebalance
2024-07-31,DHS,9173,84.99456885745634,45.865,rebalance
2024-07-31,XBI,118,98.89523262100901,1.0,rebalance
2024-08-01,XLRE,-22,38.59546130692554,1.0,rebalance
2024-08-01,TQQQ,-1203,33.58488539586589,6.015000000000001,rebalance
2024-08-01,BITO,2870,9.636116022655564,14.35,rebalance
2024-08-01,GDX,2,37.242902149380186,1.0,rebalance
2024-08-01,DHS,85,84.91092185803153,1.0,rebalance
2024-08-01,XBI,63,99.05446177298386,1.0,rebalance
2024-08-02,XLRE,-1280,38.8087533874396,6.4,rebalance
2024-08-02,BITO,-4996,9.670821255279177,24.98,rebalance
2024-08-02,GDX,-1116,37.04902945871288,5.58,rebalance
2024-08-02,DHS,-389,83.518546426628,1.945,rebalance
2024-08-02,XBI,-188,95.60181524718112,1.0,rebalance
2024-08-02,TQQQ,5131,29.217545851963983,25.655,rebalance
2024-08-05,XLRE,-2022,38.270891847436594,10.11,rebalance
2024-08-05,GDX,-589,33.65417926269159,2.945,rebalance
2024-08-05,DHS,-835,81.28816341737016,4.175,rebalance
2024-08-05,XBI,-536,90.5471078083419,2.68,rebalance
2024-08-05,BITO,11549,7.410281710385926,57.745000000000005,rebalance
2024-08-05,TQQQ,71,24.16264126293189,1.0,rebalance
2024-08-06,BITO,-4411,8.219281352885233,22.055,rebalance
2024-08-06,TQQQ,-13820,26.508455051794872,69.10000000000001,rebalance
2024-08-06,XLRE,1178,37.73131344236066,5.89,rebalance
2024-08-06,GDX,550,34.49507526908471,2.75,rebalance
2024-08-06,DHS,480,80.83966518992395,2.4,rebalance
2024-08-06,XBI,129,93.75987887658961,1.0,rebalance
2024-08-07,XLRE,-3806,38.63255541528173,19.03,rebalance
2024-08-07,BITO,-83729,8.535230865192805,418.645,rebalance
2024-08-07,GDX,-19954,35.42028569139294,99.77,rebalance
2024-08-07,DHS,-8514,82.01303115646208,42.57,rebalance
2024-08-07,TQQQ,-3462,28.193087966263906,17.31,rebalance
2024-08-07,XBI,-1507,95.59185882995347,7.535,rebalance
2024-08-07,TLT,6392,87.2612722173946,31.96,rebalance
2024-08-07,XLV,3930,141.92782581524418,19.650000000000002,rebalance
2024-08-07,XLU,16182,34.46702790864968,80.91,rebalance
2024-08-08,TLT,-52,86.48912388211502,1.0,rebalance
2024-08-08,XLV,-88,142.74650359999626,1.0,rebalance
2024-08-08,XLRE,-70,38.16889052585378,1.0,rebalance
2024-08-08,XLU,-167,34.23968874579557,1.0,rebalance
2024-08-08,TQQQ,3401,27.160314823418457,17.005,rebalance
2024-08-08,XBI,94,92.51584369098384,1.0,rebalance
2024-08-09,TQQQ,-8097,28.129418488469007,40.485,rebalance
2024-08-09,XBI,-45,94.91525799241364,1.0,rebalance
2024-08-09,TLT,22,87.77058441938499,1.0,rebalance
2024-08-09,XLV,37,143.9400657909548,1.0,rebalance
2024-08-09,XLRE,45,38.75158527411576,1.0,rebalance
2024-08-09,XLU,172,34.499865024651875,1.0,rebalance
2024-08-12,TQQQ,-1051,29.006016535336663,5.255,rebalance
2024-08-12,TLT,90,87.33403510659092,1.0,rebalance
2024-08-12,XLV,14,144.74884037503466,1.0,rebalance
2024-08-12,XLRE,183,38.61245843190165,1.0,rebalance
2024-08-12,XLU,127,34.54209102583327,1.0,rebalance
2024-08-12,XBI,37,95.18304547069356,1.0,rebalance
2024-08-13,TLT,-13,88.47133331055477,1.0,rebalance
2024-08-13,TQQQ,-903,29.853230176541633,4.515,rebalance
2024-08-13,XLV,52,144.42148711287206,1.0,rebalance
2024-08-13,XLRE,84,38.816510962677,1.0,rebalance
2024-08-13,XLU,87,34.73912459068119,1.0,rebalance
2024-08-13,XBI,35,95.6707005755862,1.0,rebalance
2024-08-14,TLT,-594,88.69866043174413,2.97,rebalance
2024-08-14,XLV,-3945,145.38410842136642,19.725,rebalance
2024-08-14,XLRE,-1343,38.873660828323416,6.715,rebalance
2024-08-14,XLU,-16401,34.70872727780187,82.005,rebalance
2024-08-14,TQQQ,-4146,31.337078274482117,20.73,rebalance
2024-08-14,XBI,-595,96.71623668394186,2.975,rebalance
2024-08-14,GDX,14240,36.40873889572464,71.2,rebalance
2024-08-14,XLC,6229,83.22835879178211,31.145,rebalance
2024-08-15,TQQQ,-288,32.38507469680199,1.44,rebalance
2024-08-15,TLT,121,87.67962660468937,1.0,rebalance
2024-08-15,XLRE,83,38.98346330613717,1.0,rebalance
2024-08-15,GDX,108,36.45780957285163,1.0,rebalance
2024-08-15,XBI,41,96.85501627915212,1.0,rebalance
2024-08-15,XLC,40,83.44255984640573,1.0,rebalance
2024-08-16,TLT,-8,88.59864504776002,1.0,rebalance
2024-08-16,GDX,-146,37.166773795626476,1.0,rebalance
2024-08-16,TQQQ,-2611,33.114753396387314,13.055,rebalance
2024-08-16,XLRE,186,38.807242317689706,1.0,rebalance
2024-08-16,XBI,28,97.23319303911613,1.0,rebalance
2024-08-16,XLC,36,83.72492178774613,1.0,rebalance
2024-08-19,GDX,-48,37.5003698300432,1.0,rebalance
2024-08-19,TQQQ,-205,33.63385843106472,1.025,rebalance
2024-08-19,TLT,33,88.59816959480655,1.0,rebalance
2024-08-19,XLRE,69,38.825787103035104,1.0,rebalance
2024-08-19,XBI,31,97.2132995792431,1.0,rebalance
2024-08-20,GDX,-289,38.91325835746178,1.445,rebalance
2024-08-20,XBI,-70,100.10927095003282,1.0,rebalance
2024-08-20,TQQQ,-701,34.72102515159757,3.505,rebalance
2024-08-20,TLT,44,89.41665083537114,1.0,rebalance
2024-08-20,XLRE,149,39.03911154928178,1.0,rebalance
2024-08-20,XLC,57,84.81540799128678,1.0,rebalance
2024-08-21,TLT,-66,89.71703239679316,1.0,rebalance
2024-08-21,XLRE,-131,39.114766594192695,1.0,rebalance
2024-08-21,GDX,-12,38.65815438752573,1.0,rebalance
2024-08-21,XBI,-66,100.59683693895226,1.0,rebalance
2024-08-21,TQQQ,-124,34.858149399639075,1.0,rebalance
2024-08-21,XLC,-6362,84.9249957420694,31.810000000000002,rebalance
2024-08-21,DHS,6345,84.40897654976712,31.725,rebalance
2024-08-22,XBI,-14,101.57195517791925,1.0,rebalance
2024-08-22,TLT,68,89.33482244108146,1.0,rebalance
2024-08-22,XLRE,40,39.28026495547316,1.0,rebalance
2024-08-22,GDX,161,38.48924035298262,1.0,rebalance
2024-08-22,DHS,36,84.52054421813301,1.0,rebalance
2024-08-22,TQQQ,3507,35.68801951407832,17.535,rebalance
2024-08-23,TLT,-64,89.28058507817221,1.0,rebalance
2024-08-23,XLRE,-267,39.60625319592497,1.335,rebalance
2024-08-23,GDX,-167,38.510975898332596,1.0,rebalance
2024-08-23,DHS,-90,84.77314018773139,1.0,rebalance
2024-08-23,TQQQ,1049,34.38510323539799,5.245,rebalance
2024-08-23,XBI,15,100.14919378963195,1.0,rebalance
2024-08-26,XLRE,-195,40.413033595012145,1.0,rebalance
2024-08-26,GDX,-39,38.8347676571141,1.0,rebalance
2024-08-26,DHS,-60,86.06488783744705,1.0,rebalance
2024-08-26,XBI,-43,101.53215563050362,1.0,rebalance
2024-08-26,TLT,2,89.75314821770075,1.0,rebalance
2024-08-26,TQQQ,348,34.41939165434739,1.74,rebalance
2024-08-27,TLT,-15,88.6440885842689,1.0,rebalance
2024-08-27,XLRE,-44,39.949360550754335,1.0,rebalance
2024-08-27,DHS,-90,86.04109132321207,1.0,rebalance
2024-08-27,XBI,-46,100.90529572170081,1.0,rebalance
2024-08-27,GDX,26,38.19482497524178,1.0,rebalance
2024-08-27,TQQQ,1112,33.1752570297278,5.5600000000000005,rebalance
2024-08-28,DHS,-6141,85.75190270374915,30.705000000000002,rebalance
2024-08-28,TQQQ,-224,33.69262135029125,1.12,rebalance
2024-08-28,TLT,505,89.13474404599735,2.525,rebalance
2024-08-28,XLRE,1074,40.30053502494189,5.37,rebalance
2024-08-28,GDX,1327,38.008367688774555,6.635,rebalance
2024-08-28,IGV,6704,85.95247677294806,33.52,rebalance
2024-08-28,XBI,518,100.13925376730214,2.59,rebalance
2024-08-29,XLRE,-22,40.08846073448669,1.0,rebalance
2024-08-29,GDX,-26,37.81434650094615,1.0,rebalance
2024-08-29,IGV,-75,86.33517879178896,1.0,rebalance
2024-08-29,XBI,-59,100.4973304418728,1.0,rebalance
2024-08-29,TQQQ,2411,33.038106177519616,12.055,rebalance
2024-08-30,GDX,-22,38.05963692925491,1.0,rebalance
2024-08-30,IGV,-7,86.86502164745544,1.0,rebalance
2024-08-30,TLT,10,88.83462312780634,1.0,rebalance
2024-08-30,XLRE,33,40.19850567682702,1.0,rebalance
2024-08-30,TQQQ,2165,33.366287147935815,10.825000000000001,rebalance
2024-08-30,XBI,12,100.78612901554403,1.0,rebalance
2024-09-03,TLT,-53,88.99643041035812,1.0,rebalance
2024-09-03,XLRE,-67,40.12555255930632,1.0,rebalance
2024-09-03,IGV,-17,86.53511709014867,1.0,rebalance
2024-09-03,XBI,-25,100.59683585930388,1.0,rebalance
2024-09-03,GDX,211,37.30178181101357,1.055,rebalance
2024-09-03,TQQQ,5165,32.94504458705391,25.825,rebalance
2024-09-04,TLT,-269,89.28833731973288,1.345,rebalance
2024-09-04,XLRE,-703,40.570676260757445,3.515,rebalance
2024-09-04,GDX,-147,36.195412704082756,1.0,rebalance
2024-09-04,IGV,-57,83.89587903788636,1.0,rebalance
2024-09-04,XBI,-65,97.80082709338586,1.0,rebalance
2024-09-04,TQQQ,12406,29.898385965587142,62.03,rebalance
2024-09-05,TLT,-6153,90.62018265859852,30.765,rebalance
2024-09-05,IGV,-6548,84.17579840051596,32.74,rebalance
2024-09-05,XBI,-5617,98.18887568945398,28.085,rebalance
2024-09-05,XLRE,3974,40.88486880332062,19.87,rebalance
2024-09-05,XLF,16228,44.125127487018105,81.14,rebalance
2024-09-05,XLU,19718,36.315404435807714,98.59,rebalance
2024-09-05,GDX,4198,36.95830314628141,20.990000000000002,rebalance
2024-09-05,DHS,8264,86.64606093722338,41.32,rebalance
2024-09-05,TQQQ,554,29.947366809131978,2.77,rebalance
2024-09-06,XLRE,105,40.49531060719859,1.0,rebalance
2024-09-06,XLF,190,43.45803346035049,1.0,rebalance
2024-09-06,XLU,83,36.03392990216396,1.0,rebalance
2024-09-06,GDX,185,36.47743446492261,1.0,rebalance
2024-09-06,DHS,50,85.81571105032369,1.0,rebalance
2024-09-06,TQQQ,471,30.177582394660746,2.355,rebalance
2024-09-09,XLRE,-412,40.45939139862279,2.06,rebalance
2024-09-09,XLF,-309,43.217351194027835,1.545,rebalance
2024-09-09,XLU,-333,35.759366993200466,1.665,rebalance
2024-09-09,GDX,-179,35.92068393447429,1.0,rebalance
2024-09-09,DHS,-118,84.94037511275823,1.0,rebalance
2024-09-09,TQQQ,2591,28.68854138532715,12.955,rebalance
2024-09-10,XLRE,-49,41.11780246618903,1.0,rebalance
2024-09-10,TQQQ,-940,29.275361387894563,4.7,rebalance
2024-09-10,XLF,74,43.60304969298419,1.0,rebalance
2024-09-10,XLU,112,36.03861861070974,1.0,rebalance
2024-09-10,GDX,179,36.07507416012189,1.0,rebalance
2024-09-10,DHS,49,85.5824929746109,1.0,rebalance
2024-09-11,TQQQ,-1450,29.96096792122789,7.25,rebalance
2024-09-11,XLRE,55,41.302249419231984,1.0,rebalance
2024-09-11,XLF,409,42.848942126443475,2.045,rebalance
2024-09-11,XLU,88,36.14651668012276,1.0,rebalance
2024-09-11,GDX,72,36.212467664219126,1.0,rebalance
2024-09-11,DHS,138,84.80808451072875,1.0,rebalance
2024-09-12,TQQQ,-1672,31.650492703579577,8.36,rebalance
2024-09-12,XLRE,742,41.626881944397674,3.71,rebalance
2024-09-12,XLF,835,42.88761402857998,4.175,rebalance
2024-09-12,XLU,903,36.33417275733948,4.515,rebalance
2024-09-12,GDX,379,37.35085527918169,1.895,rebalance
2024-09-12,DHS,436,84.75212236603231,2.18,rebalance
2024-09-13,GDX,-547,39.050621551215144,2.735,rebalance
2024-09-13,TQQQ,-496,32.39486929681546,2.48,rebalance
2024-09-13,XLRE,210,41.84948071837644,1.05,rebalance
2024-09-13,XLF,238,43.03263077468872,1.19,rebalance
2024-09-13,XLU,281,36.456143707888195,1.405,rebalance
2024-09-13,DHS,95,85.27457536738507,1.0,rebalance
2024-09-16,XLU,-148,36.95541649293615,1.0,rebalance
2024-09-16,DHS,-45,86.27428900585551,1.0,rebalance
2024-09-16,XLF,42,43.2163278792903,1.0,rebalance
2024-09-16,GDX,30,39.2547066655548,1.0,rebalance
2024-09-16,TQQQ,197,32.533600742196754,1.0,rebalance
2024-09-17,XLF,-28,43.68133361044759,1.0,rebalance
2024-09-17,TQQQ,-763,33.15393089505355,3.815,rebalance
2024-09-17,XLRE,185,42.09064278864459,1.0,rebalance
2024-09-17,XLU,89,37.145771866718626,1.0,rebalance
2024-09-17,GDX,330,38.960297038050676,1.6500000000000001,rebalance
2024-09-17,DHS,29,86.79535802529733,1.0,rebalance
2024-09-18,XLF,-146,43.83598531894121,1.0,rebalance
2024-09-18,XLU,-35,37.02577298363999,1.0,rebalance
2024-09-18,GDX,-122,39.01137234564941,1.0,rebalance
2024-09-18,DHS,-33,86.70337558068931,1.0,rebalance
2024-09-18,XLRE,43,41.79383678146396,1.0,rebalance
2024-09-18,TQQQ,413,32.827484364172236,2.065,rebalance
2024-09-19,TQQQ,-2018,34.42719842080861,10.09,rebalance
2024-09-19,XLRE,325,41.96079039815974,1.625,rebalance
2024-09-19,XLF,263,44.134799500939025,1.315,rebalance
2024-09-19,XLU,652,36.68601528580859,3.2600000000000002,rebalance
2024-09-19,GDX,257,39.35283922236084,1.285,rebalance
2024-09-19,DHS,116,87.45774268468487,1.0,rebalance
2024-09-20,XLU,-245,37.053910980540095,1.225,rebalance
2024-09-20,GDX,-175,39.6393236918229,1.0,rebalance
2024-09-20,XLRE,285,41.27442748611879,1.425,rebalance
2024-09-20,DHS,27,87.07524483362948,1.0,rebalance
2024-09-20,TQQQ,56,34.36061093266877,1.0,rebalance
2024-09-23,XLRE,-76,41.73284382132355,1.0,rebalance
2024-09-23,XLU,-264,37.791387978051496,1.32,rebalance
2024-09-23,XLF,102,44.13961635935758,1.0,rebalance
2024-09-23,GDX,73,39.78464781521664,1.0,rebalance
2024-09-23,DHS,50,87.21520037519406,1.0,rebalance
2024-09-23,TQQQ,38,34.59082472698795,1.0,rebalance
2024-09-24,GDX,-15,39.97292620418074,1.0,rebalance
2024-09-24,DHS,-7,87.63616266261171,1.0,rebalance
2024-09-24,TQQQ,-394,34.90711729262297,1.97,rebalance
2024-09-24,XLRE,94,41.70383327706602,1.0,rebalance
2024-09-24,XLF,149,43.95525136969846,1.0,rebalance
2024-09-24,XLU,121,37.72809756826331,1.0,rebalance
2024-09-25,XLRE,-76,41.97564856354096,1.0,rebalance
2024-09-25,XLU,-24,37.871664878289,1.0,rebalance
2024-09-25,GDX,-217,40.52237981826134,1.085,rebalance
2024-09-25,XLF,136,43.74178479060255,1.0,rebalance
2024-09-25,DHS,37,87.51406528585294,1.0,rebalance
2024-09-25,TQQQ,105,34.95774786195832,1.0,rebalance
2024-09-26,XLF,-18183,43.57781320935043,90.915,rebalance
2024-09-26,TQQQ,-2418,36.80785254451888,12.09,rebalance
2024-09-26,XLRE,482,41.74120401157513,2.41,rebalance
2024-09-26,XLU,455,37.79895128184288,2.275,rebalance
2024-09-26,GDX,228,40.84451984977189,1.1400000000000001,rebalance
2024-09-26,XLI,6165,131.52598536021196,30.825,rebalance
2024-09-26,DHS,274,86.58713308069375,1.37,rebalance
2024-09-27,XLRE,-75,41.59278165317175,1.0,rebalance
2024-09-27,XLU,-136,37.758334505512536,1.0,rebalance
2024-09-27,GDX,-33,40.610687078693246,1.0,rebalance
2024-09-27,XLI,-43,131.48995227895668,1.0,rebalance
2024-09-27,DHS,-135,87.23446251521692,1.0,rebalance
2024-09-27,TQQQ,748,36.17640565263606,3.74,rebalance
2024-09-30,XLRE,-128,41.209908442785924,1.0,rebalance
2024-09-30,XLU,-497,38.05110792058752,2.485,rebalance
2024-09-30,XLI,-87,131.27574959973117,1.0,rebalance
2024-09-30,DHS,-154,87.31868609654833,1.0,rebalance
2024-09-30,GDX,315,39.35283923027389,1.575,rebalance
2024-09-30,TQQQ,1044,35.11499578046796,5.22,rebalance
2024-10-01,XLRE,-134,41.83557349429447,1.0,rebalance
2024-10-01,TQQQ,-249,35.510836764669,1.245,rebalance
2024-10-01,XLU,139,38.110670626690975,1.0,rebalance
2024-10-01,GDX,57,39.558930660418646,1.0,rebalance
2024-10-01,XLI,24,131.82784776077077,1.0,rebalance
2024-10-01,DHS,41,87.63574956090213,1.0,rebalance
2024-10-02,XLRE,-14,41.04181786070086,1.0,rebalance
2024-10-02,XLU,-468,38.206936638476925,2.34,rebalance
2024-10-02,GDX,-490,39.73744158456217,2.45,rebalance
2024-10-02,XLI,-114,131.6944098083496,1.0,rebalance
2024-10-02,DHS,-168,87.51526170940353,1.0,rebalance
2024-10-02,TQQQ,1998,33.91108725763431,9.99,rebalance
2024-10-03,XLRE,-103,41.18188896942117,1.0,rebalance
2024-10-03,XLU,-293,38.68386710709993,1.465,rebalance
2024-10-03,GDX,-19702,39.099678086286545,98.51,rebalance
2024-10-03,DHS,-17,87.50590845771008,1.0,rebalance
2024-10-03,LIT,17776,43.96049726231218,88.88,rebalance
2024-10-03,XLI,4,131.34094736156345,1.0,rebalance
2024-10-03,TQQQ,155,33.773489901491864,1.0,rebalance
2024-10-04,TQQQ,-2115,35.373274048228545,10.575000000000001,rebalance
2024-10-04,XLRE,593,40.685762651641305,2.965,rebalance
2024-10-04,LIT,65,44.62147864207365,1.0,rebalance
2024-10-04,XLU,678,38.13428558913607,3.39,rebalance
2024-10-04,XLI,78,132.08105400318402,1.0,rebalance
2024-10-04,DHS,131,87.860451619463,1.0,rebalance
2024-10-07,LIT,-800,46.683885916239056,4.0,rebalance
2024-10-07,XLU,-87,38.2683210457012,1.0,rebalance
2024-10-07,DHS,-28,88.08627326260998,1.0,rebalance
2024-10-07,XLRE,135,40.38687793855628,1.0,rebalance
2024-10-07,XLI,32,131.3117322653544,1.0,rebalance
2024-10-07,TQQQ,962,34.913532932324564,4.8100000000000005,rebalance
2024-10-08,XLRE,-162,40.509532510429864,1.0,rebalance
2024-10-08,XLI,-68,132.1228082930292,1.0,rebalance
2024-10-08,DHS,-4,87.67440297989185,1.0,rebalance
2024-10-08,LIT,142,46.071699879484086,1.0,rebalance
2024-10-08,XLU,218,37.685591676127245,1.09,rebalance
2024-10-08,TQQQ,32,34.72188295379298,1.0,rebalance
2024-10-09,TQQQ,-1562,35.62874420623111,7.8100000000000005,rebalance
2024-10-09,XLRE,164,40.38687492025057,1.0,rebalance
2024-10-09,LIT,595,44.75959098302126,2.975,rebalance
2024-10-09,XLU,250,37.43526643931177,1.25,rebalance
2024-10-09,XLI,40,131.94473389165827,1.0,rebalance
2024-10-09,DHS,88,87.2893487489313,1.0,rebalance
2024-10-10,DHS,-24,87.96458202566832,1.0,rebalance
2024-10-10,TQQQ,-434,36.02178230516484,2.17,rebalance
2024-10-10,XLRE,161,40.2654527625304,1.0,rebalance
2024-10-10,LIT,72,44.80891955727942,1.0,rebalance
2024-10-10,XLU,212,37.25578976609745,1.06,rebalance
2024-10-10,XLI,1,132.58745519816327,1.0,rebalance
2024-10-11,XLRE,-129,40.36012423365894,1.0,rebalance
2024-10-11,XLI,-38,132.89199701238746,1.0,rebalance
2024-10-11,DHS,-42,88.01139436117508,1.0,rebalance
2024-10-11,TQQQ,-148,35.94809140323337,1.0,rebalance
2024-10-11,LIT,386,43.6842565543931,1.93,rebalance
2024-10-11,XLU,67,36.9818496957563,1.0,rebalance
2024-10-14,TQQQ,-1048,37.06333049598235,5.24,rebalance
2024-10-14,XLRE,276,40.461599110961835,1.3800000000000001,rebalance
2024-10-14,LIT,362,43.536277318776555,1.81,rebalance
2024-10-14,XLU,63,37.487225555621364,1.0,rebalance
2024-10-14,XLI,13,134.76883520028503,1.0,rebalance
2024-10-14,DHS,86,88.61886678759579,1.0,rebalance
2024-10-15,XLRE,-116,41.013799849744515,1.0,rebalance
2024-10-15,XLU,-161,38.06054265557225,1.0,rebalance
2024-10-15,TQQQ,-298,37.510408872541326,1.49,rebalance
2024-10-15,LIT,471,42.796369031075876,2.355,rebalance
2024-10-15,XLI,4,135.75242153799974,1.0,rebalance
2024-10-15,DHS,16,89.16190842691101,1.0,rebalance
2024-10-16,XLRE,-540,41.44336639563282,2.7,rebalance
2024-10-16,LIT,-6,42.07763963017115,1.0,rebalance
2024-10-16,XLU,-469,38.25416004874588,2.345,rebalance
2024-10-16,XLI,-58,134.7516151688027,1.0,rebalance
2024-10-16,DHS,-180,89.40618984408802,1.0,rebalance
2024-10-16,TQQQ,1794,35.98967012963569,8.97,rebalance
2024-10-17,LIT,-19063,41.68309718445806,95.315,rebalance
2024-10-17,XLU,-45,38.94831722828012,1.0,rebalance
2024-10-17,DHS,-8972,90.03336306141352,44.86,rebalance
2024-10-17,TQQQ,-1144,37.13210276866057,5.72,rebalance
2024-10-17,XLRE,216,41.64780122715594,1.08,rebalance
2024-10-17,XLF,17618,46.2645956729182,88.09,rebalance
2024-10-17,GDX,20081,40.5893640041237,100.405,rebalance
2024-10-17,XLI,52,135.62583684720792,1.0,rebalance
2024-10-18,XLRE,-89,41.574103667335024,1.0,rebalance
2024-10-18,XLF,-81,46.18744339885752,1.0,rebalance
2024-10-18,GDX,-426,41.209198830077035,2.13,rebalance
2024-10-18,XLI,-29,135.54029697729035,1.0,rebalance
2024-10-18,XLU,144,38.450734236536384,1.0,rebalance
2024-10-18,TQQQ,641,36.589170399246754,3.205,rebalance
2024-10-21,XLU,-109,38.78776077511086,1.0,rebalance
2024-10-21,GDX,-717,42.92624763909346,3.585,rebalance
2024-10-21,XLRE,89,41.54505803689646,1.0,rebalance
2024-10-21,XLF,89,46.12875724118239,1.0,rebalance
2024-10-21,XLI,19,135.60636370802047,1.0,rebalance
2024-10-21,TQQQ,674,36.39261705506523,3.37,rebalance
2024-10-22,GDX,-49,42.70057781037117,1.0,rebalance
2024-10-22,TQQQ,-333,36.26251225045372,1.665,rebalance
2024-10-22,XLRE,179,40.84454371927258,1.0,rebalance
2024-10-22,XLF,62,45.604783968984044,1.0,rebalance
2024-10-22,XLU,106,38.29486944990658,1.0,rebalance
2024-10-23,XLF,-6,45.692677168184325,1.0,rebalance
2024-10-23,XLU,-46,38.438322267143775,1.0,rebalance
2024-10-23,TQQQ,-234,36.4393748143317,1.17,rebalance
2024-10-23,XLRE,11,40.89124501327391,1.0,rebalance
2024-10-23,GDX,40,42.68949333346355,1.0,rebalance
2024-10-23,XLI,63,133.3762890137083,1.0,rebalance
2024-10-24,XLRE,-19761,41.42469490944478,98.805,rebalance
2024-10-24,XLF,-17682,45.71207734907728,88.41,rebalance
2024-10-24,XLU,-225,38.78303816815625,1.125,rebalance
2024-10-24,GDX,-21,42.651520865959384,1.0,rebalance
2024-10-24,XLI,-6058,132.89199046078213,30.29,rebalance
2024-10-24,XLK,7113,113.38597163744569,35.565,rebalance
2024-10-24,LIT,19107,42.21430686255562,95.535,rebalance
2024-10-24,SLV,25858,31.193119534111023,129.29,rebalance
2024-10-24,TQQQ,594,36.07812573732626,2.97,rebalance
2024-10-25,XLK,-6,113.87733597377024,1.0,rebalance
2024-10-25,LIT,-399,43.26125297484865,1.995,rebalance
2024-10-25,TQQQ,-994,36.699770361962,4.97,rebalance
2024-10-25,SLV,609,30.583057923698426,3.045,rebalance
2024-10-25,XLU,106,38.729395915245945,1.0,rebalance
2024-10-25,GDX,770,41.12911814217974,3.85,rebalance
2024-10-28,XLK,-3,114.63849786603778,1.0,rebalance
2024-10-28,TQQQ,-990,37.43180264185999,4.95,rebalance
2024-10-28,SLV,52,30.713070084381105,1.0,rebalance
2024-10-28,LIT,63,43.388296890260484,1.0,rebalance
2024-10-28,XLU,439,38.16734585735107,2.195,rebalance
2024-10-28,GDX,402,40.55992677421521,2.0100000000000002,rebalance
2024-10-29,SLV,-513,31.166883076286314,2.565,rebalance
2024-10-29,LIT,-159,43.54730111924943,1.0,rebalance
2024-10-29,GDX,-318,41.012962296122346,1.59,rebalance
2024-10-29,XLK,5,114.02864633854497,1.0,rebalance
2024-10-29,XLU,86,37.836733419218895,1.0,rebalance
2024-10-29,TQQQ,872,36.820127947453415,4.36,rebalance
2024-10-30,TQQQ,-1207,37.60867252326173,6.035,rebalance
2024-10-30,XLK,17,114.29063588721971,1.0,rebalance
2024-10-30,SLV,489,30.743073771095276,2.445,rebalance
2024-10-30,LIT,425,42.786504410653,2.125,rebalance
2024-10-30,XLU,243,37.59112439124718,1.215,rebalance
2024-10-30,GDX,23,41.16837174545414,1.0,rebalance
2024-10-31,XLK,-7126,112.24134647727702,35.63,rebalance
2024-10-31,SLV,-306,30.336966152572632,1.53,rebalance
2024-10-31,LIT,-439,42.71876783177858,2.195,rebalance
2024-10-31,XLU,-21668,37.44194249720455,108.34,rebalance
2024-10-31,GDX,46,40.06924184472722,1.0,rebalance
2024-10-31,BITO,74818,10.620864009871262,374.09000000000003,rebalance
2024-10-31,IGV,8584,92.56190432089839,42.92,rebalance
2024-10-31,TQQQ,1324,36.024074870417415,6.62,rebalance
2024-11-01,SLV,-377,30.056993465995788,1.885,rebalance
2024-11-01,LIT,-598,43.10343894819175,2.99,rebalance
2024-11-01,GDX,-302,39.72763056862819,1.51,rebalance
2024-11-01,IGV,-106,91.51368777161515,1.0,rebalance
2024-11-01,BITO,353,10.322809133218106,1.7650000000000001,rebalance
2024-11-01,TQQQ,1602,34.436867843902185,8.01,rebalance
2024-11-04,LIT,-97,43.320433500073094,1.0,rebalance
2024-11-04,IGV,-32,91.83359361565886,1.0,rebalance
2024-11-04,TQQQ,-616,34.70511098071388,3.08,rebalance
2024-11-04,SLV,216,29.802979236984253,1.08,rebalance
2024-11-04,BITO,1807,10.077156118411091,9.035,rebalance
2024-11-04,GDX,97,39.5196768132103,1.0,rebalance
2024-11-05,LIT,-277,44.37583056233636,1.385,rebalance
2024-11-05,BITO,-261,10.19521399495336,1.305,rebalance
2024-11-05,IGV,-32,92.9632702989986,1.0,rebalance
2024-11-05,SLV,89,29.952995763015746,1.0,rebalance
2024-11-05,GDX,120,39.61781251068672,1.0,rebalance
2024-11-05,TQQQ,301,34.86438037488577,1.5050000000000001,rebalance
2024-11-06,BITO,-3228,10.942934295241685,16.14,rebalance
2024-11-06,IGV,-75,96.44227032140809,1.0,rebalance
2024-11-06,TQQQ,-3618,37.662709517227164,18.09,rebalance
2024-11-06,SLV,2412,28.192819534111024,12.06,rebalance
2024-11-06,LIT,1095,42.96407897168019,5.4750000000000005,rebalance
2024-11-06,GDX,1700,37.498059163278874,8.5,rebalance
2024-11-07,SLV,-28529,28.917108076286315,142.645,rebalance
2024-11-07,GDX,-21446,38.26568425668546,107.23,rebalance
2024-11-07,TQQQ,-1031,39.38224169491868,5.155,rebalance
2024-11-07,XLY,8032,103.18720863661083,40.160000000000004,rebalance
2024-11-07,LIT,117,43.999951731785984,1.0,rebalance
2024-11-07,BITO,1530,11.048843508830393,7.65,rebalance
2024-11-07,IGV,68,98.59137312340297,1.0,rebalance
2024-11-07,REMX,17631,46.97653927574044,88.155,rebalance
2024-11-08,BITO,-221,11.226740248211488,1.105,rebalance
2024-11-08,IGV,-13,100.04123954610301,1.0,rebalance
2024-11-08,TQQQ,-848,40.39431581328519,4.24,rebalance
2024-11-08,XLY,21,104.2936817623568,1.0,rebalance
2024-11-08,LIT,397,43.66452736608768,1.985,rebalance
2024-11-08,REMX,397,46.58379180352476,1.985,rebalance
2024-11-11,XLY,-38,107.42932181006772,1.0,rebalance
2024-11-11,LIT,-402,45.71726495783321,2.0100000000000002,rebalance
2024-11-11,BITO,-3386,12.056331211150459,16.93,rebalance
2024-11-11,IGV,18,102.36104969338422,1.0,rebalance
2024-11-11,REMX,618,46.18145937522798,3.09,rebalance
2024-11-11,TQQQ,803,40.94784152285127,4.015,rebalance
2024-11-12,BITO,-3258,12.694895478542549,16.29,rebalance
2024-11-12,REMX,-65,46.564895366439586,1.0,rebalance
2024-11-12,XLY,24,107.64751161841633,1.0,rebalance
2024-11-12,LIT,2,45.94345228922545,1.0,rebalance
2024-11-12,IGV,2,102.84099804348664,1.0,rebalance
2024-11-12,TQQQ,1021,40.55963992163034,5.105,rebalance
2024-11-13,LIT,-3,46.052617228289016,1.0,rebalance
2024-11-13,BITO,-2628,13.235219790428005,13.14,rebalance
2024-11-13,IGV,-99,104.30001063334787,1.0,rebalance
2024-11-13,XLY,52,107.2000227554618,1.0,rebalance
2024-11-13,REMX,197,46.191040800899216,1.0,rebalance
2024-11-13,TQQQ,760,40.22548887046692,3.8000000000000003,rebalance
2024-11-14,XLY,-41,107.1933440117525,1.0,rebalance
2024-11-14,BITO,-1233,13.420787543973791,6.165,rebalance
2024-11-14,IGV,-26,104.10006612436159,1.0,rebalance
2024-11-14,TQQQ,-126,40.084791449407014,1.0,rebalance
2024-11-14,LIT,347,44.996368563430124,1.735,rebalance
2024-11-14,REMX,290,45.25227678054528,1.45,rebalance
2024-11-15,XLY,-148,105.25123823876388,1.0,rebalance
2024-11-15,BITO,-933,13.126062204776048,4.665,rebalance
2024-11-15,IGV,-137,102.03066007772638,1.0,rebalance
2024-11-15,REMX,-272,44.247187233023844,1.36,rebalance
2024-11-15,LIT,133,43.07259963741778,1.0,rebalance
2024-11-15,TQQQ,1267,37.969991176364665,6.335,rebalance
2024-11-18,XLY,-162,106.20507343029523,1.0,rebalance
2024-11-18,LIT,-359,43.36975443651802,1.795,rebalance
2024-11-18,BITO,-1486,13.284339885188194,7.43,rebalance
2024-11-18,IGV,-44,101.38085114524226,1.0,rebalance
2024-11-18,REMX,124,43.451382294760215,1.0,rebalance
2024-11-18,TQQQ,1400,36.82012580963787,7.0,rebalance
2024-11-19,LIT,-388,44.2969226205381,1.94,rebalance
2024-11-19,BITO,-847,13.475365025939533,4.235,rebalance
2024-11-19,REMX,-168,43.85451736756505,1.0,rebalance
2024-11-19,XLY,97,104.95264296686942,1.0,rebalance
2024-11-19,IGV,103,100.16123537792089,1.0,rebalance
2024-11-19,TQQQ,422,36.63340444590364,2.11,rebalance
2024-11-20,BITO,-542,13.911992558063904,2.71,rebalance
2024-11-20,IGV,-58,103.21032551574108,1.0,rebalance
2024-11-20,TQQQ,-841,37.90344132655443,4.205,rebalance
2024-11-20,XLY,125,105.69521070914054,1.0,rebalance
2024-11-20,LIT,367,44.45376892387019,1.835,rebalance
2024-11-20,REMX,360,44.03571731758887,1.8,rebalance
2024-11-21,BITO,-865,14.299495579189541,4.325,rebalance
2024-11-21,REMX,-19112,44.084368228301116,95.56,rebalance
2024-11-21,TQQQ,-363,38.591257286472754,1.815,rebalance
2024-11-21,XLY,92,105.86242120281378,1.0,rebalance
2024-11-21,LIT,148,44.69053519330222,1.0,rebalance
2024-11-21,XLC,8971,95.01477530491347,44.855000000000004,rebalance
2024-11-22,XLY,-64,106.01331290324214,1.0,rebalance
2024-11-22,BITO,-566,14.343157650441544,2.83,rebalance
2024-11-22,IGV,-67,104.75988358826257,1.0,rebalance
2024-11-22,XLC,-4,94.4587304232142,1.0,rebalance
2024-11-22,LIT,182,43.980229765135235,1.0,rebalance
2024-11-22,TQQQ,376,38.15181004660035,1.8800000000000001,rebalance
2024-11-25,XLY,-13,108.51100824226663,1.0,rebalance
2024-11-25,LIT,-14,44.96763921422751,1.0,rebalance
2024-11-25,IGV,-24,107.36913297120807,1.0,rebalance
2024-11-25,TQQQ,-757,39.38224647071819,3.785,rebalance
2024-11-25,BITO,1519,14.291435998698232,7.595,rebalance
2024-11-25,XLC,133,95.09289581849698,1.0,rebalance
2024-11-26,XLY,-107,108.27499914690746,1.0,rebalance
2024-11-26,IGV,-1,105.70960510812687,1.0,rebalance
2024-11-26,TQQQ,-343,38.95481099828,1.715,rebalance
2024-11-26,XLC,-142,95.12269640155704,1.0,rebalance
2024-11-26,LIT,126,43.99008655012993,1.0,rebalance
2024-11-26,BITO,2446,13.521733531443955,12.23,rebalance
2024-11-27,XLY,-14,108.92400045273874,1.0,rebalance
2024-11-27,BITO,-1391,13.884701803406504,6.955,rebalance
2024-11-27,XLC,-11,95.64020594006078,1.0,rebalance
2024-11-27,LIT,120,43.90130098254723,1.0,rebalance
2024-11-27,IGV,45,105.58075737212734,1.0,rebalance
2024-11-27,TQQQ,304,38.96260607959998,1.52,rebalance
2024-11-29,LIT,-42,43.80375245787574,1.0,rebalance
2024-11-29,BITO,-2043,14.299494082028147,10.215,rebalance
2024-11-29,XLC,-28,95.53279446622803,1.0,rebalance
2024-11-29,XLY,2,108.44909715563834,1.0,rebalance
2024-11-29,IGV,38,104.64084712321745,1.0,rebalance
2024-11-29,TQQQ,769,38.39258480741977,3.845,rebalance
2024-12-02,XLY,-13,110.06957917232943,1.0,rebalance
2024-12-02,TQQQ,-1193,39.53946043879771,5.965,rebalance
2024-12-02,LIT,193,43.960490893272365,1.0,rebalance
2024-12-02,BITO,1826,14.063029572028602,9.13,rebalance
2024-12-02,IGV,81,104.99081847243312,1.0,rebalance
2024-12-02,XLC,61,96.16716857223457,1.0,rebalance
2024-12-03,TQQQ,-840,40.187971546070415,4.2,rebalance
2024-12-03,XLC,-31,96.94861106392031,1.0,rebalance
2024-12-03,XLY,38,110.05717885674456,1.0,rebalance
2024-12-03,LIT,39,44.078876617335446,1.0,rebalance
2024-12-03,BITO,1532,13.78494543028922,7.66,rebalance
2024-12-03,IGV,93,104.30087151379529,1.0,rebalance
2024-12-04,IGV,-127,108.10891425175886,1.0,rebalance
2024-12-04,TQQQ,-1165,41.6962433870327,5.825,rebalance
2024-12-04,XLY,137,110.42599779573486,1.0,rebalance
2024-12-04,LIT,774,43.289645205538044,3.87,rebalance
2024-12-04,BITO,136,14.040321974218314,1.0,rebalance
2024-12-04,XLC,121,97.64186828866286,1.0,rebalance
2024-12-05,BITO,-3346,15.064514734744394,16.73,rebalance
2024-12-05,TQQQ,-3,42.374229830741655,1.0,rebalance
2024-12-05,XLY,64,111.32100450767517,1.0,rebalance
2024-12-05,LIT,669,42.599060181521196,3.345,rebalance
2024-12-05,IGV,47,109.25044540450524,1.0,rebalance
2024-12-05,XLC,98,98.15947297006896,1.0,rebalance
2024-12-06,XLY,-149,113.01465307875628,1.0,rebalance
2024-12-06,LIT,-365,43.1922156748549,1.825,rebalance
2024-12-06,IGV,-36,109.33856538603234,1.0,rebalance
2024-12-06,BITO,2025,14.522715443232862,10.125,rebalance
2024-12-06,TQQQ,140,42.15175263248992,1.0,rebalance
2024-12-06,XLC,14,97.66139626083323,1.0,rebalance
2024-12-09,XLY,-31,115.1190082877943,1.0,rebalance
2024-12-09,LIT,-308,44.48432837387202,1.54,rebalance
2024-12-09,TQQQ,-173,42.86552272266831,1.0,rebalance
2024-12-09,BITO,1101,14.47731328148106,5.505,rebalance
2024-12-09,IGV,27,110.58032198862124,1.0,rebalance
2024-12-09,XLC,58,98.48174201807471,1.0,rebalance
2024-12-10,XLY,-39,114.1160144818246,1.0,rebalance
2024-12-10,BITO,-196,14.321217869547484,1.0,rebalance
2024-12-10,TQQQ,-159,42.3742306201986,1.0,rebalance
2024-12-10,XLC,-27,97.41728008579331,1.0,rebalance
2024-12-10,LIT,23,43.832242433818315,1.0,rebalance
2024-12-10,IGV,146,107.15062695368194,1.0,rebalance
2024-12-11,XLY,-41,115.23209221925845,1.0,rebalance
2024-12-11,BITO,-83,14.40632865102975,1.0,rebalance
2024-12-11,TQQQ,-189,42.68374701038137,1.0,rebalance
2024-12-11,XLC,-31,98.18865182403043,1.0,rebalance
2024-12-11,LIT,272,43.45735252917998,1.36,rebalance
2024-12-11,IGV,48,107.04064011099331,1.0,rebalance
2024-12-12,BITO,-934,14.809181956778845,4.67,rebalance
2024-12-12,TQQQ,-123,43.29786216992631,1.0,rebalance
2024-12-12,XLC,-29,99.74116004283023,1.0,rebalance
2024-12-12,XLY,30,116.25342467978459,1.0,rebalance
2024-12-12,LIT,143,43.703988504012315,1.0,rebalance
2024-12-12,IGV,115,106.9406440397397,1.0,rebalance
2024-12-13,TQQQ,-886,43.93162868991504,4.43,rebalance
2024-12-13,XLY,78,115.31415571542581,1.0,rebalance
2024-12-13,LIT,253,43.26004095180574,1.2650000000000001,rebalance
2024-12-13,BITO,733,14.664592471218606,3.665,rebalance
2024-12-13,IGV,16,106.93064629841066,1.0,rebalance
2024-12-13,XLC,64,99.24351192733037,1.0,rebalance
2024-12-16,XLY,-5,116.38260837690606,1.0,rebalance
2024-12-16,BITO,-1757,15.217714320497446,8.785,rebalance
2024-12-16,TQQQ,-402,44.57032297212489,2.0100000000000002,rebalance
2024-12-16,LIT,490,42.64838678008625,2.45,rebalance
2024-12-16,IGV,156,105.93073388229782,1.0,rebalance
2024-12-16,XLC,81,99.23374706842954,1.0,rebalance
2024-12-17,XLY,-2,117.88218269688986,1.0,rebalance
2024-12-17,BITO,-1247,15.734049718487494,6.235,rebalance
2024-12-17,TQQQ,-344,45.36130812921828,1.72,rebalance
2024-12-17,LIT,309,42.57932426699852,1.545,rebalance
2024-12-17,IGV,62,106.51067860733785,1.0,rebalance
2024-12-17,XLC,158,98.81380793317895,1.0,rebalance
2024-12-18,LIT,-198,42.56095107443065,1.0,rebalance
2024-12-18,IGV,-30,105.87956131052846,1.0,rebalance
2024-12-18,TQQQ,-134,45.02722597073225,1.0,rebalance
2024-12-18,XLC,-28,98.1691240726344,1.0,rebalance
2024-12-18,BITO,1341,15.24345851964224,6.705,rebalance
2024-12-19,XLY,-175,113.94883942020955,1.0,rebalance
2024-12-19,LIT,-461,41.48583194841035,2.305,rebalance
2024-12-19,BITO,-1522,14.91699248204438,7.61,rebalance
2024-12-19,IGV,-170,103.02037953460811,1.0,rebalance
2024-12-19,XLC,-280,96.52874779357155,1.4000000000000001,rebalance
2024-12-19,TQQQ,2566,41.40973655017613,12.83,rebalance
2024-12-20,XLY,-146,111.13650658753791,1.0,rebalance
2024-12-20,LIT,-21285,41.10115539947077,106.425,rebalance
2024-12-20,IGV,-155,100.39113348080238,1.0,rebalance
2024-12-20,XLC,-201,94.44897398626495,1.0050000000000001,rebalance
2024-12-20,XLF,18260,46.28400826108636,91.3,rebalance
2024-12-20,BITO,1814,13.85304692155777,9.07,rebalance
2024-12-20,TQQQ,1419,38.849586879316945,7.095,rebalance
2024-12-23,TQQQ,-1815,41.13484380225357,9.075000000000001,rebalance
2024-12-23,XLY,132,112.77358855161998,1.0,rebalance
2024-12-23,XLF,369,46.832197857001724,1.845,rebalance
2024-12-23,BITO,1839,13.882191391498873,9.195,rebalance
2024-12-23,IGV,23,103.37095233878755,1.0,rebalance
2024-12-23,XLC,151,95.88842581198764,1.0,rebalance
2024-12-24,TQQQ,-971,42.367169147257734,4.855,rebalance
2024-12-24,XLY,80,113.38944548402092,1.0,rebalance
2024-12-24,XLF,115,47.28044110138367,1.0,rebalance
2024-12-24,BITO,52,14.090183505334592,1.0,rebalance
2024-12-24,IGV,154,103.12097417804343,1.0,rebalance
2024-12-24,XLC,104,96.30947052512256,1.0,rebalance
2024-12-26,XLY,-51,115.253430771932,1.0,rebalance
2024-12-26,TQQQ,-648,43.19035140747962,3.24,rebalance
2024-12-26,XLF,90,47.5240607298096,1.0,rebalance
2024-12-26,BITO,1550,13.88813570097689,7.75,rebalance
2024-12-26,IGV,29,103.79092401280633,1.0,rebalance
2024-12-26,XLC,53,96.7109201767244,1.0,rebalance
2024-12-27,XLF,-154,47.59248738238524,1.0,rebalance
2024-12-27,BITO,-885,13.986361572073527,4.425,rebalance
2024-12-27,IGV,-10,103.23032169885927,1.0,rebalance
2024-12-27,XLC,-36,96.43706513713805,1.0,rebalance
2024-12-27,XLY,12,114.33050944750724,1.0,rebalance
2024-12-27,TQQQ,536,42.582714701557606,2.68,rebalance
2024-12-30,XLY,-102,111.45056408202353,1.0,rebalance
2024-12-30,XLF,-18680,47.00793938512262,93.4,rebalance
2024-12-30,IGV,-114,100.6410627692046,1.0,rebalance
2024-12-30,XLC,-213,94.97840089083036,1.065,rebalance
2024-12-30,QQQ,1673,511.21892055729995,8.365,rebalance
2024-12-30,BITO,75,13.442429185036382,1.0,rebalance
2024-12-30,TQQQ,1618,40.03375939518813,8.09,rebalance
2024-12-31,BITO,-1456,13.8734739093373,7.28,rebalance
2024-12-31,XLY,30,111.98034923650259,1.0,rebalance
2024-12-31,QQQ,10,512.5973983304215,1.0,rebalance
2024-12-31,IGV,22,101.25114422551874,1.0,rebalance
2024-12-31,TQQQ,95,40.32957741347775,1.0,rebalance
2024-12-31,XLC,56,95.21282475763152,1.0,rebalance
2025-01-02,QQQ,-3,509.9170103509999,1.0,rebalance
2025-01-02,BITO,-991,13.998248073141854,4.955,rebalance
2025-01-02,IGV,-59,101.23089478607805,1.0,rebalance
2025-01-02,XLC,-71,95.27209708913203,1.0,rebalance
2025-01-02,XLY,42,110.58107732031463,1.0,rebalance
2025-01-02,TQQQ,599,39.70836878754025,2.995,rebalance
2025-01-03,QQQ,-3,508.97508406338005,1.0,rebalance
2025-01-03,BITO,-515,14.063604177735566,2.575,rebalance
2025-01-03,XLC,-80,95.77136865952103,1.0,rebalance
2025-01-03,XLY,33,109.69420380478654,1.0,rebalance
2025-01-03,IGV,41,100.37121760718284,1.0,rebalance
2025-01-03,TQQQ,221,39.4372001920283,1.105,rebalance
2025-01-06,TQQQ,-1787,41.884097087117624,8.935,rebalance
2025-01-06,XLY,79,112.49274260671012,1.0,rebalance
2025-01-06,QQQ,24,519.6581468822092,1.0,rebalance
2025-01-06,BITO,952,14.345722927347275,4.76,rebalance
2025-01-06,IGV,134,102.3610502710626,1.0,rebalance
2025-01-06,XLC,268,96.30946740758071,1.34,rebalance
2025-01-07,BITO,-921,14.604281205232347,4.605,rebalance
2025-01-07,TQQQ,-407,42.25378933321111,2.035,rebalance
2025-01-07,XLC,-20,96.8090544444352,1.0,rebalance
2025-01-07,XLY,84,111.63545263231396,1.0,rebalance
2025-01-07,IGV,89,101.6111145121147,1.0,rebalance
2025-01-08,XLY,-175,109.50479653953684,1.0,rebalance
2025-01-08,QQQ,-35,510.69039441866676,1.0,rebalance
2025-01-08,IGV,-108,98.70162746245168,1.0,rebalance
2025-01-08,TQQQ,-387,39.710280738802396,1.935,rebalance
2025-01-08,XLC,-235,95.32104871414683,1.175,rebalance
2025-01-08,BITO,971,13.793051709946145,4.855,rebalance
2025-01-10,XLY,-91,109.43583880528742,1.0,rebalance
2025-01-10,QQQ,-9,507.12109483032947,1.0,rebalance
2025-01-10,BITO,-177,13.659579524767697,1.0,rebalance
2025-01-10,IGV,-33,97.86186578528228,1.0,rebalance
2025-01-10,XLC,-53,94.70430320646359,1.0,rebalance
2025-01-10,TQQQ,829,38.850500762579465,4.1450000000000005,rebalance
2025-01-13,XLY,-177,107.94817566474835,1.0,rebalance
2025-01-13,QQQ,-27,496.92864671674477,1.0,rebalance
2025-01-13,IGV,-152,96.0023930452196,1.0,rebalance
2025-01-13,TQQQ,-1603,36.50132038943291,8.015,rebalance
2025-01-13,XLC,-181,93.16733952976436,1.0,rebalance
2025-01-13,BITO,123,13.139351546208628,1.0,rebalance
2025-01-14,BITO,-1856,13.980420986725088,9.28,rebalance
2025-01-14,XLY,62,110.51209426424384,1.0,rebalance
2025-01-14,QQQ,26,504.5052736858408,1.0,rebalance
2025-01-14,IGV,151,97.36148827797983,1.0,rebalance
2025-01-14,TQQQ,415,38.19970647638277,2.075,rebalance
2025-01-14,XLC,206,93.93991525559669,1.03,rebalance
2025-01-15,XLY,-337,111.69687282927478,1.685,rebalance
2025-01-15,QQQ,-1656,508.65777670475796,8.28,rebalance
2025-01-15,BITO,-3179,14.259672285176192,15.895,rebalance
2025-01-15,IGV,-475,99.52138583837416,2.375,rebalance
2025-01-15,TQQQ,-391,39.094125135036315,1.955,rebalance
2025-01-15,XLC,-391,94.88051159034333,1.955,rebalance
2025-01-15,USO,9808,82.2882267791748,49.04,rebalance
2025-01-16,TQQQ,-6797,40.42503110498387,33.985,rebalance
2025-01-16,USO,10,83.49834686355591,1.0,rebalance
2025-01-16,XLY,109,111.78818265644442,1.0,rebalance
2025-01-16,BITO,442,14.375439363907827,2.21,rebalance
2025-01-16,IGV,107,99.78127221366444,1.0,rebalance
2025-01-16,XLC,132,94.91906219613888,1.0,rebalance
2025-01-17,BITO,-1159,14.87164753918682,5.795,rebalance
2025-01-17,IGV,-21,101.40084466316112,1.0,rebalance
2025-01-17,TQQQ,-79,41.2531430357139,1.0,rebalance
2025-01-17,USO,252,82.52824864273072,1.26,rebalance
2025-01-17,XLY,31,112.84255207480058,1.0,rebalance
2025-01-17,XLC,41,95.76114995414508,1.0,rebalance
2025-01-21,XLY,-39,113.93326346068845,1.0,rebalance
2025-01-21,BITO,-915,15.186550326291357,4.575,rebalance
2025-01-21,TQQQ,-1600,41.62777141448543,8.0,rebalance
2025-01-21,USO,283,80.6280647468567,1.415,rebalance
2025-01-21,IGV,31,101.47112592701482,1.0,rebalance
2025-01-21,XLC,15,96.02551692376989,1.0,rebalance
2025-01-22,IGV,-73,103.70018754243428,1.0,rebalance
2025-01-22,XLC,-14,97.40622575360737,1.0,rebalance
2025-01-22,USO,121,80.7280732208252,1.0,rebalance
2025-01-22,XLY,122,113.5224811312278,1.0,rebalance
2025-01-22,BITO,1037,15.100448854849324,5.1850000000000005,rebalance
2025-01-22,TQQQ,9168,42.81442860825581,45.84,rebalance
2025-01-23,USO,-10474,80.5519415588379,52.370000000000005,rebalance
2025-01-23,TQQQ,-166,42.657990821679185,1.0,rebalance
2025-01-23,XLY,393,113.1677334818808,1.965,rebalance
2025-01-23,BITO,4073,14.773598528142989,20.365000000000002,rebalance
2025-01-23,IGV,434,103.3409612077018,2.17,rebalance
2025-01-23,BOTZ,26196,33.876611005875475,130.98,rebalance
2025-01-23,XLC,507,96.57383409707268,2.535,rebalance
2025-01-24,BITO,-681,15.21031486084191,3.4050000000000002,rebalance
2025-01-24,TQQQ,-256,43.5896279190274,1.28,rebalance
2025-01-24,XLY,81,114.04474506180566,1.0,rebalance
2025-01-24,IGV,36,104.77083023968083,1.0,rebalance
2025-01-24,BOTZ,50,34.422687576184934,1.0,rebalance
2025-01-24,XLC,69,97.61174711818329,1.0,rebalance
2025-01-27,XLY,-370,111.60326928158472,1.85,rebalance
2025-01-27,BITO,-1328,14.51515889905705,6.640000000000001,rebalance
2025-01-27,IGV,-264,100.82101312285634,1.32,rebalance
2025-01-27,BOTZ,-789,33.105481881824026,3.9450000000000003,rebalance
2025-01-27,XLC,-557,96.89717228545724,2.785,rebalance
2025-01-27,TQQQ,4374,38.24900610463447,21.87,rebalance
2025-01-28,BITO,-3,14.794408216189739,1.0,rebalance
2025-01-28,TQQQ,-464,39.22721586548562,2.32,rebalance
2025-01-28,XLC,-12,98.88444779235292,1.0,rebalance
2025-01-28,XLY,7,113.64073009532545,1.0,rebalance
2025-01-28,IGV,12,102.62101695106709,1.0,rebalance
2025-01-28,BOTZ,526,33.06246444113238,2.63,rebalance
2025-01-29,TQQQ,-1395,40.868667647595785,6.9750000000000005,rebalance
2025-01-29,XLY,128,114.20240547588477,1.0,rebalance
2025-01-29,BITO,1535,14.732001764419735,7.675,rebalance
2025-01-29,IGV,12,104.72083847986464,1.0,rebalance
2025-01-29,BOTZ,254,33.45960431770016,1.27,rebalance
2025-01-29,XLC,99,99.92254956651459,1.0,rebalance
2025-01-30,XLY,-42,115.2731280480869,1.0,rebalance
2025-01-30,BITO,-1359,15.133074697604291,6.795,rebalance
2025-01-30,TQQQ,-198,41.144706804754804,1.0,rebalance
2025-01-30,BOTZ,-26237,33.17496542338964,131.185,rebalance
2025-01-30,XLF,17478,50.42792610590851,87.39,rebalance
2025-01-30,IGV,217,102.481031338189,1.085,rebalance
2025-01-30,XLC,2,100.25546198205558,1.0,rebalance
2025-01-31,IGV,-39,103.81014909497361,1.0,rebalance
2025-01-31,TQQQ,-629,41.859445454807336,3.145,rebalance
2025-01-31,XLY,81,115.03999149436214,1.0,rebalance
2025-01-31,XLF,119,50.50588110543441,1.0,rebalance
2025-01-31,BITO,673,15.08856105999747,3.365,rebalance
2025-01-31,XLC,49,100.5785732382343,1.0,rebalance
2025-02-03,XLY,-203,111.8889840983126,1.0150000000000001,rebalance
2025-02-03,XLF,-574,49.44358164420415,2.87,rebalance
2025-02-03,IGV,-202,100.69105206278498,1.01,rebalance
2025-02-03,XLC,-333,98.99213722552975,1.665,rebalance
2025-02-03,BITO,2806,13.641325753560128,14.030000000000001,rebalance
2025-02-03,TQQQ,1707,38.71738623136832,8.535,rebalance
2025-02-04,BITO,-1186,14.274818419028291,5.93,rebalance
2025-02-04,IGV,-57,104.0800749155562,1.0,rebalance
2025-02-04,TQQQ,-259,39.882807189925984,1.295,rebalance
2025-02-04,XLY,128,112.94602983333061,1.0,rebalance
2025-02-04,XLF,257,50.0089063432923,1.285,rebalance
2025-02-04,XLC,58,100.92128026208579,1.0,rebalance
2025-02-05,TQQQ,-796,40.59261961821259,3.98,rebalance
2025-02-05,XLY,14,113.47321845976676,1.0,rebalance
2025-02-05,XLF,100,50.04788622528841,1.0,rebalance
2025-02-05,BITO,689,14.209714216183087,3.4450000000000003,rebalance
2025-02-05,IGV,32,104.37086768197867,1.0,rebalance
2025-02-05,XLC,125,100.13794501335832,1.0,rebalance
2025-02-06,XLF,-17380,50.641919205297555,86.9,rebalance
2025-02-06,IGV,-8334,105.03979692036722,41.67,rebalance
2025-02-06,TQQQ,-1191,41.879169625955534,5.955,rebalance
2025-02-06,XLY,128,113.2318002960797,1.0,rebalance
2025-02-06,IXP,8811,100.14852579549601,44.055,rebalance
2025-02-06,BITO,1185,14.14175429634737,5.925,rebalance
2025-02-06,GDX,21640,40.77794751863226,108.2,rebalance
2025-02-06,XLC,90,100.47087565693025,1.0,rebalance
2025-02-07,BITO,-280,14.355115224195385,1.4000000000000001,rebalance
2025-02-07,TQQQ,-318,42.519980538502026,1.59,rebalance
2025-02-07,XLY,128,112.59128321265801,1.0,rebalance
2025-02-07,IXP,6,101.15058180358626,1.0,rebalance
2025-02-07,XLC,24,101.3423136394886,1.0,rebalance
2025-02-10,XLY,-4,111.56386038317865,1.0,rebalance
2025-02-10,IXP,-60,100.85099374110375,1.0,rebalance
2025-02-10,GDX,-432,41.64336064724324,2.16,rebalance
2025-02-10,XLC,-93,101.43953119369296,1.0,rebalance
2025-02-10,BITO,727,14.055259828985907,3.6350000000000002,rebalance
2025-02-10,TQQQ,571,41.774147920152345,2.855,rebalance
2025-02-11,XLY,-7,110.79048039462015,1.0,rebalance
2025-02-11,GDX,-50,41.41504277328867,1.0,rebalance
2025-02-11,IXP,2,100.05216766963116,1.0,rebalance
2025-02-11,BITO,90,13.925519894194343,1.0,rebalance
2025-02-11,TQQQ,5,41.44874483949653,1.0,rebalance
2025-02-11,XLC,11,100.51982557844494,1.0,rebalance
2025-02-12,XLY,-10,109.4112047313828,1.0,rebalance
2025-02-12,IXP,-131,100.17665663972664,1.0,rebalance
2025-02-12,GDX,-107,41.05767443096294,1.0,rebalance
2025-02-12,XLC,-116,100.48013263816884,1.0,rebalance
2025-02-12,BITO,606,13.604255446528738,3.0300000000000002,rebalance
2025-02-12,TQQQ,544,40.56623402313073,2.72,rebalance
2025-02-13,XLY,-7900,110.92840838083907,39.5,rebalance
2025-02-13,BITO,-63542,13.774484423332142,317.71,rebalance
2025-02-13,TQQQ,-1309,42.381953956268546,6.545,rebalance
2025-02-13,USO,11713,75.6875683052063,58.565,rebalance
2025-02-13,IXP,157,100.9193412877518,1.0,rebalance
2025-02-13,SLV,30370,29.192919534111024,151.85,rebalance
2025-02-13,GDX,78,41.95948171397292,1.0,rebalance
2025-02-13,XLC,141,101.31293621745573,1.0,rebalance
2025-02-14,SLV,-385,30.236975771141054,1.925,rebalance
2025-02-14,TQQQ,-682,43.776943429114425,3.41,rebalance
2025-02-14,USO,127,76.58765983123779,1.0,rebalance
2025-02-14,IXP,77,102.316447169466,1.0,rebalance
2025-02-14,GDX,310,42.29706434693178,1.55,rebalance
2025-02-14,XLC,104,102.4977177732098,1.0,rebalance
2025-02-18,IXP,-37,103.24968037937626,1.0,rebalance
2025-02-18,TQQQ,-1049,44.67406445925279,5.245,rebalance
2025-02-18,XLC,-4,103.04501562229666,1.0,rebalance
2025-02-18,USO,42,76.69767144165039,1.0,rebalance
2025-02-18,SLV,779,29.62296283931732,3.895,rebalance
2025-02-18,GDX,602,41.343893754883666,3.0100000000000002,rebalance
2025-02-19,USO,-246,78.05219155883789,1.23,rebalance
2025-02-19,SLV,-233,29.747025,1.165,rebalance
2025-02-19,IXP,84,101.95994467998497,1.0,rebalance
2025-02-19,GDX,84,41.055955060932526,1.0,rebalance
2025-02-19,TQQQ,252,44.37240012527736,1.26,rebalance
2025-02-19,XLC,28,102.39001224508917,1.0,rebalance
2025-02-20,SLV,-173,29.977001542282103,1.0,rebalance
2025-02-20,GDX,-146,41.40511423640346,1.0,rebalance
2025-02-20,USO,44,77.9277901687622,1.0,rebalance
2025-02-20,IXP,24,101.8828656816284,1.0,rebalance
2025-02-20,TQQQ,100,44.39704899517068,1.0,rebalance
2025-02-20,XLC,8,102.5075039624169,1.0,rebalance
2025-02-21,SLV,-30358,30.016998457717897,151.79,rebalance
2025-02-21,IXP,-47,102.2574477926375,1.0,rebalance
2025-02-21,GDX,-196,41.712850309509214,1.0,rebalance
2025-02-21,XLC,-17,102.53596483954031,1.0,rebalance
2025-02-21,USO,167,76.70766694793701,1.0,rebalance
2025-02-21,EFA,11642,78.05805569938907,58.21,rebalance
2025-02-21,TQQQ,98,44.25899458500303,1.0,rebalance
2025-02-24,USO,-208,75.7024280845642,1.04,rebalance
2025-02-24,IXP,-180,101.20742846447138,1.0,rebalance
2025-02-24,GDX,-225,40.86905863981407,1.125,rebalance
2025-02-24,EFA,-318,77.80485287406218,1.59,rebalance
2025-02-24,XLC,-179,101.47868208167979,1.0,rebalance
2025-02-24,TQQQ,2066,41.66075293683012,10.33,rebalance
2025-02-25,USO,-242,75.59243847427368,1.21,rebalance
2025-02-25,IXP,-106,100.18629326425837,1.0,rebalance
2025-02-25,GDX,-213,40.3627874873877,1.065,rebalance
2025-02-25,EFA,-337,78.41307310301266,1.685,rebalance
2025-02-25,XLC,-158,101.06751961514935,1.0,rebalance
2025-02-25,TQQQ,2017,39.60483230318092,10.085,rebalance
2025-02-26,IXP,-65,99.22296027485804,1.0,rebalance
2025-02-26,EFA,-182,78.37506210693105,1.0,rebalance
2025-02-26,XLC,-7,99.42286270611709,1.0,rebalance
2025-02-26,USO,61,73.91739466247559,1.0,rebalance
2025-02-26,GDX,83,39.526907877726025,1.0,rebalance
2025-02-26,TQQQ,351,38.74203362432148,1.7550000000000001,rebalance
2025-02-27,USO,-61,75.0124946434021,1.0,rebalance
2025-02-27,GDX,-5,39.90615101851179,1.0,rebalance
2025-02-27,TQQQ,-351,39.29622636679163,1.7550000000000001,rebalance
2025-02-27,IXP,40,99.71493301986787,1.0,rebalance
2025-02-27,EFA,150,78.04853730768372,1.0,rebalance
2025-02-27,XLC,28,100.04983108596402,1.0,rebalance
2025-02-28,USO,-517,74.57254383087158,2.585,rebalance
2025-02-28,IXP,-290,97.93210016784352,1.45,rebalance
2025-02-28,GDX,-390,38.57594752841891,1.95,rebalance
2025-02-28,EFA,-458,77.2916699058267,2.29,rebalance
2025-02-28,XLC,-8546,98.72780572307762,42.730000000000004,rebalance
2025-02-28,SLV,28793,28.182818305206297,143.965,rebalance
2025-02-28,TQQQ,4244,35.2316788399767,21.22,rebalance
2025-03-03,TQQQ,-1996,37.64491449536051,9.98,rebalance
2025-03-03,USO,330,75.33753483123779,1.6500000000000001,rebalance
2025-03-03,SLV,467,28.8628866104126,2.335,rebalance
2025-03-03,IXP,211,99.3969828523762,1.055,rebalance
2025-03-03,GDX,26,40.10278266985213,1.0,rebalance
2025-03-03,EFA,185,79.05610704392284,1.0,rebalance
2025-03-04,USO,-144,72.74272500000001,1.0,rebalance
2025-03-04,SLV,-1538,29.037096915435793,7.69,rebalance
2025-03-04,IXP,-271,97.87430422963615,1.355,rebalance
2025-03-04,GDX,-1012,40.154327182369485,5.0600000000000005,rebalance
2025-03-04,EFA,-338,77.82385577275126,1.69,rebalance
2025-03-04,TQQQ,4386,33.90050931074368,21.93,rebalance
2025-03-05,SLV,-43,29.227076542282106,1.0,rebalance
2025-03-05,EFA,-159,79.42994817729256,1.0,rebalance
2025-03-05,TQQQ,-497,34.28314935857924,2.485,rebalance
2025-03-05,USO,265,71.4071415260315,1.325,rebalance
2025-03-05,IXP,31,97.99986880503982,1.0,rebalance
2025-03-05,GDX,224,39.91413296574349,1.12,rebalance
2025-03-06,USO,-7,71.36286574630738,1.0,rebalance
2025-03-06,SLV,-284,29.49705,1.42,rebalance
2025-03-06,IXP,-53,98.51010041696706,1.0,rebalance
2025-03-06,GDX,-595,41.06759808146266,2.975,rebalance
2025-03-06,EFA,-39,79.64852133603976,1.0,rebalance
2025-03-06,TQQQ,1235,33.71809232168134,6.175,rebalance
2025-03-07,USO,-11324,72.73272386398315,56.620000000000005,rebalance
2025-03-07,SLV,-970,29.38706038970947,4.8500000000000005,rebalance
2025-03-07,IXP,-232,97.42153137139285,1.16,rebalance
2025-03-07,GDX,-789,41.117232760404356,3.9450000000000003,rebalance
2025-03-07,EFA,-384,79.55349059026177,1.92,rebalance
2025-03-07,XLV,5381,144.31564398389887,26.905,rebalance
2025-03-07,TQQQ,207,32.322826367436285,1.035,rebalance
2025-03-10,XLV,-39,143.76263498088974,1.0,rebalance
2025-03-10,SLV,-443,29.55704346599579,2.215,rebalance
2025-03-10,IXP,-23,96.6219776141794,1.0,rebalance
2025-03-10,GDX,-192,41.07752850829829,1.0,rebalance
2025-03-10,EFA,-31,78.91675625746578,1.0,rebalance
2025-03-10,TQQQ,393,31.553703236561034,1.965,rebalance
2025-03-11,XLV,-156,143.33561167445657,1.0,rebalance
2025-03-11,SLV,-858,29.58704115257263,4.29,rebalance
2025-03-11,IXP,-130,95.09028827220516,1.0,rebalance
2025-03-11,GDX,-386,40.60103722728547,1.93,rebalance
2025-03-11,EFA,-253,78.43207913020098,1.2650000000000001,rebalance
2025-03-11,TQQQ,-80491,29.279926264286605,402.455,rebalance
2025-03-11,TECL,38226,56.966773187554885,191.13,rebalance
2025-03-12,TECL,-432,59.9515644855404,2.16,rebalance
2025-03-12,XLV,179,141.47123271303892,1.0,rebalance
2025-03-12,SLV,158,30.023002457809447,1.0,rebalance
2025-03-12,IXP,92,95.95720085849631,1.0,rebalance
2025-03-12,GDX,130,41.16517139610497,1.0,rebalance
2025-03-12,EFA,176,78.61886753829617,1.0,rebalance
2025-03-13,SLV,-262,30.19698076286316,1.31,rebalance
2025-03-13,TECL,-173,59.14884429699387,1.0,rebalance
2025-03-13,GDX,-395,41.87167784229452,1.975,rebalance
2025-03-13,XLV,16,140.43253103542858,1.0,rebalance
2025-03-13,IXP,35,95.1092962145302,1.0,rebalance
2025-03-13,EFA,9,78.2006239921366,1.0,rebalance
2025-03-14,XLV,-5381,139.69590687065332,26.905,rebalance
2025-03-14,SLV,-3719,30.906908847427367,18.595,rebalance
2025-03-14,IXP,-7944,94.80127885303266,39.72,rebalance
2025-03-14,TECL,-63,58.43013222035186,1.0,rebalance
2025-03-14,GDX,-2895,43.45998378479107,14.475,rebalance
2025-03-14,EFA,-1316,78.87873840572175,6.58,rebalance
2025-03-14,SHY,8460,77.8290461434971,42.300000000000004,rebalance
2025-03-14,EEM,15296,43.04628677965052,76.48,rebalance
2025-03-17,IXP,-1,95.76461077829671,1.0,rebalance
2025-03-17,TECL,-37558,60.88494654501981,187.79,rebalance
2025-03-17,BSV,28254,73.15823976931419,141.27,rebalance
2025-03-17,SLV,662,30.423042076301574,3.31,rebalance
2025-03-17,GDX,194,43.54810897220685,1.0,rebalance
2025-03-17,EFA,28,79.77852260070475,1.0,rebalance
2025-03-17,SHY,134,77.74412312524386,1.0,rebalance
2025-03-17,EEM,77,43.464024797861605,1.0,rebalance
2025-03-18,BSV,-335,73.11544064318936,1.675,rebalance
2025-03-18,SLV,-315,31.09689038143158,1.575,rebalance
2025-03-18,GDX,-419,45.10784609844716,2.095,rebalance
2025-03-18,EEM,-56,43.950689328149885,1.0,rebalance
2025-03-18,SHY,68,77.72524916174343,1.0,rebalance
2025-03-19,BSV,-88,73.11543304665605,1.0,rebalance
2025-03-19,SHY,-23,77.70026425457735,1.0,rebalance
2025-03-19,EEM,-58,43.98953858862563,1.0,rebalance
2025-03-19,SLV,232,30.683068305206298,1.16,rebalance
2025-03-19,GDX,145,44.55092322620203,1.0,rebalance
2025-03-20,BSV,-988,73.41593825835547,4.94,rebalance
2025-03-20,SHY,-47,77.91724653775954,1.0,rebalance
2025-03-20,SLV,237,30.273027457809448,1.185,rebalance
2025-03-20,GDX,34,44.33249284691937,1.0,rebalance
2025-03-20,EFA,43,79.53137344653503,1.0,rebalance
2025-03-20,EEM,194,43.32801841124957,1.0,rebalance
2025-03-21,BSV,-23,73.39715836852291,1.0,rebalance
2025-03-21,SLV,-2566,30.20697808456421,12.83,rebalance
2025-03-21,GDX,-1746,44.21442879233618,8.73,rebalance
2025-03-21,EFA,-980,79.40143358314087,4.9,rebalance
2025-03-21,SHY,-8592,77.93610864323732,42.96,rebalance
2025-03-21,EEM,-15452,43.16394287895676,77.26,rebalance
2025-03-21,COPX,14628,40.378322864015736,73.14,rebalance
2025-03-21,XLE,13405,44.06053308809201,67.025,rebalance
2025-03-24,COPX,-337,41.39669305407758,1.685,rebalance
2025-03-24,EEM,-1,43.46504409702203,1.0,rebalance
2025-03-24,BSV,864,73.31791248540776,4.32,rebalance
2025-03-24,SLV,85,30.13301216068268,1.0,rebalance
2025-03-24,GDX,16,44.24313256482216,1.0,rebalance
2025-03-24,EFA,8,79.45533074827809,1.0,rebalance
2025-03-24,XLE,12,44.09813570975535,1.0,rebalance
2025-03-25,COPX,-73,41.784034576907224,1.0,rebalance
2025-03-25,BSV,-27684,73.25630332022405,138.42000000000002,rebalance
2025-03-25,SLV,-188,30.54694423713684,1.0,rebalance
2025-03-25,GDX,-35,44.54201419036073,1.0,rebalance
2025-03-25,EFA,-23,80.03816438127744,1.0,rebalance
2025-03-25,XLE,-93,44.586529302685186,1.0,rebalance
2025-03-25,TQQQ,58391,32.77641335193759,291.955,rebalance
2025-03-26,COPX,-22,41.97769787704974,1.0,rebalance
2025-03-26,SLV,-41,30.706928084564208,1.0,rebalance
2025-03-26,GDX,-62,44.88945977689397,1.0,rebalance
2025-03-26,XLE,-77,44.98812670800508,1.0,rebalance
2025-03-26,TQQQ,-164,32.94563554579415,1.0,rebalance
2025-03-26,EFA,82,79.41732060551516,1.0,rebalance
2025-03-27,SLV,-482,30.766923457717898,2.41,rebalance
2025-03-27,GDX,-305,44.88945700216071,1.5250000000000001,rebalance
2025-03-27,EFA,-113,78.77420847059784,1.0,rebalance
2025-03-27,XLE,-221,44.70127209966156,1.105,rebalance
2025-03-27,TQQQ,-58227,30.948332688548007,291.135,rebalance
2025-03-27,COPX,366,39.990908942838004,1.83,rebalance
2025-03-27,BSV,25220,73.26155211598868,126.10000000000001,rebalance
2025-03-28,COPX,-14561,39.702094037831,72.805,rebalance
2025-03-28,SLV,-688,31.386860389709472,3.44,rebalance
2025-03-28,GDX,-463,45.76302510892521,2.315,rebalance
2025-03-28,EFA,-117,78.67916886918913,1.0,rebalance
2025-03-28,XLE,-127,44.37616854365931,1.0,rebalance
2025-03-28,BSV,794,73.35549056288853,3.97,rebalance
2025-03-28,EEM,13341,42.91027858068306,66.705,rebalance
2025-03-31,COPX,-1,37.62015458529773,1.0,rebalance
2025-03-31,BSV,-211,73.52862257571647,1.055,rebalance
2025-03-31,GDX,-37,45.663757820917525,1.0,rebalance
2025-03-31,SLV,271,30.773077457809446,1.355,rebalance
2025-03-31,EFA,97,77.25008790269408,1.0,rebalance
2025-03-31,XLE,15,44.102921811834385,1.0,rebalance
2025-03-31,EEM,195,42.07480826615837,1.0,rebalance
2025-04-01,SLV,-10,30.866913839149476,1.0,rebalance
2025-04-01,EFA,-25,77.71932156248855,1.0,rebalance
2025-04-01,XLE,-141,44.70127404713935,1.0,rebalance
2025-04-01,EEM,-69,42.39663242330211,1.0,rebalance
2025-04-01,BSV,630,73.55281845189974,3.15,rebalance
2025-04-01,GDX,51,45.603388305800706,1.0,rebalance
2025-04-02,EEM,-34,42.46461878291316,1.0,rebalance
2025-04-02,BSV,305,73.66589190375495,1.5250000000000001,rebalance
2025-04-02,SLV,60,30.743073771095276,1.0,rebalance
2025-04-02,GDX,32,45.44452391094233,1.0,rebalance
2025-04-02,EFA,40,77.23107785649866,1.0,rebalance
2025-04-02,XLE,28,44.566754991496744,1.0,rebalance
2025-04-03,BSV,-33,73.83957625031029,1.0,rebalance
2025-04-03,EFA,-93,77.20612991604688,1.0,rebalance
2025-04-03,SLV,893,28.952895763015746,4.465,rebalance
2025-04-03,GDX,378,43.54810778557806,1.8900000000000001,rebalance
2025-04-03,XLE,336,42.869206122940014,1.68,rebalance
2025-04-03,EEM,54,41.75422076240172,1.0,rebalance
2025-04-04,BSV,-26705,74.09391350191434,133.525,rebalance
2025-04-04,SLV,-3259,27.95720308456421,16.295,rebalance
2025-04-04,GDX,-2680,44.15486501927393,13.4,rebalance
2025-04-04,EFA,-1128,73.41425406192563,5.64,rebalance
2025-04-04,XLE,-13137,39.99209877075639,65.685,rebalance
2025-04-04,EEM,-13487,40.16267292999388,67.435,rebalance
2025-04-04,TLT,5171,87.54259632371173,25.855,rebalance
2025-04-04,XLP,5780,78.33038020212781,28.900000000000002,rebalance
2025-04-04,TECL,36711,41.108390550201506,183.555,rebalance
2025-04-07,TLT,-275,85.87084462799336,1.375,rebalance
2025-04-07,SLV,-792,27.29726923713684,3.96,rebalance
2025-04-07,XLP,-63,73.53404283625908,1.0,rebalance
2025-04-07,TECL,-1646,31.94390830287683,8.23,rebalance
2025-04-07,EFA,-80,69.08067493035634,1.0,rebalance
2025-04-07,GDX,149,40.42050633454195,1.0,rebalance
2025-04-08,TECL,-5343,41.268684523277116,26.715,rebalance
2025-04-08,TLT,466,83.45758710358784,2.33,rebalance
2025-04-08,SLV,794,27.632762160682677,3.97,rebalance
2025-04-08,XLP,204,75.57469200661306,1.02,rebalance
2025-04-08,GDX,15,42.962305304242975,1.0,rebalance
2025-04-08,EFA,122,72.0791766204502,1.0,rebalance
2025-04-09,TLT,-78,81.5623258640343,1.0,rebalance
2025-04-09,SLV,-585,27.607239610290527,2.9250000000000003,rebalance
2025-04-09,XLP,-12,72.92926288930133,1.0,rebalance
2025-04-09,GDX,-384,42.95371226337961,1.92,rebalance
2025-04-09,EFA,-10,69.52733265978652,1.0,rebalance
2025-04-09,TECL,3848,34.95617509779921,19.240000000000002,rebalance
2025-04-10,TECL,-33570,43.693499592974085,167.85,rebalance
2025-04-10,TLT,292,82.01799388940273,1.46,rebalance
2025-04-10,BSV,10610,73.47743943682757,53.050000000000004,rebalance
2025-04-10,SLV,658,28.112811610412596,3.29,rebalance
2025-04-10,XLP,97,76.14120145136106,1.0,rebalance
2025-04-10,GDX,142,44.94807996787462,1.0,rebalance
2025-04-10,EFA,34,73.38141201521364,1.0,rebalance
2025-04-11,TLT,-5576,80.25390116562086,27.88,rebalance
2025-04-11,BSV,-360,73.34966900538753,1.8,rebalance
2025-04-11,SLV,-6473,28.78712191543579,32.365,rebalance
2025-04-11,XLP,-6006,76.46196922127568,30.03,rebalance
2025-04-11,GDX,-4362,48.51277533170628,21.81,rebalance
2025-04-11,EFA,-6232,73.49978350488531,31.16,rebalance
2025-04-11,SHY,3609,78.13120379385367,18.045,rebalance
2025-04-11,BIL,3261,86.46640842183471,16.305,rebalance
2025-04-14,SLV,-100,29.09709038143158,1.0,rebalance
2025-04-14,GDX,-7,48.59219181925588,1.0,rebalance
2025-04-14,BSV,36,73.34550914922633,1.0,rebalance
2025-04-14,SHY,3,78.08387099834273,1.0,rebalance
2025-04-14,BIL,1,86.47584795303345,1.0,rebalance
2025-04-15,BSV,-15,73.52868892920688,1.0,rebalance
2025-04-15,SLV,-65,29.35706461029053,1.0,rebalance
2025-04-15,GDX,-163,50.10108148232685,1.0,rebalance
2025-04-15,SHY,2,78.20693947982788,1.0,rebalance
2025-04-15,BIL,6,86.48527822746642,1.0,rebalance
2025-04-16,SLV,-134,29.84701538143158,1.0,rebalance
2025-04-16,GDX,-184,51.92763346406723,1.0,rebalance
2025-04-16,BSV,31,73.64706115600205,1.0,rebalance
2025-04-16,SHY,6,78.29216069692198,1.0,rebalance
2025-04-16,BIL,8,86.49472393811712,1.0,rebalance
2025-04-17,BSV,-76,73.71710722732544,1.0,rebalance
2025-04-17,SHY,-5,78.32381661529541,1.0,rebalance
2025-04-17,BIL,-3,86.5246413482666,1.0,rebalance
2025-04-17,SLV,89,29.542954915618896,1.0,rebalance
2025-04-17,GDX,78,51.14370488029543,1.0,rebalance
2025-04-21,SLV,-2024,29.94700576286316,10.120000000000001,rebalance
2025-04-21,GDX,-1205,52.27507536351537,6.025,rebalance
2025-04-21,SHY,-725,78.35223413678409,3.625,rebalance
2025-04-21,BIL,-3272,86.52464074783879,16.36,rebalance
2025-04-21,BSV,9,73.74128128862161,1.0,rebalance
2025-04-21,XLP,2878,78.67604440311347,14.39,rebalance
2025-04-21,EFA,2924,77.44021143680607,14.620000000000001,rebalance
2025-04-22,BSV,-102,73.71711006693872,1.0,rebalance
2025-04-22,EFA,-13,77.70981592552556,1.0,rebalance
2025-04-22,SHY,-2,78.33329179782625,1.0,rebalance
2025-04-22,BIL,-1,86.53408559417724,1.0,rebalance
2025-04-22,SLV,34,29.792979915618897,1.0,rebalance
2025-04-22,XLP,16,78.15755132546887,1.0,rebalance
2025-04-22,GDX,59,51.5309339054612,1.0,rebalance
2025-04-23,BSV,-123,73.77363937363303,1.0,rebalance
2025-04-23,SLV,-16,29.80701846599579,1.0,rebalance
2025-04-23,XLP,-38,79.08270130437965,1.0,rebalance
2025-04-23,EFA,-51,78.99279393806889,1.0,rebalance
2025-04-23,SHY,-4,78.32381746237121,1.0,rebalance
2025-04-23,GDX,356,47.58916669894415,1.78,rebalance
2025-04-24,BSV,-55,73.72651187591124,1.0,rebalance
2025-04-24,SLV,-116,30.306968465995787,1.0,rebalance
2025-04-24,GDX,-154,49.24736938187201,1.0,rebalance
2025-04-24,XLP,44,77.98472098497759,1.0,rebalance
2025-04-24,EFA,5,78.92302920699115,1.0,rebalance
2025-04-24,SHY,3,78.32055932062062,1.0,rebalance
2025-04-25,BSV,-9955,73.81132106036867,49.775,rebalance
2025-04-25,XLP,-2,77.94991357546732,1.0,rebalance
2025-04-25,EFA,-21,79.44895444589278,1.0,rebalance
2025-04-25,SHY,-4,78.36169192829692,1.0,rebalance
2025-04-25,SLV,78,29.962995084381102,1.0,rebalance
2025-04-25,GDX,127,47.87710244059418,1.0,rebalance
2025-04-25,TECL,15119,48.009728598112225,75.595,rebalance
2025-04-28,SLV,-269,30.076991923713685,1.345,rebalance
2025-04-28,XLP,-82,77.67152692198277,1.0,rebalance
2025-04-28,TECL,-620,50.275149327113596,3.1,rebalance
2025-04-28,GDX,-180,48.18519194813282,1.0,rebalance
2025-04-28,EFA,-112,80.04767426509669,1.0,rebalance
2025-04-28,SHY,-2883,78.41848664092078,14.415000000000001,rebalance
2025-04-28,XLU,5827,37.52891514384593,29.135,rebalance
2025-04-29,SLV,-96,30.44695576286316,1.0,rebalance
2025-04-29,XLU,-29,37.67964957649838,1.0,rebalance
2025-04-29,EFA,-14,80.38978668512398,1.0,rebalance
2025-04-29,GDX,-27,48.423433055778816,1.0,rebalance
2025-04-29,TECL,318,49.5828938145824,1.59,rebalance
2025-04-29,XLP,20,77.03416099593188,1.0,rebalance
2025-04-30,XLU,-54,37.87624227093902,1.0,rebalance
2025-04-30,XLP,-62,78.42031656820005,1.0,rebalance
2025-04-30,EFA,-2,80.095184958405,1.0,rebalance
2025-04-30,SLV,155,29.6829683052063,1.0,rebalance
2025-04-30,TECL,400,48.08463958160305,2.0,rebalance
2025-04-30,GDX,53,47.658665779969404,1.0,rebalance
2025-05-01,TECL,-1678,54.900085233050454,8.39,rebalance
2025-05-01,SLV,184,29.41294084739685,1.0,rebalance
2025-05-01,XLU,60,38.075655061156446,1.0,rebalance
2025-05-01,XLP,57,78.05193504779112,1.0,rebalance
2025-05-01,EFA,20,80.77658671497197,1.0,rebalance
2025-05-01,GDX,116,47.21186812604199,1.0,rebalance
2025-05-02,SLV,-33,29.617038839149476,1.0,rebalance
2025-05-02,TECL,-161,55.695874862095195,1.0,rebalance
2025-05-02,XLP,-1,78.31471798268882,1.0,rebalance
2025-05-02,EFA,-23,81.69176897803789,1.0,rebalance
2025-05-02,GDX,-16,47.50022988996044,1.0,rebalance
2025-05-02,XLU,13,38.090046254225406,1.0,rebalance
2025-05-05,SLV,-7481,29.54704423713684,37.405,rebalance
2025-05-05,TECL,-13378,55.00307408995345,66.89,rebalance
2025-05-05,XLU,393,38.123618665763075,1.965,rebalance
2025-05-05,XLP,192,78.33037979257452,1.0,rebalance
2025-05-05,EFA,171,82.09782757892916,1.0,rebalance
2025-05-05,GDX,214,48.52248131833663,1.07,rebalance
2025-05-05,EEM,5361,44.163488006064746,26.805,rebalance
2025-05-05,TECS,1858,424.60466363203545,9.290000000000001,rebalance
2025-05-06,GDX,-76,49.54517521641683,1.0,rebalance
2025-05-06,TECS,-1858,442.0100040372547,9.290000000000001,rebalance
2025-05-06,XLU,27,38.15718609255926,1.0,rebalance
2025-05-06,XLP,25,78.0903404136154,1.0,rebalance
2025-05-06,EFA,20,81.94574181542865,1.0,rebalance
2025-05-06,TECL,16686,53.06633569608105,83.43,rebalance
2025-05-06,EEM,83,43.71661059906374,1.0,rebalance
2025-05-07,XLU,-46,38.54275736696921,1.0,rebalance
2025-05-07,TECL,-374,54.17919454065053,1.87,rebalance
2025-05-07,XLP,5,78.1863510151094,1.0,rebalance
2025-05-07,EFA,17,81.67958687534846,1.0,rebalance
2025-05-07,GDX,48,49.187715687966154,1.0,rebalance
2025-05-07,EEM,36,43.54174419305562,1.0,rebalance
2025-05-08,TECL,-556,57.41852370346657,2.7800000000000002,rebalance
2025-05-08,XLU,20,38.747102710671506,1.0,rebalance
2025-05-08,XLP,21,78.32077833685862,1.0,rebalance
2025-05-08,EFA,20,81.83167891139657,1.0,rebalance
2025-05-08,GDX,11,49.49550977901805,1.0,rebalance
2025-05-08,EEM,51,43.51260080593026,1.0,rebalance
2025-05-09,EEM,-30,43.80499742025709,1.0,rebalance
2025-05-09,XLU,45,38.51688928680938,1.0,rebalance
2025-05-09,TECL,10983,58.12295442115409,54.915,rebalance
2025-05-09,XLP,24,77.80228925097606,1.0,rebalance
2025-05-09,GDX,29,49.267147042248176,1.0,rebalance
2025-05-12,XLP,-3097,77.72914193495187,15.485000000000001,rebalance
2025-05-12,XLU,9822,38.66077313497508,49.11,rebalance
2025-05-12,TECL,5456,64.35945023363969,27.28,rebalance
2025-05-12,EFA,4655,81.8316739292534,23.275000000000002,rebalance
2025-05-12,GDX,8135,47.71824246576872,40.675000000000004,rebalance
2025-05-12,EEM,8403,44.70752191224715,42.015,rebalance
2025-05-12,BITO,42125,14.756488252803562,210.625,rebalance
2025-05-13,TECL,-32195,65.7509131881369,160.975,rebalance
2025-05-13,EFA,-2,82.0148844316786,1.0,rebalance
2025-05-13,TQQQ,57270,32.96706209916077,286.35,rebalance
2025-05-13,XLU,230,38.19556724907036,1.1500000000000001,rebalance
2025-05-13,GDX,402,46.387770373483285,2.0100000000000002,rebalance
2025-05-13,EEM,166,44.270351743639615,1.0,rebalance
2025-05-13,BITO,164,14.729598871800187,1.0,rebalance
2025-05-14,EEM,-88,45.07738129378175,1.0,rebalance
2025-05-14,TQQQ,-1588,34.413953886835756,7.94,rebalance
2025-05-14,BITO,389,14.769935308806543,1.945,rebalance
2025-05-14,XLU,228,38.11882948163706,1.1400000000000001,rebalance
2025-05-14,GDX,522,45.186370939173756,2.61,rebalance
2025-05-14,EFA,45,82.51606346424994,1.0,rebalance
2025-05-15,XLU,-45,38.178335902326864,1.0,rebalance
2025-05-15,GDX,-177,45.71339111679829,1.0,rebalance
2025-05-15,BITO,586,14.554803688636468,2.93,rebalance
2025-05-15,EEM,38,44.9115307861137,1.0,rebalance
2025-05-15,TQQQ,365,34.356556659140914,1.825,rebalance
2025-05-16,BITO,-34,14.679602545095813,1.0,rebalance
2025-05-16,XLU,-174,38.89279601289143,1.0,rebalance
2025-05-16,GDX,304,45.087084813444534,1.52,rebalance
2025-05-16,EFA,41,82.6396389807974,1.0,rebalance
2025-05-16,EEM,118,44.89210046252079,1.0,rebalance
2025-05-16,TQQQ,5850,35.162555553878974,29.25,rebalance
2025-05-19,GDX,-189,46.75571382569457,1.0,rebalance
2025-05-19,EEM,-14138,44.62087223566196,70.69,rebalance
2025-05-19,BITO,1472,14.527912246098778,7.36,rebalance
2025-05-19,XLU,299,39.082818734980535,1.495,rebalance
2025-05-19,EFA,151,82.92479920227001,1.0,rebalance
2025-05-19,XLI,4645,139.79002157546628,23.225,rebalance
2025-05-19,TQQQ,2041,33.85713049909874,10.205,rebalance
2025-05-20,BITO,-225,14.82075274636321,1.125,rebalance
2025-05-20,XLU,67,39.51926382332535,1.0,rebalance
2025-05-20,GDX,112,47.09271932563427,1.0,rebalance
2025-05-20,EFA,27,83.89434436795925,1.0,rebalance
2025-05-20,XLI,28,141.0662930603447,1.0,rebalance
2025-05-20,TQQQ,11902,34.900479532275625,59.51,rebalance
2025-05-21,BITO,-871,15.082887420235664,4.355,rebalance
2025-05-21,XLU,-57,39.559310843574785,1.0,rebalance
2025-05-21,GDX,-500,48.72124527702682,2.5,rebalance
2025-05-21,EFA,-46,84.20068321793637,1.0,rebalance
2025-05-21,XLI,13,140.36924305374953,1.0,rebalance
2025-05-21,TQQQ,5855,34.237880215099516,29.275000000000002,rebalance
2025-05-22,BITO,-2213,15.795361331459986,11.065,rebalance
2025-05-22,GDX,-135,48.91977865648848,1.0,rebalance
2025-05-22,TQQQ,-5681,33.69709899015333,28.405,rebalance
2025-05-22,XLU,297,38.641589530841614,1.485,rebalance
2025-05-22,EFA,38,83.29550502046224,1.0,rebalance
2025-05-22,XLI,36,138.4843320184539,1.0,rebalance
2025-05-23,XLU,-323,38.66742811790478,1.615,rebalance
2025-05-23,GDX,-522,49.981955917849085,2.61,rebalance
2025-05-23,EFA,-104,82.87020220069736,1.0,rebalance
2025-05-23,XLI,-40,137.11190573215612,1.0,rebalance
2025-05-23,BITO,308,15.395151074027241,1.54,rebalance
2025-05-23,TQQQ,8063,32.18577604947384,40.315,rebalance
2025-05-27,XLU,-16600,39.170913088038255,83.0,rebalance
2025-05-27,XLI,-4682,139.86022713627628,23.41,rebalance
2025-05-27,TQQQ,-4123,34.10743035544811,20.615000000000002,rebalance
2025-05-27,COPX,20372,40.16525219592933,101.86,rebalance
2025-05-27,SLV,27236,30.043004915618898,136.18,rebalance
2025-05-27,BITO,10582,15.650615998512272,52.910000000000004,rebalance
2025-05-27,GDX,3836,49.058640941960476,19.18,rebalance
2025-05-27,EFA,1893,84.88289916397507,9.465,rebalance
2025-05-28,TQQQ,-7449,35.26923048838,37.245,rebalance
2025-05-28,COPX,424,39.76814853687675,2.12,rebalance
2025-05-28,SLV,192,30.153014618492126,1.0,rebalance
2025-05-28,BITO,1368,15.415316659603812,6.84,rebalance
2025-05-28,GDX,7,49.565013701742416,1.0,rebalance
2025-05-28,EFA,198,84.07493271116738,1.0,rebalance
2025-05-29,GDX,-33,50.22020502126472,1.0,rebalance
2025-05-29,TQQQ,-2009,36.089908080885884,10.045,rebalance
2025-05-29,COPX,59,40.10713526190537,1.0,rebalance
2025-05-29,SLV,183,30.293029915618895,1.0,rebalance
2025-05-29,BITO,846,15.348091812668608,4.23,rebalance
2025-05-29,EFA,79,84.3505993695192,1.0,rebalance
2025-05-30,COPX,-231,39.721460168376204,1.155,rebalance
2025-05-30,SLV,-410,30.116988839149474,2.05,rebalance
2025-05-30,GDX,-98,49.48561385639314,1.0,rebalance
2025-05-30,EFA,-203,84.3432320806728,1.0150000000000001,rebalance
2025-05-30,BITO,305,14.951447362178216,1.5250000000000001,rebalance
2025-05-30,TQQQ,1489,34.677967902939095,7.445,rebalance
2025-06-02,COPX,-353,40.53486886297017,1.7650000000000001,rebalance
2025-06-02,SLV,-563,30.84691538143158,2.815,rebalance
2025-06-02,GDX,-551,51.34194487507799,2.755,rebalance
2025-06-02,BITO,1200,14.675002496168366,6.0,rebalance
2025-06-02,EFA,4,84.5692291161547,1.0,rebalance
2025-06-02,TQQQ,1193,34.21810046520226,5.965,rebalance
2025-06-03,COPX,-20271,40.5542371785418,101.355,rebalance
2025-06-03,SLV,-26638,31.266873457717896,133.19,rebalance
2025-06-03,BITO,-2938,14.897356981138824,14.69,rebalance
2025-06-03,GDX,-939,52.473613859119695,4.695,rebalance
2025-06-03,EFA,-9717,84.44776985053785,48.585,rebalance
2025-06-03,XLU,19821,39.88856005058375,99.105,rebalance
2025-06-03,SMH,3257,242.749010913076,16.285,rebalance
2025-06-03,IGV,7611,103.87090757390408,38.055,rebalance
2025-06-03,TQQQ,1096,35.48396995614372,5.48,rebalance
2025-06-04,SMH,-52,249.76777401300302,1.0,rebalance
2025-06-04,BITO,918,14.829922556495669,4.59,rebalance
2025-06-04,XLU,470,39.452120274673845,2.35,rebalance
2025-06-04,GDX,73,52.88126222907439,1.0,rebalance
2025-06-04,IGV,24,104.84082644545849,1.0,rebalance
2025-06-04,TQQQ,116,36.383926382723786,1.0,rebalance
2025-06-05,BITO,-92,14.946638569485522,1.0,rebalance
2025-06-05,GDX,-42,53.35710541752309,1.0,rebalance
2025-06-05,SMH,-20,252.9276156241991,1.0,rebalance
2025-06-05,XLU,398,38.93894654049351,1.99,rebalance
2025-06-05,IGV,44,104.91081665225776,1.0,rebalance
2025-06-05,TQQQ,1833,36.81412786713705,9.165000000000001,rebalance
2025-06-06,XLU,-85,38.95513060375637,1.0,rebalance
2025-06-06,SMH,-9,252.72825457158908,1.0,rebalance
2025-06-06,IGV,-73,105.52965532831665,1.0,rebalance
2025-06-06,TQQQ,-1246,36.717772644048,6.23,rebalance
2025-06-06,BITO,760,14.689086043250914,3.8000000000000003,rebalance
2025-06-06,GDX,133,52.71247158724768,1.0,rebalance
2025-06-09,BITO,-1744,15.200094255259357,8.72,rebalance
2025-06-09,SMH,-12,254.18357036163025,1.0,rebalance
2025-06-09,IGV,-17,105.96952889851252,1.0,rebalance
2025-06-09,TQQQ,-591,36.737547239760715,2.955,rebalance
2025-06-09,XLU,87,38.8718003253787,1.0,rebalance
2025-06-09,GDX,449,51.30256733036013,2.245,rebalance
2025-06-10,XLU,-20691,38.782505279640425,103.455,rebalance
2025-06-10,XLK,6974,118.79602528914727,34.87,rebalance
2025-06-10,BITO,603,15.484802258242928,3.015,rebalance
2025-06-10,GDX,238,52.057164571802794,1.19,rebalance
2025-06-10,SMH,52,257.5843222532554,1.0,rebalance
2025-06-10,IGV,219,106.11071607343527,1.095,rebalance
2025-06-10,TQQQ,376,36.9426922809735,1.8800000000000001,rebalance
2025-06-11,SMH,-30,262.756045043948,1.0,rebalance
2025-06-11,XLK,15,119.76825677209145,1.0,rebalance
2025-06-11,BITO,529,15.491844386856513,2.645,rebalance
2025-06-11,GDX,452,51.14370474860044,2.2600000000000002,rebalance
2025-06-11,IGV,103,105.81074529213036,1.0,rebalance
2025-06-11,TQQQ,3796,37.872313480873274,18.98,rebalance
2025-06-12,XLK,-51,119.16902053726112,1.0,rebalance
2025-06-12,GDX,-594,52.414049804969224,2.97,rebalance
2025-06-12,IGV,-128,106.22945903588541,1.0,rebalance
2025-06-12,BITO,836,15.069337822532653,4.18,rebalance
2025-06-12,SMH,3,259.279223794006,1.0,rebalance
2025-06-12,TQQQ,1109,36.888297890718235,5.545,rebalance
2025-06-13,XLK,-45,118.90617413756068,1.0,rebalance
2025-06-13,GDX,-581,53.94279326459084,2.9050000000000002,rebalance
2025-06-13,IGV,-22,105.59963585272557,1.0,rebalance
2025-06-13,BITO,502,14.801756259787721,2.5100000000000002,rebalance
2025-06-13,SMH,3,256.77674561785636,1.0,rebalance
2025-06-13,TQQQ,922,36.1465734688741,4.61,rebalance
2025-06-16,BITO,-382,15.0381625255266,1.9100000000000001,rebalance
2025-06-16,IGV,-3,106.60934589212545,1.0,rebalance
2025-06-16,TQQQ,-489,36.69305541872338,2.445,rebalance
2025-06-16,XLK,37,119.35157840286782,1.0,rebalance
2025-06-16,GDX,320,53.31813444690557,1.6,rebalance
2025-06-17,TQQQ,-212,36.92047199419711,1.06,rebalance
2025-06-17,XLK,442,120.05100454449136,2.21,rebalance
2025-06-17,BITO,4430,14.893295273554802,22.150000000000002,rebalance
2025-06-17,GDX,1058,53.40749610203181,5.29,rebalance
2025-06-17,SMH,190,261.65209649700796,1.0,rebalance
2025-06-17,IGV,524,106.86065749614835,2.62,rebalance
2025-06-18,XLK,-47,119.97243939735293,1.0,rebalance
2025-06-18,SMH,-27,261.9386682343845,1.0,rebalance
2025-06-18,IGV,-49,106.72931269283217,1.0,rebalance
2025-06-18,BITO,522,14.660920815443857,2.61,rebalance
2025-06-18,GDX,20,52.97062265128692,1.0,rebalance
2025-06-18,TQQQ,253,36.5520463447628,1.2650000000000001,rebalance
2025-06-20,BITO,-752,14.93960250143325,3.7600000000000002,rebalance
2025-06-20,SMH,-5,264.0020537790899,1.0,rebalance
2025-06-20,TQQQ,-386,36.96002645754573,1.93,rebalance
2025-06-20,XLK,29,120.27421848646974,1.0,rebalance
2025-06-20,GDX,316,52.315316091162245,1.58,rebalance
2025-06-20,IGV,64,106.59067039451898,1.0,rebalance
2025-06-23,XLK,-108,119.41123967658473,1.0,rebalance
2025-06-23,GDX,-311,52.136098240049854,1.555,rebalance
2025-06-23,SMH,-9,259.01805333746574,1.0,rebalance
2025-06-23,IGV,-58,105.02979590325079,1.0,rebalance
2025-06-23,BITO,1496,14.259538043827474,7.48,rebalance
2025-06-23,TQQQ,450,35.96362010302316,2.25,rebalance
2025-06-24,BITO,-327,14.81287270504007,1.635,rebalance
2025-06-24,TQQQ,-1818,38.022946026375145,9.09,rebalance
2025-06-24,XLK,90,121.90451752763883,1.0,rebalance
2025-06-24,GDX,880,51.17349319750688,4.4,rebalance
2025-06-24,SMH,32,265.13158974950426,1.0,rebalance
2025-06-24,IGV,87,107.40060658653195,1.0,rebalance
2025-06-25,BITO,-322,15.20009203802999,1.61,rebalance
2025-06-25,SMH,-22,272.3452377383852,1.0,rebalance
2025-06-25,TQQQ,-596,39.106029536123565,2.98,rebalance
2025-06-25,XLK,56,123.47955593628001,1.0,rebalance
2025-06-25,GDX,344,51.22313841997559,1.72,rebalance
2025-06-25,IGV,90,108.46051232738718,1.0,rebalance
2025-06-26,XLK,-21,124.42354485327331,1.0,rebalance
2025-06-26,SMH,-30,276.19287355614335,1.0,rebalance
2025-06-26,TQQQ,-154,39.37374485018008,1.0,rebalance
2025-06-26,BITO,713,15.09750458607581,3.565,rebalance
2025-06-26,GDX,27,51.391928135138166,1.0,rebalance
2025-06-26,IGV,44,108.39051949148818,1.0,rebalance
2025-06-27,TQQQ,-970,40.17192687681952,4.8500000000000005,rebalance
2025-06-27,XLK,17,125.08440840618204,1.0,rebalance
2025-06-27,BITO,715,15.034132774046208,3.575,rebalance
2025-06-27,GDX,431,50.557899795507474,2.1550000000000002,rebalance
2025-06-27,SMH,11,277.3448214583457,1.0,rebalance
2025-06-27,IGV,11,109.09045636716837,1.0,rebalance
2025-06-30,TQQQ,-786,41.04943535243343,3.93,rebalance
2025-06-30,XLK,48,125.69057463237475,1.0,rebalance
2025-06-30,BITO,150,15.167924907399387,1.0,rebalance
2025-06-30,GDX,204,50.567830510790486,1.02,rebalance
2025-06-30,SMH,19,278.8602700076053,1.0,rebalance
2025-06-30,IGV,75,109.3604389904723,1.0,rebalance
2025-07-01,GDX,-751,52.622512599215014,3.755,rebalance
2025-07-01,XLK,4,125.41730055654722,1.0,rebalance
2025-07-01,BITO,662,14.983882994615218,3.31,rebalance
2025-07-01,SMH,30,275.9689521930828,1.0,rebalance
2025-07-01,TQQQ,510,40.72045581265836,2.5500000000000003,rebalance
2025-07-02,XLK,-26,124.35896522864623,1.0,rebalance
2025-07-02,BITO,-1272,15.112365444067258,6.36,rebalance
2025-07-02,GDX,-17731,51.94748627384294,88.655,rebalance
2025-07-02,SMH,-15,273.9401198640736,1.0,rebalance
2025-07-02,COPX,20656,44.64256028187908,103.28,rebalance
2025-07-02,TQQQ,640,39.897325138969386,3.2,rebalance
2025-07-03,SMH,-6,281.9145337910195,1.0,rebalance
2025-07-03,TQQQ,-758,41.391512789033676,3.79,rebalance
2025-07-03,COPX,186,45.45087800585621,1.0,rebalance
2025-07-03,XLK,62,126.69921130565798,1.0,rebalance
2025-07-03,BITO,532,15.392998610973358,2.66,rebalance
2025-07-03,IGV,78,109.84038884408207,1.0,rebalance
2025-07-07,XLK,-46,127.15572466206301,1.0,rebalance
2025-07-07,IGV,-99,110.82813661824851,1.0,rebalance
2025-07-07,TQQQ,-76273,41.44604691891283,381.365,rebalance
2025-07-07,COPX,482,44.31144346607941,2.41,rebalance
2025-07-07,BITO,433,15.246886843211074,2.165,rebalance
2025-07-07,SMH,3,280.9140966413945,1.0,rebalance
2025-07-07,UVXY,33600,93.70936694793701,168.0,rebalance
2025-07-08,COPX,-366,44.62390099593253,1.83,rebalance
2025-07-08,XLK,-83,127.29978815209883,1.0,rebalance
2025-07-08,SMH,-31,280.70837888791925,1.0,rebalance
2025-07-08,IGV,-113,111.17803518495663,1.0,rebalance
2025-07-08,BITO,-859,15.302269125057062,4.295,rebalance
2025-07-08,UVXY,-33600,90.94090194854736,168.0,rebalance
2025-07-08,TQQQ,75285,41.39483806999585,376.425,rebalance
2025-07-09,BITO,-134,15.404531954193363,1.0,rebalance
2025-07-09,SMH,-22,283.8184211680379,1.0,rebalance
2025-07-09,TQQQ,-67,41.62947913044825,1.0,rebalance
2025-07-09,COPX,199,44.408830569234006,1.0,rebalance
2025-07-09,XLK,5,127.79229920820039,1.0,rebalance
2025-07-09,IGV,14,111.49024362841466,1.0,rebalance
2025-07-10,BITO,-392,15.623654962276431,1.96,rebalance
2025-07-10,SMH,-11,286.96829092303324,1.0,rebalance
2025-07-10,IGV,-8426,111.38797067202736,42.13,rebalance
2025-07-10,TQQQ,-366,42.1549946303972,1.83,rebalance
2025-07-10,COPX,323,44.07771105312295,1.615,rebalance
2025-07-10,XLK,20,128.4233100752448,1.0,rebalance
2025-07-10,TAN,24338,38.88388906822205,121.69,rebalance
2025-07-11,COPX,-1,43.87416483636337,1.0,rebalance
2025-07-11,BITO,-3602,16.53668002609405,18.01,rebalance
2025-07-11,XLK,45,127.07682106599897,1.0,rebalance
2025-07-11,SMH,1,285.6099386637766,1.0,rebalance
2025-07-11,TQQQ,1193,41.315493438748355,5.965,rebalance
2025-07-11,TAN,109,38.55385423698425,1.0,rebalance
2025-07-14,BITO,-1668,17.091798367944172,8.34,rebalance
2025-07-14,TQQQ,-30,41.46092210382547,1.0,rebalance
2025-07-14,COPX,162,43.69789908877597,1.0,rebalance
2025-07-14,XLK,40,126.8085216477624,1.0,rebalance
2025-07-14,SMH,13,285.44044887798657,1.0,rebalance
2025-07-14,TAN,365,38.1138116104126,1.825,rebalance
2025-07-15,SMH,-16,290.73619957516235,1.0,rebalance
2025-07-15,TQQQ,-1449,42.849066185699456,7.245,rebalance
2025-07-15,COPX,235,43.82450234620227,1.175,rebalance
2025-07-15,XLK,3,128.49784252200354,1.0,rebalance
2025-07-15,BITO,2644,16.53998390929593,13.22,rebalance
2025-07-15,TAN,322,38.1438133895874,1.61,rebalance
2025-07-16,XLK,-40,128.1641298843904,1.0,rebalance
2025-07-16,BITO,-1012,16.697375176799767,5.0600000000000005,rebalance
2025-07-16,TAN,-355,38.376163068008424,1.7750000000000001,rebalance
2025-07-16,COPX,179,43.12331316893889,1.0,rebalance
2025-07-16,SMH,9,287.6338411763605,1.0,rebalance
2025-07-16,TQQQ,599,42.17830100818459,2.995,rebalance
2025-07-17,COPX,-22055,42.64731996663255,110.275,rebalance
2025-07-17,XLK,-41,128.67083967383851,1.0,rebalance
2025-07-17,SMH,-22,289.1213453455776,1.0,rebalance
2025-07-17,TQQQ,-389,42.32355565107528,1.945,rebalance
2025-07-17,BITO,412,16.554597817966606,2.06,rebalance
2025-07-17,REMX,20244,46.90858844804876,101.22,rebalance
2025-07-17,TAN,321,37.813782373428346,1.605,rebalance
2025-07-18,REMX,-698,49.629106856513246,3.49,rebalance
2025-07-18,TQQQ,-357,43.448946681898384,1.7850000000000001,rebalance
2025-07-18,XLK,72,130.20704103724995,1.0,rebalance
2025-07-18,BITO,782,16.686097820541544,3.91,rebalance
2025-07-18,SMH,38,292.03062614944514,1.0,rebalance
2025-07-18,TAN,436,37.99380067863464,2.18,rebalance
2025-07-21,REMX,-717,51.553781363612096,3.585,rebalance
2025-07-21,TAN,-49,38.08619115257263,1.0,rebalance
2025-07-21,XLK,30,129.7697880754669,1.0,rebalance
2025-07-21,BITO,398,16.583822965060108,1.99,rebalance
2025-07-21,SMH,28,289.7973403729488,1.0,rebalance
2025-07-21,TQQQ,468,43.21466769464659,2.34,rebalance
2025-07-22,BITO,-148,16.748504272842407,1.0,rebalance
2025-07-22,TQQQ,-271,43.69187163789354,1.355,rebalance
2025-07-22,TAN,-471,39.096088474273685,2.355,rebalance
2025-07-22,XLK,61,129.6952477053185,1.0,rebalance
2025-07-22,SMH,36,288.8701261432261,1.0,rebalance
2025-07-22,REMX,280,51.19086713397993,1.4000000000000001,rebalance
2025-07-23,REMX,-389,52.054587398154744,1.945,rebalance
2025-07-23,TAN,-572,39.86601193199158,2.86,rebalance
2025-07-23,XLK,17,128.92514312473062,1.0,rebalance
2025-07-23,BITO,375,16.583820924202737,1.875,rebalance
2025-07-23,SMH,40,284.4434547015357,1.0,rebalance
2025-07-23,TQQQ,536,43.2295381928599,2.68,rebalance
2025-07-24,BITO,-58770,16.66815589049707,293.85,rebalance
2025-07-24,REMX,-372,53.69448884055037,1.86,rebalance
2025-07-24,TQQQ,-262,43.850511416753825,1.31,rebalance
2025-07-24,ROBO,15537,63.42020967311321,77.685,rebalance
2025-07-24,XLK,41,129.64558004646477,1.0,rebalance
2025-07-24,SMH,15,286.32779376679383,1.0,rebalance
2025-07-24,TAN,401,39.643963389587405,2.005,rebalance
2025-07-25,XLK,-27,129.80841621879875,1.0,rebalance
2025-07-25,REMX,-239,54.283673175915645,1.195,rebalance
2025-07-25,TQQQ,-47,43.78110993677668,1.0,rebalance
2025-07-25,ROBO,91,62.91229186684556,1.0,rebalance
2025-07-25,SMH,4,285.37066894678117,1.0,rebalance
2025-07-25,TAN,298,39.1039084739685,1.49,rebalance
2025-07-28,SMH,-20,288.85223614836826,1.0,rebalance
2025-07-28,TQQQ,-74843,44.41568731042208,374.21500000000003,rebalance
2025-07-28,ROBO,6,63.290740334993856,1.0,rebalance
2025-07-28,REMX,414,53.42039997171185,2.07,rebalance
2025-07-28,TAN,252,38.9638950843811,1.26,rebalance
2025-07-28,UVXY,44163,74.6574665260315,220.815,rebalance
2025-07-29,ROBO,-120,63.019199137361014,1.0,rebalance
2025-07-29,XLK,-168,132.03886541786295,1.0,rebalance
2025-07-29,SMH,-84,292.62011596772885,1.0,rebalance
2025-07-29,TAN,-305,38.96610422058105,1.5250000000000001,rebalance
2025-07-29,UVXY,-44163,72.59273847427369,220.815,rebalance
2025-07-29,REMX,261,52.055177384806434,1.305,rebalance
2025-07-29,TQQQ,72208,45.118780709781255,361.04,rebalance
2025-07-30,ROBO,-115,62.73043925939648,1.0,rebalance
2025-07-30,XLK,-49,131.32849197314218,1.0,rebalance
2025-07-30,SMH,-53,293.8163022518296,1.0,rebalance
2025-07-30,REMX,242,50.77835545447239,1.21,rebalance
2025-07-30,TQQQ,164,44.49895308621187,1.0,rebalance
2025-07-30,TAN,253,38.1138116104126,1.2650000000000001,rebalance
2025-07-31,ROBO,-15399,62.491464926235416,76.995,rebalance
2025-07-31,XLK,-51,133.13672830210405,1.0,rebalance
2025-07-31,TQQQ,-1841,45.96247875086794,9.205,rebalance
2025-07-31,USO,12179,79.8679866104126,60.895,rebalance
2025-07-31,SMH,22,293.8152447095416,1.0,rebalance
2025-07-31,REMX,857,48.9220464955821,4.285,rebalance
2025-07-31,TAN,875,37.09370915260315,4.375,rebalance
2025-08-01,USO,-508,79.7020280845642,2.54,rebalance
2025-08-01,XLK,-99,129.09807435249846,1.0,rebalance
2025-08-01,SMH,-11,282.00422813216704,1.0,rebalance
2025-08-01,REMX,-408,47.76334775718899,2.04,rebalance
2025-08-01,TAN,-1170,37.13628538970947,5.8500000000000005,rebalance
2025-08-01,TQQQ,2821,42.272515431968934,14.105,rebalance
2025-08-04,XLK,-4,128.90430477465745,1.0,rebalance
2025-08-04,SMH,-45,285.373419337854,1.0,rebalance
2025-08-04,REMX,-776,49.64874633944376,3.88,rebalance
2025-08-04,TQQQ,-108,42.24918893201732,1.0,rebalance
2025-08-04,USO,603,75.6475633895874,3.015,rebalance
2025-08-04,TAN,296,36.623660931777955,1.48,rebalance
2025-08-05,TQQQ,-1025,43.65221053571753,5.125,rebalance
2025-08-05,USO,252,75.51755313644409,1.26,rebalance
2025-08-05,XLK,29,130.80326353807368,1.0,rebalance
2025-08-05,SMH,9,289.8671191090774,1.0,rebalance
2025-08-05,REMX,67,50.405128182877334,1.0,rebalance
2025-08-05,TAN,428,36.703670763015744,2.14,rebalance
2025-08-06,USO,-272,76.30236655883789,1.36,rebalance
2025-08-06,XLK,-2,129.34146957520142,1.0,rebalance
2025-08-06,REMX,-375,50.83693666166481,1.875,rebalance
2025-08-06,TAN,-119,36.446355762863156,1.0,rebalance
2025-08-06,SMH,29,283.9748650560408,1.0,rebalance
2025-08-06,TQQQ,850,42.659295579369996,4.25,rebalance
2025-08-07,USO,-12254,74.05259155883789,61.27,rebalance
2025-08-07,TQQQ,-1963,45.06018540413341,9.815,rebalance
2025-08-07,TAN,-25653,36.826318830871585,128.26500000000001,rebalance
2025-08-07,ROBO,15252,63.031804677525926,76.26,rebalance
2025-08-07,QQQ,1691,568.3944756515107,8.455,rebalance
2025-08-07,XLK,45,132.15471823726855,1.0,rebalance
2025-08-07,SMH,1,291.9508287384746,1.0,rebalance
2025-08-07,REMX,226,51.62302427326686,1.1300000000000001,rebalance
2025-08-08,REMX,-498,52.95800663454488,2.49,rebalance
2025-08-08,ROBO,43,62.742985038215565,1.0,rebalance
2025-08-08,QQQ,1,567.1815028439241,1.0,rebalance
2025-08-08,XLK,34,131.31006368634758,1.0,rebalance
2025-08-08,SMH,4,291.0535358357149,1.0,rebalance
2025-08-08,TQQQ,385,44.746883096742536,1.925,rebalance
2025-08-11,REMX,-783,56.4440239151999,3.915,rebalance
2025-08-11,TQQQ,-157,45.72451007845321,1.0,rebalance
2025-08-11,ROBO,244,62.98200881711374,1.22,rebalance
2025-08-11,QQQ,20,571.3971772388054,1.0,rebalance
2025-08-11,XLK,104,132.04044308890713,1.0,rebalance
2025-08-11,SMH,36,293.6258004120212,1.0,rebalance
2025-08-12,QQQ,-2,571.7501322060991,1.0,rebalance
2025-08-12,SMH,-11,294.3445835198221,1.0,rebalance
2025-08-12,TQQQ,-206,45.8187050251503,1.03,rebalance
2025-08-12,ROBO,98,62.53384397471406,1.0,rebalance
2025-08-12,XLK,2,131.88640379437564,1.0,rebalance
2025-08-12,REMX,142,55.94458471818678,1.0,rebalance
2025-08-13,TQQQ,-946,47.61834068115639,4.73,rebalance
2025-08-13,ROBO,95,63.73890567638564,1.0,rebalance
2025-08-13,QQQ,20,579.4209661548423,1.0,rebalance
2025-08-13,XLK,67,134.0328393374577,1.0,rebalance
2025-08-13,SMH,10,300.93380985966763,1.0,rebalance
2025-08-13,REMX,262,56.52406538505554,1.31,rebalance
2025-08-14,ROBO,-15732,63.7460694083217,78.66,rebalance
2025-08-14,QQQ,-1730,574.8517958754733,8.65,rebalance
2025-08-14,XLK,-7481,132.61016703335918,37.405,rebalance
2025-08-14,SMH,-6,297.0458983409706,1.0,rebalance
2025-08-14,COPX,21720,45.48983760606016,108.60000000000001,rebalance
2025-08-14,LIT,21775,45.37576775428087,108.875,rebalance
2025-08-14,GDX,17262,57.24004695818432,86.31,rebalance
2025-08-14,REMX,5,55.67939514574264,1.0,rebalance
2025-08-14,TQQQ,578,46.53200268137499,2.89,rebalance
2025-08-15,COPX,-149,46.2012663371106,1.0,rebalance
2025-08-15,REMX,-246,56.954652771096235,1.23,rebalance
2025-08-15,LIT,59,45.6538449617205,1.0,rebalance
2025-08-15,GDX,107,57.38897910636375,1.0,rebalance
2025-08-15,SMH,13,298.4612366400403,1.0,rebalance
2025-08-15,TQQQ,170,46.84439716944104,1.0,rebalance
2025-08-18,LIT,-230,45.85322637643598,1.1500000000000001,rebalance
2025-08-18,GDX,-222,57.774579249497464,1.11,rebalance
2025-08-18,REMX,-487,58.23122050262233,2.435,rebalance
2025-08-18,COPX,93,45.7333049528662,1.0,rebalance
2025-08-18,SMH,30,294.0345941921173,1.0,rebalance
2025-08-18,TQQQ,841,46.016300607520414,4.205,rebalance
2025-08-19,LIT,-24,45.92273011918891,1.0,rebalance
2025-08-19,SMH,-20,295.9095588356069,1.0,rebalance
2025-08-19,REMX,-51,58.427618890770404,1.0,rebalance
2025-08-19,COPX,32,45.68461098380883,1.0,rebalance
2025-08-19,GDX,112,57.42869380115912,1.0,rebalance
2025-08-19,TQQQ,49,46.001420790622795,1.0,rebalance
2025-08-20,COPX,-335,44.906264095540315,1.675,rebalance
2025-08-20,LIT,-111,44.681577392029894,1.0,rebalance
2025-08-20,GDX,-380,56.831522045058435,1.9000000000000001,rebalance
2025-08-20,SMH,-30,289.07153214172973,1.0,rebalance
2025-08-20,REMX,288,55.62046787647727,1.44,rebalance
2025-08-20,TQQQ,777,44.04771443159601,3.8850000000000002,rebalance
2025-08-21,COPX,-21361,44.90626555769516,106.805,rebalance
2025-08-21,LIT,-17,44.383703247589864,1.0,rebalance
2025-08-21,GDX,-390,57.74479704545678,1.95,rebalance
2025-08-21,REMX,-247,56.002134126588146,1.235,rebalance
2025-08-21,TQQQ,1027,43.115488321836935,5.135,rebalance
2025-08-21,TAN,23523,40.464045084381105,117.61500000000001,rebalance
2025-08-22,LIT,-118,44.73122584739605,1.0,rebalance
2025-08-22,GDX,-137,58.36026494161516,1.0,rebalance
2025-08-22,REMX,-214,56.84663619626869,1.07,rebalance
2025-08-22,SMH,9,286.7664632881822,1.0,rebalance
2025-08-22,TQQQ,108,43.15019454032112,1.0,rebalance
2025-08-22,TAN,456,39.803979236984254,2.2800000000000002,rebalance
2025-08-25,REMX,-167,59.17391819819827,1.0,rebalance
2025-08-25,TAN,-288,41.515848457717894,1.44,rebalance
2025-08-25,LIT,157,45.773016970207664,1.0,rebalance
2025-08-25,GDX,54,59.960559654967184,1.0,rebalance
2025-08-25,SMH,30,292.86809860088664,1.0,rebalance
2025-08-25,TQQQ,55,44.43944901810951,1.0,rebalance
2025-08-26,LIT,-86,46.002169895199096,1.0,rebalance
2025-08-26,GDX,-27,60.11732737016152,1.0,rebalance
2025-08-26,SMH,-7,293.87610179407545,1.0,rebalance
2025-08-26,REMX,-69,59.48815314411966,1.0,rebalance
2025-08-26,TAN,-70,41.68582962684631,1.0,rebalance
2025-08-26,TQQQ,336,44.285727310749536,1.68,rebalance
2025-08-27,GDX,-48,60.60374419955668,1.0,rebalance
2025-08-27,TQQQ,-299,44.68835681294267,1.495,rebalance
2025-08-27,LIT,132,45.9617126040987,1.0,rebalance
2025-08-27,SMH,5,294.96177409123294,1.0,rebalance
2025-08-27,REMX,65,59.56880582609782,1.0,rebalance
2025-08-27,TAN,115,41.704170763015746,1.0,rebalance
2025-08-28,LIT,-66,46.56813620651038,1.0,rebalance
2025-08-28,GDX,-16331,60.95118992346602,81.655,rebalance
2025-08-28,REMX,-167,60.78436517846679,1.0,rebalance
2025-08-28,TQQQ,-175,45.253533013217925,1.0,rebalance
2025-08-28,COPX,21055,47.49602660854019,105.275,rebalance
2025-08-28,SMH,8,297.2050191618832,1.0,rebalance
2025-08-28,TAN,337,41.534151779174806,1.685,rebalance
2025-08-29,COPX,-98,47.95389117548579,1.0,rebalance
2025-08-29,LIT,-163,47.16388834113233,1.0,rebalance
2025-08-29,REMX,-269,62.110030554805896,1.345,rebalance
2025-08-29,SMH,47,294.6726632197513,1.0,rebalance
2025-08-29,TQQQ,262,45.33200709142149,1.31,rebalance
2025-08-29,TAN,81,41.614161610412594,1.0,rebalance
2025-09-02,COPX,-957,48.109680026742105,4.785,rebalance
2025-09-02,LIT,-508,46.26032849533961,2.54,rebalance
2025-09-02,SMH,-1,282.18364938648364,1.0,rebalance
2025-09-02,REMX,-181,60.13626003233596,1.0,rebalance
2025-09-02,TAN,-193,40.15598384742737,1.0,rebalance
2025-09-02,TQQQ,2095,42.203098549484906,10.475,rebalance
2025-09-03,TQQQ,-1313,43.98933236008552,6.565,rebalance
2025-09-03,COPX,62,49.14187572250259,1.0,rebalance
2025-09-03,LIT,335,46.646968700902335,1.675,rebalance
2025-09-03,SMH,31,286.49725866134725,1.0,rebalance
2025-09-03,REMX,447,59.9420268133444,2.235,rebalance
2025-09-03,TAN,82,41.0041,1.0,rebalance
2025-09-04,TQQQ,-401,44.32149655186648,2.005,rebalance
2025-09-04,TAN,-420,41.815817694854736,2.1,rebalance
2025-09-04,COPX,63,49.09318554820293,1.0,rebalance
2025-09-04,LIT,18,46.70655050507632,1.0,rebalance
2025-09-04,SMH,33,284.3836174731872,1.0,rebalance
2025-09-04,REMX,374,58.73395507314229,1.87,rebalance
2025-09-05,LIT,-362,49.378106906138655,1.81,rebalance
2025-09-05,SMH,-3474,294.12531039717544,17.37,rebalance
2025-09-05,TQQQ,-814,46.57227178220345,4.07,rebalance
2025-09-05,COPX,568,49.61907833090832,2.84,rebalance
2025-09-05,GDX,15666,65.54060238497716,78.33,rebalance
2025-09-05,REMX,373,59.7161298101344,1.865,rebalance
2025-09-05,TAN,8,43.444342626571654,1.0,rebalance
2025-09-08,COPX,-54,50.08625953185289,1.0,rebalance
2025-09-08,LIT,-529,51.01643148322369,2.645,rebalance
2025-09-08,GDX,-177,66.73857576170064,1.0,rebalance
2025-09-08,REMX,-177,60.745084264337095,1.0,rebalance
2025-09-08,TAN,-199,44.11558693199158,1.0,rebalance
2025-09-08,TQQQ,1324,46.07084620187536,6.62,rebalance
2025-09-09,COPX,-359,50.767837498209424,1.795,rebalance
2025-09-09,GDX,-157,67.15550713776328,1.0,rebalance
2025-09-09,TQQQ,-766,46.35413177164431,3.83,rebalance
2025-09-09,LIT,401,49.83488879215723,2.005,rebalance
2025-09-09,REMX,384,59.1759358459534,1.92,rebalance
2025-09-09,TAN,501,43.02430245780945,2.505,rebalance
2025-09-10,GDX,-10,66.97681781924372,1.0,rebalance
2025-09-10,TQQQ,-1752,47.32087684573305,8.76,rebalance
2025-09-10,COPX,108,50.33974776353189,1.0,rebalance
2025-09-10,LIT,454,48.603416195513816,2.27,rebalance
2025-09-10,REMX,616,56.96604486650821,3.08,rebalance
2025-09-10,TAN,499,42.0042,2.495,rebalance
2025-09-11,COPX,-187,50.95283987170632,1.0,rebalance
2025-09-11,LIT,-111,49.00079398207719,1.0,rebalance
2025-09-11,GDX,-127,67.74118457273065,1.0,rebalance
2025-09-11,REMX,45,56.995510310805365,1.0,rebalance
2025-09-11,TQQQ,418,47.201420003048746,2.09,rebalance
2025-09-11,TAN,30,42.08420983123779,1.0,rebalance
2025-09-12,COPX,-197,52.0628392796451,1.0,rebalance
2025-09-12,LIT,-15,49.6164106626651,1.0,rebalance
2025-09-12,GDX,-198,69.44861730274418,1.0,rebalance
2025-09-12,REMX,-204,58.31960014968705,1.02,rebalance
2025-09-12,TQQQ,269,47.58323194827221,1.345,rebalance
2025-09-12,TAN,574,41.6041584739685,2.87,rebalance
2025-09-15,LIT,-318,50.93699940771878,1.59,rebalance
2025-09-15,TQQQ,-458,48.406604675533,2.29,rebalance
2025-09-15,COPX,176,52.1901155152244,1.0,rebalance
2025-09-15,GDX,309,68.80720497331993,1.545,rebalance
2025-09-15,REMX,8,58.95003583863717,1.0,rebalance
2025-09-15,TAN,176,41.77417745780945,1.0,rebalance
2025-09-16,GDX,-31,70.05415975036122,1.0,rebalance
2025-09-16,TQQQ,-327,49.41301636888678,1.635,rebalance
2025-09-16,TAN,-49,42.52574577941895,1.0,rebalance
2025-09-16,COPX,92,52.79392110553275,1.0,rebalance
2025-09-16,LIT,107,51.503336719741846,1.0,rebalance
2025-09-16,REMX,169,59.34290051549684,1.0,rebalance
2025-09-17,LIT,-296,51.880276128942135,1.48,rebalance
2025-09-17,REMX,-293,59.900583299889156,1.465,rebalance
2025-09-17,TAN,-284,42.71572922058105,1.42,rebalance
2025-09-17,COPX,270,51.74213374973501,1.35,rebalance
2025-09-17,GDX,412,67.75473727396484,2.06,rebalance
2025-09-17,TQQQ,66,49.03611398113791,1.0,rebalance
2025-09-18,TQQQ,-783,49.95339845933887,3.915,rebalance
2025-09-18,TAN,-3,43.05569537315369,1.0,rebalance
2025-09-18,COPX,314,51.362323349256336,1.57,rebalance
2025-09-18,LIT,14,52.258105806243265,1.0,rebalance
2025-09-18,GDX,144,67.66537983020916,1.0,rebalance
2025-09-18,REMX,211,59.66702045777582,1.055,rebalance
2025-09-19,GDX,-52,68.41621584552422,1.0,rebalance
2025-09-19,REMX,-132,60.5781457573311,1.0,rebalance
2025-09-19,TQQQ,-225,50.50865322638167,1.125,rebalance
2025-09-19,COPX,23,51.71291635160478,1.0,rebalance
2025-09-19,LIT,93,52.43687022343624,1.0,rebalance
2025-09-19,TAN,395,42.7242732208252,1.975,rebalance
2025-09-22,COPX,-24,52.3354688772717,1.0,rebalance
2025-09-22,GDX,-874,73.23076099394864,4.37,rebalance
2025-09-22,LIT,263,52.347486118271505,1.315,rebalance
2025-09-22,REMX,269,60.34472038264456,1.345,rebalance
2025-09-22,TQQQ,405,50.786522096086564,2.025,rebalance
2025-09-22,TAN,344,42.6142616104126,1.72,rebalance
2025-09-23,TQQQ,-324,51.95133510191843,1.62,rebalance
2025-09-23,TAN,-336,43.97560154228211,1.68,rebalance
2025-09-23,COPX,66,53.14451225991345,1.0,rebalance
2025-09-23,LIT,186,52.84405009814224,1.0,rebalance
2025-09-23,GDX,49,74.34751965860056,1.0,rebalance
2025-09-23,REMX,241,60.64919414361013,1.205,rebalance
2025-09-24,COPX,-233,53.62073122454344,1.165,rebalance
2025-09-24,LIT,-499,54.005130161753215,2.495,rebalance
2025-09-24,REMX,-638,62.69921450819507,3.19,rebalance
2025-09-24,GDX,154,73.4340628989143,1.0,rebalance
2025-09-24,TQQQ,870,51.227180540233924,4.3500000000000005,rebalance
2025-09-24,TAN,549,42.95429576301574,2.745,rebalance
2025-09-25,COPX,-783,55.13967650134123,3.915,rebalance
2025-09-25,LIT,-451,54.6306749012582,2.255,rebalance
2025-09-25,REMX,-524,63.92668557324732,2.62,rebalance
2025-09-25,TAN,-206,42.83571615257263,1.03,rebalance
2025-09-25,GDX,181,71.79579098813589,1.0,rebalance
2025-09-25,TQQQ,1968,49.33613355515598,9.84,rebalance
2025-09-26,COPX,-19905,54.701519973409866,99.525,rebalance
2025-09-26,GDX,-109,73.14142835309924,1.0,rebalance
2025-09-26,REMX,-343,65.98883205779826,1.715,rebalance
2025-09-26,TAN,-54,43.425657305145265,1.0,rebalance
2025-09-26,LIT,104,54.989195133756674,1.0,rebalance
2025-09-26,SLV,26931,41.234122542190555,134.655,rebalance
2025-09-26,TQQQ,108,49.83246968640675,1.0,rebalance
2025-09-29,SLV,-235,42.45575308456421,1.175,rebalance
2025-09-29,LIT,-23,56.18956479587319,1.0,rebalance
2025-09-29,GDX,-271,76.02023104713399,1.355,rebalance
2025-09-29,TQQQ,-206,51.008517861186604,1.03,rebalance
2025-09-29,REMX,480,65.5011334319502,2.4,rebalance
2025-09-29,TAN,249,43.904391526031496,1.245,rebalance
2025-09-30,LIT,-330,56.84489873123065,1.6500000000000001,rebalance
2025-09-30,TQQQ,-89,50.819952182005466,1.0,rebalance
2025-09-30,TAN,-320,44.23557767829895,1.6,rebalance
2025-09-30,SLV,294,41.7941799156189,1.47,rebalance
2025-09-30,GDX,245,74.43688220299794,1.225,rebalance
2025-09-30,REMX,106,64.78414252994936,1.0,rebalance
2025-10-01,SLV,-665,43.025695779418946,3.325,rebalance
2025-10-01,GDX,-357,76.5463523081434,1.7850000000000001,rebalance
2025-10-01,REMX,-106,65.44875606274512,1.0,rebalance
2025-10-01,LIT,224,56.45901757949759,1.12,rebalance
2025-10-01,TQQQ,811,50.49260265612451,4.055,rebalance
2025-10-01,TAN,211,44.064407373428345,1.055,rebalance
2025-10-02,REMX,-108,68.3455789398412,1.0,rebalance
2025-10-02,TQQQ,-869,53.003401748719305,4.345,rebalance
2025-10-02,TAN,-203,46.08539115257263,1.0150000000000001,rebalance
2025-10-02,SLV,654,43.5743566947937,3.27,rebalance
2025-10-02,LIT,156,58.13739663606447,1.0,rebalance
2025-10-02,GDX,324,77.73326958450994,1.62,rebalance
2025-10-03,LIT,-144,58.6222323415636,1.0,rebalance
2025-10-03,REMX,-362,69.90692505917738,1.81,rebalance
2025-10-03,TAN,-25505,46.5153484577179,127.525,rebalance
2025-10-03,COPX,19680,59.81557920913397,98.4,rebalance
2025-10-03,SLV,186,43.33433483123779,1.0,rebalance
2025-10-03,GDX,212,76.77016695720798,1.06,rebalance
2025-10-03,TQQQ,348,52.830358068272076,1.74,rebalance
2025-10-06,REMX,-664,73.93302908189241,3.3200000000000003,rebalance
2025-10-06,COPX,77,60.526513333860834,1.0,rebalance
2025-10-06,SLV,5,44.01439932136535,1.0,rebalance
2025-10-06,LIT,157,59.100721174316035,1.0,rebalance
2025-10-06,GDX,96,77.50490241537096,1.0,rebalance
2025-10-06,TQQQ,513,53.306843252148575,2.565,rebalance
2025-10-07,COPX,-78,61.03045600552655,1.0,rebalance
2025-10-07,LIT,-75,59.5754366024368,1.0,rebalance
2025-10-07,GDX,-48,78.0850237267511,1.0,rebalance
2025-10-07,SLV,145,43.974398220825194,1.0,rebalance
2025-10-07,REMX,3,74.2621175069341,1.0,rebalance
2025-10-07,TQQQ,122,53.455744084871284,1.0,rebalance
2025-10-08,COPX,-222,61.26413921372016,1.11,rebalance
2025-10-08,SLV,-483,44.42555730514526,2.415,rebalance
2025-10-08,GDX,-119,78.1048763247631,1.0,rebalance
2025-10-08,REMX,-90,74.10978716201316,1.0,rebalance
2025-10-08,LIT,123,58.78292184066779,1.0,rebalance
2025-10-08,TQQQ,834,52.47299174430369,4.17,rebalance
2025-10-09,COPX,-472,64.4286093948555,2.36,rebalance
2025-10-09,SLV,-394,46.2653734577179,1.97,rebalance
2025-10-09,TQQQ,-273,54.03061386853698,1.365,rebalance
2025-10-09,LIT,249,59.58735446984515,1.245,rebalance
2025-10-09,GDX,297,78.62687767545839,1.485,rebalance
2025-10-09,REMX,338,74.48801272849379,1.69,rebalance
2025-10-10,SLV,-141,45.4754515422821,1.0,rebalance
2025-10-10,TQQQ,-1584,53.95618661271011,7.92,rebalance
2025-10-10,COPX,392,61.72438407493012,1.96,rebalance
2025-10-10,LIT,672,56.409360189478875,3.36,rebalance
2025-10-10,GDX,320,75.32055309203294,1.6,rebalance
2025-10-10,REMX,78,72.48438066989615,1.0,rebalance
2025-10-13,COPX,-299,61.78992802947952,1.495,rebalance
2025-10-13,SLV,-1182,46.93530462684632,5.91,rebalance
2025-10-13,LIT,-440,56.77538910593054,2.2,rebalance
2025-10-13,GDX,-670,77.50926302348446,3.35,rebalance
2025-10-13,REMX,-495,73.64825703754333,2.475,rebalance
2025-10-13,TQQQ,3698,50.65639030987837,18.490000000000002,rebalance
2025-10-14,GDX,-163,77.45962943020623,1.0,rebalance
2025-10-14,REMX,-810,76.69238151544374,4.05,rebalance
2025-10-14,COPX,133,60.672590682163275,1.0,rebalance
2025-10-14,SLV,227,45.99460067863464,1.135,rebalance
2025-10-14,LIT,195,55.614862396936736,1.0,rebalance
2025-10-14,TQQQ,917,49.49992430180619,4.585,rebalance
2025-10-15,SLV,-40,47.745225,1.0,rebalance
2025-10-15,REMX,-140,80.23732180900022,1.0,rebalance
2025-10-15,TQQQ,-573,51.678439580181035,2.865,rebalance
2025-10-15,COPX,324,61.85098279640972,1.62,rebalance
2025-10-15,LIT,40,57.54151885686318,1.0,rebalance
2025-10-15,GDX,258,78.94459536010928,1.29,rebalance
2025-10-16,SLV,-164,48.095188474273684,1.0,rebalance
2025-10-16,LIT,-55,57.72859844497743,1.0,rebalance
2025-10-16,GDX,-534,81.85724809169717,2.67,rebalance
2025-10-16,TQQQ,-339,51.94641152516699,1.695,rebalance
2025-10-16,COPX,40,61.77307439101906,1.0,rebalance
2025-10-16,REMX,924,75.66662129801313,4.62,rebalance
2025-10-17,COPX,-32,60.03730279265831,1.0,rebalance
2025-10-17,SLV,-923,48.45515308456421,4.615,rebalance
2025-10-17,LIT,-46,56.14985009188697,1.0,rebalance
2025-10-17,GDX,-385,81.56936403985732,1.925,rebalance
2025-10-17,REMX,787,69.98965960993375,3.935,rebalance
2025-10-17,TQQQ,510,50.09056080695318,2.5500000000000003,rebalance
2025-10-20,REMX,-89,71.61556974121312,1.0,rebalance
2025-10-20,TQQQ,-2124,52.40791555288091,10.620000000000001,rebalance
2025-10-20,COPX,363,60.01035521386484,1.815,rebalance
2025-10-20,SLV,795,47.76477432136536,3.975,rebalance
2025-10-20,LIT,150,56.756954798345205,1.0,rebalance
2025-10-20,GDX,620,79.60983635704031,3.1,rebalance
2025-10-21,LIT,-414,57.42079478308089,2.07,rebalance
2025-10-21,TQQQ,-2214,53.54430687521269,11.07,rebalance
2025-10-21,COPX,92,59.25072935677772,1.0,rebalance
2025-10-21,SLV,1208,45.19451762657165,6.04,rebalance
2025-10-21,GDX,997,74.04965821659101,4.985,rebalance
2025-10-21,REMX,120,70.53967396679707,1.0,rebalance
2025-10-22,LIT,-57,56.29879016902893,1.0,rebalance
2025-10-22,TQQQ,-1337,53.320995677616075,6.6850000000000005,rebalance
2025-10-22,COPX,64,57.750956389019514,1.0,rebalance
2025-10-22,SLV,267,43.74437567863464,1.335,rebalance
2025-10-22,GDX,554,69.97881665368574,2.77,rebalance
2025-10-22,REMX,300,67.76012962368857,1.5,rebalance
2025-10-23,COPX,-330,58.87861750409717,1.6500000000000001,rebalance
2025-10-23,SLV,-504,44.715529220581054,2.52,rebalance
2025-10-23,LIT,-67,56.64631010251976,1.0,rebalance
2025-10-23,GDX,-851,73.97528377014022,4.255,rebalance
2025-10-23,REMX,-240,68.91512732756145,1.2,rebalance
2025-10-23,TQQQ,2420,51.75330275861027,12.1,rebalance
2025-10-24,LIT,-474,59.57543523840265,2.37,rebalance
2025-10-24,REMX,-41,70.97727941345856,1.0,rebalance
2025-10-24,TQQQ,-1943,54.5814454498892,9.715,rebalance
2025-10-24,COPX,432,59.202037500062936,2.16,rebalance
2025-10-24,SLV,1099,44.08440983123779,5.495,rebalance
2025-10-24,GDX,877,71.98444326591729,4.385,rebalance
2025-10-27,COPX,-112,60.41703523380034,1.0,rebalance
2025-10-27,TQQQ,-1833,56.82941369546737,9.165000000000001,rebalance
2025-10-27,SLV,1116,42.9742982208252,5.58,rebalance
2025-10-27,LIT,6,60.46130151795352,1.0,rebalance
2025-10-27,GDX,814,69.65116138544211,4.07,rebalance
2025-10-27,REMX,82,71.69863841054466,1.0,rebalance
2025-10-28,TQQQ,-2275,58.3826483036523,11.375,rebalance
2025-10-28,COPX,566,58.44241323763565,2.83,rebalance
2025-10-28,SLV,247,42.3642366104126,1.235,rebalance
2025-10-28,LIT,53,59.96473880518672,1.0,rebalance
2025-10-28,GDX,284,68.1518971225513,1.42,rebalance
2025-10-28,REMX,990,67.35743616591398,4.95,rebalance
2025-10-29,COPX,-235,60.972036838800115,1.175,rebalance
2025-10-29,SLV,-92,43.83561615257263,1.0,rebalance
2025-10-29,GDX,-506,72.36712549117382,2.5300000000000002,rebalance
2025-10-29,LIT,240,61.126692563784246,1.2,rebalance
2025-10-29,REMX,195,68.73248356592241,1.0,rebalance
2025-10-29,TQQQ,451,59.8436298921368,2.255,rebalance
2025-10-30,SLV,-112,43.675632305145264,1.0,rebalance
2025-10-30,LIT,-529,62.276190711466185,2.645,rebalance
2025-10-30,REMX,-364,69.60251048593106,1.82,rebalance
2025-10-30,COPX,37,60.409642486242554,1.0,rebalance
2025-10-30,GDX,344,70.41568079102596,1.72,rebalance
2025-10-30,TQQQ,623,58.86088044306435,3.115,rebalance
2025-10-31,SLV,-28239,44.475551542282105,141.195,rebalance
2025-10-31,GDX,-17518,72.37705937361905,87.59,rebalance
2025-10-31,TQQQ,-105,59.295723900021315,1.0,rebalance
2025-10-31,COPX,271,59.98113883215466,1.355,rebalance
2025-10-31,LIT,295,61.74242675368291,1.475,rebalance
2025-10-31,REMX,200,69.25302980636009,1.0,rebalance
2025-10-31,TAN,25842,48.02480245780945,129.21,rebalance
2025-10-31,XBI,11134,111.39295326113765,55.67,rebalance
2025-11-03,TQQQ,-253,59.54880822357428,1.2650000000000001,rebalance
2025-11-03,TAN,-982,49.94500576286316,4.91,rebalance
2025-11-03,COPX,209,59.4162856175196,1.045,rebalance
2025-11-03,LIT,94,61.49414884911484,1.0,rebalance
2025-11-03,REMX,513,67.36725366628104,2.565,rebalance
2025-11-03,XBI,102,110.51663876956377,1.0,rebalance
2025-11-04,COPX,-31,56.60019854377163,1.0,rebalance
2025-11-04,LIT,-154,58.93996653842427,1.0,rebalance
2025-11-04,TAN,-74,47.65523384742737,1.0,rebalance
2025-11-04,XBI,-284,107.85612240713995,1.42,rebalance
2025-11-04,REMX,282,63.124267060178866,1.41,rebalance
2025-11-04,TQQQ,485,56.265026878110184,2.4250000000000003,rebalance
2025-11-05,COPX,-371,57.20388255300419,1.855,rebalance
2025-11-05,LIT,-179,59.03925828522224,1.0,rebalance
2025-11-05,REMX,-13,62.69921603909166,1.0,rebalance
2025-11-05,TAN,-642,48.565142694854735,3.21,rebalance
2025-11-05,XBI,-5,107.11935071303039,1.0,rebalance
2025-11-05,TQQQ,1170,54.934836879080805,5.8500000000000005,rebalance
2025-11-06,COPX,-63,58.71309156495684,1.0,rebalance
2025-11-06,LIT,-52,60.56836026410174,1.0,rebalance
2025-11-06,TAN,-890,51.59483847427368,4.45,rebalance
2025-11-06,REMX,199,63.487675818598966,1.0,rebalance
2025-11-06,TQQQ,563,55.77365066986312,2.815,rebalance
2025-11-06,XBI,80,108.8137688427996,1.0,rebalance
2025-11-07,COPX,-1023,58.43072186242163,5.115,rebalance
2025-11-07,LIT,-823,59.74423407616981,4.115,rebalance
2025-11-07,REMX,-18901,61.71723733409921,94.505,rebalance
2025-11-07,TAN,-425,49.685029626846315,2.125,rebalance
2025-11-07,XBI,-511,107.86606928820572,2.555,rebalance
2025-11-07,SLV,25769,44.02440245780945,128.845,rebalance
2025-11-07,TQQQ,828,52.125555060704855,4.14,rebalance
2025-11-10,TAN,-164,51.95480308456421,1.0,rebalance
2025-11-10,COPX,3,60.662855732517194,1.0,rebalance
2025-11-10,SLV,302,45.174515168762206,1.51,rebalance
2025-11-10,LIT,244,61.245867667318464,1.22,rebalance
2025-11-10,TQQQ,401,54.81075393682422,2.005,rebalance
2025-11-10,XBI,208,109.8195482007417,1.04,rebalance
2025-11-11,SLV,-453,46.27537077941894,2.265,rebalance
2025-11-11,TQQQ,-62,55.21663066745199,1.0,rebalance
2025-11-11,COPX,108,60.73102754729049,1.0,rebalance
2025-11-11,LIT,36,61.54380674538504,1.0,rebalance
2025-11-11,TAN,51,52.195217626571655,1.0,rebalance
2025-11-11,XBI,112,109.42121999711787,1.0,rebalance
2025-11-12,SLV,-88,47.09528847427368,1.0,rebalance
2025-11-12,TQQQ,-436,56.33813543890625,2.18,rebalance
2025-11-12,XBI,-216,113.21258603311205,1.08,rebalance
2025-11-12,COPX,233,60.867368806373264,1.165,rebalance
2025-11-12,LIT,251,61.613322463930956,1.2550000000000001,rebalance
2025-11-12,TAN,425,51.9651950843811,2.125,rebalance
2025-11-13,COPX,-566,62.13071978465044,2.83,rebalance
2025-11-13,SLV,-838,48.28517191543579,4.19,rebalance
2025-11-13,LIT,-776,63.616638851502245,3.88,rebalance
2025-11-13,XBI,-44,112.734684744317,1.0,rebalance
2025-11-13,TQQQ,1989,54.38390316372037,9.945,rebalance
2025-11-13,TAN,451,50.5450549156189,2.255,rebalance
2025-11-14,LIT,-311,61.859160409535775,1.555,rebalance
2025-11-14,TAN,-23592,47.08529115257263,117.96000000000001,rebalance
2025-11-14,XBI,-277,110.69365425674951,1.385,rebalance
2025-11-14,COPX,236,58.69562152558762,1.18,rebalance
2025-11-14,SLV,217,45.77457745780945,1.085,rebalance
2025-11-14,GDX,15616,73.01705211955398,78.08,rebalance
2025-11-14,TQQQ,2144,49.6240098381961,10.72,rebalance
2025-11-17,LIT,-19,63.358477068220765,1.0,rebalance
2025-11-17,GDX,-83,75.09702321724578,1.0,rebalance
2025-11-17,TQQQ,-814,51.316188291846586,4.07,rebalance
2025-11-17,COPX,362,58.958564311443006,1.81,rebalance
2025-11-17,SLV,556,45.814582373428344,2.7800000000000002,rebalance
2025-11-17,XBI,21,113.03607210319974,1.0,rebalance
2025-11-18,SLV,-495,45.86541193199158,2.475,rebalance
2025-11-18,GDX,-275,75.05731970697339,1.375,rebalance
2025-11-18,XBI,-223,113.43162889305655,1.115,rebalance
2025-11-18,COPX,39,57.770438316012445,1.0,rebalance
2025-11-18,LIT,129,61.782155542589365,1.0,rebalance
2025-11-18,TQQQ,1177,49.619043986013374,5.885,rebalance
2025-11-19,COPX,-56,58.0607258804497,1.0,rebalance
2025-11-19,SLV,-440,46.795319237136844,2.2,rebalance
2025-11-19,LIT,-184,62.53434926920419,1.0,rebalance
2025-11-19,GDX,-231,76.387515475799,1.155,rebalance
2025-11-19,XBI,-55,114.30776900688413,1.0,rebalance
2025-11-19,TQQQ,1210,48.96387903203373,6.05,rebalance
2025-11-20,TQQQ,-3065,52.5518181760335,15.325000000000001,rebalance
2025-11-20,COPX,362,58.81248340649302,1.81,rebalance
2025-11-20,SLV,1063,46.26462432136535,5.315,rebalance
2025-11-20,LIT,461,62.92424533982844,2.305,rebalance
2025-11-20,GDX,513,76.19429527917268,2.565,rebalance
2025-11-20,XBI,194,115.66503872372559,1.0,rebalance
2025-11-21,COPX,-444,55.86993889260454,2.22,rebalance
2025-11-21,SLV,-1091,44.89551152572632,5.455,rebalance
2025-11-21,LIT,-248,59.23784322960925,1.24,rebalance
2025-11-21,GDX,-364,72.48624585759934,1.82,rebalance
2025-11-21,XBI,-529,113.32210685973882,2.645,rebalance
2025-11-21,TQQQ,3759,46.50699066483982,18.795,rebalance
2025-11-24,TQQQ,-1100,48.333784326145675,5.5,rebalance
2025-11-24,XBI,-46,116.69727486652533,1.0,rebalance
2025-11-24,COPX,120,56.923161963637675,1.0,rebalance
2025-11-24,SLV,327,45.41454084739685,1.635,rebalance
2025-11-24,LIT,449,59.28941620515457,2.245,rebalance
2025-11-24,GDX,139,73.62271592987935,1.0,rebalance
2025-11-25,COPX,-59,59.00519666946647,1.0,rebalance
2025-11-25,GDX,-130,76.74488892939152,1.0,rebalance
2025-11-25,TQQQ,-461,50.25919478809164,2.305,rebalance
2025-11-25,SLV,207,46.554654236984256,1.035,rebalance
2025-11-25,LIT,237,60.53082183061099,1.185,rebalance
2025-11-25,XBI,105,119.33963266074612,1.0,rebalance
2025-11-26,TQQQ,-1292,52.512127310639535,6.46,rebalance
2025-11-26,COPX,275,59.796102025019394,1.375,rebalance
2025-11-26,SLV,272,47.31473237342834,1.36,rebalance
2025-11-26,LIT,189,61.583527944327535,1.0,rebalance
2025-11-26,GDX,149,78.09071481222651,1.0,rebalance
2025-11-26,XBI,126,121.04250159607324,1.0,rebalance
2025-11-28,COPX,-213,61.97493303330185,1.065,rebalance
2025-11-28,SLV,-585,49.66503116912842,2.9250000000000003,rebalance
2025-11-28,GDX,-297,81.6587089885401,1.485,rebalance
2025-11-28,LIT,278,62.26878413618272,1.3900000000000001,rebalance
2025-11-28,TQQQ,624,53.42596430194906,3.12,rebalance
2025-11-28,XBI,130,122.51631567802963,1.0,rebalance
2025-12-01,COPX,-453,63.82493255536052,2.265,rebalance
2025-12-01,SLV,-955,51.98480267829895,4.775,rebalance
2025-12-01,LIT,-51,62.81236767560595,1.0,rebalance
2025-12-01,GDX,-210,83.33635447583131,1.05,rebalance
2025-12-01,TQQQ,1513,52.72117017648878,7.565,rebalance
2025-12-01,XBI,160,121.34124502170963,1.0,rebalance
2025-12-02,SLV,-185,52.82471883087158,1.0,rebalance
2025-12-02,TQQQ,-1547,54.219195725202624,7.735,rebalance
2025-12-02,COPX,275,63.45788556337971,1.375,rebalance
2025-12-02,LIT,208,62.67596502747363,1.04,rebalance
2025-12-02,GDX,389,81.88354787543399,1.945,rebalance
2025-12-02,XBI,262,119.29980243473892,1.31,rebalance
2025-12-03,COPX,-339,64.53571808607154,1.695,rebalance
2025-12-03,SLV,-81,52.98470267829895,1.0,rebalance
2025-12-03,TQQQ,-75,54.24896384397986,1.0,rebalance
2025-12-03,LIT,250,61.87153366804331,1.25,rebalance
2025-12-03,GDX,57,81.54596328334081,1.0,rebalance
2025-12-03,XBI,86,118.2641458070604,1.0,rebalance
2025-12-04,COPX,-80,65.47045372938611,1.0,rebalance
2025-12-04,TQQQ,-1119,55.61859076299581,5.595,rebalance
2025-12-04,XBI,-106,120.68973817791644,1.0,rebalance
2025-12-04,SLV,562,52.285226779174806,2.81,rebalance
2025-12-04,LIT,180,61.950986886750854,1.0,rebalance
2025-12-04,GDX,499,79.76869030560053,2.495,rebalance
2025-12-05,COPX,-207,66.6972942411086,1.035,rebalance
2025-12-05,SLV,-10,52.70472808456421,1.0,rebalance
2025-12-05,GDX,-197,81.40060599135806,1.0,rebalance
2025-12-05,XBI,-136,123.22857626947622,1.0,rebalance
2025-12-05,LIT,18,62.378025782604816,1.0,rebalance
2025-12-05,TQQQ,829,55.451029207767164,4.1450000000000005,rebalance
2025-12-08,LIT,-171,63.30882904942502,1.0,rebalance
2025-12-08,GDX,-15575,80.4277716225955,77.875,rebalance
2025-12-08,TQQQ,-464,56.1446006694244,2.32,rebalance
2025-12-08,XBI,-47,124.60254504943701,1.0,rebalance
2025-12-08,COPX,235,66.32108328334833,1.175,rebalance
2025-12-08,SLV,74,52.8952883895874,1.0,rebalance
2025-12-08,REMX,17691,72.11114958880279,88.455,rebalance
2025-12-09,SLV,-581,53.384660389709474,2.9050000000000002,rebalance
2025-12-09,LIT,-159,62.86201575707677,1.0,rebalance
2025-12-09,COPX,276,64.41228509150075,1.3800000000000001,rebalance
2025-12-09,REMX,4,71.05040174118498,1.0,rebalance
2025-12-09,TQQQ,379,55.04402981830881,1.895,rebalance
2025-12-09,XBI,16,122.56611138824236,1.0,rebalance
2025-12-10,COPX,-171,65.64571076039142,1.0,rebalance
2025-12-10,SLV,-506,55.124488068008425,2.5300000000000002,rebalance
2025-12-10,LIT,-84,63.78543121807574,1.0,rebalance
2025-12-10,REMX,-218,72.67610242708339,1.09,rebalance
2025-12-10,TQQQ,516,55.24256998574956,2.58,rebalance
2025-12-10,XBI,264,120.72383612341486,1.32,rebalance
2025-12-11,COPX,-123,66.45387172206354,1.0,rebalance
2025-12-11,SLV,-534,56.76432345771789,2.67,rebalance
2025-12-11,LIT,-69,64.38118934064593,1.0,rebalance
2025-12-11,XBI,-4,121.47627672115951,1.0,rebalance
2025-12-11,REMX,240,72.12097459545971,1.2,rebalance
2025-12-11,TQQQ,474,55.22271428458885,2.37,rebalance
2025-12-12,COPX,-346,68.10912987792058,1.73,rebalance
2025-12-12,SLV,-536,58.524145779418944,2.68,rebalance
2025-12-12,REMX,-211,73.4518613681605,1.055,rebalance
2025-12-12,XBI,-18,122.4719071210564,1.0,rebalance
2025-12-12,LIT,81,64.54303131596332,1.0,rebalance
2025-12-12,TQQQ,1232,54.706521194932826,6.16,rebalance
2025-12-15,COPX,-206,67.8462366179239,1.03,rebalance
2025-12-15,SLV,-66,57.83421615257263,1.0,rebalance
2025-12-15,REMX,-17506,71.21295172866542,87.53,rebalance
2025-12-15,XBI,-188,122.87015512095564,1.0,rebalance
2025-12-15,LIT,35,63.48039236528278,1.0,rebalance
2025-12-15,GDX,14751,85.89482034660857,73.755,rebalance
2025-12-15,TQQQ,337,53.66421249007016,1.685,rebalance
2025-12-16,COPX,-140,66.50255848436963,1.0,rebalance
2025-12-16,SLV,-509,57.60423961029053,2.545,rebalance
2025-12-16,LIT,-257,62.55420581377653,1.285,rebalance
2025-12-16,GDX,-171,84.53751343913738,1.0,rebalance
2025-12-16,XBI,-180,121.6654486985255,1.0,rebalance
2025-12-16,TQQQ,1784,51.05346653457935,8.92,rebalance
2025-12-17,SLV,-210,59.2640734577179,1.05,rebalance
2025-12-17,LIT,-25,63.80529289043,1.0,rebalance
2025-12-17,TQQQ,-388,52.254081529779924,1.94,rebalance
2025-12-17,COPX,31,67.64555773883981,1.0,rebalance
2025-12-17,GDX,107,85.49766466066897,1.0,rebalance
2025-12-17,XBI,189,121.67982737543349,1.0,rebalance
2025-12-18,COPX,-109,67.31071017765923,1.0,rebalance
2025-12-18,SLV,-418,59.81401769485473,2.09,rebalance
2025-12-18,GDX,-22,84.70626793441178,1.0,rebalance
2025-12-18,XBI,-18,120.58021569057745,1.0,rebalance
2025-12-18,LIT,54,62.96397223026455,1.0,rebalance
2025-12-18,TQQQ,644,51.29170304649481,3.22,rebalance
2025-12-19,COPX,-86,68.06045144044104,1.0,rebalance
2025-12-19,LIT,-49,63.5173462865153,1.0,rebalance
2025-12-19,TQQQ,-299,51.8074627765584,1.495,rebalance
2025-12-19,SLV,143,59.795979915618894,1.0,rebalance
2025-12-19,GDX,50,84.97143736072202,1.0,rebalance
2025-12-19,XBI,96,120.23587077105705,1.0,rebalance
2025-12-22,SLV,-105,62.593738474273685,1.0,rebalance
2025-12-22,LIT,-19683,64.55991019132206,98.415,rebalance
2025-12-22,GDX,-188,89.65103766174316,1.0,rebalance
2025-12-22,TQQQ,-634,54.397836669181835,3.17,rebalance
2025-12-22,COPX,71,70.63535680287589,1.0,rebalance
2025-12-22,XLV,8554,152.27729657125596,42.77,rebalance
2025-12-22,XBI,170,123.21138537745959,1.0,rebalance
2025-12-23,XLV,-25,152.78018850289143,1.0,rebalance
2025-12-23,COPX,-168,71.31255234341543,1.0,rebalance
2025-12-23,SLV,-342,63.67363230514526,1.71,rebalance
2025-12-23,GDX,-104,90.34096347427368,1.0,rebalance
2025-12-23,XBI,-171,125.32443174141895,1.0,rebalance
2025-12-23,TQQQ,1277,53.57486862986101,6.385,rebalance
2025-12-24,COPX,-7,72.12071137991991,1.0,rebalance
2025-12-24,SLV,-222,65.07349383087158,1.11,rebalance
2025-12-24,TQQQ,-579,54.542658198699954,2.895,rebalance
2025-12-24,XLV,65,153.28491414511404,1.0,rebalance
2025-12-24,GDX,246,89.80898305206298,1.23,rebalance
2025-12-24,XBI,115,125.3295219057517,1.0,rebalance
2025-12-26,SLV,-557,67.82321883087158,2.785,rebalance
2025-12-26,XLV,88,153.79859595709124,1.0,rebalance
2025-12-26,COPX,33,72.97267110173364,1.0,rebalance
2025-12-26,GDX,14,90.9390933052063,1.0,rebalance
2025-12-26,TQQQ,134,55.199817429188435,1.0,rebalance
2025-12-26,XBI,104,125.77911739960061,1.0,rebalance
2025-12-29,XLV,-200,154.143142869933,1.0,rebalance
2025-12-29,COPX,-185,72.17912844899888,1.0,rebalance
2025-12-29,XBI,-63,123.89597813079962,1.0,rebalance
2025-12-29,SLV,228,65.66656966247558,1.1400000000000001,rebalance
2025-12-29,GDX,357,86.9386933052063,1.7850000000000001,rebalance
2025-12-29,TQQQ,114,53.97691116478701,1.0,rebalance
2025-12-30,XLV,-8482,153.738211127913,42.410000000000004,rebalance
2025-12-30,COPX,-29,72.80528294609984,1.0,rebalance
2025-12-30,SLV,-860,69.10308961029052,4.3,rebalance
2025-12-30,GDX,-85,88.04119805145264,1.0,rebalance
2025-12-30,LIT,20130,65.41537437502555,100.65,rebalance
2025-12-30,TQQQ,707,53.887434769103756,3.535,rebalance
2025-12-30,XBI,146,123.0315436510072,1.0,rebalance
2025-12-31,COPX,-95,72.3169920800663,1.0,rebalance
2025-12-31,LIT,-136,65.06377571378187,1.0,rebalance
2025-12-31,TQQQ,-868,53.80707161983202,4.34,rebalance
2025-12-31,SLV,797,65.5465549156189,3.985,rebalance
2025-12-31,GDX,93,86.45864194793701,1.0,rebalance
2025-12-31,XBI,17,121.4029776074903,1.0,rebalance
2026-01-02,COPX,-100,73.2836096430581,1.0,rebalance
2026-01-02,LIT,-7,65.59145349420828,1.0,rebalance
2026-01-02,SLV,-368,67.29327305145264,1.84,rebalance
2026-01-02,GDX,1,87.12871474685669,1.0,rebalance
2026-01-02,TQQQ,565,53.85760052665104,2.825,rebalance
2026-01-02,XBI,17,122.16230500620127,1.0,rebalance
2026-01-05,COPX,-248,74.78835202591914,1.24,rebalance
2026-01-05,LIT,-158,66.53729395516872,1.0,rebalance
2026-01-05,SLV,-483,69.44305194854736,2.415,rebalance
2026-01-05,GDX,-17,87.77122077941894,1.0,rebalance
2026-01-05,TQQQ,852,53.638873001872746,4.26,rebalance
2026-01-05,XBI,151,121.22313736412477,1.0,rebalance
2026-01-06,COPX,-412,77.38924822431545,2.06,rebalance
2026-01-06,LIT,-204,67.94112051108947,1.02,rebalance
2026-01-06,SLV,-330,71.42285730514527,1.6500000000000001,rebalance
2026-01-06,GDX,-94,89.2610696434021,1.0,rebalance
2026-01-06,TQQQ,916,53.609044734376866,4.58,rebalance
2026-01-06,XBI,239,119.88431638098498,1.195,rebalance
2026-01-07,LIT,-50,68.59823050993603,1.0,rebalance
2026-01-07,TQQQ,-888,54.56253861567095,4.44,rebalance
2026-01-07,XBI,-189,122.81714142765784,1.0,rebalance
2026-01-07,COPX,384,76.24854252416854,1.92,rebalance
2026-01-07,SLV,564,69.8269816947937,2.82,rebalance
2026-01-07,GDX,72,89.4689450843811,1.0,rebalance
2026-01-08,GDX,-44,89.10108961029053,1.0,rebalance
2026-01-08,TQQQ,-542,54.54265333834115,2.71,rebalance
2026-01-08,XBI,-244,124.73506774269454,1.22,rebalance
2026-01-08,COPX,287,74.50429262137844,1.435,rebalance
2026-01-08,LIT,33,68.01446507077624,1.0,rebalance
2026-01-08,SLV,599,67.2467218635559,2.995,rebalance
2026-01-09,COPX,-339,76.72158386684116,1.695,rebalance
2026-01-09,SLV,-936,71.30286655883789,4.68,rebalance
2026-01-09,GDX,-289,91.8008165588379,1.445,rebalance
2026-01-09,LIT,356,67.49663422470128,1.78,rebalance
2026-01-09,TQQQ,1573,54.076333149440565,7.865,rebalance
2026-01-09,XBI,81,125.0897250044846,1.0,rebalance
2026-01-12,COPX,-179,78.99362672275466,1.0,rebalance
2026-01-12,LIT,-61,68.98651900664596,1.0,rebalance
2026-01-12,SLV,-854,76.10238961029053,4.2700000000000005,rebalance
2026-01-12,GDX,-251,95.18048344116211,1.2550000000000001,rebalance
2026-01-12,TQQQ,1260,54.28512460500004,6.3,rebalance
2026-01-12,XBI,313,123.87080390662956,1.565,rebalance
2026-01-13,COPX,-46,80.99662809200919,1.0,rebalance
2026-01-13,SLV,-495,80.02199577941894,2.475,rebalance
2026-01-13,TQQQ,-108,55.576451179172764,1.0,rebalance
2026-01-13,LIT,95,70.225172089792,1.0,rebalance
2026-01-13,GDX,46,97.0397017791748,1.0,rebalance
2026-01-13,XBI,310,123.25134509349627,1.55,rebalance
2026-01-14,COPX,-119,81.30554449090714,1.0,rebalance
2026-01-14,SLV,-749,83.33166233825683,3.745,rebalance
2026-01-14,GDX,-14472,98.40016266174317,72.36,rebalance
2026-01-14,XBI,-73,123.6462473520596,1.0,rebalance
2026-01-14,LIT,87,69.70735480323953,1.0,rebalance
2026-01-14,REMX,15640,89.5189531364441,78.2,rebalance
2026-01-14,TQQQ,1824,54.23541017467082,9.120000000000001,rebalance
2026-01-15,LIT,-72,70.77863437578372,1.0,rebalance
2026-01-15,REMX,-163,91.52084577941895,1.0,rebalance
2026-01-15,TQQQ,-687,55.31800722656946,3.435,rebalance
2026-01-15,XBI,-111,126.36330568813244,1.0,rebalance
2026-01-15,COPX,144,81.60089046747353,1.0,rebalance
2026-01-15,SLV,746,80.74807186355591,3.73,rebalance
2026-01-16,COPX,-20,80.77739255183518,1.0,rebalance
2026-01-16,SLV,-105,80.32196883087158,1.0,rebalance
2026-01-16,TQQQ,-446,54.98997379038463,2.23,rebalance
2026-01-16,LIT,85,69.70735039060395,1.0,rebalance
2026-01-16,REMX,262,89.0089,1.31,rebalance
2026-01-16,XBI,43,124.49025397694106,1.0,rebalance
2026-01-20,COPX,-500,81.26568953237269,2.5,rebalance
2026-01-20,LIT,-327,69.22546570850379,1.635,rebalance
2026-01-20,SLV,-1558,86.18138344116211,7.79,rebalance
2026-01-20,REMX,-220,88.19117694854737,1.1,rebalance
2026-01-20,XBI,-61,122.28771137600876,1.0,rebalance
2026-01-20,TQQQ,4391,51.09363279695664,21.955000000000002,rebalance
2026-01-21,COPX,-382,84.28512087328184,1.9100000000000001,rebalance
2026-01-21,LIT,-398,71.60500022484563,1.99,rebalance
2026-01-21,REMX,-486,92.28077191543579,2.43,rebalance
2026-01-21,XBI,-102,125.08469236249432,1.0,rebalance
2026-01-21,SLV,325,85.6085584739685,1.625,rebalance
2026-01-21,TQQQ,1782,50.77548111085088,8.91,rebalance
2026-01-22,TQQQ,-3014,53.995939261669136,15.07,rebalance
2026-01-22,XBI,-11090,128.1413814910128,55.45,rebalance
2026-01-22,COPX,685,83.22553246724756,3.4250000000000003,rebalance
2026-01-22,LIT,295,72.5454339210953,1.475,rebalance
2026-01-22,SLV,620,84.7984799156189,3.1,rebalance
2026-01-22,GDX,14106,101.1501133895874,70.53,rebalance
2026-01-22,REMX,277,93.15931652603149,1.385,rebalance
2026-01-23,LIT,-46,73.92479302290849,1.0,rebalance
2026-01-23,SLV,-741,90.18098344116211,3.705,rebalance
2026-01-23,GDX,-359,105.51944577941894,1.795,rebalance
2026-01-23,REMX,-435,97.52024577941894,2.1750000000000003,rebalance
2026-01-23,COPX,84,84.21227576826719,1.0,rebalance
2026-01-23,TQQQ,2693,53.28095044225246,13.465,rebalance
2026-01-26,COPX,-538,90.48344024224271,2.69,rebalance
2026-01-26,SLV,-886,99.36006574630737,4.43,rebalance
2026-01-26,GDX,-102,110.67893344116212,1.0,rebalance
2026-01-26,REMX,-74,102.0297969154358,1.0,rebalance
2026-01-26,LIT,481,75.1345635719332,2.4050000000000002,rebalance
2026-01-26,TQQQ,2205,54.15587464370468,11.025,rebalance
2026-01-27,TQQQ,-2958,55.646031663863845,14.790000000000001,rebalance
2026-01-27,COPX,308,88.40843345947127,1.54,rebalance
2026-01-27,LIT,183,74.0789970335377,1.0,rebalance
2026-01-27,SLV,137,97.98980135726929,1.0,rebalance
2026-01-27,GDX,279,107.9307901687622,1.395,rebalance
2026-01-27,REMX,834,96.11961161041259,4.17,rebalance
2026-01-28,COPX,-156,91.8287338235293,1.0,rebalance
2026-01-28,SLV,-287,102.76972077941895,1.435,rebalance
2026-01-28,TQQQ,-125,57.35577425945561,1.0,rebalance
2026-01-28,LIT,362,74.91549167118997,1.81,rebalance
2026-01-28,GDX,88,110.39103525314331,1.0,rebalance
2026-01-28,REMX,145,98.0198031364441,1.0,rebalance
2026-01-29,COPX,-1093,99.39226693114,5.465,rebalance
2026-01-29,LIT,-20648,74.18365666762087,103.24000000000001,rebalance
2026-01-29,SLV,-756,109.51904577941895,3.7800000000000002,rebalance
2026-01-29,GDX,-193,113.2786719154358,1.0,rebalance
2026-01-29,REMX,526,96.0096,2.63,rebalance
2026-01-29,TQQQ,2286,56.62156948343109,11.43,rebalance
2026-01-29,TAN,27359,57.19571762657166,136.79500000000002,rebalance
2026-01-30,TQQQ,-4504,54.69176313077967,22.52,rebalance
2026-01-30,TAN,-1119,54.814517694854736,5.595,rebalance
2026-01-30,COPX,699,87.4615567414487,3.495,rebalance
2026-01-30,SLV,1809,89.3389348312378,9.045,rebalance
2026-01-30,GDX,724,98.91989466247558,3.62,rebalance
2026-01-30,REMX,152,87.40874152603149,1.0,rebalance
2026-02-02,COPX,-262,84.46449366524179,1.31,rebalance
2026-02-02,REMX,-522,85.79142305145264,2.61,rebalance
2026-02-02,TQQQ,-1424,52.84285745923326,7.12,rebalance
2026-02-02,TAN,-697,53.52464577941895,3.485,rebalance
2026-02-02,SLV,2424,73.80738305206299,12.120000000000001,rebalance
2026-02-02,GDX,5,93.97939822082519,1.0,rebalance
2026-02-03,COPX,-57,88.80929450686259,1.0,rebalance
2026-02-03,SLV,-404,79.04209805145264,2.02,rebalance
2026-02-03,GDX,-192,99.7800219154358,1.0,rebalance
2026-02-03,REMX,168,88.958891947937,1.0,rebalance
2026-02-03,TQQQ,89,55.319126032930946,1.0,rebalance
2026-02-03,TAN,665,54.66546584739685,3.325,rebalance
2026-02-04,COPX,-547,91.38029207490402,2.735,rebalance
2026-02-04,SLV,-882,82.59173847427368,4.41,rebalance
2026-02-04,GDX,-258,100.99990113601685,1.29,rebalance
2026-02-04,REMX,-291,90.04099805145263,1.455,rebalance
2026-02-04,TAN,-1661,58.00419732170105,8.305,rebalance
2026-02-04,TQQQ,5235,51.83930868387058,26.175,rebalance
2026-02-05,GDX,-227,94.53054691543579,1.135,rebalance
2026-02-05,REMX,-101,83.45165308456421,1.0,rebalance
2026-02-05,TQQQ,-702,48.1013127977867,3.5100000000000002,rebalance
2026-02-05,TAN,-24547,56.514348457717894,122.735,rebalance
2026-02-05,COPX,59,83.8434941501863,1.0,rebalance
2026-02-05,SLV,1978,68.23682635726928,9.89,rebalance
2026-02-05,XLB,25835,50.733584389571185,129.175,rebalance
2026-02-06,GDX,-95,95.12048425369262,1.0,rebalance
2026-02-06,REMX,-225,84.61154074630737,1.125,rebalance
2026-02-06,COPX,50,83.52454605055134,1.0,rebalance
2026-02-06,SLV,133,67.7267732208252,1.0,rebalance
2026-02-06,TQQQ,37,48.061225493320435,1.0,rebalance
2026-02-06,XLB,261,50.220130530976405,1.305,rebalance
2026-02-09,SLV,-706,72.87270925369263,3.5300000000000002,rebalance
2026-02-09,COPX,72,86.20569858861538,1.0,rebalance
2026-02-09,GDX,11,98.55985805206299,1.0,rebalance
2026-02-09,REMX,65,87.3787397468567,1.0,rebalance
2026-02-09,TQQQ,114,49.771305737252916,1.0,rebalance
2026-02-09,XLB,642,50.822460600477775,3.21,rebalance
2026-02-10,GDX,-105,102.2597696434021,1.0,rebalance
2026-02-10,TQQQ,-736,51.65995663882388,3.68,rebalance
2026-02-10,COPX,86,88.28883160825971,1.0,rebalance
2026-02-10,SLV,81,74.72747322082519,1.0,rebalance
2026-02-10,REMX,143,89.15891652603149,1.0,rebalance
2026-02-10,XLB,437,51.493900016740014,2.185,rebalance
2026-02-11,COPX,-149,90.64287510453964,1.0,rebalance
2026-02-11,SLV,-223,76.91230616912841,1.115,rebalance
2026-02-11,GDX,-190,105.47944886398315,1.0,rebalance
2026-02-11,REMX,-63,91.04089805145264,1.0,rebalance
2026-02-11,XLB,-33,52.431333939097485,1.0,rebalance
2026-02-11,TQQQ,1121,51.90890494441438,5.605,rebalance
2026-02-12,COPX,-149,91.25075374999227,1.0,rebalance
2026-02-12,REMX,-255,92.28077191543579,1.2750000000000001,rebalance
2026-02-12,XLB,-361,52.98417597696729,1.805,rebalance
2026-02-12,SLV,370,75.1975214416504,1.85,rebalance
2026-02-12,GDX,46,104.8304816947937,1.0,rebalance
2026-02-12,TQQQ,458,51.50127028017973,2.29,rebalance
2026-02-13,COPX,-20,86.4076944606386,1.0,rebalance
2026-02-13,SLV,-25,71.2028780845642,1.0,rebalance
2026-02-13,GDX,-239,100.90990616912842,1.195,rebalance
2026-02-13,REMX,-22,87.40126266174316,1.0,rebalance
2026-02-13,XLB,-908,51.868620210965524,4.54,rebalance
2026-02-13,TQQQ,1601,47.872321801518126,8.005,rebalance
2026-02-17,GDX,-45,99.85001461029053,1.0,rebalance
2026-02-17,REMX,-351,88.2011780845642,1.7550000000000001,rebalance
2026-02-17,TQQQ,-305,47.35578668114416,1.5250000000000001,rebalance
2026-02-17,XLB,-436,52.02657325057984,2.18,rebalance
2026-02-17,COPX,203,84.12257524612085,1.0150000000000001,rebalance
2026-02-17,SLV,825,67.27672364273072,4.125,rebalance
2026-02-18,COPX,-38,86.03898018380339,1.0,rebalance
2026-02-18,SLV,-284,69.65303766174317,1.42,rebalance
2026-02-18,REMX,-58,90.36096574630737,1.0,rebalance
2026-02-18,GDX,10,101.8301816947937,1.0,rebalance
2026-02-18,TQQQ,162,48.25012690141384,1.0,rebalance
2026-02-18,XLB,371,52.33320703994388,1.855,rebalance
2026-02-19,SLV,-301,70.67293230514527,1.5050000000000001,rebalance
2026-02-19,GDX,-39,101.99980113601684,1.0,rebalance
2026-02-19,TQQQ,-371,48.37964510892447,1.855,rebalance
2026-02-19,COPX,333,84.17240506149639,1.665,rebalance
2026-02-19,REMX,87,89.74897186355591,1.0,rebalance
2026-02-19,XLB,142,51.987609845612944,1.0,rebalance
2026-02-20,COPX,-243,85.56065564564388,1.215,rebalance
2026-02-20,SLV,-611,73.10268961029053,3.055,rebalance
2026-02-20,GDX,-277,104.31956883087159,1.385,rebalance
2026-02-20,XLB,-25950,51.947594541079376,129.75,rebalance
2026-02-20,REMX,233,88.48885135726928,1.165,rebalance
2026-02-20,TQQQ,1494,47.68341569226705,7.47,rebalance
2026-02-20,TAN,23134,58.3658366104126,115.67,rebalance
2026-02-23,COPX,-104,89.11821091361722,1.0,rebalance
2026-02-23,SLV,-649,78.39216152572632,3.245,rebalance
2026-02-23,GDX,19,107.7907767791748,1.0,rebalance
2026-02-23,REMX,385,89.30893305206298,1.925,rebalance
2026-02-23,TQQQ,179,49.24435789925775,1.0,rebalance
2026-02-23,TAN,249,59.77597745780945,1.245,rebalance
2026-02-24,COPX,-194,89.5965382043781,1.0,rebalance
2026-02-24,SLV,-88,78.2221803565979,1.0,rebalance
2026-02-24,REMX,-429,91.16088116912842,2.145,rebalance
2026-02-24,TAN,-94,59.58404115257263,1.0,rebalance
2026-02-24,GDX,2,107.0107,1.0,rebalance
2026-02-24,TQQQ,1427,48.170593044626536,7.135,rebalance
2026-02-25,COPX,-284,95.63540957084459,1.42,rebalance
2026-02-25,GDX,-6,112.16878230514527,1.0,rebalance
2026-02-25,REMX,-624,99.61004074630738,3.12,rebalance
2026-02-25,SLV,24,81.8681866104126,1.0,rebalance
2026-02-25,TQQQ,414,50.25848119050742,2.07,rebalance
2026-02-25,TAN,1129,59.55595423698425,5.6450000000000005,rebalance
2026-02-26,TQQQ,-2602,51.32198993065779,13.01,rebalance
2026-02-26,COPX,393,92.66440147117316,1.965,rebalance
2026-02-26,SLV,584,78.7678781364441,2.92,rebalance
2026-02-26,GDX,127,110.4110415260315,1.0,rebalance
2026-02-26,REMX,153,97.97979822082519,1.0,rebalance
2026-02-26,TAN,378,58.285826779174805,1.8900000000000001,rebalance
2026-02-27,COPX,-548,95.00760192101953,2.74,rebalance
2026-02-27,SLV,-1172,83.241675,5.86,rebalance
2026-02-27,GDX,-676,115.17848344116211,3.38,rebalance
2026-02-27,REMX,-436,99.88001038970947,2.18,rebalance
2026-02-27,TAN,-24796,56.63433538970947,123.98,rebalance
2026-02-27,XLE,26208,54.56417709623884,131.04,rebalance
2026-02-27,TQQQ,5088,48.170593670583365,25.44,rebalance
2026-03-02,GDX,-226,116.4483530845642,1.1300000000000001,rebalance
2026-03-02,XLE,-1152,56.641666975201055,5.76,rebalance
2026-03-02,REMX,-89,99.7600196434021,1.0,rebalance
2026-03-02,COPX,135,93.48170331445112,1.0,rebalance
2026-03-02,SLV,309,81.1781151687622,1.545,rebalance
2026-03-02,TQQQ,1329,47.18629690845922,6.6450000000000005,rebalance
2026-03-03,XLE,-920,56.2690837577503,4.6000000000000005,rebalance
2026-03-03,TQQQ,-2982,46.53074229787693,14.91,rebalance
2026-03-03,COPX,690,85.56780102078613,3.45,rebalance
2026-03-03,SLV,817,74.2174200843811,4.085,rebalance
2026-03-03,GDX,447,107.5007468635559,2.235,rebalance
2026-03-03,REMX,242,93.87938974685669,1.21,rebalance
2026-03-04,COPX,-89,88.22134632447775,1.0,rebalance
2026-03-04,SLV,-59,76.33236233825684,1.0,rebalance
2026-03-04,REMX,-128,97.11029074630737,1.0,rebalance
2026-03-04,TQQQ,-1384,48.39952286574541,6.92,rebalance
2026-03-04,GDX,240,108.17081966247558,1.2,rebalance
2026-03-04,XLE,1198,54.97606000116293,5.99,rebalance
2026-03-05,XLE,-352,55.42588113354367,1.76,rebalance
2026-03-05,TQQQ,-1992,49.145050748299354,9.96,rebalance
2026-03-05,COPX,534,84.86014169517202,2.67,rebalance
2026-03-05,SLV,234,74.94749644165039,1.17,rebalance
2026-03-05,GDX,414,104.210416947937,2.07,rebalance
2026-03-05,REMX,118,95.77957364273071,1.0,rebalance
2026-03-06,COPX,-16318,80.18945315940442,81.59,rebalance
2026-03-06,SLV,-592,75.08248733825684,2.96,rebalance
2026-03-06,XLE,-1017,56.0337723251962,5.085,rebalance
2026-03-06,USO,12744,105.39053525314331,63.72,rebalance
2026-03-06,GDX,242,99.259925,1.21,rebalance
2026-03-06,REMX,177,91.7691781364441,1.0,rebalance
2026-03-06,TQQQ,560,47.38514904860893,2.8000000000000003,rebalance
2026-03-09,USO,-1460,119.40805616912841,7.3,rebalance
2026-03-09,COPX,-1,77.18994167265787,1.0,rebalance
2026-03-09,SLV,-255,76.42235730514527,1.2750000000000001,rebalance
2026-03-09,GDX,128,98.6498633895874,1.0,rebalance
2026-03-09,XLE,210,55.74097440564219,1.05,rebalance
2026-03-09,REMX,179,90.95909194793701,1.0,rebalance
2026-03-09,TQQQ,3337,45.92362149956621,16.685,rebalance
2026-03-10,SLV,-416,80.88191038970947,2.08,rebalance
2026-03-10,GDX,-277,104.04959155883789,1.385,rebalance
2026-03-10,REMX,-225,95.44045194854736,1.125,rebalance
2026-03-10,TQQQ,-3317,49.11523044273061,16.585,rebalance
2026-03-10,USO,1713,107.14071025314331,8.565,rebalance
2026-03-10,XLE,1151,54.97605741497826,5.755,rebalance
2026-03-11,REMX,-185,95.9904,1.0,rebalance
2026-03-11,TQQQ,-1168,49.38361669400181,5.84,rebalance
2026-03-11,USO,168,105.0405017791748,1.0,rebalance
2026-03-11,SLV,506,78.0378017791748,2.5300000000000002,rebalance
2026-03-11,GDX,167,102.06020805206299,1.0,rebalance
2026-03-11,XLE,22,54.554372230989294,1.0,rebalance
2026-03-12,USO,-1184,115.67843344116211,5.92,rebalance
2026-03-12,SLV,-70,78.52214577941895,1.0,rebalance
2026-03-12,XLE,-606,56.01416898318471,3.0300000000000002,rebalance
2026-03-12,GDX,168,101.05010491561889,1.0,rebalance
2026-03-12,REMX,72,95.7495718635559,1.0,rebalance
2026-03-12,TQQQ,3187,47.872321593415904,15.935,rebalance
2026-03-13,USO,-136,115.06849383087159,1.0,rebalance
2026-03-13,GDX,-13717,98.40016266174317,68.58500000000001,rebalance
2026-03-13,XLE,-567,56.37693726337059,2.835,rebalance
2026-03-13,COPX,17149,79.48785578686434,85.745,rebalance
2026-03-13,SLV,268,76.0776066947937,1.34,rebalance
2026-03-13,REMX,146,93.20931694793701,1.0,rebalance
2026-03-13,TQQQ,1,47.0769358478735,1.0,rebalance
2026-03-16,USO,-284,116.91830730514526,1.42,rebalance
2026-03-16,XLE,-307,56.631860759388466,1.5350000000000001,rebalance
2026-03-16,TQQQ,-829,47.08739820370538,4.1450000000000005,rebalance
2026-03-16,COPX,278,77.57416629757738,1.3900000000000001,rebalance
2026-03-16,SLV,533,73.26732813644409,2.665,rebalance
2026-03-16,REMX,320,90.46904508438111,1.6,rebalance
2026-03-17,XLE,-37,57.092680414442185,1.0,rebalance
2026-03-17,TQQQ,-870,47.8329257119968,4.3500000000000005,rebalance
2026-03-17,USO,27,117.4317401687622,1.0,rebalance
2026-03-17,COPX,79,77.73363691904787,1.0,rebalance
2026-03-17,SLV,147,73.16731966247559,1.0,rebalance
2026-03-17,REMX,264,89.48895135726929,1.32,rebalance
2026-03-18,USO,-444,121.01789577941895,2.22,rebalance
2026-03-18,XLE,-416,57.59271937921825,2.08,rebalance
2026-03-18,TQQQ,-52,47.43531060060509,1.0,rebalance
2026-03-18,COPX,171,76.29837666688672,1.0,rebalance
2026-03-18,SLV,804,69.51695313644409,4.0200000000000005,rebalance
2026-03-18,REMX,128,87.94879644165039,1.0,rebalance
2026-03-19,USO,-574,120.38796152572633,2.87,rebalance
2026-03-19,XLE,-1370,57.72018048084463,6.8500000000000005,rebalance
2026-03-19,COPX,663,69.39115611403342,3.315,rebalance
2026-03-19,SLV,1156,61.90619152603149,5.78,rebalance
2026-03-19,REMX,194,81.95819194793701,1.0,rebalance
2026-03-19,TQQQ,330,44.61123416822053,1.6500000000000001,rebalance
2026-03-20,COPX,-18340,70.9617330904582,91.7,rebalance
2026-03-20,SLV,-20558,64.67353230514526,102.79,rebalance
2026-03-20,USO,255,118.9718950843811,1.2750000000000001,rebalance
2026-03-20,VOLT,37306,34.52345245780945,186.53,rebalance
2026-03-20,XLE,5,58.4083839245884,1.0,rebalance
2026-03-20,REMX,38,82.73827635726929,1.0,rebalance
2026-03-20,TQQQ,482,44.91944871640728,2.41,rebalance
2026-03-20,TAN,22751,56.5756566947937,113.755,rebalance
2026-03-23,VOLT,-141,34.14658652572632,1.0,rebalance
2026-03-23,TQQQ,-95574,44.84088507437161,477.87,rebalance
2026-03-23,USO,377,113.3013299156189,1.885,rebalance
2026-03-23,SPXL,22008,192.24800078729749,110.04,rebalance
2026-03-23,XLE,163,57.141592789483866,1.0,rebalance
2026-03-23,REMX,25,81.4081415260315,1.0,rebalance
2026-03-23,TAN,86,55.52555245780945,1.0,rebalance
2026-03-24,USO,-264,115.21848035659791,1.32,rebalance
2026-03-24,SPXL,-22008,186.40284065393345,110.04,rebalance
2026-03-24,VOLT,-194,34.08659115257263,1.0,rebalance
2026-03-24,XLE,-859,59.01509961340201,4.295,rebalance
2026-03-24,REMX,-411,83.02169577941895,2.055,rebalance
2026-03-24,BSV,55064,76.301086525684,275.32,rebalance
2026-03-24,TAN,413,54.155416526031495,2.065,rebalance
2026-03-25,VOLT,-1030,35.48645267829895,5.15,rebalance
2026-03-25,REMX,-672,87.91120616912842,3.36,rebalance
2026-03-25,TAN,-594,56.29436923713684,2.97,rebalance
2026-03-25,USO,733,109.3009299156189,3.665,rebalance
2026-03-25,BSV,586,76.40850373382568,2.93,rebalance
2026-03-25,XLE,70,59.540181628852444,1.0,rebalance
2026-03-26,USO,-702,116.7183303565979,3.5100000000000002,rebalance
2026-03-26,XLE,-42,59.87367988761746,1.0,rebalance
2026-03-26,BSV,280,76.31084814263356,1.4000000000000001,rebalance
2026-03-26,VOLT,691,34.953495763015745,3.455,rebalance
2026-03-26,REMX,386,85.9685950843811,1.93,rebalance
2026-03-26,TAN,102,56.255625,1.0,rebalance
2026-03-27,USO,-401,120.7779219154358,2.005,rebalance
2026-03-27,BSV,-74,76.16867246518528,1.0,rebalance
2026-03-27,XLE,-362,60.72239065823456,1.81,rebalance
2026-03-27,REMX,-79,86.15138766174317,1.0,rebalance
2026-03-27,VOLT,1256,33.69336762657166,6.28,rebalance
2026-03-27,TAN,746,54.30542923698425,3.73,rebalance
2026-03-30,USO,-325,126.82731233825683,1.625,rebalance
2026-03-30,BSV,-55856,76.43226674929691,279.28000000000003,rebalance
2026-03-30,VOLT,-44,34.32656883087158,1.0,rebalance
2026-03-30,XLE,-169,62.301392463470776,1.0,rebalance
2026-03-30,REMX,-168,88.69112694854736,1.0,rebalance
2026-03-30,TECL,51899,83.44956469388258,259.495,rebalance
2026-03-30,TAN,106,54.965495084381104,1.0,rebalance
2026-03-31,USO,-496,129.33707110290527,2.48,rebalance
2026-03-31,VOLT,-232,33.5166484577179,1.16,rebalance
2026-03-31,XLE,-261,61.225701279134206,1.305,rebalance
2026-03-31,TECL,969,79.49621747422867,4.845,rebalance
2026-03-31,REMX,57,85.74857186355591,1.0,rebalance
2026-03-31,TAN,113,53.1453133895874,1.0,rebalance
2026-04-01,TECL,-52868,88.53326466954834,264.34000000000003,rebalance
2026-04-01,TAN,-56,56.074393830871585,1.0,rebalance
2026-04-01,USO,882,124.8724866104126,4.41,rebalance
2026-04-01,BSV,47463,76.56177997208708,237.315,rebalance
2026-04-01,VOLT,769,34.58345983123779,3.845,rebalance
2026-04-01,XLE,1927,58.94793687302178,9.635,rebalance
2026-04-01,REMX,107,89.6189616104126,1.0,rebalance
2026-04-02,USO,-1045,139.2560772720337,5.2250000000000005,rebalance
2026-04-02,XLE,-174,59.73551896742837,1.0,rebalance
2026-04-02,BSV,189,76.56179218499767,1.0,rebalance
2026-04-02,VOLT,704,34.15341652603149,3.52,rebalance
2026-04-02,REMX,822,85.3885352531433,4.11,rebalance
2026-04-02,TAN,645,54.9054915260315,3.225,rebalance
2026-04-06,USO,-1640,138.49614350738526,8.2,rebalance
2026-04-06,VOLT,-7594,34.936504626846315,37.97,rebalance
2026-04-06,XLE,-3483,58.33416031907332,17.415,rebalance
2026-04-06,REMX,-15633,88.73112386398316,78.165,rebalance
2026-04-06,TAN,-24312,54.9945,121.56,rebalance
2026-04-06,BSV,261,76.55199199905621,1.305,rebalance
2026-04-06,LIT,14989,73.41180049149969,74.94500000000001,rebalance
2026-04-06,XLU,24169,45.52701043756776,120.845,rebalance
2026-04-07,USO,-144,141.31586883087158,1.0,rebalance
2026-04-07,XLE,-187,59.02497002723811,1.0,rebalance
2026-04-07,BSV,1059,76.56179518146044,5.295,rebalance
2026-04-07,VOLT,284,34.69346762657165,1.42,rebalance
2026-04-07,LIT,86,73.12301070057953,1.0,rebalance
2026-04-07,XLU,92,45.43822700231453,1.0,rebalance
2026-04-08,VOLT,-2056,36.776320779418946,10.28,rebalance
2026-04-08,LIT,-824,76.69262044579946,4.12,rebalance
2026-04-08,XLU,-322,45.65598938938831,1.61,rebalance
2026-04-08,USO,1380,119.0719035583496,6.9,rebalance
2026-04-08,BSV,354,76.79693972186159,1.77,rebalance
2026-04-08,XLE,865,55.94723840236809,4.325,rebalance
2026-04-09,USO,-514,127.17728344116212,2.57,rebalance
2026-04-09,BSV,-49326,76.69341632392775,246.63,rebalance
2026-04-09,XLE,-350,57.43610098153989,1.75,rebalance
2026-04-09,VOLT,328,36.6836683052063,1.6400000000000001,rebalance
2026-04-09,LIT,288,75.81172031524238,1.44,rebalance
2026-04-09,XLU,7,46.030125398772455,1.0,rebalance
2026-04-09,TQQQ,70720,47.82200639850977,353.6,rebalance
2026-04-10,VOLT,-383,37.54624423713684,1.915,rebalance
2026-04-10,LIT,-151,77.40946527162603,1.0,rebalance
2026-04-10,TQQQ,-1491,49.146649143679554,7.455,rebalance
2026-04-10,USO,201,125.6225616104126,1.0050000000000001,rebalance
2026-04-10,XLU,49,46.42472612636449,1.0,rebalance
2026-04-10,XLE,552,56.43090337593688,2.7600000000000002,rebalance
2026-04-13,USO,-860,133.35665811767578,4.3,rebalance
2026-04-13,VOLT,-1197,37.50624732170105,5.985,rebalance
2026-04-13,LIT,-620,77.548854262484,3.1,rebalance
2026-04-13,XLU,-23995,46.19845481631667,119.97500000000001,rebalance
2026-04-13,XLE,-963,56.863710853554785,4.815,rebalance
2026-04-13,SMH,2456,434.793475,12.280000000000001,rebalance
2026-04-13,TQQQ,4046,48.578870543214066,20.23,rebalance
2026-04-14,LIT,-177,79.94830513969076,1.0,rebalance
2026-04-14,SMH,-30,447.9552,1.0,rebalance
2026-04-14,TQQQ,-2669,51.1678756732237,13.345,rebalance
2026-04-14,USO,542,127.11270847396851,2.71,rebalance
2026-04-14,VOLT,90,38.053804236984256,1.0,rebalance
2026-04-14,XLE,708,55.76956803696568,3.54,rebalance
2026-04-15,TQQQ,-2729,53.33845187637283,13.645,rebalance
2026-04-15,USO,341,123.262325,1.705,rebalance
2026-04-15,VOLT,248,38.0438049156189,1.24,rebalance
2026-04-15,LIT,267,79.0780137708117,1.335,rebalance
2026-04-15,SMH,5,450.745082208252,1.0,rebalance
2026-04-15,XLE,483,54.88119855868939,2.415,rebalance
2026-04-16,LIT,-45,80.67509904042656,1.0,rebalance
2026-04-16,TQQQ,-2350,55.88739350182812,11.75,rebalance
2026-04-16,USO,92,124.0824066947937,1.0,rebalance
2026-04-16,VOLT,746,37.7137700843811,3.73,rebalance
2026-04-16,SMH,41,450.77508398742674,1.0,rebalance
2026-04-16,XLE,252,55.11809830254993,1.26,rebalance
2026-04-17,VOLT,-120,38.08619115257263,1.0,rebalance
2026-04-17,LIT,-328,83.12432480483973,1.6400000000000001,rebalance
2026-04-17,SMH,-49,462.75370779418944,1.0,rebalance
2026-04-17,USO,788,114.74147635726929,3.94,rebalance
2026-04-17,XLE,654,53.70658427172792,3.27,rebalance
2026-04-17,TQQQ,1726,57.5417629777338,8.63,rebalance
2026-04-20,USO,-65,119.82801233825684,1.0,rebalance
2026-04-20,TQQQ,-67253,58.14758040647973,336.265,rebalance
2026-04-20,VOLT,887,38.3638366104126,4.4350000000000005,rebalance
2026-04-20,LIT,673,82.15509258811296,3.365,rebalance
2026-04-20,SMH,80,464.6864786499023,1.0,rebalance
2026-04-20,XLE,512,54.38766157081432,2.56,rebalance
2026-04-20,UVXY,99968,38.783876779174804,499.84000000000003,rebalance
2026-04-21,USO,-95,121.49785113601685,1.0,rebalance
2026-04-21,VOLT,-74,38.606139610290526,1.0,rebalance
2026-04-21,LIT,-210,83.71174304615212,1.05,rebalance
2026-04-21,UVXY,-99968,38.7261265422821,499.84000000000003,rebalance
2026-04-21,SMH,1,466.33663754577634,1.0,rebalance
2026-04-21,TQQQ,70900,58.238876421519535,354.5,rebalance
2026-04-22,USO,-343,127.34726461029052,1.715,rebalance
2026-04-22,XLE,-169,55.6202525370059,1.0,rebalance
2026-04-22,TQQQ,-811,58.67528395167119,4.055,rebalance
2026-04-22,VOLT,196,38.77387745780945,1.0,rebalance
2026-04-22,LIT,102,84.00731665194289,1.0,rebalance
2026-04-22,SMH,1,471.097092791748,1.0,rebalance
2026-04-23,USO,-198,131.24686850738524,1.0,rebalance
2026-04-23,SMH,-27,480.35195389709475,1.0,rebalance
2026-04-23,XLE,-17,56.14329311373476,1.0,rebalance
2026-04-23,TQQQ,-200,59.54152281149326,1.0,rebalance
2026-04-23,VOLT,396,38.60385847396851,1.98,rebalance
2026-04-23,LIT,385,82.46379462236249,1.925,rebalance
2026-04-24,VOLT,-466,39.806020373153686,2.33,rebalance
2026-04-24,SMH,-57,499.46005876464847,1.0,rebalance
2026-04-24,TQQQ,-1230,60.815993880477556,6.15,rebalance
2026-04-24,USO,46,132.64326788330078,1.0,rebalance
2026-04-24,LIT,111,83.1210395957338,1.0,rebalance
2026-04-24,XLE,377,56.036076689328276,1.885,rebalance
2026-04-27,USO,1404,133.97340271453857,7.0200000000000005,rebalance
2026-04-27,VOLT,5046,39.7939799156189,25.23,rebalance
2026-04-27,LIT,2270,83.80815571391273,11.35,rebalance
2026-04-27,SMH,346,509.24092144165036,1.73,rebalance
2026-04-27,XLE,3428,56.36181047050722,17.14,rebalance
2026-04-27,TQQQ,6926,62.152674608420526,34.63,rebalance
2026-04-28,USO,-490,138.83612110290528,2.45,rebalance
2026-04-28,LIT,-242,84.01042574527158,1.21,rebalance
2026-04-28,XLE,-562,56.96240028141939,2.81,rebalance
2026-04-28,VOLT,472,38.80387923698425,2.36,rebalance
2026-04-28,SMH,85,488.2388214416504,1.0,rebalance
2026-04-28,TQQQ,6965,60.469643236931915,34.825,rebalance
2026-04-29,USO,-375,146.13537889709474,1.875,rebalance
2026-04-29,SMH,-9,496.3003711029053,1.0,rebalance
2026-04-29,VOLT,74,39.23392254219055,1.0,rebalance
2026-04-29,LIT,24,85.00313831572456,1.0,rebalance
2026-04-29,XLE,83,57.52655421719834,1.0,rebalance
2026-04-29,TQQQ,705,60.74849054214088,3.525,rebalance
2026-04-30,SMH,-4,504.65952045593264,1.0,rebalance
2026-04-30,TQQQ,-1252,62.61817116274876,6.26,rebalance
2026-04-30,USO,137,146.33463932495118,1.0,rebalance
2026-04-30,VOLT,436,39.363936610412594,2.18,rebalance
2026-04-30,LIT,130,85.65041818377637,1.0,rebalance
2026-04-30,XLE,414,57.44759127671994,2.07,rebalance
2026-05-01,VOLT,-875,40.83591615257263,4.375,rebalance
2026-05-01,LIT,-182,87.67430876079622,1.0,rebalance
2026-05-01,XLE,-52,58.28481220238235,1.0,rebalance
2026-05-01,TQQQ,-265,63.61384979767959,1.325,rebalance
2026-05-01,USO,316,143.5443517791748,1.58,rebalance
2026-05-01,SMH,38,504.2604124542236,1.0,rebalance
2026-05-04,XLE,-24888,57.959145721755824,124.44,rebalance
2026-05-04,TQQQ,-1045,65.15715443561183,5.2250000000000005,rebalance
2026-05-04,USO,859,143.86439110412599,4.295,rebalance
2026-05-04,VOLT,3112,40.834084831237796,15.56,rebalance
2026-05-04,LIT,1438,87.72172154303598,7.19,rebalance
2026-05-04,SMH,201,512.5212177001953,1.0050000000000001,rebalance
2026-05-04,REMX,15037,104.88048974685668,75.185,rebalance
2026-05-05,SMH,-2,515.3284668823243,1.0,rebalance
2026-05-05,TQQQ,-754,66.08313214135768,3.77,rebalance
2026-05-05,USO,47,143.92439466247558,1.0,rebalance
2026-05-05,VOLT,182,40.834084831237796,1.0,rebalance
2026-05-05,LIT,106,87.62213469516199,1.0,rebalance
2026-05-05,REMX,265,103.56035805206298,1.325,rebalance
2026-05-06,SMH,-55,537.7162425292969,1.0,rebalance
2026-05-06,REMX,-141,107.12928538970948,1.0,rebalance
2026-05-06,TQQQ,-1433,68.96064413384605,7.165,rebalance
2026-05-06,USO,989,135.3435348312378,4.945,rebalance
2026-05-06,VOLT,181,41.654166526031496,1.0,rebalance
2026-05-06,LIT,23,89.66356991070235,1.0,rebalance
2026-05-07,SMH,-2,545.7154425292969,1.0,rebalance
2026-05-07,REMX,-155,109.76902077941895,1.0,rebalance
2026-05-07,TQQQ,-78506,71.55936139929086,392.53000000000003,rebalance
2026-05-07,USO,790,128.78288127288818,3.95,rebalance
2026-05-07,VOLT,697,41.50415,3.485,rebalance
2026-05-07,LIT,165,90.131610652425,1.0,rebalance
2026-05-07,UVXY,153017,35.87358593177795,765.085,rebalance
2026-05-08,USO,-378,132.35675811767578,1.8900000000000001,rebalance
2026-05-08,SMH,-39,551.5248590881348,1.0,rebalance
2026-05-08,UVXY,-103,35.816417694854735,1.0,rebalance
2026-05-08,VOLT,441,40.94409262657165,2.205,rebalance
2026-05-08,LIT,258,88.65779494883986,1.29,rebalance
2026-05-08,REMX,320,107.1907183052063,1.6,rebalance
2026-05-11,USO,-223,136.67633344116211,1.115,rebalance
2026-05-11,VOLT,-40136,40.63593538970947,200.68,rebalance
2026-05-11,LIT,-27,90.02397270872184,1.0,rebalance
2026-05-11,SMH,-57,570.2029837646485,1.0,rebalance
2026-05-11,REMX,-15326,108.44915308456422,76.63,rebalance
2026-05-11,QQQ,2350,708.9124133798581,11.75,rebalance
2026-05-11,XLK,9482,175.75271175268193,47.410000000000004,rebalance
2026-05-11,UVXY,710,36.15361652603149,3.5500000000000003,rebalance
2026-05-12,USO,-428,143.81561883087159,2.14,rebalance
2026-05-12,UVXY,-2394,37.28627191543579,11.97,rebalance
2026-05-12,QQQ,43,706.7767667440816,1.0,rebalance
2026-05-12,XLK,145,175.7526864751149,1.0,rebalance
2026-05-12,LIT,611,88.48850209614675,3.055,rebalance
2026-05-12,SMH,71,565.0665107666016,1.0,rebalance
2026-05-13,USO,-153,143.90560616912842,1.0,rebalance
2026-05-13,QQQ,-34,708.371621005097,1.0,rebalance
2026-05-13,XLK,-179,176.83481067331948,1.0,rebalance
2026-05-13,LIT,-227,88.430985842868,1.135,rebalance
2026-05-13,SMH,-71,571.7428077941895,1.0,rebalance
2026-05-13,UVXY,-151230,35.89641152572632,756.15,rebalance
2026-05-13,TQQQ,73733,75.49742830516716,368.665,rebalance
2026-05-14,QQQ,-4,713.0211626559287,1.0,rebalance
2026-05-14,TQQQ,-73733,76.95593255455306,368.665,rebalance
2026-05-14,USO,303,140.9540964416504,1.5150000000000001,rebalance
2026-05-14,XLK,41,176.9599749744147,1.0,rebalance
2026-05-14,LIT,226,87.83125936337643,1.1300000000000001,rebalance
2026-05-14,SMH,18,570.8971108581543,1.0,rebalance
2026-05-14,UVXY,154267,36.27362745780945,771.335,rebalance
2026-05-15,USO,-332,145.53544805145265,1.6600000000000001,rebalance
2026-05-15,UVXY,-2743,37.076293830871585,13.715,rebalance
2026-05-15,QQQ,23,708.6929706438783,1.0,rebalance
2026-05-15,XLK,99,175.8125733301383,1.0,rebalance
2026-05-15,LIT,930,84.07702290496526,4.65,rebalance
2026-05-15,SMH,67,560.3660285583496,1.0,rebalance
2026-05-18,USO,-269,145.89541266174317,1.345,rebalance
2026-05-18,QQQ,-53,709.9480275808662,1.0,rebalance
2026-05-18,XLK,-273,177.1839526318289,1.365,rebalance
2026-05-18,LIT,-398,83.9805571412459,1.99,rebalance
2026-05-18,SMH,-89,565.4234324707031,1.0,rebalance
2026-05-18,UVXY,-151524,34.91650616912842,757.62,rebalance
2026-05-18,TQQQ,72532,75.81610760116362,362.66,rebalance
2026-05-19,USO,-835,152.86471688232422,4.175,rebalance
2026-05-19,QQQ,-31,698.2443309700685,1.0,rebalance
2026-05-19,XLK,-17,172.25606428595157,1.0,rebalance
2026-05-19,LIT,44,81.32856441821721,1.0,rebalance
2026-05-19,SMH,75,534.9934964416503,1.0,rebalance
2026-05-19,TQQQ,1504,72.11144178267517,7.5200000000000005,rebalance
2026-05-20,SMH,-55,552.6947250000001,1.0,rebalance
2026-05-20,TQQQ,-650,73.76975571353357,3.25,rebalance
2026-05-20,USO,391,149.464941947937,1.955,rebalance
2026-05-20,QQQ,13,703.8528040349713,1.0,rebalance
2026-05-20,XLK,23,174.26606368095864,1.0,rebalance
2026-05-20,LIT,77,82.1550913190985,1.0,rebalance
2026-05-21,SMH,-14,560.9639175292969,1.0,rebalance
2026-05-21,TQQQ,-336,74.85505228376154,1.68,rebalance
2026-05-21,USO,122,149.28493127288817,1.0,rebalance
2026-05-21,QQQ,11,707.5452541476799,1.0,rebalance
2026-05-21,XLK,31,175.43342830041286,1.0,rebalance
2026-05-21,LIT,19,82.90195813559039,1.0,rebalance
2026-05-22,XLK,-46,179.58803558114127,1.0,rebalance
2026-05-22,LIT,-59,84.69740720622703,1.0,rebalance
2026-05-22,SMH,-14,574.2125925292969,1.0,rebalance
2026-05-22,TQQQ,-1356,77.70268809990644,6.78,rebalance
2026-05-22,USO,827,141.4441356750488,4.135,rebalance
2026-05-22,QQQ,14,716.606775449452,1.0,rebalance
2026-05-26,XLK,-7,182.75025396381304,1.0,rebalance
2026-05-26,LIT,-19732,85.42421549752098,98.66,rebalance
2026-05-26,SMH,-38,591.5208590881348,1.0,rebalance
2026-05-26,TQQQ,-1100,80.24166023027799,5.5,rebalance
2026-05-26,USO,648,136.3536303375244,3.24,rebalance
2026-05-26,QQQ,14,724.4807226987087,1.0,rebalance
2026-05-26,TAN,24982,68.0068,124.91,rebalance
2026-05-27,SMH,-49,611.8788084411622,1.0,rebalance
2026-05-27,TQQQ,-795,82.5118196474004,3.975,rebalance
2026-05-27,TAN,-101,69.44305194854736,1.0,rebalance
2026-05-27,USO,686,131.4031383895874,3.43,rebalance
2026-05-27,QQQ,16,731.466454534122,1.0,rebalance
2026-05-27,XLK,3,185.76007325439681,1.0,rebalance
2026-05-28,USO,-274,133.32666233825682,1.37,rebalance
2026-05-28,QQQ,-4,728.0973232150972,1.0,rebalance
2026-05-28,TAN,-534,70.5129446434021,2.67,rebalance
2026-05-28,XLK,8,184.41312018163154,1.0,rebalance
2026-05-28,SMH,57,595.8695785583496,1.0,rebalance
2026-05-28,TQQQ,512,81.4029665315471,2.56,rebalance
2026-05-29,XLK,-27,188.86520357731828,1.0,rebalance
2026-05-29,TQQQ,-782,84.045160760846,3.91,rebalance
2026-05-29,TAN,-728,74.2225803565979,3.64,rebalance
2026-05-29,USO,786,128.3228285583496,3.93,rebalance
2026-05-29,QQQ,23,736.3364716980506,1.0,rebalance
2026-05-29,SMH,11,606.0906322998047,1.0,rebalance
2026-06-01,USO,-712,135.63642889709473,3.56,rebalance
2026-06-01,XLK,-127,191.84787799485804,1.0,rebalance
2026-06-01,QQQ,7,735.5381226485281,1.0,rebalance
2026-06-01,SMH,55,596.1595855834961,1.0,rebalance
2026-06-01,TQQQ,353,83.80304245795784,1.7650000000000001,rebalance
2026-06-01,TAN,742,72.1172116104126,3.71,rebalance
2026-06-02,QQQ,-2388,740.7390095631645,11.94,rebalance
2026-06-02,XLK,-72,195.96773114925338,1.0,rebalance
2026-06-02,SMH,-73,619.5380155883789,1.0,rebalance
2026-06-02,TQQQ,-540,85.568548353244,2.7,rebalance
2026-06-02,USO,228,135.08351432495118,1.1400000000000001,rebalance
2026-06-02,LIT,20864,85.33176171310232,104.32000000000001,rebalance
2026-06-02,TAN,903,70.4270401687622,4.515,rebalance
2026-06-03,USO,-179,139.4460607131958,1.0,rebalance
2026-06-03,SMH,-44,640.7359077941894,1.0,rebalance
2026-06-03,TQQQ,-69342,87.30101550731403,346.71,rebalance
2026-06-03,XLK,76,197.92258709643926,1.0,rebalance
2026-06-03,LIT,428,85.15251416614085,2.14,rebalance
2026-06-03,TAN,181,71.257125,1.0,rebalance
2026-06-03,UVXY,205456,29.402939618492127,1027.28,rebalance
2026-06-04,UVXY,-205456,29.35706461029053,1027.28,rebalance
2026-06-04,USO,13,136.68366516876222,1.0,rebalance
2026-06-04,XLK,148,191.0880563245189,1.0,rebalance
2026-06-04,LIT,183,82.82228983040342,1.0,rebalance
2026-06-04,SMH,71,613.0613,1.0,rebalance
2026-06-04,TQQQ,71324,83.12584698890167,356.62,rebalance
2026-06-04,TAN,181,69.3169285583496,1.0,rebalance
2026-06-05,USO,-76,135.12648538970947,1.0,rebalance
2026-06-05,XLK,-31,188.42628714910705,1.0,rebalance
2026-06-05,SMH,-11,605.0295178527832,1.0,rebalance
2026-06-05,TAN,-216,68.79312305145264,1.08,rebalance
2026-06-05,LIT,54,81.20906827222498,1.0,rebalance
2026-06-05,TQQQ,409,81.23367278007541,2.045,rebalance
2026-06-08,USO,-468,134.93650194854737,2.34,rebalance
2026-06-08,XLK,-170,184.76528123801194,1.0,rebalance
2026-06-08,SMH,-72,597.1503009704589,1.0,rebalance
2026-06-08,LIT,33,78.04236378393266,1.0,rebalance
2026-06-08,TQQQ,1551,76.5430954689961,7.755,rebalance
2026-06-08,TAN,248,65.56655355834961,1.24,rebalance
2026-06-09,USO,-12469,131.99679350738526,62.345,rebalance
2026-06-09,LIT,-21562,79.669522181162,107.81,rebalance
2026-06-09,SMH,-29,609.4190324707031,1.0,rebalance
2026-06-09,TQQQ,-803,78.14078594498284,4.015,rebalance
2026-06-09,ROBO,20007,84.9384933052063,100.035,rebalance
2026-06-09,QQQ,2355,721.5066777497209,11.775,rebalance
2026-06-09,XLK,54,185.4906943831991,1.0,rebalance
2026-06-09,TAN,545,64.81647855834962,2.725,rebalance
2026-06-10,ROBO,-402,81.37185925369263,2.0100000000000002,rebalance
2026-06-10,QQQ,-76,700.0901329359816,1.0,rebalance
2026-06-10,XLK,-184,177.7226257908477,1.0,rebalance
2026-06-10,SMH,-41,580.7019337646484,1.0,rebalance
2026-06-10,TAN,-18,60.92390730514526,1.0,rebalance
2026-06-10,TQQQ,2010,71.38445016857817,10.05,rebalance
2026-06-11,QQQ,-12,697.7254135619652,1.0,rebalance
2026-06-11,XLK,-58,177.353518290009,1.0,rebalance
2026-06-11,SMH,-32,582.5517243530273,1.0,rebalance
2026-06-11,ROBO,81,80.3580334739685,1.0,rebalance
2026-06-11,TQQQ,204,70.59771014271101,1.02,rebalance
2026-06-11,TAN,274,59.765974321365356,1.37,rebalance
2026-06-12,TQQQ,-1746,76.01003060755389,8.73,rebalance
2026-06-12,ROBO,481,82.4982468635559,2.4050000000000002,rebalance
2026-06-12,QQQ,56,716.1476351113387,1.0,rebalance
2026-06-12,XLK,181,182.82671875016544,1.0,rebalance
2026-06-12,SMH,20,608.0108072082519,1.0,rebalance
2026-06-12,TAN,116,62.6062584739685,1.0,rebalance
2026-06-15,SMH,-5,643.43565,1.0,rebalance
2026-06-15,TQQQ,-1976,82.52176449167052,9.88,rebalance
2026-06-15,ROBO,426,85.3385348312378,2.13,rebalance
2026-06-15,QQQ,62,736.595907336396,1.0,rebalance
2026-06-15,XLK,152,189.94062574346339,1.0,rebalance
2026-06-15,TAN,864,64.0464049156189,4.32,rebalance
2026-06-16,ROBO,-20593,85.14148652572632,102.965,rebalance
2026-06-16,QQQ,-49,740.5893296297713,1.0,rebalance
2026-06-16,XLK,-185,190.76053423521674,1.0,rebalance
2026-06-16,SMH,-43,643.4556675292969,1.0,rebalance
2026-06-16,TQQQ,-2197,83.82611368934379,10.985,rebalance
2026-06-16,TAN,-27439,62.08379115257263,137.195,rebalance
2026-06-16,COPX,19420,89.07623948328781,97.10000000000001,rebalance
2026-06-16,LIT,20680,83.64881805279049,103.4,rebalance
2026-06-17,QQQ,-17,733.5451023156409,1.0,rebalance
2026-06-17,COPX,-314,89.0185643719159,1.57,rebalance
2026-06-17,XLK,-46,188.5459863776624,1.0,rebalance
2026-06-17,LIT,-268,83.32345519355222,1.34,rebalance
2026-06-17,SMH,-2,633.396675970459,1.0,rebalance
2026-06-17,TQQQ,108,81.33326008067755,1.0,rebalance
2026-06-18,QQQ,-2,735.550691117975,1.0,rebalance
2026-06-18,XLK,-52,189.9525213862759,1.0,rebalance
2026-06-18,SMH,-58,648.4851327941894,1.0,rebalance
2026-06-18,TQQQ,-2307,81.74513722211216,11.535,rebalance
2026-06-18,COPX,476,87.01304226962071,2.38,rebalance
2026-06-18,LIT,333,82.1351800241913,1.665,rebalance
2026-06-22,XLK,-25,192.70582345558685,1.0,rebalance
2026-06-22,SMH,-56,670.2829405883789,1.0,rebalance
2026-06-22,TQQQ,-752,83.58714323747893,3.7600000000000002,rebalance
2026-06-22,QQQ,8,741.3217190329315,1.0,rebalance
2026-06-22,COPX,804,84.56112247671724,4.0200000000000005,rebalance
2026-06-22,LIT,246,82.12521687206322,1.23,rebalance
2026-06-23,QQQ,-79,714.9234563463908,1.0,rebalance
2026-06-23,COPX,-238,79.66129730714971,1.19,rebalance
2026-06-23,XLK,-242,184.44628390989115,1.21,rebalance
2026-06-23,LIT,-494,78.30552753824819,2.47,rebalance
2026-06-23,SMH,-7,625.8673996765136,1.0,rebalance
2026-06-23,TQQQ,2503,74.81027289638162,12.515,rebalance
2026-06-24,QQQ,-204,714.5539032422989,1.02,rebalance
2026-06-24,COPX,-20148,76.71161817194506,100.74000000000001,rebalance
2026-06-24,XLK,-768,183.83706921115993,3.84,rebalance
2026-06-24,LIT,-20497,78.82324892246498,102.485,rebalance
2026-06-24,SMH,-221,622.2178012939453,1.105,rebalance
2026-06-24,TQQQ,-3193,74.63818873345403,15.965,rebalance
2026-06-24,ROBO,17688,82.46824508438111,88.44,rebalance
2026-06-24,EEM,21647,67.38673525314331,108.235,rebalance
2026-06-25,SMH,-34,649.3050581176758,1.0,rebalance
2026-06-25,TQQQ,-84,77.80175551337027,1.0,rebalance
2026-06-25,ROBO,196,83.84838033752442,1.0,rebalance
2026-06-25,QQQ,25,725.2169012929024,1.0,rebalance
2026-06-25,XLK,44,187.94948048787208,1.0,rebalance
2026-06-25,EEM,112,68.91689466247558,1.0,rebalance
2026-06-26,ROBO,-391,81.741825,1.955,rebalance
2026-06-26,QQQ,-42,706.3233179592,1.0,rebalance
2026-06-26,XLK,-68,180.77094396988852,1.0,rebalance
2026-06-26,EEM,-202,66.33336233825683,1.01,rebalance
2026-06-26,SMH,8,616.8516570251464,1.0,rebalance
2026-06-26,TQQQ,1960,71.95805589994256,9.8,rebalance
2026-06-29,TQQQ,-777,73.96955106283156,3.8850000000000002,rebalance
2026-06-29,ROBO,118,82.34823033752441,1.0,rebalance
2026-06-29,QQQ,8,713.3180948695456,1.0,rebalance
2026-06-29,XLK,18,182.92482965989095,1.0,rebalance
2026-06-29,SMH,39,615.0915322998047,1.0,rebalance
2026-06-29,EEM,89,66.99669686355591,1.0,rebalance
2026-06-30,SMH,-20,636.0064003234863,1.0,rebalance
2026-06-30,TQQQ,-5181,77.08321910909271,25.905,rebalance
2026-06-30,ROBO,156,83.6383602531433,1.0,rebalance
2026-06-30,QQQ,21,723.4985149574997,1.0,rebalance
2026-06-30,XLK,80,185.56202086223172,1.0,rebalance
2026-06-30,EEM,338,67.59675533752441,1.69,rebalance
2026-07-01,ROBO,-1308,85.50145113601684,6.54,rebalance
2026-07-01,QQQ,-121,728.3580918011867,1.0,rebalance
2026-07-01,XLK,-466,186.59356052468587,2.33,rebalance
2026-07-01,SMH,-118,634.2865405883789,1.0,rebalance
2026-07-01,EEM,-21984,66.90331266174316,109.92,rebalance
2026-07-01,TQQQ,-1342,78.56021462054588,6.71,rebalance
2026-07-01,XBI,8911,157.94578567504882,44.555,rebalance
2026-07-02,ROBO,-93,85.20147808456422,1.0,rebalance
2026-07-02,QQQ,-9,724.7522631640519,1.0,rebalance
2026-07-02,XLK,-15,185.25527168658738,1.0,rebalance
2026-07-02,XBI,-57,157.49424350738525,1.0,rebalance
2026-07-02,SMH,20,622.6422750915527,1.0,rebalance
2026-07-02,TQQQ,463,77.30825070407482,2.315,rebalance
2026-07-06,ROBO,-197,85.2614696434021,1.0,rebalance
2026-07-06,QQQ,-7,719.1087024469912,1.0,rebalance
2026-07-06,XBI,-249,160.2139727279663,1.245,rebalance
2026-07-06,XLK,29,182.46533509618055,1.0,rebalance
2026-07-06,SMH,32,607.1106927917481,1.0,rebalance
2026-07-06,TQQQ,1323,75.40174728582197,6.615,rebalance
2026-07-07,QQQ,-15,713.3552419156126,1.0,rebalance
2026-07-07,XLK,-4,179.61240165924272,1.0,rebalance
2026-07-07,TQQQ,-275,73.55039978023521,1.375,rebalance
2026-07-07,XBI,-233,162.0237892868042,1.165,rebalance
2026-07-07,ROBO,76,83.50835,1.0,rebalance
2026-07-07,SMH,67,580.0780215332031,1.0,rebalance
2026-07-08,QQQ,-14,704.145806479347,1.0,rebalance
2026-07-08,XLK,-54,177.2553965510656,1.0,rebalance
2026-07-08,SMH,-27,575.2724840881348,1.0,rebalance
2026-07-08,XBI,-179,162.2137727279663,1.0,rebalance
2026-07-08,ROBO,268,80.49804686355591,1.34,rebalance
2026-07-08,TQQQ,11296,70.67042466178276,56.480000000000004,rebalance
2026-07-09,ROBO,-16513,81.77182077941895,82.565,rebalance
2026-07-09,TQQQ,-1591,74.69806480147106,7.955,rebalance
2026-07-09,QQQ,327,717.6540591795798,1.635,rebalance
2026-07-09,XLV,9861,161.1992458677787,49.305,rebalance
2026-07-09,XLK,1115,184.5630875099612,5.575,rebalance
2026-07-09,SMH,271,615.5415284667969,1.355,rebalance
2026-07-09,XBI,1571,162.816283052063,7.855,rebalance
2026-07-10,QQQ,-2,719.877835992735,1.0,rebalance
2026-07-10,XLV,-21,161.84435219480102,1.0,rebalance
2026-07-10,TQQQ,-1290,75.37668894520691,6.45,rebalance
2026-07-10,XBI,-46,163.87361038970948,1.0,rebalance
2026-07-10,XLK,52,183.81388451203867,1.0,rebalance
2026-07-10,SMH,68,600.9300821166992,1.0,rebalance
2026-07-13,QQQ,-19,716.901142628549,1.0,rebalance
2026-07-13,XLV,-32,160.3402561688095,1.0,rebalance
2026-07-13,XLK,-65,182.8682922963531,1.0,rebalance
2026-07-13,SMH,-19,597.9502087646484,1.0,rebalance
2026-07-13,TQQQ,3015,74.4035757054535,15.075000000000001,rebalance
2026-07-13,XBI,284,157.2457187271118,1.42,rebalance
2026-07-14,SMH,-36,608.8391344116211,1.0,rebalance
2026-07-14,TQQQ,-315,75.04735340741698,1.575,rebalance
2026-07-14,QQQ,1,719.5422205638391,1.0,rebalance
2026-07-14,XLV,117,159.18675006679607,1.0,rebalance
2026-07-14,XLK,9,183.51421634513642,1.0,rebalance
2026-07-14,XBI,143,155.7355732208252,1.0,rebalance
2026-07-15,QQQ,-1,723.0241744014348,1.0,rebalance
2026-07-15,XLK,-30,184.87574186010605,1.0,rebalance
2026-07-15,TQQQ,-745,76.1351470158212,3.725,rebalance
2026-07-15,XLV,192,156.79566713100752,1.0,rebalance
2026-07-15,SMH,18,606.9406928833008,1.0,rebalance
2026-07-15,XBI,138,154.265425,1.0,rebalance
2026-07-16,XLV,-10117,159.72269332554146,50.585,rebalance
2026-07-16,XBI,-31,155.0045022720337,1.0,rebalance
2026-07-16,QQQ,40,711.3399546637448,1.0,rebalance
2026-07-16,XLK,309,178.80922955417296,1.545,rebalance
2026-07-16,XLF,28097,56.5654809512843,140.485,rebalance
2026-07-16,SMH,147,575.807575,1.0,rebalance
2026-07-16,TQQQ,1500,72.47711048104127,7.5,rebalance
2026-07-17,QQQ,-54,690.8609462447773,1.0,rebalance
2026-07-17,XLK,-167,172.63126882069534,1.0,rebalance
2026-07-17,XLF,-1322,56.225367632278605,6.61,rebalance
2026-07-17,SMH,-12,547.8852084411621,1.0,rebalance
2026-07-17,XBI,-186,149.55505032348634,1.0,rebalance
2026-07-17,TQQQ,2639,66.25850899880332,13.195,rebalance
2026-07-20,SMH,-16,568.7231512939453,1.0,rebalance
2026-07-20,TQQQ,-1049,69.32899327194038,5.245,rebalance
2026-07-20,XBI,-20,154.62453538970948,1.0,rebalance
2026-07-20,QQQ,34,701.499218076829,1.0,rebalance
2026-07-20,XLK,56,177.00115688480776,1.0,rebalance
2026-07-20,XLF,911,56.107056797889804,4.555,rebalance
2026-07-21,XLK,-41,179.3327606907727,1.0,rebalance
2026-07-21,SMH,-35,580.901925970459,1.0,rebalance
2026-07-21,TQQQ,-679,70.566474421601,3.395,rebalance
2026-07-21,QQQ,5,705.9051128560722,1.0,rebalance
2026-07-21,XLF,396,55.79812052786854,1.98,rebalance
2026-07-21,XBI,328,151.03510627288819,1.6400000000000001,rebalance
2026-07-22,QQQ,-4,702.8172543026512,1.0,rebalance
2026-07-22,XLF,-252,55.93641780448747,1.26,rebalance
2026-07-22,XBI,-240,153.62463538970948,1.2,rebalance
2026-07-22,XLK,12,177.97012959909225,1.0,rebalance
2026-07-22,SMH,27,571.4071105834961,1.0,rebalance
2026-07-22,TQQQ,520,69.64230149453785,2.6,rebalance
2026-07-23,QQQ,-2215,693.8774914867533,11.075000000000001,rebalance
2026-07-23,XLK,-195,178.57372810067648,1.0,rebalance
2026-07-23,XLF,-302,55.478085352637315,1.51,rebalance
2026-07-23,SMH,-77,577.1422922058106,1.0,rebalance
2026-07-23,XLV,9588,159.30630047770796,47.94,rebalance
2026-07-23,TQQQ,1486,66.98717514304421,7.43,rebalance
2026-07-23,XBI,42,150.0050044937134,1.0,rebalance
2026-07-24,XLV,-195,161.8343854337303,1.0,rebalance
2026-07-24,XLF,-203,55.627542017143206,1.0150000000000001,rebalance
2026-07-24,XBI,-226,152.76472077941895,1.1300000000000001,rebalance
2026-07-24,XLK,5,177.63049011515218,1.0,rebalance
2026-07-24,TQQQ,1165,65.65960879139246,5.825,rebalance
2026-07-27,XLV,-17,162.37227196671574,1.0,rebalance
2026-07-27,XLF,-407,56.554165884670546,2.035,rebalance
2026-07-27,TQQQ,-202,65.92591036080388,1.01,rebalance
2026-07-27,XLK,13,177.64047862419994,1.0,rebalance
2026-07-27,SMH,43,565.9965964416504,1.0,rebalance
2026-07-27,XBI,82,151.77517050628663,1.0,rebalance
2026-07-28,XLV,-497,165.34063156589744,2.485,rebalance
2026-07-28,XLF,-1130,56.92282929966099,5.65,rebalance
2026-07-28,XBI,-277,150.48495,1.385,rebalance
2026-07-28,XLK,13,171.02753549324547,1.0,rebalance
2026-07-28,SMH,71,531.7031894165038,1.0,rebalance
2026-07-28,TQQQ,2403,61.656947670756374,12.015,rebalance
2026-07-29,XLV,-87,166.49606889411174,1.0,rebalance
2026-07-29,XLK,-19,170.90344679741827,1.0,rebalance
2026-07-29,XLF,-145,57.082246872995555,1.0,rebalance
2026-07-29,SMH,22,526.0425892333984,1.0,rebalance
2026-07-29,TQQQ,107,61.397422807292415,1.0,rebalance
2026-07-29,XBI,53,149.2449187271118,1.0,rebalance
2026-07-30,XLK,-8565,172.59130631890022,42.825,rebalance
2026-07-30,SMH,-2783,529.8069993530273,13.915000000000001,rebalance
2026-07-30,XLV,162,162.64386382042014,1.0,rebalance
2026-07-30,XLRE,31966,45.56109176427902,159.83,rebalance
2026-07-30,XLF,77,56.625277168060514,1.0,rebalance
2026-07-30,DHS,12427,117.19221976409342,62.135,rebalance
2026-07-30,TQQQ,80,61.018120888928024,1.0,rebalance
2026-07-30,XBI,27,148.0148,1.0,rebalance
2026-07-31,TQQQ,-3405,65.60655722974856,17.025,rebalance
2026-07-31,XLV,317,161.70734599987293,1.585,rebalance
2026-07-31,XLRE,1419,44.90653448081457,7.095,rebalance
2026-07-31,XLF,760,56.61531131902096,3.8000000000000003,rebalance
2026-07-31,DHS,460,116.33440288324283,2.3000000000000003,rebalance
2026-07-31,XBI,78,151.21511694793702,1.0,rebalance
2026-08-03,XLV,-146,162.98985931470165,1.0,rebalance
2026-08-03,XLRE,-113,44.69924898872337,1.0,rebalance
2026-08-03,XLF,-426,57.08224746290966,2.13,rebalance
2026-08-03,DHS,-137,116.65020940588283,1.0,rebalance
2026-08-03,TQQQ,607,64.59156562821396,3.035,rebalance
2026-08-03,XBI,204,146.9946937271118,1.02,rebalance
2026-08-04,TQQQ,-3760,70.16728281916002,18.8,rebalance
2026-08-04,XLV,398,161.3985080388494,1.99,rebalance
2026-08-04,XLRE,1438,44.281732655394755,7.19,rebalance
2026-08-04,XLF,900,57.02390620109716,4.5,rebalance
2026-08-04,DHS,454,116.40421991880206,2.27,rebalance
2026-08-04,XBI,213,148.78488127288819,1.065,rebalance
2026-08-05,TQQQ,-2425,75.4565289458273,12.125,rebalance
2026-08-05,XLV,278,163.03241379702283,1.3900000000000001,rebalance
2026-08-05,XLRE,875,44.906536235738216,4.375,rebalance
2026-08-05,XLF,607,57.980615100009295,3.035,rebalance
2026-08-05,DHS,401,117.45156091210008,2.005,rebalance
2026-08-05,XBI,104,153.14531788330078,1.0,rebalance
2026-08-06,XLV,-354,165.49003718429643,1.77,rebalance
2026-08-06,XLRE,-35585,45.1504016944124,177.925,rebalance
2026-08-06,XLF,-686,58.168296963472145,3.43,rebalance
2026-08-06,DHS,-13605,117.48790620592183,68.025,rebalance
2026-08-06,XBI,-278,153.93460194854737,1.3900000000000001,rebalance
2026-08-06,DIA,2883,542.1542263549252,14.415000000000001,rebalance
2026-08-06,IGV,16016,97.6197616104126,80.08,rebalance
2026-08-06,TQQQ,3107,70.72033195878967,15.535,rebalance
2026-08-07,IGV,-349,101.64983766174316,1.745,rebalance
2026-08-07,TQQQ,-1473,73.51048504343689,7.365,rebalance
2026-08-07,XBI,-3,156.85430811767577,1.0,rebalance
2026-08-07,XLV,306,163.31136970056048,1.53,rebalance
2026-08-07,XLF,868,57.412569574870474,4.34,rebalance
2026-08-07,DIA,82,537.0796186229512,1.0,rebalance
2026-08-10,XLV,-60,165.03182904683447,1.0,rebalance
2026-08-10,IGV,-15,102.19977808456422,1.0,rebalance
2026-08-10,TQQQ,-277,74.11924372863746,1.385,rebalance
2026-08-10,XLF,157,57.342810328931186,1.0,rebalance
2026-08-10,DIA,13,537.0696837820776,1.0,rebalance
2026-08-10,XBI,102,155.9955937271118,1.0,rebalance
2026-08-11,XLV,-68,167.62165682284873,1.0,rebalance
2026-08-11,IGV,-197,104.38956152572632,1.0,rebalance
2026-08-11,XBI,-75,158.48415,1.0,rebalance
2026-08-11,XLF,123,57.581984774161846,1.0,rebalance
2026-08-11,DIA,19,538.275947251619,1.0,rebalance
2026-08-11,TQQQ,356,74.40357763946211,1.78,rebalance
2026-08-12,TQQQ,-848,75.46651247864085,4.24,rebalance
2026-08-12,XLV,132,165.80209663717488,1.0,rebalance
2026-08-12,XLF,48,57.63181623067861,1.0,rebalance
2026-08-12,DIA,13,537.3787284959631,1.0,rebalance
2026-08-12,IGV,239,103.0803066947937,1.195,rebalance
2026-08-12,XBI,49,158.1558133895874,1.0,rebalance
2026-08-13,XLV,-155,168.8269366943863,1.0,rebalance
2026-08-13,XLF,-112,57.97898360444544,1.0,rebalance
2026-08-13,IGV,-65,103.7196303565979,1.0,rebalance
2026-08-13,XBI,-112,160.23397500000002,1.0,rebalance
2026-08-13,DIA,8,537.069664444126,1.0,rebalance
2026-08-13,TQQQ,709,74.90265993339808,3.545,rebalance
2026-08-14,IGV,-214,106.45935422058106,1.07,rebalance
2026-08-14,TQQQ,-1490,77.41255131679102,7.45,rebalance
2026-08-14,XLV,224,167.03749276786624,1.12,rebalance
2026-08-14,XLF,330,58.020478624727545,1.6500000000000001,rebalance
2026-08-14,DIA,45,535.7835386684262,1.0,rebalance
2026-08-14,XBI,367,156.55564728546142,1.835,rebalance
2026-08-17,XLF,-55,57.74981560694686,1.0,rebalance
2026-08-17,DIA,-2,532.7757650717667,1.0,rebalance
2026-08-17,TQQQ,-283,77.22292947156315,1.415,rebalance
2026-08-17,XBI,-86,156.81431883087157,1.0,rebalance
2026-08-17,XLV,8,165.83197944500924,1.0,rebalance
2026-08-17,IGV,373,103.260325,1.865,rebalance
2026-08-18,XLV,-325,168.01012682111943,1.625,rebalance
2026-08-18,XLF,-460,57.520651532143845,2.3000000000000003,rebalance
2026-08-18,DIA,-56,531.6594096468555,1.0,rebalance
2026-08-18,IGV,-124,101.9898,1.0,rebalance
2026-08-18,XBI,-307,158.32416233825683,1.5350000000000001,rebalance
2026-08-18,TQQQ,2351,73.22573640330207,11.755,rebalance
2026-08-19,XLV,-124,171.7952736053141,1.0,rebalance
2026-08-19,XBI,-359,165.68342694854738,1.795,rebalance
2026-08-19,XLF,182,57.6816449696188,1.0,rebalance
2026-08-19,DIA,16,533.7098419379663,1.0,rebalance
2026-08-19,IGV,125,102.1302147468567,1.0,rebalance
2026-08-19,TQQQ,666,73.23572103552293,3.33,rebalance
2026-08-20,XLV,-218,173.50854546700592,1.09,rebalance
2026-08-20,XLF,-179,57.26159680773928,1.0,rebalance
2026-08-20,DIA,-3021,528.6391191610421,15.105,rebalance
2026-08-20,IGV,-269,102.48975,1.345,rebalance
2026-08-20,XBI,-187,166.64333766174317,1.0,rebalance
2026-08-20,GDX,16514,96.3296316947937,82.57000000000001,rebalance
2026-08-20,TQQQ,1600,70.70037119867992,8.0,rebalance
2026-08-21,GDX,-871,102.63973652572632,4.355,rebalance
2026-08-21,TQQQ,-205,71.55445825867623,1.025,rebalance
2026-08-21,XLV,208,171.27172003188443,1.04,rebalance
2026-08-21,XLF,334,57.12356273394888,1.67,rebalance
2026-08-21,IGV,144,102.51025,1.0,rebalance
2026-08-21,XBI,209,164.61646610412598,1.045,rebalance
2026-08-24,XLV,-177,173.72768861661322,1.0,rebalance
2026-08-24,XLF,-317,57.49076271192966,1.585,rebalance
2026-08-24,GDX,-274,103.9696053565979,1.37,rebalance
2026-08-24,IGV,-119,102.78972305145264,1.0,rebalance
2026-08-24,XBI,-68,164.97350649261475,1.0,rebalance
2026-08-24,TQQQ,1446,69.87188949660923,7.23,rebalance
2026-08-25,XLF,-199,57.97898066397003,1.0,rebalance
2026-08-25,TQQQ,-353,70.2770601420419,1.7650000000000001,rebalance
2026-08-25,XBI,-57,166.16337467651368,1.0,rebalance
2026-08-25,XLV,9,173.80227353478622,1.0,rebalance
2026-08-25,GDX,326,101.95019644165039,1.6300000000000001,rebalance
2026-08-25,IGV,108,102.2202200843811,1.0,rebalance
2026-08-26,XLV,-36,173.64798696671988,1.0,rebalance
2026-08-26,XLF,-156,58.03876739410663,1.0,rebalance
2026-08-26,GDX,-287,103.35966574630737,1.435,rebalance
2026-08-26,XBI,-153,168.0631938308716,1.0,rebalance
2026-08-26,IGV,304,99.8199785583496,1.52,rebalance
2026-08-26,TQQQ,581,69.43268725111889,2.9050000000000002,rebalance
2026-08-27,IGV,-15957,105.6794334411621,79.785,rebalance
2026-08-27,TQQQ,-1380,71.9436647492325,6.9,rebalance
2026-08-27,XLV,290,171.31155621537152,1.45,rebalance
2026-08-27,XLF,647,57.711540177485524,3.235,rebalance
2026-08-27,GDX,459,102.1502133895874,2.295,rebalance
2026-08-27,XLE,26199,61.86847543241278,130.995,rebalance
2026-08-27,XBI,182,167.77677050628662,1.0,rebalance
2026-08-28,GDX,-227,104.22957386398315,1.135,rebalance
2026-08-28,TQQQ,-344,72.70212564028502,1.72,rebalance
2026-08-28,XLV,85,170.79348359466337,1.0,rebalance
2026-08-28,XLF,132,57.78130145561152,1.0,rebalance
2026-08-28,XLE,104,61.987777617648234,1.0,rebalance
2026-08-28,XBI,120,166.7366732208252,1.0,rebalance
2026-08-31,XLV,-85,169.58395326184143,1.0,rebalance
2026-08-31,XLF,-389,57.650180462958815,1.945,rebalance
2026-08-31,XLE,-1005,63.416668857505215,5.025,rebalance
2026-08-31,GDX,521,99.2899267791748,2.605,rebalance
2026-08-31,TQQQ,265,71.3092498651016,1.325,rebalance
2026-08-31,XBI,186,161.0161,1.0,rebalance
2026-09-01,XLV,-266,171.94468180810898,1.33,rebalance
2026-09-01,XLF,-286,57.401088990850276,1.43,rebalance
2026-09-01,XLE,-778,64.48024220182644,3.89,rebalance
2026-09-01,XBI,-188,161.733825,1.0,rebalance
2026-09-01,GDX,454,95.16951966247558,2.27,rebalance
2026-09-01,TQQQ,1444,68.94358677086345,7.22,rebalance
2026-09-02,GDX,-279,96.95030308456421,1.395,rebalance
2026-09-02,XBI,-144,164.43355194854738,1.0,rebalance
2026-09-02,XLV,44,171.4510404589387,1.0,rebalance
2026-09-02,XLF,158,57.18335623916886,1.0,rebalance
2026-09-02,XLE,270,63.89662358401099,1.35,rebalance
2026-09-02,TQQQ,246,68.84377007944396,1.23,rebalance
2026-09-03,XLF,-27700,57.7896715197093,138.5,rebalance
2026-09-03,GDX,-356,100.66993230514527,1.78,rebalance
2026-09-03,TQQQ,-3,69.9177919109156,1.0,rebalance
2026-09-03,XLV,38,173.42369148030437,1.0,rebalance
2026-09-03,BITO,152656,10.540033577589915,763.28,rebalance
2026-09-03,XLE,62,64.74168585862535,1.0,rebalance
2026-09-03,XBI,98,165.2365232208252,1.0,rebalance
2026-09-04,XLF,-1,57.82953014081174,1.0,rebalance
2026-09-04,BITO,-477,10.645751140110765,2.3850000000000002,rebalance
2026-09-04,TQQQ,-2046,72.34285994262338,10.23,rebalance
2026-09-04,XLV,212,170.75364578270595,1.06,rebalance
2026-09-04,GDX,427,98.759875,2.1350000000000002,rebalance
2026-09-04,XLE,598,63.66796045305372,2.99,rebalance
2026-09-04,XBI,225,162.75627949371338,1.125,rebalance
2026-09-08,GDX,-40,98.88011038970947,1.0,rebalance
2026-09-08,XLE,-335,64.44048162509927,1.675,rebalance
2026-09-08,TQQQ,-549,72.80192439303138,2.745,rebalance
2026-09-08,XLV,165,167.66514383589433,1.0,rebalance
2026-09-08,BITO,1906,10.50508333016722,9.53,rebalance
2026-09-08,XBI,111,160.78608127288817,1.0,rebalance
2026-09-09,BITO,-3123,10.685686347128353,15.615,rebalance
2026-09-09,GDX,-307,100.44995308456421,1.5350000000000001,rebalance
2026-09-09,XLE,-360,65.1660930391894,1.8,rebalance
2026-09-09,XBI,-14,160.48395,1.0,rebalance
2026-09-09,XLV,25,166.68878027682692,1.0,rebalance
2026-09-09,TQQQ,1202,71.41905220184326,6.01,rebalance
2026-09-10,XLV,-200,165.84861913043696,1.0,rebalance
2026-09-10,XLE,-843,65.74260767622741,4.215,rebalance
2026-09-10,XBI,-75,157.57423733825684,1.0,rebalance
2026-09-10,BITO,1609,10.305365627940436,8.045,rebalance
2026-09-10,GDX,226,96.5396517791748,1.1300000000000001,rebalance
2026-09-10,TQQQ,901,68.77390108478464,4.505,rebalance
2026-09-11,XLV,-9479,166.17733055860785,47.395,rebalance
2026-09-11,GDX,-41,98.20017808456421,1.0,rebalance
2026-09-11,TQQQ,-1355,71.04549846867495,6.775,rebalance
2026-09-11,USO,10461,152.51525,52.305,rebalance
2026-09-11,BITO,1066,10.385252109372379,5.33,rebalance
2026-09-11,XLE,820,64.5130243072107,4.1,rebalance
2026-09-11,XBI,101,158.28583127288817,1.0,rebalance
2026-09-14,USO,-641,159.41404967651368,3.205,rebalance
2026-09-14,BITO,-3748,10.443079549067846,18.740000000000002,rebalance
2026-09-14,XLE,-857,65.56369043840681,4.285,rebalance
2026-09-14,XBI,-98,156.84431461029052,1.0,rebalance
2026-09-14,GDX,421,93.9393933052063,2.105,rebalance
2026-09-14,TQQQ,2571,67.4064070310361,12.855,rebalance
2026-09-15,GDX,-17,94.61054074630738,1.0,rebalance
2026-09-15,TQQQ,-1315,68.98967353819974,6.575,rebalance
2026-09-15,USO,127,158.36584110412596,1.0,rebalance
2026-09-15,BITO,2834,10.315351843771412,14.17,rebalance
2026-09-15,XLE,548,64.50307910979748,2.74,rebalance
2026-09-15,XBI,48,157.0957098312378,1.0,rebalance
2026-09-16,USO,-84,159.2940665588379,1.0,rebalance
2026-09-16,GDX,-279,95.97040535659791,1.395,rebalance
2026-09-16,XLE,-189,64.82814068882688,1.0,rebalance
2026-09-16,BITO,2154,10.14559291069276,10.77,rebalance
2026-09-16,TQQQ,111,68.72399109272511,1.0,rebalance
2026-09-16,XBI,148,154.3854321166992,1.0,rebalance
2026-09-17,TQQQ,-1753,70.98561650682896,8.765,rebalance
2026-09-17,XBI,-94,157.2942665588379,1.0,rebalance
2026-09-17,USO,427,154.11541610412598,2.1350000000000002,rebalance
2026-09-17,BITO,74,10.23546591258981,1.0,rebalance
2026-09-17,GDX,175,95.8595834739685,1.0,rebalance
2026-09-17,XLE,886,63.13109886329363,4.43,rebalance
2026-09-18,USO,-60,156.83432110290528,1.0,rebalance
2026-09-18,BITO,-1761,10.473030177242782,8.805,rebalance
2026-09-18,XBI,-10082,158.1941857131958,50.410000000000004,rebalance
2026-09-18,GDX,142,96.1596165260315,1.0,rebalance
2026-09-18,XLE,21,63.82702792684681,1.0,rebalance
2026-09-18,IGV,15080,106.4106415260315,75.4,rebalance
2026-09-18,TQQQ,42,71.78836816172505,1.0,rebalance
2026-09-21,BITO,-9741,11.376566946689904,48.705,rebalance
2026-09-21,TQQQ,-1659,74.67810978928999,8.295,rebalance
2026-09-21,USO,732,148.89489288330077,3.66,rebalance
2026-09-21,GDX,347,95.8195785583496,1.735,rebalance
2026-09-21,XLE,695,63.17631516876221,3.475,rebalance
2026-09-21,IGV,460,105.0304986427307,2.3000000000000003,rebalance
2026-09-22,IGV,-188,108.2791719154358,1.0,rebalance
2026-09-22,TQQQ,-2360,78.61011233206291,11.8,rebalance
2026-09-22,USO,470,145.4245446624756,2.35,rebalance
2026-09-22,BITO,1325,11.483693461401309,6.625,rebalance
2026-09-22,GDX,555,94.51945313644408,2.775,rebalance
2026-09-22,XLE,1135,61.636164068222044,5.675,rebalance
2026-09-23,TQQQ,-890,80.52194577941894,4.45,rebalance
2026-09-23,USO,24,146.7746705062866,1.0,rebalance
2026-09-23,BITO,1661,11.482694424542538,8.305,rebalance
2026-09-23,GDX,75,95.18951830520629,1.0,rebalance
2026-09-23,XLE,68,62.186218305206296,1.0,rebalance
2026-09-23,IGV,352,107.0707035583496,1.76,rebalance
2026-09-24,USO,-540,151.09488961029052,2.7,rebalance
2026-09-24,XLE,-887,63.06369269485474,4.4350000000000005,rebalance
2026-09-24,IGV,-358,107.4692553565979,1.79,rebalance
2026-09-24,BITO,399,11.234047981128688,1.995,rebalance
2026-09-24,GDX,163,92.5292486427307,1.0,rebalance
2026-09-24,TQQQ,2038,76.757675,10.19,rebalance
2026-09-25,TQQQ,-1476,79.08208733825684,7.38,rebalance
2026-09-25,USO,195,149.8249785583496,1.0,rebalance
2026-09-25,BITO,959,11.264004787309014,4.795,rebalance
2026-09-25,GDX,180,92.44924644165039,1.0,rebalance
2026-09-25,XLE,730,61.926190168762204,3.65,rebalance
2026-09-25,IGV,138,107.51075,1.0,rebalance
2026-09-28,USO,-276,151.87481038970947,1.3800000000000001,rebalance
2026-09-28,BITO,-633,11.181881552087773,3.165,rebalance
2026-09-28,XLE,-664,62.763723457717894,3.3200000000000003,rebalance
2026-09-28,TQQQ,-88,78.2821719154358,1.0,rebalance
2026-09-28,GDX,659,88.16881966247558,3.295,rebalance
2026-09-28,IGV,380,103.74037635726928,1.9000000000000001,rebalance
2026-09-29,BITO,-2161,11.28172080039335,10.805,rebalance
2026-09-29,GDX,-232,88.741125,1.16,rebalance
2026-09-29,IGV,-256,104.80951769485473,1.28,rebalance
2026-09-29,TQQQ,-270,78.12218425369262,1.35,rebalance
2026-09-29,USO,414,145.44453567504883,2.07,rebalance
2026-09-29,XLE,534,61.1561165260315,2.67,rebalance
2026-09-30,USO,-63,147.15528116912841,1.0,rebalance
2026-09-30,BITO,-629,11.401526650766298,3.145,rebalance
2026-09-30,GDX,-85,89.71102922058105,1.0,rebalance
2026-09-30,XLE,-123,61.813817694854734,1.0,rebalance
2026-09-30,IGV,-20,105.59943961029053,1.0,rebalance
2026-09-30,TQQQ,432,78.13781025314331,2.16,rebalance
2026-10-01,IGV,-381,108.13918652572632,1.905,rebalance
2026-10-01,TQQQ,-734,78.87210925369263,3.67,rebalance
2026-10-01,USO,89,145.86459110412596,1.0,rebalance
2026-10-01,BITO,3122,11.151114618492127,15.610000000000001,rebalance
2026-10-01,GDX,405,87.6987714416504,2.025,rebalance
2026-10-01,XLE,258,61.16611584739685,1.29,rebalance
2026-10-02,BITO,-2740,11.588841152572632,13.700000000000001,rebalance
2026-10-02,GDX,-18754,88.14118652572633,93.77,rebalance
2026-10-02,TQQQ,-955,81.58183733825683,4.775,rebalance
2026-10-02,USO,411,143.5743535583496,2.055,rebalance
2026-10-02,COPX,19870,84.43844330520629,99.35000000000001,rebalance
2026-10-02,XLE,233,61.8661866104126,1.165,rebalance
2026-10-02,IGV,102,109.56095805206299,1.0,rebalance
2026-10-05,USO,-79,144.62553538970948,1.0,rebalance
2026-10-05,COPX,-348,85.9914,1.74,rebalance
2026-10-05,XLE,-365,62.743725,1.825,rebalance
2026-10-05,BITO,1106,11.511151228904724,5.53,rebalance
2026-10-05,IGV,36,109.4109415260315,1.0,rebalance
2026-10-05,TQQQ,588,80.958091947937,2.94,rebalance
