date,symbol,shares,close
2019-06-04,GLD,248,125.1500015258789
2019-06-04,BND,6,65.7756576538086
2019-06-04,SPY,276,251.43751525878906
2019-06-05,GLD,248,125.47000122070312
2019-06-05,BND,6,65.7756576538086
2019-06-05,SPY,276,253.61544799804688
2019-06-06,GLD,248,125.87999725341797
2019-06-06,BND,6,65.75959014892578
2019-06-06,SPY,276,255.2646484375
2019-06-07,GLD,248,126.58999633789062
2019-06-07,BND,6,65.93578338623047
2019-06-07,SPY,276,257.819091796875
2019-06-10,GLD,248,125.33000183105469
2019-06-10,BND,6,65.7996826171875
2019-06-10,SPY,276,259.0021667480469
2019-06-11,GLD,248,125.18000030517578
2019-06-11,BND,6,65.75162506103516
2019-06-11,SPY,276,258.9394836425781
2019-06-12,GLD,248,125.83000183105469
2019-06-12,BND,6,65.86372375488281
2019-06-12,SPY,276,258.4824523925781
2019-06-13,GLD,248,126.5999984741211
2019-06-13,BND,6,65.975830078125
2019-06-13,SPY,276,259.54888916015625
2019-06-14,GLD,248,126.55999755859375
2019-06-14,BND,6,65.98384857177734
2019-06-14,SPY,276,259.26214599609375
2019-06-17,GLD,248,126.4800033569336
2019-06-17,BND,6,65.98384857177734
2019-06-17,SPY,276,259.3607482910156
2019-06-18,GLD,248,127.12000274658203
2019-06-18,BND,6,66.13597869873047
2019-06-18,SPY,276,262.0765075683594
2019-06-19,GLD,248,127.88999938964844
2019-06-19,BND,6,66.36022186279297
2019-06-19,SPY,276,262.6680908203125
2019-06-20,GLD,248,131.11000061035156
2019-06-20,BND,6,66.46430969238281
2019-06-20,SPY,276,265.1777038574219
2019-06-21,GLD,248,131.97999572753906
2019-06-21,BND,6,66.28010559082031
2019-06-21,SPY,276,264.7922058105469
2019-06-24,GLD,248,133.94000244140625
2019-06-24,BND,6,66.40022277832031
2019-06-24,SPY,276,264.4680480957031
2019-06-25,GLD,248,134.1999969482422
2019-06-25,BND,6,66.42425537109375
2019-06-25,SPY,276,261.8740539550781
2019-06-26,GLD,248,132.97000122070312
2019-06-26,BND,6,66.27214050292969
2019-06-26,SPY,276,261.6128845214844
2019-06-27,GLD,248,132.83999633789062
2019-06-27,BND,6,66.46430969238281
2019-06-27,SPY,276,262.54052734375
2019-06-28,GLD,248,133.1999969482422
2019-06-28,BND,6,66.5204086303711
2019-06-28,SPY,276,263.89154052734375
2019-07-01,GLD,248,130.6199951171875
2019-07-01,BND,6,66.51553344726562
2019-07-01,SPY,276,266.28729248046875
2019-07-02,GLD,286,133.41000366210938
2019-07-02,BND,311,66.64397430419922
2019-07-02,SPY,141,266.9807434082031
2019-07-02,BTC-USD,1,10801.677734375
2019-07-03,GLD,286,133.6300048828125
2019-07-03,BND,311,66.76435089111328
2019-07-03,SPY,141,269.11529541015625
2019-07-03,BTC-USD,1,11961.26953125
2019-07-05,GLD,286,132.13999938964844
2019-07-05,BND,311,66.45132446289062
2019-07-05,SPY,141,268.8091125488281
2019-07-05,BTC-USD,1,10978.4599609375
2019-07-08,GLD,286,131.2899932861328
2019-07-08,BND,311,66.44329833984375
2019-07-08,SPY,141,267.3320617675781
2019-07-08,BTC-USD,1,12285.9580078125
2019-07-09,GLD,286,131.75
2019-07-09,BND,311,66.35502624511719
2019-07-09,SPY,141,267.6652526855469
2019-07-09,BTC-USD,1,12573.8125
2019-07-10,GLD,286,133.8300018310547
2019-07-10,BND,311,66.41117095947266
2019-07-10,SPY,141,268.9442138671875
2019-07-10,BTC-USD,1,12156.5126953125
2019-07-11,GLD,286,132.6999969482422
2019-07-11,BND,311,66.19451141357422
2019-07-11,SPY,141,269.5746154785156
2019-07-11,BTC-USD,1,11358.662109375
2019-07-12,GLD,286,133.52999877929688
2019-07-12,BND,311,66.25067138671875
2019-07-12,SPY,141,270.78155517578125
2019-07-12,BTC-USD,1,11815.986328125
2019-07-15,GLD,286,133.52999877929688
2019-07-15,BND,311,66.34697723388672
2019-07-15,SPY,141,270.87158203125
2019-07-15,BTC-USD,1,10895.08984375
2019-07-16,GLD,286,132.39999389648438
2019-07-16,BND,311,66.25872039794922
2019-07-16,SPY,141,269.99798583984375
2019-07-16,BTC-USD,1,9477.6416015625
2019-07-17,GLD,286,134.5800018310547
2019-07-17,BND,311,66.45938110351562
2019-07-17,SPY,141,268.1606140136719
2019-07-17,BTC-USD,1,9693.802734375
2019-07-18,GLD,286,136.47999572753906
2019-07-18,BND,311,66.57975769042969
2019-07-18,SPY,141,269.142333984375
2019-07-18,BTC-USD,1,10666.482421875
2019-07-19,GLD,286,134.47000122070312
2019-07-19,BND,311,66.50750732421875
2019-07-19,SPY,141,267.647216796875
2019-07-19,BTC-USD,1,10530.732421875
2019-07-22,GLD,286,134.4499969482422
2019-07-22,BND,311,66.57975769042969
2019-07-22,SPY,141,268.3047180175781
2019-07-22,BTC-USD,1,10343.1064453125
2019-07-23,GLD,286,133.69000244140625
2019-07-23,BND,311,66.52359008789062
2019-07-23,SPY,141,270.22314453125
2019-07-23,BTC-USD,1,9900.767578125
2019-07-24,GLD,286,134.3699951171875
2019-07-24,BND,311,66.58779907226562
2019-07-24,SPY,141,271.4930419921875
2019-07-24,BTC-USD,1,9811.92578125
2019-07-25,GLD,286,133.4199981689453
2019-07-25,BND,311,66.51553344726562
2019-07-25,SPY,141,270.1961669921875
2019-07-25,BTC-USD,1,9911.841796875
2019-07-26,GLD,286,133.63999938964844
2019-07-26,BND,311,66.51553344726562
2019-07-26,SPY,141,272.0064392089844
2019-07-26,BTC-USD,1,9870.3037109375
2019-07-29,GLD,286,134.52999877929688
2019-07-29,BND,311,66.55564880371094
2019-07-29,SPY,141,271.51104736328125
2019-07-29,BTC-USD,1,9519.1455078125
2019-07-30,GLD,286,134.97999572753906
2019-07-30,BND,311,66.53964233398438
2019-07-30,SPY,141,270.8445739746094
2019-07-30,BTC-USD,1,9607.423828125
2019-07-31,GLD,286,133.2100067138672
2019-07-31,BND,311,66.6198959350586
2019-07-31,SPY,141,267.8813781738281
2019-07-31,BTC-USD,1,10085.6279296875
2019-08-01,GLD,286,136.41000366210938
2019-08-01,BND,311,67.09697723388672
2019-08-01,SPY,141,265.54876708984375
2019-08-01,BTC-USD,1,10399.6689453125
2019-08-02,GLD,316,135.88999938964844
2019-08-02,BND,252,67.1613540649414
2019-08-02,SPY,141,263.54931640625
2019-08-02,BTC-USD,1,10518.1748046875
2019-08-05,GLD,316,137.7899932861328
2019-08-05,BND,252,67.45094299316406
2019-08-05,SPY,141,255.62353515625
2019-08-05,BTC-USD,1,11805.6533203125
2019-08-06,GLD,316,138.91000366210938
2019-08-06,BND,252,67.61992645263672
2019-08-06,SPY,141,259.2081298828125
2019-08-06,BTC-USD,1,11478.1689453125
2019-08-07,GLD,316,141.02000427246094
2019-08-07,BND,252,67.61992645263672
2019-08-07,SPY,141,259.36126708984375
2019-08-07,BTC-USD,1,11941.96875
2019-08-08,GLD,316,141.72999572753906
2019-08-08,BND,252,67.67623138427734
2019-08-08,SPY,141,264.45001220703125
2019-08-08,BTC-USD,1,11966.4072265625
2019-08-09,GLD,316,141.25999450683594
2019-08-09,BND,252,67.5555419921875
2019-08-09,SPY,141,262.648681640625
2019-08-09,BTC-USD,1,11862.9365234375
2019-08-12,GLD,316,142.6300048828125
2019-08-12,BND,252,67.85324096679688
2019-08-12,SPY,141,259.4513854980469
2019-08-12,BTC-USD,1,11382.6162109375
2019-08-13,GLD,316,141.77999877929688
2019-08-13,BND,252,67.74861907958984
2019-08-13,SPY,141,263.4862976074219
2019-08-13,BTC-USD,1,10895.830078125
2019-08-14,GLD,316,142.75
2019-08-14,BND,252,67.989990234375
2019-08-14,SPY,141,255.69554138183594
2019-08-14,BTC-USD,1,10051.7041015625
2019-08-15,GLD,316,143.6999969482422
2019-08-15,BND,252,68.31981658935547
2019-08-15,SPY,141,256.3711242675781
2019-08-15,BTC-USD,1,10311.5458984375
2019-08-16,GLD,316,142.77999877929688
2019-08-16,BND,252,68.24744415283203
2019-08-16,SPY,141,260.1539306640625
2019-08-16,BTC-USD,1,10374.3388671875
2019-08-19,GLD,316,141.11000061035156
2019-08-19,BND,252,68.03022003173828
2019-08-19,SPY,141,263.2881164550781
2019-08-19,BTC-USD,1,10916.0537109375
2019-08-20,GLD,316,142.2100067138672
2019-08-20,BND,252,68.20719909667969
2019-08-20,SPY,141,261.2706298828125
2019-08-20,BTC-USD,1,10763.232421875
2019-08-21,GLD,316,141.75999450683594
2019-08-21,BND,252,68.17501831054688
2019-08-21,SPY,141,263.39617919921875
2019-08-21,BTC-USD,1,10138.0498046875
2019-08-22,GLD,316,141.39999389648438
2019-08-22,BND,252,68.04631805419922
2019-08-22,SPY,141,263.3150634765625
2019-08-22,BTC-USD,1,10131.0556640625
2019-08-23,GLD,316,144.1699981689453
2019-08-23,BND,252,68.29570770263672
2019-08-23,SPY,141,256.55120849609375
2019-08-23,BTC-USD,1,10407.96484375
2019-08-26,GLD,316,144.19000244140625
2019-08-26,BND,252,68.25550842285156
2019-08-26,SPY,141,259.38824462890625
2019-08-26,BTC-USD,1,10370.8203125
2019-08-27,GLD,316,145.57000732421875
2019-08-27,BND,252,68.48880767822266
2019-08-27,SPY,141,258.3705749511719
2019-08-27,BTC-USD,1,10185.5
2019-08-28,GLD,316,145.16000366210938
2019-08-28,BND,252,68.512939453125
2019-08-28,SPY,141,260.1899108886719
2019-08-28,BTC-USD,1,9754.4228515625
2019-08-29,GLD,316,144.1199951171875
2019-08-29,BND,252,68.47270965576172
2019-08-29,SPY,141,263.51324462890625
2019-08-29,BTC-USD,1,9510.2001953125
2019-08-30,GLD,316,143.75
2019-08-30,BND,252,68.46466064453125
2019-08-30,SPY,141,263.39617919921875
2019-08-30,BTC-USD,1,9598.173828125
2019-09-03,GLD,316,145.75
2019-09-03,BND,252,68.5275650024414
2019-09-03,SPY,141,261.8560485839844
2019-09-03,BTC-USD,1,10623.5400390625
2019-09-04,GLD,594,146.66000366210938
2019-09-04,BND,358,68.65657043457031
2019-09-05,GLD,594,143.13999938964844
2019-09-05,BND,358,68.30175018310547
2019-09-06,GLD,594,141.9199981689453
2019-09-06,BND,358,68.38237762451172
2019-09-09,GLD,594,141.38999938964844
2019-09-09,BND,358,68.06793212890625
2019-09-10,GLD,594,140.17999267578125
2019-09-10,BND,358,67.72122192382812
2019-09-11,GLD,594,141.02999877929688
2019-09-11,BND,358,67.6809310913086
2019-09-12,GLD,594,141.32000732421875
2019-09-12,BND,358,67.55194854736328
2019-09-13,GLD,594,140.14999389648438
2019-09-13,BND,358,67.16490173339844
2019-09-16,GLD,594,141.32000732421875
2019-09-16,BND,358,67.3423080444336
2019-09-17,GLD,594,141.60000610351562
2019-09-17,BND,358,67.49545288085938
2019-09-18,GLD,594,140.7100067138672
2019-09-18,BND,358,67.54388427734375
2019-09-19,GLD,594,141.27999877929688
2019-09-19,BND,358,67.64060974121094
2019-09-20,GLD,594,142.9499969482422
2019-09-20,BND,358,67.88253784179688
2019-09-23,GLD,594,143.75
2019-09-23,BND,358,67.9308853149414
2019-09-24,GLD,594,144.50999450683594
2019-09-24,BND,358,68.16472625732422
2019-09-25,GLD,594,141.8300018310547
2019-09-25,BND,358,67.84219360351562
2019-09-26,GLD,594,141.7899932861328
2019-09-26,BND,358,67.95509338378906
2019-09-27,GLD,594,141.05999755859375
2019-09-27,BND,358,68.02763366699219
2019-09-30,GLD,594,138.8699951171875
2019-09-30,BND,358,68.07601928710938
2019-10-01,GLD,594,139.6300048828125
2019-10-01,BND,358,68.14228057861328
2019-10-02,BND,236,68.29581451416016
2019-10-02,SPY,349,260.6403503417969
2019-10-03,BND,236,68.52207946777344
2019-10-03,SPY,349,262.77581787109375
2019-10-04,BND,236,68.63519287109375
2019-10-04,SPY,349,266.3316345214844
2019-10-07,BND,236,68.45738983154297
2019-10-07,SPY,349,265.18255615234375
2019-10-08,BND,236,68.48976135253906
2019-10-08,SPY,349,261.0657653808594
2019-10-09,BND,236,68.40895080566406
2019-10-09,SPY,349,263.5447692871094
2019-10-10,BND,236,68.1988754272461
2019-10-10,SPY,349,265.3273010253906
2019-10-11,BND,236,67.94833374023438
2019-10-11,SPY,349,268.0780029296875
2019-10-14,BND,236,68.06147766113281
2019-10-14,SPY,349,267.77947998046875
2019-10-15,BND,236,67.88371276855469
2019-10-15,SPY,349,270.4305419921875
2019-10-16,BND,236,67.95645904541016
2019-10-16,SPY,349,269.9962158203125
2019-10-17,BND,236,67.95645904541016
2019-10-17,SPY,349,270.7923583984375
2019-10-18,BND,236,67.98876190185547
2019-10-18,SPY,349,269.6070861816406
2019-10-21,BND,236,67.8271484375
2019-10-21,SPY,349,271.434814453125
2019-10-22,BND,236,67.94833374023438
2019-10-22,SPY,349,270.548095703125
2019-10-23,BND,236,67.98065948486328
2019-10-23,SPY,349,271.3353271484375
2019-10-24,BND,236,67.98876190185547
2019-10-24,SPY,349,271.7786560058594
2019-10-25,BND,236,67.8756332397461
2019-10-25,SPY,349,272.89154052734375
2019-10-28,BND,236,67.7302017211914
2019-10-28,SPY,349,274.4296875
2019-10-29,BND,236,67.74634552001953
2019-10-29,SPY,349,274.34832763671875
2019-10-30,BND,236,67.96451568603516
2019-10-30,SPY,349,275.1898193359375
2019-10-31,BND,236,68.2877197265625
2019-10-31,SPY,349,274.4569091796875
2019-11-01,BND,236,68.22700500488281
2019-11-01,SPY,349,276.9993896484375
2019-11-04,BND,184,68.03266143798828
2019-11-04,SPY,242,278.11236572265625
2019-11-04,BTC-USD,1,9412.6123046875
2019-11-04,GLD,169,142.14999389648438
2019-11-05,BND,184,67.79776763916016
2019-11-05,SPY,242,277.8047790527344
2019-11-05,BTC-USD,1,9342.52734375
2019-11-05,GLD,169,139.85000610351562
2019-11-06,BND,184,67.9435806274414
2019-11-06,SPY,242,277.8680114746094
2019-11-06,BTC-USD,1,9360.8798828125
2019-11-06,GLD,169,140.4499969482422
2019-11-07,BND,184,67.5953369140625
2019-11-07,SPY,242,278.8452453613281
2019-11-07,BTC-USD,1,9267.5615234375
2019-11-07,GLD,169,138.27000427246094
2019-11-08,BND,184,67.53057098388672
2019-11-08,SPY,242,279.5329895019531
2019-11-08,BTC-USD,1,8804.880859375
2019-11-08,GLD,169,137.38999938964844
2019-11-11,BND,184,67.57102966308594
2019-11-11,SPY,242,278.9991149902344
2019-11-11,BTC-USD,1,8757.7880859375
2019-11-11,GLD,169,137.05999755859375
2019-11-12,BND,184,67.61154174804688
2019-11-12,SPY,242,279.5871887207031
2019-11-12,BTC-USD,1,8815.662109375
2019-11-12,GLD,169,137.42999267578125
2019-11-13,BND,184,67.7330093383789
2019-11-13,SPY,242,279.6777038574219
2019-11-13,BTC-USD,1,8808.2626953125
2019-11-13,GLD,169,137.97999572753906
2019-11-14,BND,184,67.92740631103516
2019-11-14,SPY,242,280.08477783203125
2019-11-14,BTC-USD,1,8708.0947265625
2019-11-14,GLD,169,138.55999755859375
2019-11-15,BND,184,67.9030532836914
2019-11-15,SPY,242,282.11163330078125
2019-11-15,BTC-USD,1,8491.9921875
2019-11-15,GLD,169,138.2100067138672
2019-11-18,BND,184,68.000244140625
2019-11-18,SPY,242,282.3197021484375
2019-11-18,BTC-USD,1,8309.2861328125
2019-11-18,GLD,169,138.6199951171875
2019-11-19,BND,184,68.07318115234375
2019-11-19,SPY,242,282.2383117675781
2019-11-19,BTC-USD,1,8206.1455078125
2019-11-19,GLD,169,138.69000244140625
2019-11-20,BND,184,68.25940704345703
2019-11-20,SPY,242,281.18865966796875
2019-11-20,BTC-USD,1,8027.26806640625
2019-11-20,GLD,169,138.75999450683594
2019-11-21,BND,184,68.14601135253906
2019-11-21,SPY,242,280.73638916015625
2019-11-21,BTC-USD,1,7642.75
2019-11-21,GLD,169,138.0
2019-11-22,BND,184,68.18647766113281
2019-11-22,SPY,242,281.36065673828125
2019-11-22,BTC-USD,1,7296.57763671875
2019-11-22,GLD,169,137.74000549316406
2019-11-25,BND,184,68.25129699707031
2019-11-25,SPY,242,283.5412902832031
2019-11-25,BTC-USD,1,7146.1337890625
2019-11-25,GLD,169,137.0800018310547
2019-11-26,BND,184,68.36466217041016
2019-11-26,SPY,242,284.1836242675781
2019-11-26,BTC-USD,1,7218.37109375
2019-11-26,GLD,169,137.74000549316406
2019-11-27,BND,184,68.25940704345703
2019-11-27,SPY,242,285.4503173828125
2019-11-27,BTC-USD,1,7531.66357421875
2019-11-27,GLD,169,137.00999450683594
2019-11-29,BND,184,68.25940704345703
2019-11-29,SPY,242,284.39178466796875
2019-11-29,BTC-USD,1,7761.24365234375
2019-11-29,GLD,169,137.86000061035156
2019-12-02,BND,184,68.08084106445312
2019-12-02,SPY,242,281.9759826660156
2019-12-02,BTC-USD,1,7321.98828125
2019-12-02,GLD,169,137.7899932861328
2019-12-03,BND,349,68.44603729248047
2019-12-03,SPY,312,280.08477783203125
2019-12-04,BND,349,68.3080825805664
2019-12-04,SPY,312,281.8131103515625
2019-12-05,BND,349,68.23501586914062
2019-12-05,SPY,312,282.3197021484375
2019-12-06,BND,349,68.1457748413086
2019-12-06,SPY,312,284.8984375
2019-12-09,BND,349,68.1619644165039
2019-12-09,SPY,312,284.002685546875
2019-12-10,BND,349,68.11329650878906
2019-12-10,SPY,312,283.6859436035156
2019-12-11,BND,349,68.34054565429688
2019-12-11,SPY,312,284.4913024902344
2019-12-12,BND,349,68.01591491699219
2019-12-12,SPY,312,286.943359375
2019-12-13,BND,349,68.32432556152344
2019-12-13,SPY,312,287.115234375
2019-12-16,BND,349,68.13768768310547
2019-12-16,SPY,312,289.0877990722656
2019-12-17,BND,349,68.1457748413086
2019-12-17,SPY,312,289.1510009765625
2019-12-18,BND,349,68.05648803710938
2019-12-18,SPY,312,289.16912841796875
2019-12-19,BND,349,68.10520935058594
2019-12-19,SPY,312,290.35443115234375
2019-12-20,BND,349,68.12142944335938
2019-12-20,SPY,312,291.62744140625
2019-12-23,BND,349,68.07827758789062
2019-12-23,SPY,312,292.072998046875
2019-12-24,BND,349,68.14340209960938
2019-12-24,SPY,312,292.0821228027344
2019-12-26,BND,349,68.20845794677734
2019-12-26,SPY,312,293.6369323730469
2019-12-27,BND,349,68.30604553222656
2019-12-27,SPY,312,293.5641784667969
2019-12-30,BND,349,68.28167724609375
2019-12-30,SPY,312,291.9457702636719
2019-12-31,BND,349,68.20845794677734
2019-12-31,SPY,312,292.6549072265625
2020-01-02,BND,349,68.29789733886719
2020-01-02,SPY,312,295.3918151855469
2020-01-03,BND,349,68.54194641113281
2020-01-03,SPY,312,293.155029296875
2020-01-06,BND,349,68.46057891845703
2020-01-06,SPY,312,294.2733459472656
2020-01-07,BND,349,68.40367889404297
2020-01-07,SPY,312,293.4460144042969
2020-01-08,BND,349,68.29789733886719
2020-01-08,SPY,312,295.0099182128906
2020-01-09,BND,349,68.37925720214844
2020-01-09,SPY,312,297.0102233886719
2020-01-10,BND,349,68.49312591552734
2020-01-10,SPY,312,296.1555480957031
2020-01-13,BND,349,68.45244598388672
2020-01-13,SPY,312,298.1922607421875
2020-01-14,BND,349,68.55004119873047
2020-01-14,SPY,312,297.7376708984375
2020-01-15,BND,349,68.6557846069336
2020-01-15,SPY,312,298.4104919433594
2020-01-16,BND,349,68.61515808105469
2020-01-16,SPY,312,300.892822265625
2020-01-17,BND,349,68.60699462890625
2020-01-17,SPY,312,301.8293151855469
2020-01-21,BND,349,68.77779388427734
2020-01-21,SPY,312,301.23822021484375
2020-01-22,BND,349,68.8347396850586
2020-01-22,SPY,312,301.27471923828125
2020-01-23,BND,349,68.95674896240234
2020-01-23,SPY,312,301.6202087402344
2020-01-24,BND,349,69.0624771118164
2020-01-24,SPY,312,298.9378967285156
2020-01-27,BND,349,69.29019927978516
2020-01-27,SPY,312,294.1460876464844
2020-01-28,BND,349,69.168212890625
2020-01-28,SPY,312,297.2285461425781
2020-01-29,BND,349,69.36341094970703
2020-01-29,SPY,312,296.98291015625
2020-01-30,BND,349,69.37969970703125
2020-01-30,SPY,312,297.9467468261719
2020-01-31,BND,349,69.55857849121094
2020-01-31,SPY,312,292.5366516113281
2020-02-03,BND,349,69.49583435058594
2020-02-03,SPY,312,294.7098388671875
2020-02-04,SPY,362,299.20159912109375
2020-02-04,BTC-USD,1,9180.962890625
2020-02-05,SPY,362,302.6567687988281
2020-02-05,BTC-USD,1,9613.423828125
2020-02-06,SPY,362,303.6751403808594
2020-02-06,BTC-USD,1,9729.8017578125
2020-02-07,SPY,362,302.056640625
2020-02-07,BTC-USD,1,9795.943359375
2020-02-10,SPY,362,304.3117370605469
2020-02-10,BTC-USD,1,9856.611328125
2020-02-11,SPY,362,304.83905029296875
2020-02-11,BTC-USD,1,10208.236328125
2020-02-12,SPY,362,306.8030700683594
2020-02-12,BTC-USD,1,10326.0546875
2020-02-13,SPY,362,306.4757080078125
2020-02-13,BTC-USD,1,10214.3798828125
2020-02-14,SPY,362,306.9667053222656
2020-02-14,BTC-USD,1,10312.1162109375
2020-02-18,SPY,362,306.1756896972656
2020-02-18,BTC-USD,1,10141.99609375
2020-02-19,SPY,362,307.6395263671875
2020-02-19,BTC-USD,1,9633.38671875
2020-02-20,SPY,362,306.3755798339844
2020-02-20,BTC-USD,1,9608.4755859375
2020-02-21,SPY,362,303.2204284667969
2020-02-21,BTC-USD,1,9686.44140625
2020-02-24,SPY,362,293.1640930175781
2020-02-24,BTC-USD,1,9650.1748046875
2020-02-25,SPY,362,284.2806091308594
2020-02-25,BTC-USD,1,9341.705078125
2020-02-26,SPY,362,283.2350158691406
2020-02-26,BTC-USD,1,8820.5224609375
2020-02-27,SPY,362,270.51446533203125
2020-02-27,BTC-USD,1,8784.494140625
2020-02-28,SPY,362,269.3778381347656
2020-02-28,BTC-USD,1,8672.455078125
2020-03-02,SPY,362,281.04364013671875
2020-03-02,BTC-USD,1,8869.669921875
2020-03-03,BND,527,71.09669494628906
2020-03-03,GLD,487,153.88999938964844
2020-03-04,BND,527,71.08035278320312
2020-03-04,GLD,487,154.16000366210938
2020-03-05,BND,527,71.34986877441406
2020-03-05,GLD,487,157.49000549316406
2020-03-06,BND,527,71.83992004394531
2020-03-06,GLD,487,157.5500030517578
2020-03-09,BND,527,71.68473815917969
2020-03-09,GLD,487,157.80999755859375
2020-03-10,BND,527,70.72093963623047
2020-03-10,GLD,487,154.47999572753906
2020-03-11,BND,527,69.38151550292969
2020-03-11,GLD,487,153.92999267578125
2020-03-12,BND,527,65.60820007324219
2020-03-12,GLD,487,147.7899932861328
2020-03-13,BND,527,68.37694549560547
2020-03-13,GLD,487,143.27999877929688
2020-03-16,BND,527,69.0956802368164
2020-03-16,GLD,487,141.63999938964844
2020-03-17,BND,527,67.66638946533203
2020-03-17,GLD,487,143.55999755859375
2020-03-18,BND,527,66.03290557861328
2020-03-18,GLD,487,140.6999969482422
2020-03-19,BND,527,65.99213409423828
2020-03-19,GLD,487,138.0399932861328
2020-03-20,BND,527,67.11099243164062
2020-03-20,GLD,487,140.11000061035156
2020-03-23,BND,527,68.59747314453125
2020-03-23,GLD,487,146.3000030517578
2020-03-24,BND,527,68.67095947265625
2020-03-24,GLD,487,153.39999389648438
2020-03-25,BND,527,69.59390258789062
2020-03-25,GLD,487,151.3000030517578
2020-03-26,BND,527,69.91240692138672
2020-03-26,GLD,487,153.24000549316406
2020-03-27,BND,527,70.28809356689453
2020-03-27,GLD,487,152.25
2020-03-30,BND,527,70.36161041259766
2020-03-30,GLD,487,152.9199981689453
2020-03-31,BND,527,69.70822143554688
2020-03-31,GLD,487,148.0500030517578
2020-04-01,BND,527,70.06838989257812
2020-04-01,GLD,487,149.4499969482422
2020-04-02,GLD,518,151.89999389648438
2020-04-02,SPY,144,230.3258056640625
2020-04-03,GLD,518,152.64999389648438
2020-04-03,SPY,144,226.99661254882812
2020-04-06,GLD,518,156.8800048828125
2020-04-06,SPY,144,242.24307250976562
2020-04-07,GLD,518,156.0399932861328
2020-04-07,SPY,144,242.4900665283203
2020-04-08,GLD,518,154.64999389648438
2020-04-08,SPY,144,250.63006591796875
2020-04-09,GLD,518,158.69000244140625
2020-04-09,SPY,144,254.44400024414062
2020-04-13,GLD,518,161.41000366210938
2020-04-13,SPY,144,252.1209716796875
2020-04-14,GLD,518,162.67999267578125
2020-04-14,SPY,144,259.5566101074219
2020-04-15,GLD,518,161.85000610351562
2020-04-15,SPY,144,254.04151916503906
2020-04-16,GLD,518,161.7100067138672
2020-04-16,SPY,144,255.2671356201172
2020-04-17,GLD,518,158.57000732421875
2020-04-17,SPY,144,262.1632385253906
2020-04-20,GLD,518,159.6999969482422
2020-04-20,SPY,144,257.54443359375
2020-04-21,GLD,518,158.61000061035156
2020-04-21,SPY,144,249.72467041015625
2020-04-22,GLD,518,161.72999572753906
2020-04-22,SPY,144,255.2671356201172
2020-04-23,GLD,518,163.33999633789062
2020-04-23,SPY,144,255.24880981445312
2020-04-24,GLD,518,162.63999938964844
2020-04-24,SPY,144,258.80670166015625
2020-04-27,GLD,518,161.55999755859375
2020-04-27,SPY,144,262.5382385253906
2020-04-28,GLD,518,160.83999633789062
2020-04-28,SPY,144,261.3310241699219
2020-04-29,GLD,518,161.72999572753906
2020-04-29,SPY,144,268.1722717285156
2020-04-30,GLD,518,158.8000030517578
2020-04-30,SPY,144,265.67547607421875
2020-05-01,GLD,518,159.77999877929688
2020-05-01,SPY,144,258.6420593261719
2020-05-04,GLD,317,160.33999633789062
2020-05-04,SPY,156,259.3554382324219
2020-05-04,BTC-USD,1,8912.654296875
2020-05-04,BND,282,71.67610931396484
2020-05-05,GLD,317,161.02000427246094
2020-05-05,SPY,156,261.75164794921875
2020-05-05,BTC-USD,1,9003.0703125
2020-05-05,BND,282,71.61052703857422
2020-05-06,GLD,317,158.9499969482422
2020-05-06,SPY,156,259.9773864746094
2020-05-06,BTC-USD,1,9268.76171875
2020-05-06,BND,282,71.2906265258789
2020-05-07,GLD,317,161.38999938964844
2020-05-07,SPY,156,263.1144714355469
2020-05-07,BTC-USD,1,9951.5185546875
2020-05-07,BND,282,71.52027893066406
2020-05-08,GLD,317,160.4199981689453
2020-05-08,SPY,156,267.46795654296875
2020-05-08,BTC-USD,1,9842.666015625
2020-05-08,BND,282,71.31524658203125
2020-05-11,GLD,317,159.4199981689453
2020-05-11,SPY,156,267.5228576660156
2020-05-11,BTC-USD,1,8601.7958984375
2020-05-11,BND,282,71.09376525878906
2020-05-12,GLD,317,160.0399932861328
2020-05-12,SPY,156,262.1907958984375
2020-05-12,BTC-USD,1,8804.4775390625
2020-05-12,BND,282,71.32342529296875
2020-05-13,GLD,317,161.5800018310547
2020-05-13,SPY,156,257.5537109375
2020-05-13,BTC-USD,1,9269.9873046875
2020-05-13,BND,282,71.40543365478516
2020-05-14,GLD,317,163.00999450683594
2020-05-14,SPY,156,260.6359558105469
2020-05-14,BTC-USD,1,9733.7216796875
2020-05-14,BND,282,71.60232543945312
2020-05-15,GLD,317,163.92999267578125
2020-05-15,SPY,156,261.833984375
2020-05-15,BTC-USD,1,9328.197265625
2020-05-15,BND,282,71.64332580566406
2020-05-18,GLD,317,162.69000244140625
2020-05-18,SPY,156,269.80950927734375
2020-05-18,BTC-USD,1,9726.5751953125
2020-05-18,BND,282,71.51210021972656
2020-05-19,GLD,317,164.25999450683594
2020-05-19,SPY,156,267.0382385253906
2020-05-19,BTC-USD,1,9729.0380859375
2020-05-19,BND,282,71.60232543945312
2020-05-20,GLD,317,164.64999389648438
2020-05-20,SPY,156,271.57464599609375
2020-05-20,BTC-USD,1,9522.9814453125
2020-05-20,BND,282,71.79094696044922
2020-05-21,GLD,317,162.25
2020-05-21,SPY,156,269.69970703125
2020-05-21,BTC-USD,1,9081.76171875
2020-05-21,BND,282,71.86479187011719
2020-05-22,GLD,317,163.2100067138672
2020-05-22,SPY,156,270.2119140625
2020-05-22,BTC-USD,1,9182.5771484375
2020-05-22,BND,282,71.88935852050781
2020-05-26,GLD,317,160.88999938964844
2020-05-26,SPY,156,273.54107666015625
2020-05-26,BTC-USD,1,8835.052734375
2020-05-26,BND,282,71.84837341308594
2020-05-27,GLD,317,161.17999267578125
2020-05-27,SPY,156,277.61102294921875
2020-05-27,BTC-USD,1,9181.017578125
2020-05-27,BND,282,71.88116455078125
2020-05-28,GLD,317,161.72000122070312
2020-05-28,SPY,156,277.09881591796875
2020-05-28,BTC-USD,1,9525.7509765625
2020-05-28,BND,282,71.9057846069336
2020-05-29,GLD,317,162.91000366210938
2020-05-29,SPY,156,278.3336486816406
2020-05-29,BTC-USD,1,9439.1240234375
2020-05-29,BND,282,72.11082458496094
2020-06-01,GLD,317,163.66000366210938
2020-06-01,SPY,156,279.45849609375
2020-06-01,BTC-USD,1,10167.2685546875
2020-06-01,BND,282,72.05247497558594
2020-06-02,GLD,344,162.60000610351562
2020-06-02,SPY,156,281.77252197265625
2020-06-02,BTC-USD,1,9529.8037109375
2020-06-02,BND,222,72.10999298095703
2020-06-03,GLD,344,159.60000610351562
2020-06-03,SPY,156,285.5223693847656
2020-06-03,BTC-USD,1,9656.7177734375
2020-06-03,BND,222,71.94567108154297
2020-06-04,GLD,344,161.27999877929688
2020-06-04,SPY,156,284.77239990234375
2020-06-04,BTC-USD,1,9800.63671875
2020-06-04,BND,222,71.7730712890625
2020-06-05,GLD,344,158.00999450683594
2020-06-05,SPY,156,292.0710144042969
2020-06-05,BTC-USD,1,9665.533203125
2020-06-05,BND,222,71.76487731933594
2020-06-08,GLD,344,159.72000122070312
2020-06-08,SPY,156,295.6014099121094
2020-06-08,BTC-USD,1,9771.4892578125
2020-06-08,BND,222,71.83879852294922
2020-06-09,GLD,344,161.25999450683594
2020-06-09,SPY,156,293.3971252441406
2020-06-09,BTC-USD,1,9795.7001953125
2020-06-09,BND,222,71.88811492919922
2020-06-10,GLD,344,163.57000732421875
2020-06-10,SPY,156,291.7601318359375
2020-06-10,BTC-USD,1,9870.0947265625
2020-06-10,BND,222,72.19218444824219
2020-06-11,GLD,344,162.38999938964844
2020-06-11,SPY,156,274.9403076171875
2020-06-11,BTC-USD,1,9321.78125
2020-06-11,BND,222,72.0606918334961
2020-06-12,GLD,344,162.6199951171875
2020-06-12,SPY,156,278.23291015625
2020-06-12,BTC-USD,1,9480.84375
2020-06-12,BND,222,72.13465881347656
2020-06-15,GLD,344,162.3300018310547
2020-06-15,SPY,156,280.8304748535156
2020-06-15,BTC-USD,1,9450.7021484375
2020-06-15,BND,222,72.28256225585938
2020-06-16,GLD,344,162.25
2020-06-16,SPY,156,286.2356872558594
2020-06-16,BTC-USD,1,9538.0244140625
2020-06-16,BND,222,72.19218444824219
2020-06-17,GLD,344,162.55999755859375
2020-06-17,SPY,156,285.04681396484375
2020-06-17,BTC-USD,1,9480.2548828125
2020-06-17,BND,222,72.20863342285156
2020-06-18,GLD,344,162.24000549316406
2020-06-18,SPY,156,285.1565246582031
2020-06-18,BTC-USD,1,9411.8408203125
2020-06-18,BND,222,72.29076385498047
2020-06-19,GLD,344,164.02999877929688
2020-06-19,SPY,156,283.5268859863281
2020-06-19,BTC-USD,1,9288.0185546875
2020-06-19,BND,222,72.31543731689453
2020-06-22,GLD,344,165.08999633789062
2020-06-22,SPY,156,285.3457336425781
2020-06-22,BTC-USD,1,9648.7177734375
2020-06-22,BND,222,72.29076385498047
2020-06-23,GLD,344,166.47999572753906
2020-06-23,SPY,156,286.65936279296875
2020-06-23,BTC-USD,1,9629.658203125
2020-06-23,BND,222,72.25791931152344
2020-06-24,GLD,344,165.89999389648438
2020-06-24,SPY,156,279.34710693359375
2020-06-24,BTC-USD,1,9313.6103515625
2020-06-24,BND,222,72.26612091064453
2020-06-25,GLD,344,165.8000030517578
2020-06-25,SPY,156,282.3418273925781
2020-06-25,BTC-USD,1,9264.8134765625
2020-06-25,BND,222,72.34009552001953
2020-06-26,GLD,344,166.5399932861328
2020-06-26,SPY,156,275.6358337402344
2020-06-26,BTC-USD,1,9162.91796875
2020-06-26,BND,222,72.47156524658203
2020-06-29,GLD,344,166.6300048828125
2020-06-29,SPY,156,279.68701171875
2020-06-29,BTC-USD,1,9190.8544921875
2020-06-29,BND,222,72.52085876464844
2020-06-30,GLD,344,167.3699951171875
2020-06-30,SPY,156,283.2696533203125
2020-06-30,BTC-USD,1,9137.9931640625
2020-06-30,BND,222,72.5948257446289
2020-07-01,GLD,344,166.6199951171875
2020-07-01,SPY,156,285.2538757324219
2020-07-01,BTC-USD,1,9228.3251953125
2020-07-01,BND,222,72.61296081542969
2020-07-02,GLD,566,166.97999572753906
2020-07-02,BND,461,72.72819519042969
2020-07-06,GLD,566,167.97999572753906
2020-07-06,BND,461,72.7035140991211
2020-07-07,GLD,566,169.0399932861328
2020-07-07,BND,461,72.81880187988281
2020-07-08,GLD,566,170.08999633789062
2020-07-08,BND,461,72.7776107788086
2020-07-09,GLD,566,169.6300048828125
2020-07-09,BND,461,72.97520446777344
2020-07-10,GLD,566,169.19000244140625
2020-07-10,BND,461,72.89286041259766
2020-07-13,GLD,566,169.39999389648438
2020-07-13,BND,461,72.9258041381836
2020-07-14,GLD,566,170.19000244140625
2020-07-14,BND,461,73.0163803100586
2020-07-15,GLD,566,170.33999633789062
2020-07-15,BND,461,73.02461242675781
2020-07-16,GLD,566,168.72999572753906
2020-07-16,BND,461,73.07401275634766
2020-07-17,GLD,566,170.1199951171875
2020-07-17,BND,461,73.14807891845703
2020-07-20,GLD,566,170.94000244140625
2020-07-20,BND,461,73.22218322753906
2020-07-21,GLD,566,173.0
2020-07-21,BND,461,73.26335144042969
2020-07-22,GLD,566,175.6300048828125
2020-07-22,BND,461,73.3621597290039
2020-07-23,GLD,566,177.17999267578125
2020-07-23,BND,461,73.42797088623047
2020-07-24,GLD,566,178.6999969482422
2020-07-24,BND,461,73.41152954101562
2020-07-27,GLD,566,182.22999572753906
2020-07-27,BND,461,73.3621597290039
2020-07-28,GLD,566,183.75
2020-07-28,BND,461,73.39505004882812
2020-07-29,GLD,566,185.1300048828125
2020-07-29,BND,461,73.51033782958984
2020-07-30,GLD,566,183.75999450683594
2020-07-30,BND,461,73.55146789550781
2020-07-31,GLD,566,185.42999267578125
2020-07-31,BND,461,73.65026092529297
2020-08-03,GLD,566,185.63999938964844
2020-08-03,BND,461,73.62472534179688
2020-08-04,GLD,441,189.58999633789062
2020-08-04,BND,342,73.78141021728516
2020-08-04,BTC-USD,1,11205.892578125
2020-08-04,SPY,69,303.2039489746094
2020-08-05,GLD,441,191.35000610351562
2020-08-05,BND,342,73.68244934082031
2020-08-05,BTC-USD,1,11747.0224609375
2020-08-05,SPY,69,305.0871887207031
2020-08-06,GLD,441,193.88999938964844
2020-08-06,BND,342,73.79793548583984
2020-08-06,BTC-USD,1,11779.7734375
2020-08-06,SPY,69,307.1266174316406
2020-08-07,GLD,441,190.80999755859375
2020-08-07,BND,342,73.71542358398438
2020-08-07,BTC-USD,1,11601.47265625
2020-08-07,SPY,69,307.3470153808594
2020-08-10,GLD,441,190.14999389648438
2020-08-10,BND,342,73.63298034667969
2020-08-10,BTC-USD,1,11878.111328125
2020-08-10,SPY,69,308.2656555175781
2020-08-11,GLD,441,179.94000244140625
2020-08-11,BND,342,73.37731170654297
2020-08-11,BTC-USD,1,11410.525390625
2020-08-11,SPY,69,305.72100830078125
2020-08-12,GLD,441,179.10000610351562
2020-08-12,BND,342,73.18760681152344
2020-08-12,BTC-USD,1,11584.9345703125
2020-08-12,SPY,69,309.9835205078125
2020-08-13,GLD,441,183.3300018310547
2020-08-13,BND,342,72.94844055175781
2020-08-13,BTC-USD,1,11784.1376953125
2020-08-13,SPY,69,309.42315673828125
2020-08-14,GLD,441,182.5399932861328
2020-08-14,BND,342,72.86595153808594
2020-08-14,BTC-USD,1,11768.87109375
2020-08-14,SPY,69,309.4324035644531
2020-08-17,GLD,441,186.5
2020-08-17,BND,342,72.9566879272461
2020-08-17,BTC-USD,1,12254.40234375
2020-08-17,SPY,69,310.415283203125
2020-08-18,GLD,441,188.17999267578125
2020-08-18,BND,342,73.05565643310547
2020-08-18,BTC-USD,1,11991.2333984375
2020-08-18,SPY,69,311.08587646484375
2020-08-19,GLD,441,182.24000549316406
2020-08-19,BND,342,72.93196105957031
2020-08-19,BTC-USD,1,11758.283203125
2020-08-19,SPY,69,309.7906188964844
2020-08-20,GLD,441,183.5
2020-08-20,BND,342,73.05565643310547
2020-08-20,BTC-USD,1,11878.3720703125
2020-08-20,SPY,69,310.75518798828125
2020-08-21,GLD,441,182.02999877929688
2020-08-21,BND,342,73.21234130859375
2020-08-21,BTC-USD,1,11592.4892578125
2020-08-21,SPY,69,311.8575439453125
2020-08-24,GLD,441,181.0
2020-08-24,BND,342,73.1298599243164
2020-08-24,BTC-USD,1,11774.595703125
2020-08-24,SPY,69,315.0176086425781
2020-08-25,GLD,441,181.22000122070312
2020-08-25,BND,342,72.98963165283203
2020-08-25,BTC-USD,1,11366.134765625
2020-08-25,SPY,69,316.1199645996094
2020-08-26,GLD,441,183.36000061035156
2020-08-26,BND,342,72.94844055175781
2020-08-26,BTC-USD,1,11488.36328125
2020-08-26,SPY,69,319.2892761230469
2020-08-27,GLD,441,181.24000549316406
2020-08-27,BND,342,72.68450164794922
2020-08-27,BTC-USD,1,11323.3974609375
2020-08-27,SPY,69,319.9873962402344
2020-08-28,GLD,441,184.38999938964844
2020-08-28,BND,342,72.74225616455078
2020-08-28,BTC-USD,1,11542.5
2020-08-28,SPY,69,322.0543212890625
2020-08-31,GLD,441,184.8300018310547
2020-08-31,BND,342,72.9566879272461
2020-08-31,BTC-USD,1,11680.8203125
2020-08-31,SPY,69,320.88775634765625
2020-09-01,GLD,441,185.0500030517578
2020-09-01,BND,342,73.15743255615234
2020-09-01,BTC-USD,1,11970.478515625
2020-09-01,SPY,69,323.9100341796875
2020-09-02,GLD,394,182.6199951171875
2020-09-02,BND,460,73.31439208984375
2020-09-02,BTC-USD,1,11414.0341796875
2020-09-02,SPY,69,328.59503173828125
2020-09-03,GLD,394,181.13999938964844
2020-09-03,BND,460,73.3226547241211
2020-09-03,BTC-USD,1,10245.296875
2020-09-03,SPY,69,317.2867126464844
2020-09-04,GLD,394,181.63999938964844
2020-09-04,BND,460,72.89308166503906
2020-09-04,BTC-USD,1,10511.8134765625
2020-09-04,SPY,69,314.6960754394531
2020-09-08,GLD,394,181.2899932861328
2020-09-08,BND,460,73.0004653930664
2020-09-08,BTC-USD,1,10131.5166015625
2020-09-08,SPY,69,306.0976867675781
2020-09-09,GLD,394,183.0500030517578
2020-09-09,BND,460,72.95087432861328
2020-09-09,BTC-USD,1,10242.34765625
2020-09-09,SPY,69,312.142333984375
2020-09-10,GLD,394,182.4600067138672
2020-09-10,BND,460,72.9674301147461
2020-09-10,BTC-USD,1,10363.138671875
2020-09-10,SPY,69,306.72235107421875
2020-09-11,GLD,394,182.4499969482422
2020-09-11,BND,460,73.04178619384766
2020-09-11,BTC-USD,1,10400.9150390625
2020-09-11,SPY,69,306.87860107421875
2020-09-14,GLD,394,183.88999938964844
2020-09-14,BND,460,73.04178619384766
2020-09-14,BTC-USD,1,10680.837890625
2020-09-14,SPY,69,310.9205627441406
2020-09-15,GLD,394,183.4499969482422
2020-09-15,BND,460,73.08306884765625
2020-09-15,BTC-USD,1,10796.951171875
2020-09-15,SPY,69,312.4913635253906
2020-09-16,GLD,394,183.97000122070312
2020-09-16,BND,460,73.06656646728516
2020-09-16,BTC-USD,1,10974.9052734375
2020-09-16,SPY,69,311.25128173828125
2020-09-17,GLD,394,182.9600067138672
2020-09-17,BND,460,73.06656646728516
2020-09-17,BTC-USD,1,10948.990234375
2020-09-17,SPY,69,308.51373291015625
2020-09-18,GLD,394,183.1999969482422
2020-09-18,BND,460,72.98394012451172
2020-09-18,BTC-USD,1,10944.5859375
2020-09-18,SPY,69,304.9619140625
2020-09-21,GLD,394,179.52000427246094
2020-09-21,BND,460,73.02523803710938
2020-09-21,BTC-USD,1,10462.259765625
2020-09-21,SPY,69,301.56781005859375
2020-09-22,GLD,394,178.64999389648438
2020-09-22,BND,460,73.050048828125
2020-09-22,BTC-USD,1,10538.4599609375
2020-09-22,SPY,69,304.63909912109375
2020-09-23,GLD,394,174.7899932861328
2020-09-23,BND,460,72.88482666015625
2020-09-23,BTC-USD,1,10246.1865234375
2020-09-23,SPY,69,297.57427978515625
2020-09-24,GLD,394,175.44000244140625
2020-09-24,BND,460,72.89308166503906
2020-09-24,BTC-USD,1,10760.06640625
2020-09-24,SPY,69,298.36737060546875
2020-09-25,GLD,394,174.94000244140625
2020-09-25,BND,460,72.88482666015625
2020-09-25,BTC-USD,1,10692.716796875
2020-09-25,SPY,69,303.1910705566406
2020-09-28,GLD,394,176.6999969482422
2020-09-28,BND,460,72.95087432861328
2020-09-28,BTC-USD,1,10709.65234375
2020-09-28,SPY,69,308.2268371582031
2020-09-29,GLD,394,178.19000244140625
2020-09-29,BND,460,73.0004653930664
2020-09-29,BTC-USD,1,10844.640625
2020-09-29,SPY,69,306.54827880859375
2020-09-30,GLD,394,177.1199951171875
2020-09-30,BND,460,72.88482666015625
2020-09-30,BTC-USD,1,10784.4912109375
2020-09-30,SPY,69,308.8725891113281
2020-10-01,GLD,394,178.6999969482422
2020-10-01,BND,460,72.95928955078125
2020-10-01,BTC-USD,1,10619.4521484375
2020-10-01,SPY,69,310.85546875
2020-10-02,GLD,759,178.5399932861328
2020-10-05,GLD,759,179.41000366210938
2020-10-06,GLD,759,177.3000030517578
2020-10-07,GLD,759,177.22000122070312
2020-10-08,GLD,759,177.85000610351562
2020-10-09,GLD,759,181.0800018310547
2020-10-12,GLD,759,180.55999755859375
2020-10-13,GLD,759,177.72000122070312
2020-10-14,GLD,759,178.27000427246094
2020-10-15,GLD,759,178.9199981689453
2020-10-16,GLD,759,178.3000030517578
2020-10-19,GLD,759,178.38999938964844
2020-10-20,GLD,759,179.25
2020-10-21,GLD,759,180.60000610351562
2020-10-22,GLD,759,178.8300018310547
2020-10-23,GLD,759,178.63999938964844
2020-10-26,GLD,759,178.5500030517578
2020-10-27,GLD,759,179.02000427246094
2020-10-28,GLD,759,176.1300048828125
2020-10-29,GLD,759,175.39999389648438
2020-10-30,GLD,759,176.1999969482422
2020-11-02,GLD,759,177.91000366210938
2020-11-03,GLD,759,178.9199981689453
2020-11-03,BND,1,72.56300354003906
2020-11-04,GLD,759,178.82000732421875
2020-11-04,BND,1,73.06043243408203
2020-11-05,GLD,759,182.92999267578125
2020-11-05,BND,1,73.1350326538086
2020-11-06,GLD,759,183.19000244140625
2020-11-06,BND,1,72.96923065185547
2020-11-09,GLD,759,175.0800018310547
2020-11-09,BND,1,72.62933349609375
2020-11-10,GLD,759,175.66000366210938
2020-11-10,BND,1,72.48843383789062
2020-11-11,GLD,759,174.89999389648438
2020-11-11,BND,1,72.53811645507812
2020-11-12,GLD,759,175.9600067138672
2020-11-12,BND,1,72.7785873413086
2020-11-13,GLD,759,177.16000366210938
2020-11-13,BND,1,72.80342864990234
2020-11-16,GLD,759,177.14999389648438
2020-11-16,BND,1,72.84487915039062
2020-11-17,GLD,759,176.5
2020-11-17,BND,1,72.96923065185547
2020-11-18,GLD,759,175.49000549316406
2020-11-18,BND,1,73.05211639404297
2020-11-19,GLD,759,175.16000366210938
2020-11-19,BND,1,73.20134735107422
2020-11-20,GLD,759,175.69000244140625
2020-11-20,BND,1,73.26766967773438
2020-11-23,GLD,759,172.22999572753906
2020-11-23,BND,1,73.20964813232422
2020-11-24,GLD,759,169.58999633789062
2020-11-24,BND,1,73.1350326538086
2020-11-25,GLD,759,169.50999450683594
2020-11-25,BND,1,73.10187530517578
2020-11-27,GLD,759,167.7899932861328
2020-11-27,BND,1,73.2593994140625
2020-11-30,GLD,759,166.6699981689453
2020-11-30,BND,1,73.35885620117188
2020-12-01,GLD,759,170.17999267578125
2020-12-01,BND,1,73.13716888427734
2020-12-02,BND,75,73.0125961303711
2020-12-02,SPY,368,338.294189453125
2020-12-03,BND,75,73.15377807617188
2020-12-03,SPY,368,338.20196533203125
2020-12-04,BND,75,72.96279907226562
2020-12-04,SPY,368,341.116455078125
2020-12-07,BND,75,73.06243896484375
2020-12-07,SPY,368,340.4155578613281
2020-12-08,BND,75,73.08733367919922
2020-12-08,SPY,368,341.4115905761719
2020-12-09,BND,75,72.96279907226562
2020-12-09,SPY,368,338.3494873046875
2020-12-10,BND,75,73.11227416992188
2020-12-10,SPY,368,338.2388610839844
2020-12-11,BND,75,73.22847747802734
2020-12-11,SPY,368,337.84222412109375
2020-12-14,BND,75,73.20357513427734
2020-12-14,SPY,368,336.32965087890625
2020-12-15,BND,75,73.2367935180664
2020-12-15,SPY,368,340.87664794921875
2020-12-16,BND,75,73.1620864868164
2020-12-16,SPY,368,341.4115905761719
2020-12-17,BND,75,73.17868041992188
2020-12-17,SPY,368,343.32073974609375
2020-12-18,BND,75,73.15377807617188
2020-12-18,SPY,368,341.9499816894531
2020-12-21,BND,75,73.1620864868164
2020-12-21,SPY,368,340.727294921875
2020-12-22,BND,75,73.2782974243164
2020-12-22,SPY,368,340.1530456542969
2020-12-23,BND,75,73.19585418701172
2020-12-23,SPY,368,340.458740234375
2020-12-24,BND,75,73.32078552246094
2020-12-24,SPY,368,341.78326416015625
2020-12-28,BND,75,73.29581451416016
2020-12-28,SPY,368,344.7193603515625
2020-12-29,BND,75,73.32078552246094
2020-12-29,SPY,368,344.0617980957031
2020-12-30,BND,75,73.37077331542969
2020-12-30,SPY,368,344.5526123046875
2020-12-31,BND,75,73.4707260131836
2020-12-31,SPY,368,346.30322265625
2021-01-04,BND,75,73.37077331542969
2021-01-04,SPY,368,341.5887756347656
2021-01-05,BND,78,73.24581909179688
2021-01-05,SPY,368,343.94134521484375
2021-01-06,BND,78,72.92090606689453
2021-01-06,SPY,368,345.9976806640625
2021-01-07,BND,78,72.77095031738281
2021-01-07,SPY,368,351.1382751464844
2021-01-08,BND,78,72.70430755615234
2021-01-08,SPY,368,353.1389465332031
2021-01-11,BND,78,72.62932586669922
2021-01-11,SPY,368,350.7585144042969
2021-01-12,BND,78,72.61267852783203
2021-01-12,SPY,368,350.83258056640625
2021-01-13,BND,78,72.80428314208984
2021-01-13,SPY,368,351.7773742675781
2021-01-14,BND,78,72.71263885498047
2021-01-14,SPY,368,350.5454406738281
2021-01-15,BND,78,72.77095031738281
2021-01-15,SPY,368,347.98907470703125
2021-01-19,BND,78,72.87092590332031
2021-01-19,SPY,368,350.7214050292969
2021-01-20,BND,78,72.86260223388672
2021-01-20,SPY,368,355.574951171875
2021-01-21,BND,78,72.76264190673828
2021-01-21,SPY,368,355.8991394042969
2021-01-22,BND,78,72.79595184326172
2021-01-22,SPY,368,354.63946533203125
2021-01-25,BND,78,72.96258544921875
2021-01-25,SPY,368,356.0380554199219
2021-01-26,BND,78,72.95425415039062
2021-01-26,SPY,368,355.48236083984375
2021-01-27,BND,78,72.95425415039062
2021-01-27,SPY,368,346.794189453125
2021-01-28,BND,78,72.89592742919922
2021-01-28,SPY,368,349.77667236328125
2021-01-29,BND,78,72.83761596679688
2021-01-29,SPY,368,342.7742919921875
2021-02-01,BND,78,72.86180114746094
2021-02-01,SPY,368,348.47991943359375
2021-02-02,BND,450,72.7699966430664
2021-02-02,GLD,593,172.11000061035156
2021-02-03,BND,450,72.64484405517578
2021-02-03,GLD,593,171.85000610351562
2021-02-04,BND,450,72.66154479980469
2021-02-04,GLD,593,168.14999389648438
2021-02-05,BND,450,72.56139373779297
2021-02-05,GLD,593,169.80999755859375
2021-02-08,BND,450,72.64484405517578
2021-02-08,GLD,593,171.52000427246094
2021-02-09,BND,450,72.61150360107422
2021-02-09,GLD,593,172.0800018310547
2021-02-10,BND,450,72.72828674316406
2021-02-10,GLD,593,172.7100067138672
2021-02-11,BND,450,72.65321350097656
2021-02-11,GLD,593,171.2100067138672
2021-02-12,BND,450,72.46129608154297
2021-02-12,GLD,593,170.69000244140625
2021-02-16,BND,450,72.1191635131836
2021-02-16,GLD,593,168.24000549316406
2021-02-17,BND,450,72.26939392089844
2021-02-17,GLD,593,166.3300018310547
2021-02-18,BND,450,72.22764587402344
2021-02-18,GLD,593,166.32000732421875
2021-02-19,BND,450,71.97733306884766
2021-02-19,GLD,593,167.00999450683594
2021-02-22,BND,450,71.77705383300781
2021-02-22,GLD,593,169.50999450683594
2021-02-23,BND,450,71.76036071777344
2021-02-23,GLD,593,169.1199951171875
2021-02-24,BND,450,71.71864318847656
2021-02-24,GLD,593,169.0
2021-02-25,BND,450,71.09282684326172
2021-02-25,GLD,593,165.82000732421875
2021-02-26,BND,450,71.7103271484375
2021-02-26,GLD,593,161.80999755859375
2021-03-01,BND,450,71.61756896972656
2021-03-01,GLD,593,161.52999877929688
2021-04-05,SPY,342,377.620361328125
2021-04-06,SPY,342,377.3973388671875
2021-04-07,SPY,342,377.8341369628906
2021-04-08,SPY,342,379.6275939941406
2021-04-09,SPY,342,382.3875427246094
2021-04-12,SPY,342,382.5269470214844
2021-04-13,SPY,342,383.66070556640625
2021-04-14,SPY,342,382.350341796875
2021-04-15,SPY,342,386.45782470703125
2021-04-16,SPY,342,387.74945068359375
2021-04-19,SPY,342,385.84442138671875
2021-04-20,SPY,342,383.0194396972656
2021-04-21,SPY,342,386.64361572265625
2021-04-22,SPY,342,383.1123352050781
2021-04-23,SPY,342,387.2662048339844
2021-04-26,SPY,342,388.07464599609375
2021-04-27,SPY,342,387.9910583496094
2021-04-28,SPY,342,387.8795471191406
2021-04-29,SPY,342,390.35150146484375
2021-04-30,SPY,342,387.7865295410156
2021-05-03,SPY,342,388.62298583984375
2021-05-04,SPY,342,386.2254333496094
2021-05-05,SPY,342,386.3462219238281
2021-05-06,SPY,342,389.43145751953125
2021-05-07,SPY,342,392.2657165527344
2021-05-10,SPY,342,388.3813781738281
2021-05-11,SPY,342,384.9151306152344
2021-05-12,SPY,342,376.7374572753906
2021-05-13,SPY,342,381.2631530761719
2021-05-14,SPY,342,387.11749267578125
2021-05-17,SPY,342,386.13250732421875
2021-05-18,SPY,342,382.80572509765625
2021-05-19,SPY,342,381.8020935058594
2021-05-20,SPY,342,385.9094543457031
2021-05-21,SPY,342,385.5935974121094
2021-05-24,SPY,342,389.5244140625
2021-05-25,SPY,342,388.6601257324219
2021-05-26,SPY,342,389.43145751953125
2021-05-27,SPY,342,389.6358337402344
2021-05-28,SPY,342,390.3327941894531
2021-06-01,SPY,342,389.989013671875
2021-06-02,SPY,3,390.60235595703125
2021-06-02,GLD,742,178.77000427246094
2021-06-03,SPY,3,389.152587890625
2021-06-03,GLD,742,175.27000427246094
2021-06-04,SPY,3,392.71173095703125
2021-06-04,GLD,742,177.16000366210938
2021-06-07,SPY,3,392.3307800292969
2021-06-07,GLD,742,177.8699951171875
2021-06-08,SPY,3,392.4144287109375
2021-06-08,GLD,742,177.32000732421875
2021-06-09,SPY,3,391.8289489746094
2021-06-09,GLD,742,176.97999572753906
2021-06-10,SPY,3,393.650390625
2021-06-10,GLD,742,177.74000549316406
2021-06-11,SPY,3,394.30084228515625
2021-06-11,GLD,742,175.74000549316406
2021-06-14,SPY,3,395.1836853027344
2021-06-14,GLD,742,174.7100067138672
2021-06-15,SPY,3,394.45880126953125
2021-06-15,GLD,742,174.0500030517578
2021-06-16,SPY,3,392.2564392089844
2021-06-16,GLD,742,171.11000061035156
2021-06-17,SPY,3,392.1263122558594
2021-06-17,GLD,742,165.85000610351562
2021-06-18,SPY,3,386.83642578125
2021-06-18,GLD,742,164.92999267578125
2021-06-21,SPY,3,392.37432861328125
2021-06-21,GLD,742,166.9499969482422
2021-06-22,SPY,3,394.4720458984375
2021-06-22,GLD,742,166.25
2021-06-23,SPY,3,393.99652099609375
2021-06-23,GLD,742,166.13999938964844
2021-06-24,SPY,3,396.32733154296875
2021-06-24,GLD,742,166.0399932861328
2021-06-25,SPY,3,397.73516845703125
2021-06-25,GLD,742,166.58999633789062
2021-06-28,SPY,3,398.53692626953125
2021-06-28,GLD,742,166.5800018310547
2021-06-29,SPY,3,398.7513732910156
2021-06-29,GLD,742,164.8300018310547
2021-06-30,SPY,3,399.0870666503906
2021-06-30,GLD,742,165.6300048828125
2021-07-01,SPY,3,401.2965393066406
2021-07-01,GLD,742,166.1999969482422
2021-07-02,GLD,749,167.2899932861328
2021-07-06,GLD,749,168.1199951171875
2021-07-07,GLD,749,168.75999450683594
2021-07-08,GLD,749,168.64999389648438
2021-07-09,GLD,749,169.2100067138672
2021-07-12,GLD,749,169.0
2021-07-13,GLD,749,169.22000122070312
2021-07-14,GLD,749,171.0399932861328
2021-07-15,GLD,749,171.07000732421875
2021-07-16,GLD,749,169.41000366210938
2021-07-19,GLD,749,169.61000061035156
2021-07-20,GLD,749,169.38999938964844
2021-07-21,GLD,749,168.75999450683594
2021-07-22,GLD,749,169.08999633789062
2021-07-23,GLD,749,168.55999755859375
2021-07-26,GLD,749,168.16000366210938
2021-07-27,GLD,749,168.44000244140625
2021-07-28,GLD,749,169.2899932861328
2021-07-29,GLD,749,171.1699981689453
2021-07-30,GLD,749,169.82000732421875
2021-08-02,GLD,749,169.61000061035156
2021-08-03,BND,829,73.19709014892578
2021-08-03,SPY,162,411.2909851074219
2021-08-04,BND,829,73.19709014892578
2021-08-04,SPY,162,409.2679138183594
2021-08-05,BND,829,73.02854919433594
2021-08-05,SPY,162,411.8597412109375
2021-08-06,BND,829,72.6830062866211
2021-08-06,SPY,162,412.540283203125
2021-08-09,BND,829,72.54815673828125
2021-08-09,SPY,162,412.2046813964844
2021-08-10,BND,829,72.43859100341797
2021-08-10,SPY,162,412.7174987792969
2021-08-11,BND,829,72.48915100097656
2021-08-11,SPY,162,413.7430725097656
2021-08-12,BND,829,72.49758911132812
2021-08-12,SPY,162,414.98297119140625
2021-08-13,BND,829,72.78416442871094
2021-08-13,SPY,162,415.7381591796875
2021-08-16,BND,829,72.85160064697266
2021-08-16,SPY,162,416.7170715332031
2021-08-17,BND,829,72.77571868896484
2021-08-17,SPY,162,413.98541259765625
2021-08-18,BND,829,72.75885009765625
2021-08-18,SPY,162,409.45440673828125
2021-08-19,BND,829,72.91898345947266
2021-08-19,SPY,162,410.08837890625
2021-08-20,BND,829,72.90210723876953
2021-08-20,SPY,162,413.3514404296875
2021-08-23,BND,829,72.91898345947266
2021-08-23,SPY,162,416.98748779296875
2021-08-24,BND,829,72.77571868896484
2021-08-24,SPY,162,417.6493835449219
2021-08-25,BND,829,72.65772247314453
2021-08-25,SPY,162,418.52581787109375
2021-08-26,BND,829,72.66615295410156
2021-08-26,SPY,162,416.0551452636719
2021-08-27,BND,829,72.87683868408203
2021-08-27,SPY,162,419.77508544921875
2021-08-30,BND,829,72.96110534667969
2021-08-30,SPY,162,421.62109375
2021-08-31,BND,829,72.86841583251953
2021-08-31,SPY,162,420.9964294433594
2021-09-01,BND,829,72.8810806274414
2021-09-01,SPY,162,421.22021484375
2021-09-02,SPY,305,422.5160827636719
2021-09-03,SPY,305,422.41351318359375
2021-09-07,SPY,305,420.9031982421875
2021-09-08,SPY,305,420.3904113769531
2021-09-09,SPY,305,418.591064453125
2021-09-10,SPY,305,415.2906188964844
2021-09-13,SPY,305,416.3534851074219
2021-09-14,SPY,305,414.106689453125
2021-09-15,SPY,305,417.56549072265625
2021-09-16,SPY,305,416.903564453125
2021-09-17,SPY,305,412.8425598144531
2021-09-20,SPY,305,405.95867919921875
2021-09-21,SPY,305,405.57525634765625
2021-09-22,SPY,305,409.5315246582031
2021-09-23,SPY,305,414.5072937011719
2021-09-24,SPY,305,415.1901550292969
2021-09-27,SPY,305,414.0022888183594
2021-09-28,SPY,305,405.65936279296875
2021-09-29,SPY,305,406.3421630859375
2021-09-30,SPY,305,401.3757019042969
2021-10-01,SPY,305,406.145751953125
2021-10-04,SPY,305,400.9080505371094
2021-10-04,BND,1,72.3242416381836
2021-10-05,SPY,305,405.0794677734375
2021-10-05,BND,1,72.14668273925781
2021-10-06,SPY,305,406.7630615234375
2021-10-06,BND,1,72.18053436279297
2021-10-07,SPY,305,410.2797546386719
2021-10-07,BND,1,71.9776382446289
2021-10-08,SPY,305,409.5315246582031
2021-10-08,BND,1,71.80010223388672
2021-10-11,SPY,305,406.56658935546875
2021-10-11,BND,1,71.6902084350586
2021-10-12,SPY,305,405.56585693359375
2021-10-12,BND,1,71.95227813720703
2021-10-13,SPY,305,407.02484130859375
2021-10-13,BND,1,72.14668273925781
2021-10-14,SPY,305,413.871337890625
2021-10-14,BND,1,72.2735366821289
2021-10-15,SPY,305,417.0233154296875
2021-10-15,BND,1,72.09598541259766
2021-10-18,SPY,305,418.25787353515625
2021-10-18,BND,1,72.0537338256836
2021-10-19,SPY,305,421.4847412109375
2021-10-19,BND,1,71.85081481933594
2021-10-20,SPY,305,423.14019775390625
2021-10-20,BND,1,71.76630401611328
2021-10-21,SPY,305,424.24383544921875
2021-10-21,BND,1,71.66484832763672
2021-10-22,SPY,305,423.80426025390625
2021-10-22,BND,1,71.8170166015625
2021-10-25,SPY,305,426.0769958496094
2021-10-25,BND,1,71.85081481933594
2021-10-26,SPY,305,426.4604797363281
2021-10-26,BND,1,71.99458312988281
2021-10-27,SPY,305,424.5711975097656
2021-10-27,BND,1,72.25660705566406
2021-10-28,SPY,305,428.6678466796875
2021-10-28,BND,1,72.16360473632812
2021-10-29,SPY,305,429.53759765625
2021-10-29,BND,1,72.18053436279297
2021-11-01,SPY,305,430.27655029296875
2021-11-01,BND,1,72.12466430664062
2021-11-02,SPY,148,432.0162048339844
2021-11-02,GLD,404,167.16000366210938
2021-11-03,SPY,148,434.65374755859375
2021-11-03,GLD,404,165.77000427246094
2021-11-04,SPY,148,436.70208740234375
2021-11-04,GLD,404,167.64999389648438
2021-11-05,SPY,148,438.2172546386719
2021-11-05,GLD,404,169.83999633789062
2021-11-08,SPY,148,438.59136962890625
2021-11-08,GLD,404,170.4499969482422
2021-11-09,SPY,148,437.14166259765625
2021-11-09,GLD,404,171.2899932861328
2021-11-10,SPY,148,433.6249084472656
2021-11-10,GLD,404,173.14999389648438
2021-11-11,SPY,148,433.7652282714844
2021-11-11,GLD,404,174.1199951171875
2021-11-12,SPY,148,437.0387878417969
2021-11-12,GLD,404,174.4499969482422
2021-11-15,SPY,148,437.1884460449219
2021-11-15,GLD,404,174.17999267578125
2021-11-16,SPY,148,438.918701171875
2021-11-16,GLD,404,172.9199981689453
2021-11-17,SPY,148,437.85247802734375
2021-11-17,GLD,404,174.5
2021-11-18,SPY,148,439.3396301269531
2021-11-18,GLD,404,173.94000244140625
2021-11-19,SPY,148,438.553955078125
2021-11-19,GLD,404,172.61000061035156
2021-11-22,SPY,148,437.3193664550781
2021-11-22,GLD,404,168.74000549316406
2021-11-23,SPY,148,437.8992614746094
2021-11-23,GLD,404,167.27999877929688
2021-11-24,SPY,148,439.0684509277344
2021-11-24,GLD,404,167.1199951171875
2021-11-26,SPY,148,429.2758483886719
2021-11-26,GLD,404,166.85000610351562
2021-11-29,SPY,148,434.5415344238281
2021-11-29,GLD,404,166.6199951171875
2021-11-30,SPY,148,426.0863952636719
2021-11-30,GLD,404,165.5
2021-12-01,SPY,148,421.3537902832031
2021-12-01,GLD,404,166.16000366210938
2022-01-04,GLD,353,169.57000732421875
2022-01-04,BND,245,71.60993957519531
2022-01-04,SPY,116,448.2228088378906
2022-01-05,GLD,353,169.05999755859375
2022-01-05,BND,245,71.36324310302734
2022-01-05,SPY,116,439.6160583496094
2022-01-06,GLD,353,166.99000549316406
2022-01-06,BND,245,71.28662872314453
2022-01-06,SPY,116,439.20306396484375
2022-01-07,GLD,353,167.75
2022-01-07,BND,245,71.09098815917969
2022-01-07,SPY,116,437.4667053222656
2022-01-10,GLD,353,168.25999450683594
2022-01-10,BND,245,71.03141021728516
2022-01-10,SPY,116,436.9222106933594
2022-01-11,GLD,353,170.2899932861328
2022-01-11,BND,245,71.17610168457031
2022-01-11,SPY,116,440.90191650390625
2022-01-12,GLD,353,170.74000549316406
2022-01-12,BND,245,71.15052032470703
2022-01-12,SPY,116,442.0938720703125
2022-01-13,GLD,353,170.16000366210938
2022-01-13,BND,245,71.2696533203125
2022-01-13,SPY,116,436.0024719238281
2022-01-14,GLD,353,169.6699981689453
2022-01-14,BND,245,70.8782730102539
2022-01-14,SPY,116,436.1807861328125
2022-01-18,GLD,353,169.38999938964844
2022-01-18,BND,245,70.43592834472656
2022-01-18,SPY,116,428.45623779296875
2022-01-19,GLD,353,172.0800018310547
2022-01-19,BND,245,70.60604095458984
2022-01-19,SPY,116,424.00726318359375
2022-01-20,GLD,353,171.64999389648438
2022-01-20,BND,245,70.68257141113281
2022-01-20,SPY,116,419.31439208984375
2022-01-21,GLD,353,171.08999633789062
2022-01-21,BND,245,70.94634246826172
2022-01-21,SPY,116,411.08294677734375
2022-01-24,GLD,353,172.02999877929688
2022-01-24,BND,245,70.83573913574219
2022-01-24,SPY,116,412.82867431640625
2022-01-25,GLD,353,172.5800018310547
2022-01-25,BND,245,70.74215698242188
2022-01-25,SPY,116,407.7884826660156
2022-01-26,GLD,353,169.7899932861328
2022-01-26,BND,245,70.3508071899414
2022-01-26,SPY,116,406.76544189453125
2022-01-27,GLD,353,167.60000610351562
2022-01-27,BND,245,70.58049011230469
2022-01-27,SPY,116,404.7567443847656
2022-01-28,GLD,353,167.10000610351562
2022-01-28,BND,245,70.66558837890625
2022-01-28,SPY,116,414.8091735839844
2022-01-31,GLD,353,168.08999633789062
2022-01-31,BND,245,70.61454772949219
2022-01-31,SPY,116,422.2803039550781
2022-02-01,GLD,353,168.22999572753906
2022-02-01,BND,245,70.5864486694336
2022-02-01,SPY,116,425.13360595703125
2022-02-02,GLD,229,168.83999633789062
2022-02-02,BND,315,70.68869018554688
2022-02-02,SPY,153,429.2633972167969
2022-02-03,GLD,229,168.60000610351562
2022-02-03,BND,315,70.39042663574219
2022-02-03,SPY,153,419.1736145019531
2022-02-04,GLD,229,168.86000061035156
2022-02-04,BND,315,69.95580291748047
2022-02-04,SPY,153,421.1446228027344
2022-02-07,GLD,229,170.11000061035156
2022-02-07,BND,315,70.01544952392578
2022-02-07,SPY,153,419.7930603027344
2022-02-08,GLD,229,170.6300048828125
2022-02-08,BND,315,69.7853775024414
2022-02-08,SPY,153,423.2470397949219
2022-02-09,GLD,229,171.2100067138672
2022-02-09,BND,315,69.83650207519531
2022-02-09,SPY,153,429.44171142578125
2022-02-10,GLD,229,170.55999755859375
2022-02-10,BND,315,69.19735717773438
2022-02-10,SPY,153,421.72650146484375
2022-02-11,GLD,229,173.80999755859375
2022-02-11,BND,315,69.64901733398438
2022-02-11,SPY,153,413.41058349609375
2022-02-14,GLD,229,174.74000549316406
2022-02-14,BND,315,69.25702667236328
2022-02-14,SPY,153,412.05908203125
2022-02-15,GLD,229,173.0800018310547
2022-02-15,BND,315,69.11213684082031
2022-02-15,SPY,153,418.7043151855469
2022-02-16,GLD,229,174.86000061035156
2022-02-16,BND,315,69.20585632324219
2022-02-16,SPY,153,419.1736145019531
2022-02-17,GLD,229,177.25
2022-02-17,BND,315,69.35926818847656
2022-02-17,SPY,153,410.2193908691406
2022-02-18,GLD,229,177.1199951171875
2022-02-18,BND,315,69.47859191894531
2022-02-18,SPY,153,407.56329345703125
2022-02-22,GLD,229,177.49000549316406
2022-02-22,BND,315,69.43596649169922
2022-02-22,SPY,153,403.1894226074219
2022-02-23,GLD,229,178.2899932861328
2022-02-23,BND,315,69.08662414550781
2022-02-23,SPY,153,396.03741455078125
2022-02-24,GLD,229,177.13999938964844
2022-02-24,BND,315,69.239990234375
2022-02-24,SPY,153,401.9974365234375
2022-02-25,GLD,229,176.5500030517578
2022-02-25,BND,315,69.2996597290039
2022-02-25,SPY,153,410.8670349121094
2022-02-28,GLD,229,178.3800048828125
2022-02-28,BND,315,69.81092834472656
2022-02-28,SPY,153,409.8158874511719
2022-03-01,GLD,229,181.6199951171875
2022-03-01,BND,315,70.17710876464844
2022-03-01,SPY,153,403.5742492675781
2022-03-02,GLD,352,179.72999572753906
2022-03-02,SPY,153,410.9985046386719
2022-03-03,GLD,352,180.8000030517578
2022-03-03,SPY,153,408.95233154296875
2022-03-04,GLD,352,183.67999267578125
2022-03-04,SPY,153,405.6297302246094
2022-03-07,GLD,352,186.41000366210938
2022-03-07,SPY,153,393.6721496582031
2022-03-08,GLD,352,191.50999450683594
2022-03-08,SPY,153,390.6874084472656
2022-03-09,GLD,352,185.82000732421875
2022-03-09,SPY,153,401.162109375
2022-03-10,GLD,352,186.39999389648438
2022-03-10,SPY,153,399.3506164550781
2022-03-11,GLD,352,185.08999633789062
2022-03-11,SPY,153,394.2728271484375
2022-03-14,GLD,352,182.3000030517578
2022-03-14,SPY,153,391.3913269042969
2022-03-15,GLD,352,178.88999938964844
2022-03-15,SPY,153,399.99822998046875
2022-03-16,GLD,352,180.00999450683594
2022-03-16,SPY,153,408.8678283691406
2022-03-17,GLD,352,180.88999938964844
2022-03-17,SPY,153,413.9831848144531
2022-03-18,GLD,352,179.3000030517578
2022-03-18,SPY,153,418.5174560546875
2022-03-21,GLD,352,180.6699981689453
2022-03-21,SPY,153,418.3950500488281
2022-03-22,GLD,352,179.36000061035156
2022-03-22,SPY,153,423.2908935546875
2022-03-23,GLD,352,181.80999755859375
2022-03-23,SPY,153,417.839599609375
2022-03-24,GLD,352,183.1300048828125
2022-03-24,SPY,153,424.13824462890625
2022-03-25,GLD,352,182.3800048828125
2022-03-25,SPY,153,426.2095642089844
2022-03-28,GLD,352,179.05999755859375
2022-03-28,SPY,153,429.2412109375
2022-03-29,GLD,352,179.13999938964844
2022-03-29,SPY,153,434.55133056640625
2022-03-30,GLD,352,180.5800018310547
2022-03-30,SPY,153,431.8680419921875
2022-03-31,GLD,352,180.64999389648438
2022-03-31,SPY,153,425.2209167480469
2022-04-01,GLD,352,179.5
2022-04-01,SPY,153,426.42608642578125
2022-04-04,GLD,608,180.3699951171875
2022-04-04,BND,282,67.7938461303711
2022-04-05,GLD,608,179.24000549316406
2022-04-05,BND,282,67.10929870605469
2022-04-06,GLD,608,179.66000366210938
2022-04-06,BND,282,66.90393829345703
2022-04-07,GLD,608,180.33999633789062
2022-04-07,BND,282,66.76704406738281
2022-04-08,GLD,608,181.47000122070312
2022-04-08,BND,282,66.40764617919922
2022-04-11,GLD,608,182.3699951171875
2022-04-11,BND,282,66.09959411621094
2022-04-12,GLD,608,183.77000427246094
2022-04-12,BND,282,66.31353759765625
2022-04-13,GLD,608,184.64999389648438
2022-04-13,BND,282,66.39054870605469
2022-04-14,GLD,608,184.0399932861328
2022-04-14,BND,282,65.93704223632812
2022-04-18,GLD,608,184.61000061035156
2022-04-18,BND,282,65.72312927246094
2022-04-19,GLD,608,181.82000732421875
2022-04-19,BND,282,65.31243896484375
2022-04-20,GLD,608,182.7100067138672
2022-04-20,BND,282,65.72312927246094
2022-04-21,GLD,608,182.05999755859375
2022-04-21,BND,282,65.37232208251953
2022-04-22,GLD,608,180.2899932861328
2022-04-22,BND,282,65.28675842285156
2022-04-25,GLD,608,177.0500030517578
2022-04-25,BND,282,65.69743347167969
2022-04-26,GLD,608,177.32000732421875
2022-04-26,BND,282,65.86859893798828
2022-04-27,GLD,608,175.97999572753906
2022-04-27,BND,282,65.6632308959961
2022-04-28,GLD,608,176.92999267578125
2022-04-28,BND,282,65.63755798339844
2022-04-29,GLD,608,176.91000366210938
2022-04-29,BND,282,65.19261932373047
2022-05-02,GLD,608,173.6300048828125
2022-05-02,BND,282,64.85913848876953
2022-05-03,SPY,317,392.0235595703125
2022-05-04,SPY,317,403.9617614746094
2022-05-05,SPY,317,389.6037902832031
2022-05-06,SPY,317,387.2783203125
2022-05-09,SPY,317,374.8787536621094
2022-05-10,SPY,317,375.7449035644531
2022-05-11,SPY,317,369.77581787109375
2022-05-12,SPY,317,369.3897705078125
2022-05-13,SPY,317,378.2210388183594
2022-05-16,SPY,317,376.6864318847656
2022-05-17,SPY,317,384.4350280761719
2022-05-18,SPY,317,368.9377746582031
2022-05-19,SPY,317,366.67828369140625
2022-05-20,SPY,317,366.8382873535156
2022-05-23,SPY,317,373.70184326171875
2022-05-24,SPY,317,370.84912109375
2022-05-25,SPY,317,374.12554931640625
2022-05-26,SPY,317,381.6010437011719
2022-05-27,SPY,317,390.9690856933594
2022-05-31,SPY,317,388.77532958984375
2022-06-01,SPY,317,385.63079833984375
2022-06-02,SPY,26,392.9745178222656
2022-06-02,GLD,647,174.35000610351562
2022-06-03,SPY,26,386.525146484375
2022-06-03,GLD,647,172.5800018310547
2022-06-06,SPY,26,387.7019958496094
2022-06-06,GLD,647,171.82000732421875
2022-06-07,SPY,26,391.42095947265625
2022-06-07,GLD,647,172.94000244140625
2022-06-08,SPY,26,387.1653747558594
2022-06-08,GLD,647,172.77999877929688
2022-06-09,SPY,26,377.9574890136719
2022-06-09,GLD,647,172.22999572753906
2022-06-10,SPY,26,366.9984130859375
2022-06-10,GLD,647,174.5399932861328
2022-06-13,SPY,26,353.0639953613281
2022-06-13,GLD,647,169.92999267578125
2022-06-14,SPY,26,352.00018310546875
2022-06-14,GLD,647,168.57000732421875
2022-06-15,SPY,26,357.0184326171875
2022-06-15,GLD,647,170.77000427246094
2022-06-16,SPY,26,345.20257568359375
2022-06-16,GLD,647,172.69000244140625
2022-06-17,SPY,26,345.9467468261719
2022-06-17,GLD,647,171.27000427246094
2022-06-21,SPY,26,354.6553955078125
2022-06-21,GLD,647,170.6300048828125
2022-06-22,SPY,26,354.012451171875
2022-06-22,GLD,647,171.30999755859375
2022-06-23,SPY,26,357.48272705078125
2022-06-23,GLD,647,170.25999450683594
2022-06-24,SPY,26,368.8484191894531
2022-06-24,GLD,647,170.08999633789062
2022-06-27,SPY,26,367.4395751953125
2022-06-27,GLD,647,169.89999389648438
2022-06-28,SPY,26,359.93170166015625
2022-06-28,GLD,647,169.6199951171875
2022-06-29,SPY,26,359.63848876953125
2022-06-29,GLD,647,169.49000549316406
2022-06-30,SPY,26,356.71673583984375
2022-06-30,GLD,647,168.4600067138672
2022-07-01,SPY,26,360.48956298828125
2022-07-01,GLD,647,168.32000732421875
2022-07-05,SPY,313,361.17034912109375
2022-07-05,BND,92,65.26840209960938
2022-07-06,SPY,313,362.3902282714844
2022-07-06,BND,92,64.87250518798828
2022-07-07,SPY,313,367.8177490234375
2022-07-07,BND,92,64.69178009033203
2022-07-08,SPY,313,367.5151672363281
2022-07-08,BND,92,64.47663879394531
2022-07-11,SPY,313,363.31689453125
2022-07-11,BND,92,64.71760559082031
2022-07-12,SPY,313,360.1018981933594
2022-07-12,BND,92,64.82949829101562
2022-07-13,SPY,313,358.21075439453125
2022-07-13,BND,92,65.0360107421875
2022-07-14,SPY,313,357.3408203125
2022-07-14,BND,92,64.82949829101562
2022-07-15,SPY,313,364.1679382324219
2022-07-15,BND,92,65.06187438964844
2022-07-18,SPY,313,361.16094970703125
2022-07-18,BND,92,64.86390686035156
2022-07-19,SPY,313,370.9192199707031
2022-07-19,BND,92,64.81228637695312
2022-07-20,SPY,313,373.2831726074219
2022-07-20,BND,92,64.75206756591797
2022-07-21,SPY,313,377.0843811035156
2022-07-21,BND,92,65.28561401367188
2022-07-22,SPY,313,373.58575439453125
2022-07-22,BND,92,65.81920623779297
2022-07-25,SPY,313,374.0396728515625
2022-07-25,BND,92,65.57817840576172
2022-07-26,SPY,313,369.6143493652344
2022-07-26,BND,92,65.59542083740234
2022-07-27,SPY,313,379.21185302734375
2022-07-27,BND,92,65.77615356445312
2022-07-28,SPY,313,383.9681091308594
2022-07-28,BND,92,66.23226928710938
2022-07-29,SPY,313,389.56585693359375
2022-07-29,BND,92,66.18063354492188
2022-08-01,SPY,313,388.4123229980469
2022-08-01,BND,92,66.46778869628906
2022-08-02,SPY,5,385.8498229980469
2022-08-02,BND,1109,65.79519653320312
2022-08-02,GLD,311,164.0500030517578
2022-08-03,SPY,5,391.8919677734375
2022-08-03,BND,1109,66.12284851074219
2022-08-03,GLD,311,164.4499969482422
2022-08-04,SPY,5,391.6272277832031
2022-08-04,BND,1109,66.28671264648438
2022-08-04,GLD,311,167.1699981689453
2022-08-05,SPY,5,390.9653625488281
2022-08-05,BND,1109,65.53646850585938
2022-08-05,GLD,311,165.2899932861328
2022-08-08,SPY,5,390.5115051269531
2022-08-08,BND,1109,65.82968139648438
2022-08-08,GLD,311,166.69000244140625
2022-08-09,SPY,5,388.9607238769531
2022-08-09,BND,1109,65.6830825805664
2022-08-09,GLD,311,167.1999969482422
2022-08-10,SPY,5,397.1304626464844
2022-08-10,BND,1109,65.86417388916016
2022-08-10,GLD,311,166.77999877929688
2022-08-11,SPY,5,397.1304626464844
2022-08-11,BND,1109,65.49337005615234
2022-08-11,GLD,311,166.33999633789062
2022-08-12,SPY,5,403.8534851074219
2022-08-12,BND,1109,65.79519653320312
2022-08-12,GLD,311,167.8699951171875
2022-08-15,SPY,5,405.5177001953125
2022-08-15,BND,1109,65.86417388916016
2022-08-15,GLD,311,165.7100067138672
2022-08-16,SPY,5,406.31195068359375
2022-08-16,BND,1109,65.77793884277344
2022-08-16,GLD,311,165.4199981689453
2022-08-17,SPY,5,403.42791748046875
2022-08-17,BND,1109,65.38990783691406
2022-08-17,GLD,311,164.35000610351562
2022-08-18,SPY,5,404.6004943847656
2022-08-18,BND,1109,65.5106201171875
2022-08-18,GLD,311,163.9199981689453
2022-08-19,SPY,5,399.1634521484375
2022-08-19,BND,1109,65.09669494628906
2022-08-19,GLD,311,162.72000122070312
2022-08-22,SPY,5,390.8519287109375
2022-08-22,BND,1109,64.80350494384766
2022-08-22,GLD,311,161.63999938964844
2022-08-23,SPY,5,389.9063415527344
2022-08-23,BND,1109,64.77764129638672
2022-08-23,GLD,311,162.77000427246094
2022-08-24,SPY,5,391.1544494628906
2022-08-24,BND,1109,64.61377716064453
2022-08-24,GLD,311,163.25
2022-08-25,SPY,5,396.67657470703125
2022-08-25,BND,1109,64.96733856201172
2022-08-25,GLD,311,163.75
2022-08-26,SPY,5,383.24945068359375
2022-08-26,BND,1109,64.83802795410156
2022-08-26,GLD,311,161.75999450683594
2022-08-29,SPY,5,380.71533203125
2022-08-29,BND,1109,64.54481506347656
2022-08-29,GLD,311,161.86000061035156
2022-08-30,SPY,5,376.535888671875
2022-08-30,BND,1109,64.5965805053711
2022-08-30,GLD,311,160.50999450683594
2022-08-31,SPY,5,373.6708679199219
2022-08-31,BND,1109,64.3292236328125
2022-08-31,GLD,311,159.27000427246094
2022-09-01,SPY,5,374.84332275390625
2022-09-01,BND,1109,63.980133056640625
2022-09-01,GLD,311,157.8699951171875
2022-09-02,SPY,324,370.89080810546875
2022-09-06,SPY,324,369.4915466308594
2022-09-07,SPY,324,376.1293640136719
2022-09-08,SPY,324,378.58782958984375
2022-09-09,SPY,324,384.46923828125
2022-09-12,SPY,324,388.6014709472656
2022-09-13,SPY,324,371.70404052734375
2022-09-14,SPY,324,373.1224365234375
2022-09-15,SPY,324,368.8862609863281
2022-09-16,SPY,324,366.0721130371094
2022-09-19,SPY,324,368.91094970703125
2022-09-20,SPY,324,364.6763916015625
2022-09-21,SPY,324,358.31500244140625
2022-09-22,SPY,324,355.30523681640625
2022-09-23,SPY,324,349.35211181640625
2022-09-26,SPY,324,345.8960876464844
2022-09-27,SPY,324,345.01312255859375
2022-09-28,SPY,324,351.8017272949219
2022-09-29,SPY,324,344.4529113769531
2022-09-30,SPY,324,339.1264953613281
2022-10-03,SPY,324,348.07989501953125
2022-10-04,SPY,324,358.86566162109375
2022-10-04,BND,1,62.310367584228516
2022-10-05,SPY,324,358.0301208496094
2022-10-05,BND,1,61.98128128051758
2022-10-06,SPY,324,354.3368835449219
2022-10-06,BND,1,61.74745178222656
2022-10-07,SPY,324,344.4529113769531
2022-10-07,BND,1,61.4270133972168
2022-10-10,SPY,324,341.8229675292969
2022-10-10,BND,1,61.14989471435547
2022-10-11,SPY,324,339.65814208984375
2022-10-11,BND,1,61.16722106933594
2022-10-12,SPY,324,338.53778076171875
2022-10-12,BND,1,61.23648452758789
2022-10-13,SPY,324,347.47222900390625
2022-10-13,BND,1,61.0200080871582
2022-10-14,SPY,324,339.5538024902344
2022-10-14,BND,1,60.725555419921875
2022-10-17,SPY,324,348.27923583984375
2022-10-17,BND,1,60.85543441772461
2022-10-18,SPY,324,352.3714294433594
2022-10-18,BND,1,60.99399948120117
2022-10-19,SPY,324,349.8743591308594
2022-10-19,BND,1,60.49173355102539
2022-10-20,SPY,324,346.94049072265625
2022-10-20,BND,1,60.08467483520508
2022-10-21,SPY,324,355.37176513671875
2022-10-21,BND,1,60.1885871887207
2022-10-24,SPY,324,359.7201843261719
2022-10-24,BND,1,60.10200119018555
2022-10-25,SPY,324,365.46441650390625
2022-10-25,BND,1,60.67359924316406
2022-10-26,SPY,324,362.7110290527344
2022-10-26,BND,1,60.916072845458984
2022-10-27,SPY,324,360.7740173339844
2022-10-27,BND,1,61.23648452758789
2022-10-28,SPY,324,369.3571472167969
2022-10-28,BND,1,61.11526107788086
2022-10-31,SPY,324,366.689208984375
2022-10-31,BND,1,60.924739837646484
2022-11-01,SPY,324,365.0846252441406
2022-11-01,BND,1,60.98810577392578
2022-11-02,SPY,288,355.92236328125
2022-11-02,BND,187,60.89262008666992
2022-11-02,GLD,11,152.38999938964844
2022-11-03,SPY,288,352.2574462890625
2022-11-03,BND,187,60.65826416015625
2022-11-03,GLD,11,151.80999755859375
2022-11-04,SPY,288,357.3276062011719
2022-11-04,BND,187,60.67559814453125
2022-11-04,GLD,11,156.47000122070312
2022-11-07,SPY,288,360.74560546875
2022-11-07,BND,187,60.44123077392578
2022-11-07,GLD,11,155.85000610351562
2022-11-08,SPY,288,362.6920471191406
2022-11-08,BND,187,60.71034240722656
2022-11-08,GLD,11,159.4499969482422
2022-11-09,SPY,288,355.2197570800781
2022-11-09,BND,187,60.797122955322266
2022-11-09,GLD,11,158.64999389648438
2022-11-10,SPY,288,374.7405700683594
2022-11-10,BND,187,62.05579376220703
2022-11-10,GLD,11,163.47999572753906
2022-11-11,SPY,288,378.3674621582031
2022-11-11,BND,187,62.05579376220703
2022-11-11,GLD,11,164.55999755859375
2022-11-14,SPY,288,375.14886474609375
2022-11-14,BND,187,61.856163024902344
2022-11-14,GLD,11,164.9199981689453
2022-11-15,SPY,288,378.3484802246094
2022-11-15,BND,187,62.290157318115234
2022-11-15,GLD,11,165.5
2022-11-16,SPY,288,375.4621276855469
2022-11-16,BND,187,62.64604568481445
2022-11-16,GLD,11,165.1199951171875
2022-11-17,SPY,288,374.31329345703125
2022-11-17,BND,187,62.3856315612793
2022-11-17,GLD,11,163.9199981689453
2022-11-18,SPY,288,376.0129089355469
2022-11-18,BND,187,62.281497955322266
2022-11-18,GLD,11,162.7899932861328
2022-11-21,SPY,288,374.6456604003906
2022-11-21,BND,187,62.281497955322266
2022-11-21,GLD,11,161.8800048828125
2022-11-22,SPY,288,379.687255859375
2022-11-22,BND,187,62.60265350341797
2022-11-22,GLD,11,162.07000732421875
2022-11-23,SPY,288,382.0798645019531
2022-11-23,BND,187,62.984580993652344
2022-11-23,GLD,11,163.0800018310547
2022-11-25,SPY,288,381.9944763183594
2022-11-25,BND,187,62.984580993652344
2022-11-25,GLD,11,163.22000122070312
2022-11-28,SPY,288,375.89886474609375
2022-11-28,BND,187,62.906455993652344
2022-11-28,GLD,11,161.92999267578125
2022-11-29,SPY,288,375.2532653808594
2022-11-29,BND,187,62.67210006713867
2022-11-29,GLD,11,162.72999572753906
2022-11-30,SPY,288,387.073974609375
2022-11-30,BND,187,63.158172607421875
2022-11-30,GLD,11,164.80999755859375
2022-12-01,SPY,288,386.7891845703125
2022-12-01,BND,187,63.68456268310547
2022-12-01,GLD,11,167.83999633789062
2022-12-02,SPY,254,386.3429260253906
2022-12-02,BND,206,63.94552993774414
2022-12-02,GLD,82,167.25999450683594
2022-12-05,SPY,254,379.39288330078125
2022-12-05,BND,206,63.44095230102539
2022-12-05,GLD,82,164.38999938964844
2022-12-06,SPY,254,373.9240417480469
2022-12-06,BND,206,63.64973831176758
2022-12-06,GLD,82,164.83999633789062
2022-12-07,SPY,254,373.2878723144531
2022-12-07,BND,206,64.20655822753906
2022-12-07,GLD,82,166.3300018310547
2022-12-08,SPY,254,376.21221923828125
2022-12-08,BND,206,64.02383422851562
2022-12-08,GLD,82,166.47000122070312
2022-12-09,SPY,254,373.40185546875
2022-12-09,BND,206,63.64973831176758
2022-12-09,GLD,82,167.05999755859375
2022-12-12,SPY,254,378.7852783203125
2022-12-12,BND,206,63.64973831176758
2022-12-12,GLD,82,165.67999267578125
2022-12-13,SPY,254,381.652587890625
2022-12-13,BND,206,64.08475494384766
2022-12-13,GLD,82,168.50999450683594
2022-12-14,SPY,254,379.2125549316406
2022-12-14,BND,206,64.24134826660156
2022-12-14,GLD,82,168.10000610351562
2022-12-15,SPY,254,369.93634033203125
2022-12-15,BND,206,64.27613067626953
2022-12-15,GLD,82,165.35000610351562
2022-12-16,SPY,254,365.56884765625
2022-12-16,BND,206,64.11083984375
2022-12-16,GLD,82,166.7899932861328
2022-12-19,SPY,254,362.4689025878906
2022-12-19,BND,206,63.72803497314453
2022-12-19,GLD,82,166.32000732421875
2022-12-20,SPY,254,362.9648742675781
2022-12-20,BND,206,63.31044387817383
2022-12-20,GLD,82,169.0800018310547
2022-12-21,SPY,254,368.3921203613281
2022-12-21,BND,206,63.458335876464844
2022-12-21,GLD,82,168.8000030517578
2022-12-22,SPY,254,363.1365966796875
2022-12-22,BND,206,63.44963073730469
2022-12-22,GLD,82,166.75999450683594
2022-12-23,SPY,254,365.22552490234375
2022-12-23,BND,206,63.250797271728516
2022-12-23,GLD,82,167.25999450683594
2022-12-27,SPY,254,363.78521728515625
2022-12-27,BND,206,62.7624626159668
2022-12-27,GLD,82,168.6699981689453
2022-12-28,SPY,254,359.2641296386719
2022-12-28,BND,206,62.67523956298828
2022-12-28,GLD,82,167.91000366210938
2022-12-29,SPY,254,365.7309875488281
2022-12-29,BND,206,62.910682678222656
2022-12-29,GLD,82,168.85000610351562
2022-12-30,SPY,254,364.7676086425781
2022-12-30,BND,206,62.64906311035156
2022-12-30,GLD,82,169.63999938964844
2023-01-03,SPY,254,363.2319641113281
2023-01-03,BND,206,62.980472564697266
2023-01-03,GLD,82,171.05999755859375
2023-01-04,GLD,694,172.6699981689453
2023-01-05,GLD,694,170.52000427246094
2023-01-06,GLD,694,173.7100067138672
2023-01-09,GLD,694,174.10000610351562
2023-01-10,GLD,694,174.74000549316406
2023-01-11,GLD,694,174.6199951171875
2023-01-12,GLD,694,176.63999938964844
2023-01-13,GLD,694,178.75999450683594
2023-01-17,GLD,694,177.58999633789062
2023-01-18,GLD,694,177.0800018310547
2023-01-19,GLD,694,179.88999938964844
2023-01-20,GLD,694,179.2899932861328
2023-01-23,GLD,694,179.6300048828125
2023-01-24,GLD,694,180.27999877929688
2023-01-25,GLD,694,181.11000061035156
2023-01-26,GLD,694,179.47000122070312
2023-01-27,GLD,694,179.22000122070312
2023-01-30,GLD,694,178.75999450683594
2023-01-31,GLD,694,179.41000366210938
2023-02-01,GLD,694,181.6699981689453
2023-02-02,GLD,694,177.89999389648438
2023-02-03,GLD,694,173.4600067138672
2023-02-06,GLD,694,173.82000732421875
2023-02-07,GLD,694,173.97999572753906
2023-02-08,GLD,694,174.41000366210938
2023-02-09,GLD,694,173.02999877929688
2023-02-10,GLD,694,173.36000061035156
2023-02-13,GLD,694,172.47999572753906
2023-02-14,GLD,694,172.61000061035156
2023-02-15,GLD,694,170.88999938964844
2023-02-16,GLD,694,170.75
2023-02-17,GLD,694,171.25999450683594
2023-02-21,GLD,694,170.6199951171875
2023-02-22,GLD,694,169.66000366210938
2023-02-23,GLD,694,169.57000732421875
2023-02-24,GLD,694,168.35000610351562
2023-02-27,GLD,694,169.00999450683594
2023-02-28,GLD,694,169.77999877929688
2023-03-01,GLD,694,170.75999450683594
2023-03-02,GLD,535,170.66000366210938
2023-03-02,BND,31,62.49442672729492
2023-03-02,SPY,67,379.43731689453125
2023-03-03,GLD,535,172.49000549316406
2023-03-03,BND,31,62.976295471191406
2023-03-03,SPY,67,385.52264404296875
2023-03-06,GLD,535,171.6199951171875
2023-03-06,BND,31,62.82733917236328
2023-03-06,SPY,67,385.7897033691406
2023-03-07,GLD,535,168.6199951171875
2023-03-07,BND,31,62.75724792480469
2023-03-07,SPY,67,379.87603759765625
2023-03-08,GLD,535,168.5399932861328
2023-03-08,BND,31,62.704681396484375
2023-03-08,SPY,67,380.49603271484375
2023-03-09,GLD,535,170.1999969482422
2023-03-09,BND,31,62.914947509765625
2023-03-09,SPY,67,373.4759521484375
2023-03-10,GLD,535,173.8699951171875
2023-03-10,BND,31,63.668418884277344
2023-03-10,SPY,67,368.0868835449219
2023-03-13,GLD,535,177.86000061035156
2023-03-13,BND,31,64.17658233642578
2023-03-13,SPY,67,367.5623474121094
2023-03-14,GLD,535,176.8300018310547
2023-03-14,BND,31,63.773529052734375
2023-03-14,SPY,67,373.6381530761719
2023-03-15,GLD,535,178.2100067138672
2023-03-15,BND,31,64.43064880371094
2023-03-15,SPY,67,371.30126953125
2023-03-16,GLD,535,178.57000732421875
2023-03-16,BND,31,64.12401580810547
2023-03-16,SPY,67,377.8157958984375
2023-03-17,GLD,535,183.77000427246094
2023-03-17,BND,31,64.5883560180664
2023-03-17,SPY,67,373.3980712890625
2023-03-20,GLD,535,183.83999633789062
2023-03-20,BND,31,64.30799865722656
2023-03-20,SPY,67,376.98858642578125
2023-03-21,GLD,535,180.3699951171875
2023-03-21,BND,31,64.13274383544922
2023-03-21,SPY,67,381.9386901855469
2023-03-22,GLD,535,183.44000244140625
2023-03-22,BND,31,64.7022476196289
2023-03-22,SPY,67,375.427978515625
2023-03-23,GLD,535,185.74000549316406
2023-03-23,BND,31,64.8511962890625
2023-03-23,SPY,67,376.44281005859375
2023-03-24,GLD,535,183.64999389648438
2023-03-24,BND,31,64.98259735107422
2023-03-24,SPY,67,378.9130859375
2023-03-27,GLD,535,181.9499969482422
2023-03-27,BND,31,64.30799865722656
2023-03-27,SPY,67,379.6215515136719
2023-03-28,GLD,535,183.44000244140625
2023-03-28,BND,31,64.19408416748047
2023-03-28,SPY,67,378.7694396972656
2023-03-29,GLD,535,182.52999877929688
2023-03-29,BND,31,64.26419067382812
2023-03-29,SPY,67,384.2748107910156
2023-03-30,GLD,535,184.17999267578125
2023-03-30,BND,31,64.35179138183594
2023-03-30,SPY,67,386.5248718261719
2023-03-31,GLD,535,183.22000122070312
2023-03-31,BND,31,64.68473815917969
2023-03-31,SPY,67,391.9727783203125
2023-04-03,GLD,535,184.5399932861328
2023-04-03,BND,31,64.95962524414062
2023-04-03,SPY,67,393.46636962890625
2023-05-02,BND,62,65.0298080444336
2023-05-02,SPY,310,393.361083984375
2023-05-03,BND,62,65.30272674560547
2023-05-03,SPY,310,390.6610107421875
2023-05-04,BND,62,65.2147216796875
2023-05-04,SPY,310,387.89404296875
2023-05-05,BND,62,64.97698211669922
2023-05-05,SPY,310,395.07489013671875
2023-05-08,BND,62,64.66881561279297
2023-05-08,SPY,310,395.1802062988281
2023-05-09,BND,62,64.59839630126953
2023-05-09,SPY,310,393.447265625
2023-05-10,BND,62,64.99459838867188
2023-05-10,SPY,310,395.28558349609375
2023-05-11,BND,62,65.20588684082031
2023-05-11,SPY,310,394.5961608886719
2023-05-12,BND,62,64.86251831054688
2023-05-12,SPY,310,394.07916259765625
2023-05-15,BND,62,64.69523620605469
2023-05-15,SPY,310,395.4387512207031
2023-05-16,BND,62,64.53678131103516
2023-05-16,SPY,310,392.7962646484375
2023-05-17,BND,62,64.42230987548828
2023-05-17,SPY,310,397.5642395019531
2023-05-18,BND,62,64.15816497802734
2023-05-18,SPY,310,401.3941650390625
2023-05-19,BND,62,63.98208236694336
2023-05-19,SPY,310,400.81011962890625
2023-05-22,BND,62,63.964454650878906
2023-05-22,SPY,310,400.972900390625
2023-05-23,BND,62,64.00849151611328
2023-05-23,SPY,310,396.4727783203125
2023-05-24,BND,62,63.8324089050293
2023-05-24,SPY,310,393.6004333496094
2023-05-25,BND,62,63.59469223022461
2023-05-25,SPY,310,397.0090026855469
2023-05-26,BND,62,63.673927307128906
2023-05-26,SPY,310,402.1505432128906
2023-05-30,BND,62,64.0965576171875
2023-05-30,SPY,310,402.3036804199219
2023-05-31,BND,62,64.30784606933594
2023-05-31,SPY,310,400.0728454589844
2023-06-01,BND,62,64.48173522949219
2023-06-01,SPY,310,403.8739318847656
2023-06-02,SPY,320,409.71441650390625
2023-06-05,SPY,320,408.9293518066406
2023-06-06,SPY,320,409.81976318359375
2023-06-07,SPY,320,408.4027099609375
2023-06-08,SPY,320,410.8729553222656
2023-06-09,SPY,320,411.61016845703125
2023-06-12,SPY,320,415.34423828125
2023-06-13,SPY,320,418.0826416015625
2023-06-14,SPY,320,418.5804748535156
2023-06-15,SPY,320,423.7698974609375
2023-06-16,SPY,320,422.3264465332031
2023-06-20,SPY,320,420.13531494140625
2023-06-21,SPY,320,417.98260498046875
2023-06-22,SPY,320,419.4914245605469
2023-06-23,SPY,320,416.3200988769531
2023-06-26,SPY,320,414.6191101074219
2023-06-27,SPY,320,419.16473388671875
2023-06-28,SPY,320,419.3761291503906
2023-06-29,SPY,320,421.0290222167969
2023-06-30,SPY,320,425.99749755859375
2023-07-03,SPY,320,426.4876403808594
2023-07-05,BND,2127,63.7161750793457
2023-07-06,BND,2127,63.30911636352539
2023-07-07,BND,2127,63.27371597290039
2023-07-10,BND,2127,63.49496078491211
2023-07-11,BND,2127,63.627685546875
2023-07-12,BND,2127,64.13211822509766
2023-07-13,BND,2127,64.52147674560547
2023-07-14,BND,2127,64.22058868408203
2023-07-17,BND,2127,64.29139709472656
2023-07-18,BND,2127,64.37102508544922
2023-07-19,BND,2127,64.52147674560547
2023-07-20,BND,2127,64.22058868408203
2023-07-21,BND,2127,64.26486206054688
2023-07-24,BND,2127,64.15866088867188
2023-07-25,BND,2127,64.0878677368164
2023-07-26,BND,2127,64.30024719238281
2023-07-27,BND,2127,63.75159454345703
2023-07-28,BND,2127,63.97282028198242
2023-07-31,BND,2127,64.0878677368164
2023-08-01,BND,2127,63.691253662109375
2023-08-02,BND,382,63.48715591430664
2023-08-02,GLD,123,179.60000610351562
2023-08-02,SPY,203,432.5804443359375
2023-08-03,BND,382,63.096744537353516
2023-08-03,GLD,123,179.5399932861328
2023-08-03,SPY,203,431.3406982421875
2023-08-04,BND,382,63.620243072509766
2023-08-04,GLD,123,180.19000244140625
2023-08-04,SPY,203,429.38983154296875
2023-08-07,BND,382,63.52263259887695
2023-08-07,GLD,123,179.77999877929688
2023-08-07,SPY,203,433.13787841796875
2023-08-08,BND,382,63.753353118896484
2023-08-08,GLD,123,178.63999938964844
2023-08-08,SPY,203,431.2542419433594
2023-08-09,BND,382,63.771095275878906
2023-08-09,GLD,123,177.7899932861328
2023-08-09,SPY,203,428.37127685546875
2023-08-10,BND,382,63.41616439819336
2023-08-10,GLD,123,177.60000610351562
2023-08-10,SPY,203,428.52490234375
2023-08-11,BND,382,63.21208572387695
2023-08-11,GLD,123,177.60000610351562
2023-08-11,SPY,203,428.2750244140625
2023-08-14,BND,382,63.132240295410156
2023-08-14,GLD,123,177.05999755859375
2023-08-14,SPY,203,430.63916015625
2023-08-15,BND,382,62.99026870727539
2023-08-15,GLD,123,176.58999633789062
2023-08-15,SPY,203,425.62274169921875
2023-08-16,BND,382,62.81281661987305
2023-08-16,GLD,123,175.57000732421875
2023-08-16,SPY,203,422.4994201660156
2023-08-17,BND,382,62.75068664550781
2023-08-17,GLD,123,175.3000030517578
2023-08-17,SPY,203,419.280029296875
2023-08-18,BND,382,62.88378143310547
2023-08-18,GLD,123,175.3300018310547
2023-08-18,SPY,203,419.4818115234375
2023-08-21,BND,382,62.58211135864258
2023-08-21,GLD,123,175.80999755859375
2023-08-21,SPY,203,422.2110900878906
2023-08-22,BND,382,62.661949157714844
2023-08-22,GLD,123,176.10000610351562
2023-08-22,SPY,203,421.0675048828125
2023-08-23,BND,382,63.22982406616211
2023-08-23,GLD,123,177.88999938964844
2023-08-23,SPY,203,425.7572021484375
2023-08-24,BND,382,63.078975677490234
2023-08-24,GLD,123,177.85000610351562
2023-08-24,SPY,203,419.85662841796875
2023-08-25,BND,382,63.078975677490234
2023-08-25,GLD,123,177.6199951171875
2023-08-25,SPY,203,422.8165283203125
2023-08-28,BND,382,63.1943359375
2023-08-28,GLD,123,178.1300048828125
2023-08-28,SPY,203,425.49774169921875
2023-08-29,BND,382,63.58477020263672
2023-08-29,GLD,123,179.8699951171875
2023-08-29,SPY,203,431.6482238769531
2023-08-30,BND,382,63.55811309814453
2023-08-30,GLD,123,180.32000732421875
2023-08-30,SPY,203,433.42608642578125
2023-08-31,BND,382,63.66461181640625
2023-08-31,GLD,123,180.02000427246094
2023-08-31,SPY,203,432.7918701171875
2023-09-01,BND,382,63.35853958129883
2023-09-01,GLD,123,180.11000061035156
2023-09-01,SPY,203,433.5990905761719
2023-09-05,BND,2123,63.01154708862305
2023-09-06,BND,2123,62.94036865234375
2023-09-07,BND,2123,63.153892517089844
2023-09-08,BND,2123,63.17169952392578
2023-09-11,BND,2123,63.07382583618164
2023-09-12,BND,2123,63.11830139160156
2023-09-13,BND,2123,63.21615982055664
2023-09-14,BND,2123,63.109397888183594
2023-09-15,BND,2123,62.98486328125
2023-09-18,BND,2123,63.0471305847168
2023-09-19,BND,2123,62.91365432739258
2023-09-20,BND,2123,62.833587646484375
2023-09-21,BND,2123,62.44210433959961
2023-09-22,BND,2123,62.700130462646484
2023-09-25,BND,2123,62.23746871948242
2023-09-26,BND,2123,62.17518997192383
2023-09-27,BND,2123,61.952735900878906
2023-09-28,BND,2123,62.112884521484375
2023-09-29,BND,2123,62.0861930847168
2023-10-02,BND,2123,61.65974426269531
2023-10-03,BND,709,61.16011047363281
2023-10-03,GLD,514,169.16000366210938
2023-10-04,BND,709,61.56159591674805
2023-10-04,GLD,514,169.13999938964844
2023-10-05,BND,709,61.606197357177734
2023-10-05,GLD,514,168.8300018310547
2023-10-06,BND,709,61.365318298339844
2023-10-06,GLD,514,169.6999969482422
2023-10-09,BND,709,61.9898681640625
2023-10-09,GLD,514,172.82000732421875
2023-10-10,BND,709,61.92741394042969
2023-10-10,GLD,514,172.52999877929688
2023-10-11,BND,709,62.212886810302734
2023-10-11,GLD,514,173.7899932861328
2023-10-12,BND,709,61.67757797241211
2023-10-12,GLD,514,173.25999450683594
2023-10-13,BND,709,61.96308898925781
2023-10-13,GLD,514,178.8300018310547
2023-10-16,BND,709,61.641910552978516
2023-10-16,GLD,514,177.9600067138672
2023-10-17,BND,709,61.24040985107422
2023-10-17,GLD,514,178.2899932861328
2023-10-18,BND,709,60.972740173339844
2023-10-18,GLD,514,180.8699951171875
2023-10-19,BND,709,60.70510482788086
2023-10-19,GLD,514,183.08999633789062
2023-10-20,BND,709,60.928123474121094
2023-10-20,GLD,514,183.58999633789062
2023-10-23,BND,709,61.16011047363281
2023-10-23,GLD,514,182.97000122070312
2023-10-24,BND,709,61.365318298339844
2023-10-24,GLD,514,182.9499969482422
2023-10-25,BND,709,60.90137481689453
2023-10-25,GLD,514,183.72000122070312
2023-10-26,BND,709,61.311790466308594
2023-10-26,GLD,514,184.00999450683594
2023-10-27,BND,709,61.311790466308594
2023-10-27,GLD,514,186.14999389648438
2023-10-30,BND,709,61.16011047363281
2023-10-30,GLD,514,185.10000610351562
2023-10-31,BND,709,61.142269134521484
2023-10-31,GLD,514,184.08999633789062
2023-11-01,BND,709,61.735538482666016
2023-11-01,GLD,514,183.50999450683594
2023-11-02,BND,355,62.093509674072266
2023-11-02,GLD,634,184.1199951171875
2023-11-03,BND,355,62.46037673950195
2023-11-03,GLD,634,184.7899932861328
2023-11-06,BND,355,62.191917419433594
2023-11-06,GLD,634,183.35000610351562
2023-11-07,BND,355,62.50513458251953
2023-11-07,GLD,634,182.58999633789062
2023-11-08,BND,355,62.702003479003906
2023-11-08,GLD,634,180.77000427246094
2023-11-09,BND,355,62.23666763305664
2023-11-09,GLD,634,181.49000549316406
2023-11-10,BND,355,62.35300064086914
2023-11-10,GLD,634,179.50999450683594
2023-11-13,BND,355,62.33511734008789
2023-11-13,GLD,634,180.50999450683594
2023-11-14,BND,355,63.09572219848633
2023-11-14,GLD,634,182.1199951171875
2023-11-15,BND,355,62.74673080444336
2023-11-15,GLD,634,181.63999938964844
2023-11-16,BND,355,63.122562408447266
2023-11-16,GLD,634,183.69000244140625
2023-11-17,BND,355,63.21205520629883
2023-11-17,GLD,634,183.6699981689453
2023-11-20,BND,355,63.301513671875
2023-11-20,GLD,634,183.3699951171875
2023-11-21,BND,355,63.391029357910156
2023-11-21,GLD,634,185.35000610351562
2023-11-22,BND,355,63.44469451904297
2023-11-22,GLD,634,184.55999755859375
2023-11-24,BND,355,63.14046859741211
2023-11-24,GLD,634,185.52000427246094
2023-11-27,BND,355,63.5252685546875
2023-11-27,GLD,634,186.77000427246094
2023-11-28,BND,355,63.7937126159668
2023-11-28,GLD,634,189.25999450683594
2023-11-29,BND,355,64.12478637695312
2023-11-29,GLD,634,189.5399932861328
2023-11-30,BND,355,63.918975830078125
2023-11-30,GLD,634,188.75
2023-12-01,BND,355,64.44036102294922
2023-12-01,GLD,634,192.00999450683594
2024-02-02,SPY,301,478.6850891113281
2024-02-05,SPY,301,476.9421691894531
2024-02-06,SPY,301,478.3268737792969
2024-02-07,SPY,301,482.3162841796875
2024-02-08,SPY,301,482.5293273925781
2024-02-09,SPY,301,485.3180236816406
2024-02-12,SPY,301,485.10504150390625
2024-02-13,SPY,301,478.42364501953125
2024-02-14,SPY,301,482.7713928222656
2024-02-15,SPY,301,486.1023864746094
2024-02-16,SPY,301,483.6816101074219
2024-02-20,SPY,301,481.01873779296875
2024-02-21,SPY,301,481.4544982910156
2024-02-22,SPY,301,491.4183654785156
2024-02-23,SPY,301,491.7572937011719
2024-02-26,SPY,301,489.9562072753906
2024-02-27,SPY,301,490.8664245605469
2024-02-28,SPY,301,490.21771240234375
2024-02-29,SPY,301,491.9800720214844
2024-03-01,SPY,301,496.5989074707031
2024-03-04,SPY,301,496.0663146972656
2024-03-05,SPY,301,491.1085510253906
2024-03-06,SPY,301,493.5971374511719
2024-03-07,SPY,301,498.49676513671875
2024-03-08,SPY,301,495.50469970703125
2024-03-11,SPY,301,495.07861328125
2024-03-12,SPY,301,500.4043884277344
2024-03-13,SPY,301,499.6199645996094
2024-03-14,SPY,301,498.63232421875
2024-03-15,SPY,301,495.2084045410156
2024-03-18,SPY,301,498.1514892578125
2024-03-19,SPY,301,500.9197692871094
2024-03-20,SPY,301,505.552978515625
2024-03-21,SPY,301,507.2237243652344
2024-03-22,SPY,301,506.2620849609375
2024-03-25,SPY,301,504.8634033203125
2024-03-26,SPY,301,503.930908203125
2024-03-27,SPY,301,508.16583251953125
2024-03-28,SPY,301,508.06878662109375
2024-04-01,SPY,301,507.1848449707031
2024-04-02,SPY,64,503.9601135253906
2024-04-02,BND,1167,65.21558380126953
2024-04-02,GLD,208,210.88999938964844
2024-04-03,SPY,64,504.51361083984375
2024-04-03,BND,1167,65.26099395751953
2024-04-03,GLD,208,212.74000549316406
2024-04-04,SPY,64,498.3555603027344
2024-04-04,BND,1167,65.39715576171875
2024-04-04,GLD,208,211.52000427246094
2024-04-05,SPY,64,503.561767578125
2024-04-05,BND,1167,65.07034301757812
2024-04-05,GLD,208,215.13999938964844
2024-04-08,SPY,64,503.8434143066406
2024-04-08,BND,1167,65.015869140625
2024-04-08,GLD,208,216.47999572753906
2024-04-09,SPY,64,504.4261779785156
2024-04-09,BND,1167,65.25190734863281
2024-04-09,GLD,208,217.6699981689453
2024-04-10,SPY,64,499.3753662109375
2024-04-10,BND,1167,64.48934173583984
2024-04-10,GLD,208,215.61000061035156
2024-04-11,SPY,64,503.1441345214844
2024-04-11,BND,1167,64.48934173583984
2024-04-11,GLD,208,219.8000030517578
2024-04-12,SPY,64,496.19915771484375
2024-04-12,BND,1167,64.63461303710938
2024-04-12,GLD,208,216.88999938964844
2024-04-15,SPY,64,489.9827880859375
2024-04-15,BND,1167,64.20795440673828
2024-04-15,GLD,208,220.9499969482422
2024-04-16,SPY,64,489.089111328125
2024-04-16,BND,1167,64.04454803466797
2024-04-16,GLD,208,221.22000122070312
2024-04-17,SPY,64,486.1946105957031
2024-04-17,BND,1167,64.35318756103516
2024-04-17,GLD,208,219.58999633789062
2024-04-18,SPY,64,485.19415283203125
2024-04-18,BND,1167,64.18072509765625
2024-04-18,GLD,208,220.33999633789062
2024-04-19,SPY,64,480.95916748046875
2024-04-19,BND,1167,64.26240539550781
2024-04-19,GLD,208,221.02999877929688
2024-04-22,SPY,64,485.38836669921875
2024-04-22,BND,1167,64.28964233398438
2024-04-22,GLD,208,215.57000732421875
2024-04-23,SPY,64,491.1483154296875
2024-04-23,BND,1167,64.40763854980469
2024-04-23,GLD,208,215.0399932861328
2024-04-24,SPY,64,490.9151611328125
2024-04-24,BND,1167,64.24425506591797
2024-04-24,GLD,208,214.63999938964844
2024-04-25,SPY,64,489.05023193359375
2024-04-25,BND,1167,64.06268310546875
2024-04-25,GLD,208,215.9199981689453
2024-04-26,SPY,64,493.6835021972656
2024-04-26,BND,1167,64.20795440673828
2024-04-26,GLD,208,216.6199951171875
2024-04-29,SPY,64,495.43182373046875
2024-04-29,BND,1167,64.3985824584961
2024-04-29,GLD,208,216.17999267578125
2024-04-30,SPY,64,487.5835876464844
2024-04-30,BND,1167,64.1534652709961
2024-04-30,GLD,208,211.8699951171875
2024-05-01,SPY,64,486.00030517578125
2024-05-01,BND,1167,64.38475036621094
2024-05-01,GLD,208,213.7899932861328
2024-05-02,SPY,64,490.54608154296875
2024-05-02,BND,821,64.63970947265625
2024-05-02,GLD,313,213.1300048828125
2024-05-03,SPY,64,496.6265869140625
2024-05-03,BND,821,64.96752166748047
2024-05-03,GLD,313,212.9600067138672
2024-05-06,SPY,64,501.7550964355469
2024-05-06,BND,821,65.03123474121094
2024-05-06,GLD,313,215.1999969482422
2024-05-07,SPY,64,502.30877685546875
2024-05-07,BND,821,65.15872955322266
2024-05-07,GLD,313,214.2100067138672
2024-05-08,SPY,64,502.3573303222656
2024-05-08,BND,821,65.00393676757812
2024-05-08,GLD,313,213.5800018310547
2024-05-09,SPY,64,505.25189208984375
2024-05-09,BND,821,65.17695617675781
2024-05-09,GLD,313,216.9499969482422
2024-05-10,SPY,64,505.9027099609375
2024-05-10,BND,821,64.99482727050781
2024-05-10,GLD,313,218.7100067138672
2024-05-13,SPY,64,505.9705505371094
2024-05-13,BND,821,65.04945373535156
2024-05-13,GLD,313,216.25999450683594
2024-05-14,SPY,64,508.29217529296875
2024-05-14,BND,821,65.24066925048828
2024-05-14,GLD,313,218.08999633789062
2024-05-15,SPY,64,514.5863037109375
2024-05-15,BND,821,65.65951538085938
2024-05-15,GLD,313,220.88999938964844
2024-05-16,SPY,64,513.5275268554688
2024-05-16,BND,821,65.55026245117188
2024-05-16,GLD,313,220.02999877929688
2024-05-17,SPY,64,514.2656860351562
2024-05-17,BND,821,65.38633728027344
2024-05-17,GLD,313,223.66000366210938
2024-05-20,SPY,64,514.8582763671875
2024-05-20,BND,821,65.32260131835938
2024-05-20,GLD,313,224.55999755859375
2024-05-21,SPY,64,516.1209716796875
2024-05-21,BND,821,65.459228515625
2024-05-21,GLD,313,224.22999572753906
2024-05-22,SPY,64,514.6348266601562
2024-05-22,BND,821,65.37724304199219
2024-05-22,GLD,313,220.11000061035156
2024-05-23,SPY,64,510.8757629394531
2024-05-23,BND,821,65.18604278564453
2024-05-23,GLD,313,215.72000122070312
2024-05-24,SPY,64,514.2560424804688
2024-05-24,BND,821,65.25887298583984
2024-05-24,GLD,313,215.9199981689453
2024-05-28,SPY,64,514.6154174804688
2024-05-28,BND,821,64.94930267333984
2024-05-28,GLD,313,218.19000244140625
2024-05-29,SPY,64,511.01190185546875
2024-05-29,BND,821,64.71255493164062
2024-05-29,GLD,313,216.16000366210938
2024-05-30,SPY,64,507.62188720703125
2024-05-30,BND,821,64.99482727050781
2024-05-30,GLD,313,216.57000732421875
2024-05-31,SPY,64,512.2453002929688
2024-05-31,BND,821,65.23155212402344
2024-05-31,GLD,313,215.3000030517578
2024-06-03,SPY,64,512.6630249023438
2024-06-03,BND,821,65.59599304199219
2024-06-03,GLD,313,217.22000122070312
2024-06-04,BND,1320,65.84256744384766
2024-06-04,GLD,313,215.27000427246094
2024-06-05,BND,1320,66.02525329589844
2024-06-05,GLD,313,217.82000732421875
2024-06-06,BND,1320,66.03440856933594
2024-06-06,GLD,313,219.42999267578125
2024-06-07,BND,1320,65.5046615600586
2024-06-07,GLD,313,211.60000610351562
2024-06-10,BND,1320,65.40419006347656
2024-06-10,GLD,313,213.5399932861328
2024-06-11,BND,1320,65.6690673828125
2024-06-11,GLD,313,214.14999389648438
2024-06-12,BND,1320,65.97045135498047
2024-06-12,GLD,313,214.72000122070312
2024-06-13,BND,1320,66.26272583007812
2024-06-13,GLD,313,212.97000122070312
2024-06-14,BND,1320,66.36322021484375
2024-06-14,GLD,313,215.72999572753906
2024-06-17,BND,1320,66.1165771484375
2024-06-17,GLD,313,214.61000061035156
2024-06-18,BND,1320,66.34491729736328
2024-06-18,GLD,313,215.47000122070312
2024-06-20,BND,1320,66.21707916259766
2024-06-20,GLD,313,218.16000366210938
2024-06-21,BND,1320,66.2353286743164
2024-06-21,GLD,313,214.77999877929688
2024-06-24,BND,1320,66.27185821533203
2024-06-24,GLD,313,215.6300048828125
2024-06-25,BND,1320,66.30839538574219
2024-06-25,GLD,313,214.55999755859375
2024-06-26,BND,1320,65.99786376953125
2024-06-26,GLD,313,212.5800018310547
2024-06-27,BND,1320,66.1165771484375
2024-06-27,GLD,313,214.99000549316406
2024-06-28,BND,1320,65.80607604980469
2024-06-28,GLD,313,215.00999450683594
2024-07-01,BND,1320,65.45882415771484
2024-07-01,GLD,313,215.57000732421875
2024-07-02,BND,1459,65.65122985839844
2024-07-02,SPY,110,534.9852294921875
2024-07-03,BND,1459,66.02685546875
2024-07-03,SPY,110,537.3724975585938
2024-07-05,BND,1459,66.32919311523438
2024-07-05,SPY,110,540.4713745117188
2024-07-08,BND,1459,66.32919311523438
2024-07-08,SPY,110,541.0950317382812
2024-07-09,BND,1459,66.30171966552734
2024-07-09,SPY,110,541.6212158203125
2024-07-10,BND,1459,66.35665130615234
2024-07-10,SPY,110,546.980712890625
2024-07-11,BND,1459,66.68647003173828
2024-07-11,SPY,110,542.2642211914062
2024-07-12,BND,1459,66.86054992675781
2024-07-12,SPY,110,545.6846313476562
2024-07-15,BND,1459,66.64982604980469
2024-07-15,SPY,110,547.185302734375
2024-07-16,BND,1459,66.90634155273438
2024-07-16,SPY,110,550.4302978515625
2024-07-17,BND,1459,66.97048950195312
2024-07-17,SPY,110,542.7125244140625
2024-07-18,BND,1459,66.79643249511719
2024-07-18,SPY,110,538.5419311523438
2024-07-19,BND,1459,66.62234497070312
2024-07-19,SPY,110,534.965576171875
2024-07-22,BND,1459,66.59486389160156
2024-07-22,SPY,110,540.4810791015625
2024-07-23,BND,1459,66.60401916503906
2024-07-23,SPY,110,539.6334228515625
2024-07-24,BND,1459,66.41163635253906
2024-07-24,SPY,110,527.4038696289062
2024-07-25,BND,1459,66.55821990966797
2024-07-25,SPY,110,524.6558837890625
2024-07-26,BND,1459,66.82389831542969
2024-07-26,SPY,110,530.5319213867188
2024-07-29,BND,1459,66.90634155273438
2024-07-29,SPY,110,530.8436889648438
2024-07-30,BND,1459,66.9887924194336
2024-07-30,SPY,110,528.154296875
2024-07-31,BND,1459,67.35525512695312
2024-07-31,SPY,110,536.7391967773438
2024-08-01,BND,1459,67.60704803466797
2024-08-01,SPY,110,529.138427734375
2024-08-02,SPY,54,519.2866821289062
2024-08-02,GLD,564,225.33999633789062
2024-08-05,SPY,54,504.1632080078125
2024-08-05,GLD,564,222.47999572753906
2024-08-06,SPY,54,508.81134033203125
2024-08-06,GLD,564,220.6999969482422
2024-08-07,SPY,54,505.4104309082031
2024-08-07,GLD,564,220.5500030517578
2024-08-08,SPY,54,517.0941162109375
2024-08-08,GLD,564,224.00999450683594
2024-08-09,SPY,54,519.3743896484375
2024-08-09,GLD,564,224.55999755859375
2024-08-12,SPY,54,519.6472778320312
2024-08-12,GLD,564,228.41000366210938
2024-08-13,SPY,54,528.1932983398438
2024-08-13,GLD,564,228.05999755859375
2024-08-14,SPY,54,529.8594360351562
2024-08-14,GLD,564,226.1999969482422
2024-08-15,SPY,54,538.94140625
2024-08-15,GLD,564,226.91000366210938
2024-08-16,SPY,54,540.1497192382812
2024-08-16,GLD,564,231.99000549316406
2024-08-19,SPY,54,545.3142700195312
2024-08-19,GLD,564,231.61000061035156
2024-08-20,SPY,54,544.4276123046875
2024-08-20,GLD,564,232.4600067138672
2024-08-21,SPY,54,546.2985229492188
2024-08-21,GLD,564,232.14999389648438
2024-08-22,SPY,54,542.0109252929688
2024-08-22,GLD,564,229.3699951171875
2024-08-23,SPY,54,547.77001953125
2024-08-23,GLD,564,232.02000427246094
2024-08-26,SPY,54,546.4642944335938
2024-08-26,GLD,564,232.75999450683594
2024-08-27,SPY,54,547.2145385742188
2024-08-27,GLD,564,233.38999938964844
2024-08-28,SPY,54,544.0377807617188
2024-08-28,GLD,564,231.75
2024-08-29,SPY,54,544.0866088867188
2024-08-29,GLD,564,232.9499969482422
2024-08-30,SPY,54,549.2804565429688
2024-08-30,GLD,564,231.2899932861328
2024-09-03,SPY,54,537.9766845703125
2024-09-03,GLD,564,230.2899932861328
2024-09-04,SPY,121,536.8756103515625
2024-09-04,GLD,237,230.42999267578125
2024-09-04,BND,568,68.928466796875
2024-09-05,SPY,121,535.56982421875
2024-09-05,GLD,237,232.35000610351562
2024-09-05,BND,568,69.09439086914062
2024-09-06,SPY,121,526.5560913085938
2024-09-06,GLD,237,230.6300048828125
2024-09-06,BND,568,69.1773452758789
2024-09-09,SPY,121,532.4515380859375
2024-09-09,GLD,237,231.60000610351562
2024-09-09,BND,568,69.26952362060547
2024-09-10,SPY,121,534.770751953125
2024-09-10,GLD,237,232.6199951171875
2024-09-10,BND,568,69.49996948242188
2024-09-11,SPY,121,540.2570190429688
2024-09-11,GLD,237,232.25
2024-09-11,BND,568,69.46309661865234
2024-09-12,SPY,121,544.8076782226562
2024-09-12,GLD,237,236.3300018310547
2024-09-12,BND,568,69.38934326171875
2024-09-13,SPY,121,547.653076171875
2024-09-13,GLD,237,238.67999267578125
2024-09-13,BND,568,69.53684997558594
2024-09-16,SPY,121,548.4618530273438
2024-09-16,GLD,237,238.66000366210938
2024-09-16,BND,568,69.7211685180664
2024-09-17,SPY,121,548.6859741210938
2024-09-17,GLD,237,237.33999633789062
2024-09-17,BND,568,69.62899780273438
2024-09-18,SPY,121,547.0586547851562
2024-09-18,GLD,237,235.50999450683594
2024-09-18,BND,568,69.4169921875
2024-09-19,SPY,121,556.3939208984375
2024-09-19,GLD,237,239.1699981689453
2024-09-19,BND,568,69.4169921875
2024-09-20,SPY,121,555.43212890625
2024-09-20,GLD,237,242.2100067138672
2024-09-20,BND,568,69.40778350830078
2024-09-23,SPY,121,556.820068359375
2024-09-23,GLD,237,242.67999267578125
2024-09-23,BND,568,69.36170196533203
2024-09-24,SPY,121,558.413330078125
2024-09-24,GLD,237,246.07000732421875
2024-09-24,BND,568,69.44464874267578
2024-09-25,SPY,121,557.181640625
2024-09-25,GLD,237,245.72999572753906
2024-09-25,BND,568,69.18656158447266
2024-09-26,SPY,121,559.3906860351562
2024-09-26,GLD,237,246.97999572753906
2024-09-26,BND,568,69.18656158447266
2024-09-27,SPY,121,558.5794067382812
2024-09-27,GLD,237,245.02000427246094
2024-09-27,BND,568,69.38934326171875
2024-09-30,SPY,121,560.8177490234375
2024-09-30,GLD,237,243.05999755859375
2024-09-30,BND,568,69.23263549804688
2024-10-01,SPY,121,555.7937622070312
2024-10-01,GLD,237,245.61000061035156
2024-10-01,BND,568,69.43696594238281
2024-10-02,GLD,633,245.66000366210938
2024-10-02,BND,135,69.30754852294922
2024-10-03,GLD,633,245.49000549316406
2024-10-03,BND,135,69.00244140625
2024-10-04,GLD,633,245.0
2024-10-04,BND,135,68.54946899414062
2024-10-07,GLD,633,244.1699981689453
2024-10-07,BND,135,68.34609985351562
2024-10-08,GLD,633,242.3699951171875
2024-10-08,BND,135,68.44776916503906
2024-10-09,GLD,633,241.0500030517578
2024-10-09,BND,135,68.26286315917969
2024-10-10,GLD,633,242.82000732421875
2024-10-10,BND,135,68.23513793945312
2024-10-11,GLD,633,245.47000122070312
2024-10-11,BND,135,68.24439239501953
2024-10-14,GLD,633,245.07000732421875
2024-10-14,BND,135,68.19815826416016
2024-10-15,GLD,633,245.9199981689453
2024-10-15,BND,135,68.46625518798828
2024-10-16,GLD,633,247.14999389648438
2024-10-16,BND,135,68.55870819091797
2024-10-17,GLD,633,248.6300048828125
2024-10-17,BND,135,68.22590637207031
2024-10-18,GLD,633,251.27000427246094
2024-10-18,BND,135,68.26286315917969
2024-10-21,GLD,633,251.22000122070312
2024-10-21,BND,135,67.8006362915039
2024-10-22,GLD,633,253.92999267578125
2024-10-22,BND,135,67.8283920288086
2024-10-23,GLD,633,250.8699951171875
2024-10-23,BND,135,67.66197204589844
2024-10-24,GLD,633,252.8000030517578
2024-10-24,BND,135,67.77288818359375
2024-10-25,GLD,633,253.32000732421875
2024-10-25,BND,135,67.63423919677734
2024-10-28,GLD,633,253.3300018310547
2024-10-28,BND,135,67.55103302001953
2024-10-29,GLD,633,256.0899963378906
2024-10-29,BND,135,67.60649871826172
2024-10-30,GLD,633,257.5
2024-10-30,BND,135,67.54178619384766
2024-10-31,GLD,633,253.50999450683594
2024-10-31,BND,135,67.53254699707031
2024-11-01,GLD,633,252.47000122070312
2024-11-01,BND,135,67.27104187011719
2024-11-04,BND,1692,67.53997802734375
2024-11-04,SPY,98,556.9569091796875
2024-11-05,BND,1692,67.7068862915039
2024-11-05,SPY,98,563.6914672851562
2024-11-06,BND,1692,67.15049743652344
2024-11-06,SPY,98,577.7080078125
2024-11-07,BND,1692,67.65126037597656
2024-11-07,SPY,98,582.1749267578125
2024-11-08,BND,1692,67.7811050415039
2024-11-08,SPY,98,584.6968383789062
2024-11-11,BND,1692,67.65126037597656
2024-11-11,SPY,98,585.2539672851562
2024-11-12,BND,1692,67.24321746826172
2024-11-12,SPY,98,583.4359741210938
2024-11-13,BND,1692,67.21537017822266
2024-11-13,SPY,98,583.7193603515625
2024-11-14,BND,1692,67.19683837890625
2024-11-14,SPY,98,579.9659423828125
2024-11-15,BND,1692,67.21537017822266
2024-11-15,SPY,98,572.5374145507812
2024-11-18,BND,1692,67.28031158447266
2024-11-18,SPY,98,574.8832397460938
2024-11-19,BND,1692,67.40084838867188
2024-11-19,SPY,98,576.9847412109375
2024-11-20,BND,1692,67.32667541503906
2024-11-20,SPY,98,577.1802368164062
2024-11-21,BND,1692,67.28958129882812
2024-11-21,SPY,98,580.2787475585938
2024-11-22,BND,1692,67.31739044189453
2024-11-22,SPY,98,582.0773315429688
2024-11-25,BND,1692,67.9387435913086
2024-11-25,SPY,98,584.0515747070312
2024-11-26,BND,1692,67.81816864013672
2024-11-26,SPY,98,587.1012573242188
2024-11-27,BND,1692,68.00364685058594
2024-11-27,SPY,98,585.322265625
2024-11-29,BND,1692,68.25405883789062
2024-11-29,SPY,98,588.9583740234375
2024-12-02,BND,1692,68.29402923583984
2024-12-02,SPY,98,590.0139770507812
2024-12-03,BND,1699,68.13591003417969
2024-12-03,SPY,98,590.2877807617188
2024-12-04,BND,1699,68.36844635009766
2024-12-04,SPY,98,593.9530639648438
2024-12-05,BND,1699,68.37776947021484
2024-12-05,SPY,98,592.9757080078125
2024-12-06,BND,1699,68.56378936767578
2024-12-06,SPY,98,594.0996704101562
2024-12-09,BND,1699,68.35913848876953
2024-12-09,SPY,98,591.0403442382812
2024-12-10,BND,1699,68.28474426269531
2024-12-10,SPY,98,589.2026977539062
2024-12-11,BND,1699,68.13591003417969
2024-12-11,SPY,98,593.757568359375
2024-12-12,BND,1699,67.86614990234375
2024-12-12,SPY,98,590.6982421875
2024-12-13,BND,1699,67.59640502929688
2024-12-13,SPY,98,590.5809936523438
2024-12-16,BND,1699,67.67080688476562
2024-12-16,SPY,98,593.102783203125
2024-12-17,BND,1699,67.68010711669922
2024-12-17,SPY,98,590.6591186523438
2024-12-18,BND,1699,67.14989471435547
2024-12-18,SPY,98,573.055419921875
2024-12-19,BND,1699,66.96387481689453
2024-12-19,SPY,98,572.8794555664062
2024-12-20,BND,1699,67.16851806640625
2024-12-20,SPY,98,579.7603759765625
2024-12-23,BND,1699,66.9545669555664
2024-12-23,SPY,98,583.2321166992188
2024-12-24,BND,1699,67.05069732666016
2024-12-24,SPY,98,589.7147216796875
2024-12-26,BND,1699,67.09735107421875
2024-12-26,SPY,98,589.75390625
2024-12-27,BND,1699,66.95738220214844
2024-12-27,SPY,98,583.5459594726562
2024-12-30,BND,1699,67.21867370605469
2024-12-30,SPY,98,576.88671875
2024-12-31,BND,1699,67.10669708251953
2024-12-31,SPY,98,574.7880249023438
2025-01-02,BND,1699,67.13468933105469
2025-01-02,SPY,98,573.375732421875
2025-01-03,SPY,98,580.5448608398438
2025-01-03,GLD,466,243.49000549316406
2025-01-06,SPY,98,583.88916015625
2025-01-06,GLD,466,243.19000244140625
2025-01-07,SPY,98,577.2888793945312
2025-01-07,GLD,466,244.55999755859375
2025-01-08,SPY,98,578.13232421875
2025-01-08,GLD,466,245.86000061035156
2025-01-10,SPY,98,569.3056640625
2025-01-10,GLD,466,248.2100067138672
2025-01-13,SPY,98,570.1883544921875
2025-01-13,GLD,466,245.74000549316406
2025-01-14,SPY,98,570.9729614257812
2025-01-14,GLD,466,247.02999877929688
2025-01-15,SPY,98,581.3588256835938
2025-01-15,GLD,466,248.8800048828125
2025-01-16,SPY,98,580.2408447265625
2025-01-16,GLD,466,250.60000610351562
2025-01-17,SPY,98,586.0663452148438
2025-01-17,GLD,466,249.27000427246094
2025-01-21,SPY,98,591.4309692382812
2025-01-21,GLD,466,253.1300048828125
2025-01-22,SPY,98,594.7557373046875
2025-01-22,GLD,466,254.42999267578125
2025-01-23,SPY,98,598.0018310546875
2025-01-23,GLD,466,254.07000732421875
2025-01-24,SPY,98,596.2562255859375
2025-01-24,GLD,466,255.64999389648438
2025-01-27,SPY,98,587.8218383789062
2025-01-27,GLD,466,252.99000549316406
2025-01-28,SPY,98,592.8726196289062
2025-01-28,GLD,466,255.17999267578125
2025-01-29,SPY,98,590.21484375
2025-01-29,GLD,466,254.1999969482422
2025-01-30,SPY,98,593.3826293945312
2025-01-30,GLD,466,258.04998779296875
2025-01-31,SPY,98,590.2247314453125
2025-01-31,GLD,466,258.55999755859375
2025-02-03,SPY,98,586.2527465820312
2025-02-03,GLD,466,259.94000244140625
2025-02-04,SPY,98,590.185546875
2025-02-04,GLD,466,262.5
2025-02-04,BND,2,67.66243743896484
2025-02-05,SPY,98,592.5784301757812
2025-02-05,GLD,466,264.1300048828125
2025-02-05,BND,2,68.00885009765625
2025-02-06,SPY,98,594.637939453125
2025-02-06,GLD,466,263.42999267578125
2025-02-06,BND,2,67.93396759033203
2025-02-07,SPY,98,589.1949462890625
2025-02-07,GLD,466,263.8999938964844
2025-02-07,BND,2,67.72798156738281
2025-02-10,SPY,98,593.1963500976562
2025-02-10,GLD,466,268.3699951171875
2025-02-10,BND,2,67.74671173095703
2025-02-11,SPY,98,593.6474609375
2025-02-11,GLD,466,267.3900146484375
2025-02-11,BND,2,67.63435363769531
2025-02-12,SPY,98,591.7350463867188
2025-02-12,GLD,466,267.6700134277344
2025-02-12,BND,2,67.28794860839844
2025-02-13,SPY,98,597.9822387695312
2025-02-13,GLD,466,270.30999755859375
2025-02-13,BND,2,67.69053649902344
2025-02-14,SPY,98,597.952880859375
2025-02-14,GLD,466,266.2900085449219
2025-02-14,BND,2,67.90586853027344
2025-02-18,SPY,98,599.7083129882812
2025-02-18,GLD,466,270.70001220703125
2025-02-18,BND,2,67.65308380126953
2025-02-19,SPY,98,601.12060546875
2025-02-19,GLD,466,270.8500061035156
2025-02-19,BND,2,67.74671173095703
2025-02-20,SPY,98,598.6197509765625
2025-02-20,GLD,466,270.989990234375
2025-02-20,BND,2,67.83096313476562
2025-02-21,SPY,98,588.3809204101562
2025-02-21,GLD,466,270.739990234375
2025-02-21,BND,2,68.13057708740234
2025-02-24,SPY,98,585.7035522460938
2025-02-24,GLD,466,272.2099914550781
2025-02-24,BND,2,68.22418975830078
2025-02-25,SPY,98,582.7907104492188
2025-02-25,GLD,466,268.6199951171875
2025-02-25,BND,2,68.65486907958984
2025-02-26,SPY,98,583.0849609375
2025-02-26,GLD,466,269.0299987792969
2025-02-26,BND,2,68.75785064697266
2025-02-27,SPY,98,573.77783203125
2025-02-27,GLD,466,264.92999267578125
2025-02-27,BND,2,68.67359161376953
2025-02-28,SPY,98,582.73193359375
2025-02-28,GLD,466,263.2699890136719
2025-02-28,BND,2,68.96382904052734
2025-03-03,SPY,98,572.5223999023438
2025-03-03,GLD,466,266.739990234375
2025-03-03,BND,2,69.12252807617188
2025-03-04,SPY,98,565.7456665039062
2025-03-04,BND,1815,68.92533111572266
2025-03-05,SPY,98,571.8261108398438
2025-03-05,BND,1815,68.6811752319336
2025-03-06,SPY,98,561.675537109375
2025-03-06,BND,1815,68.62483215332031
2025-03-07,SPY,98,564.82373046875
2025-03-07,BND,1815,68.54969787597656
2025-03-10,SPY,98,549.779296875
2025-03-10,BND,1815,68.86897277832031
2025-03-11,SPY,98,545.2090454101562
2025-03-11,BND,1815,68.60604095458984
2025-03-12,SPY,98,548.1022338867188
2025-03-12,BND,1815,68.4652099609375
2025-03-13,SPY,98,540.7957153320312
2025-03-13,BND,1815,68.67176055908203
2025-03-14,SPY,98,551.96630859375
2025-03-14,BND,1815,68.50275421142578
2025-03-17,SPY,98,556.22265625
2025-03-17,BND,1815,68.59669494628906
2025-03-18,SPY,98,550.2107543945312
2025-03-18,BND,1815,68.67176055908203
2025-03-19,SPY,98,556.2030639648438
2025-03-19,BND,1815,68.87836456298828
2025-03-20,SPY,98,554.5946655273438
2025-03-20,BND,1815,68.90654754638672
2025-03-21,SPY,98,554.777587890625
2025-03-21,BND,1815,68.8502197265625
2025-03-24,SPY,98,564.712890625
2025-03-24,BND,1815,68.54969787597656
2025-03-25,SPY,98,566.0703735351562
2025-03-25,BND,1815,68.63421630859375
2025-03-26,SPY,98,559.3124389648438
2025-03-26,BND,1815,68.48397064208984
2025-03-27,SPY,98,557.8270263671875
2025-03-27,BND,1815,68.455810546875
2025-03-28,SPY,98,546.5933837890625
2025-03-28,BND,1815,68.8502197265625
2025-03-31,SPY,98,550.2625732421875
2025-03-31,BND,1815,68.97228240966797
2025-04-01,SPY,98,551.8167114257812
2025-04-01,BND,1815,69.18896484375
2025-04-02,BND,982,69.13243103027344
2025-04-02,GLD,385,288.1600036621094
2025-04-03,BND,982,69.49044036865234
2025-04-03,GLD,385,286.4200134277344
2025-04-04,BND,982,69.54695892333984
2025-04-04,GLD,385,279.7200012207031
2025-04-07,BND,982,68.70848846435547
2025-04-07,GLD,385,273.7099914550781
2025-04-08,BND,982,68.31278991699219
2025-04-08,GLD,385,275.20001220703125
2025-04-09,BND,982,68.47295379638672
2025-04-09,GLD,385,285.3800048828125
2025-04-10,BND,982,67.926513671875
2025-04-10,GLD,385,292.3500061035156
2025-04-11,BND,982,67.85114288330078
2025-04-11,GLD,385,297.92999267578125
2025-04-14,BND,982,68.23743438720703
2025-04-14,GLD,385,296.2300109863281
2025-04-15,BND,982,68.40699768066406
2025-04-15,GLD,385,297.7799987792969
2025-04-16,BND,982,68.59542846679688
2025-04-16,GLD,385,307.4700012207031
2025-04-17,BND,982,68.44471740722656
2025-04-17,GLD,385,306.1199951171875
2025-04-21,BND,982,68.06786346435547
2025-04-21,GLD,385,315.5899963378906
2025-04-22,BND,982,68.19032287597656
2025-04-22,GLD,385,311.1099853515625
2025-04-23,BND,982,68.33164978027344
2025-04-23,GLD,385,303.6499938964844
2025-04-24,BND,982,68.71790313720703
2025-04-24,GLD,385,308.07000732421875
2025-04-25,BND,982,68.94401550292969
2025-04-25,GLD,385,304.7300109863281
2025-04-28,BND,982,69.11359405517578
2025-04-28,GLD,385,309.07000732421875
2025-04-29,BND,982,69.2926025390625
2025-04-29,GLD,385,306.05999755859375
2025-04-30,BND,982,69.24549865722656
2025-04-30,GLD,385,303.7699890136719
2025-05-01,BND,982,69.05267333984375
2025-05-01,GLD,385,297.4599914550781
2025-05-02,BND,1,68.71243286132812
2025-05-02,GLD,610,297.9800109863281
2025-05-05,BND,1,68.61791229248047
2025-05-05,GLD,610,306.8800048828125
2025-05-06,BND,1,68.76913452148438
2025-05-06,GLD,610,315.4800109863281
2025-05-07,BND,1,68.90145874023438
2025-05-07,GLD,610,310.75
2025-05-08,BND,1,68.53284454345703
2025-05-08,GLD,610,304.6300048828125
2025-05-09,BND,1,68.58956146240234
2025-05-09,GLD,610,306.8399963378906
2025-05-12,BND,1,68.35325622558594
2025-05-12,GLD,610,298.19000244140625
2025-05-13,BND,1,68.32492065429688
2025-05-13,GLD,610,299.4599914550781
2025-05-14,BND,1,68.08863067626953
2025-05-14,GLD,610,293.1600036621094
2025-05-15,BND,1,68.45722961425781
2025-05-15,GLD,610,297.8399963378906
2025-05-16,BND,1,68.5044937133789
2025-05-16,GLD,610,294.239990234375
2025-05-19,BND,1,68.48560333251953
2025-05-19,GLD,610,298.0299987792969
2025-05-20,BND,1,68.36271667480469
2025-05-20,GLD,610,303.5799865722656
2025-05-21,BND,1,67.93738555908203
2025-05-21,GLD,610,305.82000732421875
2025-05-22,BND,1,68.1264419555664
2025-05-22,GLD,610,303.1099853515625
2025-05-23,BND,1,68.23039245605469
2025-05-23,GLD,610,309.75
2025-05-27,BND,1,68.5517578125
2025-05-27,GLD,610,304.5
2025-05-28,BND,1,68.40052795410156
2025-05-28,GLD,610,303.80999755859375
2025-05-29,BND,1,68.64627075195312
2025-05-29,GLD,610,305.6099853515625
2025-05-30,BND,1,68.7785873413086
2025-05-30,GLD,610,303.6000061035156
2025-06-02,BND,1,68.62687683105469
2025-06-02,GLD,610,311.6700134277344
2025-06-03,GLD,610,308.9100036621094
2025-06-04,GLD,610,310.8999938964844
2025-06-05,GLD,610,309.3299865722656
2025-06-06,GLD,610,305.17999267578125
2025-06-09,GLD,610,306.6199951171875
2025-06-10,GLD,610,306.7099914550781
2025-06-11,GLD,610,308.3699951171875
2025-06-12,GLD,610,312.20001220703125
2025-06-13,GLD,610,316.2900085449219
2025-06-16,GLD,610,311.7799987792969
2025-06-17,GLD,610,311.94000244140625
2025-06-18,GLD,610,310.260009765625
2025-06-20,GLD,610,310.1300048828125
2025-06-23,GLD,610,311.0799865722656
2025-06-24,GLD,610,306.19000244140625
2025-06-25,GLD,610,307.1199951171875
2025-06-26,GLD,610,306.7799987792969
2025-06-27,GLD,610,301.2200012207031
2025-06-30,GLD,610,304.8299865722656
2025-07-01,GLD,610,307.54998779296875
2025-07-02,GLD,610,309.25
2025-07-03,GLD,610,307.1400146484375
2025-07-07,GLD,610,307.3699951171875
2025-07-08,GLD,610,304.1600036621094
2025-07-09,GLD,610,305.5199890136719
2025-07-10,GLD,610,306.20001220703125
2025-07-11,GLD,610,309.1400146484375
2025-07-14,GLD,610,308.010009765625
2025-07-15,GLD,610,306.7300109863281
2025-07-16,GLD,610,308.260009765625
2025-07-17,GLD,610,307.5899963378906
2025-07-18,GLD,610,308.3900146484375
2025-07-21,GLD,610,313.1300048828125
2025-07-22,GLD,610,316.1000061035156
2025-07-23,GLD,610,312.17999267578125
2025-07-24,GLD,610,310.2699890136719
2025-07-25,GLD,610,307.3999938964844
2025-07-28,GLD,610,305.4100036621094
2025-07-29,GLD,610,306.25
2025-07-30,GLD,610,300.9599914550781
2025-07-31,GLD,610,302.9599914550781
2025-08-01,GLD,610,309.1099853515625
2025-08-04,GLD,484,310.9100036621094
2025-08-04,BND,13,70.28711700439453
2025-08-04,SPY,62,622.706787109375
2025-08-05,GLD,484,311.1600036621094
2025-08-05,BND,13,70.31578063964844
2025-08-05,SPY,62,619.5496215820312
2025-08-06,GLD,484,310.5
2025-08-06,BND,13,70.25850677490234
2025-08-06,SPY,62,624.2952270507812
2025-08-07,GLD,484,313.1199951171875
2025-08-07,BND,13,70.22986602783203
2025-08-07,SPY,62,623.7722778320312
2025-08-08,GLD,484,313.04998779296875
2025-08-08,BND,13,70.0771484375
2025-08-08,SPY,62,628.63623046875
2025-08-11,GLD,484,308.54998779296875
2025-08-11,BND,13,70.1248779296875
2025-08-11,SPY,62,627.3930053710938
2025-08-12,GLD,484,308.2699890136719
2025-08-12,BND,13,70.13442993164062
2025-08-12,SPY,62,634.0723266601562
2025-08-13,GLD,484,309.2099914550781
2025-08-13,BND,13,70.39212799072266
2025-08-13,SPY,62,636.2428588867188
2025-08-14,GLD,484,307.25
2025-08-14,BND,13,70.1916732788086
2025-08-14,SPY,62,636.3020629882812
2025-08-15,GLD,484,307.42999267578125
2025-08-15,BND,13,70.09624481201172
2025-08-15,SPY,62,634.8121948242188
2025-08-18,GLD,484,306.95001220703125
2025-08-18,BND,13,70.01988220214844
2025-08-18,SPY,62,634.6741333007812
2025-08-19,GLD,484,305.2699890136719
2025-08-19,BND,13,70.15349578857422
2025-08-19,SPY,62,631.2308959960938
2025-08-20,GLD,484,308.3599853515625
2025-08-20,BND,13,70.20124816894531
2025-08-20,SPY,62,629.5537719726562
2025-08-21,GLD,484,307.2900085449219
2025-08-21,BND,13,70.02943420410156
2025-08-21,SPY,62,627.028076171875
2025-08-22,GLD,484,310.5799865722656
2025-08-22,BND,13,70.38257598876953
2025-08-22,SPY,62,636.6571044921875
2025-08-25,GLD,484,309.8299865722656
2025-08-25,BND,13,70.28711700439453
2025-08-25,SPY,62,633.8552856445312
2025-08-26,GLD,484,312.0799865722656
2025-08-26,BND,13,70.37303161621094
2025-08-26,SPY,62,636.5092163085938
2025-08-27,GLD,484,312.7099914550781
2025-08-27,BND,13,70.43984985351562
2025-08-27,SPY,62,637.95947265625
2025-08-28,GLD,484,315.0299987792969
2025-08-28,BND,13,70.52574920654297
2025-08-28,SPY,62,640.21875
2025-08-29,GLD,484,318.07000732421875
2025-08-29,BND,13,70.43984985351562
2025-08-29,SPY,62,636.4006958007812
2025-09-02,GLD,484,325.5899963378906
2025-09-02,BND,13,70.28950500488281
2025-09-02,SPY,62,631.6847534179688
2025-09-03,GLD,299,328.1400146484375
2025-09-03,BND,877,70.51934051513672
2025-09-03,SPY,62,635.1082153320312
2025-09-04,GLD,299,326.69000244140625
2025-09-04,BND,877,70.78746032714844
2025-09-04,SPY,62,640.4160766601562
2025-09-05,GLD,299,331.04998779296875
2025-09-05,BND,877,71.12263488769531
2025-09-05,SPY,62,638.561279296875
2025-09-08,GLD,299,334.82000732421875
2025-09-08,BND,877,71.35247039794922
2025-09-08,SPY,62,640.1300048828125
2025-09-09,GLD,299,334.05999755859375
2025-09-09,BND,877,71.2184066772461
2025-09-09,SPY,62,641.60986328125
2025-09-10,GLD,299,335.260009765625
2025-09-10,BND,877,71.34288787841797
2025-09-10,SPY,62,643.4646606445312
2025-09-11,GLD,299,334.760009765625
2025-09-11,BND,877,71.4961166381836
2025-09-11,SPY,62,648.81201171875
2025-09-12,GLD,299,335.4200134277344
2025-09-12,BND,877,71.4099349975586
2025-09-12,SPY,62,648.5949096679688
2025-09-15,GLD,299,338.9100036621094
2025-09-15,BND,877,71.54397583007812
2025-09-15,SPY,62,652.0479736328125
2025-09-16,GLD,299,339.5899963378906
2025-09-16,BND,877,71.5535659790039
2025-09-16,SPY,62,651.1502075195312
2025-09-17,GLD,299,336.9700012207031
2025-09-17,BND,877,71.42906951904297
2025-09-17,SPY,62,650.3411865234375
2025-09-18,GLD,299,335.6199951171875
2025-09-18,BND,877,71.24713897705078
2025-09-18,SPY,62,653.3798828125
2025-09-19,GLD,299,339.17999267578125
2025-09-19,BND,877,71.27584838867188
2025-09-19,SPY,62,656.6160278320312
2025-09-22,GLD,299,345.04998779296875
2025-09-22,BND,877,71.14177703857422
2025-09-22,SPY,62,659.7225341796875
2025-09-23,GLD,299,346.4599914550781
2025-09-23,BND,877,71.28543090820312
2025-09-23,SPY,62,656.1312866210938
2025-09-24,GLD,299,343.32000732421875
2025-09-24,BND,877,71.14177703857422
2025-09-24,SPY,62,654.043701171875
2025-09-25,GLD,299,344.75
2025-09-25,BND,877,71.0651626586914
2025-09-25,SPY,62,651.0263061523438
2025-09-26,GLD,299,346.739990234375
2025-09-26,BND,877,71.0651626586914
2025-09-26,SPY,62,654.756103515625
2025-09-29,GLD,299,352.4599914550781
2025-09-29,BND,877,71.24713897705078
2025-09-29,SPY,62,656.5962524414062
2025-09-30,GLD,299,355.4700012207031
2025-09-30,BND,877,71.2184066772461
2025-09-30,SPY,62,659.0695190429688
2025-10-01,GLD,299,356.0299987792969
2025-10-01,BND,877,71.39805603027344
2025-10-01,SPY,62,661.3153076171875
2025-10-02,GLD,315,354.7900085449219
2025-10-02,BND,1372,71.47490692138672
2025-10-03,GLD,315,357.6400146484375
2025-10-03,BND,1372,71.388427734375
2025-10-06,GLD,315,364.3800048828125
2025-10-06,BND,1372,71.22512817382812
2025-10-07,GLD,315,366.260009765625
2025-10-07,BND,1372,71.35961151123047
2025-10-08,GLD,315,372.29998779296875
2025-10-08,BND,1372,71.35961151123047
2025-10-09,GLD,315,365.42999267578125
2025-10-09,BND,1372,71.31159210205078
2025-10-10,GLD,315,369.1199951171875
2025-10-10,BND,1372,71.5901870727539
2025-10-13,GLD,315,378.0899963378906
2025-10-13,BND,1372,71.70545196533203
2025-10-14,GLD,315,380.7900085449219
2025-10-14,BND,1372,71.8111343383789
2025-10-15,GLD,315,387.3900146484375
2025-10-15,BND,1372,71.76310729980469
2025-10-16,GLD,315,396.45001220703125
2025-10-16,BND,1372,72.03211975097656
2025-10-17,GLD,315,388.989990234375
2025-10-17,BND,1372,71.93601989746094
2025-10-20,GLD,315,403.1499938964844
2025-10-20,BND,1372,72.03211975097656
2025-10-21,GLD,315,377.239990234375
2025-10-21,BND,1372,72.1185531616211
2025-10-22,GLD,315,377.2799987792969
2025-10-22,BND,1372,72.1185531616211
2025-10-23,GLD,315,378.7900085449219
2025-10-23,BND,1372,71.97444915771484
2025-10-24,GLD,315,377.5199890136719
2025-10-24,BND,1372,72.0705337524414
2025-10-27,GLD,315,367.010009765625
2025-10-27,BND,1372,72.10895538330078
2025-10-28,GLD,315,364.3800048828125
2025-10-28,BND,1372,72.14738464355469
2025-10-29,GLD,315,363.0
2025-10-29,BND,1372,71.79193115234375
2025-10-30,GLD,315,370.1300048828125
2025-10-30,BND,1372,71.66703796386719
2025-10-31,GLD,315,368.1199951171875
2025-10-31,BND,1372,71.64781188964844
2025-11-03,GLD,315,368.7799987792969
2025-11-03,BND,1372,71.56493377685547
2025-11-04,GLD,439,362.32000732421875
2025-11-04,BND,740,71.60348510742188
2025-11-05,GLD,439,366.510009765625
2025-11-05,BND,740,71.40107727050781
2025-11-06,GLD,439,366.07000732421875
2025-11-06,BND,740,71.68059539794922
2025-11-07,GLD,439,368.30999755859375
2025-11-07,BND,740,71.64205169677734
2025-11-10,GLD,439,378.3800048828125
2025-11-10,BND,740,71.62275695800781
2025-11-11,GLD,439,379.8699951171875
2025-11-11,BND,740,71.8251724243164
2025-11-12,GLD,439,385.989990234375
2025-11-12,BND,740,71.79625701904297
2025-11-13,GLD,439,382.8699951171875
2025-11-13,BND,740,71.58421325683594
2025-11-14,GLD,439,375.9599914550781
2025-11-14,BND,740,71.47819519042969
2025-11-17,GLD,439,371.6499938964844
2025-11-17,BND,740,71.51673126220703
2025-11-18,GLD,439,374.3500061035156
2025-11-18,BND,740,71.57457733154297
2025-11-19,GLD,439,374.9599914550781
2025-11-19,BND,740,71.5456771850586
2025-11-20,GLD,439,374.8500061035156
2025-11-20,BND,740,71.65166473388672
2025-11-21,GLD,439,374.2699890136719
2025-11-21,BND,740,71.8251724243164
2025-11-24,GLD,439,380.20001220703125
2025-11-24,BND,740,71.95048522949219
2025-11-25,GLD,439,380.0799865722656
2025-11-25,BND,740,72.11431884765625
2025-11-26,GLD,439,383.1199951171875
2025-11-26,BND,740,72.19141387939453
2025-11-28,GLD,439,387.8800048828125
2025-11-28,BND,740,72.07575225830078
2025-12-01,GLD,439,389.75
2025-12-01,BND,740,71.79439544677734
2025-12-02,GLD,487,387.239990234375
2025-12-02,BND,479,71.86206817626953
2025-12-03,GLD,487,386.8800048828125
2025-12-03,BND,479,71.96843719482422
2025-12-04,GLD,487,387.1300048828125
2025-12-04,BND,479,71.83307647705078
2025-12-05,GLD,487,386.44000244140625
2025-12-05,BND,479,71.74604797363281
2025-12-08,GLD,487,385.4200134277344
2025-12-08,BND,479,71.63968658447266
2025-12-09,GLD,487,387.3999938964844
2025-12-09,BND,479,71.59132385253906
2025-12-10,GLD,487,389.04998779296875
2025-12-10,BND,479,71.8040542602539
2025-12-11,GLD,487,393.239990234375
2025-12-11,BND,479,71.8040542602539
2025-12-12,GLD,487,395.44000244140625
2025-12-12,BND,479,71.58167266845703
2025-12-15,GLD,487,395.79998779296875
2025-12-15,BND,479,71.66868591308594
2025-12-16,GLD,487,395.8900146484375
2025-12-16,BND,479,71.8040542602539
2025-12-17,GLD,487,399.2900085449219
2025-12-17,BND,479,71.78472137451172
2025-12-18,GLD,487,398.57000732421875
2025-12-18,BND,479,71.93704986572266
2025-12-19,GLD,487,399.0199890136719
2025-12-19,BND,479,71.830322265625
2025-12-22,GLD,487,408.2300109863281
2025-12-22,BND,479,71.8109130859375
2025-12-23,GLD,487,413.6400146484375
2025-12-23,BND,479,71.80122375488281
2025-12-24,GLD,487,411.92999267578125
2025-12-24,BND,479,71.97584533691406
2025-12-26,GLD,487,416.739990234375
2025-12-26,BND,479,71.97584533691406
2025-12-29,GLD,487,398.6000061035156
2025-12-29,BND,479,72.08255004882812
2025-12-30,GLD,487,398.8900146484375
2025-12-30,BND,479,72.05345916748047
2025-12-31,GLD,487,396.30999755859375
2025-12-31,BND,479,71.85942840576172
2026-01-02,GLD,487,398.2799987792969
2026-01-02,BND,479,71.830322265625
2026-01-05,GLD,496,408.760009765625
2026-01-05,BND,427,71.96614837646484
2026-01-06,GLD,496,413.17999267578125
2026-01-06,BND,427,71.96614837646484
2026-01-07,GLD,496,409.2300109863281
2026-01-07,BND,427,72.04374694824219
2026-01-08,GLD,496,411.489990234375
2026-01-08,BND,427,71.91764068603516
2026-01-09,GLD,496,414.4700012207031
2026-01-09,BND,427,72.0728759765625
2026-01-12,GLD,496,422.2300109863281
2026-01-12,BND,427,72.00495910644531
2026-01-13,GLD,496,421.6300048828125
2026-01-13,BND,427,72.06315612792969
2026-01-14,GLD,496,425.94000244140625
2026-01-14,BND,427,72.20867919921875
2026-01-15,GLD,496,423.3299865722656
2026-01-15,BND,427,72.10196685791016
2026-01-16,GLD,496,421.2900085449219
2026-01-16,BND,427,71.98554229736328
2026-01-20,GLD,496,437.2300109863281
2026-01-20,BND,427,71.72360229492188
2026-01-21,GLD,496,443.6000061035156
2026-01-21,BND,427,71.92733764648438
2026-01-22,GLD,496,451.7900085449219
2026-01-22,BND,427,71.9564437866211
2026-01-23,GLD,496,458.0
2026-01-23,BND,427,72.0340576171875
2026-01-26,GLD,496,464.70001220703125
2026-01-26,BND,427,72.1213607788086
2026-01-27,GLD,496,476.1000061035156
2026-01-27,BND,427,72.06315612792969
2026-01-28,GLD,496,494.55999755859375
2026-01-28,BND,427,72.0340576171875
2026-01-29,GLD,496,495.8999938964844
2026-01-29,BND,427,72.04374694824219
2026-01-30,GLD,496,444.95001220703125
2026-01-30,BND,427,72.0146484375
2026-02-02,GLD,496,427.1300048828125
2026-02-02,BND,427,71.94166564941406
2026-02-03,GLD,496,454.2900085449219
2026-02-03,BND,431,71.96111297607422
2026-02-04,GLD,496,453.9700012207031
2026-02-04,BND,431,71.93191528320312
2026-02-05,GLD,496,441.8800048828125
2026-02-05,BND,431,72.24340057373047
2026-02-06,GLD,496,455.4599914550781
2026-02-06,BND,431,72.25312805175781
2026-02-09,GLD,496,467.0299987792969
2026-02-09,BND,431,72.27259826660156
2026-02-10,GLD,496,462.3999938964844
2026-02-10,BND,431,72.48674011230469
2026-02-11,GLD,496,467.6300048828125
2026-02-11,BND,431,72.3407211303711
2026-02-12,GLD,496,451.3900146484375
2026-02-12,BND,431,72.67166900634766
2026-02-13,GLD,496,462.6199951171875
2026-02-13,BND,431,72.88581848144531
2026-02-17,GLD,496,448.20001220703125
2026-02-17,BND,431,72.87608337402344
2026-02-18,GLD,496,458.2799987792969
2026-02-18,BND,431,72.79820251464844
2026-02-19,GLD,496,459.55999755859375
2026-02-19,BND,431,72.8274154663086
2026-02-20,GLD,496,468.6199951171875
2026-02-20,BND,431,72.81767272949219
2026-02-23,GLD,496,481.2799987792969
2026-02-23,BND,431,72.9734115600586
2026-02-24,GLD,496,474.6099853515625
2026-02-24,BND,431,72.93447875976562
2026-02-25,GLD,496,473.4200134277344
2026-02-25,BND,431,72.91502380371094
2026-02-26,GLD,496,477.4800109863281
2026-02-26,BND,431,73.02208709716797
2026-02-27,GLD,496,483.75
2026-02-27,BND,431,73.1680908203125
2026-03-02,GLD,496,490.0
2026-03-02,BND,431,72.87323760986328
2026-03-03,GLD,207,468.1400146484375
2026-03-03,BND,1436,72.79512786865234
2026-03-03,SPY,95,675.057373046875
2026-03-04,GLD,207,471.79998779296875
2026-03-04,BND,1436,72.7463150024414
2026-03-04,SPY,95,679.820068359375
2026-03-05,GLD,207,466.1300048828125
2026-03-05,BND,1436,72.58032989501953
2026-03-05,SPY,95,676.0297241210938
2026-03-06,GLD,207,473.510009765625
2026-03-06,BND,1436,72.48270416259766
2026-03-06,SPY,95,667.1688842773438
2026-03-09,GLD,207,472.5299987792969
2026-03-09,BND,1436,72.68772888183594
2026-03-09,SPY,95,673.0133666992188
2026-03-10,GLD,207,477.8599853515625
2026-03-10,BND,1436,72.46318054199219
2026-03-10,SPY,95,671.9317016601562
2026-03-11,GLD,207,476.239990234375
2026-03-11,BND,1436,72.14099884033203
2026-03-11,SPY,95,671.08837890625
2026-03-12,GLD,207,466.8800048828125
2026-03-12,BND,1436,71.87739562988281
2026-03-12,SPY,95,660.8978881835938
2026-03-13,GLD,207,460.8399963378906
2026-03-13,BND,1436,71.80904388427734
2026-03-13,SPY,95,657.1571655273438
2026-03-16,GLD,207,460.42999267578125
2026-03-16,BND,1436,72.08240509033203
2026-03-16,SPY,95,663.844970703125
2026-03-17,GLD,207,459.2699890136719
2026-03-17,BND,1436,72.22887420654297
2026-03-17,SPY,95,665.5912475585938
2026-03-18,GLD,207,444.739990234375
2026-03-18,BND,1436,71.93596649169922
2026-03-18,SPY,95,656.3038330078125
2026-03-19,GLD,207,426.4100036621094
2026-03-19,BND,1436,72.01406860351562
2026-03-19,SPY,95,654.6864624023438
2026-03-20,GLD,207,413.3800048828125
2026-03-20,BND,1436,71.43802642822266
2026-03-20,SPY,95,645.3009643554688
2026-03-23,GLD,207,404.0400085449219
2026-03-23,BND,1436,71.7114028930664
2026-03-23,SPY,95,652.07666015625
2026-03-24,GLD,207,404.1300048828125
2026-03-24,BND,1436,71.5259017944336
2026-03-24,SPY,95,649.8877563476562
2026-03-25,GLD,207,416.2900085449219
2026-03-25,BND,1436,71.79927825927734
2026-03-25,SPY,95,653.5094604492188
2026-03-26,GLD,207,400.6400146484375
2026-03-26,BND,1436,71.37946319580078
2026-03-26,SPY,95,641.838623046875
2026-03-27,GLD,207,414.70001220703125
2026-03-27,BND,1436,71.37946319580078
2026-03-27,SPY,95,630.89404296875
2026-03-30,GLD,207,414.5799865722656
2026-03-30,BND,1436,71.74069213867188
2026-03-30,SPY,95,628.78466796875
2026-03-31,GLD,207,430.2900085449219
2026-03-31,BND,1436,71.89690399169922
2026-03-31,SPY,95,647.0621337890625
2026-04-01,GLD,207,437.82000732421875
2026-04-01,BND,1436,71.9262924194336
2026-04-01,SPY,95,651.9373779296875
2026-04-02,GLD,596,429.4100036621094
2026-04-06,GLD,596,427.6499938964844
2026-04-07,GLD,596,431.80999755859375
2026-04-08,GLD,596,434.5299987792969
2026-04-09,GLD,596,437.9100036621094
2026-04-10,GLD,596,437.1300048828125
2026-04-13,GLD,596,435.3599853515625
2026-04-14,GLD,596,445.0899963378906
2026-04-15,GLD,596,440.4599914550781
2026-04-16,GLD,596,440.0799865722656
2026-04-17,GLD,596,445.92999267578125
2026-04-20,GLD,596,442.0899963378906
2026-04-21,GLD,596,429.57000732421875
2026-04-22,GLD,596,435.260009765625
2026-04-23,GLD,596,431.0400085449219
2026-04-24,GLD,596,433.25
2026-04-27,GLD,596,429.8900146484375
2026-04-28,GLD,596,421.9100036621094
2026-04-29,GLD,596,417.4100036621094
2026-04-30,GLD,596,423.6600036621094
2026-05-01,GLD,596,423.17999267578125
2026-05-04,GLD,596,414.7099914550781
2026-05-04,BND,1,71.85920715332031
2026-05-05,GLD,596,418.2699890136719
2026-05-05,BND,1,71.98698425292969
2026-05-06,GLD,596,430.9599914550781
2026-05-06,BND,1,72.29167938232422
2026-05-07,GLD,596,431.67999267578125
2026-05-07,BND,1,72.10491943359375
2026-05-08,GLD,596,433.7699890136719
2026-05-08,BND,1,72.29167938232422
2026-05-11,GLD,596,434.6499938964844
2026-05-11,BND,1,72.11476135253906
2026-05-12,GLD,596,432.92999267578125
2026-05-12,BND,1,71.89852142333984
2026-05-13,GLD,596,430.5
2026-05-13,BND,1,71.92801666259766
2026-05-14,GLD,596,427.2099914550781
2026-05-14,BND,1,71.9083480834961
2026-05-15,GLD,596,417.2900085449219
2026-05-15,BND,1,71.49552917480469
2026-05-18,GLD,596,418.42999267578125
2026-05-18,BND,1,71.44639587402344
2026-05-19,GLD,596,411.5
2026-05-19,BND,1,71.21049499511719
2026-05-20,GLD,596,417.3999938964844
2026-05-20,BND,1,71.60365295410156
2026-05-21,GLD,596,416.989990234375
2026-05-21,BND,1,71.68228149414062
2026-05-22,GLD,596,413.82000732421875
2026-05-22,BND,1,71.75108337402344
2026-05-26,GLD,596,414.0
2026-05-26,BND,1,71.95750427246094
2026-05-27,GLD,596,408.489990234375
2026-05-27,BND,1,72.02629089355469
2026-05-28,GLD,596,412.7699890136719
2026-05-28,BND,1,72.16389465332031
2026-05-29,GLD,596,417.1199951171875
2026-05-29,BND,1,72.20321655273438
2026-06-01,GLD,596,411.260009765625
2026-06-01,BND,1,72.1706771850586
2026-06-02,GLD,577,411.95001220703125
2026-06-02,BND,72,72.19039154052734
2026-06-02,SPY,3,755.7415771484375
2026-06-03,GLD,577,407.8699951171875
2026-06-03,BND,72,72.05232238769531
2026-06-03,SPY,3,750.4384155273438
2026-06-04,GLD,577,411.2699890136719
2026-06-04,BND,72,72.15094757080078
2026-06-04,SPY,3,753.2740478515625
2026-06-05,GLD,577,396.239990234375
2026-06-05,BND,72,71.82549285888672
2026-06-05,SPY,3,733.83251953125
2026-06-08,GLD,577,397.2699890136719
2026-06-08,BND,72,71.8057632446289
2026-06-08,SPY,3,735.4940795898438
2026-06-09,GLD,577,390.7799987792969
2026-06-09,BND,72,71.96356964111328
2026-06-09,SPY,3,733.3350830078125
2026-06-10,GLD,577,374.5799865722656
2026-06-10,BND,72,71.9043960571289
2026-06-10,SPY,3,721.7736206054688
2026-06-11,GLD,577,386.32000732421875
2026-06-11,BND,72,72.318603515625
2026-06-11,SPY,3,734.04150390625
2026-06-12,GLD,577,386.5400085449219
2026-06-12,BND,72,72.22984313964844
2026-06-12,SPY,3,738.0113525390625
2026-06-15,GLD,577,396.54998779296875
2026-06-15,BND,72,72.28901672363281
2026-06-15,SPY,3,751.0254516601562
2026-06-16,GLD,577,397.6300048828125
2026-06-16,BND,72,72.39749908447266
2026-06-16,SPY,3,746.5481567382812
2026-06-17,GLD,577,388.6000061035156
2026-06-17,BND,72,72.13121795654297
2026-06-17,SPY,3,737.225341796875
2026-06-18,GLD,577,387.1199951171875
2026-06-18,BND,72,72.3284683227539
2026-06-18,SPY,3,744.8902587890625
2026-06-22,GLD,577,384.5899963378906
2026-06-22,BND,72,72.13121795654297
2026-06-22,SPY,3,742.546142578125
2026-06-23,GLD,577,377.32000732421875
2026-06-23,BND,72,72.21011352539062
2026-06-23,SPY,3,731.7628784179688
2026-06-24,GLD,577,365.9200134277344
2026-06-24,BND,72,72.53556823730469
2026-06-24,SPY,3,731.4237060546875
2026-06-25,GLD,577,369.4599914550781
2026-06-25,BND,72,72.58486938476562
2026-06-25,SPY,3,732.4810791015625
2026-06-26,GLD,577,373.6300048828125
2026-06-26,BND,72,72.65391540527344
2026-06-26,SPY,3,727.1842651367188
2026-06-29,GLD,577,368.5799865722656
2026-06-29,BND,72,72.69335174560547
2026-06-29,SPY,3,739.1644897460938
2026-06-30,GLD,577,368.3800048828125
2026-06-30,BND,72,72.39749908447266
2026-06-30,SPY,3,744.9202270507812
2026-07-01,GLD,577,370.6000061035156
2026-07-01,BND,72,72.29261016845703
2026-07-01,SPY,3,743.9127197265625
2026-07-02,BND,3121,72.34208679199219
2026-07-06,BND,3121,72.37176513671875
2026-07-07,BND,3121,72.0848159790039
2026-07-08,BND,3121,71.93638610839844
2026-07-09,BND,3121,72.06502532958984
2026-07-10,BND,3121,72.00565338134766
2026-07-13,BND,3121,71.73849487304688
2026-07-14,BND,3121,71.93638610839844
2026-07-15,BND,3121,72.05513763427734
2026-07-16,BND,3121,72.04522705078125
2026-07-17,BND,3121,72.0947036743164
2026-07-20,BND,3121,71.9166030883789
2026-07-21,BND,3121,71.7582778930664
2026-07-22,BND,3121,71.63954162597656
2026-07-23,BND,3121,71.4911117553711
2026-07-24,BND,3121,71.55048370361328
2026-07-27,BND,3121,71.69891357421875
2026-07-28,BND,3121,71.87701416015625
2026-07-29,BND,3121,71.6197509765625
2026-07-30,BND,3121,71.6593246459961
2026-07-31,BND,3121,71.4713363647461
2026-08-03,BND,3121,71.6421127319336
2026-08-04,BND,2537,71.9300765991211
2026-08-04,SPY,55,769.4193725585938
2026-08-05,BND,2537,71.94993591308594
2026-08-05,SPY,55,767.8831787109375
2026-08-06,BND,2537,71.74140930175781
2026-08-06,SPY,55,766.65625
2026-08-07,BND,2537,71.8903579711914
2026-08-07,SPY,55,771.3446044921875
2026-08-10,BND,2537,71.6421127319336
2026-08-10,SPY,55,771.1151733398438
2026-08-11,BND,2537,71.70169830322266
2026-08-11,SPY,55,768.6513061523438
2026-08-12,BND,2537,71.77120208740234
2026-08-12,SPY,55,770.5764770507812
2026-08-13,BND,2537,71.96979522705078
2026-08-13,SPY,55,775.9531860351562
2026-08-14,BND,2537,71.80098724365234
2026-08-14,SPY,55,774.4169921875
2026-08-17,BND,2537,71.65205383300781
2026-08-17,SPY,55,770.7560424804688
2026-08-18,BND,2537,71.71162414550781
2026-08-18,SPY,55,765.5490112304688
2026-08-19,BND,2537,72.04922485351562
2026-08-19,SPY,55,767.1549682617188
2026-08-20,BND,2537,71.83077239990234
2026-08-20,SPY,55,760.7109985351562
2026-08-21,BND,2537,71.7215576171875
2026-08-21,SPY,55,763.8232421875
2026-08-24,BND,2537,71.86056518554688
2026-08-24,SPY,55,761.5787963867188
2026-08-25,BND,2537,72.15845489501953
2026-08-25,SPY,55,764.0127563476562
2026-08-26,BND,2537,72.069091796875
2026-08-26,SPY,55,764.182373046875
2026-08-27,BND,2537,72.02937316894531
2026-08-27,SPY,55,769.18994140625
2026-08-28,BND,2537,71.80098724365234
2026-08-28,SPY,55,767.4442749023438
2026-08-31,BND,2537,71.73148345947266
2026-08-31,SPY,55,765.1499633789062
2026-09-01,BND,2537,71.5351791381836
2026-09-01,SPY,55,759.89306640625
2026-09-02,BND,367,71.57504272460938
2026-09-02,SPY,49,763.2646484375
2026-09-02,GLD,400,402.7799987792969
2026-09-03,BND,367,71.6746826171875
2026-09-03,SPY,49,771.2548217773438
2026-09-03,GLD,400,410.2200012207031
2026-09-04,BND,367,71.69461059570312
2026-09-04,SPY,49,768.2822265625
2026-09-04,GLD,400,406.7699890136719
2026-09-08,BND,367,71.63482666015625
2026-09-08,SPY,49,764.0626831054688
2026-09-08,GLD,400,399.7200012207031
2026-09-09,BND,367,71.47539520263672
2026-09-09,SPY,49,760.5115356445312
2026-09-09,GLD,400,403.3500061035156
2026-09-10,BND,367,71.01702117919922
2026-09-10,SPY,49,755.9528198242188
2026-09-10,GLD,400,396.3599853515625
2026-09-11,BND,367,70.96720123291016
2026-09-11,SPY,49,762.3967895507812
2026-09-11,GLD,400,398.7699890136719
2026-09-14,BND,367,70.9173812866211
2026-09-14,SPY,49,758.9952392578125
2026-09-14,GLD,400,392.8399963378906
2026-09-15,BND,367,70.89745330810547
2026-09-15,SPY,49,755.513916015625
2026-09-15,GLD,400,394.1499938964844
2026-09-16,BND,367,70.85759735107422
2026-09-16,SPY,49,752.1821899414062
2026-09-16,GLD,400,391.739990234375
2026-09-17,BND,367,71.21631622314453
2026-09-17,SPY,49,760.7109985351562
2026-09-17,GLD,400,398.3599853515625
2026-09-18,BND,367,70.94727325439453
2026-09-18,SPY,49,761.6900024414062
2026-09-18,GLD,400,401.1700134277344
2026-09-21,BND,367,71.14656829833984
2026-09-21,SPY,49,773.5
2026-09-21,GLD,400,398.3800048828125
2026-09-22,BND,367,71.15653228759766
2026-09-22,SPY,49,773.3800048828125
2026-09-22,GLD,400,400.07000732421875
2026-09-23,BND,367,70.55865478515625
2026-09-23,SPY,49,767.8099975585938
2026-09-23,GLD,400,392.8800048828125
2026-09-24,BND,367,70.19993591308594
2026-09-24,SPY,49,767.1799926757812
2026-09-24,GLD,400,391.69000244140625
2026-09-25,BND,367,70.3792953491211
2026-09-25,SPY,49,771.3499755859375
2026-09-25,GLD,400,393.4100036621094
2026-09-28,BND,367,70.0305404663086
2026-09-28,SPY,49,765.6099853515625
2026-09-28,GLD,400,377.9100036621094
2026-09-29,BND,367,69.98072052001953
2026-09-29,SPY,49,764.2000122070312
2026-09-29,GLD,400,382.8900146484375
2026-09-30,BND,367,69.9010009765625
2026-09-30,SPY,49,762.6300048828125
2026-09-30,GLD,400,380.8399963378906
2026-10-01,BND,367,70.08999633789062
2026-10-01,SPY,49,763.989990234375
2026-10-01,GLD,400,382.760009765625
2026-10-02,BND,223,69.94000244140625
2026-10-02,SPY,49,769.6400146484375
2026-10-02,GLD,426,380.1400146484375
2026-10-05,BND,223,69.87999725341797
2026-10-05,SPY,49,774.8300170898438
2026-10-05,GLD,426,379.54998779296875
